file,line,operator,before,after,mutant_id,paper_category
org/apache/commons/lang3/AnnotationUtils.java,103,RelationalOperatorReplacement,for (int i = 0; i < a1.length; i++) {,for (int i = 0; i <= a1.length; i++) {,25,
org/apache/commons/lang3/AnnotationUtils.java,334,RelationalOperatorReplacement,if (m.getParameterTypes().length > 0) {,if (m.getParameterTypes().length >= 0) {,35,
org/apache/commons/lang3/AppendableJoiner.java,187,RelationalOperatorReplacement,if (elements.length > 0) {,if (elements.length >= 0) {,85,
org/apache/commons/lang3/AppendableJoiner.java,190,RelationalOperatorReplacement,for (int i = 1; i < elements.length; i++) {,for (int i = 1; i <= elements.length; i++) {,86,
org/apache/commons/lang3/ArrayFill.java,41,NullifyReturnValue,return a;,return null;,137,
org/apache/commons/lang3/ArrayFill.java,56,NullifyReturnValue,return a;,return null;,138,
org/apache/commons/lang3/ArrayFill.java,71,NullifyReturnValue,return a;,return null;,139,
org/apache/commons/lang3/ArrayFill.java,86,NullifyReturnValue,return a;,return null;,140,
org/apache/commons/lang3/ArrayFill.java,101,NullifyReturnValue,return a;,return null;,141,
org/apache/commons/lang3/ArrayFill.java,116,NullifyReturnValue,return a;,return null;,142,
org/apache/commons/lang3/ArrayFill.java,131,NullifyReturnValue,return a;,return null;,143,
org/apache/commons/lang3/ArraySorter.java,41,NullifyReturnValue,return array;,return null;,169,
org/apache/commons/lang3/ArraySorter.java,55,NullifyReturnValue,return array;,return null;,170,
org/apache/commons/lang3/ArraySorter.java,69,NullifyReturnValue,return array;,return null;,171,
org/apache/commons/lang3/ArraySorter.java,83,NullifyReturnValue,return array;,return null;,172,
org/apache/commons/lang3/ArraySorter.java,97,NullifyReturnValue,return array;,return null;,173,
org/apache/commons/lang3/ArraySorter.java,111,NullifyReturnValue,return array;,return null;,174,
org/apache/commons/lang3/ArraySorter.java,125,NullifyReturnValue,return array;,return null;,175,
org/apache/commons/lang3/BooleanUtils.java,379,NullifyReturnValue,"return new boolean[] {false, true};",return null;,310,
org/apache/commons/lang3/CachedRandomBits.java,62,RelationalOperatorReplacement,if (cacheSize <= 0) {,if (cacheSize < 0) {,547,
org/apache/commons/lang3/CachedRandomBits.java,78,RelationalOperatorReplacement,if (bits > 32 || bits <= 0) {,if (bits >= 32 || bits <= 0) {,548,
org/apache/commons/lang3/CachedRandomBits.java,78,RelationalOperatorReplacement,if (bits > 32 || bits <= 0) {,if (bits > 32 || bits < 0) {,549,
org/apache/commons/lang3/CachedRandomBits.java,83,RelationalOperatorReplacement,while (generatedBits < bits) {,while (generatedBits <= bits) {,550,
org/apache/commons/lang3/CachedRandomBits.java,84,RelationalOperatorReplacement,if (bitIndex >> 3 >= cache.length) {,if (bitIndex >> 3 > cache.length) {,551,
org/apache/commons/lang3/CharRange.java,113,RelationalOperatorReplacement,} else if (current < range.end) {,} else if (current <= range.end) {,602,
org/apache/commons/lang3/CharRange.java,227,RelationalOperatorReplacement,if (start > end) {,if (start >= end) {,603,
org/apache/commons/lang3/CharRange.java,246,RelationalOperatorReplacement,return (ch >= start && ch <= end) != negated;,return (ch > start && ch <= end) != negated;,604,
org/apache/commons/lang3/CharRange.java,246,RelationalOperatorReplacement,return (ch >= start && ch <= end) != negated;,return (ch >= start && ch < end) != negated;,605,
org/apache/commons/lang3/CharRange.java,261,RelationalOperatorReplacement,return start >= range.start && end <= range.end;,return start > range.start && end <= range.end;,607,
org/apache/commons/lang3/CharRange.java,261,RelationalOperatorReplacement,return start >= range.start && end <= range.end;,return start >= range.start && end < range.end;,608,
org/apache/commons/lang3/CharRange.java,263,RelationalOperatorReplacement,return range.end < start || range.start > end;,return range.end <= start || range.start > end;,609,
org/apache/commons/lang3/CharRange.java,263,RelationalOperatorReplacement,return range.end < start || range.start > end;,return range.end < start || range.start >= end;,610,
org/apache/commons/lang3/CharRange.java,268,RelationalOperatorReplacement,return start <= range.start && end >= range.end;,return start < range.start && end >= range.end;,613,
org/apache/commons/lang3/CharRange.java,268,RelationalOperatorReplacement,return start <= range.start && end >= range.end;,return start <= range.start && end > range.end;,614,
org/apache/commons/lang3/CharSequenceUtils.java,368,NullifyReturnValue,return ArrayUtils.EMPTY_CHAR_ARRAY;,return null;,685,
org/apache/commons/lang3/CharSequenceUtils.java,371,NullifyReturnValue,return ((String) source).toCharArray();,return null;,686,
org/apache/commons/lang3/CharSequenceUtils.java,377,NullifyReturnValue,return array;,return null;,687,
org/apache/commons/lang3/CharSequenceUtils.java,33,RelationalOperatorReplacement,"for (int i = 1, j = len2 - 1; i <= j; i++, j--) {","for (int i = 1, j = len2 - 1; i < j; i++, j--) {",688,
org/apache/commons/lang3/CharSequenceUtils.java,117,RelationalOperatorReplacement,if (start < 0) {,if (start <= 0) {,691,
org/apache/commons/lang3/CharSequenceUtils.java,120,RelationalOperatorReplacement,if (searchChar < Character.MIN_SUPPLEMENTARY_CODE_POINT) {,if (searchChar <= Character.MIN_SUPPLEMENTARY_CODE_POINT) {,692,
org/apache/commons/lang3/CharSequenceUtils.java,121,RelationalOperatorReplacement,for (int i = start; i < sz; i++) {,for (int i = start; i <= sz; i++) {,693,
org/apache/commons/lang3/CharSequenceUtils.java,129,RelationalOperatorReplacement,if (searchChar <= Character.MAX_CODE_POINT) {,if (searchChar < Character.MAX_CODE_POINT) {,695,
org/apache/commons/lang3/CharSequenceUtils.java,131,RelationalOperatorReplacement,for (int i = start; i < sz - 1; i++) {,for (int i = start; i <= sz - 1; i++) {,696,
org/apache/commons/lang3/CharSequenceUtils.java,169,RelationalOperatorReplacement,if (start > len1) {,if (start >= len1) {,701,
org/apache/commons/lang3/CharSequenceUtils.java,173,RelationalOperatorReplacement,if (start < 0 || len2 > len1) {,if (start <= 0 || len2 > len1) {,702,
org/apache/commons/lang3/CharSequenceUtils.java,173,RelationalOperatorReplacement,if (start < 0 || len2 > len1) {,if (start < 0 || len2 >= len1) {,703,
org/apache/commons/lang3/CharSequenceUtils.java,181,RelationalOperatorReplacement,if (len2 <= TO_STRING_LIMIT) {,if (len2 < TO_STRING_LIMIT) {,705,
org/apache/commons/lang3/CharSequenceUtils.java,193,RelationalOperatorReplacement,if (start + len2 > len1) {,if (start + len2 >= len1) {,706,
org/apache/commons/lang3/CharSequenceUtils.java,203,RelationalOperatorReplacement,if (i < 0) {,if (i <= 0) {,708,
org/apache/commons/lang3/CharSequenceUtils.java,211,RelationalOperatorReplacement,if (i < 0) {,if (i <= 0) {,709,
org/apache/commons/lang3/CharSequenceUtils.java,250,RelationalOperatorReplacement,if (start < 0) {,if (start <= 0) {,710,
org/apache/commons/lang3/CharSequenceUtils.java,253,RelationalOperatorReplacement,if (start >= sz) {,if (start > sz) {,711,
org/apache/commons/lang3/CharSequenceUtils.java,256,RelationalOperatorReplacement,if (searchChar < Character.MIN_SUPPLEMENTARY_CODE_POINT) {,if (searchChar <= Character.MIN_SUPPLEMENTARY_CODE_POINT) {,712,
org/apache/commons/lang3/CharSequenceUtils.java,257,RelationalOperatorReplacement,for (int i = start; i >= 0; --i) {,for (int i = start; i > 0; --i) {,713,
org/apache/commons/lang3/CharSequenceUtils.java,266,RelationalOperatorReplacement,if (searchChar <= Character.MAX_CODE_POINT) {,if (searchChar < Character.MAX_CODE_POINT) {,715,
org/apache/commons/lang3/CharSequenceUtils.java,272,RelationalOperatorReplacement,for (int i = start; i >= 0; i--) {,for (int i = start; i > 0; i--) {,717,
org/apache/commons/lang3/CharSequenceUtils.java,308,RelationalOperatorReplacement,if (thisStart < 0 || start < 0 || length < 0) {,if (thisStart <= 0 || start < 0 || length < 0) {,720,
org/apache/commons/lang3/CharSequenceUtils.java,308,RelationalOperatorReplacement,if (thisStart < 0 || start < 0 || length < 0) {,if (thisStart < 0 || start <= 0 || length < 0) {,721,
org/apache/commons/lang3/CharSequenceUtils.java,308,RelationalOperatorReplacement,if (thisStart < 0 || start < 0 || length < 0) {,if (thisStart < 0 || start < 0 || length <= 0) {,722,
org/apache/commons/lang3/CharSequenceUtils.java,313,RelationalOperatorReplacement,if (srcLen < length || otherLen < length) {,if (srcLen <= length || otherLen < length) {,723,
org/apache/commons/lang3/CharSequenceUtils.java,313,RelationalOperatorReplacement,if (srcLen < length || otherLen < length) {,if (srcLen < length || otherLen <= length) {,724,
org/apache/commons/lang3/CharSequenceUtils.java,317,RelationalOperatorReplacement,while (tmpLen-- > 0) {,while (tmpLen-- >= 0) {,725,
org/apache/commons/lang3/CharSequenceUtils.java,374,RelationalOperatorReplacement,for (int i = 0; i < len; i++) {,for (int i = 0; i <= len; i++) {,731,
org/apache/commons/lang3/CharSet.java,191,RelationalOperatorReplacement,while (pos < len) {,while (pos <= len) {,783,
org/apache/commons/lang3/CharSet.java,193,RelationalOperatorReplacement,if (remainder >= 4 && str.charAt(pos) == '^' && str.charAt(pos + 2) == '-') {,if (remainder > 4 && str.charAt(pos) == '^' && str.charAt(pos + 2) == '-') {,784,
org/apache/commons/lang3/CharSet.java,197,RelationalOperatorReplacement,} else if (remainder >= 3 && str.charAt(pos + 1) == '-') {,} else if (remainder > 3 && str.charAt(pos + 1) == '-') {,787,
org/apache/commons/lang3/CharSet.java,201,RelationalOperatorReplacement,} else if (remainder >= 2 && str.charAt(pos) == '^') {,} else if (remainder > 2 && str.charAt(pos) == '^') {,789,
org/apache/commons/lang3/CharSetUtils.java,214,RelationalOperatorReplacement,for (int i = 1; i < sz; i++) {,for (int i = 1; i <= sz; i++) {,827,
org/apache/commons/lang3/CharUtils.java,96,RelationalOperatorReplacement,return ch < 128;,return ch <= 128;,873,
org/apache/commons/lang3/CharUtils.java,134,RelationalOperatorReplacement,return ch >= 'a' && ch <= 'z';,return ch > 'a' && ch <= 'z';,874,
org/apache/commons/lang3/CharUtils.java,134,RelationalOperatorReplacement,return ch >= 'a' && ch <= 'z';,return ch >= 'a' && ch < 'z';,875,
org/apache/commons/lang3/CharUtils.java,172,RelationalOperatorReplacement,return ch >= 'A' && ch <= 'Z';,return ch > 'A' && ch <= 'Z';,876,
org/apache/commons/lang3/CharUtils.java,172,RelationalOperatorReplacement,return ch >= 'A' && ch <= 'Z';,return ch >= 'A' && ch < 'Z';,877,
org/apache/commons/lang3/CharUtils.java,191,RelationalOperatorReplacement,return ch < 32 || ch == 127;,return ch <= 32 || ch == 127;,878,
org/apache/commons/lang3/CharUtils.java,210,RelationalOperatorReplacement,return ch >= '0' && ch <= '9';,return ch > '0' && ch <= '9';,880,
org/apache/commons/lang3/CharUtils.java,210,RelationalOperatorReplacement,return ch >= '0' && ch <= '9';,return ch >= '0' && ch < '9';,881,
org/apache/commons/lang3/CharUtils.java,229,RelationalOperatorReplacement,return ch >= 32 && ch < 127;,return ch > 32 && ch < 127;,882,
org/apache/commons/lang3/CharUtils.java,229,RelationalOperatorReplacement,return ch >= 32 && ch < 127;,return ch >= 32 && ch <= 127;,883,
org/apache/commons/lang3/CharUtils.java,436,RelationalOperatorReplacement,if (ch < CHAR_STRING_ARRAY.length) {,if (ch <= CHAR_STRING_ARRAY.length) {,886,
org/apache/commons/lang3/ClassUtils.java,304,RelationalOperatorReplacement,if (lengthHint <= 0) {,if (lengthHint < 0) {,1156,
org/apache/commons/lang3/ClassUtils.java,310,RelationalOperatorReplacement,if (className.length() <= lengthHint) {,if (className.length() < lengthHint) {,1158,
org/apache/commons/lang3/ClassUtils.java,316,RelationalOperatorReplacement,while (source < abbreviated.length) {,while (source <= abbreviated.length) {,1159,
org/apache/commons/lang3/ClassUtils.java,319,RelationalOperatorReplacement,while (source < abbreviated.length && abbreviated[source] != '.') {,while (source <= abbreviated.length && abbreviated[source] != '.') {,1160,
org/apache/commons/lang3/ClassUtils.java,324,RelationalOperatorReplacement,"if (useFull(runAheadTarget, source, abbreviated.length, lengthHint) || target > runAheadTarget) {","if (useFull(runAheadTarget, source, abbreviated.length, lengthHint) || target >= runAheadTarget) {",1162,
org/apache/commons/lang3/ClassUtils.java,329,RelationalOperatorReplacement,if (source < abbreviated.length) {,if (source <= abbreviated.length) {,1163,
org/apache/commons/lang3/ClassUtils.java,487,RelationalOperatorReplacement,if (dim < 1) {,if (dim <= 1) {,1173,
org/apache/commons/lang3/ClassUtils.java,496,RelationalOperatorReplacement,for (int i = 0; i < dim; i++) {,for (int i = 0; i <= dim; i++) {,1174,
org/apache/commons/lang3/ClassUtils.java,1399,RelationalOperatorReplacement,for (int i = 0; i < classArray.length; i++) {,for (int i = 0; i <= classArray.length; i++) {,1206,
org/apache/commons/lang3/ClassUtils.java,1570,RelationalOperatorReplacement,return source >= originalLength || runAheadTarget + originalLength - source <= desiredLength;,return source > originalLength || runAheadTarget + originalLength - source <= desiredLength;,1217,
org/apache/commons/lang3/ClassUtils.java,1570,RelationalOperatorReplacement,return source >= originalLength || runAheadTarget + originalLength - source <= desiredLength;,return source >= originalLength || runAheadTarget + originalLength - source < desiredLength;,1218,
org/apache/commons/lang3/Conversion.java,540,NullifyReturnValue,return dst;,return null;,1713,
org/apache/commons/lang3/Conversion.java,549,NullifyReturnValue,return dst;,return null;,1714,
org/apache/commons/lang3/Conversion.java,604,NullifyReturnValue,return FFFF.clone();,return null;,1717,
org/apache/commons/lang3/Conversion.java,606,NullifyReturnValue,return FFFT.clone();,return null;,1718,
org/apache/commons/lang3/Conversion.java,608,NullifyReturnValue,return FFTF.clone();,return null;,1719,
org/apache/commons/lang3/Conversion.java,610,NullifyReturnValue,return FFTT.clone();,return null;,1720,
org/apache/commons/lang3/Conversion.java,612,NullifyReturnValue,return FTFF.clone();,return null;,1721,
org/apache/commons/lang3/Conversion.java,614,NullifyReturnValue,return FTFT.clone();,return null;,1722,
org/apache/commons/lang3/Conversion.java,616,NullifyReturnValue,return FTTF.clone();,return null;,1723,
org/apache/commons/lang3/Conversion.java,618,NullifyReturnValue,return FTTT.clone();,return null;,1724,
org/apache/commons/lang3/Conversion.java,620,NullifyReturnValue,return TFFF.clone();,return null;,1725,
org/apache/commons/lang3/Conversion.java,622,NullifyReturnValue,return TFFT.clone();,return null;,1726,
org/apache/commons/lang3/Conversion.java,625,NullifyReturnValue,return TFTF.clone();,return null;,1727,
org/apache/commons/lang3/Conversion.java,628,NullifyReturnValue,return TFTT.clone();,return null;,1728,
org/apache/commons/lang3/Conversion.java,631,NullifyReturnValue,return TTFF.clone();,return null;,1729,
org/apache/commons/lang3/Conversion.java,634,NullifyReturnValue,return TTFT.clone();,return null;,1730,
org/apache/commons/lang3/Conversion.java,637,NullifyReturnValue,return TTTF.clone();,return null;,1731,
org/apache/commons/lang3/Conversion.java,640,NullifyReturnValue,return TTTT.clone();,return null;,1732,
org/apache/commons/lang3/Conversion.java,717,NullifyReturnValue,return FFFF.clone();,return null;,1733,
org/apache/commons/lang3/Conversion.java,719,NullifyReturnValue,return TFFF.clone();,return null;,1734,
org/apache/commons/lang3/Conversion.java,721,NullifyReturnValue,return FTFF.clone();,return null;,1735,
org/apache/commons/lang3/Conversion.java,723,NullifyReturnValue,return TTFF.clone();,return null;,1736,
org/apache/commons/lang3/Conversion.java,725,NullifyReturnValue,return FFTF.clone();,return null;,1737,
org/apache/commons/lang3/Conversion.java,727,NullifyReturnValue,return TFTF.clone();,return null;,1738,
org/apache/commons/lang3/Conversion.java,729,NullifyReturnValue,return FTTF.clone();,return null;,1739,
org/apache/commons/lang3/Conversion.java,731,NullifyReturnValue,return TTTF.clone();,return null;,1740,
org/apache/commons/lang3/Conversion.java,733,NullifyReturnValue,return FFFT.clone();,return null;,1741,
org/apache/commons/lang3/Conversion.java,735,NullifyReturnValue,return TFFT.clone();,return null;,1742,
org/apache/commons/lang3/Conversion.java,738,NullifyReturnValue,return FTFT.clone();,return null;,1743,
org/apache/commons/lang3/Conversion.java,741,NullifyReturnValue,return TTFT.clone();,return null;,1744,
org/apache/commons/lang3/Conversion.java,744,NullifyReturnValue,return FFTT.clone();,return null;,1745,
org/apache/commons/lang3/Conversion.java,747,NullifyReturnValue,return TFTT.clone();,return null;,1746,
org/apache/commons/lang3/Conversion.java,750,NullifyReturnValue,return FTTT.clone();,return null;,1747,
org/apache/commons/lang3/Conversion.java,753,NullifyReturnValue,return TTTT.clone();,return null;,1748,
org/apache/commons/lang3/Conversion.java,952,NullifyReturnValue,return dst;,return null;,1749,
org/apache/commons/lang3/Conversion.java,961,NullifyReturnValue,return dst;,return null;,1750,
org/apache/commons/lang3/Conversion.java,982,NullifyReturnValue,return dst;,return null;,1751,
org/apache/commons/lang3/Conversion.java,991,NullifyReturnValue,return dst;,return null;,1752,
org/apache/commons/lang3/Conversion.java,1130,NullifyReturnValue,return dst;,return null;,1755,
org/apache/commons/lang3/Conversion.java,1139,NullifyReturnValue,return dst;,return null;,1756,
org/apache/commons/lang3/Conversion.java,1160,NullifyReturnValue,return dst;,return null;,1757,
org/apache/commons/lang3/Conversion.java,1169,NullifyReturnValue,return dst;,return null;,1758,
org/apache/commons/lang3/Conversion.java,1190,NullifyReturnValue,return dst;,return null;,1759,
org/apache/commons/lang3/Conversion.java,1199,NullifyReturnValue,return dst;,return null;,1760,
org/apache/commons/lang3/Conversion.java,1257,NullifyReturnValue,return dst;,return null;,1763,
org/apache/commons/lang3/Conversion.java,1266,NullifyReturnValue,return dst;,return null;,1764,
org/apache/commons/lang3/Conversion.java,1287,NullifyReturnValue,return dst;,return null;,1765,
org/apache/commons/lang3/Conversion.java,1296,NullifyReturnValue,return dst;,return null;,1766,
org/apache/commons/lang3/Conversion.java,1383,NullifyReturnValue,return dst;,return null;,1767,
org/apache/commons/lang3/Conversion.java,1393,NullifyReturnValue,return dst;,return null;,1768,
org/apache/commons/lang3/Conversion.java,1414,NullifyReturnValue,return dst;,return null;,1769,
org/apache/commons/lang3/Conversion.java,1423,NullifyReturnValue,return dst;,return null;,1770,
org/apache/commons/lang3/Conversion.java,1479,NullifyReturnValue,return dst;,return null;,1773,
org/apache/commons/lang3/Conversion.java,1488,NullifyReturnValue,return dst;,return null;,1774,
org/apache/commons/lang3/Conversion.java,116,RelationalOperatorReplacement,"if (Integer.compareUnsigned(srcPos, src.length) >= 0) {","if (Integer.compareUnsigned(srcPos, src.length) > 0) {",1775,
org/apache/commons/lang3/Conversion.java,125,RelationalOperatorReplacement,if (3 <= pos && src[pos - 3]) {,if (3 < pos && src[pos - 3]) {,1777,
org/apache/commons/lang3/Conversion.java,137,RelationalOperatorReplacement,if (2 <= pos && src[pos - 2]) {,if (2 < pos && src[pos - 2]) {,1778,
org/apache/commons/lang3/Conversion.java,143,RelationalOperatorReplacement,if (1 <= pos && src[pos - 1]) {,if (1 < pos && src[pos - 1]) {,1779,
org/apache/commons/lang3/Conversion.java,169,RelationalOperatorReplacement,if (nBools - 1 + dstPos >= 8) {,if (nBools - 1 + dstPos > 8) {,1783,
org/apache/commons/lang3/Conversion.java,173,RelationalOperatorReplacement,for (int i = 0; i < nBools; i++) {,for (int i = 0; i <= nBools; i++) {,1784,
org/apache/commons/lang3/Conversion.java,217,RelationalOperatorReplacement,if (src.length > srcPos + 3 && src[srcPos + 3]) {,if (src.length >= srcPos + 3 && src[srcPos + 3]) {,1786,
org/apache/commons/lang3/Conversion.java,229,RelationalOperatorReplacement,if (src.length > srcPos + 2 && src[srcPos + 2]) {,if (src.length >= srcPos + 2 && src[srcPos + 2]) {,1787,
org/apache/commons/lang3/Conversion.java,235,RelationalOperatorReplacement,if (src.length > srcPos + 1 && src[srcPos + 1]) {,if (src.length >= srcPos + 1 && src[srcPos + 1]) {,1788,
org/apache/commons/lang3/Conversion.java,276,RelationalOperatorReplacement,if (src.length > 8) {,if (src.length >= 8) {,1789,
org/apache/commons/lang3/Conversion.java,279,RelationalOperatorReplacement,if (src.length - srcPos < 4) {,if (src.length - srcPos <= 4) {,1790,
org/apache/commons/lang3/Conversion.java,326,RelationalOperatorReplacement,if (nBools - 1 + dstPos >= 32) {,if (nBools - 1 + dstPos > 32) {,1794,
org/apache/commons/lang3/Conversion.java,330,RelationalOperatorReplacement,for (int i = 0; i < nBools; i++) {,for (int i = 0; i <= nBools; i++) {,1795,
org/apache/commons/lang3/Conversion.java,359,RelationalOperatorReplacement,if (nBools - 1 + dstPos >= 64) {,if (nBools - 1 + dstPos > 64) {,1799,
org/apache/commons/lang3/Conversion.java,363,RelationalOperatorReplacement,for (int i = 0; i < nBools; i++) {,for (int i = 0; i <= nBools; i++) {,1800,
org/apache/commons/lang3/Conversion.java,392,RelationalOperatorReplacement,if (nBools - 1 + dstPos >= 16) {,if (nBools - 1 + dstPos > 16) {,1804,
org/apache/commons/lang3/Conversion.java,396,RelationalOperatorReplacement,for (int i = 0; i < nBools; i++) {,for (int i = 0; i <= nBools; i++) {,1805,
org/apache/commons/lang3/Conversion.java,425,RelationalOperatorReplacement,if ((nBytes - 1) * 8 + dstPos >= 32) {,if ((nBytes - 1) * 8 + dstPos > 32) {,1809,
org/apache/commons/lang3/Conversion.java,429,RelationalOperatorReplacement,for (int i = 0; i < nBytes; i++) {,for (int i = 0; i <= nBytes; i++) {,1810,
org/apache/commons/lang3/Conversion.java,458,RelationalOperatorReplacement,if ((nBytes - 1) * 8 + dstPos >= 64) {,if ((nBytes - 1) * 8 + dstPos > 64) {,1814,
org/apache/commons/lang3/Conversion.java,462,RelationalOperatorReplacement,for (int i = 0; i < nBytes; i++) {,for (int i = 0; i <= nBytes; i++) {,1815,
org/apache/commons/lang3/Conversion.java,491,RelationalOperatorReplacement,if ((nBytes - 1) * 8 + dstPos >= 16) {,if ((nBytes - 1) * 8 + dstPos > 16) {,1819,
org/apache/commons/lang3/Conversion.java,495,RelationalOperatorReplacement,for (int i = 0; i < nBytes; i++) {,for (int i = 0; i <= nBytes; i++) {,1820,
org/apache/commons/lang3/Conversion.java,516,RelationalOperatorReplacement,if (src.length - srcPos < 16) {,if (src.length - srcPos <= 16) {,1821,
org/apache/commons/lang3/Conversion.java,542,RelationalOperatorReplacement,if (nBools - 1 + srcPos >= 8) {,if (nBools - 1 + srcPos > 8) {,1823,
org/apache/commons/lang3/Conversion.java,545,RelationalOperatorReplacement,for (int i = 0; i < nBools; i++) {,for (int i = 0; i <= nBools; i++) {,1824,
org/apache/commons/lang3/Conversion.java,571,RelationalOperatorReplacement,if ((nHexs - 1) * 4 + srcPos >= 8) {,if ((nHexs - 1) * 4 + srcPos > 8) {,1827,
org/apache/commons/lang3/Conversion.java,576,RelationalOperatorReplacement,for (int i = 0; i < nHexs; i++) {,for (int i = 0; i <= nHexs; i++) {,1828,
org/apache/commons/lang3/Conversion.java,772,RelationalOperatorReplacement,if (digit < 0) {,if (digit <= 0) {,1830,
org/apache/commons/lang3/Conversion.java,796,RelationalOperatorReplacement,if ((nHex - 1) * 4 + dstPos >= 8) {,if ((nHex - 1) * 4 + dstPos > 8) {,1832,
org/apache/commons/lang3/Conversion.java,800,RelationalOperatorReplacement,for (int i = 0; i < nHex; i++) {,for (int i = 0; i <= nHex; i++) {,1833,
org/apache/commons/lang3/Conversion.java,826,RelationalOperatorReplacement,if ((nHex - 1) * 4 + dstPos >= 32) {,if ((nHex - 1) * 4 + dstPos > 32) {,1835,
org/apache/commons/lang3/Conversion.java,830,RelationalOperatorReplacement,for (int i = 0; i < nHex; i++) {,for (int i = 0; i <= nHex; i++) {,1836,
org/apache/commons/lang3/Conversion.java,857,RelationalOperatorReplacement,if ((nHex - 1) * 4 + dstPos >= 64) {,if ((nHex - 1) * 4 + dstPos > 64) {,1838,
org/apache/commons/lang3/Conversion.java,861,RelationalOperatorReplacement,for (int i = 0; i < nHex; i++) {,for (int i = 0; i <= nHex; i++) {,1839,
org/apache/commons/lang3/Conversion.java,888,RelationalOperatorReplacement,if ((nHex - 1) * 4 + dstPos >= 16) {,if ((nHex - 1) * 4 + dstPos > 16) {,1841,
org/apache/commons/lang3/Conversion.java,892,RelationalOperatorReplacement,for (int i = 0; i < nHex; i++) {,for (int i = 0; i <= nHex; i++) {,1842,
org/apache/commons/lang3/Conversion.java,921,RelationalOperatorReplacement,if ((nInts - 1) * 32 + dstPos >= 64) {,if ((nInts - 1) * 32 + dstPos > 64) {,1846,
org/apache/commons/lang3/Conversion.java,925,RelationalOperatorReplacement,for (int i = 0; i < nInts; i++) {,for (int i = 0; i <= nInts; i++) {,1847,
org/apache/commons/lang3/Conversion.java,954,RelationalOperatorReplacement,if (nBools - 1 + srcPos >= 32) {,if (nBools - 1 + srcPos > 32) {,1849,
org/apache/commons/lang3/Conversion.java,957,RelationalOperatorReplacement,for (int i = 0; i < nBools; i++) {,for (int i = 0; i <= nBools; i++) {,1850,
org/apache/commons/lang3/Conversion.java,984,RelationalOperatorReplacement,if ((nBytes - 1) * 8 + srcPos >= 32) {,if ((nBytes - 1) * 8 + srcPos > 32) {,1853,
org/apache/commons/lang3/Conversion.java,987,RelationalOperatorReplacement,for (int i = 0; i < nBytes; i++) {,for (int i = 0; i <= nBytes; i++) {,1854,
org/apache/commons/lang3/Conversion.java,1013,RelationalOperatorReplacement,if ((nHexs - 1) * 4 + srcPos >= 32) {,if ((nHexs - 1) * 4 + srcPos > 32) {,1856,
org/apache/commons/lang3/Conversion.java,1018,RelationalOperatorReplacement,for (int i = 0; i < nHexs; i++) {,for (int i = 0; i <= nHexs; i++) {,1857,
org/apache/commons/lang3/Conversion.java,1132,RelationalOperatorReplacement,if ((nShorts - 1) * 16 + srcPos >= 32) {,if ((nShorts - 1) * 16 + srcPos > 32) {,1861,
org/apache/commons/lang3/Conversion.java,1135,RelationalOperatorReplacement,for (int i = 0; i < nShorts; i++) {,for (int i = 0; i <= nShorts; i++) {,1862,
org/apache/commons/lang3/Conversion.java,1162,RelationalOperatorReplacement,if (nBools - 1 + srcPos >= 64) {,if (nBools - 1 + srcPos > 64) {,1864,
org/apache/commons/lang3/Conversion.java,1165,RelationalOperatorReplacement,for (int i = 0; i < nBools; i++) {,for (int i = 0; i <= nBools; i++) {,1865,
org/apache/commons/lang3/Conversion.java,1192,RelationalOperatorReplacement,if ((nBytes - 1) * 8 + srcPos >= 64) {,if ((nBytes - 1) * 8 + srcPos > 64) {,1868,
org/apache/commons/lang3/Conversion.java,1195,RelationalOperatorReplacement,for (int i = 0; i < nBytes; i++) {,for (int i = 0; i <= nBytes; i++) {,1869,
org/apache/commons/lang3/Conversion.java,1221,RelationalOperatorReplacement,if ((nHexs - 1) * 4 + srcPos >= 64) {,if ((nHexs - 1) * 4 + srcPos > 64) {,1871,
org/apache/commons/lang3/Conversion.java,1226,RelationalOperatorReplacement,for (int i = 0; i < nHexs; i++) {,for (int i = 0; i <= nHexs; i++) {,1872,
org/apache/commons/lang3/Conversion.java,1259,RelationalOperatorReplacement,if ((nInts - 1) * 32 + srcPos >= 64) {,if ((nInts - 1) * 32 + srcPos > 64) {,1875,
org/apache/commons/lang3/Conversion.java,1262,RelationalOperatorReplacement,for (int i = 0; i < nInts; i++) {,for (int i = 0; i <= nInts; i++) {,1876,
org/apache/commons/lang3/Conversion.java,1289,RelationalOperatorReplacement,if ((nShorts - 1) * 16 + srcPos >= 64) {,if ((nShorts - 1) * 16 + srcPos > 64) {,1878,
org/apache/commons/lang3/Conversion.java,1292,RelationalOperatorReplacement,for (int i = 0; i < nShorts; i++) {,for (int i = 0; i <= nShorts; i++) {,1879,
org/apache/commons/lang3/Conversion.java,1319,RelationalOperatorReplacement,if ((nShorts - 1) * 16 + dstPos >= 32) {,if ((nShorts - 1) * 16 + dstPos > 32) {,1883,
org/apache/commons/lang3/Conversion.java,1323,RelationalOperatorReplacement,for (int i = 0; i < nShorts; i++) {,for (int i = 0; i <= nShorts; i++) {,1884,
org/apache/commons/lang3/Conversion.java,1352,RelationalOperatorReplacement,if ((nShorts - 1) * 16 + dstPos >= 64) {,if ((nShorts - 1) * 16 + dstPos > 64) {,1888,
org/apache/commons/lang3/Conversion.java,1356,RelationalOperatorReplacement,for (int i = 0; i < nShorts; i++) {,for (int i = 0; i <= nShorts; i++) {,1889,
org/apache/commons/lang3/Conversion.java,1385,RelationalOperatorReplacement,if (nBools - 1 + srcPos >= 16) {,if (nBools - 1 + srcPos > 16) {,1891,
org/apache/commons/lang3/Conversion.java,1388,RelationalOperatorReplacement,assert nBools - 1 < 16 - srcPos;,assert nBools - 1 <= 16 - srcPos;,1892,
org/apache/commons/lang3/Conversion.java,1389,RelationalOperatorReplacement,for (int i = 0; i < nBools; i++) {,for (int i = 0; i <= nBools; i++) {,1893,
org/apache/commons/lang3/Conversion.java,1416,RelationalOperatorReplacement,if ((nBytes - 1) * 8 + srcPos >= 16) {,if ((nBytes - 1) * 8 + srcPos > 16) {,1896,
org/apache/commons/lang3/Conversion.java,1419,RelationalOperatorReplacement,for (int i = 0; i < nBytes; i++) {,for (int i = 0; i <= nBytes; i++) {,1897,
org/apache/commons/lang3/Conversion.java,1445,RelationalOperatorReplacement,if ((nHexs - 1) * 4 + srcPos >= 16) {,if ((nHexs - 1) * 4 + srcPos > 16) {,1899,
org/apache/commons/lang3/Conversion.java,1450,RelationalOperatorReplacement,for (int i = 0; i < nHexs; i++) {,for (int i = 0; i <= nHexs; i++) {,1900,
org/apache/commons/lang3/Conversion.java,1481,RelationalOperatorReplacement,if (nBytes > 16) {,if (nBytes >= 16) {,1903,
org/apache/commons/lang3/Conversion.java,1485,RelationalOperatorReplacement,if (nBytes >= 8) {,if (nBytes > 8) {,1904,
org/apache/commons/lang3/EnumUtils.java,155,NullifyReturnValue,return result;,return null;,2045,
org/apache/commons/lang3/EnumUtils.java,184,NullifyReturnValue,return result;,return null;,2046,
org/apache/commons/lang3/EnumUtils.java,70,RelationalOperatorReplacement,"Validate.isTrue(constants.length <= Long.SIZE, CANNOT_STORE_S_S_VALUES_IN_S_BITS,","Validate.isTrue(constants.length < Long.SIZE, CANNOT_STORE_S_S_VALUES_IN_S_BITS,",2061,
org/apache/commons/lang3/EnumUtils.java,415,RelationalOperatorReplacement,if (block < lvalues.length && (lvalues[block] & 1L << constant.ordinal() % Long.SIZE) != 0) {,if (block <= lvalues.length && (lvalues[block] & 1L << constant.ordinal() % Long.SIZE) != 0) {,2068,
org/apache/commons/lang3/JavaVersion.java,253,RelationalOperatorReplacement,if (v - 1. < 1.) { // then we need to check decimals > .9,if (v - 1. <= 1.) { // then we need to check decimals > .9,2193,
org/apache/commons/lang3/JavaVersion.java,256,RelationalOperatorReplacement,"if (Float.parseFloat(versionStr.substring(firstComma + 1, end)) > .9f) {","if (Float.parseFloat(versionStr.substring(firstComma + 1, end)) >= .9f) {",2194,
org/apache/commons/lang3/JavaVersion.java,259,RelationalOperatorReplacement,} else if (v > 10) {,} else if (v >= 10) {,2195,
org/apache/commons/lang3/JavaVersion.java,286,RelationalOperatorReplacement,return v > 0 ? v : 99f;,return v >= 0 ? v : 99f;,2196,
org/apache/commons/lang3/JavaVersion.java,305,RelationalOperatorReplacement,if (toParse.length >= 2) {,if (toParse.length > 2) {,2197,
org/apache/commons/lang3/JavaVersion.java,342,RelationalOperatorReplacement,return this.value >= requiredVersion.value;,return this.value > requiredVersion.value;,2198,
org/apache/commons/lang3/JavaVersion.java,356,RelationalOperatorReplacement,return this.value <= requiredVersion.value;,return this.value < requiredVersion.value;,2199,
org/apache/commons/lang3/LocaleUtils.java,341,RelationalOperatorReplacement,if (len < 2) {,if (len <= 2) {,2289,
org/apache/commons/lang3/LocaleUtils.java,346,RelationalOperatorReplacement,if (len < 3) {,if (len <= 3) {,2292,
org/apache/commons/lang3/LocaleUtils.java,357,RelationalOperatorReplacement,if (len < 5) {,if (len <= 5) {,2294,
org/apache/commons/lang3/ObjectUtils.java,242,RelationalOperatorReplacement,while (length-- > 0) {,while (length-- >= 0) {,2397,
org/apache/commons/lang3/ObjectUtils.java,535,RelationalOperatorReplacement,if (v < Byte.MIN_VALUE || v > Byte.MAX_VALUE) {,if (v <= Byte.MIN_VALUE || v > Byte.MAX_VALUE) {,2402,
org/apache/commons/lang3/ObjectUtils.java,535,RelationalOperatorReplacement,if (v < Byte.MIN_VALUE || v > Byte.MAX_VALUE) {,if (v < Byte.MIN_VALUE || v >= Byte.MAX_VALUE) {,2403,
org/apache/commons/lang3/ObjectUtils.java,562,RelationalOperatorReplacement,if (v < Short.MIN_VALUE || v > Short.MAX_VALUE) {,if (v <= Short.MIN_VALUE || v > Short.MAX_VALUE) {,2404,
org/apache/commons/lang3/ObjectUtils.java,562,RelationalOperatorReplacement,if (v < Short.MIN_VALUE || v > Short.MAX_VALUE) {,if (v < Short.MIN_VALUE || v >= Short.MAX_VALUE) {,2405,
org/apache/commons/lang3/ObjectUtils.java,1074,RelationalOperatorReplacement,"if (compare(value, result, false) > 0) {","if (compare(value, result, false) >= 0) {",2416,
org/apache/commons/lang3/ObjectUtils.java,1141,RelationalOperatorReplacement,"if (compare(value, result, true) < 0) {","if (compare(value, result, true) <= 0) {",2418,
org/apache/commons/lang3/ObjectUtils.java,1175,RelationalOperatorReplacement,} else if (cmp > max) {,} else if (cmp >= max) {,2421,
org/apache/commons/lang3/RandomStringUtils.java,251,RelationalOperatorReplacement,if (count < 0) {,if (count <= 0) {,2620,
org/apache/commons/lang3/RandomStringUtils.java,267,RelationalOperatorReplacement,} else if (end <= start) {,} else if (end < start) {,2626,
org/apache/commons/lang3/RandomStringUtils.java,270,RelationalOperatorReplacement,} else if (start < 0 || end < 0) {,} else if (start <= 0 || end < 0) {,2627,
org/apache/commons/lang3/RandomStringUtils.java,270,RelationalOperatorReplacement,} else if (start < 0 || end < 0) {,} else if (start < 0 || end <= 0) {,2628,
org/apache/commons/lang3/RandomStringUtils.java,274,RelationalOperatorReplacement,if (end > Character.MAX_CODE_POINT) {,if (end >= Character.MAX_CODE_POINT) {,2629,
org/apache/commons/lang3/RandomStringUtils.java,285,RelationalOperatorReplacement,if (chars == null && letters && numbers && start <= '0' && end >= 'z' + 1) {,if (chars == null && letters && numbers && start < '0' && end >= 'z' + 1) {,2631,
org/apache/commons/lang3/RandomStringUtils.java,285,RelationalOperatorReplacement,if (chars == null && letters && numbers && start <= '0' && end >= 'z' + 1) {,if (chars == null && letters && numbers && start <= '0' && end > 'z' + 1) {,2632,
org/apache/commons/lang3/RandomStringUtils.java,313,RelationalOperatorReplacement,if (chars == null && (numbers && end <= zeroDigitAscii || letters && end <= firstLetterAscii)) {,if (chars == null && (numbers && end < zeroDigitAscii || letters && end <= firstLetterAscii)) {,2635,
org/apache/commons/lang3/RandomStringUtils.java,313,RelationalOperatorReplacement,if (chars == null && (numbers && end <= zeroDigitAscii || letters && end <= firstLetterAscii)) {,if (chars == null && (numbers && end <= zeroDigitAscii || letters && end < firstLetterAscii)) {,2636,
org/apache/commons/lang3/RandomStringUtils.java,333,RelationalOperatorReplacement,if (randomValue >= end) {,if (randomValue > end) {,2638,
org/apache/commons/lang3/RandomStringUtils.java,355,RelationalOperatorReplacement,if (count == 0 && numberOfChars > 1) {,if (count == 0 && numberOfChars >= 1) {,2641,
org/apache/commons/lang3/RandomUtils.java,128,NullifyReturnValue,return secure().randomBytes(count);,return null;,2753,
org/apache/commons/lang3/RandomUtils.java,323,NullifyReturnValue,return result;,return null;,2758,
org/apache/commons/lang3/RandomUtils.java,320,RelationalOperatorReplacement,"Validate.isTrue(count >= 0, ""Count cannot be negative."");","Validate.isTrue(count > 0, ""Count cannot be negative."");",2760,
org/apache/commons/lang3/RandomUtils.java,348,RelationalOperatorReplacement,"Validate.isTrue(endExclusive >= startInclusive, ""Start value must be smaller or equal to end value."");","Validate.isTrue(endExclusive > startInclusive, ""Start value must be smaller or equal to end value."");",2761,
org/apache/commons/lang3/RandomUtils.java,349,RelationalOperatorReplacement,"Validate.isTrue(startInclusive >= 0, ""Both range values must be non-negative."");","Validate.isTrue(startInclusive > 0, ""Both range values must be non-negative."");",2762,
org/apache/commons/lang3/RandomUtils.java,377,RelationalOperatorReplacement,"Validate.isTrue(endExclusive >= startInclusive, ""Start value must be smaller or equal to end value."");","Validate.isTrue(endExclusive > startInclusive, ""Start value must be smaller or equal to end value."");",2764,
org/apache/commons/lang3/RandomUtils.java,378,RelationalOperatorReplacement,"Validate.isTrue(startInclusive >= 0, ""Both range values must be non-negative."");","Validate.isTrue(startInclusive > 0, ""Both range values must be non-negative."");",2765,
org/apache/commons/lang3/RandomUtils.java,407,RelationalOperatorReplacement,"Validate.isTrue(endExclusive >= startInclusive, ""Start value must be smaller or equal to end value."");","Validate.isTrue(endExclusive > startInclusive, ""Start value must be smaller or equal to end value."");",2767,
org/apache/commons/lang3/RandomUtils.java,408,RelationalOperatorReplacement,"Validate.isTrue(startInclusive >= 0, ""Both range values must be non-negative."");","Validate.isTrue(startInclusive > 0, ""Both range values must be non-negative."");",2768,
org/apache/commons/lang3/RandomUtils.java,439,RelationalOperatorReplacement,} while (bits - val + n - 1 < 0);,} while (bits - val + n - 1 <= 0);,2770,
org/apache/commons/lang3/RandomUtils.java,454,RelationalOperatorReplacement,"Validate.isTrue(endExclusive >= startInclusive, ""Start value must be smaller or equal to end value."");","Validate.isTrue(endExclusive > startInclusive, ""Start value must be smaller or equal to end value."");",2771,
org/apache/commons/lang3/RandomUtils.java,455,RelationalOperatorReplacement,"Validate.isTrue(startInclusive >= 0, ""Both range values must be non-negative."");","Validate.isTrue(startInclusive > 0, ""Both range values must be non-negative."");",2772,
org/apache/commons/lang3/Range.java,229,RelationalOperatorReplacement,"if (this.comparator.compare(element1, element2) < 1) {","if (this.comparator.compare(element1, element2) <= 1) {",2857,
org/apache/commons/lang3/Range.java,248,RelationalOperatorReplacement,"return comparator.compare(element, minimum) > -1 && comparator.compare(element, maximum) < 1;","return comparator.compare(element, minimum) >= -1 && comparator.compare(element, maximum) < 1;",2859,
org/apache/commons/lang3/Range.java,248,RelationalOperatorReplacement,"return comparator.compare(element, minimum) > -1 && comparator.compare(element, maximum) < 1;","return comparator.compare(element, minimum) > -1 && comparator.compare(element, maximum) <= 1;",2860,
org/apache/commons/lang3/Range.java,411,RelationalOperatorReplacement,"final T min = getComparator().compare(minimum, other.minimum) < 0 ? other.minimum : minimum;","final T min = getComparator().compare(minimum, other.minimum) <= 0 ? other.minimum : minimum;",2866,
org/apache/commons/lang3/Range.java,412,RelationalOperatorReplacement,"final T max = getComparator().compare(maximum, other.maximum) < 0 ? maximum : other.maximum;","final T max = getComparator().compare(maximum, other.maximum) <= 0 ? maximum : other.maximum;",2867,
org/apache/commons/lang3/Range.java,426,RelationalOperatorReplacement,"return comparator.compare(element, minimum) < 0;","return comparator.compare(element, minimum) <= 0;",2869,
org/apache/commons/lang3/Range.java,455,RelationalOperatorReplacement,"return comparator.compare(element, maximum) > 0;","return comparator.compare(element, maximum) >= 0;",2872,
org/apache/commons/lang3/SerializationUtils.java,226,NullifyReturnValue,return baos.toByteArray();,return null;,3020,
org/apache/commons/lang3/StringUtils.java,2047,NullifyReturnValue,return string == null ? ArrayUtils.EMPTY_BYTE_ARRAY : string.getBytes(Charsets.toCharset(charset));,return null;,3817,
org/apache/commons/lang3/StringUtils.java,2061,NullifyReturnValue,return string == null ? ArrayUtils.EMPTY_BYTE_ARRAY : string.getBytes(Charsets.toCharsetName(charset));,return null;,3818,
org/apache/commons/lang3/StringUtils.java,5444,NullifyReturnValue,"return new int[] { matches, transpositions / 2, prefix, max.length() };",return null;,3908,
org/apache/commons/lang3/StringUtils.java,8971,NullifyReturnValue,return null;,return null;,4082,
org/apache/commons/lang3/StringUtils.java,8974,NullifyReturnValue,return ArrayUtils.EMPTY_INT_ARRAY;,return null;,4083,
org/apache/commons/lang3/StringUtils.java,8984,NullifyReturnValue,return result;,return null;,4084,
org/apache/commons/lang3/StringUtils.java,341,RelationalOperatorReplacement,if (isNotEmpty(str) && EMPTY.equals(abbrevMarker) && maxWidth > 0) {,if (isNotEmpty(str) && EMPTY.equals(abbrevMarker) && maxWidth >= 0) {,4122,
org/apache/commons/lang3/StringUtils.java,351,RelationalOperatorReplacement,if (maxWidth < minAbbrevWidth) {,if (maxWidth <= minAbbrevWidth) {,4123,
org/apache/commons/lang3/StringUtils.java,355,RelationalOperatorReplacement,if (strLen <= maxWidth) {,if (strLen < maxWidth) {,4124,
org/apache/commons/lang3/StringUtils.java,358,RelationalOperatorReplacement,if (offset > strLen) {,if (offset >= strLen) {,4125,
org/apache/commons/lang3/StringUtils.java,361,RelationalOperatorReplacement,if (strLen - offset < maxWidth - abbrevMarkerLength) {,if (strLen - offset <= maxWidth - abbrevMarkerLength) {,4126,
org/apache/commons/lang3/StringUtils.java,364,RelationalOperatorReplacement,if (offset <= abbrevMarkerLength + 1) {,if (offset < abbrevMarkerLength + 1) {,4127,
org/apache/commons/lang3/StringUtils.java,367,RelationalOperatorReplacement,if (maxWidth < minAbbrevWidthOffset) {,if (maxWidth <= minAbbrevWidthOffset) {,4128,
org/apache/commons/lang3/StringUtils.java,370,RelationalOperatorReplacement,if (offset + maxWidth - abbrevMarkerLength < strLen) {,if (offset + maxWidth - abbrevMarkerLength <= strLen) {,4129,
org/apache/commons/lang3/StringUtils.java,406,RelationalOperatorReplacement,"if (isAnyEmpty(str, middle) || length >= str.length() || length < middle.length() + 2) {","if (isAnyEmpty(str, middle) || length > str.length() || length < middle.length() + 2) {",4130,
org/apache/commons/lang3/StringUtils.java,406,RelationalOperatorReplacement,"if (isAnyEmpty(str, middle) || length >= str.length() || length < middle.length() + 2) {","if (isAnyEmpty(str, middle) || length >= str.length() || length <= middle.length() + 2) {",4131,
org/apache/commons/lang3/StringUtils.java,553,RelationalOperatorReplacement,for (int inOffset = Character.charCount(firstCodepoint); inOffset < strLen; ) {,for (int inOffset = Character.charCount(firstCodepoint); inOffset <= strLen; ) {,4135,
org/apache/commons/lang3/StringUtils.java,613,RelationalOperatorReplacement,if (str == null || size <= 0) {,if (str == null || size < 0) {,4137,
org/apache/commons/lang3/StringUtils.java,618,RelationalOperatorReplacement,if (pads <= 0) {,if (pads < 0) {,4138,
org/apache/commons/lang3/StringUtils.java,652,RelationalOperatorReplacement,if (str == null || size <= 0) {,if (str == null || size < 0) {,4140,
org/apache/commons/lang3/StringUtils.java,660,RelationalOperatorReplacement,if (pads <= 0) {,if (pads < 0) {,4141,
org/apache/commons/lang3/StringUtils.java,778,RelationalOperatorReplacement,if (strLen < 2) {,if (strLen <= 2) {,4149,
org/apache/commons/lang3/StringUtils.java,992,RelationalOperatorReplacement,"return CharSequenceUtils.indexOf(seq, searchSeq, 0) >= 0;","return CharSequenceUtils.indexOf(seq, searchSeq, 0) > 0;",4160,
org/apache/commons/lang3/StringUtils.java,1019,RelationalOperatorReplacement,"return CharSequenceUtils.indexOf(seq, searchChar, 0) >= 0;","return CharSequenceUtils.indexOf(seq, searchChar, 0) > 0;",4161,
org/apache/commons/lang3/StringUtils.java,1055,RelationalOperatorReplacement,for (int i = 0; i < csLength; i++) {,for (int i = 0; i <= csLength; i++) {,4162,
org/apache/commons/lang3/StringUtils.java,1057,RelationalOperatorReplacement,for (int j = 0; j < searchLength; j++) {,for (int j = 0; j <= searchLength; j++) {,4163,
org/apache/commons/lang3/StringUtils.java,1067,RelationalOperatorReplacement,if (i < csLast && searchChars[j + 1] == cs.charAt(i + 1)) {,if (i <= csLast && searchChars[j + 1] == cs.charAt(i + 1)) {,4166,
org/apache/commons/lang3/StringUtils.java,1227,RelationalOperatorReplacement,for (int i = 0; i <= max; i++) {,for (int i = 0; i < max; i++) {,4171,
org/apache/commons/lang3/StringUtils.java,1266,RelationalOperatorReplacement,for (int i = 0; i < csLen; i++) {,for (int i = 0; i <= csLen; i++) {,4174,
org/apache/commons/lang3/StringUtils.java,1268,RelationalOperatorReplacement,for (int j = 0; j < searchLen; j++) {,for (int j = 0; j <= searchLen; j++) {,4175,
org/apache/commons/lang3/StringUtils.java,1278,RelationalOperatorReplacement,if (i < csLast && searchChars[j + 1] == cs.charAt(i + 1)) {,if (i <= csLast && searchChars[j + 1] == cs.charAt(i + 1)) {,4178,
org/apache/commons/lang3/StringUtils.java,1399,RelationalOperatorReplacement,for (int i = 0; i < strLen; i++) {,for (int i = 0; i <= strLen; i++) {,4188,
org/apache/commons/lang3/StringUtils.java,1408,RelationalOperatorReplacement,for (int i = 0; i < decomposed.length(); i++) {,for (int i = 0; i <= decomposed.length(); i++) {,4189,
org/apache/commons/lang3/StringUtils.java,1499,RelationalOperatorReplacement,for (int i = 0; i < str.length(); i++) {,for (int i = 0; i <= str.length(); i++) {,4190,
org/apache/commons/lang3/StringUtils.java,1660,RelationalOperatorReplacement,for (int i = 0; i < sz; i++) {,for (int i = 0; i <= sz; i++) {,4193,
org/apache/commons/lang3/StringUtils.java,1759,RelationalOperatorReplacement,if (suffix.length() > str.length()) {,if (suffix.length() >= str.length()) {,4202,
org/apache/commons/lang3/StringUtils.java,1863,RelationalOperatorReplacement,for (int i = 0; i < length; i++) {,for (int i = 0; i <= length; i++) {,4207,
org/apache/commons/lang3/StringUtils.java,2145,RelationalOperatorReplacement,for (int i = 0; i < sz; i++) {,for (int i = 0; i <= sz; i++) {,4220,
org/apache/commons/lang3/StringUtils.java,2209,RelationalOperatorReplacement,for (int queryIndex = 0; queryIndex < queryLowerCase.length(); queryIndex++) {,for (int queryIndex = 0; queryIndex <= queryLowerCase.length(); queryIndex++) {,4224,
org/apache/commons/lang3/StringUtils.java,2213,RelationalOperatorReplacement,for (; termIndex < termLowerCase.length() && !termCharacterMatchFound; termIndex++) {,for (; termIndex <= termLowerCase.length() && !termCharacterMatchFound; termIndex++) {,4225,
org/apache/commons/lang3/StringUtils.java,2344,RelationalOperatorReplacement,"final double jw = j < 0.7D ? j : j + Math.min(DEFAULT_SCALING_FACTOR, 1D / mtp[3]) * mtp[2] * (1D - j);","final double jw = j <= 0.7D ? j : j + Math.min(DEFAULT_SCALING_FACTOR, 1D / mtp[3]) * mtp[2] * (1D - j);",4231,
org/apache/commons/lang3/StringUtils.java,2399,RelationalOperatorReplacement,if (n > m) {,if (n >= m) {,4236,
org/apache/commons/lang3/StringUtils.java,2418,RelationalOperatorReplacement,for (i = 0; i <= n; i++) {,for (i = 0; i < n; i++) {,4237,
org/apache/commons/lang3/StringUtils.java,2422,RelationalOperatorReplacement,for (j = 1; j <= m; j++) {,for (j = 1; j < m; j++) {,4238,
org/apache/commons/lang3/StringUtils.java,2427,RelationalOperatorReplacement,for (i = 1; i <= n; i++) {,for (i = 1; i < n; i++) {,4239,
org/apache/commons/lang3/StringUtils.java,2479,RelationalOperatorReplacement,if (threshold < 0) {,if (threshold <= 0) {,4243,
org/apache/commons/lang3/StringUtils.java,2532,RelationalOperatorReplacement,return m <= threshold ? m : -1;,return m < threshold ? m : -1;,4245,
org/apache/commons/lang3/StringUtils.java,2535,RelationalOperatorReplacement,return n <= threshold ? n : -1;,return n < threshold ? n : -1;,4247,
org/apache/commons/lang3/StringUtils.java,2537,RelationalOperatorReplacement,if (Math.abs(n - m) > threshold) {,if (Math.abs(n - m) >= threshold) {,4248,
org/apache/commons/lang3/StringUtils.java,2542,RelationalOperatorReplacement,if (n > m) {,if (n >= m) {,4249,
org/apache/commons/lang3/StringUtils.java,2557,RelationalOperatorReplacement,for (int i = 0; i < boundary; i++) {,for (int i = 0; i <= boundary; i++) {,4250,
org/apache/commons/lang3/StringUtils.java,2566,RelationalOperatorReplacement,for (int j = 1; j <= m; j++) {,for (int j = 1; j < m; j++) {,4251,
org/apache/commons/lang3/StringUtils.java,2572,RelationalOperatorReplacement,"final int max = j > Integer.MAX_VALUE - threshold ? n : Math.min(n, j + threshold);","final int max = j >= Integer.MAX_VALUE - threshold ? n : Math.min(n, j + threshold);",4252,
org/apache/commons/lang3/StringUtils.java,2575,RelationalOperatorReplacement,if (min > max) {,if (min >= max) {,4253,
org/apache/commons/lang3/StringUtils.java,2580,RelationalOperatorReplacement,if (min > 1) {,if (min >= 1) {,4254,
org/apache/commons/lang3/StringUtils.java,2585,RelationalOperatorReplacement,for (int i = min; i <= max; i++) {,for (int i = min; i < max; i++) {,4255,
org/apache/commons/lang3/StringUtils.java,2603,RelationalOperatorReplacement,if (p[n] <= threshold) {,if (p[n] < threshold) {,4257,
org/apache/commons/lang3/StringUtils.java,2814,RelationalOperatorReplacement,for (int i = 0; i < csLen; i++) {,for (int i = 0; i <= csLen; i++) {,4262,
org/apache/commons/lang3/StringUtils.java,2816,RelationalOperatorReplacement,for (int j = 0; j < searchLen; j++) {,for (int j = 0; j <= searchLen; j++) {,4263,
org/apache/commons/lang3/StringUtils.java,2818,RelationalOperatorReplacement,if (i >= csLast || j >= searchLast || !Character.isHighSurrogate(ch)) {,if (i > csLast || j >= searchLast || !Character.isHighSurrogate(ch)) {,4265,
org/apache/commons/lang3/StringUtils.java,2818,RelationalOperatorReplacement,if (i >= csLast || j >= searchLast || !Character.isHighSurrogate(ch)) {,if (i >= csLast || j > searchLast || !Character.isHighSurrogate(ch)) {,4266,
org/apache/commons/lang3/StringUtils.java,2876,RelationalOperatorReplacement,if (tmp < ret) {,if (tmp <= ret) {,4272,
org/apache/commons/lang3/StringUtils.java,2947,RelationalOperatorReplacement,for (int i = 0; i < csLen; i++) {,for (int i = 0; i <= csLen; i++) {,4274,
org/apache/commons/lang3/StringUtils.java,2949,RelationalOperatorReplacement,for (int j = 0; j < searchLen; j++) {,for (int j = 0; j <= searchLen; j++) {,4275,
org/apache/commons/lang3/StringUtils.java,2951,RelationalOperatorReplacement,if (i >= csLast || j >= searchLast || !Character.isHighSurrogate(ch)) {,if (i > csLast || j >= searchLast || !Character.isHighSurrogate(ch)) {,4277,
org/apache/commons/lang3/StringUtils.java,2951,RelationalOperatorReplacement,if (i >= csLast || j >= searchLast || !Character.isHighSurrogate(ch)) {,if (i >= csLast || j > searchLast || !Character.isHighSurrogate(ch)) {,4278,
org/apache/commons/lang3/StringUtils.java,2992,RelationalOperatorReplacement,for (int i = 0; i < strLen; i++) {,for (int i = 0; i <= strLen; i++) {,4280,
org/apache/commons/lang3/StringUtils.java,2994,RelationalOperatorReplacement,"final boolean chFound = CharSequenceUtils.indexOf(searchChars, ch, 0) >= 0;","final boolean chFound = CharSequenceUtils.indexOf(searchChars, ch, 0) > 0;",4281,
org/apache/commons/lang3/StringUtils.java,2995,RelationalOperatorReplacement,if (i + 1 < strLen && Character.isHighSurrogate(ch)) {,if (i + 1 <= strLen && Character.isHighSurrogate(ch)) {,4282,
org/apache/commons/lang3/StringUtils.java,2997,RelationalOperatorReplacement,"if (chFound && CharSequenceUtils.indexOf(searchChars, ch2, 0) < 0) {","if (chFound && CharSequenceUtils.indexOf(searchChars, ch2, 0) <= 0) {",4283,
org/apache/commons/lang3/StringUtils.java,3040,RelationalOperatorReplacement,if (ArrayUtils.getLength(css) <= 1) {,if (ArrayUtils.getLength(css) < 1) {,4284,
org/apache/commons/lang3/StringUtils.java,3075,RelationalOperatorReplacement,for (int stringPos = 0; stringPos < shortestStrLen; stringPos++) {,for (int stringPos = 0; stringPos <= shortestStrLen; stringPos++) {,4288,
org/apache/commons/lang3/StringUtils.java,3077,RelationalOperatorReplacement,for (int arrayPos = 1; arrayPos < arrayLen; arrayPos++) {,for (int arrayPos = 1; arrayPos <= arrayLen; arrayPos++) {,4289,
org/apache/commons/lang3/StringUtils.java,3130,RelationalOperatorReplacement,for (i = 0; i < cs1.length() && i < cs2.length(); ++i) {,for (i = 0; i <= cs1.length() && i < cs2.length(); ++i) {,4297,
org/apache/commons/lang3/StringUtils.java,3130,RelationalOperatorReplacement,for (i = 0; i < cs1.length() && i < cs2.length(); ++i) {,for (i = 0; i < cs1.length() && i <= cs2.length(); ++i) {,4298,
org/apache/commons/lang3/StringUtils.java,3135,RelationalOperatorReplacement,if (i < cs2.length() || i < cs1.length()) {,if (i <= cs2.length() || i < cs1.length()) {,4300,
org/apache/commons/lang3/StringUtils.java,3135,RelationalOperatorReplacement,if (i < cs2.length() || i < cs1.length()) {,if (i < cs2.length() || i <= cs1.length()) {,4301,
org/apache/commons/lang3/StringUtils.java,3207,RelationalOperatorReplacement,if (startPos < 0) {,if (startPos <= 0) {,4304,
org/apache/commons/lang3/StringUtils.java,3211,RelationalOperatorReplacement,if (startPos > endLimit) {,if (startPos >= endLimit) {,4305,
org/apache/commons/lang3/StringUtils.java,3217,RelationalOperatorReplacement,for (int i = startPos; i < endLimit; i++) {,for (int i = startPos; i <= endLimit; i++) {,4307,
org/apache/commons/lang3/StringUtils.java,3316,RelationalOperatorReplacement,for (int i = 0; i < sz; i++) {,for (int i = 0; i <= sz; i++) {,4308,
org/apache/commons/lang3/StringUtils.java,3351,RelationalOperatorReplacement,for (int i = 0; i < sz; i++) {,for (int i = 0; i <= sz; i++) {,4309,
org/apache/commons/lang3/StringUtils.java,3384,RelationalOperatorReplacement,for (int i = 0; i < sz; i++) {,for (int i = 0; i <= sz; i++) {,4310,
org/apache/commons/lang3/StringUtils.java,3419,RelationalOperatorReplacement,for (int i = 0; i < sz; i++) {,for (int i = 0; i <= sz; i++) {,4311,
org/apache/commons/lang3/StringUtils.java,3454,RelationalOperatorReplacement,for (int i = 0; i < sz; i++) {,for (int i = 0; i <= sz; i++) {,4313,
org/apache/commons/lang3/StringUtils.java,3490,RelationalOperatorReplacement,for (int i = 0; i < sz; i++) {,for (int i = 0; i <= sz; i++) {,4316,
org/apache/commons/lang3/StringUtils.java,3597,RelationalOperatorReplacement,for (int i = 0; i < sz; i++) {,for (int i = 0; i <= sz; i++) {,4319,
org/apache/commons/lang3/StringUtils.java,3628,RelationalOperatorReplacement,for (int i = 0; i < strLen; i++) {,for (int i = 0; i <= strLen; i++) {,4321,
org/apache/commons/lang3/StringUtils.java,3689,RelationalOperatorReplacement,for (int i = 0; i < sz; i++) {,for (int i = 0; i <= sz; i++) {,4325,
org/apache/commons/lang3/StringUtils.java,3832,RelationalOperatorReplacement,for (int i = 0; i < sz; i++) {,for (int i = 0; i <= sz; i++) {,4326,
org/apache/commons/lang3/StringUtils.java,3871,RelationalOperatorReplacement,for (int i = 0; i < sz; i++) {,for (int i = 0; i <= sz; i++) {,4328,
org/apache/commons/lang3/StringUtils.java,3907,RelationalOperatorReplacement,for (int i = 0; i < sz; i++) {,for (int i = 0; i <= sz; i++) {,4331,
org/apache/commons/lang3/StringUtils.java,3976,RelationalOperatorReplacement,if (endIndex - startIndex <= 0) {,if (endIndex - startIndex < 0) {,4334,
org/apache/commons/lang3/StringUtils.java,3980,RelationalOperatorReplacement,for (int i = startIndex; i < endIndex; i++) {,for (int i = startIndex; i <= endIndex; i++) {,4335,
org/apache/commons/lang3/StringUtils.java,4051,RelationalOperatorReplacement,if (endIndex - startIndex <= 0) {,if (endIndex - startIndex < 0) {,4338,
org/apache/commons/lang3/StringUtils.java,4055,RelationalOperatorReplacement,for (int i = startIndex; i < endIndex; i++) {,for (int i = startIndex; i <= endIndex; i++) {,4339,
org/apache/commons/lang3/StringUtils.java,4126,RelationalOperatorReplacement,if (endIndex - startIndex <= 0) {,if (endIndex - startIndex < 0) {,4342,
org/apache/commons/lang3/StringUtils.java,4130,RelationalOperatorReplacement,for (int i = startIndex; i < endIndex; i++) {,for (int i = startIndex; i <= endIndex; i++) {,4343,
org/apache/commons/lang3/StringUtils.java,4201,RelationalOperatorReplacement,if (endIndex - startIndex <= 0) {,if (endIndex - startIndex < 0) {,4346,
org/apache/commons/lang3/StringUtils.java,4205,RelationalOperatorReplacement,for (int i = startIndex; i < endIndex; i++) {,for (int i = startIndex; i <= endIndex; i++) {,4347,
org/apache/commons/lang3/StringUtils.java,4276,RelationalOperatorReplacement,if (endIndex - startIndex <= 0) {,if (endIndex - startIndex < 0) {,4350,
org/apache/commons/lang3/StringUtils.java,4280,RelationalOperatorReplacement,for (int i = startIndex; i < endIndex; i++) {,for (int i = startIndex; i <= endIndex; i++) {,4351,
org/apache/commons/lang3/StringUtils.java,4351,RelationalOperatorReplacement,if (endIndex - startIndex <= 0) {,if (endIndex - startIndex < 0) {,4354,
org/apache/commons/lang3/StringUtils.java,4355,RelationalOperatorReplacement,for (int i = startIndex; i < endIndex; i++) {,for (int i = startIndex; i <= endIndex; i++) {,4355,
org/apache/commons/lang3/StringUtils.java,4479,RelationalOperatorReplacement,if (noOfItems <= 0) {,if (noOfItems < 0) {,4361,
org/apache/commons/lang3/StringUtils.java,4517,RelationalOperatorReplacement,if (noOfItems <= 0) {,if (noOfItems < 0) {,4363,
org/apache/commons/lang3/StringUtils.java,4587,RelationalOperatorReplacement,if (endIndex - startIndex <= 0) {,if (endIndex - startIndex < 0) {,4366,
org/apache/commons/lang3/StringUtils.java,4591,RelationalOperatorReplacement,for (int i = startIndex; i < endIndex; i++) {,for (int i = startIndex; i <= endIndex; i++) {,4367,
org/apache/commons/lang3/StringUtils.java,4788,RelationalOperatorReplacement,if (endIndex - startIndex <= 0) {,if (endIndex - startIndex < 0) {,4373,
org/apache/commons/lang3/StringUtils.java,4792,RelationalOperatorReplacement,for (int i = startIndex; i < endIndex; i++) {,for (int i = startIndex; i <= endIndex; i++) {,4374,
org/apache/commons/lang3/StringUtils.java,5052,RelationalOperatorReplacement,if (tmp > ret) {,if (tmp >= ret) {,4380,
org/apache/commons/lang3/StringUtils.java,5127,RelationalOperatorReplacement,if (startPos > strLength - searchStrLength) {,if (startPos >= strLength - searchStrLength) {,4385,
org/apache/commons/lang3/StringUtils.java,5130,RelationalOperatorReplacement,if (startPos < 0) {,if (startPos <= 0) {,4386,
org/apache/commons/lang3/StringUtils.java,5137,RelationalOperatorReplacement,for (int i = startPos; i >= 0; i--) {,for (int i = startPos; i > 0; i--) {,4388,
org/apache/commons/lang3/StringUtils.java,5207,RelationalOperatorReplacement,if (len < 0) {,if (len <= 0) {,4390,
org/apache/commons/lang3/StringUtils.java,5210,RelationalOperatorReplacement,if (str.length() <= len) {,if (str.length() < len) {,4391,
org/apache/commons/lang3/StringUtils.java,5265,RelationalOperatorReplacement,if (pads <= 0) {,if (pads < 0) {,4393,
org/apache/commons/lang3/StringUtils.java,5268,RelationalOperatorReplacement,if (pads > PAD_LIMIT) {,if (pads >= PAD_LIMIT) {,4394,
org/apache/commons/lang3/StringUtils.java,5307,RelationalOperatorReplacement,if (pads <= 0) {,if (pads < 0) {,4396,
org/apache/commons/lang3/StringUtils.java,5310,RelationalOperatorReplacement,if (padLen == 1 && pads <= PAD_LIMIT) {,if (padLen == 1 && pads < PAD_LIMIT) {,4398,
org/apache/commons/lang3/StringUtils.java,5317,RelationalOperatorReplacement,if (pads < padLen) {,if (pads <= padLen) {,4400,
org/apache/commons/lang3/StringUtils.java,5322,RelationalOperatorReplacement,for (int i = 0; i < pads; i++) {,for (int i = 0; i <= pads; i++) {,4401,
org/apache/commons/lang3/StringUtils.java,5395,RelationalOperatorReplacement,if (first.length() > second.length()) {,if (first.length() >= second.length()) {,4405,
org/apache/commons/lang3/StringUtils.java,5406,RelationalOperatorReplacement,for (int mi = 0; mi < min.length(); mi++) {,for (int mi = 0; mi <= min.length(); mi++) {,4406,
org/apache/commons/lang3/StringUtils.java,5408,RelationalOperatorReplacement,"for (int xi = Math.max(mi - range, 0), xn = Math.min(mi + range + 1, max.length()); xi < xn; xi++) {","for (int xi = Math.max(mi - range, 0), xn = Math.min(mi + range + 1, max.length()); xi <= xn; xi++) {",4407,
org/apache/commons/lang3/StringUtils.java,5419,RelationalOperatorReplacement,"for (int i = 0, si = 0; i < min.length(); i++) {","for (int i = 0, si = 0; i <= min.length(); i++) {",4409,
org/apache/commons/lang3/StringUtils.java,5425,RelationalOperatorReplacement,"for (int i = 0, si = 0; i < max.length(); i++) {","for (int i = 0, si = 0; i <= max.length(); i++) {",4411,
org/apache/commons/lang3/StringUtils.java,5432,RelationalOperatorReplacement,for (int mi = 0; mi < ms1.length; mi++) {,for (int mi = 0; mi <= ms1.length; mi++) {,4412,
org/apache/commons/lang3/StringUtils.java,5438,RelationalOperatorReplacement,for (int mi = 0; mi < min.length(); mi++) {,for (int mi = 0; mi <= min.length(); mi++) {,4414,
org/apache/commons/lang3/StringUtils.java,5476,RelationalOperatorReplacement,if (len < 0 || pos > str.length()) {,if (len <= 0 || pos > str.length()) {,4417,
org/apache/commons/lang3/StringUtils.java,5476,RelationalOperatorReplacement,if (len < 0 || pos > str.length()) {,if (len < 0 || pos >= str.length()) {,4418,
org/apache/commons/lang3/StringUtils.java,5479,RelationalOperatorReplacement,if (pos < 0) {,if (pos <= 0) {,4419,
org/apache/commons/lang3/StringUtils.java,5482,RelationalOperatorReplacement,if (str.length() <= pos + len) {,if (str.length() < pos + len) {,4420,
org/apache/commons/lang3/StringUtils.java,5539,RelationalOperatorReplacement,for (int i = 0; i < size; i++) {,for (int i = 0; i <= size; i++) {,4421,
org/apache/commons/lang3/StringUtils.java,5556,RelationalOperatorReplacement,"return new String(newChars, 0, count - (whitespacesCount > 0 ? 1 : 0)).trim();","return new String(newChars, 0, count - (whitespacesCount >= 0 ? 1 : 0)).trim();",4424,
org/apache/commons/lang3/StringUtils.java,5629,RelationalOperatorReplacement,if (str == null || searchStr == null || ordinal <= 0) {,if (str == null || searchStr == null || ordinal < 0) {,4427,
org/apache/commons/lang3/StringUtils.java,5645,RelationalOperatorReplacement,if (index < 0) {,if (index <= 0) {,4429,
org/apache/commons/lang3/StringUtils.java,5649,RelationalOperatorReplacement,} while (found < ordinal);,} while (found <= ordinal);,4430,
org/apache/commons/lang3/StringUtils.java,5690,RelationalOperatorReplacement,if (start < 0) {,if (start <= 0) {,4433,
org/apache/commons/lang3/StringUtils.java,5693,RelationalOperatorReplacement,if (start > len) {,if (start >= len) {,4434,
org/apache/commons/lang3/StringUtils.java,5696,RelationalOperatorReplacement,if (end < 0) {,if (end <= 0) {,4435,
org/apache/commons/lang3/StringUtils.java,5699,RelationalOperatorReplacement,if (end > len) {,if (end >= len) {,4436,
org/apache/commons/lang3/StringUtils.java,5702,RelationalOperatorReplacement,if (start > end) {,if (start >= end) {,4437,
org/apache/commons/lang3/StringUtils.java,5838,RelationalOperatorReplacement,for (int i = 0; i < chars.length; i++) {,for (int i = 0; i <= chars.length; i++) {,4440,
org/apache/commons/lang3/StringUtils.java,6235,RelationalOperatorReplacement,if (repeat <= 0) {,if (repeat < 0) {,4444,
org/apache/commons/lang3/StringUtils.java,6264,RelationalOperatorReplacement,if (repeat <= 0) {,if (repeat < 0) {,4446,
org/apache/commons/lang3/StringUtils.java,6271,RelationalOperatorReplacement,if (inputLength == 1 && repeat <= PAD_LIMIT) {,if (inputLength == 1 && repeat < PAD_LIMIT) {,4450,
org/apache/commons/lang3/StringUtils.java,6283,RelationalOperatorReplacement,"for (int i = repeat * 2 - 2; i >= 0; i--, i--) {","for (int i = repeat * 2 - 2; i > 0; i--, i--) {",4451,
org/apache/commons/lang3/StringUtils.java,6290,RelationalOperatorReplacement,for (int i = 0; i < repeat; i++) {,for (int i = 0; i <= repeat; i++) {,4452,
org/apache/commons/lang3/StringUtils.java,6430,RelationalOperatorReplacement,"increase *= max < 0 ? 16 : Math.min(max, 64);","increase *= max <= 0 ? 16 : Math.min(max, 64);",4458,
org/apache/commons/lang3/StringUtils.java,6573,RelationalOperatorReplacement,for (int i = 0; i < strLength; i++) {,for (int i = 0; i <= strLength; i++) {,4463,
org/apache/commons/lang3/StringUtils.java,6576,RelationalOperatorReplacement,if (index >= 0) {,if (index > 0) {,4464,
org/apache/commons/lang3/StringUtils.java,6578,RelationalOperatorReplacement,if (index < replaceCharsLength) {,if (index <= replaceCharsLength) {,4465,
org/apache/commons/lang3/StringUtils.java,6687,RelationalOperatorReplacement,if (timeToLive < 0) {,if (timeToLive <= 0) {,4466,
org/apache/commons/lang3/StringUtils.java,6722,RelationalOperatorReplacement,for (int i = 0; i < searchLength; i++) {,for (int i = 0; i <= searchLength; i++) {,4469,
org/apache/commons/lang3/StringUtils.java,6731,RelationalOperatorReplacement,} else if (textIndex == -1 || tempIndex < textIndex) {,} else if (textIndex == -1 || tempIndex <= textIndex) {,4473,
org/apache/commons/lang3/StringUtils.java,6749,RelationalOperatorReplacement,for (int i = 0; i < searchList.length; i++) {,for (int i = 0; i <= searchList.length; i++) {,4475,
org/apache/commons/lang3/StringUtils.java,6754,RelationalOperatorReplacement,if (greater > 0) {,if (greater >= 0) {,4478,
org/apache/commons/lang3/StringUtils.java,6765,RelationalOperatorReplacement,for (int i = start; i < textIndex; i++) {,for (int i = start; i <= textIndex; i++) {,4480,
org/apache/commons/lang3/StringUtils.java,6776,RelationalOperatorReplacement,for (int i = 0; i < searchLength; i++) {,for (int i = 0; i <= searchLength; i++) {,4481,
org/apache/commons/lang3/StringUtils.java,6785,RelationalOperatorReplacement,} else if (textIndex == -1 || tempIndex < textIndex) {,} else if (textIndex == -1 || tempIndex <= textIndex) {,4485,
org/apache/commons/lang3/StringUtils.java,6794,RelationalOperatorReplacement,for (int i = start; i < textLength; i++) {,for (int i = start; i <= textLength; i++) {,4486,
org/apache/commons/lang3/StringUtils.java,7135,RelationalOperatorReplacement,if (len < 0) {,if (len <= 0) {,4489,
org/apache/commons/lang3/StringUtils.java,7138,RelationalOperatorReplacement,if (str.length() <= len) {,if (str.length() < len) {,4490,
org/apache/commons/lang3/StringUtils.java,7193,RelationalOperatorReplacement,if (pads <= 0) {,if (pads < 0) {,4492,
org/apache/commons/lang3/StringUtils.java,7196,RelationalOperatorReplacement,if (pads > PAD_LIMIT) {,if (pads >= PAD_LIMIT) {,4493,
org/apache/commons/lang3/StringUtils.java,7235,RelationalOperatorReplacement,if (pads <= 0) {,if (pads < 0) {,4495,
org/apache/commons/lang3/StringUtils.java,7238,RelationalOperatorReplacement,if (padLen == 1 && pads <= PAD_LIMIT) {,if (padLen == 1 && pads < PAD_LIMIT) {,4497,
org/apache/commons/lang3/StringUtils.java,7245,RelationalOperatorReplacement,if (pads < padLen) {,if (pads <= padLen) {,4499,
org/apache/commons/lang3/StringUtils.java,7250,RelationalOperatorReplacement,for (int i = 0; i < pads; i++) {,for (int i = 0; i <= pads; i++) {,4500,
org/apache/commons/lang3/StringUtils.java,7464,RelationalOperatorReplacement,for (int pos = tokenStart + 1; pos < c.length; pos++) {,for (int pos = tokenStart + 1; pos <= c.length; pos++) {,4506,
org/apache/commons/lang3/StringUtils.java,7670,RelationalOperatorReplacement,while (end < len) {,while (end <= len) {,4514,
org/apache/commons/lang3/StringUtils.java,7673,RelationalOperatorReplacement,if (end > -1) {,if (end >= -1) {,4515,
org/apache/commons/lang3/StringUtils.java,7674,RelationalOperatorReplacement,if (end > beg) {,if (end >= beg) {,4516,
org/apache/commons/lang3/StringUtils.java,7880,RelationalOperatorReplacement,while (i < len) {,while (i <= len) {,4521,
org/apache/commons/lang3/StringUtils.java,7934,RelationalOperatorReplacement,while (i < len) {,while (i <= len) {,4526,
org/apache/commons/lang3/StringUtils.java,7955,RelationalOperatorReplacement,while (i < len) {,while (i <= len) {,4529,
org/apache/commons/lang3/StringUtils.java,7975,RelationalOperatorReplacement,while (i < len) {,while (i <= len) {,4532,
org/apache/commons/lang3/StringUtils.java,7976,RelationalOperatorReplacement,if (separatorChars.indexOf(str.charAt(i)) >= 0) {,if (separatorChars.indexOf(str.charAt(i)) > 0) {,4533,
org/apache/commons/lang3/StringUtils.java,8043,RelationalOperatorReplacement,if (preLen > str.length()) {,if (preLen >= str.length()) {,4538,
org/apache/commons/lang3/StringUtils.java,8428,RelationalOperatorReplacement,if (start < 0) {,if (start <= 0) {,4553,
org/apache/commons/lang3/StringUtils.java,8432,RelationalOperatorReplacement,if (start < 0) {,if (start <= 0) {,4554,
org/apache/commons/lang3/StringUtils.java,8435,RelationalOperatorReplacement,if (start > str.length()) {,if (start >= str.length()) {,4555,
org/apache/commons/lang3/StringUtils.java,8483,RelationalOperatorReplacement,if (end < 0) {,if (end <= 0) {,4557,
org/apache/commons/lang3/StringUtils.java,8486,RelationalOperatorReplacement,if (start < 0) {,if (start <= 0) {,4558,
org/apache/commons/lang3/StringUtils.java,8491,RelationalOperatorReplacement,if (end > str.length()) {,if (end >= str.length()) {,4559,
org/apache/commons/lang3/StringUtils.java,8496,RelationalOperatorReplacement,if (start > end) {,if (start >= end) {,4560,
org/apache/commons/lang3/StringUtils.java,8500,RelationalOperatorReplacement,if (start < 0) {,if (start <= 0) {,4561,
org/apache/commons/lang3/StringUtils.java,8503,RelationalOperatorReplacement,if (end < 0) {,if (end <= 0) {,4562,
org/apache/commons/lang3/StringUtils.java,8883,RelationalOperatorReplacement,while (pos < strLen - closeLen) {,while (pos <= strLen - closeLen) {,4578,
org/apache/commons/lang3/StringUtils.java,8885,RelationalOperatorReplacement,if (start < 0) {,if (start <= 0) {,4579,
org/apache/commons/lang3/StringUtils.java,8890,RelationalOperatorReplacement,if (end < 0) {,if (end <= 0) {,4580,
org/apache/commons/lang3/StringUtils.java,8937,RelationalOperatorReplacement,for (int i = 0; i < strLen; ) {,for (int i = 0; i <= strLen; ) {,4581,
org/apache/commons/lang3/StringUtils.java,8980,RelationalOperatorReplacement,for (int i = 0; i < result.length; i++) {,for (int i = 0; i <= result.length; i++) {,4584,
org/apache/commons/lang3/StringUtils.java,9224,RelationalOperatorReplacement,if (offset < 0) {,if (offset <= 0) {,4589,
org/apache/commons/lang3/StringUtils.java,9227,RelationalOperatorReplacement,if (maxWidth < 0) {,if (maxWidth <= 0) {,4590,
org/apache/commons/lang3/StringUtils.java,9233,RelationalOperatorReplacement,if (offset > str.length()) {,if (offset >= str.length()) {,4592,
org/apache/commons/lang3/StringUtils.java,9236,RelationalOperatorReplacement,if (str.length() > maxWidth) {,if (str.length() >= maxWidth) {,4593,
org/apache/commons/lang3/StringUtils.java,9280,RelationalOperatorReplacement,for (int inOffset = Character.charCount(firstCodePoint); inOffset < strLen; ) {,for (int inOffset = Character.charCount(firstCodePoint); inOffset <= strLen; ) {,4596,
org/apache/commons/lang3/StringUtils.java,9353,RelationalOperatorReplacement,if (isEmpty(str) || isEmpty(wrapToken) || str.length() < 2 * wrapToken.length()) {,if (isEmpty(str) || isEmpty(wrapToken) || str.length() <= 2 * wrapToken.length()) {,4601,
org/apache/commons/lang3/SystemUtils.java,2182,RelationalOperatorReplacement,"for (int i = 0; i < Math.min(versionPrefixParts.length, versionParts.length); i++) {","for (int i = 0; i <= Math.min(versionPrefixParts.length, versionParts.length); i++) {",5858,
org/apache/commons/lang3/ThreadUtils.java,135,RelationalOperatorReplacement,if (threadId <= 0) {,if (threadId < 0) {,5940,
org/apache/commons/lang3/ThreadUtils.java,193,RelationalOperatorReplacement,if (threadId <= 0) {,if (threadId < 0) {,5943,
org/apache/commons/lang3/ThreadUtils.java,286,RelationalOperatorReplacement,} while (count >= threadGroups.length);,} while (count > threadGroups.length);,5949,
org/apache/commons/lang3/ThreadUtils.java,378,RelationalOperatorReplacement,} while (count >= threads.length);,} while (count > threads.length);,5950,
org/apache/commons/lang3/Validate.java,95,RelationalOperatorReplacement,if (value <= start || value >= end) {,if (value < start || value >= end) {,6091,
org/apache/commons/lang3/Validate.java,95,RelationalOperatorReplacement,if (value <= start || value >= end) {,if (value <= start || value > end) {,6092,
org/apache/commons/lang3/Validate.java,116,RelationalOperatorReplacement,if (value <= start || value >= end) {,if (value < start || value >= end) {,6093,
org/apache/commons/lang3/Validate.java,116,RelationalOperatorReplacement,if (value <= start || value >= end) {,if (value <= start || value > end) {,6094,
org/apache/commons/lang3/Validate.java,136,RelationalOperatorReplacement,if (value <= start || value >= end) {,if (value < start || value >= end) {,6095,
org/apache/commons/lang3/Validate.java,136,RelationalOperatorReplacement,if (value <= start || value >= end) {,if (value <= start || value > end) {,6096,
org/apache/commons/lang3/Validate.java,157,RelationalOperatorReplacement,if (value <= start || value >= end) {,if (value < start || value >= end) {,6097,
org/apache/commons/lang3/Validate.java,157,RelationalOperatorReplacement,if (value <= start || value >= end) {,if (value <= start || value > end) {,6098,
org/apache/commons/lang3/Validate.java,178,RelationalOperatorReplacement,if (value.compareTo(start) <= 0 || value.compareTo(end) >= 0) {,if (value.compareTo(start) < 0 || value.compareTo(end) >= 0) {,6099,
org/apache/commons/lang3/Validate.java,178,RelationalOperatorReplacement,if (value.compareTo(start) <= 0 || value.compareTo(end) >= 0) {,if (value.compareTo(start) <= 0 || value.compareTo(end) > 0) {,6100,
org/apache/commons/lang3/Validate.java,202,RelationalOperatorReplacement,if (value.compareTo(start) <= 0 || value.compareTo(end) >= 0) {,if (value.compareTo(start) < 0 || value.compareTo(end) >= 0) {,6101,
org/apache/commons/lang3/Validate.java,202,RelationalOperatorReplacement,if (value.compareTo(start) <= 0 || value.compareTo(end) >= 0) {,if (value.compareTo(start) <= 0 || value.compareTo(end) > 0) {,6102,
org/apache/commons/lang3/Validate.java,274,RelationalOperatorReplacement,if (value < start || value > end) {,if (value <= start || value > end) {,6103,
org/apache/commons/lang3/Validate.java,274,RelationalOperatorReplacement,if (value < start || value > end) {,if (value < start || value >= end) {,6104,
org/apache/commons/lang3/Validate.java,295,RelationalOperatorReplacement,if (value < start || value > end) {,if (value <= start || value > end) {,6105,
org/apache/commons/lang3/Validate.java,295,RelationalOperatorReplacement,if (value < start || value > end) {,if (value < start || value >= end) {,6106,
org/apache/commons/lang3/Validate.java,315,RelationalOperatorReplacement,if (value < start || value > end) {,if (value <= start || value > end) {,6107,
org/apache/commons/lang3/Validate.java,315,RelationalOperatorReplacement,if (value < start || value > end) {,if (value < start || value >= end) {,6108,
org/apache/commons/lang3/Validate.java,336,RelationalOperatorReplacement,if (value < start || value > end) {,if (value <= start || value > end) {,6109,
org/apache/commons/lang3/Validate.java,336,RelationalOperatorReplacement,if (value < start || value > end) {,if (value < start || value >= end) {,6110,
org/apache/commons/lang3/Validate.java,357,RelationalOperatorReplacement,if (value.compareTo(start) < 0 || value.compareTo(end) > 0) {,if (value.compareTo(start) <= 0 || value.compareTo(end) > 0) {,6111,
org/apache/commons/lang3/Validate.java,357,RelationalOperatorReplacement,if (value.compareTo(start) < 0 || value.compareTo(end) > 0) {,if (value.compareTo(start) < 0 || value.compareTo(end) >= 0) {,6112,
org/apache/commons/lang3/Validate.java,381,RelationalOperatorReplacement,if (value.compareTo(start) < 0 || value.compareTo(end) > 0) {,if (value.compareTo(start) <= 0 || value.compareTo(end) > 0) {,6113,
org/apache/commons/lang3/Validate.java,381,RelationalOperatorReplacement,if (value.compareTo(start) < 0 || value.compareTo(end) > 0) {,if (value.compareTo(start) < 0 || value.compareTo(end) >= 0) {,6114,
org/apache/commons/lang3/Validate.java,730,RelationalOperatorReplacement,for (int i = 0; i < array.length; i++) {,for (int i = 0; i <= array.length; i++) {,6118,
org/apache/commons/lang3/Validate.java,1116,RelationalOperatorReplacement,if (index < 0 || index >= collection.size()) {,if (index <= 0 || index >= collection.size()) {,6122,
org/apache/commons/lang3/Validate.java,1116,RelationalOperatorReplacement,if (index < 0 || index >= collection.size()) {,if (index < 0 || index > collection.size()) {,6123,
org/apache/commons/lang3/Validate.java,1145,RelationalOperatorReplacement,if (index < 0 || index >= chars.length()) {,if (index <= 0 || index >= chars.length()) {,6124,
org/apache/commons/lang3/Validate.java,1145,RelationalOperatorReplacement,if (index < 0 || index >= chars.length()) {,if (index < 0 || index > chars.length()) {,6125,
org/apache/commons/lang3/Validate.java,1199,RelationalOperatorReplacement,if (index < 0 || index >= array.length) {,if (index <= 0 || index >= array.length) {,6126,
org/apache/commons/lang3/Validate.java,1199,RelationalOperatorReplacement,if (index < 0 || index >= array.length) {,if (index < 0 || index > array.length) {,6127,
org/apache/commons/lang3/builder/CompareToBuilder.java,120,RelationalOperatorReplacement,for (int i = 0; i < fields.length && builder.comparison == 0; i++) {,for (int i = 0; i <= fields.length && builder.comparison == 0; i++) {,6355,
org/apache/commons/lang3/builder/CompareToBuilder.java,389,RelationalOperatorReplacement,comparison = lhs.length < rhs.length ? -1 : 1;,comparison = lhs.length <= rhs.length ? -1 : 1;,6367,
org/apache/commons/lang3/builder/CompareToBuilder.java,392,RelationalOperatorReplacement,for (int i = 0; i < lhs.length && comparison == 0; i++) {,for (int i = 0; i <= lhs.length && comparison == 0; i++) {,6368,
org/apache/commons/lang3/builder/CompareToBuilder.java,445,RelationalOperatorReplacement,comparison = lhs.length < rhs.length ? -1 : 1;,comparison = lhs.length <= rhs.length ? -1 : 1;,6376,
org/apache/commons/lang3/builder/CompareToBuilder.java,448,RelationalOperatorReplacement,for (int i = 0; i < lhs.length && comparison == 0; i++) {,for (int i = 0; i <= lhs.length && comparison == 0; i++) {,6377,
org/apache/commons/lang3/builder/CompareToBuilder.java,501,RelationalOperatorReplacement,comparison = lhs.length < rhs.length ? -1 : 1;,comparison = lhs.length <= rhs.length ? -1 : 1;,6385,
org/apache/commons/lang3/builder/CompareToBuilder.java,504,RelationalOperatorReplacement,for (int i = 0; i < lhs.length && comparison == 0; i++) {,for (int i = 0; i <= lhs.length && comparison == 0; i++) {,6386,
org/apache/commons/lang3/builder/CompareToBuilder.java,562,RelationalOperatorReplacement,comparison = lhs.length < rhs.length ? -1 : 1;,comparison = lhs.length <= rhs.length ? -1 : 1;,6394,
org/apache/commons/lang3/builder/CompareToBuilder.java,565,RelationalOperatorReplacement,for (int i = 0; i < lhs.length && comparison == 0; i++) {,for (int i = 0; i <= lhs.length && comparison == 0; i++) {,6395,
org/apache/commons/lang3/builder/CompareToBuilder.java,623,RelationalOperatorReplacement,comparison = lhs.length < rhs.length ? -1 : 1;,comparison = lhs.length <= rhs.length ? -1 : 1;,6403,
org/apache/commons/lang3/builder/CompareToBuilder.java,626,RelationalOperatorReplacement,for (int i = 0; i < lhs.length && comparison == 0; i++) {,for (int i = 0; i <= lhs.length && comparison == 0; i++) {,6404,
org/apache/commons/lang3/builder/CompareToBuilder.java,679,RelationalOperatorReplacement,comparison = lhs.length < rhs.length ? -1 : 1;,comparison = lhs.length <= rhs.length ? -1 : 1;,6412,
org/apache/commons/lang3/builder/CompareToBuilder.java,682,RelationalOperatorReplacement,for (int i = 0; i < lhs.length && comparison == 0; i++) {,for (int i = 0; i <= lhs.length && comparison == 0; i++) {,6413,
org/apache/commons/lang3/builder/CompareToBuilder.java,735,RelationalOperatorReplacement,comparison = lhs.length < rhs.length ? -1 : 1;,comparison = lhs.length <= rhs.length ? -1 : 1;,6421,
org/apache/commons/lang3/builder/CompareToBuilder.java,738,RelationalOperatorReplacement,for (int i = 0; i < lhs.length && comparison == 0; i++) {,for (int i = 0; i <= lhs.length && comparison == 0; i++) {,6422,
org/apache/commons/lang3/builder/CompareToBuilder.java,886,RelationalOperatorReplacement,comparison = lhs.length < rhs.length ? -1 : 1;,comparison = lhs.length <= rhs.length ? -1 : 1;,6434,
org/apache/commons/lang3/builder/CompareToBuilder.java,889,RelationalOperatorReplacement,for (int i = 0; i < lhs.length && comparison == 0; i++) {,for (int i = 0; i <= lhs.length && comparison == 0; i++) {,6435,
org/apache/commons/lang3/builder/CompareToBuilder.java,942,RelationalOperatorReplacement,comparison = lhs.length < rhs.length ? -1 : 1;,comparison = lhs.length <= rhs.length ? -1 : 1;,6443,
org/apache/commons/lang3/builder/CompareToBuilder.java,945,RelationalOperatorReplacement,for (int i = 0; i < lhs.length && comparison == 0; i++) {,for (int i = 0; i <= lhs.length && comparison == 0; i++) {,6444,
org/apache/commons/lang3/builder/EqualsBuilder.java,422,RelationalOperatorReplacement,for (int i = 0; i < lhs.length && isEquals; ++i) {,for (int i = 0; i <= lhs.length && isEquals; ++i) {,6805,
org/apache/commons/lang3/builder/EqualsBuilder.java,467,RelationalOperatorReplacement,for (int i = 0; i < lhs.length && isEquals; ++i) {,for (int i = 0; i <= lhs.length && isEquals; ++i) {,6811,
org/apache/commons/lang3/builder/EqualsBuilder.java,512,RelationalOperatorReplacement,for (int i = 0; i < lhs.length && isEquals; ++i) {,for (int i = 0; i <= lhs.length && isEquals; ++i) {,6817,
org/apache/commons/lang3/builder/EqualsBuilder.java,563,RelationalOperatorReplacement,for (int i = 0; i < lhs.length && isEquals; ++i) {,for (int i = 0; i <= lhs.length && isEquals; ++i) {,6822,
org/apache/commons/lang3/builder/EqualsBuilder.java,614,RelationalOperatorReplacement,for (int i = 0; i < lhs.length && isEquals; ++i) {,for (int i = 0; i <= lhs.length && isEquals; ++i) {,6827,
org/apache/commons/lang3/builder/EqualsBuilder.java,659,RelationalOperatorReplacement,for (int i = 0; i < lhs.length && isEquals; ++i) {,for (int i = 0; i <= lhs.length && isEquals; ++i) {,6833,
org/apache/commons/lang3/builder/EqualsBuilder.java,706,RelationalOperatorReplacement,for (int i = 0; i < lhs.length && isEquals; ++i) {,for (int i = 0; i <= lhs.length && isEquals; ++i) {,6839,
org/apache/commons/lang3/builder/EqualsBuilder.java,776,RelationalOperatorReplacement,for (int i = 0; i < lhs.length && isEquals; ++i) {,for (int i = 0; i <= lhs.length && isEquals; ++i) {,6847,
org/apache/commons/lang3/builder/EqualsBuilder.java,821,RelationalOperatorReplacement,for (int i = 0; i < lhs.length && isEquals; ++i) {,for (int i = 0; i <= lhs.length && isEquals; ++i) {,6853,
org/apache/commons/lang3/builder/EqualsBuilder.java,1010,RelationalOperatorReplacement,for (int i = 0; i < fields.length && isEquals; i++) {,for (int i = 0; i <= fields.length && isEquals; i++) {,6861,
org/apache/commons/lang3/builder/ReflectionDiffBuilder.java,189,RelationalOperatorReplacement,"if (this.excludeFieldNames != null && Arrays.binarySearch(this.excludeFieldNames, field.getName()) >= 0) {","if (this.excludeFieldNames != null && Arrays.binarySearch(this.excludeFieldNames, field.getName()) > 0) {",7166,
org/apache/commons/lang3/builder/ReflectionToStringBuilder.java,618,RelationalOperatorReplacement,"&& Arrays.binarySearch(this.excludeFieldNames, field.getName()) >= 0) {","&& Arrays.binarySearch(this.excludeFieldNames, field.getName()) > 0) {",7228,
org/apache/commons/lang3/builder/ReflectionToStringBuilder.java,625,RelationalOperatorReplacement,"return Arrays.binarySearch(this.includeFieldNames, field.getName()) >= 0;","return Arrays.binarySearch(this.includeFieldNames, field.getName()) > 0;",7229,
org/apache/commons/lang3/builder/ToStringStyle.java,1308,RelationalOperatorReplacement,for (int i = 0; i < array.length; i++) {,for (int i = 0; i <= array.length; i++) {,7632,
org/apache/commons/lang3/builder/ToStringStyle.java,1309,RelationalOperatorReplacement,if (i > 0) {,if (i >= 0) {,7633,
org/apache/commons/lang3/builder/ToStringStyle.java,1340,RelationalOperatorReplacement,for (int i = 0; i < array.length; i++) {,for (int i = 0; i <= array.length; i++) {,7634,
org/apache/commons/lang3/builder/ToStringStyle.java,1341,RelationalOperatorReplacement,if (i > 0) {,if (i >= 0) {,7635,
org/apache/commons/lang3/builder/ToStringStyle.java,1372,RelationalOperatorReplacement,for (int i = 0; i < array.length; i++) {,for (int i = 0; i <= array.length; i++) {,7636,
org/apache/commons/lang3/builder/ToStringStyle.java,1373,RelationalOperatorReplacement,if (i > 0) {,if (i >= 0) {,7637,
org/apache/commons/lang3/builder/ToStringStyle.java,1416,RelationalOperatorReplacement,for (int i = 0; i < array.length; i++) {,for (int i = 0; i <= array.length; i++) {,7638,
org/apache/commons/lang3/builder/ToStringStyle.java,1417,RelationalOperatorReplacement,if (i > 0) {,if (i >= 0) {,7639,
org/apache/commons/lang3/builder/ToStringStyle.java,1448,RelationalOperatorReplacement,for (int i = 0; i < array.length; i++) {,for (int i = 0; i <= array.length; i++) {,7640,
org/apache/commons/lang3/builder/ToStringStyle.java,1449,RelationalOperatorReplacement,if (i > 0) {,if (i >= 0) {,7641,
org/apache/commons/lang3/builder/ToStringStyle.java,1480,RelationalOperatorReplacement,if (i > 0) {,if (i >= 0) {,7642,
org/apache/commons/lang3/builder/ToStringStyle.java,1501,RelationalOperatorReplacement,for (int i = 0; i < array.length; i++) {,for (int i = 0; i <= array.length; i++) {,7644,
org/apache/commons/lang3/builder/ToStringStyle.java,1502,RelationalOperatorReplacement,if (i > 0) {,if (i >= 0) {,7645,
org/apache/commons/lang3/builder/ToStringStyle.java,1533,RelationalOperatorReplacement,for (int i = 0; i < array.length; i++) {,for (int i = 0; i <= array.length; i++) {,7646,
org/apache/commons/lang3/builder/ToStringStyle.java,1534,RelationalOperatorReplacement,if (i > 0) {,if (i >= 0) {,7647,
org/apache/commons/lang3/builder/ToStringStyle.java,1578,RelationalOperatorReplacement,for (int i = 0; i < array.length; i++) {,for (int i = 0; i <= array.length; i++) {,7648,
org/apache/commons/lang3/builder/ToStringStyle.java,1607,RelationalOperatorReplacement,for (int i = 0; i < array.length; i++) {,for (int i = 0; i <= array.length; i++) {,7649,
org/apache/commons/lang3/builder/ToStringStyle.java,1608,RelationalOperatorReplacement,if (i > 0) {,if (i >= 0) {,7650,
org/apache/commons/lang3/builder/ToStringStyle.java,2003,RelationalOperatorReplacement,if (pos1 != pos2 && pos1 >= 0 && pos2 >= 0) {,if (pos1 != pos2 && pos1 > 0 && pos2 >= 0) {,7656,
org/apache/commons/lang3/builder/ToStringStyle.java,2003,RelationalOperatorReplacement,if (pos1 != pos2 && pos1 >= 0 && pos2 >= 0) {,if (pos1 != pos2 && pos1 >= 0 && pos2 > 0) {,7657,
org/apache/commons/lang3/builder/ToStringStyle.java,2260,RelationalOperatorReplacement,for (int i = 0; i < length; i++) {,for (int i = 0; i <= length; i++) {,7659,
org/apache/commons/lang3/compare/ComparableUtils.java,94,RelationalOperatorReplacement,return a.compareTo(b) > 0;,return a.compareTo(b) >= 0;,7896,
org/apache/commons/lang3/compare/ComparableUtils.java,104,RelationalOperatorReplacement,return a.compareTo(b) >= 0;,return a.compareTo(b) > 0;,7897,
org/apache/commons/lang3/compare/ComparableUtils.java,114,RelationalOperatorReplacement,return a.compareTo(b) < 0;,return a.compareTo(b) <= 0;,7898,
org/apache/commons/lang3/compare/ComparableUtils.java,124,RelationalOperatorReplacement,return a.compareTo(b) <= 0;,return a.compareTo(b) < 0;,7899,
org/apache/commons/lang3/compare/ComparableUtils.java,223,RelationalOperatorReplacement,"return ObjectUtils.compare(comparable1, comparable2, false) > 0 ? comparable1 : comparable2;","return ObjectUtils.compare(comparable1, comparable2, false) >= 0 ? comparable1 : comparable2;",7900,
org/apache/commons/lang3/compare/ComparableUtils.java,240,RelationalOperatorReplacement,"return ObjectUtils.compare(comparable1, comparable2, true) < 0 ? comparable1 : comparable2;","return ObjectUtils.compare(comparable1, comparable2, true) <= 0 ? comparable1 : comparable2;",7901,
org/apache/commons/lang3/concurrent/EventCountCircuitBreaker.java,219,RelationalOperatorReplacement,return now - currentData.getCheckIntervalStart() > fetchCheckInterval(breaker);,return now - currentData.getCheckIntervalStart() >= fetchCheckInterval(breaker);,8243,
org/apache/commons/lang3/concurrent/EventCountCircuitBreaker.java,255,RelationalOperatorReplacement,return nextData.getEventCount() > breaker.getOpeningThreshold();,return nextData.getEventCount() >= breaker.getOpeningThreshold();,8244,
org/apache/commons/lang3/concurrent/EventCountCircuitBreaker.java,279,RelationalOperatorReplacement,&& currentData.getEventCount() < breaker.getClosingThreshold();,&& currentData.getEventCount() <= breaker.getClosingThreshold();,8246,
org/apache/commons/lang3/concurrent/ThresholdCircuitBreaker.java,118,RelationalOperatorReplacement,if (used > threshold) {,if (used >= threshold) {,8356,
org/apache/commons/lang3/concurrent/TimedSemaphore.java,265,RelationalOperatorReplacement,if (getLimit() <= NO_LIMIT || acquireCount < getLimit()) {,if (getLimit() < NO_LIMIT || acquireCount < getLimit()) {,8379,
org/apache/commons/lang3/concurrent/TimedSemaphore.java,265,RelationalOperatorReplacement,if (getLimit() <= NO_LIMIT || acquireCount < getLimit()) {,if (getLimit() <= NO_LIMIT || acquireCount <= getLimit()) {,8380,
org/apache/commons/lang3/exception/DefaultExceptionContext.java,111,RelationalOperatorReplacement,if (buffer.length() > 0) {,if (buffer.length() >= 0) {,8569,
org/apache/commons/lang3/exception/ExceptionUtils.java,371,RelationalOperatorReplacement,for (int i = count; --i >= 0;) {,for (int i = count; --i > 0;) {,8665,
org/apache/commons/lang3/exception/ExceptionUtils.java,585,RelationalOperatorReplacement,if (fromIndex < 0) {,if (fromIndex <= 0) {,8674,
org/apache/commons/lang3/exception/ExceptionUtils.java,589,RelationalOperatorReplacement,if (fromIndex >= throwables.length) {,if (fromIndex > throwables.length) {,8675,
org/apache/commons/lang3/exception/ExceptionUtils.java,593,RelationalOperatorReplacement,for (int i = fromIndex; i < throwables.length; i++) {,for (int i = fromIndex; i <= throwables.length; i++) {,8676,
org/apache/commons/lang3/exception/ExceptionUtils.java,599,RelationalOperatorReplacement,for (int i = fromIndex; i < throwables.length; i++) {,for (int i = fromIndex; i <= throwables.length; i++) {,8677,
org/apache/commons/lang3/exception/ExceptionUtils.java,809,RelationalOperatorReplacement,while (causeFrameIndex >= 0 && wrapperFrameIndex >= 0) {,while (causeFrameIndex > 0 && wrapperFrameIndex >= 0) {,8682,
org/apache/commons/lang3/exception/ExceptionUtils.java,809,RelationalOperatorReplacement,while (causeFrameIndex >= 0 && wrapperFrameIndex >= 0) {,while (causeFrameIndex >= 0 && wrapperFrameIndex > 0) {,8683,
org/apache/commons/lang3/exception/ExceptionUtils.java,929,RelationalOperatorReplacement,if (fromIndex < 0) {,if (fromIndex <= 0) {,8686,
org/apache/commons/lang3/exception/ExceptionUtils.java,933,RelationalOperatorReplacement,if (fromIndex >= throwables.length) {,if (fromIndex > throwables.length) {,8687,
org/apache/commons/lang3/exception/ExceptionUtils.java,937,RelationalOperatorReplacement,for (int i = fromIndex; i < throwables.length; i++) {,for (int i = fromIndex; i <= throwables.length; i++) {,8688,
org/apache/commons/lang3/exception/ExceptionUtils.java,943,RelationalOperatorReplacement,for (int i = fromIndex; i < throwables.length; i++) {,for (int i = fromIndex; i <= throwables.length; i++) {,8689,
org/apache/commons/lang3/math/Fraction.java,104,RelationalOperatorReplacement,if (s < Integer.MIN_VALUE || s > Integer.MAX_VALUE) {,if (s <= Integer.MIN_VALUE || s > Integer.MAX_VALUE) {,9230,
org/apache/commons/lang3/math/Fraction.java,104,RelationalOperatorReplacement,if (s < Integer.MIN_VALUE || s > Integer.MAX_VALUE) {,if (s < Integer.MIN_VALUE || s >= Integer.MAX_VALUE) {,9231,
org/apache/commons/lang3/math/Fraction.java,124,RelationalOperatorReplacement,final int sign = value < 0 ? -1 : 1;,final int sign = value <= 0 ? -1 : 1;,9232,
org/apache/commons/lang3/math/Fraction.java,126,RelationalOperatorReplacement,if (value > Integer.MAX_VALUE || Double.isNaN(value)) {,if (value >= Integer.MAX_VALUE || Double.isNaN(value)) {,9233,
org/apache/commons/lang3/math/Fraction.java,164,RelationalOperatorReplacement,} while (delta1 > delta2 && denom2 <= 10000 && denom2 > 0 && i < 25);,} while (delta1 >= delta2 && denom2 <= 10000 && denom2 > 0 && i < 25);,9234,
org/apache/commons/lang3/math/Fraction.java,164,RelationalOperatorReplacement,} while (delta1 > delta2 && denom2 <= 10000 && denom2 > 0 && i < 25);,} while (delta1 > delta2 && denom2 < 10000 && denom2 > 0 && i < 25);,9235,
org/apache/commons/lang3/math/Fraction.java,164,RelationalOperatorReplacement,} while (delta1 > delta2 && denom2 <= 10000 && denom2 > 0 && i < 25);,} while (delta1 > delta2 && denom2 <= 10000 && denom2 >= 0 && i < 25);,9236,
org/apache/commons/lang3/math/Fraction.java,164,RelationalOperatorReplacement,} while (delta1 > delta2 && denom2 <= 10000 && denom2 > 0 && i < 25);,} while (delta1 > delta2 && denom2 <= 10000 && denom2 > 0 && i <= 25);,9237,
org/apache/commons/lang3/math/Fraction.java,187,RelationalOperatorReplacement,if (denominator < 0) {,if (denominator <= 0) {,9240,
org/apache/commons/lang3/math/Fraction.java,216,RelationalOperatorReplacement,if (denominator < 0) {,if (denominator <= 0) {,9244,
org/apache/commons/lang3/math/Fraction.java,219,RelationalOperatorReplacement,if (numerator < 0) {,if (numerator <= 0) {,9245,
org/apache/commons/lang3/math/Fraction.java,223,RelationalOperatorReplacement,if (whole < 0) {,if (whole <= 0) {,9246,
org/apache/commons/lang3/math/Fraction.java,228,RelationalOperatorReplacement,if (numeratorValue < Integer.MIN_VALUE || numeratorValue > Integer.MAX_VALUE) {,if (numeratorValue <= Integer.MIN_VALUE || numeratorValue > Integer.MAX_VALUE) {,9247,
org/apache/commons/lang3/math/Fraction.java,228,RelationalOperatorReplacement,if (numeratorValue < Integer.MIN_VALUE || numeratorValue > Integer.MAX_VALUE) {,if (numeratorValue < Integer.MIN_VALUE || numeratorValue >= Integer.MAX_VALUE) {,9248,
org/apache/commons/lang3/math/Fraction.java,255,RelationalOperatorReplacement,if (pos >= 0) {,if (pos > 0) {,9249,
org/apache/commons/lang3/math/Fraction.java,261,RelationalOperatorReplacement,if (pos > 0) {,if (pos >= 0) {,9250,
org/apache/commons/lang3/math/Fraction.java,265,RelationalOperatorReplacement,if (pos < 0) {,if (pos <= 0) {,9251,
org/apache/commons/lang3/math/Fraction.java,275,RelationalOperatorReplacement,if (pos < 0) {,if (pos <= 0) {,9252,
org/apache/commons/lang3/math/Fraction.java,310,RelationalOperatorReplacement,if (denominator < 0) {,if (denominator <= 0) {,9257,
org/apache/commons/lang3/math/Fraction.java,350,RelationalOperatorReplacement,if (u > 0) {,if (u >= 0) {,9266,
org/apache/commons/lang3/math/Fraction.java,353,RelationalOperatorReplacement,if (v > 0) {,if (v >= 0) {,9267,
org/apache/commons/lang3/math/Fraction.java,358,RelationalOperatorReplacement,while ((u & 1) == 0 && (v & 1) == 0 && k < 31) { // while u and v are both even...,while ((u & 1) == 0 && (v & 1) == 0 && k <= 31) { // while u and v are both even...,9270,
org/apache/commons/lang3/math/Fraction.java,378,RelationalOperatorReplacement,if (t > 0) {,if (t >= 0) {,9274,
org/apache/commons/lang3/math/Fraction.java,402,RelationalOperatorReplacement,if (m < Integer.MIN_VALUE || m > Integer.MAX_VALUE) {,if (m <= Integer.MIN_VALUE || m > Integer.MAX_VALUE) {,9276,
org/apache/commons/lang3/math/Fraction.java,402,RelationalOperatorReplacement,if (m < Integer.MIN_VALUE || m > Integer.MAX_VALUE) {,if (m < Integer.MIN_VALUE || m >= Integer.MAX_VALUE) {,9277,
org/apache/commons/lang3/math/Fraction.java,420,RelationalOperatorReplacement,if (m > Integer.MAX_VALUE) {,if (m >= Integer.MAX_VALUE) {,9278,
org/apache/commons/lang3/math/Fraction.java,437,RelationalOperatorReplacement,if (s < Integer.MIN_VALUE || s > Integer.MAX_VALUE) {,if (s <= Integer.MIN_VALUE || s > Integer.MAX_VALUE) {,9279,
org/apache/commons/lang3/math/Fraction.java,437,RelationalOperatorReplacement,if (s < Integer.MIN_VALUE || s > Integer.MAX_VALUE) {,if (s < Integer.MIN_VALUE || s >= Integer.MAX_VALUE) {,9280,
org/apache/commons/lang3/math/Fraction.java,490,RelationalOperatorReplacement,if (numerator >= 0) {,if (numerator > 0) {,9281,
org/apache/commons/lang3/math/Fraction.java,552,RelationalOperatorReplacement,if (w.bitLength() > 31) {,if (w.bitLength() >= 31) {,9286,
org/apache/commons/lang3/math/Fraction.java,737,RelationalOperatorReplacement,if (numerator < 0) {,if (numerator <= 0) {,9297,
org/apache/commons/lang3/math/Fraction.java,810,RelationalOperatorReplacement,if (power < 0) {,if (power <= 0) {,9303,
org/apache/commons/lang3/math/Fraction.java,874,RelationalOperatorReplacement,} else if ((numerator > 0 ? -numerator : numerator) < -denominator) {,} else if ((numerator >= 0 ? -numerator : numerator) < -denominator) {,9312,
org/apache/commons/lang3/math/Fraction.java,874,RelationalOperatorReplacement,} else if ((numerator > 0 ? -numerator : numerator) < -denominator) {,} else if ((numerator > 0 ? -numerator : numerator) <= -denominator) {,9313,
org/apache/commons/lang3/math/IEEE754rUtils.java,47,RelationalOperatorReplacement,for (int j = 1; j < array.length; j++) {,for (int j = 1; j <= array.length; j++) {,9375,
org/apache/commons/lang3/math/IEEE754rUtils.java,102,RelationalOperatorReplacement,for (int j = 1; j < array.length; j++) {,for (int j = 1; j <= array.length; j++) {,9377,
org/apache/commons/lang3/math/IEEE754rUtils.java,157,RelationalOperatorReplacement,for (int i = 1; i < array.length; i++) {,for (int i = 1; i <= array.length; i++) {,9379,
org/apache/commons/lang3/math/IEEE754rUtils.java,212,RelationalOperatorReplacement,for (int i = 1; i < array.length; i++) {,for (int i = 1; i <= array.length; i++) {,9381,
org/apache/commons/lang3/math/NumberUtils.java,116,RelationalOperatorReplacement,return x < y ? -1 : 1;,return x <= y ? -1 : 1;,9603,
org/apache/commons/lang3/math/NumberUtils.java,133,RelationalOperatorReplacement,return x < y ? -1 : 1;,return x <= y ? -1 : 1;,9605,
org/apache/commons/lang3/math/NumberUtils.java,150,RelationalOperatorReplacement,return x < y ? -1 : 1;,return x <= y ? -1 : 1;,9607,
org/apache/commons/lang3/math/NumberUtils.java,208,RelationalOperatorReplacement,"} else if (str.startsWith(""0"", pos) && str.length() > pos + 1) { // octal; so long as there are additional digits","} else if (str.startsWith(""0"", pos) && str.length() >= pos + 1) { // octal; so long as there are additional digits",9612,
org/apache/commons/lang3/math/NumberUtils.java,338,RelationalOperatorReplacement,if (pfxLen > 0) { // we have a hex number,if (pfxLen >= 0) { // we have a hex number,9620,
org/apache/commons/lang3/math/NumberUtils.java,340,RelationalOperatorReplacement,for (int i = pfxLen; i < length; i++) {,for (int i = pfxLen; i <= length; i++) {,9621,
org/apache/commons/lang3/math/NumberUtils.java,348,RelationalOperatorReplacement,if (hexDigits > 16 || hexDigits == 16 && firstSigDigit > '7') { // too many for Long,if (hexDigits >= 16 || hexDigits == 16 && firstSigDigit > '7') { // too many for Long,9623,
org/apache/commons/lang3/math/NumberUtils.java,348,RelationalOperatorReplacement,if (hexDigits > 16 || hexDigits == 16 && firstSigDigit > '7') { // too many for Long,if (hexDigits > 16 || hexDigits == 16 && firstSigDigit >= '7') { // too many for Long,9625,
org/apache/commons/lang3/math/NumberUtils.java,351,RelationalOperatorReplacement,if (hexDigits > 8 || hexDigits == 8 && firstSigDigit > '7') { // too many for an int,if (hexDigits >= 8 || hexDigits == 8 && firstSigDigit > '7') { // too many for an int,9626,
org/apache/commons/lang3/math/NumberUtils.java,351,RelationalOperatorReplacement,if (hexDigits > 8 || hexDigits == 8 && firstSigDigit > '7') { // too many for an int,if (hexDigits > 8 || hexDigits == 8 && firstSigDigit >= '7') { // too many for an int,9628,
org/apache/commons/lang3/math/NumberUtils.java,367,RelationalOperatorReplacement,if (decPos > -1) { // there is a decimal point,if (decPos >= -1) { // there is a decimal point,9630,
org/apache/commons/lang3/math/NumberUtils.java,368,RelationalOperatorReplacement,if (expPos > -1) { // there is an exponent,if (expPos >= -1) { // there is an exponent,9631,
org/apache/commons/lang3/math/NumberUtils.java,369,RelationalOperatorReplacement,if (expPos <= decPos || expPos > length) { // prevents double exponent causing IOOBE,if (expPos < decPos || expPos > length) { // prevents double exponent causing IOOBE,9632,
org/apache/commons/lang3/math/NumberUtils.java,369,RelationalOperatorReplacement,if (expPos <= decPos || expPos > length) { // prevents double exponent causing IOOBE,if (expPos <= decPos || expPos >= length) { // prevents double exponent causing IOOBE,9633,
org/apache/commons/lang3/math/NumberUtils.java,379,RelationalOperatorReplacement,if (expPos > -1) {,if (expPos >= -1) {,9634,
org/apache/commons/lang3/math/NumberUtils.java,380,RelationalOperatorReplacement,if (expPos > length) { // prevents double exponent causing IOOBE,if (expPos >= length) { // prevents double exponent causing IOOBE,9635,
org/apache/commons/lang3/math/NumberUtils.java,391,RelationalOperatorReplacement,if (expPos > -1 && expPos < length - 1) {,if (expPos >= -1 && expPos < length - 1) {,9636,
org/apache/commons/lang3/math/NumberUtils.java,391,RelationalOperatorReplacement,if (expPos > -1 && expPos < length - 1) {,if (expPos > -1 && expPos <= length - 1) {,9637,
org/apache/commons/lang3/math/NumberUtils.java,450,RelationalOperatorReplacement,if (expPos > -1 && expPos < length - 1) {,if (expPos >= -1 && expPos < length - 1) {,9643,
org/apache/commons/lang3/math/NumberUtils.java,450,RelationalOperatorReplacement,if (expPos > -1 && expPos < length - 1) {,if (expPos > -1 && expPos <= length - 1) {,9644,
org/apache/commons/lang3/math/NumberUtils.java,506,RelationalOperatorReplacement,if (length <= (hasSign ? 1 : 0) || length < stopPos) {,if (length < (hasSign ? 1 : 0) || length < stopPos) {,9652,
org/apache/commons/lang3/math/NumberUtils.java,506,RelationalOperatorReplacement,if (length <= (hasSign ? 1 : 0) || length < stopPos) {,if (length <= (hasSign ? 1 : 0) || length <= stopPos) {,9653,
org/apache/commons/lang3/math/NumberUtils.java,524,RelationalOperatorReplacement,for (int i = str.length() - 1; i >= 0; i--) {,for (int i = str.length() - 1; i > 0; i--) {,9655,
org/apache/commons/lang3/math/NumberUtils.java,566,RelationalOperatorReplacement,"if (sz > start + 1 && chars[start] == '0' && !StringUtils.contains(str, '.')) { // leading 0, skip if is a decimal number","if (sz >= start + 1 && chars[start] == '0' && !StringUtils.contains(str, '.')) { // leading 0, skip if is a decimal number",9659,
org/apache/commons/lang3/math/NumberUtils.java,573,RelationalOperatorReplacement,for (; i < chars.length; i++) {,for (; i <= chars.length; i++) {,9664,
org/apache/commons/lang3/math/NumberUtils.java,574,RelationalOperatorReplacement,if ((chars[i] < '0' || chars[i] > '9'),if ((chars[i] <= '0' || chars[i] > '9'),9665,
org/apache/commons/lang3/math/NumberUtils.java,574,RelationalOperatorReplacement,if ((chars[i] < '0' || chars[i] > '9'),if ((chars[i] < '0' || chars[i] >= '9'),9666,
org/apache/commons/lang3/math/NumberUtils.java,575,RelationalOperatorReplacement,&& (chars[i] < 'a' || chars[i] > 'f'),&& (chars[i] <= 'a' || chars[i] > 'f'),9667,
org/apache/commons/lang3/math/NumberUtils.java,575,RelationalOperatorReplacement,&& (chars[i] < 'a' || chars[i] > 'f'),&& (chars[i] < 'a' || chars[i] >= 'f'),9668,
org/apache/commons/lang3/math/NumberUtils.java,576,RelationalOperatorReplacement,&& (chars[i] < 'A' || chars[i] > 'F')) {,&& (chars[i] <= 'A' || chars[i] > 'F')) {,9669,
org/apache/commons/lang3/math/NumberUtils.java,576,RelationalOperatorReplacement,&& (chars[i] < 'A' || chars[i] > 'F')) {,&& (chars[i] < 'A' || chars[i] >= 'F')) {,9670,
org/apache/commons/lang3/math/NumberUtils.java,585,RelationalOperatorReplacement,for (; i < chars.length; i++) {,for (; i <= chars.length; i++) {,9671,
org/apache/commons/lang3/math/NumberUtils.java,586,RelationalOperatorReplacement,if (chars[i] < '0' || chars[i] > '7') {,if (chars[i] <= '0' || chars[i] > '7') {,9672,
org/apache/commons/lang3/math/NumberUtils.java,586,RelationalOperatorReplacement,if (chars[i] < '0' || chars[i] > '7') {,if (chars[i] < '0' || chars[i] >= '7') {,9673,
org/apache/commons/lang3/math/NumberUtils.java,598,RelationalOperatorReplacement,while (i < sz || i < sz + 1 && allowSigns && !foundDigit) {,while (i <= sz || i < sz + 1 && allowSigns && !foundDigit) {,9674,
org/apache/commons/lang3/math/NumberUtils.java,598,RelationalOperatorReplacement,while (i < sz || i < sz + 1 && allowSigns && !foundDigit) {,while (i < sz || i <= sz + 1 && allowSigns && !foundDigit) {,9675,
org/apache/commons/lang3/math/NumberUtils.java,599,RelationalOperatorReplacement,if (chars[i] >= '0' && chars[i] <= '9') {,if (chars[i] > '0' && chars[i] <= '9') {,9676,
org/apache/commons/lang3/math/NumberUtils.java,599,RelationalOperatorReplacement,if (chars[i] >= '0' && chars[i] <= '9') {,if (chars[i] >= '0' && chars[i] < '9') {,9677,
org/apache/commons/lang3/math/NumberUtils.java,631,RelationalOperatorReplacement,if (i < chars.length) {,if (i <= chars.length) {,9683,
org/apache/commons/lang3/math/NumberUtils.java,632,RelationalOperatorReplacement,if (chars[i] >= '0' && chars[i] <= '9') {,if (chars[i] > '0' && chars[i] <= '9') {,9684,
org/apache/commons/lang3/math/NumberUtils.java,632,RelationalOperatorReplacement,if (chars[i] >= '0' && chars[i] <= '9') {,if (chars[i] >= '0' && chars[i] < '9') {,9685,
org/apache/commons/lang3/math/NumberUtils.java,789,RelationalOperatorReplacement,for (int i = 1; i < array.length; i++) {,for (int i = 1; i <= array.length; i++) {,9698,
org/apache/commons/lang3/math/NumberUtils.java,790,RelationalOperatorReplacement,if (array[i] > max) {,if (array[i] >= max) {,9699,
org/apache/commons/lang3/math/NumberUtils.java,806,RelationalOperatorReplacement,if (b > a) {,if (b >= a) {,9700,
org/apache/commons/lang3/math/NumberUtils.java,809,RelationalOperatorReplacement,if (c > a) {,if (c >= a) {,9701,
org/apache/commons/lang3/math/NumberUtils.java,830,RelationalOperatorReplacement,for (int j = 1; j < array.length; j++) {,for (int j = 1; j <= array.length; j++) {,9702,
org/apache/commons/lang3/math/NumberUtils.java,834,RelationalOperatorReplacement,if (array[j] > max) {,if (array[j] >= max) {,9703,
org/apache/commons/lang3/math/NumberUtils.java,872,RelationalOperatorReplacement,for (int j = 1; j < array.length; j++) {,for (int j = 1; j <= array.length; j++) {,9704,
org/apache/commons/lang3/math/NumberUtils.java,876,RelationalOperatorReplacement,if (array[j] > max) {,if (array[j] >= max) {,9705,
org/apache/commons/lang3/math/NumberUtils.java,948,RelationalOperatorReplacement,for (int j = 1; j < array.length; j++) {,for (int j = 1; j <= array.length; j++) {,9706,
org/apache/commons/lang3/math/NumberUtils.java,949,RelationalOperatorReplacement,if (array[j] > max) {,if (array[j] >= max) {,9707,
org/apache/commons/lang3/math/NumberUtils.java,965,RelationalOperatorReplacement,if (b > a) {,if (b >= a) {,9708,
org/apache/commons/lang3/math/NumberUtils.java,968,RelationalOperatorReplacement,if (c > a) {,if (c >= a) {,9709,
org/apache/commons/lang3/math/NumberUtils.java,988,RelationalOperatorReplacement,for (int j = 1; j < array.length; j++) {,for (int j = 1; j <= array.length; j++) {,9710,
org/apache/commons/lang3/math/NumberUtils.java,989,RelationalOperatorReplacement,if (array[j] > max) {,if (array[j] >= max) {,9711,
org/apache/commons/lang3/math/NumberUtils.java,1006,RelationalOperatorReplacement,if (b > a) {,if (b >= a) {,9712,
org/apache/commons/lang3/math/NumberUtils.java,1009,RelationalOperatorReplacement,if (c > a) {,if (c >= a) {,9713,
org/apache/commons/lang3/math/NumberUtils.java,1030,RelationalOperatorReplacement,for (int i = 1; i < array.length; i++) {,for (int i = 1; i <= array.length; i++) {,9714,
org/apache/commons/lang3/math/NumberUtils.java,1031,RelationalOperatorReplacement,if (array[i] > max) {,if (array[i] >= max) {,9715,
org/apache/commons/lang3/math/NumberUtils.java,1047,RelationalOperatorReplacement,if (b > a) {,if (b >= a) {,9716,
org/apache/commons/lang3/math/NumberUtils.java,1050,RelationalOperatorReplacement,if (c > a) {,if (c >= a) {,9717,
org/apache/commons/lang3/math/NumberUtils.java,1070,RelationalOperatorReplacement,for (int i = 1; i < array.length; i++) {,for (int i = 1; i <= array.length; i++) {,9718,
org/apache/commons/lang3/math/NumberUtils.java,1071,RelationalOperatorReplacement,if (array[i] < min) {,if (array[i] <= min) {,9719,
org/apache/commons/lang3/math/NumberUtils.java,1087,RelationalOperatorReplacement,if (b < a) {,if (b <= a) {,9720,
org/apache/commons/lang3/math/NumberUtils.java,1090,RelationalOperatorReplacement,if (c < a) {,if (c <= a) {,9721,
org/apache/commons/lang3/math/NumberUtils.java,1112,RelationalOperatorReplacement,for (int i = 1; i < array.length; i++) {,for (int i = 1; i <= array.length; i++) {,9722,
org/apache/commons/lang3/math/NumberUtils.java,1116,RelationalOperatorReplacement,if (array[i] < min) {,if (array[i] <= min) {,9723,
org/apache/commons/lang3/math/NumberUtils.java,1155,RelationalOperatorReplacement,for (int i = 1; i < array.length; i++) {,for (int i = 1; i <= array.length; i++) {,9724,
org/apache/commons/lang3/math/NumberUtils.java,1159,RelationalOperatorReplacement,if (array[i] < min) {,if (array[i] <= min) {,9725,
org/apache/commons/lang3/math/NumberUtils.java,1196,RelationalOperatorReplacement,for (int j = 1; j < array.length; j++) {,for (int j = 1; j <= array.length; j++) {,9726,
org/apache/commons/lang3/math/NumberUtils.java,1197,RelationalOperatorReplacement,if (array[j] < min) {,if (array[j] <= min) {,9727,
org/apache/commons/lang3/math/NumberUtils.java,1213,RelationalOperatorReplacement,if (b < a) {,if (b <= a) {,9728,
org/apache/commons/lang3/math/NumberUtils.java,1216,RelationalOperatorReplacement,if (c < a) {,if (c <= a) {,9729,
org/apache/commons/lang3/math/NumberUtils.java,1236,RelationalOperatorReplacement,for (int i = 1; i < array.length; i++) {,for (int i = 1; i <= array.length; i++) {,9730,
org/apache/commons/lang3/math/NumberUtils.java,1237,RelationalOperatorReplacement,if (array[i] < min) {,if (array[i] <= min) {,9731,
org/apache/commons/lang3/math/NumberUtils.java,1254,RelationalOperatorReplacement,if (b < a) {,if (b <= a) {,9732,
org/apache/commons/lang3/math/NumberUtils.java,1257,RelationalOperatorReplacement,if (c < a) {,if (c <= a) {,9733,
org/apache/commons/lang3/math/NumberUtils.java,1277,RelationalOperatorReplacement,for (int i = 1; i < array.length; i++) {,for (int i = 1; i <= array.length; i++) {,9734,
org/apache/commons/lang3/math/NumberUtils.java,1278,RelationalOperatorReplacement,if (array[i] < min) {,if (array[i] <= min) {,9735,
org/apache/commons/lang3/math/NumberUtils.java,1295,RelationalOperatorReplacement,if (b < a) {,if (b <= a) {,9736,
org/apache/commons/lang3/math/NumberUtils.java,1298,RelationalOperatorReplacement,if (c < a) {,if (c <= a) {,9737,
org/apache/commons/lang3/math/NumberUtils.java,1796,RelationalOperatorReplacement,for (int i = beginIdx; i < str.length(); i++) {,for (int i = beginIdx; i <= str.length(); i++) {,9745,
org/apache/commons/lang3/math/NumberUtils.java,1802,RelationalOperatorReplacement,if (decimalPoints > 1) {,if (decimalPoints >= 1) {,9747,
org/apache/commons/lang3/reflect/ConstructorUtils.java,132,RelationalOperatorReplacement,"if (result == null || MemberUtils.compareConstructorFit(ctor, result, parameterTypes) < 0) {","if (result == null || MemberUtils.compareConstructorFit(ctor, result, parameterTypes) <= 0) {",10324,
org/apache/commons/lang3/reflect/InheritanceUtils.java,53,RelationalOperatorReplacement,return d > 0 ? d + 1 : -1;,return d >= 0 ? d + 1 : -1;,10436,
org/apache/commons/lang3/reflect/MemberUtils.java,183,RelationalOperatorReplacement,for (int i = 0; cls != destClass && i < ORDERED_PRIMITIVE_TYPES.length; i++) {,for (int i = 0; cls != destClass && i <= ORDERED_PRIMITIVE_TYPES.length; i++) {,10502,
org/apache/commons/lang3/reflect/MemberUtils.java,186,RelationalOperatorReplacement,if (i < ORDERED_PRIMITIVE_TYPES.length - 1) {,if (i <= ORDERED_PRIMITIVE_TYPES.length - 1) {,10504,
org/apache/commons/lang3/reflect/MemberUtils.java,208,RelationalOperatorReplacement,if (srcArgs.length < normalArgsLen) {,if (srcArgs.length <= normalArgsLen) {,10505,
org/apache/commons/lang3/reflect/MemberUtils.java,211,RelationalOperatorReplacement,for (int i = 0; i < normalArgsLen; i++) {,for (int i = 0; i <= normalArgsLen; i++) {,10506,
org/apache/commons/lang3/reflect/MemberUtils.java,217,RelationalOperatorReplacement,final boolean noVarArgsPassed = srcArgs.length < destArgs.length;,final boolean noVarArgsPassed = srcArgs.length <= destArgs.length;,10507,
org/apache/commons/lang3/reflect/MemberUtils.java,231,RelationalOperatorReplacement,for (int i = destArgs.length - 1; i < srcArgs.length; i++) {,for (int i = destArgs.length - 1; i <= srcArgs.length; i++) {,10510,
org/apache/commons/lang3/reflect/MemberUtils.java,261,RelationalOperatorReplacement,for (i = 0; i < methodParameterTypes.length - 1 && i < parameterTypes.length; i++) {,for (i = 0; i <= methodParameterTypes.length - 1 && i < parameterTypes.length; i++) {,10511,
org/apache/commons/lang3/reflect/MemberUtils.java,261,RelationalOperatorReplacement,for (i = 0; i < methodParameterTypes.length - 1 && i < parameterTypes.length; i++) {,for (i = 0; i < methodParameterTypes.length - 1 && i <= parameterTypes.length; i++) {,10512,
org/apache/commons/lang3/reflect/MemberUtils.java,267,RelationalOperatorReplacement,for (; i < parameterTypes.length; i++) {,for (; i <= parameterTypes.length; i++) {,10513,
org/apache/commons/lang3/reflect/MethodUtils.java,80,RelationalOperatorReplacement,for (int offset = 0; offset < fromClassArray.length; offset++) {,for (int offset = 0; offset <= fromClassArray.length; offset++) {,10679,
org/apache/commons/lang3/reflect/MethodUtils.java,233,RelationalOperatorReplacement,while (interfaceIndex < allInterfaces.size() ||,while (interfaceIndex <= allInterfaces.size() ||,10686,
org/apache/commons/lang3/reflect/MethodUtils.java,234,RelationalOperatorReplacement,superClassIndex < allSuperclasses.size()) {,superClassIndex <= allSuperclasses.size()) {,10687,
org/apache/commons/lang3/reflect/MethodUtils.java,236,RelationalOperatorReplacement,if (interfaceIndex >= allInterfaces.size()) {,if (interfaceIndex > allInterfaces.size()) {,10688,
org/apache/commons/lang3/reflect/MethodUtils.java,238,RelationalOperatorReplacement,} else if (superClassIndex >= allSuperclasses.size() || !(superClassIndex < interfaceIndex)) {,} else if (superClassIndex > allSuperclasses.size() || !(superClassIndex < interfaceIndex)) {,10689,
org/apache/commons/lang3/reflect/MethodUtils.java,238,RelationalOperatorReplacement,} else if (superClassIndex >= allSuperclasses.size() || !(superClassIndex < interfaceIndex)) {,} else if (superClassIndex >= allSuperclasses.size() || !(superClassIndex <= interfaceIndex)) {,10690,
org/apache/commons/lang3/reflect/MethodUtils.java,339,RelationalOperatorReplacement,"if (accessibleMethod != null && (bestMatch == null || MemberUtils.compareMethodFit(accessibleMethod, bestMatch, parameterTypes) < 0)) {","if (accessibleMethod != null && (bestMatch == null || MemberUtils.compareMethodFit(accessibleMethod, bestMatch, parameterTypes) <= 0)) {",10697,
org/apache/commons/lang3/reflect/MethodUtils.java,347,RelationalOperatorReplacement,if (bestMatch != null && bestMatch.isVarArgs() && bestMatch.getParameterTypes().length > 0 && parameterTypes.length > 0) {,if (bestMatch != null && bestMatch.isVarArgs() && bestMatch.getParameterTypes().length >= 0 && parameterTypes.length > 0) {,10700,
org/apache/commons/lang3/reflect/MethodUtils.java,347,RelationalOperatorReplacement,if (bestMatch != null && bestMatch.isVarArgs() && bestMatch.getParameterTypes().length > 0 && parameterTypes.length > 0) {,if (bestMatch != null && bestMatch.isVarArgs() && bestMatch.getParameterTypes().length > 0 && parameterTypes.length >= 0) {,10701,
org/apache/commons/lang3/reflect/MethodUtils.java,560,RelationalOperatorReplacement,for (int i = 0; i < parameterTypes.length; i++) {,for (int i = 0; i <= parameterTypes.length; i++) {,10708,
org/apache/commons/lang3/reflect/TypeUtils.java,572,NullifyReturnValue,return indexesToRemove;,return null;,10911,
org/apache/commons/lang3/reflect/TypeUtils.java,332,RelationalOperatorReplacement,for (int i = 0; i < recursiveTypeIndexes.length; i++) {,for (int i = 0; i <= recursiveTypeIndexes.length; i++) {,10977,
org/apache/commons/lang3/reflect/TypeUtils.java,337,RelationalOperatorReplacement,if (argumentsFiltered.length > 0) {,if (argumentsFiltered.length >= 0) {,10978,
org/apache/commons/lang3/reflect/TypeUtils.java,361,RelationalOperatorReplacement,if (cls.getTypeParameters().length > 0) {,if (cls.getTypeParameters().length >= 0) {,10980,
org/apache/commons/lang3/reflect/TypeUtils.java,380,RelationalOperatorReplacement,return ((Class<?>) type).getTypeParameters().length > 0;,return ((Class<?>) type).getTypeParameters().length >= 0;,10981,
org/apache/commons/lang3/reflect/TypeUtils.java,520,RelationalOperatorReplacement,for (int i = 0; i < type1.length; i++) {,for (int i = 0; i <= type1.length; i++) {,10983,
org/apache/commons/lang3/reflect/TypeUtils.java,566,RelationalOperatorReplacement,for (int i = 0; i < filteredArgumentTypes.length; i++) {,for (int i = 0; i <= filteredArgumentTypes.length; i++) {,10984,
org/apache/commons/lang3/reflect/TypeUtils.java,881,RelationalOperatorReplacement,for (int i = 0; i < typeParams.length; i++) {,for (int i = 0; i <= typeParams.length; i++) {,10995,
org/apache/commons/lang3/reflect/TypeUtils.java,1420,RelationalOperatorReplacement,for (int i = 0; i < typeArgs.length; i++) {,for (int i = 0; i <= typeArgs.length; i++) {,11014,
org/apache/commons/lang3/reflect/TypeUtils.java,1462,RelationalOperatorReplacement,if (bounds.length < 2) {,if (bounds.length <= 2) {,11015,
org/apache/commons/lang3/reflect/TypeUtils.java,1535,RelationalOperatorReplacement,if (recursiveTypeIndexes.length > 0) {,if (recursiveTypeIndexes.length >= 0) {,11018,
org/apache/commons/lang3/reflect/TypeUtils.java,1702,RelationalOperatorReplacement,if (bounds.length > 0 && !(bounds.length == 1 && Object.class.equals(bounds[0]))) {,if (bounds.length >= 0 && !(bounds.length == 1 && Object.class.equals(bounds[0]))) {,11026,
org/apache/commons/lang3/reflect/TypeUtils.java,1719,RelationalOperatorReplacement,for (; i < result.length; i++) {,for (; i <= result.length; i++) {,11028,
org/apache/commons/lang3/reflect/TypeUtils.java,1775,RelationalOperatorReplacement,for (int i = 0; i < args.length; i++) {,for (int i = 0; i <= args.length; i++) {,11032,
org/apache/commons/lang3/reflect/TypeUtils.java,1812,RelationalOperatorReplacement,if (lowerBounds.length > 1 || lowerBounds.length == 1 && lowerBounds[0] != null) {,if (lowerBounds.length >= 1 || lowerBounds.length == 1 && lowerBounds[0] != null) {,11034,
org/apache/commons/lang3/reflect/TypeUtils.java,1814,RelationalOperatorReplacement,} else if (upperBounds.length > 1 || upperBounds.length == 1 && !Object.class.equals(upperBounds[0])) {,} else if (upperBounds.length >= 1 || upperBounds.length == 1 && !Object.class.equals(upperBounds[0])) {,11037,
org/apache/commons/lang3/text/ExtendedMessageFormat.java,162,RelationalOperatorReplacement,for (int i = pos.getIndex(); i < pattern.length(); i++) {,for (int i = pos.getIndex(); i <= pattern.length(); i++) {,11375,
org/apache/commons/lang3/text/ExtendedMessageFormat.java,193,RelationalOperatorReplacement,while (pos.getIndex() < pattern.length()) {,while (pos.getIndex() <= pattern.length()) {,11379,
org/apache/commons/lang3/text/ExtendedMessageFormat.java,296,RelationalOperatorReplacement,if (i > 0) {,if (i >= 0) {,11391,
org/apache/commons/lang3/text/ExtendedMessageFormat.java,344,RelationalOperatorReplacement,while (pos.getIndex() < pattern.length()) {,while (pos.getIndex() <= pattern.length()) {,11393,
org/apache/commons/lang3/text/ExtendedMessageFormat.java,396,RelationalOperatorReplacement,for (; pos.getIndex() < pattern.length(); next(pos)) {,for (; pos.getIndex() <= pattern.length(); next(pos)) {,11396,
org/apache/commons/lang3/text/ExtendedMessageFormat.java,430,RelationalOperatorReplacement,for (; !error && pos.getIndex() < pattern.length(); next(pos)) {,for (; !error && pos.getIndex() <= pattern.length(); next(pos)) {,11398,
org/apache/commons/lang3/text/ExtendedMessageFormat.java,440,RelationalOperatorReplacement,if ((c == START_FMT || c == END_FE) && result.length() > 0) {,if ((c == START_FMT || c == END_FE) && result.length() >= 0) {,11403,
org/apache/commons/lang3/text/ExtendedMessageFormat.java,472,RelationalOperatorReplacement,} while (len > 0 && pos.getIndex() < pattern.length());,} while (len >= 0 && pos.getIndex() < pattern.length());,11404,
org/apache/commons/lang3/text/ExtendedMessageFormat.java,472,RelationalOperatorReplacement,} while (len > 0 && pos.getIndex() < pattern.length());,} while (len > 0 && pos.getIndex() <= pattern.length());,11405,
org/apache/commons/lang3/text/FormattableUtils.java,96,RelationalOperatorReplacement,"Validate.isTrue(ellipsis == null || precision < 0 || ellipsis.length() <= precision,","Validate.isTrue(ellipsis == null || precision <= 0 || ellipsis.length() <= precision,",11454,
org/apache/commons/lang3/text/FormattableUtils.java,96,RelationalOperatorReplacement,"Validate.isTrue(ellipsis == null || precision < 0 || ellipsis.length() <= precision,","Validate.isTrue(ellipsis == null || precision < 0 || ellipsis.length() < precision,",11455,
org/apache/commons/lang3/text/FormattableUtils.java,99,RelationalOperatorReplacement,if (precision >= 0 && precision < seq.length()) {,if (precision > 0 && precision < seq.length()) {,11456,
org/apache/commons/lang3/text/FormattableUtils.java,99,RelationalOperatorReplacement,if (precision >= 0 && precision < seq.length()) {,if (precision >= 0 && precision <= seq.length()) {,11457,
org/apache/commons/lang3/text/FormattableUtils.java,104,RelationalOperatorReplacement,for (int i = buf.length(); i < width; i++) {,for (int i = buf.length(); i <= width; i++) {,11459,
org/apache/commons/lang3/text/StrMatcher.java,98,RelationalOperatorReplacement,"return Arrays.binarySearch(chars, buffer[pos]) >= 0 ? 1 : 0;","return Arrays.binarySearch(chars, buffer[pos]) > 0 ? 1 : 0;",11525,
org/apache/commons/lang3/text/StrMatcher.java,154,RelationalOperatorReplacement,if (pos + len > bufferEnd) {,if (pos + len >= bufferEnd) {,11526,
org/apache/commons/lang3/text/StrMatcher.java,157,RelationalOperatorReplacement,"for (int i = 0; i < chars.length; i++, pos++) {","for (int i = 0; i <= chars.length; i++, pos++) {",11527,
org/apache/commons/lang3/text/StrMatcher.java,193,RelationalOperatorReplacement,return buffer[pos] <= 32 ? 1 : 0;,return buffer[pos] < 32 ? 1 : 0;,11529,
org/apache/commons/lang3/text/StrSubstitutor.java,1097,RelationalOperatorReplacement,"return substitute(buf, offset, length, null) > 0;","return substitute(buf, offset, length, null) >= 0;",11684,
org/apache/commons/lang3/text/StrSubstitutor.java,1125,RelationalOperatorReplacement,while (pos < bufEnd) {,while (pos <= bufEnd) {,11686,
org/apache/commons/lang3/text/StrSubstitutor.java,1131,RelationalOperatorReplacement,if (pos > offset && chars[pos - 1] == escape) {,if (pos >= offset && chars[pos - 1] == escape) {,11688,
org/apache/commons/lang3/text/StrSubstitutor.java,1148,RelationalOperatorReplacement,while (pos < bufEnd) {,while (pos <= bufEnd) {,11690,
org/apache/commons/lang3/text/StrSubstitutor.java,1182,RelationalOperatorReplacement,for (int i = 0; i < varNameExprChars.length; i++) {,for (int i = 0; i <= varNameExprChars.length; i++) {,11695,
org/apache/commons/lang3/text/StrTokenizer.java,565,RelationalOperatorReplacement,return tokenPos < tokens.length;,return tokenPos <= tokens.length;,11882,
org/apache/commons/lang3/text/StrTokenizer.java,576,RelationalOperatorReplacement,return tokenPos > 0;,return tokenPos >= 0;,11883,
org/apache/commons/lang3/text/StrTokenizer.java,611,RelationalOperatorReplacement,for (int i = 0; i < quoteLen; i++) {,for (int i = 0; i <= quoteLen; i++) {,11884,
org/apache/commons/lang3/text/StrTokenizer.java,612,RelationalOperatorReplacement,if (pos + i >= len || srcChars[pos + i] != srcChars[quoteStart + i]) {,if (pos + i > len || srcChars[pos + i] != srcChars[quoteStart + i]) {,11885,
org/apache/commons/lang3/text/StrTokenizer.java,706,RelationalOperatorReplacement,while (start < len) {,while (start <= len) {,11887,
org/apache/commons/lang3/text/StrTokenizer.java,711,RelationalOperatorReplacement,"getDelimiterMatcher().isMatch(srcChars, start, start, len) > 0 ||","getDelimiterMatcher().isMatch(srcChars, start, start, len) >= 0 ||",11889,
org/apache/commons/lang3/text/StrTokenizer.java,712,RelationalOperatorReplacement,"getQuoteMatcher().isMatch(srcChars, start, start, len) > 0) {","getQuoteMatcher().isMatch(srcChars, start, start, len) >= 0) {",11890,
org/apache/commons/lang3/text/StrTokenizer.java,719,RelationalOperatorReplacement,if (start >= len) {,if (start > len) {,11891,
org/apache/commons/lang3/text/StrTokenizer.java,726,RelationalOperatorReplacement,if (delimLen > 0) {,if (delimLen >= 0) {,11892,
org/apache/commons/lang3/text/StrTokenizer.java,733,RelationalOperatorReplacement,if (quoteLen > 0) {,if (quoteLen >= 0) {,11893,
org/apache/commons/lang3/text/StrTokenizer.java,759,RelationalOperatorReplacement,boolean quoting = quoteLen > 0;,boolean quoting = quoteLen >= 0;,11894,
org/apache/commons/lang3/text/StrTokenizer.java,762,RelationalOperatorReplacement,while (pos < len) {,while (pos <= len) {,11895,
org/apache/commons/lang3/text/StrTokenizer.java,793,RelationalOperatorReplacement,if (delimLen > 0) {,if (delimLen >= 0) {,11896,
org/apache/commons/lang3/text/StrTokenizer.java,800,RelationalOperatorReplacement,"if (quoteLen > 0 && isQuote(srcChars, pos, len, quoteStart, quoteLen)) {","if (quoteLen >= 0 && isQuote(srcChars, pos, len, quoteStart, quoteLen)) {",11897,
org/apache/commons/lang3/text/StrTokenizer.java,808,RelationalOperatorReplacement,if (ignoredLen > 0) {,if (ignoredLen >= 0) {,11898,
org/apache/commons/lang3/text/StrTokenizer.java,817,RelationalOperatorReplacement,if (trimmedLen > 0) {,if (trimmedLen >= 0) {,11899,
org/apache/commons/lang3/text/StrTokenizer.java,1082,RelationalOperatorReplacement,while (pos >= 0 && pos < count) {,while (pos > 0 && pos < count) {,11905,
org/apache/commons/lang3/text/StrTokenizer.java,1082,RelationalOperatorReplacement,while (pos >= 0 && pos < count) {,while (pos >= 0 && pos <= count) {,11906,
org/apache/commons/lang3/text/StrTokenizer.java,1087,RelationalOperatorReplacement,if (pos >= count) {,if (pos > count) {,11907,
org/apache/commons/lang3/text/WordUtils.java,103,RelationalOperatorReplacement,for (int i = 0; i < buffer.length; i++) {,for (int i = 0; i <= buffer.length; i++) {,12047,
org/apache/commons/lang3/text/WordUtils.java,272,RelationalOperatorReplacement,for (int i = 0; i < strLen; i++) {,for (int i = 0; i <= strLen; i++) {,12052,
org/apache/commons/lang3/text/WordUtils.java,327,RelationalOperatorReplacement,for (int i = 0; i < buffer.length; i++) {,for (int i = 0; i <= buffer.length; i++) {,12054,
org/apache/commons/lang3/text/WordUtils.java,399,RelationalOperatorReplacement,for (int i = 0; i < buffer.length; i++) {,for (int i = 0; i <= buffer.length; i++) {,12057,
org/apache/commons/lang3/text/WordUtils.java,638,RelationalOperatorReplacement,if (wrapLength < 1) {,if (wrapLength <= 1) {,12060,
org/apache/commons/lang3/text/WordUtils.java,649,RelationalOperatorReplacement,while (offset < inputLineLength) {,while (offset <= inputLineLength) {,12061,
org/apache/commons/lang3/text/WordUtils.java,662,RelationalOperatorReplacement,if (inputLineLength - offset <= wrapLength) {,if (inputLineLength - offset < wrapLength) {,12063,
org/apache/commons/lang3/text/WordUtils.java,670,RelationalOperatorReplacement,if (spaceToWrapAt >= offset) {,if (spaceToWrapAt > offset) {,12064,
org/apache/commons/lang3/text/WordUtils.java,689,RelationalOperatorReplacement,if (spaceToWrapAt >= 0) {,if (spaceToWrapAt > 0) {,12065,
org/apache/commons/lang3/text/translate/CharSequenceTranslator.java,110,RelationalOperatorReplacement,while (pos < len) {,while (pos <= len) {,12120,
org/apache/commons/lang3/text/translate/CharSequenceTranslator.java,118,RelationalOperatorReplacement,if (Character.isHighSurrogate(c1) && pos < len) {,if (Character.isHighSurrogate(c1) && pos <= len) {,12122,
org/apache/commons/lang3/text/translate/CharSequenceTranslator.java,129,RelationalOperatorReplacement,for (int pt = 0; pt < consumed; pt++) {,for (int pt = 0; pt <= consumed; pt++) {,12123,
org/apache/commons/lang3/text/translate/EntityArrays.java,416,RelationalOperatorReplacement,for (int i = 0; i < array.length; i++) {,for (int i = 0; i <= array.length; i++) {,12146,
org/apache/commons/lang3/text/translate/LookupTranslator.java,59,RelationalOperatorReplacement,if (sz < tmpShortest) {,if (sz <= tmpShortest) {,12178,
org/apache/commons/lang3/text/translate/LookupTranslator.java,62,RelationalOperatorReplacement,if (sz > tmpLongest) {,if (sz >= tmpLongest) {,12179,
org/apache/commons/lang3/text/translate/LookupTranslator.java,79,RelationalOperatorReplacement,if (index + longest > input.length()) {,if (index + longest >= input.length()) {,12180,
org/apache/commons/lang3/text/translate/LookupTranslator.java,83,RelationalOperatorReplacement,for (int i = max; i >= shortest; i--) {,for (int i = max; i > shortest; i--) {,12181,
org/apache/commons/lang3/text/translate/NumericEntityEscaper.java,108,RelationalOperatorReplacement,if (codePoint < below || codePoint > above) {,if (codePoint <= below || codePoint > above) {,12195,
org/apache/commons/lang3/text/translate/NumericEntityEscaper.java,108,RelationalOperatorReplacement,if (codePoint < below || codePoint > above) {,if (codePoint < below || codePoint >= above) {,12196,
org/apache/commons/lang3/text/translate/NumericEntityEscaper.java,111,RelationalOperatorReplacement,} else if (codePoint >= below && codePoint <= above) {,} else if (codePoint > below && codePoint <= above) {,12197,
org/apache/commons/lang3/text/translate/NumericEntityEscaper.java,111,RelationalOperatorReplacement,} else if (codePoint >= below && codePoint <= above) {,} else if (codePoint >= below && codePoint < above) {,12198,
org/apache/commons/lang3/text/translate/NumericEntityUnescaper.java,78,RelationalOperatorReplacement,if (options.length > 0) {,if (options.length >= 0) {,12227,
org/apache/commons/lang3/text/translate/NumericEntityUnescaper.java,102,RelationalOperatorReplacement,if (input.charAt(index) == '&' && index < seqEnd - 2 && input.charAt(index + 1) == '#') {,if (input.charAt(index) == '&' && index <= seqEnd - 2 && input.charAt(index + 1) == '#') {,12230,
org/apache/commons/lang3/text/translate/NumericEntityUnescaper.java,119,RelationalOperatorReplacement,while (end < seqEnd && ( input.charAt(end) >= '0' && input.charAt(end) <= '9' ||,while (end <= seqEnd && ( input.charAt(end) >= '0' && input.charAt(end) <= '9' ||,12235,
org/apache/commons/lang3/text/translate/NumericEntityUnescaper.java,119,RelationalOperatorReplacement,while (end < seqEnd && ( input.charAt(end) >= '0' && input.charAt(end) <= '9' ||,while (end < seqEnd && ( input.charAt(end) > '0' && input.charAt(end) <= '9' ||,12236,
org/apache/commons/lang3/text/translate/NumericEntityUnescaper.java,119,RelationalOperatorReplacement,while (end < seqEnd && ( input.charAt(end) >= '0' && input.charAt(end) <= '9' ||,while (end < seqEnd && ( input.charAt(end) >= '0' && input.charAt(end) < '9' ||,12237,
org/apache/commons/lang3/text/translate/NumericEntityUnescaper.java,120,RelationalOperatorReplacement,input.charAt(end) >= 'a' && input.charAt(end) <= 'f' ||,input.charAt(end) > 'a' && input.charAt(end) <= 'f' ||,12238,
org/apache/commons/lang3/text/translate/NumericEntityUnescaper.java,120,RelationalOperatorReplacement,input.charAt(end) >= 'a' && input.charAt(end) <= 'f' ||,input.charAt(end) >= 'a' && input.charAt(end) < 'f' ||,12239,
org/apache/commons/lang3/text/translate/NumericEntityUnescaper.java,121,RelationalOperatorReplacement,input.charAt(end) >= 'A' && input.charAt(end) <= 'F' ) ) {,input.charAt(end) > 'A' && input.charAt(end) <= 'F' ) ) {,12240,
org/apache/commons/lang3/text/translate/NumericEntityUnescaper.java,121,RelationalOperatorReplacement,input.charAt(end) >= 'A' && input.charAt(end) <= 'F' ) ) {,input.charAt(end) >= 'A' && input.charAt(end) < 'F' ) ) {,12241,
org/apache/commons/lang3/text/translate/NumericEntityUnescaper.java,147,RelationalOperatorReplacement,if (entityValue > 0xFFFF) {,if (entityValue >= 0xFFFF) {,12244,
org/apache/commons/lang3/text/translate/OctalUnescaper.java,51,RelationalOperatorReplacement,return ch >= '0' && ch <= '7';,return ch > '0' && ch <= '7';,12265,
org/apache/commons/lang3/text/translate/OctalUnescaper.java,51,RelationalOperatorReplacement,return ch >= '0' && ch <= '7';,return ch >= '0' && ch < '7';,12266,
org/apache/commons/lang3/text/translate/OctalUnescaper.java,60,RelationalOperatorReplacement,return ch >= '0' && ch <= '3';,return ch > '0' && ch <= '3';,12267,
org/apache/commons/lang3/text/translate/OctalUnescaper.java,60,RelationalOperatorReplacement,return ch >= '0' && ch <= '3';,return ch >= '0' && ch < '3';,12268,
org/apache/commons/lang3/text/translate/OctalUnescaper.java,70,RelationalOperatorReplacement,if (input.charAt(index) == '\\' && remaining > 0 && isOctalDigit(input.charAt(index + 1)) ) {,if (input.charAt(index) == '\\' && remaining >= 0 && isOctalDigit(input.charAt(index + 1)) ) {,12270,
org/apache/commons/lang3/text/translate/OctalUnescaper.java,78,RelationalOperatorReplacement,if (remaining > 1 && isOctalDigit(input.charAt(next2))) {,if (remaining >= 1 && isOctalDigit(input.charAt(next2))) {,12271,
org/apache/commons/lang3/text/translate/OctalUnescaper.java,80,RelationalOperatorReplacement,if (remaining > 2 && isZeroToThree(input.charAt(next)) && isOctalDigit(input.charAt(next3))) {,if (remaining >= 2 && isZeroToThree(input.charAt(next)) && isOctalDigit(input.charAt(next3))) {,12272,
org/apache/commons/lang3/text/translate/UnicodeEscaper.java,121,RelationalOperatorReplacement,if (codePoint < below || codePoint > above) {,if (codePoint <= below || codePoint > above) {,12292,
org/apache/commons/lang3/text/translate/UnicodeEscaper.java,121,RelationalOperatorReplacement,if (codePoint < below || codePoint > above) {,if (codePoint < below || codePoint >= above) {,12293,
org/apache/commons/lang3/text/translate/UnicodeEscaper.java,124,RelationalOperatorReplacement,} else if (codePoint >= below && codePoint <= above) {,} else if (codePoint > below && codePoint <= above) {,12294,
org/apache/commons/lang3/text/translate/UnicodeEscaper.java,124,RelationalOperatorReplacement,} else if (codePoint >= below && codePoint <= above) {,} else if (codePoint >= below && codePoint < above) {,12295,
org/apache/commons/lang3/text/translate/UnicodeEscaper.java,129,RelationalOperatorReplacement,if (codePoint > 0xffff) {,if (codePoint >= 0xffff) {,12296,
org/apache/commons/lang3/text/translate/UnicodeUnescaper.java,47,RelationalOperatorReplacement,if (input.charAt(index) == '\\' && index + 1 < input.length() && input.charAt(index + 1) == 'u') {,if (input.charAt(index) == '\\' && index + 1 <= input.length() && input.charAt(index + 1) == 'u') {,12329,
org/apache/commons/lang3/text/translate/UnicodeUnescaper.java,50,RelationalOperatorReplacement,while (index + i < input.length() && input.charAt(index + i) == 'u') {,while (index + i <= input.length() && input.charAt(index + i) == 'u') {,12331,
org/apache/commons/lang3/text/translate/UnicodeUnescaper.java,54,RelationalOperatorReplacement,if (index + i < input.length() && input.charAt(index + i) == '+') {,if (index + i <= input.length() && input.charAt(index + i) == '+') {,12333,
org/apache/commons/lang3/text/translate/UnicodeUnescaper.java,58,RelationalOperatorReplacement,if (index + i + 4 <= input.length()) {,if (index + i + 4 < input.length()) {,12335,
org/apache/commons/lang3/text/translate/UnicodeUnpairedSurrogateRemover.java,46,RelationalOperatorReplacement,return codePoint >= Character.MIN_SURROGATE && codePoint <= Character.MAX_SURROGATE;,return codePoint > Character.MIN_SURROGATE && codePoint <= Character.MAX_SURROGATE;,12339,
org/apache/commons/lang3/text/translate/UnicodeUnpairedSurrogateRemover.java,46,RelationalOperatorReplacement,return codePoint >= Character.MIN_SURROGATE && codePoint <= Character.MAX_SURROGATE;,return codePoint >= Character.MIN_SURROGATE && codePoint < Character.MAX_SURROGATE;,12340,
org/apache/commons/lang3/time/DateUtils.java,1019,RelationalOperatorReplacement,if (startCutoff < Calendar.SUNDAY) {,if (startCutoff <= Calendar.SUNDAY) {,12605,
org/apache/commons/lang3/time/DateUtils.java,1022,RelationalOperatorReplacement,if (startCutoff > Calendar.SATURDAY) {,if (startCutoff >= Calendar.SATURDAY) {,12606,
org/apache/commons/lang3/time/DateUtils.java,1025,RelationalOperatorReplacement,if (endCutoff < Calendar.SUNDAY) {,if (endCutoff <= Calendar.SUNDAY) {,12607,
org/apache/commons/lang3/time/DateUtils.java,1028,RelationalOperatorReplacement,if (endCutoff > Calendar.SATURDAY) {,if (endCutoff >= Calendar.SATURDAY) {,12608,
org/apache/commons/lang3/time/DateUtils.java,1105,RelationalOperatorReplacement,if (val.get(Calendar.YEAR) > 280000000) {,if (val.get(Calendar.YEAR) >= 280000000) {,12611,
org/apache/commons/lang3/time/DateUtils.java,1125,RelationalOperatorReplacement,if (ModifyType.TRUNCATE == modType || millisecs < 500) {,if (ModifyType.TRUNCATE == modType || millisecs <= 500) {,12614,
org/apache/commons/lang3/time/DateUtils.java,1134,RelationalOperatorReplacement,if (!done && (ModifyType.TRUNCATE == modType || seconds < 30)) {,if (!done && (ModifyType.TRUNCATE == modType || seconds <= 30)) {,12617,
org/apache/commons/lang3/time/DateUtils.java,1143,RelationalOperatorReplacement,if (!done && (ModifyType.TRUNCATE == modType || minutes < 30)) {,if (!done && (ModifyType.TRUNCATE == modType || minutes <= 30)) {,12620,
org/apache/commons/lang3/time/DateUtils.java,1204,RelationalOperatorReplacement,if (offset >= 15) {,if (offset > 15) {,12630,
org/apache/commons/lang3/time/DateUtils.java,1208,RelationalOperatorReplacement,roundUp = offset > 7;,roundUp = offset >= 7;,12631,
org/apache/commons/lang3/time/DateUtils.java,1217,RelationalOperatorReplacement,if (offset >= 12) {,if (offset > 12) {,12633,
org/apache/commons/lang3/time/DateUtils.java,1220,RelationalOperatorReplacement,roundUp = offset >= 6;,roundUp = offset > 6;,12634,
org/apache/commons/lang3/time/DateUtils.java,1233,RelationalOperatorReplacement,roundUp = offset > (max - min) / 2;,roundUp = offset >= (max - min) / 2;,12635,
org/apache/commons/lang3/time/DurationFormatUtils.java,254,RelationalOperatorReplacement,if (optionalIndex > -1) {,if (optionalIndex >= -1) {,12853,
org/apache/commons/lang3/time/DurationFormatUtils.java,519,RelationalOperatorReplacement,"Validate.isTrue(startMillis <= endMillis, ""startMillis must not be greater than endMillis"");","Validate.isTrue(startMillis < endMillis, ""startMillis must not be greater than endMillis"");",12866,
org/apache/commons/lang3/time/DurationFormatUtils.java,546,RelationalOperatorReplacement,while (milliseconds < 0) {,while (milliseconds <= 0) {,12867,
org/apache/commons/lang3/time/DurationFormatUtils.java,550,RelationalOperatorReplacement,while (seconds < 0) {,while (seconds <= 0) {,12868,
org/apache/commons/lang3/time/DurationFormatUtils.java,554,RelationalOperatorReplacement,while (minutes < 0) {,while (minutes <= 0) {,12869,
org/apache/commons/lang3/time/DurationFormatUtils.java,558,RelationalOperatorReplacement,while (hours < 0) {,while (hours <= 0) {,12870,
org/apache/commons/lang3/time/DurationFormatUtils.java,564,RelationalOperatorReplacement,while (days < 0) {,while (days <= 0) {,12871,
org/apache/commons/lang3/time/DurationFormatUtils.java,570,RelationalOperatorReplacement,while (months < 0) {,while (months <= 0) {,12872,
org/apache/commons/lang3/time/DurationFormatUtils.java,586,RelationalOperatorReplacement,if (months < 0) {,if (months <= 0) {,12875,
org/apache/commons/lang3/time/DurationFormatUtils.java,616,RelationalOperatorReplacement,while (days < 0) {,while (days <= 0) {,12880,
org/apache/commons/lang3/time/DurationFormatUtils.java,678,RelationalOperatorReplacement,for (int i = 0; i < format.length(); i++) {,for (int i = 0; i <= format.length(); i++) {,12881,
org/apache/commons/lang3/time/FastDateParser.java,123,RelationalOperatorReplacement,if (Calendar.AM_PM != this.field || iVal <= 1) {,if (Calendar.AM_PM != this.field || iVal < 1) {,13190,
org/apache/commons/lang3/time/FastDateParser.java,165,RelationalOperatorReplacement,for (int idx = 0; idx < formatField.length(); ++idx) {,for (int idx = 0; idx <= formatField.length(); ++idx) {,13191,
org/apache/commons/lang3/time/FastDateParser.java,278,RelationalOperatorReplacement,for (; idx < last; ++idx) {,for (; idx <= last; ++idx) {,13195,
org/apache/commons/lang3/time/FastDateParser.java,287,RelationalOperatorReplacement,if (last > end) {,if (last >= end) {,13196,
org/apache/commons/lang3/time/FastDateParser.java,292,RelationalOperatorReplacement,for (; idx < last; ++idx) {,for (; idx <= last; ++idx) {,13197,
org/apache/commons/lang3/time/FastDateParser.java,430,RelationalOperatorReplacement,if (currentIdx >= pattern.length()) {,if (currentIdx > pattern.length()) {,13199,
org/apache/commons/lang3/time/FastDateParser.java,443,RelationalOperatorReplacement,while (++currentIdx < pattern.length()) {,while (++currentIdx <= pattern.length()) {,13200,
org/apache/commons/lang3/time/FastDateParser.java,457,RelationalOperatorReplacement,while (currentIdx < pattern.length()) {,while (currentIdx <= pattern.length()) {,13202,
org/apache/commons/lang3/time/FastDateParser.java,536,RelationalOperatorReplacement,for (int i = 1; i < zoneNames.length; ++i) {,for (int i = 1; i <= zoneNames.length; ++i) {,13206,
org/apache/commons/lang3/time/FastDateParser.java,638,RelationalOperatorReplacement,return iValue < 100 ? parser.adjustYear(iValue) : iValue;,return iValue <= 100 ? parser.adjustYear(iValue) : iValue;,13210,
org/apache/commons/lang3/time/FastDateParser.java,735,RelationalOperatorReplacement,return c >= 'A' && c <= 'Z' || c >= 'a' && c <= 'z';,return c > 'A' && c <= 'Z' || c >= 'a' && c <= 'z';,13215,
org/apache/commons/lang3/time/FastDateParser.java,735,RelationalOperatorReplacement,return c >= 'A' && c <= 'Z' || c >= 'a' && c <= 'z';,return c >= 'A' && c < 'Z' || c >= 'a' && c <= 'z';,13216,
org/apache/commons/lang3/time/FastDateParser.java,735,RelationalOperatorReplacement,return c >= 'A' && c <= 'Z' || c >= 'a' && c <= 'z';,return c >= 'A' && c <= 'Z' || c > 'a' && c <= 'z';,13217,
org/apache/commons/lang3/time/FastDateParser.java,735,RelationalOperatorReplacement,return c >= 'A' && c <= 'Z' || c >= 'a' && c <= 'z';,return c >= 'A' && c <= 'Z' || c >= 'a' && c < 'z';,13218,
org/apache/commons/lang3/time/FastDateParser.java,739,RelationalOperatorReplacement,for (int i = 0; i < value.length(); ++i) {,for (int i = 0; i <= value.length(); ++i) {,13219,
org/apache/commons/lang3/time/FastDateParser.java,844,RelationalOperatorReplacement,return twoDigitYear >= startYear ? trial : trial + 100;,return twoDigitYear > startYear ? trial : trial + 100;,13222,
org/apache/commons/lang3/time/FastDateParser.java,921,RelationalOperatorReplacement,"return width >= 3 ? getLocaleSpecificStrategy(Calendar.MONTH, definingCalendar) : NUMBER_MONTH_STRATEGY;","return width > 3 ? getLocaleSpecificStrategy(Calendar.MONTH, definingCalendar) : NUMBER_MONTH_STRATEGY;",13224,
org/apache/commons/lang3/time/FastDateParser.java,944,RelationalOperatorReplacement,return width > 2 ? LITERAL_YEAR_STRATEGY : ABBREVIATED_YEAR_STRATEGY;,return width >= 2 ? LITERAL_YEAR_STRATEGY : ABBREVIATED_YEAR_STRATEGY;,13225,
org/apache/commons/lang3/time/FastDatePrinter.java,211,RelationalOperatorReplacement,if (offset < 0) {,if (offset <= 0) {,13479,
org/apache/commons/lang3/time/FastDatePrinter.java,221,RelationalOperatorReplacement,if (length < 5) {,if (length <= 5) {,13480,
org/apache/commons/lang3/time/FastDatePrinter.java,269,RelationalOperatorReplacement,if (size < 3) {,if (size <= 3) {,13482,
org/apache/commons/lang3/time/FastDatePrinter.java,389,RelationalOperatorReplacement,for (int i = values.length; --i >= 0;) {,for (int i = values.length; --i > 0;) {,13483,
org/apache/commons/lang3/time/FastDatePrinter.java,391,RelationalOperatorReplacement,if (len > max) {,if (len >= max) {,13484,
org/apache/commons/lang3/time/FastDatePrinter.java,522,RelationalOperatorReplacement,if (offset < 0) {,if (offset <= 0) {,13488,
org/apache/commons/lang3/time/FastDatePrinter.java,704,RelationalOperatorReplacement,if (value < 100) {,if (value <= 100) {,13491,
org/apache/commons/lang3/time/FastDatePrinter.java,782,RelationalOperatorReplacement,if (value < 10) {,if (value <= 10) {,13492,
org/apache/commons/lang3/time/FastDatePrinter.java,826,RelationalOperatorReplacement,if (value < 10) {,if (value <= 10) {,13493,
org/apache/commons/lang3/time/FastDatePrinter.java,828,RelationalOperatorReplacement,} else if (value < 100) {,} else if (value <= 100) {,13494,
org/apache/commons/lang3/time/FastDatePrinter.java,928,RelationalOperatorReplacement,if (value < 10000) {,if (value <= 10000) {,13495,
org/apache/commons/lang3/time/FastDatePrinter.java,932,RelationalOperatorReplacement,if (value < 1000) {,if (value <= 1000) {,13496,
org/apache/commons/lang3/time/FastDatePrinter.java,934,RelationalOperatorReplacement,if (value < 100) {,if (value <= 100) {,13497,
org/apache/commons/lang3/time/FastDatePrinter.java,936,RelationalOperatorReplacement,if (value < 10) {,if (value <= 10) {,13498,
org/apache/commons/lang3/time/FastDatePrinter.java,942,RelationalOperatorReplacement,for (int i = minFieldWidth - nDigits; i > 0; --i) {,for (int i = minFieldWidth - nDigits; i >= 0; --i) {,13499,
org/apache/commons/lang3/time/FastDatePrinter.java,951,RelationalOperatorReplacement,if (value >= 100) {,if (value > 100) {,13500,
org/apache/commons/lang3/time/FastDatePrinter.java,958,RelationalOperatorReplacement,if (value >= 10) {,if (value > 10) {,13501,
org/apache/commons/lang3/time/FastDatePrinter.java,979,RelationalOperatorReplacement,while (digit < minFieldWidth) {,while (digit <= minFieldWidth) {,13503,
org/apache/commons/lang3/time/FastDatePrinter.java,985,RelationalOperatorReplacement,while (--digit >= 0) {,while (--digit > 0) {,13504,
org/apache/commons/lang3/time/FastDatePrinter.java,1302,RelationalOperatorReplacement,for (int i = rules.length; --i >= 0;) {,for (int i = rules.length; --i > 0;) {,13505,
org/apache/commons/lang3/time/FastDatePrinter.java,1338,RelationalOperatorReplacement,for (int i = 0; i < length; i++) {,for (int i = 0; i <= length; i++) {,13506,
org/apache/commons/lang3/time/FastDatePrinter.java,1367,RelationalOperatorReplacement,if (tokenLen >= 4) {,if (tokenLen > 4) {,13510,
org/apache/commons/lang3/time/FastDatePrinter.java,1378,RelationalOperatorReplacement,if (tokenLen >= 4) {,if (tokenLen > 4) {,13513,
org/apache/commons/lang3/time/FastDatePrinter.java,1407,RelationalOperatorReplacement,"rule = new TextField(Calendar.DAY_OF_WEEK, tokenLen < 4 ? shortWeekdays : weekdays);","rule = new TextField(Calendar.DAY_OF_WEEK, tokenLen <= 4 ? shortWeekdays : weekdays);",13516,
org/apache/commons/lang3/time/FastDatePrinter.java,1437,RelationalOperatorReplacement,if (tokenLen >= 4) {,if (tokenLen > 4) {,13517,
org/apache/commons/lang3/time/FastDatePrinter.java,1484,RelationalOperatorReplacement,if (c >= 'A' && c <= 'Z' || c >= 'a' && c <= 'z') {,if (c > 'A' && c <= 'Z' || c >= 'a' && c <= 'z') {,13521,
org/apache/commons/lang3/time/FastDatePrinter.java,1484,RelationalOperatorReplacement,if (c >= 'A' && c <= 'Z' || c >= 'a' && c <= 'z') {,if (c >= 'A' && c < 'Z' || c >= 'a' && c <= 'z') {,13522,
org/apache/commons/lang3/time/FastDatePrinter.java,1484,RelationalOperatorReplacement,if (c >= 'A' && c <= 'Z' || c >= 'a' && c <= 'z') {,if (c >= 'A' && c <= 'Z' || c > 'a' && c <= 'z') {,13523,
org/apache/commons/lang3/time/FastDatePrinter.java,1484,RelationalOperatorReplacement,if (c >= 'A' && c <= 'Z' || c >= 'a' && c <= 'z') {,if (c >= 'A' && c <= 'Z' || c >= 'a' && c < 'z') {,13524,
org/apache/commons/lang3/time/FastDatePrinter.java,1489,RelationalOperatorReplacement,while (i + 1 < length) {,while (i + 1 <= length) {,13525,
org/apache/commons/lang3/time/FastDatePrinter.java,1503,RelationalOperatorReplacement,for (; i < length; i++) {,for (; i <= length; i++) {,13527,
org/apache/commons/lang3/time/FastDatePrinter.java,1507,RelationalOperatorReplacement,if (i + 1 < length && pattern.charAt(i + 1) == '\'') {,if (i + 1 <= length && pattern.charAt(i + 1) == '\'') {,13529,
org/apache/commons/lang3/time/FastDatePrinter.java,1515,RelationalOperatorReplacement,(c >= 'A' && c <= 'Z' || c >= 'a' && c <= 'z')) {,(c > 'A' && c <= 'Z' || c >= 'a' && c <= 'z')) {,13531,
org/apache/commons/lang3/time/FastDatePrinter.java,1515,RelationalOperatorReplacement,(c >= 'A' && c <= 'Z' || c >= 'a' && c <= 'z')) {,(c >= 'A' && c < 'Z' || c >= 'a' && c <= 'z')) {,13532,
org/apache/commons/lang3/time/FastDatePrinter.java,1515,RelationalOperatorReplacement,(c >= 'A' && c <= 'Z' || c >= 'a' && c <= 'z')) {,(c >= 'A' && c <= 'Z' || c > 'a' && c <= 'z')) {,13533,
org/apache/commons/lang3/time/FastDatePrinter.java,1515,RelationalOperatorReplacement,(c >= 'A' && c <= 'Z' || c >= 'a' && c <= 'z')) {,(c >= 'A' && c <= 'Z' || c >= 'a' && c < 'z')) {,13534,
org/apache/commons/lang3/time/GmtTimeZone.java,45,RelationalOperatorReplacement,if (hours >= HOURS_PER_DAY) {,if (hours > HOURS_PER_DAY) {,13686,
org/apache/commons/lang3/time/GmtTimeZone.java,48,RelationalOperatorReplacement,if (minutes >= MINUTES_PER_HOUR) {,if (minutes > MINUTES_PER_HOUR) {,13687,
org/apache/commons/lang3/util/FluentBitSet.java,546,NullifyReturnValue,return bitSet.toByteArray();,return null;,14005,
org/apache/commons/lang3/util/FluentBitSet.java,565,NullifyReturnValue,return bitSet.toLongArray();,return null;,14006,
