file,line,operator,before,after,mutant_id,paper_category
org/apache/commons/lang3/AnnotationUtils.java,331,NullifyInputVariable,public static String toString(final Annotation a) {,public static String toString(final Annotation a) { a = null;,21,
org/apache/commons/lang3/AnnotationUtils.java,307,NullifyInputVariable,"private static boolean memberEquals(final Class<?> type, final Object o1, final Object o2) {","private static boolean memberEquals(final Class<?> type, final Object o1, final Object o2) { o2 = null;",22,
org/apache/commons/lang3/AnnotationUtils.java,307,NullifyInputVariable,"private static boolean memberEquals(final Class<?> type, final Object o1, final Object o2) {","private static boolean memberEquals(final Class<?> type, final Object o1, final Object o2) { o1 = null;",23,
org/apache/commons/lang3/AnnotationUtils.java,307,NullifyInputVariable,"private static boolean memberEquals(final Class<?> type, final Object o1, final Object o2) {","private static boolean memberEquals(final Class<?> type, final Object o1, final Object o2) { type = null;",24,
org/apache/commons/lang3/AnnotationUtils.java,264,NullifyInputVariable,"private static int hashMember(final String name, final Object value) {","private static int hashMember(final String name, final Object value) { value = null;",26,
org/apache/commons/lang3/AnnotationUtils.java,264,NullifyInputVariable,"private static int hashMember(final String name, final Object value) {","private static int hashMember(final String name, final Object value) { name = null;",27,
org/apache/commons/lang3/AnnotationUtils.java,239,NullifyInputVariable,public static int hashCode(final Annotation a) {,public static int hashCode(final Annotation a) { a = null;,28,
org/apache/commons/lang3/AnnotationUtils.java,196,NullifyInputVariable,"public static boolean equals(final Annotation a1, final Annotation a2) {","public static boolean equals(final Annotation a1, final Annotation a2) { a2 = null;",29,
org/apache/commons/lang3/AnnotationUtils.java,196,NullifyInputVariable,"public static boolean equals(final Annotation a1, final Annotation a2) {","public static boolean equals(final Annotation a1, final Annotation a2) { a1 = null;",30,
org/apache/commons/lang3/AnnotationUtils.java,157,NullifyInputVariable,"private static int arrayMemberHash(final Class<?> componentType, final Object o) {","private static int arrayMemberHash(final Class<?> componentType, final Object o) { o = null;",31,
org/apache/commons/lang3/AnnotationUtils.java,157,NullifyInputVariable,"private static int arrayMemberHash(final Class<?> componentType, final Object o) {","private static int arrayMemberHash(final Class<?> componentType, final Object o) { componentType = null;",32,
org/apache/commons/lang3/AnnotationUtils.java,119,NullifyInputVariable,"private static boolean arrayMemberEquals(final Class<?> componentType, final Object o1, final Object o2) {","private static boolean arrayMemberEquals(final Class<?> componentType, final Object o1, final Object o2) { o2 = null;",33,
org/apache/commons/lang3/AnnotationUtils.java,119,NullifyInputVariable,"private static boolean arrayMemberEquals(final Class<?> componentType, final Object o1, final Object o2) {","private static boolean arrayMemberEquals(final Class<?> componentType, final Object o1, final Object o2) { o1 = null;",34,
org/apache/commons/lang3/AnnotationUtils.java,119,NullifyInputVariable,"private static boolean arrayMemberEquals(final Class<?> componentType, final Object o1, final Object o2) {","private static boolean arrayMemberEquals(final Class<?> componentType, final Object o1, final Object o2) { componentType = null;",35,
org/apache/commons/lang3/AnnotationUtils.java,99,NullifyInputVariable,"private static boolean annotationArrayMemberEquals(final Annotation[] a1, final Annotation[] a2) {","private static boolean annotationArrayMemberEquals(final Annotation[] a1, final Annotation[] a2) { a2 = null;",36,
org/apache/commons/lang3/AnnotationUtils.java,99,NullifyInputVariable,"private static boolean annotationArrayMemberEquals(final Annotation[] a1, final Annotation[] a2) {","private static boolean annotationArrayMemberEquals(final Annotation[] a1, final Annotation[] a2) { a1 = null;",37,
org/apache/commons/lang3/AnnotationUtils.java,82,NullifyInputVariable,protected String getShortClassName(final Class<?> cls) {,protected String getShortClassName(final Class<?> cls) { cls = null;,38,
org/apache/commons/lang3/AnnotationUtils.java,71,NullifyInputVariable,"protected void appendDetail(final StringBuffer buffer, final String fieldName, Object value) {","protected void appendDetail(final StringBuffer buffer, final String fieldName, Object value) { fieldName = null;",40,
org/apache/commons/lang3/AnnotationUtils.java,71,NullifyInputVariable,"protected void appendDetail(final StringBuffer buffer, final String fieldName, Object value) {","protected void appendDetail(final StringBuffer buffer, final String fieldName, Object value) { buffer = null;",41,
org/apache/commons/lang3/AnnotationUtils.java,334,RelationalOperatorReplacement,if (m.getParameterTypes().length > 0) {,if (m.getParameterTypes().length <= 0) {,71,
org/apache/commons/lang3/AnnotationUtils.java,103,RelationalOperatorReplacement,for (int i = 0; i < a1.length; i++) {,for (int i = 0; i >= a1.length; i++) {,81,
org/apache/commons/lang3/AppendableJoiner.java,309,NullifyInputVariable,"public <A extends Appendable> A joinA(final A appendable, @SuppressWarnings(""unchecked"") final T... elements) throws IOException {","public <A extends Appendable> A joinA(final A appendable, @SuppressWarnings(""unchecked"") final T... elements) throws IOException { elements = null;",21,
org/apache/commons/lang3/AppendableJoiner.java,309,NullifyInputVariable,"public <A extends Appendable> A joinA(final A appendable, @SuppressWarnings(""unchecked"") final T... elements) throws IOException {","public <A extends Appendable> A joinA(final A appendable, @SuppressWarnings(""unchecked"") final T... elements) throws IOException { appendable = null;",22,
org/apache/commons/lang3/AppendableJoiner.java,296,NullifyInputVariable,"public <A extends Appendable> A joinA(final A appendable, final Iterable<T> elements) throws IOException {","public <A extends Appendable> A joinA(final A appendable, final Iterable<T> elements) throws IOException { elements = null;",23,
org/apache/commons/lang3/AppendableJoiner.java,296,NullifyInputVariable,"public <A extends Appendable> A joinA(final A appendable, final Iterable<T> elements) throws IOException {","public <A extends Appendable> A joinA(final A appendable, final Iterable<T> elements) throws IOException { appendable = null;",24,
org/apache/commons/lang3/AppendableJoiner.java,283,NullifyInputVariable,"public StringBuilder join(final StringBuilder stringBuilder, @SuppressWarnings(""unchecked"") final T... elements) {","public StringBuilder join(final StringBuilder stringBuilder, @SuppressWarnings(""unchecked"") final T... elements) { elements = null;",25,
org/apache/commons/lang3/AppendableJoiner.java,283,NullifyInputVariable,"public StringBuilder join(final StringBuilder stringBuilder, @SuppressWarnings(""unchecked"") final T... elements) {","public StringBuilder join(final StringBuilder stringBuilder, @SuppressWarnings(""unchecked"") final T... elements) { stringBuilder = null;",26,
org/apache/commons/lang3/AppendableJoiner.java,272,NullifyInputVariable,"public StringBuilder join(final StringBuilder stringBuilder, final Iterable<T> elements) {","public StringBuilder join(final StringBuilder stringBuilder, final Iterable<T> elements) { elements = null;",27,
org/apache/commons/lang3/AppendableJoiner.java,272,NullifyInputVariable,"public StringBuilder join(final StringBuilder stringBuilder, final Iterable<T> elements) {","public StringBuilder join(final StringBuilder stringBuilder, final Iterable<T> elements) { stringBuilder = null;",28,
org/apache/commons/lang3/AppendableJoiner.java,239,NullifyInputVariable,private static CharSequence nonNull(final CharSequence value) {,private static CharSequence nonNull(final CharSequence value) { value = null;,29,
org/apache/commons/lang3/AppendableJoiner.java,230,NullifyInputVariable,"final FailableBiConsumer<Appendable, T, IOException> appender, final T... elements) {","final FailableBiConsumer<Appendable, T, IOException> appender, final T... elements) { elements = null;",30,
org/apache/commons/lang3/AppendableJoiner.java,230,NullifyInputVariable,"final FailableBiConsumer<Appendable, T, IOException> appender, final T... elements) {","final FailableBiConsumer<Appendable, T, IOException> appender, final T... elements) { appender = null;",31,
org/apache/commons/lang3/AppendableJoiner.java,230,NullifyInputVariable,"final FailableBiConsumer<Appendable, T, IOException> appender, final T... elements) {","final FailableBiConsumer<Appendable, T, IOException> appender, final T... elements) { delimiter = null;",32,
org/apache/commons/lang3/AppendableJoiner.java,230,NullifyInputVariable,"final FailableBiConsumer<Appendable, T, IOException> appender, final T... elements) {","final FailableBiConsumer<Appendable, T, IOException> appender, final T... elements) { suffix = null;",33,
org/apache/commons/lang3/AppendableJoiner.java,230,NullifyInputVariable,"final FailableBiConsumer<Appendable, T, IOException> appender, final T... elements) {","final FailableBiConsumer<Appendable, T, IOException> appender, final T... elements) { prefix = null;",34,
org/apache/commons/lang3/AppendableJoiner.java,230,NullifyInputVariable,"final FailableBiConsumer<Appendable, T, IOException> appender, final T... elements) {","final FailableBiConsumer<Appendable, T, IOException> appender, final T... elements) { stringBuilder = null;",35,
org/apache/commons/lang3/AppendableJoiner.java,211,NullifyInputVariable,"final CharSequence delimiter, final FailableBiConsumer<Appendable, T, IOException> appender, final Iterable<T> elements) throws IOException {","final CharSequence delimiter, final FailableBiConsumer<Appendable, T, IOException> appender, final Iterable<T> elements) throws IOException { elements = null;",36,
org/apache/commons/lang3/AppendableJoiner.java,211,NullifyInputVariable,"final CharSequence delimiter, final FailableBiConsumer<Appendable, T, IOException> appender, final Iterable<T> elements) throws IOException {","final CharSequence delimiter, final FailableBiConsumer<Appendable, T, IOException> appender, final Iterable<T> elements) throws IOException { appender = null;",37,
org/apache/commons/lang3/AppendableJoiner.java,211,NullifyInputVariable,"final CharSequence delimiter, final FailableBiConsumer<Appendable, T, IOException> appender, final Iterable<T> elements) throws IOException {","final CharSequence delimiter, final FailableBiConsumer<Appendable, T, IOException> appender, final Iterable<T> elements) throws IOException { delimiter = null;",38,
org/apache/commons/lang3/AppendableJoiner.java,211,NullifyInputVariable,"final CharSequence delimiter, final FailableBiConsumer<Appendable, T, IOException> appender, final Iterable<T> elements) throws IOException {","final CharSequence delimiter, final FailableBiConsumer<Appendable, T, IOException> appender, final Iterable<T> elements) throws IOException { suffix = null;",39,
org/apache/commons/lang3/AppendableJoiner.java,211,NullifyInputVariable,"final CharSequence delimiter, final FailableBiConsumer<Appendable, T, IOException> appender, final Iterable<T> elements) throws IOException {","final CharSequence delimiter, final FailableBiConsumer<Appendable, T, IOException> appender, final Iterable<T> elements) throws IOException { prefix = null;",40,
org/apache/commons/lang3/AppendableJoiner.java,211,NullifyInputVariable,"final CharSequence delimiter, final FailableBiConsumer<Appendable, T, IOException> appender, final Iterable<T> elements) throws IOException {","final CharSequence delimiter, final FailableBiConsumer<Appendable, T, IOException> appender, final Iterable<T> elements) throws IOException { appendable = null;",41,
org/apache/commons/lang3/AppendableJoiner.java,201,NullifyInputVariable,"final FailableBiConsumer<Appendable, T, IOException> appender, final Iterable<T> elements) {","final FailableBiConsumer<Appendable, T, IOException> appender, final Iterable<T> elements) { elements = null;",42,
org/apache/commons/lang3/AppendableJoiner.java,201,NullifyInputVariable,"final FailableBiConsumer<Appendable, T, IOException> appender, final Iterable<T> elements) {","final FailableBiConsumer<Appendable, T, IOException> appender, final Iterable<T> elements) { appender = null;",43,
org/apache/commons/lang3/AppendableJoiner.java,201,NullifyInputVariable,"final FailableBiConsumer<Appendable, T, IOException> appender, final Iterable<T> elements) {","final FailableBiConsumer<Appendable, T, IOException> appender, final Iterable<T> elements) { delimiter = null;",44,
org/apache/commons/lang3/AppendableJoiner.java,201,NullifyInputVariable,"final FailableBiConsumer<Appendable, T, IOException> appender, final Iterable<T> elements) {","final FailableBiConsumer<Appendable, T, IOException> appender, final Iterable<T> elements) { suffix = null;",45,
org/apache/commons/lang3/AppendableJoiner.java,201,NullifyInputVariable,"final FailableBiConsumer<Appendable, T, IOException> appender, final Iterable<T> elements) {","final FailableBiConsumer<Appendable, T, IOException> appender, final Iterable<T> elements) { prefix = null;",46,
org/apache/commons/lang3/AppendableJoiner.java,201,NullifyInputVariable,"final FailableBiConsumer<Appendable, T, IOException> appender, final Iterable<T> elements) {","final FailableBiConsumer<Appendable, T, IOException> appender, final Iterable<T> elements) { stringBuilder = null;",47,
org/apache/commons/lang3/AppendableJoiner.java,184,NullifyInputVariable,"final FailableBiConsumer<Appendable, T, IOException> appender, final T[] elements) throws IOException {","final FailableBiConsumer<Appendable, T, IOException> appender, final T[] elements) throws IOException { elements = null;",48,
org/apache/commons/lang3/AppendableJoiner.java,184,NullifyInputVariable,"final FailableBiConsumer<Appendable, T, IOException> appender, final T[] elements) throws IOException {","final FailableBiConsumer<Appendable, T, IOException> appender, final T[] elements) throws IOException { appender = null;",49,
org/apache/commons/lang3/AppendableJoiner.java,184,NullifyInputVariable,"final FailableBiConsumer<Appendable, T, IOException> appender, final T[] elements) throws IOException {","final FailableBiConsumer<Appendable, T, IOException> appender, final T[] elements) throws IOException { delimiter = null;",50,
org/apache/commons/lang3/AppendableJoiner.java,184,NullifyInputVariable,"final FailableBiConsumer<Appendable, T, IOException> appender, final T[] elements) throws IOException {","final FailableBiConsumer<Appendable, T, IOException> appender, final T[] elements) throws IOException { suffix = null;",51,
org/apache/commons/lang3/AppendableJoiner.java,184,NullifyInputVariable,"final FailableBiConsumer<Appendable, T, IOException> appender, final T[] elements) throws IOException {","final FailableBiConsumer<Appendable, T, IOException> appender, final T[] elements) throws IOException { prefix = null;",52,
org/apache/commons/lang3/AppendableJoiner.java,184,NullifyInputVariable,"final FailableBiConsumer<Appendable, T, IOException> appender, final T[] elements) throws IOException {","final FailableBiConsumer<Appendable, T, IOException> appender, final T[] elements) throws IOException { appendable = null;",53,
org/apache/commons/lang3/AppendableJoiner.java,179,NullifyInputVariable,"final FailableBiConsumer<Appendable, T, IOException> appender, final T... elements) throws IOException {","final FailableBiConsumer<Appendable, T, IOException> appender, final T... elements) throws IOException { elements = null;",54,
org/apache/commons/lang3/AppendableJoiner.java,179,NullifyInputVariable,"final FailableBiConsumer<Appendable, T, IOException> appender, final T... elements) throws IOException {","final FailableBiConsumer<Appendable, T, IOException> appender, final T... elements) throws IOException { appender = null;",55,
org/apache/commons/lang3/AppendableJoiner.java,179,NullifyInputVariable,"final FailableBiConsumer<Appendable, T, IOException> appender, final T... elements) throws IOException {","final FailableBiConsumer<Appendable, T, IOException> appender, final T... elements) throws IOException { delimiter = null;",56,
org/apache/commons/lang3/AppendableJoiner.java,179,NullifyInputVariable,"final FailableBiConsumer<Appendable, T, IOException> appender, final T... elements) throws IOException {","final FailableBiConsumer<Appendable, T, IOException> appender, final T... elements) throws IOException { suffix = null;",57,
org/apache/commons/lang3/AppendableJoiner.java,179,NullifyInputVariable,"final FailableBiConsumer<Appendable, T, IOException> appender, final T... elements) throws IOException {","final FailableBiConsumer<Appendable, T, IOException> appender, final T... elements) throws IOException { prefix = null;",58,
org/apache/commons/lang3/AppendableJoiner.java,179,NullifyInputVariable,"final FailableBiConsumer<Appendable, T, IOException> appender, final T... elements) throws IOException {","final FailableBiConsumer<Appendable, T, IOException> appender, final T... elements) throws IOException { appendable = null;",59,
org/apache/commons/lang3/AppendableJoiner.java,159,NullifyInputVariable,public Builder<T> setSuffix(final CharSequence suffix) {,public Builder<T> setSuffix(final CharSequence suffix) { suffix = null;,60,
org/apache/commons/lang3/AppendableJoiner.java,148,NullifyInputVariable,public Builder<T> setPrefix(final CharSequence prefix) {,public Builder<T> setPrefix(final CharSequence prefix) { prefix = null;,61,
org/apache/commons/lang3/AppendableJoiner.java,137,NullifyInputVariable,"public Builder<T> setElementAppender(final FailableBiConsumer<Appendable, T, IOException> appender) {","public Builder<T> setElementAppender(final FailableBiConsumer<Appendable, T, IOException> appender) { appender = null;",62,
org/apache/commons/lang3/AppendableJoiner.java,126,NullifyInputVariable,public Builder<T> setDelimiter(final CharSequence delimiter) {,public Builder<T> setDelimiter(final CharSequence delimiter) { delimiter = null;,63,
org/apache/commons/lang3/AppendableJoiner.java,190,RelationalOperatorReplacement,for (int i = 1; i < elements.length; i++) {,for (int i = 1; i >= elements.length; i++) {,88,
org/apache/commons/lang3/AppendableJoiner.java,187,RelationalOperatorReplacement,if (elements.length > 0) {,if (elements.length <= 0) {,89,
org/apache/commons/lang3/ArchUtils.java,87,NullifyInputVariable,public static Processor getProcessor(final String value) {,public static Processor getProcessor(final String value) { value = null;,3,
org/apache/commons/lang3/ArchUtils.java,63,NullifyInputVariable,"private static void addProcessors(final Processor processor, final String... keys) {","private static void addProcessors(final Processor processor, final String... keys) { keys = null;",4,
org/apache/commons/lang3/ArchUtils.java,63,NullifyInputVariable,"private static void addProcessors(final Processor processor, final String... keys) {","private static void addProcessors(final Processor processor, final String... keys) { processor = null;",5,
org/apache/commons/lang3/ArchUtils.java,49,NullifyInputVariable,"private static void addProcessor(final String key, final Processor processor) {","private static void addProcessor(final String key, final Processor processor) { processor = null;",6,
org/apache/commons/lang3/ArchUtils.java,49,NullifyInputVariable,"private static void addProcessor(final String key, final Processor processor) {","private static void addProcessor(final String key, final Processor processor) { key = null;",7,
org/apache/commons/lang3/ArrayFill.java,143,NullifyInputVariable,"public static <T> T[] fill(final T[] a, final T val) {","public static <T> T[] fill(final T[] a, final T val) { val = null;",10,
org/apache/commons/lang3/ArrayFill.java,143,NullifyInputVariable,"public static <T> T[] fill(final T[] a, final T val) {","public static <T> T[] fill(final T[] a, final T val) { a = null;",11,
org/apache/commons/lang3/ArraySorter.java,153,NullifyInputVariable,"public static <T> T[] sort(final T[] array, final Comparator<? super T> comparator) {","public static <T> T[] sort(final T[] array, final Comparator<? super T> comparator) { comparator = null;",12,
org/apache/commons/lang3/ArraySorter.java,153,NullifyInputVariable,"public static <T> T[] sort(final T[] array, final Comparator<? super T> comparator) {","public static <T> T[] sort(final T[] array, final Comparator<? super T> comparator) { array = null;",13,
org/apache/commons/lang3/ArraySorter.java,136,NullifyInputVariable,public static <T> T[] sort(final T[] array) {,public static <T> T[] sort(final T[] array) { array = null;,14,
org/apache/commons/lang3/BooleanUtils.java,1205,NullifyInputVariable,public static Boolean xor(final Boolean... array) {,public static Boolean xor(final Boolean... array) { array = null;,120,
org/apache/commons/lang3/BooleanUtils.java,1139,NullifyInputVariable,public static String toStringYesNo(final Boolean bool) {,public static String toStringYesNo(final Boolean bool) { bool = null;,121,
org/apache/commons/lang3/BooleanUtils.java,1106,NullifyInputVariable,public static String toStringTrueFalse(final Boolean bool) {,public static String toStringTrueFalse(final Boolean bool) { bool = null;,122,
org/apache/commons/lang3/BooleanUtils.java,1073,NullifyInputVariable,public static String toStringOnOff(final Boolean bool) {,public static String toStringOnOff(final Boolean bool) { bool = null;,123,
org/apache/commons/lang3/BooleanUtils.java,1037,NullifyInputVariable,"public static String toString(final Boolean bool, final String trueString, final String falseString, final String nullString) {","public static String toString(final Boolean bool, final String trueString, final String falseString, final String nullString) { nullString = null;",124,
org/apache/commons/lang3/BooleanUtils.java,1037,NullifyInputVariable,"public static String toString(final Boolean bool, final String trueString, final String falseString, final String nullString) {","public static String toString(final Boolean bool, final String trueString, final String falseString, final String nullString) { falseString = null;",125,
org/apache/commons/lang3/BooleanUtils.java,1037,NullifyInputVariable,"public static String toString(final Boolean bool, final String trueString, final String falseString, final String nullString) {","public static String toString(final Boolean bool, final String trueString, final String falseString, final String nullString) { trueString = null;",126,
org/apache/commons/lang3/BooleanUtils.java,1037,NullifyInputVariable,"public static String toString(final Boolean bool, final String trueString, final String falseString, final String nullString) {","public static String toString(final Boolean bool, final String trueString, final String falseString, final String nullString) { bool = null;",127,
org/apache/commons/lang3/BooleanUtils.java,1018,NullifyInputVariable,"public static String toString(final boolean bool, final String trueString, final String falseString) {","public static String toString(final boolean bool, final String trueString, final String falseString) { falseString = null;",128,
org/apache/commons/lang3/BooleanUtils.java,1018,NullifyInputVariable,"public static String toString(final boolean bool, final String trueString, final String falseString) {","public static String toString(final boolean bool, final String trueString, final String falseString) { trueString = null;",129,
org/apache/commons/lang3/BooleanUtils.java,998,NullifyInputVariable,"public static Integer toIntegerObject(final Boolean bool, final Integer trueValue, final Integer falseValue, final Integer nullValue) {","public static Integer toIntegerObject(final Boolean bool, final Integer trueValue, final Integer falseValue, final Integer nullValue) { nullValue = null;",130,
org/apache/commons/lang3/BooleanUtils.java,998,NullifyInputVariable,"public static Integer toIntegerObject(final Boolean bool, final Integer trueValue, final Integer falseValue, final Integer nullValue) {","public static Integer toIntegerObject(final Boolean bool, final Integer trueValue, final Integer falseValue, final Integer nullValue) { falseValue = null;",131,
org/apache/commons/lang3/BooleanUtils.java,998,NullifyInputVariable,"public static Integer toIntegerObject(final Boolean bool, final Integer trueValue, final Integer falseValue, final Integer nullValue) {","public static Integer toIntegerObject(final Boolean bool, final Integer trueValue, final Integer falseValue, final Integer nullValue) { trueValue = null;",132,
org/apache/commons/lang3/BooleanUtils.java,998,NullifyInputVariable,"public static Integer toIntegerObject(final Boolean bool, final Integer trueValue, final Integer falseValue, final Integer nullValue) {","public static Integer toIntegerObject(final Boolean bool, final Integer trueValue, final Integer falseValue, final Integer nullValue) { bool = null;",133,
org/apache/commons/lang3/BooleanUtils.java,976,NullifyInputVariable,public static Integer toIntegerObject(final Boolean bool) {,public static Integer toIntegerObject(final Boolean bool) { bool = null;,134,
org/apache/commons/lang3/BooleanUtils.java,958,NullifyInputVariable,"public static Integer toIntegerObject(final boolean bool, final Integer trueValue, final Integer falseValue) {","public static Integer toIntegerObject(final boolean bool, final Integer trueValue, final Integer falseValue) { falseValue = null;",135,
org/apache/commons/lang3/BooleanUtils.java,958,NullifyInputVariable,"public static Integer toIntegerObject(final boolean bool, final Integer trueValue, final Integer falseValue) {","public static Integer toIntegerObject(final boolean bool, final Integer trueValue, final Integer falseValue) { trueValue = null;",136,
org/apache/commons/lang3/BooleanUtils.java,922,NullifyInputVariable,"public static int toInteger(final Boolean bool, final int trueValue, final int falseValue, final int nullValue) {","public static int toInteger(final Boolean bool, final int trueValue, final int falseValue, final int nullValue) { bool = null;",137,
org/apache/commons/lang3/BooleanUtils.java,852,NullifyInputVariable,"public static Boolean toBooleanObject(final String str, final String trueString, final String falseString, final String nullString) {","public static Boolean toBooleanObject(final String str, final String trueString, final String falseString, final String nullString) { nullString = null;",138,
org/apache/commons/lang3/BooleanUtils.java,852,NullifyInputVariable,"public static Boolean toBooleanObject(final String str, final String trueString, final String falseString, final String nullString) {","public static Boolean toBooleanObject(final String str, final String trueString, final String falseString, final String nullString) { falseString = null;",139,
org/apache/commons/lang3/BooleanUtils.java,852,NullifyInputVariable,"public static Boolean toBooleanObject(final String str, final String trueString, final String falseString, final String nullString) {","public static Boolean toBooleanObject(final String str, final String trueString, final String falseString, final String nullString) { trueString = null;",140,
org/apache/commons/lang3/BooleanUtils.java,852,NullifyInputVariable,"public static Boolean toBooleanObject(final String str, final String trueString, final String falseString, final String nullString) {","public static Boolean toBooleanObject(final String str, final String trueString, final String falseString, final String nullString) { str = null;",141,
org/apache/commons/lang3/BooleanUtils.java,734,NullifyInputVariable,public static Boolean toBooleanObject(final String str) {,public static Boolean toBooleanObject(final String str) { str = null;,142,
org/apache/commons/lang3/BooleanUtils.java,676,NullifyInputVariable,"public static Boolean toBooleanObject(final Integer value, final Integer trueValue, final Integer falseValue, final Integer nullValue) {","public static Boolean toBooleanObject(final Integer value, final Integer trueValue, final Integer falseValue, final Integer nullValue) { nullValue = null;",143,
org/apache/commons/lang3/BooleanUtils.java,676,NullifyInputVariable,"public static Boolean toBooleanObject(final Integer value, final Integer trueValue, final Integer falseValue, final Integer nullValue) {","public static Boolean toBooleanObject(final Integer value, final Integer trueValue, final Integer falseValue, final Integer nullValue) { falseValue = null;",144,
org/apache/commons/lang3/BooleanUtils.java,676,NullifyInputVariable,"public static Boolean toBooleanObject(final Integer value, final Integer trueValue, final Integer falseValue, final Integer nullValue) {","public static Boolean toBooleanObject(final Integer value, final Integer trueValue, final Integer falseValue, final Integer nullValue) { trueValue = null;",145,
org/apache/commons/lang3/BooleanUtils.java,676,NullifyInputVariable,"public static Boolean toBooleanObject(final Integer value, final Integer trueValue, final Integer falseValue, final Integer nullValue) {","public static Boolean toBooleanObject(final Integer value, final Integer trueValue, final Integer falseValue, final Integer nullValue) { value = null;",146,
org/apache/commons/lang3/BooleanUtils.java,644,NullifyInputVariable,public static Boolean toBooleanObject(final Integer value) {,public static Boolean toBooleanObject(final Integer value) { value = null;,147,
org/apache/commons/lang3/BooleanUtils.java,562,NullifyInputVariable,"public static boolean toBooleanDefaultIfNull(final Boolean bool, final boolean valueIfNull) {","public static boolean toBooleanDefaultIfNull(final Boolean bool, final boolean valueIfNull) { bool = null;",148,
org/apache/commons/lang3/BooleanUtils.java,528,NullifyInputVariable,"public static boolean toBoolean(final String str, final String trueString, final String falseString) {","public static boolean toBoolean(final String str, final String trueString, final String falseString) { falseString = null;",149,
org/apache/commons/lang3/BooleanUtils.java,528,NullifyInputVariable,"public static boolean toBoolean(final String str, final String trueString, final String falseString) {","public static boolean toBoolean(final String str, final String trueString, final String falseString) { trueString = null;",150,
org/apache/commons/lang3/BooleanUtils.java,528,NullifyInputVariable,"public static boolean toBoolean(final String str, final String trueString, final String falseString) {","public static boolean toBoolean(final String str, final String trueString, final String falseString) { str = null;",151,
org/apache/commons/lang3/BooleanUtils.java,510,NullifyInputVariable,public static boolean toBoolean(final String str) {,public static boolean toBoolean(final String str) { str = null;,152,
org/apache/commons/lang3/BooleanUtils.java,465,NullifyInputVariable,"public static boolean toBoolean(final Integer value, final Integer trueValue, final Integer falseValue) {","public static boolean toBoolean(final Integer value, final Integer trueValue, final Integer falseValue) { falseValue = null;",153,
org/apache/commons/lang3/BooleanUtils.java,465,NullifyInputVariable,"public static boolean toBoolean(final Integer value, final Integer trueValue, final Integer falseValue) {","public static boolean toBoolean(final Integer value, final Integer trueValue, final Integer falseValue) { trueValue = null;",154,
org/apache/commons/lang3/BooleanUtils.java,465,NullifyInputVariable,"public static boolean toBoolean(final Integer value, final Integer trueValue, final Integer falseValue) {","public static boolean toBoolean(final Integer value, final Integer trueValue, final Integer falseValue) { value = null;",155,
org/apache/commons/lang3/BooleanUtils.java,395,NullifyInputVariable,public static boolean toBoolean(final Boolean bool) {,public static boolean toBoolean(final Boolean bool) { bool = null;,156,
org/apache/commons/lang3/BooleanUtils.java,368,NullifyInputVariable,public static Boolean or(final Boolean... array) {,public static Boolean or(final Boolean... array) { array = null;,157,
org/apache/commons/lang3/BooleanUtils.java,313,NullifyInputVariable,public static Boolean oneHot(final Boolean... array) {,public static Boolean oneHot(final Boolean... array) { array = null;,158,
org/apache/commons/lang3/BooleanUtils.java,262,NullifyInputVariable,public static Boolean negate(final Boolean bool) {,public static Boolean negate(final Boolean bool) { bool = null;,159,
org/apache/commons/lang3/BooleanUtils.java,242,NullifyInputVariable,public static boolean isTrue(final Boolean bool) {,public static boolean isTrue(final Boolean bool) { bool = null;,160,
org/apache/commons/lang3/BooleanUtils.java,224,NullifyInputVariable,public static boolean isNotTrue(final Boolean bool) {,public static boolean isNotTrue(final Boolean bool) { bool = null;,161,
org/apache/commons/lang3/BooleanUtils.java,206,NullifyInputVariable,public static boolean isNotFalse(final Boolean bool) {,public static boolean isNotFalse(final Boolean bool) { bool = null;,162,
org/apache/commons/lang3/BooleanUtils.java,188,NullifyInputVariable,public static boolean isFalse(final Boolean bool) {,public static boolean isFalse(final Boolean bool) { bool = null;,163,
org/apache/commons/lang3/BooleanUtils.java,170,NullifyInputVariable,public static void forEach(final Consumer<Boolean> action) {,public static void forEach(final Consumer<Boolean> action) { action = null;,164,
org/apache/commons/lang3/BooleanUtils.java,132,NullifyInputVariable,public static Boolean and(final Boolean... array) {,public static Boolean and(final Boolean... array) { array = null;,165,
org/apache/commons/lang3/CachedRandomBits.java,84,RelationalOperatorReplacement,if (bitIndex >> 3 >= cache.length) {,if (bitIndex >> 3 < cache.length) {,22,
org/apache/commons/lang3/CachedRandomBits.java,83,RelationalOperatorReplacement,while (generatedBits < bits) {,while (generatedBits >= bits) {,23,
org/apache/commons/lang3/CachedRandomBits.java,78,RelationalOperatorReplacement,if (bits > 32 || bits <= 0) {,if (bits > 32 || bits > 0) {,24,
org/apache/commons/lang3/CachedRandomBits.java,78,RelationalOperatorReplacement,if (bits > 32 || bits <= 0) {,if (bits <= 32 || bits <= 0) {,25,
org/apache/commons/lang3/CachedRandomBits.java,62,RelationalOperatorReplacement,if (cacheSize <= 0) {,if (cacheSize > 0) {,26,
org/apache/commons/lang3/CharEncoding.java,100,NullifyInputVariable,public static boolean isSupported(final String name) {,public static boolean isSupported(final String name) { name = null;,2,
org/apache/commons/lang3/CharRange.java,280,NullifyInputVariable,public boolean equals(final Object obj) {,public boolean equals(final Object obj) { obj = null;,27,
org/apache/commons/lang3/CharRange.java,257,NullifyInputVariable,public boolean contains(final CharRange range) {,public boolean contains(final CharRange range) { range = null;,28,
org/apache/commons/lang3/CharRange.java,268,RelationalOperatorReplacement,return start <= range.start && end >= range.end;,return start <= range.start && end < range.end;,69,
org/apache/commons/lang3/CharRange.java,268,RelationalOperatorReplacement,return start <= range.start && end >= range.end;,return start > range.start && end >= range.end;,70,
org/apache/commons/lang3/CharRange.java,263,RelationalOperatorReplacement,return range.end < start || range.start > end;,return range.end < start || range.start <= end;,73,
org/apache/commons/lang3/CharRange.java,263,RelationalOperatorReplacement,return range.end < start || range.start > end;,return range.end >= start || range.start > end;,74,
org/apache/commons/lang3/CharRange.java,261,RelationalOperatorReplacement,return start >= range.start && end <= range.end;,return start >= range.start && end > range.end;,75,
org/apache/commons/lang3/CharRange.java,261,RelationalOperatorReplacement,return start >= range.start && end <= range.end;,return start < range.start && end <= range.end;,76,
org/apache/commons/lang3/CharRange.java,246,RelationalOperatorReplacement,return (ch >= start && ch <= end) != negated;,return (ch >= start && ch > end) != negated;,78,
org/apache/commons/lang3/CharRange.java,246,RelationalOperatorReplacement,return (ch >= start && ch <= end) != negated;,return (ch < start && ch <= end) != negated;,79,
org/apache/commons/lang3/CharRange.java,227,RelationalOperatorReplacement,if (start > end) {,if (start <= end) {,80,
org/apache/commons/lang3/CharRange.java,113,RelationalOperatorReplacement,} else if (current < range.end) {,} else if (current >= range.end) {,81,
org/apache/commons/lang3/CharSequenceUtils.java,131,RelationalOperatorReplacement,for (int i = start; i < sz - 1; i++) {,for (int i = start; i >= sz - 1; i++) {,103,
org/apache/commons/lang3/CharSequenceUtils.java,129,RelationalOperatorReplacement,if (searchChar <= Character.MAX_CODE_POINT) {,if (searchChar > Character.MAX_CODE_POINT) {,104,
org/apache/commons/lang3/CharSequenceUtils.java,121,RelationalOperatorReplacement,for (int i = start; i < sz; i++) {,for (int i = start; i >= sz; i++) {,106,
org/apache/commons/lang3/CharSequenceUtils.java,120,RelationalOperatorReplacement,if (searchChar < Character.MIN_SUPPLEMENTARY_CODE_POINT) {,if (searchChar >= Character.MIN_SUPPLEMENTARY_CODE_POINT) {,107,
org/apache/commons/lang3/CharSequenceUtils.java,117,RelationalOperatorReplacement,if (start < 0) {,if (start >= 0) {,108,
org/apache/commons/lang3/CharSequenceUtils.java,33,RelationalOperatorReplacement,"for (int i = 1, j = len2 - 1; i <= j; i++, j--) {","for (int i = 1, j = len2 - 1; i > j; i++, j--) {",111,
org/apache/commons/lang3/CharSequenceUtils.java,365,NullifyInputVariable,public static char[] toCharArray(final CharSequence source) {,public static char[] toCharArray(final CharSequence source) { source = null;,28,
org/apache/commons/lang3/CharSequenceUtils.java,354,NullifyInputVariable,"public static CharSequence subSequence(final CharSequence cs, final int start) {","public static CharSequence subSequence(final CharSequence cs, final int start) { cs = null;",29,
org/apache/commons/lang3/CharSequenceUtils.java,295,NullifyInputVariable,"final CharSequence substring, final int start, final int length) {","final CharSequence substring, final int start, final int length) { substring = null;",30,
org/apache/commons/lang3/CharSequenceUtils.java,295,NullifyInputVariable,"final CharSequence substring, final int start, final int length) {","final CharSequence substring, final int start, final int length) { cs = null;",31,
org/apache/commons/lang3/CharSequenceUtils.java,245,NullifyInputVariable,"static int lastIndexOf(final CharSequence cs, final int searchChar, int start) {","static int lastIndexOf(final CharSequence cs, final int searchChar, int start) { cs = null;",32,
org/apache/commons/lang3/CharSequenceUtils.java,150,NullifyInputVariable,"static int lastIndexOf(final CharSequence cs, final CharSequence searchChar, int start) {","static int lastIndexOf(final CharSequence cs, final CharSequence searchChar, int start) { searchChar = null;",33,
org/apache/commons/lang3/CharSequenceUtils.java,150,NullifyInputVariable,"static int lastIndexOf(final CharSequence cs, final CharSequence searchChar, int start) {","static int lastIndexOf(final CharSequence cs, final CharSequence searchChar, int start) { cs = null;",34,
org/apache/commons/lang3/CharSequenceUtils.java,112,NullifyInputVariable,"static int indexOf(final CharSequence cs, final int searchChar, int start) {","static int indexOf(final CharSequence cs, final int searchChar, int start) { cs = null;",35,
org/apache/commons/lang3/CharSequenceUtils.java,49,NullifyInputVariable,"static int indexOf(final CharSequence cs, final CharSequence searchChar, final int start) {","static int indexOf(final CharSequence cs, final CharSequence searchChar, final int start) { searchChar = null;",36,
org/apache/commons/lang3/CharSequenceUtils.java,49,NullifyInputVariable,"static int indexOf(final CharSequence cs, final CharSequence searchChar, final int start) {","static int indexOf(final CharSequence cs, final CharSequence searchChar, final int start) { cs = null;",37,
org/apache/commons/lang3/CharSequenceUtils.java,32,NullifyInputVariable,"private static boolean checkLaterThan1(final CharSequence cs, final CharSequence searchChar, final int len2, final int start1) {","private static boolean checkLaterThan1(final CharSequence cs, final CharSequence searchChar, final int len2, final int start1) { searchChar = null;",38,
org/apache/commons/lang3/CharSequenceUtils.java,32,NullifyInputVariable,"private static boolean checkLaterThan1(final CharSequence cs, final CharSequence searchChar, final int len2, final int start1) {","private static boolean checkLaterThan1(final CharSequence cs, final CharSequence searchChar, final int len2, final int start1) { cs = null;",39,
org/apache/commons/lang3/CharSequenceUtils.java,374,RelationalOperatorReplacement,for (int i = 0; i < len; i++) {,for (int i = 0; i >= len; i++) {,68,
org/apache/commons/lang3/CharSequenceUtils.java,317,RelationalOperatorReplacement,while (tmpLen-- > 0) {,while (tmpLen-- <= 0) {,74,
org/apache/commons/lang3/CharSequenceUtils.java,313,RelationalOperatorReplacement,if (srcLen < length || otherLen < length) {,if (srcLen < length || otherLen >= length) {,75,
org/apache/commons/lang3/CharSequenceUtils.java,313,RelationalOperatorReplacement,if (srcLen < length || otherLen < length) {,if (srcLen >= length || otherLen < length) {,76,
org/apache/commons/lang3/CharSequenceUtils.java,308,RelationalOperatorReplacement,if (thisStart < 0 || start < 0 || length < 0) {,if (thisStart < 0 || start < 0 || length >= 0) {,77,
org/apache/commons/lang3/CharSequenceUtils.java,308,RelationalOperatorReplacement,if (thisStart < 0 || start < 0 || length < 0) {,if (thisStart < 0 || start >= 0 || length < 0) {,78,
org/apache/commons/lang3/CharSequenceUtils.java,308,RelationalOperatorReplacement,if (thisStart < 0 || start < 0 || length < 0) {,if (thisStart >= 0 || start < 0 || length < 0) {,79,
org/apache/commons/lang3/CharSequenceUtils.java,272,RelationalOperatorReplacement,for (int i = start; i >= 0; i--) {,for (int i = start; i < 0; i--) {,82,
org/apache/commons/lang3/CharSequenceUtils.java,266,RelationalOperatorReplacement,if (searchChar <= Character.MAX_CODE_POINT) {,if (searchChar > Character.MAX_CODE_POINT) {,84,
org/apache/commons/lang3/CharSequenceUtils.java,257,RelationalOperatorReplacement,for (int i = start; i >= 0; --i) {,for (int i = start; i < 0; --i) {,86,
org/apache/commons/lang3/CharSequenceUtils.java,256,RelationalOperatorReplacement,if (searchChar < Character.MIN_SUPPLEMENTARY_CODE_POINT) {,if (searchChar >= Character.MIN_SUPPLEMENTARY_CODE_POINT) {,87,
org/apache/commons/lang3/CharSequenceUtils.java,253,RelationalOperatorReplacement,if (start >= sz) {,if (start < sz) {,88,
org/apache/commons/lang3/CharSequenceUtils.java,250,RelationalOperatorReplacement,if (start < 0) {,if (start >= 0) {,89,
org/apache/commons/lang3/CharSequenceUtils.java,211,RelationalOperatorReplacement,if (i < 0) {,if (i >= 0) {,90,
org/apache/commons/lang3/CharSequenceUtils.java,203,RelationalOperatorReplacement,if (i < 0) {,if (i >= 0) {,91,
org/apache/commons/lang3/CharSequenceUtils.java,193,RelationalOperatorReplacement,if (start + len2 > len1) {,if (start + len2 <= len1) {,93,
org/apache/commons/lang3/CharSequenceUtils.java,181,RelationalOperatorReplacement,if (len2 <= TO_STRING_LIMIT) {,if (len2 > TO_STRING_LIMIT) {,94,
org/apache/commons/lang3/CharSequenceUtils.java,173,RelationalOperatorReplacement,if (start < 0 || len2 > len1) {,if (start < 0 || len2 <= len1) {,96,
org/apache/commons/lang3/CharSequenceUtils.java,173,RelationalOperatorReplacement,if (start < 0 || len2 > len1) {,if (start >= 0 || len2 > len1) {,97,
org/apache/commons/lang3/CharSequenceUtils.java,169,RelationalOperatorReplacement,if (start > len1) {,if (start <= len1) {,98,
org/apache/commons/lang3/CharSet.java,239,NullifyInputVariable,public boolean equals(final Object obj) {,public boolean equals(final Object obj) { obj = null;,26,
org/apache/commons/lang3/CharSet.java,184,NullifyInputVariable,protected void add(final String str) {,protected void add(final String str) { str = null;,27,
org/apache/commons/lang3/CharSet.java,152,NullifyInputVariable,public static CharSet getInstance(final String... setStrs) {,public static CharSet getInstance(final String... setStrs) { setStrs = null;,28,
org/apache/commons/lang3/CharSet.java,201,RelationalOperatorReplacement,} else if (remainder >= 2 && str.charAt(pos) == '^') {,} else if (remainder < 2 && str.charAt(pos) == '^') {,50,
org/apache/commons/lang3/CharSet.java,197,RelationalOperatorReplacement,} else if (remainder >= 3 && str.charAt(pos + 1) == '-') {,} else if (remainder < 3 && str.charAt(pos + 1) == '-') {,52,
org/apache/commons/lang3/CharSet.java,193,RelationalOperatorReplacement,if (remainder >= 4 && str.charAt(pos) == '^' && str.charAt(pos + 2) == '-') {,if (remainder < 4 && str.charAt(pos) == '^' && str.charAt(pos + 2) == '-') {,55,
org/apache/commons/lang3/CharSet.java,191,RelationalOperatorReplacement,while (pos < len) {,while (pos >= len) {,56,
org/apache/commons/lang3/CharSetUtils.java,201,NullifyInputVariable,"public static String squeeze(final String str, final String... set) {","public static String squeeze(final String str, final String... set) { set = null;",19,
org/apache/commons/lang3/CharSetUtils.java,201,NullifyInputVariable,"public static String squeeze(final String str, final String... set) {","public static String squeeze(final String str, final String... set) { str = null;",20,
org/apache/commons/lang3/CharSetUtils.java,171,NullifyInputVariable,"private static String modify(final String str, final String[] set, final boolean expect) {","private static String modify(final String str, final String[] set, final boolean expect) { set = null;",21,
org/apache/commons/lang3/CharSetUtils.java,171,NullifyInputVariable,"private static String modify(final String str, final String[] set, final boolean expect) {","private static String modify(final String str, final String[] set, final boolean expect) { str = null;",22,
org/apache/commons/lang3/CharSetUtils.java,153,NullifyInputVariable,"public static String keep(final String str, final String... set) {","public static String keep(final String str, final String... set) { set = null;",23,
org/apache/commons/lang3/CharSetUtils.java,153,NullifyInputVariable,"public static String keep(final String str, final String... set) {","public static String keep(final String str, final String... set) { str = null;",24,
org/apache/commons/lang3/CharSetUtils.java,127,NullifyInputVariable,"public static String delete(final String str, final String... set) {","public static String delete(final String str, final String... set) { set = null;",25,
org/apache/commons/lang3/CharSetUtils.java,127,NullifyInputVariable,"public static String delete(final String str, final String... set) {","public static String delete(final String str, final String... set) { str = null;",26,
org/apache/commons/lang3/CharSetUtils.java,105,NullifyInputVariable,private static boolean deepEmpty(final String[] strings) {,private static boolean deepEmpty(final String[] strings) { strings = null;,27,
org/apache/commons/lang3/CharSetUtils.java,84,NullifyInputVariable,"public static int count(final String str, final String... set) {","public static int count(final String str, final String... set) { set = null;",28,
org/apache/commons/lang3/CharSetUtils.java,84,NullifyInputVariable,"public static int count(final String str, final String... set) {","public static int count(final String str, final String... set) { str = null;",29,
org/apache/commons/lang3/CharSetUtils.java,53,NullifyInputVariable,"public static boolean containsAny(final String str, final String... set) {","public static boolean containsAny(final String str, final String... set) { set = null;",30,
org/apache/commons/lang3/CharSetUtils.java,53,NullifyInputVariable,"public static boolean containsAny(final String str, final String... set) {","public static boolean containsAny(final String str, final String... set) { str = null;",31,
org/apache/commons/lang3/CharSetUtils.java,214,RelationalOperatorReplacement,for (int i = 1; i < sz; i++) {,for (int i = 1; i >= sz; i++) {,55,
org/apache/commons/lang3/CharUtils.java,500,NullifyInputVariable,public static String unicodeEscaped(final Character ch) {,public static String unicodeEscaped(final Character ch) { ch = null;,26,
org/apache/commons/lang3/CharUtils.java,459,NullifyInputVariable,public static String toString(final Character ch) {,public static String toString(final Character ch) { ch = null;,27,
org/apache/commons/lang3/CharUtils.java,417,NullifyInputVariable,"public static int toIntValue(final Character ch, final int defaultValue) {","public static int toIntValue(final Character ch, final int defaultValue) { ch = null;",28,
org/apache/commons/lang3/CharUtils.java,397,NullifyInputVariable,public static int toIntValue(final Character ch) {,public static int toIntValue(final Character ch) { ch = null;,29,
org/apache/commons/lang3/CharUtils.java,335,NullifyInputVariable,public static Character toCharacterObject(final String str) {,public static Character toCharacterObject(final String str) { str = null;,30,
org/apache/commons/lang3/CharUtils.java,302,NullifyInputVariable,"public static char toChar(final String str, final char defaultValue) {","public static char toChar(final String str, final char defaultValue) { str = null;",31,
org/apache/commons/lang3/CharUtils.java,282,NullifyInputVariable,public static char toChar(final String str) {,public static char toChar(final String str) { str = null;,32,
org/apache/commons/lang3/CharUtils.java,262,NullifyInputVariable,"public static char toChar(final Character ch, final char defaultValue) {","public static char toChar(final Character ch, final char defaultValue) { ch = null;",33,
org/apache/commons/lang3/CharUtils.java,245,NullifyInputVariable,public static char toChar(final Character ch) {,public static char toChar(final Character ch) { ch = null;,34,
org/apache/commons/lang3/CharUtils.java,436,RelationalOperatorReplacement,if (ch < CHAR_STRING_ARRAY.length) {,if (ch >= CHAR_STRING_ARRAY.length) {,86,
org/apache/commons/lang3/CharUtils.java,229,RelationalOperatorReplacement,return ch >= 32 && ch < 127;,return ch >= 32 && ch >= 127;,89,
org/apache/commons/lang3/CharUtils.java,229,RelationalOperatorReplacement,return ch >= 32 && ch < 127;,return ch < 32 && ch < 127;,90,
org/apache/commons/lang3/CharUtils.java,210,RelationalOperatorReplacement,return ch >= '0' && ch <= '9';,return ch >= '0' && ch > '9';,91,
org/apache/commons/lang3/CharUtils.java,210,RelationalOperatorReplacement,return ch >= '0' && ch <= '9';,return ch < '0' && ch <= '9';,92,
org/apache/commons/lang3/CharUtils.java,191,RelationalOperatorReplacement,return ch < 32 || ch == 127;,return ch >= 32 || ch == 127;,94,
org/apache/commons/lang3/CharUtils.java,172,RelationalOperatorReplacement,return ch >= 'A' && ch <= 'Z';,return ch >= 'A' && ch > 'Z';,95,
org/apache/commons/lang3/CharUtils.java,172,RelationalOperatorReplacement,return ch >= 'A' && ch <= 'Z';,return ch < 'A' && ch <= 'Z';,96,
org/apache/commons/lang3/CharUtils.java,134,RelationalOperatorReplacement,return ch >= 'a' && ch <= 'z';,return ch >= 'a' && ch > 'z';,97,
org/apache/commons/lang3/CharUtils.java,134,RelationalOperatorReplacement,return ch >= 'a' && ch <= 'z';,return ch < 'a' && ch <= 'z';,98,
org/apache/commons/lang3/CharUtils.java,96,RelationalOperatorReplacement,return ch < 128;,return ch >= 128;,99,
org/apache/commons/lang3/Charsets.java,65,NullifyInputVariable,static String toCharsetName(final String charsetName) {,static String toCharsetName(final String charsetName) { charsetName = null;,7,
org/apache/commons/lang3/Charsets.java,55,NullifyInputVariable,static Charset toCharset(final String charsetName) {,static Charset toCharset(final String charsetName) { charsetName = null;,8,
org/apache/commons/lang3/Charsets.java,43,NullifyInputVariable,static Charset toCharset(final Charset charset) {,static Charset toCharset(final Charset charset) { charset = null;,9,
org/apache/commons/lang3/ClassLoaderUtils.java,64,NullifyInputVariable,public static String toString(final ClassLoader classLoader) {,public static String toString(final ClassLoader classLoader) { classLoader = null;,10,
org/apache/commons/lang3/ClassLoaderUtils.java,54,NullifyInputVariable,private static URL[] getURLs(final ClassLoader cl) {,private static URL[] getURLs(final ClassLoader cl) { cl = null;,11,
org/apache/commons/lang3/ClassLoaderUtils.java,77,NullifyInputVariable,public static String toString(final URLClassLoader classLoader) {,public static String toString(final URLClassLoader classLoader) { classLoader = null;,9,
org/apache/commons/lang3/ClassPathUtils.java,139,NullifyInputVariable,"public static String toFullyQualifiedPath(final Package context, final String resourceName) {","public static String toFullyQualifiedPath(final Package context, final String resourceName) { context = null;",10,
org/apache/commons/lang3/ClassPathUtils.java,117,NullifyInputVariable,"public static String toFullyQualifiedPath(final Class<?> context, final String resourceName) {","public static String toFullyQualifiedPath(final Class<?> context, final String resourceName) { resourceName = null;",11,
org/apache/commons/lang3/ClassPathUtils.java,117,NullifyInputVariable,"public static String toFullyQualifiedPath(final Class<?> context, final String resourceName) {","public static String toFullyQualifiedPath(final Class<?> context, final String resourceName) { context = null;",12,
org/apache/commons/lang3/ClassPathUtils.java,95,NullifyInputVariable,"public static String toFullyQualifiedName(final Package context, final String resourceName) {","public static String toFullyQualifiedName(final Package context, final String resourceName) { resourceName = null;",13,
org/apache/commons/lang3/ClassPathUtils.java,95,NullifyInputVariable,"public static String toFullyQualifiedName(final Package context, final String resourceName) {","public static String toFullyQualifiedName(final Package context, final String resourceName) { context = null;",14,
org/apache/commons/lang3/ClassPathUtils.java,73,NullifyInputVariable,"public static String toFullyQualifiedName(final Class<?> context, final String resourceName) {","public static String toFullyQualifiedName(final Class<?> context, final String resourceName) { resourceName = null;",15,
org/apache/commons/lang3/ClassPathUtils.java,73,NullifyInputVariable,"public static String toFullyQualifiedName(final Class<?> context, final String resourceName) {","public static String toFullyQualifiedName(final Class<?> context, final String resourceName) { context = null;",16,
org/apache/commons/lang3/ClassPathUtils.java,53,NullifyInputVariable,public static String pathToPackage(final String path) {,public static String pathToPackage(final String path) { path = null;,17,
org/apache/commons/lang3/ClassPathUtils.java,41,NullifyInputVariable,public static String packageToPath(final String path) {,public static String packageToPath(final String path) { path = null;,18,
org/apache/commons/lang3/ClassPathUtils.java,139,NullifyInputVariable,"public static String toFullyQualifiedPath(final Package context, final String resourceName) {","public static String toFullyQualifiedPath(final Package context, final String resourceName) { resourceName = null;",9,
org/apache/commons/lang3/ClassUtils.java,1614,NullifyInputVariable,public static Class<?> wrapperToPrimitive(final Class<?> cls) {,public static Class<?> wrapperToPrimitive(final Class<?> cls) { cls = null;,168,
org/apache/commons/lang3/ClassUtils.java,1586,NullifyInputVariable,public static Class<?>[] wrappersToPrimitives(final Class<?>... classes) {,public static Class<?>[] wrappersToPrimitives(final Class<?>... classes) { classes = null;,169,
org/apache/commons/lang3/ClassUtils.java,1536,NullifyInputVariable,public static Class<?>[] toClass(final Object... array) {,public static Class<?>[] toClass(final Object... array) { array = null;,170,
org/apache/commons/lang3/ClassUtils.java,1504,NullifyInputVariable,private static String toCanonicalName(final String className) {,private static String toCanonicalName(final String className) { className = null;,171,
org/apache/commons/lang3/ClassUtils.java,1489,NullifyInputVariable,public static Class<?> primitiveToWrapper(final Class<?> cls) {,public static Class<?> primitiveToWrapper(final Class<?> cls) { cls = null;,172,
org/apache/commons/lang3/ClassUtils.java,1463,NullifyInputVariable,public static Class<?>[] primitivesToWrappers(final Class<?>... classes) {,public static Class<?>[] primitivesToWrappers(final Class<?>... classes) { classes = null;,173,
org/apache/commons/lang3/ClassUtils.java,1451,NullifyInputVariable,public static boolean isPublic(final Class<?> cls) {,public static boolean isPublic(final Class<?> cls) { cls = null;,174,
org/apache/commons/lang3/ClassUtils.java,1441,NullifyInputVariable,public static boolean isPrimitiveWrapper(final Class<?> type) {,public static boolean isPrimitiveWrapper(final Class<?> type) { type = null;,175,
org/apache/commons/lang3/ClassUtils.java,1426,NullifyInputVariable,public static boolean isPrimitiveOrWrapper(final Class<?> type) {,public static boolean isPrimitiveOrWrapper(final Class<?> type) { type = null;,176,
org/apache/commons/lang3/ClassUtils.java,1413,NullifyInputVariable,public static boolean isInnerClass(final Class<?> cls) {,public static boolean isInnerClass(final Class<?> cls) { cls = null;,177,
org/apache/commons/lang3/ClassUtils.java,1353,NullifyInputVariable,"public static boolean isAssignable(final Class<?>[] classArray, final Class<?>... toClassArray) {","public static boolean isAssignable(final Class<?>[] classArray, final Class<?>... toClassArray) { toClassArray = null;",180,
org/apache/commons/lang3/ClassUtils.java,1353,NullifyInputVariable,"public static boolean isAssignable(final Class<?>[] classArray, final Class<?>... toClassArray) {","public static boolean isAssignable(final Class<?>[] classArray, final Class<?>... toClassArray) { classArray = null;",181,
org/apache/commons/lang3/ClassUtils.java,1254,NullifyInputVariable,"public static boolean isAssignable(Class<?> cls, final Class<?> toClass, final boolean autoboxing) {","public static boolean isAssignable(Class<?> cls, final Class<?> toClass, final boolean autoboxing) { toClass = null;",182,
org/apache/commons/lang3/ClassUtils.java,1220,NullifyInputVariable,"public static boolean isAssignable(final Class<?> cls, final Class<?> toClass) {","public static boolean isAssignable(final Class<?> cls, final Class<?> toClass) { toClass = null;",184,
org/apache/commons/lang3/ClassUtils.java,1220,NullifyInputVariable,"public static boolean isAssignable(final Class<?> cls, final Class<?> toClass) {","public static boolean isAssignable(final Class<?> cls, final Class<?> toClass) { cls = null;",185,
org/apache/commons/lang3/ClassUtils.java,1114,NullifyInputVariable,"public static Iterable<Class<?>> hierarchy(final Class<?> type, final Interfaces interfacesBehavior) {","public static Iterable<Class<?>> hierarchy(final Class<?> type, final Interfaces interfacesBehavior) { interfacesBehavior = null;",186,
org/apache/commons/lang3/ClassUtils.java,1114,NullifyInputVariable,"public static Iterable<Class<?>> hierarchy(final Class<?> type, final Interfaces interfacesBehavior) {","public static Iterable<Class<?>> hierarchy(final Class<?> type, final Interfaces interfacesBehavior) { type = null;",187,
org/apache/commons/lang3/ClassUtils.java,1172,NullifyInputVariable,"private void walkInterfaces(final Set<Class<?>> addTo, final Class<?> c) {","private void walkInterfaces(final Set<Class<?>> addTo, final Class<?> c) { c = null;",188,
org/apache/commons/lang3/ClassUtils.java,1172,NullifyInputVariable,"private void walkInterfaces(final Set<Class<?>> addTo, final Class<?> c) {","private void walkInterfaces(final Set<Class<?>> addTo, final Class<?> c) { addTo = null;",189,
org/apache/commons/lang3/ClassUtils.java,1102,NullifyInputVariable,public static Iterable<Class<?>> hierarchy(final Class<?> type) {,public static Iterable<Class<?>> hierarchy(final Class<?> type) { type = null;,190,
org/apache/commons/lang3/ClassUtils.java,1090,NullifyInputVariable,"public static String getSimpleName(final Object object, final String valueIfNull) {","public static String getSimpleName(final Object object, final String valueIfNull) { valueIfNull = null;",191,
org/apache/commons/lang3/ClassUtils.java,1090,NullifyInputVariable,"public static String getSimpleName(final Object object, final String valueIfNull) {","public static String getSimpleName(final Object object, final String valueIfNull) { object = null;",192,
org/apache/commons/lang3/ClassUtils.java,1077,NullifyInputVariable,public static String getSimpleName(final Object object) {,public static String getSimpleName(final Object object) { object = null;,193,
org/apache/commons/lang3/ClassUtils.java,1057,NullifyInputVariable,"public static String getSimpleName(final Class<?> cls, final String valueIfNull) {","public static String getSimpleName(final Class<?> cls, final String valueIfNull) { valueIfNull = null;",194,
org/apache/commons/lang3/ClassUtils.java,1057,NullifyInputVariable,"public static String getSimpleName(final Class<?> cls, final String valueIfNull) {","public static String getSimpleName(final Class<?> cls, final String valueIfNull) { cls = null;",195,
org/apache/commons/lang3/ClassUtils.java,1044,NullifyInputVariable,public static String getSimpleName(final Class<?> cls) {,public static String getSimpleName(final Class<?> cls) { cls = null;,196,
org/apache/commons/lang3/ClassUtils.java,966,NullifyInputVariable,"public static String getShortClassName(final Object object, final String valueIfNull) {","public static String getShortClassName(final Object object, final String valueIfNull) { valueIfNull = null;",198,
org/apache/commons/lang3/ClassUtils.java,966,NullifyInputVariable,"public static String getShortClassName(final Object object, final String valueIfNull) {","public static String getShortClassName(final Object object, final String valueIfNull) { object = null;",199,
org/apache/commons/lang3/ClassUtils.java,946,NullifyInputVariable,public static String getShortClassName(final Class<?> cls) {,public static String getShortClassName(final Class<?> cls) { cls = null;,200,
org/apache/commons/lang3/ClassUtils.java,930,NullifyInputVariable,public static String getShortCanonicalName(final String canonicalName) {,public static String getShortCanonicalName(final String canonicalName) { canonicalName = null;,201,
org/apache/commons/lang3/ClassUtils.java,832,NullifyInputVariable,"public static String getShortCanonicalName(final Object object, final String valueIfNull) {","public static String getShortCanonicalName(final Object object, final String valueIfNull) { valueIfNull = null;",202,
org/apache/commons/lang3/ClassUtils.java,832,NullifyInputVariable,"public static String getShortCanonicalName(final Object object, final String valueIfNull) {","public static String getShortCanonicalName(final Object object, final String valueIfNull) { object = null;",203,
org/apache/commons/lang3/ClassUtils.java,819,NullifyInputVariable,public static String getShortCanonicalName(final Class<?> cls) {,public static String getShortCanonicalName(final Class<?> cls) { cls = null;,204,
org/apache/commons/lang3/ClassUtils.java,783,NullifyInputVariable,"public static Method getPublicMethod(final Class<?> cls, final String methodName, final Class<?>... parameterTypes) throws NoSuchMethodException {","public static Method getPublicMethod(final Class<?> cls, final String methodName, final Class<?>... parameterTypes) throws NoSuchMethodException { parameterTypes = null;",205,
org/apache/commons/lang3/ClassUtils.java,783,NullifyInputVariable,"public static Method getPublicMethod(final Class<?> cls, final String methodName, final Class<?>... parameterTypes) throws NoSuchMethodException {","public static Method getPublicMethod(final Class<?> cls, final String methodName, final Class<?>... parameterTypes) throws NoSuchMethodException { methodName = null;",206,
org/apache/commons/lang3/ClassUtils.java,783,NullifyInputVariable,"public static Method getPublicMethod(final Class<?> cls, final String methodName, final Class<?>... parameterTypes) throws NoSuchMethodException {","public static Method getPublicMethod(final Class<?> cls, final String methodName, final Class<?>... parameterTypes) throws NoSuchMethodException { cls = null;",207,
org/apache/commons/lang3/ClassUtils.java,759,NullifyInputVariable,static Class<?> getPrimitiveClass(final String className) {,static Class<?> getPrimitiveClass(final String className) { className = null;,208,
org/apache/commons/lang3/ClassUtils.java,712,NullifyInputVariable,"public static String getPackageName(final Object object, final String valueIfNull) {","public static String getPackageName(final Object object, final String valueIfNull) { valueIfNull = null;",210,
org/apache/commons/lang3/ClassUtils.java,712,NullifyInputVariable,"public static String getPackageName(final Object object, final String valueIfNull) {","public static String getPackageName(final Object object, final String valueIfNull) { object = null;",211,
org/apache/commons/lang3/ClassUtils.java,698,NullifyInputVariable,public static String getPackageName(final Class<?> cls) {,public static String getPackageName(final Class<?> cls) { cls = null;,212,
org/apache/commons/lang3/ClassUtils.java,688,NullifyInputVariable,public static String getPackageCanonicalName(final String name) {,public static String getPackageCanonicalName(final String name) { name = null;,213,
org/apache/commons/lang3/ClassUtils.java,667,NullifyInputVariable,"public static String getPackageCanonicalName(final Object object, final String valueIfNull) {","public static String getPackageCanonicalName(final Object object, final String valueIfNull) { valueIfNull = null;",214,
org/apache/commons/lang3/ClassUtils.java,667,NullifyInputVariable,"public static String getPackageCanonicalName(final Object object, final String valueIfNull) {","public static String getPackageCanonicalName(final Object object, final String valueIfNull) { object = null;",215,
org/apache/commons/lang3/ClassUtils.java,652,NullifyInputVariable,public static String getPackageCanonicalName(final Class<?> cls) {,public static String getPackageCanonicalName(final Class<?> cls) { cls = null;,216,
org/apache/commons/lang3/ClassUtils.java,641,NullifyInputVariable,"public static String getName(final Object object, final String valueIfNull) {","public static String getName(final Object object, final String valueIfNull) { valueIfNull = null;",217,
org/apache/commons/lang3/ClassUtils.java,641,NullifyInputVariable,"public static String getName(final Object object, final String valueIfNull) {","public static String getName(final Object object, final String valueIfNull) { object = null;",218,
org/apache/commons/lang3/ClassUtils.java,628,NullifyInputVariable,public static String getName(final Object object) {,public static String getName(final Object object) { object = null;,219,
org/apache/commons/lang3/ClassUtils.java,616,NullifyInputVariable,"public static String getName(final Class<?> cls, final String valueIfNull) {","public static String getName(final Class<?> cls, final String valueIfNull) { valueIfNull = null;",220,
org/apache/commons/lang3/ClassUtils.java,616,NullifyInputVariable,"public static String getName(final Class<?> cls, final String valueIfNull) {","public static String getName(final Class<?> cls, final String valueIfNull) { cls = null;",221,
org/apache/commons/lang3/ClassUtils.java,603,NullifyInputVariable,public static String getName(final Class<?> cls) {,public static String getName(final Class<?> cls) { cls = null;,222,
org/apache/commons/lang3/ClassUtils.java,591,NullifyInputVariable,public static <T> Class<T> getComponentType(final Class<T[]> cls) {,public static <T> Class<T> getComponentType(final Class<T[]> cls) { cls = null;,223,
org/apache/commons/lang3/ClassUtils.java,575,NullifyInputVariable,"public static Class<?> getClass(final String className, final boolean initialize) throws ClassNotFoundException {","public static Class<?> getClass(final String className, final boolean initialize) throws ClassNotFoundException { className = null;",224,
org/apache/commons/lang3/ClassUtils.java,560,NullifyInputVariable,public static Class<?> getClass(final String className) throws ClassNotFoundException {,public static Class<?> getClass(final String className) throws ClassNotFoundException { className = null;,225,
org/apache/commons/lang3/ClassUtils.java,529,NullifyInputVariable,"public static Class<?> getClass(final ClassLoader classLoader, final String className, final boolean initialize) throws ClassNotFoundException {","public static Class<?> getClass(final ClassLoader classLoader, final String className, final boolean initialize) throws ClassNotFoundException { className = null;",226,
org/apache/commons/lang3/ClassUtils.java,529,NullifyInputVariable,"public static Class<?> getClass(final ClassLoader classLoader, final String className, final boolean initialize) throws ClassNotFoundException {","public static Class<?> getClass(final ClassLoader classLoader, final String className, final boolean initialize) throws ClassNotFoundException { classLoader = null;",227,
org/apache/commons/lang3/ClassUtils.java,513,NullifyInputVariable,"public static Class<?> getClass(final ClassLoader classLoader, final String className) throws ClassNotFoundException {","public static Class<?> getClass(final ClassLoader classLoader, final String className) throws ClassNotFoundException { className = null;",228,
org/apache/commons/lang3/ClassUtils.java,513,NullifyInputVariable,"public static Class<?> getClass(final ClassLoader classLoader, final String className) throws ClassNotFoundException {","public static Class<?> getClass(final ClassLoader classLoader, final String className) throws ClassNotFoundException { classLoader = null;",229,
org/apache/commons/lang3/ClassUtils.java,448,NullifyInputVariable,"public static String getCanonicalName(final Object object, final String valueIfNull) {","public static String getCanonicalName(final Object object, final String valueIfNull) { valueIfNull = null;",231,
org/apache/commons/lang3/ClassUtils.java,448,NullifyInputVariable,"public static String getCanonicalName(final Object object, final String valueIfNull) {","public static String getCanonicalName(final Object object, final String valueIfNull) { object = null;",232,
org/apache/commons/lang3/ClassUtils.java,435,NullifyInputVariable,public static String getCanonicalName(final Object object) {,public static String getCanonicalName(final Object object) { object = null;,233,
org/apache/commons/lang3/ClassUtils.java,419,NullifyInputVariable,"public static String getCanonicalName(final Class<?> cls, final String valueIfNull) {","public static String getCanonicalName(final Class<?> cls, final String valueIfNull) { valueIfNull = null;",234,
org/apache/commons/lang3/ClassUtils.java,419,NullifyInputVariable,"public static String getCanonicalName(final Class<?> cls, final String valueIfNull) {","public static String getCanonicalName(final Class<?> cls, final String valueIfNull) { cls = null;",235,
org/apache/commons/lang3/ClassUtils.java,406,NullifyInputVariable,public static String getCanonicalName(final Class<?> cls) {,public static String getCanonicalName(final Class<?> cls) { cls = null;,236,
org/apache/commons/lang3/ClassUtils.java,385,NullifyInputVariable,public static List<Class<?>> getAllSuperclasses(final Class<?> cls) {,public static List<Class<?>> getAllSuperclasses(final Class<?> cls) { cls = null;,237,
org/apache/commons/lang3/ClassUtils.java,365,NullifyInputVariable,"private static void getAllInterfaces(Class<?> cls, final HashSet<Class<?>> interfacesFound) {","private static void getAllInterfaces(Class<?> cls, final HashSet<Class<?>> interfacesFound) { interfacesFound = null;",238,
org/apache/commons/lang3/ClassUtils.java,348,NullifyInputVariable,public static List<Class<?>> getAllInterfaces(final Class<?> cls) {,public static List<Class<?>> getAllInterfaces(final Class<?> cls) { cls = null;,240,
org/apache/commons/lang3/ClassUtils.java,303,NullifyInputVariable,"public static String getAbbreviatedName(final String className, final int lengthHint) {","public static String getAbbreviatedName(final String className, final int lengthHint) { className = null;",241,
org/apache/commons/lang3/ClassUtils.java,223,NullifyInputVariable,"public static String getAbbreviatedName(final Class<?> cls, final int lengthHint) {","public static String getAbbreviatedName(final Class<?> cls, final int lengthHint) { cls = null;",242,
org/apache/commons/lang3/ClassUtils.java,198,NullifyInputVariable,public static List<Class<?>> convertClassNamesToClasses(final List<String> classNames) {,public static List<Class<?>> convertClassNamesToClasses(final List<String> classNames) { classNames = null;,243,
org/apache/commons/lang3/ClassUtils.java,182,NullifyInputVariable,public static List<String> convertClassesToClassNames(final List<Class<?>> classes) {,public static List<String> convertClassesToClassNames(final List<Class<?>> classes) { classes = null;,244,
org/apache/commons/lang3/ClassUtils.java,1570,RelationalOperatorReplacement,return source >= originalLength || runAheadTarget + originalLength - source <= desiredLength;,return source >= originalLength || runAheadTarget + originalLength - source > desiredLength;,382,
org/apache/commons/lang3/ClassUtils.java,1570,RelationalOperatorReplacement,return source >= originalLength || runAheadTarget + originalLength - source <= desiredLength;,return source < originalLength || runAheadTarget + originalLength - source <= desiredLength;,383,
org/apache/commons/lang3/ClassUtils.java,1399,RelationalOperatorReplacement,for (int i = 0; i < classArray.length; i++) {,for (int i = 0; i >= classArray.length; i++) {,394,
org/apache/commons/lang3/ClassUtils.java,496,RelationalOperatorReplacement,for (int i = 0; i < dim; i++) {,for (int i = 0; i >= dim; i++) {,426,
org/apache/commons/lang3/ClassUtils.java,487,RelationalOperatorReplacement,if (dim < 1) {,if (dim >= 1) {,427,
org/apache/commons/lang3/ClassUtils.java,329,RelationalOperatorReplacement,if (source < abbreviated.length) {,if (source >= abbreviated.length) {,437,
org/apache/commons/lang3/ClassUtils.java,324,RelationalOperatorReplacement,"if (useFull(runAheadTarget, source, abbreviated.length, lengthHint) || target > runAheadTarget) {","if (useFull(runAheadTarget, source, abbreviated.length, lengthHint) || target <= runAheadTarget) {",438,
org/apache/commons/lang3/ClassUtils.java,319,RelationalOperatorReplacement,while (source < abbreviated.length && abbreviated[source] != '.') {,while (source >= abbreviated.length && abbreviated[source] != '.') {,440,
org/apache/commons/lang3/ClassUtils.java,316,RelationalOperatorReplacement,while (source < abbreviated.length) {,while (source >= abbreviated.length) {,441,
org/apache/commons/lang3/ClassUtils.java,310,RelationalOperatorReplacement,if (className.length() <= lengthHint) {,if (className.length() > lengthHint) {,442,
org/apache/commons/lang3/ClassUtils.java,304,RelationalOperatorReplacement,if (lengthHint <= 0) {,if (lengthHint > 0) {,444,
org/apache/commons/lang3/Conversion.java,1477,NullifyInputVariable,"public static byte[] uuidToByteArray(final UUID src, final byte[] dst, final int dstPos, final int nBytes) {","public static byte[] uuidToByteArray(final UUID src, final byte[] dst, final int dstPos, final int nBytes) { src = null;",268,
org/apache/commons/lang3/Conversion.java,1441,NullifyInputVariable,final int nHexs) {,final int nHexs) { dstInit = null;,269,
org/apache/commons/lang3/Conversion.java,1217,NullifyInputVariable,final int nHexs) {,final int nHexs) { dstInit = null;,270,
org/apache/commons/lang3/Conversion.java,1009,NullifyInputVariable,final int nHexs) {,final int nHexs) { dstInit = null;,271,
org/apache/commons/lang3/Conversion.java,884,NullifyInputVariable,final int nHex) {,final int nHex) { src = null;,272,
org/apache/commons/lang3/Conversion.java,853,NullifyInputVariable,final int nHex) {,final int nHex) { src = null;,273,
org/apache/commons/lang3/Conversion.java,822,NullifyInputVariable,"public static int hexToInt(final String src, final int srcPos, final int dstInit, final int dstPos, final int nHex) {","public static int hexToInt(final String src, final int srcPos, final int dstInit, final int dstPos, final int nHex) { src = null;",274,
org/apache/commons/lang3/Conversion.java,792,NullifyInputVariable,final int nHex) {,final int nHex) { src = null;,275,
org/apache/commons/lang3/Conversion.java,567,NullifyInputVariable,final int nHexs) {,final int nHexs) { dstInit = null;,276,
org/apache/commons/lang3/Conversion.java,1485,RelationalOperatorReplacement,if (nBytes >= 8) {,if (nBytes < 8) {,490,
org/apache/commons/lang3/Conversion.java,1481,RelationalOperatorReplacement,if (nBytes > 16) {,if (nBytes <= 16) {,491,
org/apache/commons/lang3/Conversion.java,1450,RelationalOperatorReplacement,for (int i = 0; i < nHexs; i++) {,for (int i = 0; i >= nHexs; i++) {,494,
org/apache/commons/lang3/Conversion.java,1445,RelationalOperatorReplacement,if ((nHexs - 1) * 4 + srcPos >= 16) {,if ((nHexs - 1) * 4 + srcPos < 16) {,495,
org/apache/commons/lang3/Conversion.java,1419,RelationalOperatorReplacement,for (int i = 0; i < nBytes; i++) {,for (int i = 0; i >= nBytes; i++) {,497,
org/apache/commons/lang3/Conversion.java,1416,RelationalOperatorReplacement,if ((nBytes - 1) * 8 + srcPos >= 16) {,if ((nBytes - 1) * 8 + srcPos < 16) {,498,
org/apache/commons/lang3/Conversion.java,1389,RelationalOperatorReplacement,for (int i = 0; i < nBools; i++) {,for (int i = 0; i >= nBools; i++) {,501,
org/apache/commons/lang3/Conversion.java,1388,RelationalOperatorReplacement,assert nBools - 1 < 16 - srcPos;,assert nBools - 1 >= 16 - srcPos;,502,
org/apache/commons/lang3/Conversion.java,1385,RelationalOperatorReplacement,if (nBools - 1 + srcPos >= 16) {,if (nBools - 1 + srcPos < 16) {,503,
org/apache/commons/lang3/Conversion.java,1356,RelationalOperatorReplacement,for (int i = 0; i < nShorts; i++) {,for (int i = 0; i >= nShorts; i++) {,505,
org/apache/commons/lang3/Conversion.java,1352,RelationalOperatorReplacement,if ((nShorts - 1) * 16 + dstPos >= 64) {,if ((nShorts - 1) * 16 + dstPos < 64) {,506,
org/apache/commons/lang3/Conversion.java,1323,RelationalOperatorReplacement,for (int i = 0; i < nShorts; i++) {,for (int i = 0; i >= nShorts; i++) {,510,
org/apache/commons/lang3/Conversion.java,1319,RelationalOperatorReplacement,if ((nShorts - 1) * 16 + dstPos >= 32) {,if ((nShorts - 1) * 16 + dstPos < 32) {,511,
org/apache/commons/lang3/Conversion.java,1292,RelationalOperatorReplacement,for (int i = 0; i < nShorts; i++) {,for (int i = 0; i >= nShorts; i++) {,515,
org/apache/commons/lang3/Conversion.java,1289,RelationalOperatorReplacement,if ((nShorts - 1) * 16 + srcPos >= 64) {,if ((nShorts - 1) * 16 + srcPos < 64) {,516,
org/apache/commons/lang3/Conversion.java,1262,RelationalOperatorReplacement,for (int i = 0; i < nInts; i++) {,for (int i = 0; i >= nInts; i++) {,518,
org/apache/commons/lang3/Conversion.java,1259,RelationalOperatorReplacement,if ((nInts - 1) * 32 + srcPos >= 64) {,if ((nInts - 1) * 32 + srcPos < 64) {,519,
org/apache/commons/lang3/Conversion.java,1226,RelationalOperatorReplacement,for (int i = 0; i < nHexs; i++) {,for (int i = 0; i >= nHexs; i++) {,522,
org/apache/commons/lang3/Conversion.java,1221,RelationalOperatorReplacement,if ((nHexs - 1) * 4 + srcPos >= 64) {,if ((nHexs - 1) * 4 + srcPos < 64) {,523,
org/apache/commons/lang3/Conversion.java,1195,RelationalOperatorReplacement,for (int i = 0; i < nBytes; i++) {,for (int i = 0; i >= nBytes; i++) {,525,
org/apache/commons/lang3/Conversion.java,1192,RelationalOperatorReplacement,if ((nBytes - 1) * 8 + srcPos >= 64) {,if ((nBytes - 1) * 8 + srcPos < 64) {,526,
org/apache/commons/lang3/Conversion.java,1165,RelationalOperatorReplacement,for (int i = 0; i < nBools; i++) {,for (int i = 0; i >= nBools; i++) {,529,
org/apache/commons/lang3/Conversion.java,1162,RelationalOperatorReplacement,if (nBools - 1 + srcPos >= 64) {,if (nBools - 1 + srcPos < 64) {,530,
org/apache/commons/lang3/Conversion.java,1135,RelationalOperatorReplacement,for (int i = 0; i < nShorts; i++) {,for (int i = 0; i >= nShorts; i++) {,532,
org/apache/commons/lang3/Conversion.java,1132,RelationalOperatorReplacement,if ((nShorts - 1) * 16 + srcPos >= 32) {,if ((nShorts - 1) * 16 + srcPos < 32) {,533,
org/apache/commons/lang3/Conversion.java,1018,RelationalOperatorReplacement,for (int i = 0; i < nHexs; i++) {,for (int i = 0; i >= nHexs; i++) {,537,
org/apache/commons/lang3/Conversion.java,1013,RelationalOperatorReplacement,if ((nHexs - 1) * 4 + srcPos >= 32) {,if ((nHexs - 1) * 4 + srcPos < 32) {,538,
org/apache/commons/lang3/Conversion.java,987,RelationalOperatorReplacement,for (int i = 0; i < nBytes; i++) {,for (int i = 0; i >= nBytes; i++) {,540,
org/apache/commons/lang3/Conversion.java,984,RelationalOperatorReplacement,if ((nBytes - 1) * 8 + srcPos >= 32) {,if ((nBytes - 1) * 8 + srcPos < 32) {,541,
org/apache/commons/lang3/Conversion.java,957,RelationalOperatorReplacement,for (int i = 0; i < nBools; i++) {,for (int i = 0; i >= nBools; i++) {,544,
org/apache/commons/lang3/Conversion.java,954,RelationalOperatorReplacement,if (nBools - 1 + srcPos >= 32) {,if (nBools - 1 + srcPos < 32) {,545,
org/apache/commons/lang3/Conversion.java,925,RelationalOperatorReplacement,for (int i = 0; i < nInts; i++) {,for (int i = 0; i >= nInts; i++) {,547,
org/apache/commons/lang3/Conversion.java,921,RelationalOperatorReplacement,if ((nInts - 1) * 32 + dstPos >= 64) {,if ((nInts - 1) * 32 + dstPos < 64) {,548,
org/apache/commons/lang3/Conversion.java,892,RelationalOperatorReplacement,for (int i = 0; i < nHex; i++) {,for (int i = 0; i >= nHex; i++) {,552,
org/apache/commons/lang3/Conversion.java,888,RelationalOperatorReplacement,if ((nHex - 1) * 4 + dstPos >= 16) {,if ((nHex - 1) * 4 + dstPos < 16) {,553,
org/apache/commons/lang3/Conversion.java,861,RelationalOperatorReplacement,for (int i = 0; i < nHex; i++) {,for (int i = 0; i >= nHex; i++) {,555,
org/apache/commons/lang3/Conversion.java,857,RelationalOperatorReplacement,if ((nHex - 1) * 4 + dstPos >= 64) {,if ((nHex - 1) * 4 + dstPos < 64) {,556,
org/apache/commons/lang3/Conversion.java,830,RelationalOperatorReplacement,for (int i = 0; i < nHex; i++) {,for (int i = 0; i >= nHex; i++) {,558,
org/apache/commons/lang3/Conversion.java,826,RelationalOperatorReplacement,if ((nHex - 1) * 4 + dstPos >= 32) {,if ((nHex - 1) * 4 + dstPos < 32) {,559,
org/apache/commons/lang3/Conversion.java,800,RelationalOperatorReplacement,for (int i = 0; i < nHex; i++) {,for (int i = 0; i >= nHex; i++) {,561,
org/apache/commons/lang3/Conversion.java,796,RelationalOperatorReplacement,if ((nHex - 1) * 4 + dstPos >= 8) {,if ((nHex - 1) * 4 + dstPos < 8) {,562,
org/apache/commons/lang3/Conversion.java,772,RelationalOperatorReplacement,if (digit < 0) {,if (digit >= 0) {,564,
org/apache/commons/lang3/Conversion.java,576,RelationalOperatorReplacement,for (int i = 0; i < nHexs; i++) {,for (int i = 0; i >= nHexs; i++) {,566,
org/apache/commons/lang3/Conversion.java,571,RelationalOperatorReplacement,if ((nHexs - 1) * 4 + srcPos >= 8) {,if ((nHexs - 1) * 4 + srcPos < 8) {,567,
org/apache/commons/lang3/Conversion.java,545,RelationalOperatorReplacement,for (int i = 0; i < nBools; i++) {,for (int i = 0; i >= nBools; i++) {,570,
org/apache/commons/lang3/Conversion.java,542,RelationalOperatorReplacement,if (nBools - 1 + srcPos >= 8) {,if (nBools - 1 + srcPos < 8) {,571,
org/apache/commons/lang3/Conversion.java,516,RelationalOperatorReplacement,if (src.length - srcPos < 16) {,if (src.length - srcPos >= 16) {,573,
org/apache/commons/lang3/Conversion.java,495,RelationalOperatorReplacement,for (int i = 0; i < nBytes; i++) {,for (int i = 0; i >= nBytes; i++) {,574,
org/apache/commons/lang3/Conversion.java,491,RelationalOperatorReplacement,if ((nBytes - 1) * 8 + dstPos >= 16) {,if ((nBytes - 1) * 8 + dstPos < 16) {,575,
org/apache/commons/lang3/Conversion.java,462,RelationalOperatorReplacement,for (int i = 0; i < nBytes; i++) {,for (int i = 0; i >= nBytes; i++) {,579,
org/apache/commons/lang3/Conversion.java,458,RelationalOperatorReplacement,if ((nBytes - 1) * 8 + dstPos >= 64) {,if ((nBytes - 1) * 8 + dstPos < 64) {,580,
org/apache/commons/lang3/Conversion.java,429,RelationalOperatorReplacement,for (int i = 0; i < nBytes; i++) {,for (int i = 0; i >= nBytes; i++) {,584,
org/apache/commons/lang3/Conversion.java,425,RelationalOperatorReplacement,if ((nBytes - 1) * 8 + dstPos >= 32) {,if ((nBytes - 1) * 8 + dstPos < 32) {,585,
org/apache/commons/lang3/Conversion.java,396,RelationalOperatorReplacement,for (int i = 0; i < nBools; i++) {,for (int i = 0; i >= nBools; i++) {,589,
org/apache/commons/lang3/Conversion.java,392,RelationalOperatorReplacement,if (nBools - 1 + dstPos >= 16) {,if (nBools - 1 + dstPos < 16) {,590,
org/apache/commons/lang3/Conversion.java,363,RelationalOperatorReplacement,for (int i = 0; i < nBools; i++) {,for (int i = 0; i >= nBools; i++) {,594,
org/apache/commons/lang3/Conversion.java,359,RelationalOperatorReplacement,if (nBools - 1 + dstPos >= 64) {,if (nBools - 1 + dstPos < 64) {,595,
org/apache/commons/lang3/Conversion.java,330,RelationalOperatorReplacement,for (int i = 0; i < nBools; i++) {,for (int i = 0; i >= nBools; i++) {,599,
org/apache/commons/lang3/Conversion.java,326,RelationalOperatorReplacement,if (nBools - 1 + dstPos >= 32) {,if (nBools - 1 + dstPos < 32) {,600,
org/apache/commons/lang3/Conversion.java,279,RelationalOperatorReplacement,if (src.length - srcPos < 4) {,if (src.length - srcPos >= 4) {,604,
org/apache/commons/lang3/Conversion.java,276,RelationalOperatorReplacement,if (src.length > 8) {,if (src.length <= 8) {,605,
org/apache/commons/lang3/Conversion.java,235,RelationalOperatorReplacement,if (src.length > srcPos + 1 && src[srcPos + 1]) {,if (src.length <= srcPos + 1 && src[srcPos + 1]) {,606,
org/apache/commons/lang3/Conversion.java,229,RelationalOperatorReplacement,if (src.length > srcPos + 2 && src[srcPos + 2]) {,if (src.length <= srcPos + 2 && src[srcPos + 2]) {,607,
org/apache/commons/lang3/Conversion.java,217,RelationalOperatorReplacement,if (src.length > srcPos + 3 && src[srcPos + 3]) {,if (src.length <= srcPos + 3 && src[srcPos + 3]) {,608,
org/apache/commons/lang3/Conversion.java,173,RelationalOperatorReplacement,for (int i = 0; i < nBools; i++) {,for (int i = 0; i >= nBools; i++) {,610,
org/apache/commons/lang3/Conversion.java,169,RelationalOperatorReplacement,if (nBools - 1 + dstPos >= 8) {,if (nBools - 1 + dstPos < 8) {,611,
org/apache/commons/lang3/Conversion.java,143,RelationalOperatorReplacement,if (1 <= pos && src[pos - 1]) {,if (1 > pos && src[pos - 1]) {,615,
org/apache/commons/lang3/Conversion.java,137,RelationalOperatorReplacement,if (2 <= pos && src[pos - 2]) {,if (2 > pos && src[pos - 2]) {,616,
org/apache/commons/lang3/Conversion.java,125,RelationalOperatorReplacement,if (3 <= pos && src[pos - 3]) {,if (3 > pos && src[pos - 3]) {,617,
org/apache/commons/lang3/Conversion.java,116,RelationalOperatorReplacement,"if (Integer.compareUnsigned(srcPos, src.length) >= 0) {","if (Integer.compareUnsigned(srcPos, src.length) < 0) {",619,
org/apache/commons/lang3/DoubleRange.java,68,NullifyInputVariable,"public static DoubleRange of(final Double fromInclusive, final Double toInclusive) {","public static DoubleRange of(final Double fromInclusive, final Double toInclusive) { toInclusive = null;",3,
org/apache/commons/lang3/DoubleRange.java,68,NullifyInputVariable,"public static DoubleRange of(final Double fromInclusive, final Double toInclusive) {","public static DoubleRange of(final Double fromInclusive, final Double toInclusive) { fromInclusive = null;",4,
org/apache/commons/lang3/EnumUtils.java,415,RelationalOperatorReplacement,if (block < lvalues.length && (lvalues[block] & 1L << constant.ordinal() % Long.SIZE) != 0) {,if (block >= lvalues.length && (lvalues[block] & 1L << constant.ordinal() % Long.SIZE) != 0) {,111,
org/apache/commons/lang3/EnumUtils.java,70,RelationalOperatorReplacement,"Validate.isTrue(constants.length <= Long.SIZE, CANNOT_STORE_S_S_VALUES_IN_S_BITS,","Validate.isTrue(constants.length > Long.SIZE, CANNOT_STORE_S_S_VALUES_IN_S_BITS,",118,
org/apache/commons/lang3/EnumUtils.java,409,NullifyInputVariable,"public static <E extends Enum<E>> EnumSet<E> processBitVectors(final Class<E> enumClass, final long... values) {","public static <E extends Enum<E>> EnumSet<E> processBitVectors(final Class<E> enumClass, final long... values) { enumClass = null;",46,
org/apache/commons/lang3/EnumUtils.java,391,NullifyInputVariable,"public static <E extends Enum<E>> EnumSet<E> processBitVector(final Class<E> enumClass, final long value) {","public static <E extends Enum<E>> EnumSet<E> processBitVector(final Class<E> enumClass, final long value) { enumClass = null;",47,
org/apache/commons/lang3/EnumUtils.java,374,NullifyInputVariable,"public static <E extends Enum<E>> boolean isValidEnumIgnoreCase(final Class<E> enumClass, final String enumName) {","public static <E extends Enum<E>> boolean isValidEnumIgnoreCase(final Class<E> enumClass, final String enumName) { enumName = null;",48,
org/apache/commons/lang3/EnumUtils.java,374,NullifyInputVariable,"public static <E extends Enum<E>> boolean isValidEnumIgnoreCase(final Class<E> enumClass, final String enumName) {","public static <E extends Enum<E>> boolean isValidEnumIgnoreCase(final Class<E> enumClass, final String enumName) { enumClass = null;",49,
org/apache/commons/lang3/EnumUtils.java,357,NullifyInputVariable,"public static <E extends Enum<E>> boolean isValidEnum(final Class<E> enumClass, final String enumName) {","public static <E extends Enum<E>> boolean isValidEnum(final Class<E> enumClass, final String enumName) { enumName = null;",50,
org/apache/commons/lang3/EnumUtils.java,357,NullifyInputVariable,"public static <E extends Enum<E>> boolean isValidEnum(final Class<E> enumClass, final String enumName) {","public static <E extends Enum<E>> boolean isValidEnum(final Class<E> enumClass, final String enumName) { enumClass = null;",51,
org/apache/commons/lang3/EnumUtils.java,339,NullifyInputVariable,final E defaultEnum) {,final E defaultEnum) { defaultEnum = null;,52,
org/apache/commons/lang3/EnumUtils.java,339,NullifyInputVariable,final E defaultEnum) {,final E defaultEnum) { stringFunction = null;,53,
org/apache/commons/lang3/EnumUtils.java,339,NullifyInputVariable,final E defaultEnum) {,final E defaultEnum) { enumName = null;,54,
org/apache/commons/lang3/EnumUtils.java,339,NullifyInputVariable,final E defaultEnum) {,final E defaultEnum) { enumClass = null;,55,
org/apache/commons/lang3/EnumUtils.java,319,NullifyInputVariable,final E defaultEnum) {,final E defaultEnum) { defaultEnum = null;,56,
org/apache/commons/lang3/EnumUtils.java,319,NullifyInputVariable,final E defaultEnum) {,final E defaultEnum) { propName = null;,57,
org/apache/commons/lang3/EnumUtils.java,319,NullifyInputVariable,final E defaultEnum) {,final E defaultEnum) { enumClass = null;,58,
org/apache/commons/lang3/EnumUtils.java,300,NullifyInputVariable,"public static <E extends Enum<E>, K> Map<K, E> getEnumMap(final Class<E> enumClass, final Function<E, K> keyFunction) {","public static <E extends Enum<E>, K> Map<K, E> getEnumMap(final Class<E> enumClass, final Function<E, K> keyFunction) { keyFunction = null;",59,
org/apache/commons/lang3/EnumUtils.java,300,NullifyInputVariable,"public static <E extends Enum<E>, K> Map<K, E> getEnumMap(final Class<E> enumClass, final Function<E, K> keyFunction) {","public static <E extends Enum<E>, K> Map<K, E> getEnumMap(final Class<E> enumClass, final Function<E, K> keyFunction) { enumClass = null;",60,
org/apache/commons/lang3/EnumUtils.java,282,NullifyInputVariable,"public static <E extends Enum<E>> Map<String, E> getEnumMap(final Class<E> enumClass) {","public static <E extends Enum<E>> Map<String, E> getEnumMap(final Class<E> enumClass) { enumClass = null;",61,
org/apache/commons/lang3/EnumUtils.java,269,NullifyInputVariable,public static <E extends Enum<E>> List<E> getEnumList(final Class<E> enumClass) {,public static <E extends Enum<E>> List<E> getEnumList(final Class<E> enumClass) { enumClass = null;,62,
org/apache/commons/lang3/EnumUtils.java,256,NullifyInputVariable,final E defaultEnum) {,final E defaultEnum) { defaultEnum = null;,63,
org/apache/commons/lang3/EnumUtils.java,256,NullifyInputVariable,final E defaultEnum) {,final E defaultEnum) { enumName = null;,64,
org/apache/commons/lang3/EnumUtils.java,256,NullifyInputVariable,final E defaultEnum) {,final E defaultEnum) { enumClass = null;,65,
org/apache/commons/lang3/EnumUtils.java,238,NullifyInputVariable,"public static <E extends Enum<E>> E getEnumIgnoreCase(final Class<E> enumClass, final String enumName) {","public static <E extends Enum<E>> E getEnumIgnoreCase(final Class<E> enumClass, final String enumName) { enumName = null;",66,
org/apache/commons/lang3/EnumUtils.java,238,NullifyInputVariable,"public static <E extends Enum<E>> E getEnumIgnoreCase(final Class<E> enumClass, final String enumName) {","public static <E extends Enum<E>> E getEnumIgnoreCase(final Class<E> enumClass, final String enumName) { enumClass = null;",67,
org/apache/commons/lang3/EnumUtils.java,215,NullifyInputVariable,"public static <E extends Enum<E>> E getEnum(final Class<E> enumClass, final String enumName, final E defaultEnum) {","public static <E extends Enum<E>> E getEnum(final Class<E> enumClass, final String enumName, final E defaultEnum) { defaultEnum = null;",68,
org/apache/commons/lang3/EnumUtils.java,215,NullifyInputVariable,"public static <E extends Enum<E>> E getEnum(final Class<E> enumClass, final String enumName, final E defaultEnum) {","public static <E extends Enum<E>> E getEnum(final Class<E> enumClass, final String enumName, final E defaultEnum) { enumName = null;",69,
org/apache/commons/lang3/EnumUtils.java,215,NullifyInputVariable,"public static <E extends Enum<E>> E getEnum(final Class<E> enumClass, final String enumName, final E defaultEnum) {","public static <E extends Enum<E>> E getEnum(final Class<E> enumClass, final String enumName, final E defaultEnum) { enumClass = null;",70,
org/apache/commons/lang3/EnumUtils.java,198,NullifyInputVariable,"public static <E extends Enum<E>> E getEnum(final Class<E> enumClass, final String enumName) {","public static <E extends Enum<E>> E getEnum(final Class<E> enumClass, final String enumName) { enumName = null;",71,
org/apache/commons/lang3/EnumUtils.java,198,NullifyInputVariable,"public static <E extends Enum<E>> E getEnum(final Class<E> enumClass, final String enumName) {","public static <E extends Enum<E>> E getEnum(final Class<E> enumClass, final String enumName) { enumClass = null;",72,
org/apache/commons/lang3/EnumUtils.java,174,NullifyInputVariable,"public static <E extends Enum<E>> long[] generateBitVectors(final Class<E> enumClass, final Iterable<? extends E> values) {","public static <E extends Enum<E>> long[] generateBitVectors(final Class<E> enumClass, final Iterable<? extends E> values) { values = null;",73,
org/apache/commons/lang3/EnumUtils.java,174,NullifyInputVariable,"public static <E extends Enum<E>> long[] generateBitVectors(final Class<E> enumClass, final Iterable<? extends E> values) {","public static <E extends Enum<E>> long[] generateBitVectors(final Class<E> enumClass, final Iterable<? extends E> values) { enumClass = null;",74,
org/apache/commons/lang3/EnumUtils.java,145,NullifyInputVariable,"public static <E extends Enum<E>> long[] generateBitVectors(final Class<E> enumClass, final E... values) {","public static <E extends Enum<E>> long[] generateBitVectors(final Class<E> enumClass, final E... values) { values = null;",75,
org/apache/commons/lang3/EnumUtils.java,145,NullifyInputVariable,"public static <E extends Enum<E>> long[] generateBitVectors(final Class<E> enumClass, final E... values) {","public static <E extends Enum<E>> long[] generateBitVectors(final Class<E> enumClass, final E... values) { enumClass = null;",76,
org/apache/commons/lang3/EnumUtils.java,117,NullifyInputVariable,"public static <E extends Enum<E>> long generateBitVector(final Class<E> enumClass, final Iterable<? extends E> values) {","public static <E extends Enum<E>> long generateBitVector(final Class<E> enumClass, final Iterable<? extends E> values) { values = null;",77,
org/apache/commons/lang3/EnumUtils.java,117,NullifyInputVariable,"public static <E extends Enum<E>> long generateBitVector(final Class<E> enumClass, final Iterable<? extends E> values) {","public static <E extends Enum<E>> long generateBitVector(final Class<E> enumClass, final Iterable<? extends E> values) { enumClass = null;",78,
org/apache/commons/lang3/EnumUtils.java,94,NullifyInputVariable,"public static <E extends Enum<E>> long generateBitVector(final Class<E> enumClass, final E... values) {","public static <E extends Enum<E>> long generateBitVector(final Class<E> enumClass, final E... values) { values = null;",79,
org/apache/commons/lang3/EnumUtils.java,94,NullifyInputVariable,"public static <E extends Enum<E>> long generateBitVector(final Class<E> enumClass, final E... values) {","public static <E extends Enum<E>> long generateBitVector(final Class<E> enumClass, final E... values) { enumClass = null;",80,
org/apache/commons/lang3/EnumUtils.java,68,NullifyInputVariable,private static <E extends Enum<E>> Class<E> checkBitVectorable(final Class<E> enumClass) {,private static <E extends Enum<E>> Class<E> checkBitVectorable(final Class<E> enumClass) { enumClass = null;,81,
org/apache/commons/lang3/EnumUtils.java,53,NullifyInputVariable,private static <E extends Enum<E>> Class<E> asEnum(final Class<E> enumClass) {,private static <E extends Enum<E>> Class<E> asEnum(final Class<E> enumClass) { enumClass = null;,82,
org/apache/commons/lang3/Functions.java,655,NullifyInputVariable,final FailableRunnable<? extends Throwable>... resources) {,final FailableRunnable<? extends Throwable>... resources) { resources = null;,17,
org/apache/commons/lang3/Functions.java,655,NullifyInputVariable,final FailableRunnable<? extends Throwable>... resources) {,final FailableRunnable<? extends Throwable>... resources) { action = null;,18,
org/apache/commons/lang3/Functions.java,629,NullifyInputVariable,final FailableRunnable<? extends Throwable>... resources) {,final FailableRunnable<? extends Throwable>... resources) { resources = null;,19,
org/apache/commons/lang3/Functions.java,629,NullifyInputVariable,final FailableRunnable<? extends Throwable>... resources) {,final FailableRunnable<? extends Throwable>... resources) { errorHandler = null;,20,
org/apache/commons/lang3/Functions.java,629,NullifyInputVariable,final FailableRunnable<? extends Throwable>... resources) {,final FailableRunnable<? extends Throwable>... resources) { action = null;,21,
org/apache/commons/lang3/Functions.java,602,NullifyInputVariable,"public static <O, T extends Throwable> boolean test(final FailablePredicate<O, T> predicate, final O object) {","public static <O, T extends Throwable> boolean test(final FailablePredicate<O, T> predicate, final O object) { object = null;",22,
org/apache/commons/lang3/Functions.java,602,NullifyInputVariable,"public static <O, T extends Throwable> boolean test(final FailablePredicate<O, T> predicate, final O object) {","public static <O, T extends Throwable> boolean test(final FailablePredicate<O, T> predicate, final O object) { predicate = null;",23,
org/apache/commons/lang3/Functions.java,589,NullifyInputVariable,"final O1 object1, final O2 object2) {","final O1 object1, final O2 object2) { object2 = null;",24,
org/apache/commons/lang3/Functions.java,589,NullifyInputVariable,"final O1 object1, final O2 object2) {","final O1 object1, final O2 object2) { object1 = null;",25,
org/apache/commons/lang3/Functions.java,589,NullifyInputVariable,"final O1 object1, final O2 object2) {","final O1 object1, final O2 object2) { predicate = null;",26,
org/apache/commons/lang3/Functions.java,573,NullifyInputVariable,public static <O> FailableStream<O> stream(final Stream<O> stream) {,public static <O> FailableStream<O> stream(final Stream<O> stream) { stream = null;,27,
org/apache/commons/lang3/Functions.java,558,NullifyInputVariable,public static <O> FailableStream<O> stream(final Collection<O> collection) {,public static <O> FailableStream<O> stream(final Collection<O> collection) { collection = null;,28,
org/apache/commons/lang3/Functions.java,538,NullifyInputVariable,public static <T extends Throwable> void run(final FailableRunnable<T> runnable) {,public static <T extends Throwable> void run(final FailableRunnable<T> runnable) { runnable = null;,29,
org/apache/commons/lang3/Functions.java,523,NullifyInputVariable,public static RuntimeException rethrow(final Throwable throwable) {,public static RuntimeException rethrow(final Throwable throwable) { throwable = null;,30,
org/apache/commons/lang3/Functions.java,491,NullifyInputVariable,private static <T extends Throwable> boolean getAsBoolean(final FailableBooleanSupplier<T> supplier) {,private static <T extends Throwable> boolean getAsBoolean(final FailableBooleanSupplier<T> supplier) { supplier = null;,31,
org/apache/commons/lang3/Functions.java,476,NullifyInputVariable,"public static <O, T extends Throwable> O get(final FailableSupplier<O, T> supplier) {","public static <O, T extends Throwable> O get(final FailableSupplier<O, T> supplier) { supplier = null;",32,
org/apache/commons/lang3/Functions.java,463,NullifyInputVariable,"public static <O, T extends Throwable> O call(final FailableCallable<O, T> callable) {","public static <O, T extends Throwable> O call(final FailableCallable<O, T> callable) { callable = null;",33,
org/apache/commons/lang3/Functions.java,451,NullifyInputVariable,"public static <O> Supplier<O> asSupplier(final FailableSupplier<O, ?> supplier) {","public static <O> Supplier<O> asSupplier(final FailableSupplier<O, ?> supplier) { supplier = null;",34,
org/apache/commons/lang3/Functions.java,439,NullifyInputVariable,public static Runnable asRunnable(final FailableRunnable<?> runnable) {,public static Runnable asRunnable(final FailableRunnable<?> runnable) { runnable = null;,35,
org/apache/commons/lang3/Functions.java,428,NullifyInputVariable,"public static <I> Predicate<I> asPredicate(final FailablePredicate<I, ?> predicate) {","public static <I> Predicate<I> asPredicate(final FailablePredicate<I, ?> predicate) { predicate = null;",36,
org/apache/commons/lang3/Functions.java,416,NullifyInputVariable,"public static <I, O> Function<I, O> asFunction(final FailableFunction<I, O, ?> function) {","public static <I, O> Function<I, O> asFunction(final FailableFunction<I, O, ?> function) { function = null;",37,
org/apache/commons/lang3/Functions.java,403,NullifyInputVariable,"public static <I> Consumer<I> asConsumer(final FailableConsumer<I, ?> consumer) {","public static <I> Consumer<I> asConsumer(final FailableConsumer<I, ?> consumer) { consumer = null;",38,
org/apache/commons/lang3/Functions.java,391,NullifyInputVariable,"public static <O> Callable<O> asCallable(final FailableCallable<O, ?> callable) {","public static <O> Callable<O> asCallable(final FailableCallable<O, ?> callable) { callable = null;",39,
org/apache/commons/lang3/Functions.java,379,NullifyInputVariable,"public static <O1, O2> BiPredicate<O1, O2> asBiPredicate(final FailableBiPredicate<O1, O2, ?> predicate) {","public static <O1, O2> BiPredicate<O1, O2> asBiPredicate(final FailableBiPredicate<O1, O2, ?> predicate) { predicate = null;",40,
org/apache/commons/lang3/Functions.java,366,NullifyInputVariable,"public static <O1, O2, O> BiFunction<O1, O2, O> asBiFunction(final FailableBiFunction<O1, O2, O, ?> function) {","public static <O1, O2, O> BiFunction<O1, O2, O> asBiFunction(final FailableBiFunction<O1, O2, O, ?> function) { function = null;",41,
org/apache/commons/lang3/Functions.java,352,NullifyInputVariable,"public static <O1, O2> BiConsumer<O1, O2> asBiConsumer(final FailableBiConsumer<O1, O2, ?> consumer) {","public static <O1, O2> BiConsumer<O1, O2> asBiConsumer(final FailableBiConsumer<O1, O2, ?> consumer) { consumer = null;",42,
org/apache/commons/lang3/Functions.java,339,NullifyInputVariable,"public static <I, O, T extends Throwable> O apply(final FailableFunction<I, O, T> function, final I input) {","public static <I, O, T extends Throwable> O apply(final FailableFunction<I, O, T> function, final I input) { input = null;",43,
org/apache/commons/lang3/Functions.java,339,NullifyInputVariable,"public static <I, O, T extends Throwable> O apply(final FailableFunction<I, O, T> function, final I input) {","public static <I, O, T extends Throwable> O apply(final FailableFunction<I, O, T> function, final I input) { function = null;",44,
org/apache/commons/lang3/Functions.java,325,NullifyInputVariable,"final O1 input1, final O2 input2) {","final O1 input1, final O2 input2) { input2 = null;",45,
org/apache/commons/lang3/Functions.java,325,NullifyInputVariable,"final O1 input1, final O2 input2) {","final O1 input1, final O2 input2) { input1 = null;",46,
org/apache/commons/lang3/Functions.java,325,NullifyInputVariable,"final O1 input1, final O2 input2) {","final O1 input1, final O2 input2) { function = null;",47,
org/apache/commons/lang3/Functions.java,308,NullifyInputVariable,"public static <O, T extends Throwable> void accept(final FailableConsumer<O, T> consumer, final O object) {","public static <O, T extends Throwable> void accept(final FailableConsumer<O, T> consumer, final O object) { object = null;",48,
org/apache/commons/lang3/Functions.java,308,NullifyInputVariable,"public static <O, T extends Throwable> void accept(final FailableConsumer<O, T> consumer, final O object) {","public static <O, T extends Throwable> void accept(final FailableConsumer<O, T> consumer, final O object) { consumer = null;",49,
org/apache/commons/lang3/Functions.java,296,NullifyInputVariable,"final O1 object1, final O2 object2) {","final O1 object1, final O2 object2) { object2 = null;",50,
org/apache/commons/lang3/Functions.java,296,NullifyInputVariable,"final O1 object1, final O2 object2) {","final O1 object1, final O2 object2) { object1 = null;",51,
org/apache/commons/lang3/Functions.java,296,NullifyInputVariable,"final O1 object1, final O2 object2) {","final O1 object1, final O2 object2) { consumer = null;",52,
org/apache/commons/lang3/IntegerRange.java,68,NullifyInputVariable,"public static IntegerRange of(final Integer fromInclusive, final Integer toInclusive) {","public static IntegerRange of(final Integer fromInclusive, final Integer toInclusive) { toInclusive = null;",3,
org/apache/commons/lang3/IntegerRange.java,68,NullifyInputVariable,"public static IntegerRange of(final Integer fromInclusive, final Integer toInclusive) {","public static IntegerRange of(final Integer fromInclusive, final Integer toInclusive) { fromInclusive = null;",4,
org/apache/commons/lang3/JavaVersion.java,355,NullifyInputVariable,public boolean atMost(final JavaVersion requiredVersion) {,public boolean atMost(final JavaVersion requiredVersion) { requiredVersion = null;,37,
org/apache/commons/lang3/JavaVersion.java,341,NullifyInputVariable,public boolean atLeast(final JavaVersion requiredVersion) {,public boolean atLeast(final JavaVersion requiredVersion) { requiredVersion = null;,38,
org/apache/commons/lang3/JavaVersion.java,299,NullifyInputVariable,private static float toFloatVersion(final String value) {,private static float toFloatVersion(final String value) { value = null;,39,
org/apache/commons/lang3/JavaVersion.java,289,NullifyInputVariable,static String[] split(final String value) {,static String[] split(final String value) { value = null;,40,
org/apache/commons/lang3/JavaVersion.java,275,NullifyInputVariable,static JavaVersion getJavaVersion(final String versionStr) {,static JavaVersion getJavaVersion(final String versionStr) { versionStr = null;,41,
org/apache/commons/lang3/JavaVersion.java,200,NullifyInputVariable,static JavaVersion get(final String versionStr) {,static JavaVersion get(final String versionStr) { versionStr = null;,42,
org/apache/commons/lang3/JavaVersion.java,356,RelationalOperatorReplacement,return this.value <= requiredVersion.value;,return this.value > requiredVersion.value;,58,
org/apache/commons/lang3/JavaVersion.java,342,RelationalOperatorReplacement,return this.value >= requiredVersion.value;,return this.value < requiredVersion.value;,59,
org/apache/commons/lang3/JavaVersion.java,305,RelationalOperatorReplacement,if (toParse.length >= 2) {,if (toParse.length < 2) {,60,
org/apache/commons/lang3/JavaVersion.java,286,RelationalOperatorReplacement,return v > 0 ? v : 99f;,return v <= 0 ? v : 99f;,61,
org/apache/commons/lang3/JavaVersion.java,259,RelationalOperatorReplacement,} else if (v > 10) {,} else if (v <= 10) {,62,
org/apache/commons/lang3/JavaVersion.java,256,RelationalOperatorReplacement,"if (Float.parseFloat(versionStr.substring(firstComma + 1, end)) > .9f) {","if (Float.parseFloat(versionStr.substring(firstComma + 1, end)) <= .9f) {",63,
org/apache/commons/lang3/JavaVersion.java,253,RelationalOperatorReplacement,if (v - 1. < 1.) { // then we need to check decimals > .9,if (v - 1. >= 1.) { // then we need to check decimals > .9,64,
org/apache/commons/lang3/LocaleUtils.java,357,RelationalOperatorReplacement,if (len < 5) {,if (len >= 5) {,104,
org/apache/commons/lang3/LocaleUtils.java,346,RelationalOperatorReplacement,if (len < 3) {,if (len >= 3) {,106,
org/apache/commons/lang3/LocaleUtils.java,341,RelationalOperatorReplacement,if (len < 2) {,if (len >= 2) {,109,
org/apache/commons/lang3/LocaleUtils.java,329,NullifyInputVariable,public static Locale toLocale(final String str) {,public static Locale toLocale(final String str) { str = null;,48,
org/apache/commons/lang3/LocaleUtils.java,294,NullifyInputVariable,public static Locale toLocale(final Locale locale) {,public static Locale toLocale(final Locale locale) { locale = null;,49,
org/apache/commons/lang3/LocaleUtils.java,262,NullifyInputVariable,private static Locale parseLocale(final String str) {,private static Locale parseLocale(final String str) { str = null;,50,
org/apache/commons/lang3/LocaleUtils.java,234,NullifyInputVariable,"public static List<Locale> localeLookupList(final Locale locale, final Locale defaultLocale) {","public static List<Locale> localeLookupList(final Locale locale, final Locale defaultLocale) { defaultLocale = null;",51,
org/apache/commons/lang3/LocaleUtils.java,234,NullifyInputVariable,"public static List<Locale> localeLookupList(final Locale locale, final Locale defaultLocale) {","public static List<Locale> localeLookupList(final Locale locale, final Locale defaultLocale) { locale = null;",52,
org/apache/commons/lang3/LocaleUtils.java,213,NullifyInputVariable,public static List<Locale> localeLookupList(final Locale locale) {,public static List<Locale> localeLookupList(final Locale locale) { locale = null;,53,
org/apache/commons/lang3/LocaleUtils.java,193,NullifyInputVariable,public static List<Locale> languagesByCountry(final String countryCode) {,public static List<Locale> languagesByCountry(final String countryCode) { countryCode = null;,54,
org/apache/commons/lang3/LocaleUtils.java,180,NullifyInputVariable,private static boolean isNumericAreaCode(final String str) {,private static boolean isNumericAreaCode(final String str) { str = null;,55,
org/apache/commons/lang3/LocaleUtils.java,170,NullifyInputVariable,public static boolean isLanguageUndetermined(final Locale locale) {,public static boolean isLanguageUndetermined(final Locale locale) { locale = null;,56,
org/apache/commons/lang3/LocaleUtils.java,154,NullifyInputVariable,private static boolean isISO639LanguageCode(final String str) {,private static boolean isISO639LanguageCode(final String str) { str = null;,57,
org/apache/commons/lang3/LocaleUtils.java,144,NullifyInputVariable,private static boolean isISO3166CountryCode(final String str) {,private static boolean isISO3166CountryCode(final String str) { str = null;,58,
org/apache/commons/lang3/LocaleUtils.java,134,NullifyInputVariable,public static boolean isAvailableLocale(final Locale locale) {,public static boolean isAvailableLocale(final Locale locale) { locale = null;,59,
org/apache/commons/lang3/LocaleUtils.java,120,NullifyInputVariable,public static List<Locale> countriesByLanguage(final String languageCode) {,public static List<Locale> countriesByLanguage(final String languageCode) { languageCode = null;,60,
org/apache/commons/lang3/LocaleUtils.java,94,NullifyInputVariable,private static List<Locale> availableLocaleList(final Predicate<Locale> predicate) {,private static List<Locale> availableLocaleList(final Predicate<Locale> predicate) { predicate = null;,61,
org/apache/commons/lang3/LongRange.java,68,NullifyInputVariable,"public static LongRange of(final Long fromInclusive, final Long toInclusive) {","public static LongRange of(final Long fromInclusive, final Long toInclusive) { toInclusive = null;",3,
org/apache/commons/lang3/LongRange.java,68,NullifyInputVariable,"public static LongRange of(final Long fromInclusive, final Long toInclusive) {","public static LongRange of(final Long fromInclusive, final Long toInclusive) { fromInclusive = null;",4,
org/apache/commons/lang3/ObjectUtils.java,811,NullifyInputVariable,"public static void identityToString(final Appendable appendable, final Object object) throws IOException {","public static void identityToString(final Appendable appendable, final Object object) throws IOException { object = null;",100,
org/apache/commons/lang3/ObjectUtils.java,811,NullifyInputVariable,"public static void identityToString(final Appendable appendable, final Object object) throws IOException {","public static void identityToString(final Appendable appendable, final Object object) throws IOException { appendable = null;",101,
org/apache/commons/lang3/ObjectUtils.java,791,NullifyInputVariable,public static String identityHashCodeHex(final Object object) {,public static String identityHashCodeHex(final Object object) { object = null;,102,
org/apache/commons/lang3/ObjectUtils.java,770,NullifyInputVariable,public static int hashCodeMulti(final Object... objects) {,public static int hashCodeMulti(final Object... objects) { objects = null;,103,
org/apache/commons/lang3/ObjectUtils.java,743,NullifyInputVariable,public static String hashCodeHex(final Object object) {,public static String hashCodeHex(final Object object) { object = null;,104,
org/apache/commons/lang3/ObjectUtils.java,728,NullifyInputVariable,public static int hashCode(final Object obj) {,public static int hashCode(final Object obj) { obj = null;,105,
org/apache/commons/lang3/ObjectUtils.java,708,NullifyInputVariable,"public static <T> T getIfNull(final T object, final Supplier<T> defaultSupplier) {","public static <T> T getIfNull(final T object, final Supplier<T> defaultSupplier) { defaultSupplier = null;",106,
org/apache/commons/lang3/ObjectUtils.java,708,NullifyInputVariable,"public static <T> T getIfNull(final T object, final Supplier<T> defaultSupplier) {","public static <T> T getIfNull(final T object, final Supplier<T> defaultSupplier) { object = null;",107,
org/apache/commons/lang3/ObjectUtils.java,681,NullifyInputVariable,public static <T> T getFirstNonNull(final Supplier<T>... suppliers) {,public static <T> T getFirstNonNull(final Supplier<T>... suppliers) { suppliers = null;,108,
org/apache/commons/lang3/ObjectUtils.java,652,NullifyInputVariable,public static <T> Class<T> getClass(final T object) {,public static <T> Class<T> getClass(final T object) { object = null;,109,
org/apache/commons/lang3/ObjectUtils.java,639,NullifyInputVariable,public static <T> T firstNonNull(final T... values) {,public static <T> T firstNonNull(final T... values) { values = null;,110,
org/apache/commons/lang3/ObjectUtils.java,612,NullifyInputVariable,"public static boolean equals(final Object object1, final Object object2) {","public static boolean equals(final Object object1, final Object object2) { object2 = null;",111,
org/apache/commons/lang3/ObjectUtils.java,612,NullifyInputVariable,"public static boolean equals(final Object object1, final Object object2) {","public static boolean equals(final Object object1, final Object object2) { object1 = null;",112,
org/apache/commons/lang3/ObjectUtils.java,585,NullifyInputVariable,"public static <T> T defaultIfNull(final T object, final T defaultValue) {","public static <T> T defaultIfNull(final T object, final T defaultValue) { defaultValue = null;",113,
org/apache/commons/lang3/ObjectUtils.java,585,NullifyInputVariable,"public static <T> T defaultIfNull(final T object, final T defaultValue) {","public static <T> T defaultIfNull(final T object, final T defaultValue) { object = null;",114,
org/apache/commons/lang3/ObjectUtils.java,510,NullifyInputVariable,public static <T> T CONST(final T v) {,public static <T> T CONST(final T v) { v = null;,115,
org/apache/commons/lang3/ObjectUtils.java,311,NullifyInputVariable,"public static <T extends Comparable<? super T>> int compare(final T c1, final T c2, final boolean nullGreater) {","public static <T extends Comparable<? super T>> int compare(final T c1, final T c2, final boolean nullGreater) { c2 = null;",116,
org/apache/commons/lang3/ObjectUtils.java,311,NullifyInputVariable,"public static <T extends Comparable<? super T>> int compare(final T c1, final T c2, final boolean nullGreater) {","public static <T extends Comparable<? super T>> int compare(final T c1, final T c2, final boolean nullGreater) { c1 = null;",117,
org/apache/commons/lang3/ObjectUtils.java,293,NullifyInputVariable,"public static <T extends Comparable<? super T>> int compare(final T c1, final T c2) {","public static <T extends Comparable<? super T>> int compare(final T c1, final T c2) { c2 = null;",118,
org/apache/commons/lang3/ObjectUtils.java,293,NullifyInputVariable,"public static <T extends Comparable<? super T>> int compare(final T c1, final T c2) {","public static <T extends Comparable<? super T>> int compare(final T c1, final T c2) { c1 = null;",119,
org/apache/commons/lang3/ObjectUtils.java,277,NullifyInputVariable,public static <T> T cloneIfPossible(final T obj) {,public static <T> T cloneIfPossible(final T obj) { obj = null;,120,
org/apache/commons/lang3/ObjectUtils.java,233,NullifyInputVariable,public static <T> T clone(final T obj) {,public static <T> T clone(final T obj) { obj = null;,121,
org/apache/commons/lang3/ObjectUtils.java,220,NullifyInputVariable,public static boolean anyNull(final Object... values) {,public static boolean anyNull(final Object... values) { values = null;,122,
org/apache/commons/lang3/ObjectUtils.java,192,NullifyInputVariable,public static boolean anyNotNull(final Object... values) {,public static boolean anyNotNull(final Object... values) { values = null;,123,
org/apache/commons/lang3/ObjectUtils.java,165,NullifyInputVariable,public static boolean allNull(final Object... values) {,public static boolean allNull(final Object... values) { values = null;,124,
org/apache/commons/lang3/ObjectUtils.java,139,NullifyInputVariable,public static boolean allNotNull(final Object... values) {,public static boolean allNotNull(final Object... values) { values = null;,125,
org/apache/commons/lang3/ObjectUtils.java,1175,RelationalOperatorReplacement,} else if (cmp > max) {,} else if (cmp <= max) {,222,
org/apache/commons/lang3/ObjectUtils.java,1141,RelationalOperatorReplacement,"if (compare(value, result, true) < 0) {","if (compare(value, result, true) >= 0) {",225,
org/apache/commons/lang3/ObjectUtils.java,1074,RelationalOperatorReplacement,"if (compare(value, result, false) > 0) {","if (compare(value, result, false) <= 0) {",227,
org/apache/commons/lang3/ObjectUtils.java,562,RelationalOperatorReplacement,if (v < Short.MIN_VALUE || v > Short.MAX_VALUE) {,if (v < Short.MIN_VALUE || v <= Short.MAX_VALUE) {,238,
org/apache/commons/lang3/ObjectUtils.java,562,RelationalOperatorReplacement,if (v < Short.MIN_VALUE || v > Short.MAX_VALUE) {,if (v >= Short.MIN_VALUE || v > Short.MAX_VALUE) {,239,
org/apache/commons/lang3/ObjectUtils.java,535,RelationalOperatorReplacement,if (v < Byte.MIN_VALUE || v > Byte.MAX_VALUE) {,if (v < Byte.MIN_VALUE || v <= Byte.MAX_VALUE) {,240,
org/apache/commons/lang3/ObjectUtils.java,535,RelationalOperatorReplacement,if (v < Byte.MIN_VALUE || v > Byte.MAX_VALUE) {,if (v >= Byte.MIN_VALUE || v > Byte.MAX_VALUE) {,241,
org/apache/commons/lang3/ObjectUtils.java,242,RelationalOperatorReplacement,while (length-- > 0) {,while (length-- <= 0) {,246,
org/apache/commons/lang3/ObjectUtils.java,1383,NullifyInputVariable,"public static void wait(final Object obj, final Duration duration) throws InterruptedException {","public static void wait(final Object obj, final Duration duration) throws InterruptedException { duration = null;",70,
org/apache/commons/lang3/ObjectUtils.java,1383,NullifyInputVariable,"public static void wait(final Object obj, final Duration duration) throws InterruptedException {","public static void wait(final Object obj, final Duration duration) throws InterruptedException { obj = null;",71,
org/apache/commons/lang3/ObjectUtils.java,1366,NullifyInputVariable,"public static <T> String toString(final T obj, final Supplier<String> supplier) {","public static <T> String toString(final T obj, final Supplier<String> supplier) { supplier = null;",72,
org/apache/commons/lang3/ObjectUtils.java,1366,NullifyInputVariable,"public static <T> String toString(final T obj, final Supplier<String> supplier) {","public static <T> String toString(final T obj, final Supplier<String> supplier) { obj = null;",73,
org/apache/commons/lang3/ObjectUtils.java,1341,NullifyInputVariable,"public static String toString(final Supplier<Object> obj, final Supplier<String> supplier) {","public static String toString(final Supplier<Object> obj, final Supplier<String> supplier) { supplier = null;",74,
org/apache/commons/lang3/ObjectUtils.java,1341,NullifyInputVariable,"public static String toString(final Supplier<Object> obj, final Supplier<String> supplier) {","public static String toString(final Supplier<Object> obj, final Supplier<String> supplier) { obj = null;",75,
org/apache/commons/lang3/ObjectUtils.java,1317,NullifyInputVariable,"public static String toString(final Object obj, final String nullStr) {","public static String toString(final Object obj, final String nullStr) { nullStr = null;",76,
org/apache/commons/lang3/ObjectUtils.java,1317,NullifyInputVariable,"public static String toString(final Object obj, final String nullStr) {","public static String toString(final Object obj, final String nullStr) { obj = null;",77,
org/apache/commons/lang3/ObjectUtils.java,1289,NullifyInputVariable,public static String toString(final Object obj) {,public static String toString(final Object obj) { obj = null;,78,
org/apache/commons/lang3/ObjectUtils.java,1257,NullifyInputVariable,"public static <T> T requireNonEmpty(final T obj, final String message) {","public static <T> T requireNonEmpty(final T obj, final String message) { message = null;",79,
org/apache/commons/lang3/ObjectUtils.java,1257,NullifyInputVariable,"public static <T> T requireNonEmpty(final T obj, final String message) {","public static <T> T requireNonEmpty(final T obj, final String message) { obj = null;",80,
org/apache/commons/lang3/ObjectUtils.java,1230,NullifyInputVariable,public static <T> T requireNonEmpty(final T obj) {,public static <T> T requireNonEmpty(final T obj) { obj = null;,81,
org/apache/commons/lang3/ObjectUtils.java,1204,NullifyInputVariable,"public static boolean notEqual(final Object object1, final Object object2) {","public static boolean notEqual(final Object object1, final Object object2) { object2 = null;",82,
org/apache/commons/lang3/ObjectUtils.java,1204,NullifyInputVariable,"public static boolean notEqual(final Object object1, final Object object2) {","public static boolean notEqual(final Object object1, final Object object2) { object1 = null;",83,
org/apache/commons/lang3/ObjectUtils.java,1158,NullifyInputVariable,public static <T> T mode(final T... items) {,public static <T> T mode(final T... items) { items = null;,84,
org/apache/commons/lang3/ObjectUtils.java,1137,NullifyInputVariable,public static <T extends Comparable<? super T>> T min(final T... values) {,public static <T extends Comparable<? super T>> T min(final T... values) { values = null;,85,
org/apache/commons/lang3/ObjectUtils.java,1114,NullifyInputVariable,public static <T extends Comparable<? super T>> T median(final T... items) {,public static <T extends Comparable<? super T>> T median(final T... items) { items = null;,86,
org/apache/commons/lang3/ObjectUtils.java,1094,NullifyInputVariable,"public static <T> T median(final Comparator<T> comparator, final T... items) {","public static <T> T median(final Comparator<T> comparator, final T... items) { items = null;",87,
org/apache/commons/lang3/ObjectUtils.java,1094,NullifyInputVariable,"public static <T> T median(final Comparator<T> comparator, final T... items) {","public static <T> T median(final Comparator<T> comparator, final T... items) { comparator = null;",88,
org/apache/commons/lang3/ObjectUtils.java,1070,NullifyInputVariable,public static <T extends Comparable<? super T>> T max(final T... values) {,public static <T extends Comparable<? super T>> T max(final T... values) { values = null;,89,
org/apache/commons/lang3/ObjectUtils.java,1051,NullifyInputVariable,public static boolean isNotEmpty(final Object object) {,public static boolean isNotEmpty(final Object object) { object = null;,90,
org/apache/commons/lang3/ObjectUtils.java,1000,NullifyInputVariable,public static boolean isEmpty(final Object object) {,public static boolean isEmpty(final Object object) { object = null;,91,
org/apache/commons/lang3/ObjectUtils.java,967,NullifyInputVariable,public static boolean isArray(final Object object) {,public static boolean isArray(final Object object) { object = null;,92,
org/apache/commons/lang3/ObjectUtils.java,917,NullifyInputVariable,"public static void identityToString(final StringBuilder builder, final Object object) {","public static void identityToString(final StringBuilder builder, final Object object) { object = null;",93,
org/apache/commons/lang3/ObjectUtils.java,917,NullifyInputVariable,"public static void identityToString(final StringBuilder builder, final Object object) {","public static void identityToString(final StringBuilder builder, final Object object) { builder = null;",94,
org/apache/commons/lang3/ObjectUtils.java,892,NullifyInputVariable,"public static void identityToString(final StringBuffer buffer, final Object object) {","public static void identityToString(final StringBuffer buffer, final Object object) { object = null;",95,
org/apache/commons/lang3/ObjectUtils.java,892,NullifyInputVariable,"public static void identityToString(final StringBuffer buffer, final Object object) {","public static void identityToString(final StringBuffer buffer, final Object object) { buffer = null;",96,
org/apache/commons/lang3/ObjectUtils.java,867,NullifyInputVariable,"public static void identityToString(final StrBuilder builder, final Object object) {","public static void identityToString(final StrBuilder builder, final Object object) { object = null;",97,
org/apache/commons/lang3/ObjectUtils.java,867,NullifyInputVariable,"public static void identityToString(final StrBuilder builder, final Object object) {","public static void identityToString(final StrBuilder builder, final Object object) { builder = null;",98,
org/apache/commons/lang3/ObjectUtils.java,834,NullifyInputVariable,public static String identityToString(final Object object) {,public static String identityToString(final Object object) { object = null;,99,
org/apache/commons/lang3/RandomStringUtils.java,355,RelationalOperatorReplacement,if (count == 0 && numberOfChars > 1) {,if (count == 0 && numberOfChars <= 1) {,194,
org/apache/commons/lang3/RandomStringUtils.java,333,RelationalOperatorReplacement,if (randomValue >= end) {,if (randomValue < end) {,197,
org/apache/commons/lang3/RandomStringUtils.java,313,RelationalOperatorReplacement,if (chars == null && (numbers && end <= zeroDigitAscii || letters && end <= firstLetterAscii)) {,if (chars == null && (numbers && end <= zeroDigitAscii || letters && end > firstLetterAscii)) {,199,
org/apache/commons/lang3/RandomStringUtils.java,313,RelationalOperatorReplacement,if (chars == null && (numbers && end <= zeroDigitAscii || letters && end <= firstLetterAscii)) {,if (chars == null && (numbers && end > zeroDigitAscii || letters && end <= firstLetterAscii)) {,200,
org/apache/commons/lang3/RandomStringUtils.java,285,RelationalOperatorReplacement,if (chars == null && letters && numbers && start <= '0' && end >= 'z' + 1) {,if (chars == null && letters && numbers && start <= '0' && end < 'z' + 1) {,203,
org/apache/commons/lang3/RandomStringUtils.java,285,RelationalOperatorReplacement,if (chars == null && letters && numbers && start <= '0' && end >= 'z' + 1) {,if (chars == null && letters && numbers && start > '0' && end >= 'z' + 1) {,204,
org/apache/commons/lang3/RandomStringUtils.java,274,RelationalOperatorReplacement,if (end > Character.MAX_CODE_POINT) {,if (end <= Character.MAX_CODE_POINT) {,206,
org/apache/commons/lang3/RandomStringUtils.java,270,RelationalOperatorReplacement,} else if (start < 0 || end < 0) {,} else if (start < 0 || end >= 0) {,207,
org/apache/commons/lang3/RandomStringUtils.java,270,RelationalOperatorReplacement,} else if (start < 0 || end < 0) {,} else if (start >= 0 || end < 0) {,208,
org/apache/commons/lang3/RandomStringUtils.java,267,RelationalOperatorReplacement,} else if (end <= start) {,} else if (end > start) {,209,
org/apache/commons/lang3/RandomStringUtils.java,251,RelationalOperatorReplacement,if (count < 0) {,if (count >= 0) {,215,
org/apache/commons/lang3/RandomStringUtils.java,773,NullifyInputVariable,"public String next(final int count, final String chars) {","public String next(final int count, final String chars) { chars = null;",91,
org/apache/commons/lang3/RandomStringUtils.java,390,NullifyInputVariable,"public static String random(final int count, final String chars) {","public static String random(final int count, final String chars) { chars = null;",92,
org/apache/commons/lang3/RandomStringUtils.java,247,NullifyInputVariable,"final char[] chars, final Random random) {","final char[] chars, final Random random) { random = null;",93,
org/apache/commons/lang3/RandomUtils.java,455,RelationalOperatorReplacement,"Validate.isTrue(startInclusive >= 0, ""Both range values must be non-negative."");","Validate.isTrue(startInclusive < 0, ""Both range values must be non-negative."");",76,
org/apache/commons/lang3/RandomUtils.java,454,RelationalOperatorReplacement,"Validate.isTrue(endExclusive >= startInclusive, ""Start value must be smaller or equal to end value."");","Validate.isTrue(endExclusive < startInclusive, ""Start value must be smaller or equal to end value."");",77,
org/apache/commons/lang3/RandomUtils.java,439,RelationalOperatorReplacement,} while (bits - val + n - 1 < 0);,} while (bits - val + n - 1 >= 0);,78,
org/apache/commons/lang3/RandomUtils.java,408,RelationalOperatorReplacement,"Validate.isTrue(startInclusive >= 0, ""Both range values must be non-negative."");","Validate.isTrue(startInclusive < 0, ""Both range values must be non-negative."");",80,
org/apache/commons/lang3/RandomUtils.java,407,RelationalOperatorReplacement,"Validate.isTrue(endExclusive >= startInclusive, ""Start value must be smaller or equal to end value."");","Validate.isTrue(endExclusive < startInclusive, ""Start value must be smaller or equal to end value."");",81,
org/apache/commons/lang3/RandomUtils.java,378,RelationalOperatorReplacement,"Validate.isTrue(startInclusive >= 0, ""Both range values must be non-negative."");","Validate.isTrue(startInclusive < 0, ""Both range values must be non-negative."");",83,
org/apache/commons/lang3/RandomUtils.java,377,RelationalOperatorReplacement,"Validate.isTrue(endExclusive >= startInclusive, ""Start value must be smaller or equal to end value."");","Validate.isTrue(endExclusive < startInclusive, ""Start value must be smaller or equal to end value."");",84,
org/apache/commons/lang3/RandomUtils.java,349,RelationalOperatorReplacement,"Validate.isTrue(startInclusive >= 0, ""Both range values must be non-negative."");","Validate.isTrue(startInclusive < 0, ""Both range values must be non-negative."");",86,
org/apache/commons/lang3/RandomUtils.java,348,RelationalOperatorReplacement,"Validate.isTrue(endExclusive >= startInclusive, ""Start value must be smaller or equal to end value."");","Validate.isTrue(endExclusive < startInclusive, ""Start value must be smaller or equal to end value."");",87,
org/apache/commons/lang3/RandomUtils.java,320,RelationalOperatorReplacement,"Validate.isTrue(count >= 0, ""Count cannot be negative."");","Validate.isTrue(count < 0, ""Count cannot be negative."");",88,
org/apache/commons/lang3/Range.java,455,RelationalOperatorReplacement,"return comparator.compare(element, maximum) > 0;","return comparator.compare(element, maximum) <= 0;",127,
org/apache/commons/lang3/Range.java,426,RelationalOperatorReplacement,"return comparator.compare(element, minimum) < 0;","return comparator.compare(element, minimum) >= 0;",130,
org/apache/commons/lang3/Range.java,412,RelationalOperatorReplacement,"final T max = getComparator().compare(maximum, other.maximum) < 0 ? maximum : other.maximum;","final T max = getComparator().compare(maximum, other.maximum) >= 0 ? maximum : other.maximum;",132,
org/apache/commons/lang3/Range.java,411,RelationalOperatorReplacement,"final T min = getComparator().compare(minimum, other.minimum) < 0 ? other.minimum : minimum;","final T min = getComparator().compare(minimum, other.minimum) >= 0 ? other.minimum : minimum;",133,
org/apache/commons/lang3/Range.java,248,RelationalOperatorReplacement,"return comparator.compare(element, minimum) > -1 && comparator.compare(element, maximum) < 1;","return comparator.compare(element, minimum) > -1 && comparator.compare(element, maximum) >= 1;",139,
org/apache/commons/lang3/Range.java,248,RelationalOperatorReplacement,"return comparator.compare(element, minimum) > -1 && comparator.compare(element, maximum) < 1;","return comparator.compare(element, minimum) <= -1 && comparator.compare(element, maximum) < 1;",140,
org/apache/commons/lang3/Range.java,229,RelationalOperatorReplacement,"if (this.comparator.compare(element1, element2) < 1) {","if (this.comparator.compare(element1, element2) >= 1) {",142,
org/apache/commons/lang3/Range.java,560,NullifyInputVariable,public String toString(final String format) {,public String toString(final String format) { format = null;,42,
org/apache/commons/lang3/Range.java,526,NullifyInputVariable,public boolean isStartedBy(final T element) {,public boolean isStartedBy(final T element) { element = null;,43,
org/apache/commons/lang3/Range.java,511,NullifyInputVariable,public boolean isOverlappedBy(final Range<T> otherRange) {,public boolean isOverlappedBy(final Range<T> otherRange) { otherRange = null;,44,
org/apache/commons/lang3/Range.java,480,NullifyInputVariable,public boolean isEndedBy(final T element) {,public boolean isEndedBy(final T element) { element = null;,45,
org/apache/commons/lang3/Range.java,467,NullifyInputVariable,public boolean isBeforeRange(final Range<T> otherRange) {,public boolean isBeforeRange(final Range<T> otherRange) { otherRange = null;,46,
org/apache/commons/lang3/Range.java,451,NullifyInputVariable,public boolean isBefore(final T element) {,public boolean isBefore(final T element) { element = null;,47,
org/apache/commons/lang3/Range.java,438,NullifyInputVariable,public boolean isAfterRange(final Range<T> otherRange) {,public boolean isAfterRange(final Range<T> otherRange) { otherRange = null;,48,
org/apache/commons/lang3/Range.java,422,NullifyInputVariable,public boolean isAfter(final T element) {,public boolean isAfter(final T element) { element = null;,49,
org/apache/commons/lang3/Range.java,403,NullifyInputVariable,public Range<T> intersectionWith(final Range<T> other) {,public Range<T> intersectionWith(final Range<T> other) { other = null;,50,
org/apache/commons/lang3/Range.java,336,NullifyInputVariable,public T fit(final T element) {,public T fit(final T element) { element = null;,51,
org/apache/commons/lang3/Range.java,301,NullifyInputVariable,public boolean equals(final Object obj) {,public boolean equals(final Object obj) { obj = null;,52,
org/apache/commons/lang3/Range.java,279,NullifyInputVariable,public int elementCompareTo(final T element) {,public int elementCompareTo(final T element) { element = null;,53,
org/apache/commons/lang3/Range.java,260,NullifyInputVariable,public boolean containsRange(final Range<T> otherRange) {,public boolean containsRange(final Range<T> otherRange) { otherRange = null;,54,
org/apache/commons/lang3/Range.java,244,NullifyInputVariable,public boolean contains(final T element) {,public boolean contains(final T element) { element = null;,55,
org/apache/commons/lang3/Range.java,182,NullifyInputVariable,"public static <T> Range<T> of(final T fromInclusive, final T toInclusive, final Comparator<T> comparator) {","public static <T> Range<T> of(final T fromInclusive, final T toInclusive, final Comparator<T> comparator) { comparator = null;",56,
org/apache/commons/lang3/Range.java,182,NullifyInputVariable,"public static <T> Range<T> of(final T fromInclusive, final T toInclusive, final Comparator<T> comparator) {","public static <T> Range<T> of(final T fromInclusive, final T toInclusive, final Comparator<T> comparator) { toInclusive = null;",57,
org/apache/commons/lang3/Range.java,182,NullifyInputVariable,"public static <T> Range<T> of(final T fromInclusive, final T toInclusive, final Comparator<T> comparator) {","public static <T> Range<T> of(final T fromInclusive, final T toInclusive, final Comparator<T> comparator) { fromInclusive = null;",58,
org/apache/commons/lang3/Range.java,159,NullifyInputVariable,"public static <T extends Comparable<? super T>> Range<T> of(final T fromInclusive, final T toInclusive) {","public static <T extends Comparable<? super T>> Range<T> of(final T fromInclusive, final T toInclusive) { toInclusive = null;",59,
org/apache/commons/lang3/Range.java,159,NullifyInputVariable,"public static <T extends Comparable<? super T>> Range<T> of(final T fromInclusive, final T toInclusive) {","public static <T extends Comparable<? super T>> Range<T> of(final T fromInclusive, final T toInclusive) { fromInclusive = null;",60,
org/apache/commons/lang3/Range.java,138,NullifyInputVariable,"public static <T> Range<T> is(final T element, final Comparator<T> comparator) {","public static <T> Range<T> is(final T element, final Comparator<T> comparator) { comparator = null;",61,
org/apache/commons/lang3/Range.java,138,NullifyInputVariable,"public static <T> Range<T> is(final T element, final Comparator<T> comparator) {","public static <T> Range<T> is(final T element, final Comparator<T> comparator) { element = null;",62,
org/apache/commons/lang3/Range.java,120,NullifyInputVariable,public static <T extends Comparable<? super T>> Range<T> is(final T element) {,public static <T extends Comparable<? super T>> Range<T> is(final T element) { element = null;,63,
org/apache/commons/lang3/Range.java,103,NullifyInputVariable,"public static <T> Range<T> between(final T fromInclusive, final T toInclusive, final Comparator<T> comparator) {","public static <T> Range<T> between(final T fromInclusive, final T toInclusive, final Comparator<T> comparator) { comparator = null;",64,
org/apache/commons/lang3/Range.java,103,NullifyInputVariable,"public static <T> Range<T> between(final T fromInclusive, final T toInclusive, final Comparator<T> comparator) {","public static <T> Range<T> between(final T fromInclusive, final T toInclusive, final Comparator<T> comparator) { toInclusive = null;",65,
org/apache/commons/lang3/Range.java,103,NullifyInputVariable,"public static <T> Range<T> between(final T fromInclusive, final T toInclusive, final Comparator<T> comparator) {","public static <T> Range<T> between(final T fromInclusive, final T toInclusive, final Comparator<T> comparator) { fromInclusive = null;",66,
org/apache/commons/lang3/Range.java,79,NullifyInputVariable,"public static <T extends Comparable<? super T>> Range<T> between(final T fromInclusive, final T toInclusive) {","public static <T extends Comparable<? super T>> Range<T> between(final T fromInclusive, final T toInclusive) { toInclusive = null;",67,
org/apache/commons/lang3/Range.java,79,NullifyInputVariable,"public static <T extends Comparable<? super T>> Range<T> between(final T fromInclusive, final T toInclusive) {","public static <T extends Comparable<? super T>> Range<T> between(final T fromInclusive, final T toInclusive) { fromInclusive = null;",68,
org/apache/commons/lang3/Range.java,48,NullifyInputVariable,"public int compare(final Object obj1, final Object obj2) {","public int compare(final Object obj1, final Object obj2) { obj2 = null;",69,
org/apache/commons/lang3/Range.java,48,NullifyInputVariable,"public int compare(final Object obj1, final Object obj2) {","public int compare(final Object obj1, final Object obj2) { obj1 = null;",70,
org/apache/commons/lang3/RegExUtils.java,476,NullifyInputVariable,"public static String replacePattern(final String text, final String regex, final String replacement) {","public static String replacePattern(final String text, final String regex, final String replacement) { replacement = null;",28,
org/apache/commons/lang3/RegExUtils.java,476,NullifyInputVariable,"public static String replacePattern(final String text, final String regex, final String replacement) {","public static String replacePattern(final String text, final String regex, final String replacement) { regex = null;",29,
org/apache/commons/lang3/RegExUtils.java,476,NullifyInputVariable,"public static String replacePattern(final String text, final String regex, final String replacement) {","public static String replacePattern(final String text, final String regex, final String replacement) { text = null;",30,
org/apache/commons/lang3/RegExUtils.java,432,NullifyInputVariable,"public static String replaceFirst(final String text, final String regex, final String replacement) {","public static String replaceFirst(final String text, final String regex, final String replacement) { replacement = null;",31,
org/apache/commons/lang3/RegExUtils.java,432,NullifyInputVariable,"public static String replaceFirst(final String text, final String regex, final String replacement) {","public static String replaceFirst(final String text, final String regex, final String replacement) { regex = null;",32,
org/apache/commons/lang3/RegExUtils.java,432,NullifyInputVariable,"public static String replaceFirst(final String text, final String regex, final String replacement) {","public static String replaceFirst(final String text, final String regex, final String replacement) { text = null;",33,
org/apache/commons/lang3/RegExUtils.java,380,NullifyInputVariable,"public static String replaceFirst(final String text, final Pattern regex, final String replacement) {","public static String replaceFirst(final String text, final Pattern regex, final String replacement) { replacement = null;",34,
org/apache/commons/lang3/RegExUtils.java,380,NullifyInputVariable,"public static String replaceFirst(final String text, final Pattern regex, final String replacement) {","public static String replaceFirst(final String text, final Pattern regex, final String replacement) { regex = null;",35,
org/apache/commons/lang3/RegExUtils.java,380,NullifyInputVariable,"public static String replaceFirst(final String text, final Pattern regex, final String replacement) {","public static String replaceFirst(final String text, final Pattern regex, final String replacement) { text = null;",36,
org/apache/commons/lang3/RegExUtils.java,337,NullifyInputVariable,"public static String replaceAll(final String text, final String regex, final String replacement) {","public static String replaceAll(final String text, final String regex, final String replacement) { replacement = null;",37,
org/apache/commons/lang3/RegExUtils.java,337,NullifyInputVariable,"public static String replaceAll(final String text, final String regex, final String replacement) {","public static String replaceAll(final String text, final String regex, final String replacement) { regex = null;",38,
org/apache/commons/lang3/RegExUtils.java,337,NullifyInputVariable,"public static String replaceAll(final String text, final String regex, final String replacement) {","public static String replaceAll(final String text, final String regex, final String replacement) { text = null;",39,
org/apache/commons/lang3/RegExUtils.java,283,NullifyInputVariable,"public static String replaceAll(final String text, final Pattern regex, final String replacement) {","public static String replaceAll(final String text, final Pattern regex, final String replacement) { replacement = null;",40,
org/apache/commons/lang3/RegExUtils.java,283,NullifyInputVariable,"public static String replaceAll(final String text, final Pattern regex, final String replacement) {","public static String replaceAll(final String text, final Pattern regex, final String replacement) { regex = null;",41,
org/apache/commons/lang3/RegExUtils.java,283,NullifyInputVariable,"public static String replaceAll(final String text, final Pattern regex, final String replacement) {","public static String replaceAll(final String text, final Pattern regex, final String replacement) { text = null;",42,
org/apache/commons/lang3/RegExUtils.java,243,NullifyInputVariable,"public static String removePattern(final String text, final String regex) {","public static String removePattern(final String text, final String regex) { regex = null;",43,
org/apache/commons/lang3/RegExUtils.java,243,NullifyInputVariable,"public static String removePattern(final String text, final String regex) {","public static String removePattern(final String text, final String regex) { text = null;",44,
org/apache/commons/lang3/RegExUtils.java,212,NullifyInputVariable,"public static String removeFirst(final String text, final String regex) {","public static String removeFirst(final String text, final String regex) { regex = null;",45,
org/apache/commons/lang3/RegExUtils.java,212,NullifyInputVariable,"public static String removeFirst(final String text, final String regex) {","public static String removeFirst(final String text, final String regex) { text = null;",46,
org/apache/commons/lang3/RegExUtils.java,167,NullifyInputVariable,"public static String removeFirst(final String text, final Pattern regex) {","public static String removeFirst(final String text, final Pattern regex) { regex = null;",47,
org/apache/commons/lang3/RegExUtils.java,167,NullifyInputVariable,"public static String removeFirst(final String text, final Pattern regex) {","public static String removeFirst(final String text, final Pattern regex) { text = null;",48,
org/apache/commons/lang3/RegExUtils.java,131,NullifyInputVariable,"public static String removeAll(final String text, final String regex) {","public static String removeAll(final String text, final String regex) { regex = null;",49,
org/apache/commons/lang3/RegExUtils.java,131,NullifyInputVariable,"public static String removeAll(final String text, final String regex) {","public static String removeAll(final String text, final String regex) { text = null;",50,
org/apache/commons/lang3/RegExUtils.java,85,NullifyInputVariable,"public static String removeAll(final String text, final Pattern regex) {","public static String removeAll(final String text, final Pattern regex) { regex = null;",51,
org/apache/commons/lang3/RegExUtils.java,85,NullifyInputVariable,"public static String removeAll(final String text, final Pattern regex) {","public static String removeAll(final String text, final Pattern regex) { text = null;",52,
org/apache/commons/lang3/RegExUtils.java,49,NullifyInputVariable,"public static Matcher dotAllMatcher(final String regex, final String text) {","public static Matcher dotAllMatcher(final String regex, final String text) { text = null;",53,
org/apache/commons/lang3/RegExUtils.java,49,NullifyInputVariable,"public static Matcher dotAllMatcher(final String regex, final String text) {","public static Matcher dotAllMatcher(final String regex, final String text) { regex = null;",54,
org/apache/commons/lang3/RegExUtils.java,36,NullifyInputVariable,public static Pattern dotAll(final String regex) {,public static Pattern dotAll(final String regex) { regex = null;,55,
org/apache/commons/lang3/RuntimeEnvironment.java,39,NullifyInputVariable,"private static Boolean containsLine(final String path, final String line) {","private static Boolean containsLine(final String path, final String line) { line = null;",8,
org/apache/commons/lang3/RuntimeEnvironment.java,39,NullifyInputVariable,"private static Boolean containsLine(final String path, final String line) {","private static Boolean containsLine(final String path, final String line) { path = null;",9,
org/apache/commons/lang3/SerializationUtils.java,245,NullifyInputVariable,"public static void serialize(final Serializable obj, final OutputStream outputStream) {","public static void serialize(final Serializable obj, final OutputStream outputStream) { outputStream = null;",11,
org/apache/commons/lang3/SerializationUtils.java,245,NullifyInputVariable,"public static void serialize(final Serializable obj, final OutputStream outputStream) {","public static void serialize(final Serializable obj, final OutputStream outputStream) { obj = null;",12,
org/apache/commons/lang3/SerializationUtils.java,223,NullifyInputVariable,public static byte[] serialize(final Serializable obj) {,public static byte[] serialize(final Serializable obj) { obj = null;,13,
org/apache/commons/lang3/SerializationUtils.java,211,NullifyInputVariable,public static <T extends Serializable> T roundtrip(final T obj) {,public static <T extends Serializable> T roundtrip(final T obj) { obj = null;,14,
org/apache/commons/lang3/SerializationUtils.java,188,NullifyInputVariable,public static <T> T deserialize(final InputStream inputStream) {,public static <T> T deserialize(final InputStream inputStream) { inputStream = null;,15,
org/apache/commons/lang3/SerializationUtils.java,119,NullifyInputVariable,public static <T extends Serializable> T clone(final T object) {,public static <T extends Serializable> T clone(final T object) { object = null;,16,
org/apache/commons/lang3/SerializationUtils.java,86,NullifyInputVariable,"protected Class<?> resolveClass(final ObjectStreamClass desc) throws IOException, ClassNotFoundException {","protected Class<?> resolveClass(final ObjectStreamClass desc) throws IOException, ClassNotFoundException { desc = null;",17,
org/apache/commons/lang3/Streams.java,548,NullifyInputVariable,"public static <O> Collector<O, ?, O[]> toArray(final Class<O> pElementType) {","public static <O> Collector<O, ?, O[]> toArray(final Class<O> pElementType) { pElementType = null;",16,
org/apache/commons/lang3/Streams.java,535,NullifyInputVariable,public static <O> FailableStream<O> stream(final Stream<O> stream) {,public static <O> FailableStream<O> stream(final Stream<O> stream) { stream = null;,17,
org/apache/commons/lang3/Streams.java,493,NullifyInputVariable,public static <O> FailableStream<O> stream(final Collection<O> stream) {,public static <O> FailableStream<O> stream(final Collection<O> stream) { stream = null;,18,
org/apache/commons/lang3/Streams.java,441,NullifyInputVariable,"public O reduce(final O identity, final BinaryOperator<O> accumulator) {","public O reduce(final O identity, final BinaryOperator<O> accumulator) { accumulator = null;",19,
org/apache/commons/lang3/Streams.java,441,NullifyInputVariable,"public O reduce(final O identity, final BinaryOperator<O> accumulator) {","public O reduce(final O identity, final BinaryOperator<O> accumulator) { identity = null;",20,
org/apache/commons/lang3/Streams.java,387,NullifyInputVariable,"public <R> FailableStream<R> map(final FailableFunction<O, R, ?> mapper) {","public <R> FailableStream<R> map(final FailableFunction<O, R, ?> mapper) { mapper = null;",21,
org/apache/commons/lang3/Streams.java,360,NullifyInputVariable,"public void forEach(final FailableConsumer<O, ?> action) {","public void forEach(final FailableConsumer<O, ?> action) { action = null;",22,
org/apache/commons/lang3/Streams.java,335,NullifyInputVariable,"public FailableStream<O> filter(final FailablePredicate<O, ?> predicate) {","public FailableStream<O> filter(final FailablePredicate<O, ?> predicate) { predicate = null;",23,
org/apache/commons/lang3/Streams.java,318,NullifyInputVariable,"public <A, R> R collect(final Supplier<R> supplier, final BiConsumer<R, ? super O> accumulator, final BiConsumer<R, R> combiner) {","public <A, R> R collect(final Supplier<R> supplier, final BiConsumer<R, ? super O> accumulator, final BiConsumer<R, R> combiner) { combiner = null;",24,
org/apache/commons/lang3/Streams.java,318,NullifyInputVariable,"public <A, R> R collect(final Supplier<R> supplier, final BiConsumer<R, ? super O> accumulator, final BiConsumer<R, R> combiner) {","public <A, R> R collect(final Supplier<R> supplier, final BiConsumer<R, ? super O> accumulator, final BiConsumer<R, R> combiner) { accumulator = null;",25,
org/apache/commons/lang3/Streams.java,318,NullifyInputVariable,"public <A, R> R collect(final Supplier<R> supplier, final BiConsumer<R, ? super O> accumulator, final BiConsumer<R, R> combiner) {","public <A, R> R collect(final Supplier<R> supplier, final BiConsumer<R, ? super O> accumulator, final BiConsumer<R, R> combiner) { supplier = null;",26,
org/apache/commons/lang3/Streams.java,260,NullifyInputVariable,"public <A, R> R collect(final Collector<? super O, A, R> collector) {","public <A, R> R collect(final Collector<? super O, A, R> collector) { collector = null;",27,
org/apache/commons/lang3/Streams.java,185,NullifyInputVariable,"public boolean anyMatch(final FailablePredicate<O, ?> predicate) {","public boolean anyMatch(final FailablePredicate<O, ?> predicate) { predicate = null;",28,
org/apache/commons/lang3/Streams.java,161,NullifyInputVariable,"public boolean allMatch(final FailablePredicate<O, ?> predicate) {","public boolean allMatch(final FailablePredicate<O, ?> predicate) { predicate = null;",29,
org/apache/commons/lang3/StringEscapeUtils.java,776,NullifyInputVariable,public static final String unescapeXml(final String input) {,public static final String unescapeXml(final String input) { input = null;,22,
org/apache/commons/lang3/StringEscapeUtils.java,755,NullifyInputVariable,public static final String unescapeJson(final String input) {,public static final String unescapeJson(final String input) { input = null;,23,
org/apache/commons/lang3/StringEscapeUtils.java,738,NullifyInputVariable,public static final String unescapeJava(final String input) {,public static final String unescapeJava(final String input) { input = null;,24,
org/apache/commons/lang3/StringEscapeUtils.java,725,NullifyInputVariable,public static final String unescapeHtml4(final String input) {,public static final String unescapeHtml4(final String input) { input = null;,25,
org/apache/commons/lang3/StringEscapeUtils.java,704,NullifyInputVariable,public static final String unescapeHtml3(final String input) {,public static final String unescapeHtml3(final String input) { input = null;,26,
org/apache/commons/lang3/StringEscapeUtils.java,690,NullifyInputVariable,public static final String unescapeEcmaScript(final String input) {,public static final String unescapeEcmaScript(final String input) { input = null;,27,
org/apache/commons/lang3/StringEscapeUtils.java,673,NullifyInputVariable,public static final String unescapeCsv(final String input) {,public static final String unescapeCsv(final String input) { input = null;,28,
org/apache/commons/lang3/StringEscapeUtils.java,648,NullifyInputVariable,public static String escapeXml11(final String input) {,public static String escapeXml11(final String input) { input = null;,29,
org/apache/commons/lang3/StringEscapeUtils.java,618,NullifyInputVariable,public static String escapeXml10(final String input) {,public static String escapeXml10(final String input) { input = null;,30,
org/apache/commons/lang3/StringEscapeUtils.java,586,NullifyInputVariable,public static final String escapeXml(final String input) {,public static final String escapeXml(final String input) { input = null;,31,
org/apache/commons/lang3/StringEscapeUtils.java,561,NullifyInputVariable,public static final String escapeJson(final String input) {,public static final String escapeJson(final String input) { input = null;,32,
org/apache/commons/lang3/StringEscapeUtils.java,533,NullifyInputVariable,public static final String escapeJava(final String input) {,public static final String escapeJava(final String input) { input = null;,33,
org/apache/commons/lang3/StringEscapeUtils.java,509,NullifyInputVariable,public static final String escapeHtml4(final String input) {,public static final String escapeHtml4(final String input) { input = null;,34,
org/apache/commons/lang3/StringEscapeUtils.java,478,NullifyInputVariable,public static final String escapeHtml3(final String input) {,public static final String escapeHtml3(final String input) { input = null;,35,
org/apache/commons/lang3/StringEscapeUtils.java,465,NullifyInputVariable,public static final String escapeEcmaScript(final String input) {,public static final String escapeEcmaScript(final String input) { input = null;,36,
org/apache/commons/lang3/StringEscapeUtils.java,437,NullifyInputVariable,public static final String escapeCsv(final String input) {,public static final String escapeCsv(final String input) { input = null;,37,
org/apache/commons/lang3/StringEscapeUtils.java,81,NullifyInputVariable,"public int translate(final CharSequence input, final int index, final Writer out) throws IOException {","public int translate(final CharSequence input, final int index, final Writer out) throws IOException { out = null;",38,
org/apache/commons/lang3/StringEscapeUtils.java,81,NullifyInputVariable,"public int translate(final CharSequence input, final int index, final Writer out) throws IOException {","public int translate(final CharSequence input, final int index, final Writer out) throws IOException { input = null;",39,
org/apache/commons/lang3/StringEscapeUtils.java,56,NullifyInputVariable,"public int translate(final CharSequence input, final int index, final Writer out) throws IOException {","public int translate(final CharSequence input, final int index, final Writer out) throws IOException { out = null;",40,
org/apache/commons/lang3/StringEscapeUtils.java,56,NullifyInputVariable,"public int translate(final CharSequence input, final int index, final Writer out) throws IOException {","public int translate(final CharSequence input, final int index, final Writer out) throws IOException { input = null;",41,
org/apache/commons/lang3/StringUtils.java,6562,NullifyInputVariable,"public static String replaceChars(final String str, final String searchChars, String replaceChars) {","public static String replaceChars(final String str, final String searchChars, String replaceChars) { searchChars = null;",1001,
org/apache/commons/lang3/StringUtils.java,6562,NullifyInputVariable,"public static String replaceChars(final String str, final String searchChars, String replaceChars) {","public static String replaceChars(final String str, final String searchChars, String replaceChars) { str = null;",1002,
org/apache/commons/lang3/StringUtils.java,6519,NullifyInputVariable,"public static String replaceChars(final String str, final char searchChar, final char replaceChar) {","public static String replaceChars(final String str, final char searchChar, final char replaceChar) { str = null;",1003,
org/apache/commons/lang3/StringUtils.java,6495,NullifyInputVariable,"public static String replaceAll(final String text, final String regex, final String replacement) {","public static String replaceAll(final String text, final String regex, final String replacement) { replacement = null;",1004,
org/apache/commons/lang3/StringUtils.java,6495,NullifyInputVariable,"public static String replaceAll(final String text, final String regex, final String replacement) {","public static String replaceAll(final String text, final String regex, final String replacement) { regex = null;",1005,
org/apache/commons/lang3/StringUtils.java,6495,NullifyInputVariable,"public static String replaceAll(final String text, final String regex, final String replacement) {","public static String replaceAll(final String text, final String regex, final String replacement) { text = null;",1006,
org/apache/commons/lang3/StringUtils.java,6416,NullifyInputVariable,"private static String replace(final String text, String searchString, final String replacement, int max, final boolean ignoreCase) {","private static String replace(final String text, String searchString, final String replacement, int max, final boolean ignoreCase) { replacement = null;",1007,
org/apache/commons/lang3/StringUtils.java,6416,NullifyInputVariable,"private static String replace(final String text, String searchString, final String replacement, int max, final boolean ignoreCase) {","private static String replace(final String text, String searchString, final String replacement, int max, final boolean ignoreCase) { text = null;",1009,
org/apache/commons/lang3/StringUtils.java,6381,NullifyInputVariable,"public static String replace(final String text, final String searchString, final String replacement, final int max) {","public static String replace(final String text, final String searchString, final String replacement, final int max) { replacement = null;",1010,
org/apache/commons/lang3/StringUtils.java,6381,NullifyInputVariable,"public static String replace(final String text, final String searchString, final String replacement, final int max) {","public static String replace(final String text, final String searchString, final String replacement, final int max) { searchString = null;",1011,
org/apache/commons/lang3/StringUtils.java,6381,NullifyInputVariable,"public static String replace(final String text, final String searchString, final String replacement, final int max) {","public static String replace(final String text, final String searchString, final String replacement, final int max) { text = null;",1012,
org/apache/commons/lang3/StringUtils.java,6349,NullifyInputVariable,"public static String replace(final String text, final String searchString, final String replacement) {","public static String replace(final String text, final String searchString, final String replacement) { replacement = null;",1013,
org/apache/commons/lang3/StringUtils.java,6349,NullifyInputVariable,"public static String replace(final String text, final String searchString, final String replacement) {","public static String replace(final String text, final String searchString, final String replacement) { searchString = null;",1014,
org/apache/commons/lang3/StringUtils.java,6349,NullifyInputVariable,"public static String replace(final String text, final String searchString, final String replacement) {","public static String replace(final String text, final String searchString, final String replacement) { text = null;",1015,
org/apache/commons/lang3/StringUtils.java,6317,NullifyInputVariable,"public static String repeat(final String str, final String separator, final int repeat) {","public static String repeat(final String str, final String separator, final int repeat) { separator = null;",1016,
org/apache/commons/lang3/StringUtils.java,6317,NullifyInputVariable,"public static String repeat(final String str, final String separator, final int repeat) {","public static String repeat(final String str, final String separator, final int repeat) { str = null;",1017,
org/apache/commons/lang3/StringUtils.java,6259,NullifyInputVariable,"public static String repeat(final String str, final int repeat) {","public static String repeat(final String str, final int repeat) { str = null;",1018,
org/apache/commons/lang3/StringUtils.java,6205,NullifyInputVariable,"public static String removeStartIgnoreCase(final String str, final String remove) {","public static String removeStartIgnoreCase(final String str, final String remove) { remove = null;",1019,
org/apache/commons/lang3/StringUtils.java,6205,NullifyInputVariable,"public static String removeStartIgnoreCase(final String str, final String remove) {","public static String removeStartIgnoreCase(final String str, final String remove) { str = null;",1020,
org/apache/commons/lang3/StringUtils.java,6170,NullifyInputVariable,"public static String removeStart(final String str, final String remove) {","public static String removeStart(final String str, final String remove) { remove = null;",1021,
org/apache/commons/lang3/StringUtils.java,6170,NullifyInputVariable,"public static String removeStart(final String str, final String remove) {","public static String removeStart(final String str, final String remove) { str = null;",1022,
org/apache/commons/lang3/StringUtils.java,6139,NullifyInputVariable,"public static String removeStart(final String str, final char remove) {","public static String removeStart(final String str, final char remove) { str = null;",1023,
org/apache/commons/lang3/StringUtils.java,6112,NullifyInputVariable,"public static String removePattern(final String source, final String regex) {","public static String removePattern(final String source, final String regex) { regex = null;",1024,
org/apache/commons/lang3/StringUtils.java,6112,NullifyInputVariable,"public static String removePattern(final String source, final String regex) {","public static String removePattern(final String source, final String regex) { source = null;",1025,
org/apache/commons/lang3/StringUtils.java,6076,NullifyInputVariable,"public static String removeIgnoreCase(final String str, final String remove) {","public static String removeIgnoreCase(final String str, final String remove) { remove = null;",1026,
org/apache/commons/lang3/StringUtils.java,6076,NullifyInputVariable,"public static String removeIgnoreCase(final String str, final String remove) {","public static String removeIgnoreCase(final String str, final String remove) { str = null;",1027,
org/apache/commons/lang3/StringUtils.java,6041,NullifyInputVariable,"public static String removeFirst(final String text, final String regex) {","public static String removeFirst(final String text, final String regex) { regex = null;",1028,
org/apache/commons/lang3/StringUtils.java,6041,NullifyInputVariable,"public static String removeFirst(final String text, final String regex) {","public static String removeFirst(final String text, final String regex) { text = null;",1029,
org/apache/commons/lang3/StringUtils.java,5986,NullifyInputVariable,"public static String removeEndIgnoreCase(final String str, final String remove) {","public static String removeEndIgnoreCase(final String str, final String remove) { remove = null;",1030,
org/apache/commons/lang3/StringUtils.java,5986,NullifyInputVariable,"public static String removeEndIgnoreCase(final String str, final String remove) {","public static String removeEndIgnoreCase(final String str, final String remove) { str = null;",1031,
org/apache/commons/lang3/StringUtils.java,5950,NullifyInputVariable,"public static String removeEnd(final String str, final String remove) {","public static String removeEnd(final String str, final String remove) { remove = null;",1032,
org/apache/commons/lang3/StringUtils.java,5950,NullifyInputVariable,"public static String removeEnd(final String str, final String remove) {","public static String removeEnd(final String str, final String remove) { str = null;",1033,
org/apache/commons/lang3/StringUtils.java,5922,NullifyInputVariable,"public static String removeAll(final String text, final String regex) {","public static String removeAll(final String text, final String regex) { regex = null;",1034,
org/apache/commons/lang3/StringUtils.java,5922,NullifyInputVariable,"public static String removeAll(final String text, final String regex) {","public static String removeAll(final String text, final String regex) { text = null;",1035,
org/apache/commons/lang3/StringUtils.java,5869,NullifyInputVariable,"public static String remove(final String str, final String remove) {","public static String remove(final String str, final String remove) { remove = null;",1036,
org/apache/commons/lang3/StringUtils.java,5869,NullifyInputVariable,"public static String remove(final String str, final String remove) {","public static String remove(final String str, final String remove) { str = null;",1037,
org/apache/commons/lang3/StringUtils.java,5832,NullifyInputVariable,"public static String remove(final String str, final char remove) {","public static String remove(final String str, final char remove) { str = null;",1038,
org/apache/commons/lang3/StringUtils.java,5809,NullifyInputVariable,"public static String prependIfMissingIgnoreCase(final String str, final CharSequence prefix, final CharSequence... prefixes) {","public static String prependIfMissingIgnoreCase(final String str, final CharSequence prefix, final CharSequence... prefixes) { prefixes = null;",1039,
org/apache/commons/lang3/StringUtils.java,5809,NullifyInputVariable,"public static String prependIfMissingIgnoreCase(final String str, final CharSequence prefix, final CharSequence... prefixes) {","public static String prependIfMissingIgnoreCase(final String str, final CharSequence prefix, final CharSequence... prefixes) { prefix = null;",1040,
org/apache/commons/lang3/StringUtils.java,5809,NullifyInputVariable,"public static String prependIfMissingIgnoreCase(final String str, final CharSequence prefix, final CharSequence... prefixes) {","public static String prependIfMissingIgnoreCase(final String str, final CharSequence prefix, final CharSequence... prefixes) { str = null;",1041,
org/apache/commons/lang3/StringUtils.java,5771,NullifyInputVariable,"public static String prependIfMissing(final String str, final CharSequence prefix, final CharSequence... prefixes) {","public static String prependIfMissing(final String str, final CharSequence prefix, final CharSequence... prefixes) { prefixes = null;",1042,
org/apache/commons/lang3/StringUtils.java,5771,NullifyInputVariable,"public static String prependIfMissing(final String str, final CharSequence prefix, final CharSequence... prefixes) {","public static String prependIfMissing(final String str, final CharSequence prefix, final CharSequence... prefixes) { prefix = null;",1043,
org/apache/commons/lang3/StringUtils.java,5771,NullifyInputVariable,"public static String prependIfMissing(final String str, final CharSequence prefix, final CharSequence... prefixes) {","public static String prependIfMissing(final String str, final CharSequence prefix, final CharSequence... prefixes) { str = null;",1044,
org/apache/commons/lang3/StringUtils.java,5723,NullifyInputVariable,"private static String prependIfMissing(final String str, final CharSequence prefix, final boolean ignoreCase, final CharSequence... prefixes) {","private static String prependIfMissing(final String str, final CharSequence prefix, final boolean ignoreCase, final CharSequence... prefixes) { prefixes = null;",1045,
org/apache/commons/lang3/StringUtils.java,5723,NullifyInputVariable,"private static String prependIfMissing(final String str, final CharSequence prefix, final boolean ignoreCase, final CharSequence... prefixes) {","private static String prependIfMissing(final String str, final CharSequence prefix, final boolean ignoreCase, final CharSequence... prefixes) { prefix = null;",1046,
org/apache/commons/lang3/StringUtils.java,5723,NullifyInputVariable,"private static String prependIfMissing(final String str, final CharSequence prefix, final boolean ignoreCase, final CharSequence... prefixes) {","private static String prependIfMissing(final String str, final CharSequence prefix, final boolean ignoreCase, final CharSequence... prefixes) { str = null;",1047,
org/apache/commons/lang3/StringUtils.java,5682,NullifyInputVariable,"public static String overlay(final String str, String overlay, int start, int end) {","public static String overlay(final String str, String overlay, int start, int end) { str = null;",1049,
org/apache/commons/lang3/StringUtils.java,5628,NullifyInputVariable,"private static int ordinalIndexOf(final CharSequence str, final CharSequence searchStr, final int ordinal, final boolean lastIndex) {","private static int ordinalIndexOf(final CharSequence str, final CharSequence searchStr, final int ordinal, final boolean lastIndex) { searchStr = null;",1050,
org/apache/commons/lang3/StringUtils.java,5628,NullifyInputVariable,"private static int ordinalIndexOf(final CharSequence str, final CharSequence searchStr, final int ordinal, final boolean lastIndex) {","private static int ordinalIndexOf(final CharSequence str, final CharSequence searchStr, final int ordinal, final boolean lastIndex) { str = null;",1051,
org/apache/commons/lang3/StringUtils.java,5609,NullifyInputVariable,"public static int ordinalIndexOf(final CharSequence str, final CharSequence searchStr, final int ordinal) {","public static int ordinalIndexOf(final CharSequence str, final CharSequence searchStr, final int ordinal) { searchStr = null;",1052,
org/apache/commons/lang3/StringUtils.java,5609,NullifyInputVariable,"public static int ordinalIndexOf(final CharSequence str, final CharSequence searchStr, final int ordinal) {","public static int ordinalIndexOf(final CharSequence str, final CharSequence searchStr, final int ordinal) { str = null;",1053,
org/apache/commons/lang3/StringUtils.java,5528,NullifyInputVariable,public static String normalizeSpace(final String str) {,public static String normalizeSpace(final String str) { str = null;,1054,
org/apache/commons/lang3/StringUtils.java,5472,NullifyInputVariable,"public static String mid(final String str, int pos, final int len) {","public static String mid(final String str, int pos, final int len) { str = null;",1055,
org/apache/commons/lang3/StringUtils.java,5392,NullifyInputVariable,"private static int[] matches(final CharSequence first, final CharSequence second) {","private static int[] matches(final CharSequence first, final CharSequence second) { second = null;",1056,
org/apache/commons/lang3/StringUtils.java,5392,NullifyInputVariable,"private static int[] matches(final CharSequence first, final CharSequence second) {","private static int[] matches(final CharSequence first, final CharSequence second) { first = null;",1057,
org/apache/commons/lang3/StringUtils.java,5385,NullifyInputVariable,"public static String lowerCase(final String str, final Locale locale) {","public static String lowerCase(final String str, final Locale locale) { locale = null;",1058,
org/apache/commons/lang3/StringUtils.java,5385,NullifyInputVariable,"public static String lowerCase(final String str, final Locale locale) {","public static String lowerCase(final String str, final Locale locale) { str = null;",1059,
org/apache/commons/lang3/StringUtils.java,5362,NullifyInputVariable,public static String lowerCase(final String str) {,public static String lowerCase(final String str) { str = null;,1060,
org/apache/commons/lang3/StringUtils.java,5339,NullifyInputVariable,public static int length(final CharSequence cs) {,public static int length(final CharSequence cs) { cs = null;,1061,
org/apache/commons/lang3/StringUtils.java,5297,NullifyInputVariable,"public static String leftPad(final String str, final int size, String padStr) {","public static String leftPad(final String str, final int size, String padStr) { str = null;",1063,
org/apache/commons/lang3/StringUtils.java,5260,NullifyInputVariable,"public static String leftPad(final String str, final int size, final char padChar) {","public static String leftPad(final String str, final int size, final char padChar) { str = null;",1064,
org/apache/commons/lang3/StringUtils.java,5235,NullifyInputVariable,"public static String leftPad(final String str, final int size) {","public static String leftPad(final String str, final int size) { str = null;",1065,
org/apache/commons/lang3/StringUtils.java,5203,NullifyInputVariable,"public static String left(final String str, final int len) {","public static String left(final String str, final int len) { str = null;",1066,
org/apache/commons/lang3/StringUtils.java,5179,NullifyInputVariable,"public static int lastOrdinalIndexOf(final CharSequence str, final CharSequence searchStr, final int ordinal) {","public static int lastOrdinalIndexOf(final CharSequence str, final CharSequence searchStr, final int ordinal) { searchStr = null;",1067,
org/apache/commons/lang3/StringUtils.java,5179,NullifyInputVariable,"public static int lastOrdinalIndexOf(final CharSequence str, final CharSequence searchStr, final int ordinal) {","public static int lastOrdinalIndexOf(final CharSequence str, final CharSequence searchStr, final int ordinal) { str = null;",1068,
org/apache/commons/lang3/StringUtils.java,5121,NullifyInputVariable,"public static int lastIndexOfIgnoreCase(final CharSequence str, final CharSequence searchStr, int startPos) {","public static int lastIndexOfIgnoreCase(final CharSequence str, final CharSequence searchStr, int startPos) { searchStr = null;",1069,
org/apache/commons/lang3/StringUtils.java,5121,NullifyInputVariable,"public static int lastIndexOfIgnoreCase(final CharSequence str, final CharSequence searchStr, int startPos) {","public static int lastIndexOfIgnoreCase(final CharSequence str, final CharSequence searchStr, int startPos) { str = null;",1070,
org/apache/commons/lang3/StringUtils.java,5082,NullifyInputVariable,"public static int lastIndexOfIgnoreCase(final CharSequence str, final CharSequence searchStr) {","public static int lastIndexOfIgnoreCase(final CharSequence str, final CharSequence searchStr) { searchStr = null;",1071,
org/apache/commons/lang3/StringUtils.java,5082,NullifyInputVariable,"public static int lastIndexOfIgnoreCase(final CharSequence str, final CharSequence searchStr) {","public static int lastIndexOfIgnoreCase(final CharSequence str, final CharSequence searchStr) { str = null;",1072,
org/apache/commons/lang3/StringUtils.java,5041,NullifyInputVariable,"public static int lastIndexOfAny(final CharSequence str, final CharSequence... searchStrs) {","public static int lastIndexOfAny(final CharSequence str, final CharSequence... searchStrs) { searchStrs = null;",1073,
org/apache/commons/lang3/StringUtils.java,5041,NullifyInputVariable,"public static int lastIndexOfAny(final CharSequence str, final CharSequence... searchStrs) {","public static int lastIndexOfAny(final CharSequence str, final CharSequence... searchStrs) { str = null;",1074,
org/apache/commons/lang3/StringUtils.java,5008,NullifyInputVariable,"public static int lastIndexOf(final CharSequence seq, final int searchChar, final int startPos) {","public static int lastIndexOf(final CharSequence seq, final int searchChar, final int startPos) { seq = null;",1075,
org/apache/commons/lang3/StringUtils.java,4957,NullifyInputVariable,"public static int lastIndexOf(final CharSequence seq, final int searchChar) {","public static int lastIndexOf(final CharSequence seq, final int searchChar) { seq = null;",1076,
org/apache/commons/lang3/StringUtils.java,4919,NullifyInputVariable,"public static int lastIndexOf(final CharSequence seq, final CharSequence searchSeq, final int startPos) {","public static int lastIndexOf(final CharSequence seq, final CharSequence searchSeq, final int startPos) { searchSeq = null;",1077,
org/apache/commons/lang3/StringUtils.java,4919,NullifyInputVariable,"public static int lastIndexOf(final CharSequence seq, final CharSequence searchSeq, final int startPos) {","public static int lastIndexOf(final CharSequence seq, final CharSequence searchSeq, final int startPos) { seq = null;",1078,
org/apache/commons/lang3/StringUtils.java,4877,NullifyInputVariable,"public static int lastIndexOf(final CharSequence seq, final CharSequence searchSeq) {","public static int lastIndexOf(final CharSequence seq, final CharSequence searchSeq) { searchSeq = null;",1079,
org/apache/commons/lang3/StringUtils.java,4877,NullifyInputVariable,"public static int lastIndexOf(final CharSequence seq, final CharSequence searchSeq) {","public static int lastIndexOf(final CharSequence seq, final CharSequence searchSeq) { seq = null;",1080,
org/apache/commons/lang3/StringUtils.java,4847,NullifyInputVariable,"public static String joinWith(final String delimiter, final Object... array) {","public static String joinWith(final String delimiter, final Object... array) { array = null;",1081,
org/apache/commons/lang3/StringUtils.java,4847,NullifyInputVariable,"public static String joinWith(final String delimiter, final Object... array) {","public static String joinWith(final String delimiter, final Object... array) { delimiter = null;",1082,
org/apache/commons/lang3/StringUtils.java,4823,NullifyInputVariable,public static <T> String join(final T... elements) {,public static <T> String join(final T... elements) { elements = null;,1083,
org/apache/commons/lang3/StringUtils.java,4720,NullifyInputVariable,"public static String join(final Object[] array, final String delimiter, final int startIndex, final int endIndex) {","public static String join(final Object[] array, final String delimiter, final int startIndex, final int endIndex) { delimiter = null;",1084,
org/apache/commons/lang3/StringUtils.java,4720,NullifyInputVariable,"public static String join(final Object[] array, final String delimiter, final int startIndex, final int endIndex) {","public static String join(final Object[] array, final String delimiter, final int startIndex, final int endIndex) { array = null;",1085,
org/apache/commons/lang3/StringUtils.java,4681,NullifyInputVariable,"public static String join(final Object[] array, final String delimiter) {","public static String join(final Object[] array, final String delimiter) { delimiter = null;",1086,
org/apache/commons/lang3/StringUtils.java,4681,NullifyInputVariable,"public static String join(final Object[] array, final String delimiter) {","public static String join(final Object[] array, final String delimiter) { array = null;",1087,
org/apache/commons/lang3/StringUtils.java,4654,NullifyInputVariable,"public static String join(final Object[] array, final char delimiter, final int startIndex, final int endIndex) {","public static String join(final Object[] array, final char delimiter, final int startIndex, final int endIndex) { array = null;",1088,
org/apache/commons/lang3/StringUtils.java,4621,NullifyInputVariable,"public static String join(final Object[] array, final char delimiter) {","public static String join(final Object[] array, final char delimiter) { array = null;",1089,
org/apache/commons/lang3/StringUtils.java,4512,NullifyInputVariable,"public static String join(final List<?> list, final String separator, final int startIndex, final int endIndex) {","public static String join(final List<?> list, final String separator, final int startIndex, final int endIndex) { separator = null;",1090,
org/apache/commons/lang3/StringUtils.java,4512,NullifyInputVariable,"public static String join(final List<?> list, final String separator, final int startIndex, final int endIndex) {","public static String join(final List<?> list, final String separator, final int startIndex, final int endIndex) { list = null;",1091,
org/apache/commons/lang3/StringUtils.java,4474,NullifyInputVariable,"public static String join(final List<?> list, final char separator, final int startIndex, final int endIndex) {","public static String join(final List<?> list, final char separator, final int startIndex, final int endIndex) { list = null;",1092,
org/apache/commons/lang3/StringUtils.java,4437,NullifyInputVariable,"public static String join(final Iterator<?> iterator, final String separator) {","public static String join(final Iterator<?> iterator, final String separator) { separator = null;",1093,
org/apache/commons/lang3/StringUtils.java,4437,NullifyInputVariable,"public static String join(final Iterator<?> iterator, final String separator) {","public static String join(final Iterator<?> iterator, final String separator) { iterator = null;",1094,
org/apache/commons/lang3/StringUtils.java,4413,NullifyInputVariable,"public static String join(final Iterator<?> iterator, final char separator) {","public static String join(final Iterator<?> iterator, final char separator) { iterator = null;",1095,
org/apache/commons/lang3/StringUtils.java,4395,NullifyInputVariable,"public static String join(final Iterable<?> iterable, final String separator) {","public static String join(final Iterable<?> iterable, final String separator) { separator = null;",1096,
org/apache/commons/lang3/StringUtils.java,4395,NullifyInputVariable,"public static String join(final Iterable<?> iterable, final String separator) {","public static String join(final Iterable<?> iterable, final String separator) { iterable = null;",1097,
org/apache/commons/lang3/StringUtils.java,4377,NullifyInputVariable,"public static String join(final Iterable<?> iterable, final char separator) {","public static String join(final Iterable<?> iterable, final char separator) { iterable = null;",1098,
org/apache/commons/lang3/StringUtils.java,3902,NullifyInputVariable,public static boolean isWhitespace(final CharSequence cs) {,public static boolean isWhitespace(final CharSequence cs) { cs = null;,1099,
org/apache/commons/lang3/StringUtils.java,3866,NullifyInputVariable,public static boolean isNumericSpace(final CharSequence cs) {,public static boolean isNumericSpace(final CharSequence cs) { cs = null;,1100,
org/apache/commons/lang3/StringUtils.java,3827,NullifyInputVariable,public static boolean isNumeric(final CharSequence cs) {,public static boolean isNumeric(final CharSequence cs) { cs = null;,1101,
org/apache/commons/lang3/StringUtils.java,3792,NullifyInputVariable,public static boolean isNotEmpty(final CharSequence cs) {,public static boolean isNotEmpty(final CharSequence cs) { cs = null;,1102,
org/apache/commons/lang3/StringUtils.java,3773,NullifyInputVariable,public static boolean isNotBlank(final CharSequence cs) {,public static boolean isNotBlank(final CharSequence cs) { cs = null;,1103,
org/apache/commons/lang3/StringUtils.java,3750,NullifyInputVariable,public static boolean isNoneEmpty(final CharSequence... css) {,public static boolean isNoneEmpty(final CharSequence... css) { css = null;,1104,
org/apache/commons/lang3/StringUtils.java,3726,NullifyInputVariable,public static boolean isNoneBlank(final CharSequence... css) {,public static boolean isNoneBlank(final CharSequence... css) { css = null;,1105,
org/apache/commons/lang3/StringUtils.java,3682,NullifyInputVariable,public static boolean isMixedCase(final CharSequence cs) {,public static boolean isMixedCase(final CharSequence cs) { cs = null;,1106,
org/apache/commons/lang3/StringUtils.java,3655,NullifyInputVariable,public static boolean isEmpty(final CharSequence cs) {,public static boolean isEmpty(final CharSequence cs) { cs = null;,1107,
org/apache/commons/lang3/StringUtils.java,3623,NullifyInputVariable,public static boolean isBlank(final CharSequence cs) {,public static boolean isBlank(final CharSequence cs) { cs = null;,1108,
org/apache/commons/lang3/StringUtils.java,3592,NullifyInputVariable,public static boolean isAsciiPrintable(final CharSequence cs) {,public static boolean isAsciiPrintable(final CharSequence cs) { cs = null;,1109,
org/apache/commons/lang3/StringUtils.java,3554,NullifyInputVariable,public static boolean isAnyEmpty(final CharSequence... css) {,public static boolean isAnyEmpty(final CharSequence... css) { css = null;,1110,
org/apache/commons/lang3/StringUtils.java,3522,NullifyInputVariable,public static boolean isAnyBlank(final CharSequence... css) {,public static boolean isAnyBlank(final CharSequence... css) { css = null;,1111,
org/apache/commons/lang3/StringUtils.java,3485,NullifyInputVariable,public static boolean isAlphaSpace(final CharSequence cs) {,public static boolean isAlphaSpace(final CharSequence cs) { cs = null;,1112,
org/apache/commons/lang3/StringUtils.java,3449,NullifyInputVariable,public static boolean isAlphanumericSpace(final CharSequence cs) {,public static boolean isAlphanumericSpace(final CharSequence cs) { cs = null;,1113,
org/apache/commons/lang3/StringUtils.java,3414,NullifyInputVariable,public static boolean isAlphanumeric(final CharSequence cs) {,public static boolean isAlphanumeric(final CharSequence cs) { cs = null;,1114,
org/apache/commons/lang3/StringUtils.java,3379,NullifyInputVariable,public static boolean isAlpha(final CharSequence cs) {,public static boolean isAlpha(final CharSequence cs) { cs = null;,1115,
org/apache/commons/lang3/StringUtils.java,3346,NullifyInputVariable,public static boolean isAllUpperCase(final CharSequence cs) {,public static boolean isAllUpperCase(final CharSequence cs) { cs = null;,1116,
org/apache/commons/lang3/StringUtils.java,3311,NullifyInputVariable,public static boolean isAllLowerCase(final CharSequence cs) {,public static boolean isAllLowerCase(final CharSequence cs) { cs = null;,1117,
org/apache/commons/lang3/StringUtils.java,3277,NullifyInputVariable,public static boolean isAllEmpty(final CharSequence... css) {,public static boolean isAllEmpty(final CharSequence... css) { css = null;,1118,
org/apache/commons/lang3/StringUtils.java,3246,NullifyInputVariable,public static boolean isAllBlank(final CharSequence... css) {,public static boolean isAllBlank(final CharSequence... css) { css = null;,1119,
org/apache/commons/lang3/StringUtils.java,3203,NullifyInputVariable,"public static int indexOfIgnoreCase(final CharSequence str, final CharSequence searchStr, int startPos) {","public static int indexOfIgnoreCase(final CharSequence str, final CharSequence searchStr, int startPos) { searchStr = null;",1120,
org/apache/commons/lang3/StringUtils.java,3203,NullifyInputVariable,"public static int indexOfIgnoreCase(final CharSequence str, final CharSequence searchStr, int startPos) {","public static int indexOfIgnoreCase(final CharSequence str, final CharSequence searchStr, int startPos) { str = null;",1121,
org/apache/commons/lang3/StringUtils.java,3167,NullifyInputVariable,"public static int indexOfIgnoreCase(final CharSequence str, final CharSequence searchStr) {","public static int indexOfIgnoreCase(final CharSequence str, final CharSequence searchStr) { searchStr = null;",1122,
org/apache/commons/lang3/StringUtils.java,3167,NullifyInputVariable,"public static int indexOfIgnoreCase(final CharSequence str, final CharSequence searchStr) {","public static int indexOfIgnoreCase(final CharSequence str, final CharSequence searchStr) { str = null;",1123,
org/apache/commons/lang3/StringUtils.java,3122,NullifyInputVariable,"public static int indexOfDifference(final CharSequence cs1, final CharSequence cs2) {","public static int indexOfDifference(final CharSequence cs1, final CharSequence cs2) { cs2 = null;",1124,
org/apache/commons/lang3/StringUtils.java,3122,NullifyInputVariable,"public static int indexOfDifference(final CharSequence cs1, final CharSequence cs2) {","public static int indexOfDifference(final CharSequence cs1, final CharSequence cs2) { cs1 = null;",1125,
org/apache/commons/lang3/StringUtils.java,3039,NullifyInputVariable,public static int indexOfDifference(final CharSequence... css) {,public static int indexOfDifference(final CharSequence... css) { css = null;,1126,
org/apache/commons/lang3/StringUtils.java,2987,NullifyInputVariable,"public static int indexOfAnyBut(final CharSequence seq, final CharSequence searchChars) {","public static int indexOfAnyBut(final CharSequence seq, final CharSequence searchChars) { searchChars = null;",1127,
org/apache/commons/lang3/StringUtils.java,2987,NullifyInputVariable,"public static int indexOfAnyBut(final CharSequence seq, final CharSequence searchChars) {","public static int indexOfAnyBut(final CharSequence seq, final CharSequence searchChars) { seq = null;",1128,
org/apache/commons/lang3/StringUtils.java,2938,NullifyInputVariable,"public static int indexOfAnyBut(final CharSequence cs, final char... searchChars) {","public static int indexOfAnyBut(final CharSequence cs, final char... searchChars) { cs = null;",1129,
org/apache/commons/lang3/StringUtils.java,2907,NullifyInputVariable,"public static int indexOfAny(final CharSequence cs, final String searchChars) {","public static int indexOfAny(final CharSequence cs, final String searchChars) { searchChars = null;",1130,
org/apache/commons/lang3/StringUtils.java,2907,NullifyInputVariable,"public static int indexOfAny(final CharSequence cs, final String searchChars) {","public static int indexOfAny(final CharSequence cs, final String searchChars) { cs = null;",1131,
org/apache/commons/lang3/StringUtils.java,2858,NullifyInputVariable,"public static int indexOfAny(final CharSequence str, final CharSequence... searchStrs) {","public static int indexOfAny(final CharSequence str, final CharSequence... searchStrs) { searchStrs = null;",1132,
org/apache/commons/lang3/StringUtils.java,2858,NullifyInputVariable,"public static int indexOfAny(final CharSequence str, final CharSequence... searchStrs) {","public static int indexOfAny(final CharSequence str, final CharSequence... searchStrs) { str = null;",1133,
org/apache/commons/lang3/StringUtils.java,2806,NullifyInputVariable,"public static int indexOfAny(final CharSequence cs, final char... searchChars) {","public static int indexOfAny(final CharSequence cs, final char... searchChars) { cs = null;",1134,
org/apache/commons/lang3/StringUtils.java,2776,NullifyInputVariable,"public static int indexOf(final CharSequence seq, final int searchChar, final int startPos) {","public static int indexOf(final CharSequence seq, final int searchChar, final int startPos) { seq = null;",1135,
org/apache/commons/lang3/StringUtils.java,2717,NullifyInputVariable,"public static int indexOf(final CharSequence seq, final int searchChar) {","public static int indexOf(final CharSequence seq, final int searchChar) { seq = null;",1136,
org/apache/commons/lang3/StringUtils.java,2673,NullifyInputVariable,"public static int indexOf(final CharSequence seq, final CharSequence searchSeq, final int startPos) {","public static int indexOf(final CharSequence seq, final CharSequence searchSeq, final int startPos) { searchSeq = null;",1137,
org/apache/commons/lang3/StringUtils.java,2673,NullifyInputVariable,"public static int indexOf(final CharSequence seq, final CharSequence searchSeq, final int startPos) {","public static int indexOf(final CharSequence seq, final CharSequence searchSeq, final int startPos) { seq = null;",1138,
org/apache/commons/lang3/StringUtils.java,2633,NullifyInputVariable,"public static int indexOf(final CharSequence seq, final CharSequence searchSeq) {","public static int indexOf(final CharSequence seq, final CharSequence searchSeq) { searchSeq = null;",1139,
org/apache/commons/lang3/StringUtils.java,2633,NullifyInputVariable,"public static int indexOf(final CharSequence seq, final CharSequence searchSeq) {","public static int indexOf(final CharSequence seq, final CharSequence searchSeq) { seq = null;",1140,
org/apache/commons/lang3/StringUtils.java,2331,NullifyInputVariable,"public static double getJaroWinklerDistance(final CharSequence first, final CharSequence second) {","public static double getJaroWinklerDistance(final CharSequence first, final CharSequence second) { second = null;",1145,
org/apache/commons/lang3/StringUtils.java,2331,NullifyInputVariable,"public static double getJaroWinklerDistance(final CharSequence first, final CharSequence second) {","public static double getJaroWinklerDistance(final CharSequence first, final CharSequence second) { first = null;",1146,
org/apache/commons/lang3/StringUtils.java,2291,NullifyInputVariable,"public static <T extends CharSequence> T getIfEmpty(final T str, final Supplier<T> defaultSupplier) {","public static <T extends CharSequence> T getIfEmpty(final T str, final Supplier<T> defaultSupplier) { defaultSupplier = null;",1147,
org/apache/commons/lang3/StringUtils.java,2291,NullifyInputVariable,"public static <T extends CharSequence> T getIfEmpty(final T str, final Supplier<T> defaultSupplier) {","public static <T extends CharSequence> T getIfEmpty(final T str, final Supplier<T> defaultSupplier) { str = null;",1148,
org/apache/commons/lang3/StringUtils.java,2263,NullifyInputVariable,"public static <T extends CharSequence> T getIfBlank(final T str, final Supplier<T> defaultSupplier) {","public static <T extends CharSequence> T getIfBlank(final T str, final Supplier<T> defaultSupplier) { defaultSupplier = null;",1149,
org/apache/commons/lang3/StringUtils.java,2263,NullifyInputVariable,"public static <T extends CharSequence> T getIfBlank(final T str, final Supplier<T> defaultSupplier) {","public static <T extends CharSequence> T getIfBlank(final T str, final Supplier<T> defaultSupplier) { str = null;",1150,
org/apache/commons/lang3/StringUtils.java,2184,NullifyInputVariable,"public static int getFuzzyDistance(final CharSequence term, final CharSequence query, final Locale locale) {","public static int getFuzzyDistance(final CharSequence term, final CharSequence query, final Locale locale) { locale = null;",1151,
org/apache/commons/lang3/StringUtils.java,2184,NullifyInputVariable,"public static int getFuzzyDistance(final CharSequence term, final CharSequence query, final Locale locale) {","public static int getFuzzyDistance(final CharSequence term, final CharSequence query, final Locale locale) { query = null;",1152,
org/apache/commons/lang3/StringUtils.java,2184,NullifyInputVariable,"public static int getFuzzyDistance(final CharSequence term, final CharSequence query, final Locale locale) {","public static int getFuzzyDistance(final CharSequence term, final CharSequence query, final Locale locale) { term = null;",1153,
org/apache/commons/lang3/StringUtils.java,2139,NullifyInputVariable,public static String getDigits(final String str) {,public static String getDigits(final String str) { str = null;,1154,
org/apache/commons/lang3/StringUtils.java,2097,NullifyInputVariable,public static String getCommonPrefix(final String... strs) {,public static String getCommonPrefix(final String... strs) { strs = null;,1155,
org/apache/commons/lang3/StringUtils.java,2060,NullifyInputVariable,"public static byte[] getBytes(final String string, final String charset) throws UnsupportedEncodingException {","public static byte[] getBytes(final String string, final String charset) throws UnsupportedEncodingException { charset = null;",1156,
org/apache/commons/lang3/StringUtils.java,2060,NullifyInputVariable,"public static byte[] getBytes(final String string, final String charset) throws UnsupportedEncodingException {","public static byte[] getBytes(final String string, final String charset) throws UnsupportedEncodingException { string = null;",1157,
org/apache/commons/lang3/StringUtils.java,2046,NullifyInputVariable,"public static byte[] getBytes(final String string, final Charset charset) {","public static byte[] getBytes(final String string, final Charset charset) { charset = null;",1158,
org/apache/commons/lang3/StringUtils.java,2046,NullifyInputVariable,"public static byte[] getBytes(final String string, final Charset charset) {","public static byte[] getBytes(final String string, final Charset charset) { string = null;",1159,
org/apache/commons/lang3/StringUtils.java,2026,NullifyInputVariable,public static <T extends CharSequence> T firstNonEmpty(final T... values) {,public static <T extends CharSequence> T firstNonEmpty(final T... values) { values = null;,1160,
org/apache/commons/lang3/StringUtils.java,1991,NullifyInputVariable,public static <T extends CharSequence> T firstNonBlank(final T... values) {,public static <T extends CharSequence> T firstNonBlank(final T... values) { values = null;,1161,
org/apache/commons/lang3/StringUtils.java,1952,NullifyInputVariable,"public static boolean equalsIgnoreCase(final CharSequence cs1, final CharSequence cs2) {","public static boolean equalsIgnoreCase(final CharSequence cs1, final CharSequence cs2) { cs2 = null;",1162,
org/apache/commons/lang3/StringUtils.java,1952,NullifyInputVariable,"public static boolean equalsIgnoreCase(final CharSequence cs1, final CharSequence cs2) {","public static boolean equalsIgnoreCase(final CharSequence cs1, final CharSequence cs2) { cs1 = null;",1163,
org/apache/commons/lang3/StringUtils.java,1920,NullifyInputVariable,"public static boolean equalsAnyIgnoreCase(final CharSequence string, final CharSequence... searchStrings) {","public static boolean equalsAnyIgnoreCase(final CharSequence string, final CharSequence... searchStrings) { searchStrings = null;",1164,
org/apache/commons/lang3/StringUtils.java,1920,NullifyInputVariable,"public static boolean equalsAnyIgnoreCase(final CharSequence string, final CharSequence... searchStrings) {","public static boolean equalsAnyIgnoreCase(final CharSequence string, final CharSequence... searchStrings) { string = null;",1165,
org/apache/commons/lang3/StringUtils.java,1890,NullifyInputVariable,"public static boolean equalsAny(final CharSequence string, final CharSequence... searchStrings) {","public static boolean equalsAny(final CharSequence string, final CharSequence... searchStrings) { searchStrings = null;",1166,
org/apache/commons/lang3/StringUtils.java,1890,NullifyInputVariable,"public static boolean equalsAny(final CharSequence string, final CharSequence... searchStrings) {","public static boolean equalsAny(final CharSequence string, final CharSequence... searchStrings) { string = null;",1167,
org/apache/commons/lang3/StringUtils.java,1848,NullifyInputVariable,"public static boolean equals(final CharSequence cs1, final CharSequence cs2) {","public static boolean equals(final CharSequence cs1, final CharSequence cs2) { cs2 = null;",1168,
org/apache/commons/lang3/StringUtils.java,1848,NullifyInputVariable,"public static boolean equals(final CharSequence cs1, final CharSequence cs2) {","public static boolean equals(final CharSequence cs1, final CharSequence cs2) { cs1 = null;",1169,
org/apache/commons/lang3/StringUtils.java,1822,NullifyInputVariable,"public static boolean endsWithIgnoreCase(final CharSequence str, final CharSequence suffix) {","public static boolean endsWithIgnoreCase(final CharSequence str, final CharSequence suffix) { suffix = null;",1170,
org/apache/commons/lang3/StringUtils.java,1822,NullifyInputVariable,"public static boolean endsWithIgnoreCase(final CharSequence str, final CharSequence suffix) {","public static boolean endsWithIgnoreCase(final CharSequence str, final CharSequence suffix) { str = null;",1171,
org/apache/commons/lang3/StringUtils.java,1787,NullifyInputVariable,"public static boolean endsWithAny(final CharSequence sequence, final CharSequence... searchStrings) {","public static boolean endsWithAny(final CharSequence sequence, final CharSequence... searchStrings) { searchStrings = null;",1172,
org/apache/commons/lang3/StringUtils.java,1787,NullifyInputVariable,"public static boolean endsWithAny(final CharSequence sequence, final CharSequence... searchStrings) {","public static boolean endsWithAny(final CharSequence sequence, final CharSequence... searchStrings) { sequence = null;",1173,
org/apache/commons/lang3/StringUtils.java,1755,NullifyInputVariable,"private static boolean endsWith(final CharSequence str, final CharSequence suffix, final boolean ignoreCase) {","private static boolean endsWith(final CharSequence str, final CharSequence suffix, final boolean ignoreCase) { suffix = null;",1174,
org/apache/commons/lang3/StringUtils.java,1755,NullifyInputVariable,"private static boolean endsWith(final CharSequence str, final CharSequence suffix, final boolean ignoreCase) {","private static boolean endsWith(final CharSequence str, final CharSequence suffix, final boolean ignoreCase) { str = null;",1175,
org/apache/commons/lang3/StringUtils.java,1740,NullifyInputVariable,"public static boolean endsWith(final CharSequence str, final CharSequence suffix) {","public static boolean endsWith(final CharSequence str, final CharSequence suffix) { suffix = null;",1176,
org/apache/commons/lang3/StringUtils.java,1740,NullifyInputVariable,"public static boolean endsWith(final CharSequence str, final CharSequence suffix) {","public static boolean endsWith(final CharSequence str, final CharSequence suffix) { str = null;",1177,
org/apache/commons/lang3/StringUtils.java,1702,NullifyInputVariable,"public static String difference(final String str1, final String str2) {","public static String difference(final String str1, final String str2) { str2 = null;",1178,
org/apache/commons/lang3/StringUtils.java,1702,NullifyInputVariable,"public static String difference(final String str1, final String str2) {","public static String difference(final String str1, final String str2) { str1 = null;",1179,
org/apache/commons/lang3/StringUtils.java,1653,NullifyInputVariable,public static String deleteWhitespace(final String str) {,public static String deleteWhitespace(final String str) { str = null;,1180,
org/apache/commons/lang3/StringUtils.java,1635,NullifyInputVariable,"public static String defaultString(final String str, final String nullDefault) {","public static String defaultString(final String str, final String nullDefault) { nullDefault = null;",1181,
org/apache/commons/lang3/StringUtils.java,1635,NullifyInputVariable,"public static String defaultString(final String str, final String nullDefault) {","public static String defaultString(final String str, final String nullDefault) { str = null;",1182,
org/apache/commons/lang3/StringUtils.java,1604,NullifyInputVariable,public static String defaultString(final String str) {,public static String defaultString(final String str) { str = null;,1183,
org/apache/commons/lang3/StringUtils.java,1584,NullifyInputVariable,"public static <T extends CharSequence> T defaultIfEmpty(final T str, final T defaultStr) {","public static <T extends CharSequence> T defaultIfEmpty(final T str, final T defaultStr) { defaultStr = null;",1184,
org/apache/commons/lang3/StringUtils.java,1584,NullifyInputVariable,"public static <T extends CharSequence> T defaultIfEmpty(final T str, final T defaultStr) {","public static <T extends CharSequence> T defaultIfEmpty(final T str, final T defaultStr) { str = null;",1185,
org/apache/commons/lang3/StringUtils.java,1562,NullifyInputVariable,"public static <T extends CharSequence> T defaultIfBlank(final T str, final T defaultStr) {","public static <T extends CharSequence> T defaultIfBlank(final T str, final T defaultStr) { defaultStr = null;",1186,
org/apache/commons/lang3/StringUtils.java,1562,NullifyInputVariable,"public static <T extends CharSequence> T defaultIfBlank(final T str, final T defaultStr) {","public static <T extends CharSequence> T defaultIfBlank(final T str, final T defaultStr) { str = null;",1187,
org/apache/commons/lang3/StringUtils.java,1529,NullifyInputVariable,"public static int countMatches(final CharSequence str, final CharSequence sub) {","public static int countMatches(final CharSequence str, final CharSequence sub) { sub = null;",1188,
org/apache/commons/lang3/StringUtils.java,1529,NullifyInputVariable,"public static int countMatches(final CharSequence str, final CharSequence sub) {","public static int countMatches(final CharSequence str, final CharSequence sub) { str = null;",1189,
org/apache/commons/lang3/StringUtils.java,1493,NullifyInputVariable,"public static int countMatches(final CharSequence str, final char ch) {","public static int countMatches(final CharSequence str, final char ch) { str = null;",1190,
org/apache/commons/lang3/StringUtils.java,1407,NullifyInputVariable,private static void convertRemainingAccentCharacters(final StringBuilder decomposed) {,private static void convertRemainingAccentCharacters(final StringBuilder decomposed) { decomposed = null;,1191,
org/apache/commons/lang3/StringUtils.java,1394,NullifyInputVariable,public static boolean containsWhitespace(final CharSequence seq) {,public static boolean containsWhitespace(final CharSequence seq) { seq = null;,1192,
org/apache/commons/lang3/StringUtils.java,1376,NullifyInputVariable,"public static boolean containsOnly(final CharSequence cs, final String validChars) {","public static boolean containsOnly(final CharSequence cs, final String validChars) { validChars = null;",1193,
org/apache/commons/lang3/StringUtils.java,1376,NullifyInputVariable,"public static boolean containsOnly(final CharSequence cs, final String validChars) {","public static boolean containsOnly(final CharSequence cs, final String validChars) { cs = null;",1194,
org/apache/commons/lang3/StringUtils.java,1339,NullifyInputVariable,"public static boolean containsOnly(final CharSequence cs, final char... valid) {","public static boolean containsOnly(final CharSequence cs, final char... valid) { cs = null;",1195,
org/apache/commons/lang3/StringUtils.java,1310,NullifyInputVariable,"public static boolean containsNone(final CharSequence cs, final String invalidChars) {","public static boolean containsNone(final CharSequence cs, final String invalidChars) { invalidChars = null;",1196,
org/apache/commons/lang3/StringUtils.java,1310,NullifyInputVariable,"public static boolean containsNone(final CharSequence cs, final String invalidChars) {","public static boolean containsNone(final CharSequence cs, final String invalidChars) { cs = null;",1197,
org/apache/commons/lang3/StringUtils.java,1258,NullifyInputVariable,"public static boolean containsNone(final CharSequence cs, final char... searchChars) {","public static boolean containsNone(final CharSequence cs, final char... searchChars) { cs = null;",1198,
org/apache/commons/lang3/StringUtils.java,1221,NullifyInputVariable,"public static boolean containsIgnoreCase(final CharSequence str, final CharSequence searchStr) {","public static boolean containsIgnoreCase(final CharSequence str, final CharSequence searchStr) { searchStr = null;",1199,
org/apache/commons/lang3/StringUtils.java,1221,NullifyInputVariable,"public static boolean containsIgnoreCase(final CharSequence str, final CharSequence searchStr) {","public static boolean containsIgnoreCase(final CharSequence str, final CharSequence searchStr) { str = null;",1200,
org/apache/commons/lang3/StringUtils.java,1193,NullifyInputVariable,"public static boolean containsAnyIgnoreCase(final CharSequence cs, final CharSequence... searchCharSequences) {","public static boolean containsAnyIgnoreCase(final CharSequence cs, final CharSequence... searchCharSequences) { searchCharSequences = null;",1201,
org/apache/commons/lang3/StringUtils.java,1193,NullifyInputVariable,"public static boolean containsAnyIgnoreCase(final CharSequence cs, final CharSequence... searchCharSequences) {","public static boolean containsAnyIgnoreCase(final CharSequence cs, final CharSequence... searchCharSequences) { cs = null;",1202,
org/apache/commons/lang3/StringUtils.java,1155,NullifyInputVariable,"final CharSequence cs, final CharSequence... searchCharSequences) {","final CharSequence cs, final CharSequence... searchCharSequences) { searchCharSequences = null;",1203,
org/apache/commons/lang3/StringUtils.java,1155,NullifyInputVariable,"final CharSequence cs, final CharSequence... searchCharSequences) {","final CharSequence cs, final CharSequence... searchCharSequences) { cs = null;",1204,
org/apache/commons/lang3/StringUtils.java,1155,NullifyInputVariable,"final CharSequence cs, final CharSequence... searchCharSequences) {","final CharSequence cs, final CharSequence... searchCharSequences) { test = null;",1205,
org/apache/commons/lang3/StringUtils.java,1136,NullifyInputVariable,"public static boolean containsAny(final CharSequence cs, final CharSequence... searchCharSequences) {","public static boolean containsAny(final CharSequence cs, final CharSequence... searchCharSequences) { searchCharSequences = null;",1206,
org/apache/commons/lang3/StringUtils.java,1136,NullifyInputVariable,"public static boolean containsAny(final CharSequence cs, final CharSequence... searchCharSequences) {","public static boolean containsAny(final CharSequence cs, final CharSequence... searchCharSequences) { cs = null;",1207,
org/apache/commons/lang3/StringUtils.java,1105,NullifyInputVariable,"public static boolean containsAny(final CharSequence cs, final CharSequence searchChars) {","public static boolean containsAny(final CharSequence cs, final CharSequence searchChars) { searchChars = null;",1208,
org/apache/commons/lang3/StringUtils.java,1105,NullifyInputVariable,"public static boolean containsAny(final CharSequence cs, final CharSequence searchChars) {","public static boolean containsAny(final CharSequence cs, final CharSequence searchChars) { cs = null;",1209,
org/apache/commons/lang3/StringUtils.java,1047,NullifyInputVariable,"public static boolean containsAny(final CharSequence cs, final char... searchChars) {","public static boolean containsAny(final CharSequence cs, final char... searchChars) { cs = null;",1210,
org/apache/commons/lang3/StringUtils.java,1015,NullifyInputVariable,"public static boolean contains(final CharSequence seq, final int searchChar) {","public static boolean contains(final CharSequence seq, final int searchChar) { seq = null;",1211,
org/apache/commons/lang3/StringUtils.java,988,NullifyInputVariable,"public static boolean contains(final CharSequence seq, final CharSequence searchSeq) {","public static boolean contains(final CharSequence seq, final CharSequence searchSeq) { searchSeq = null;",1212,
org/apache/commons/lang3/StringUtils.java,988,NullifyInputVariable,"public static boolean contains(final CharSequence seq, final CharSequence searchSeq) {","public static boolean contains(final CharSequence seq, final CharSequence searchSeq) { seq = null;",1213,
org/apache/commons/lang3/StringUtils.java,953,NullifyInputVariable,"public static int compareIgnoreCase(final String str1, final String str2, final boolean nullIsLess) {","public static int compareIgnoreCase(final String str1, final String str2, final boolean nullIsLess) { str2 = null;",1214,
org/apache/commons/lang3/StringUtils.java,953,NullifyInputVariable,"public static int compareIgnoreCase(final String str1, final String str2, final boolean nullIsLess) {","public static int compareIgnoreCase(final String str1, final String str2, final boolean nullIsLess) { str1 = null;",1215,
org/apache/commons/lang3/StringUtils.java,910,NullifyInputVariable,"public static int compareIgnoreCase(final String str1, final String str2) {","public static int compareIgnoreCase(final String str1, final String str2) { str2 = null;",1216,
org/apache/commons/lang3/StringUtils.java,910,NullifyInputVariable,"public static int compareIgnoreCase(final String str1, final String str2) {","public static int compareIgnoreCase(final String str1, final String str2) { str1 = null;",1217,
org/apache/commons/lang3/StringUtils.java,860,NullifyInputVariable,"public static int compare(final String str1, final String str2, final boolean nullIsLess) {","public static int compare(final String str1, final String str2, final boolean nullIsLess) { str2 = null;",1218,
org/apache/commons/lang3/StringUtils.java,860,NullifyInputVariable,"public static int compare(final String str1, final String str2, final boolean nullIsLess) {","public static int compare(final String str1, final String str2, final boolean nullIsLess) { str1 = null;",1219,
org/apache/commons/lang3/StringUtils.java,822,NullifyInputVariable,"public static int compare(final String str1, final String str2) {","public static int compare(final String str1, final String str2) { str2 = null;",1220,
org/apache/commons/lang3/StringUtils.java,822,NullifyInputVariable,"public static int compare(final String str1, final String str2) {","public static int compare(final String str1, final String str2) { str1 = null;",1221,
org/apache/commons/lang3/StringUtils.java,773,NullifyInputVariable,public static String chop(final String str) {,public static String chop(final String str) { str = null;,1222,
org/apache/commons/lang3/StringUtils.java,746,NullifyInputVariable,"public static String chomp(final String str, final String separator) {","public static String chomp(final String str, final String separator) { separator = null;",1223,
org/apache/commons/lang3/StringUtils.java,746,NullifyInputVariable,"public static String chomp(final String str, final String separator) {","public static String chomp(final String str, final String separator) { str = null;",1224,
org/apache/commons/lang3/StringUtils.java,692,NullifyInputVariable,public static String chomp(final String str) {,public static String chomp(final String str) { str = null;,1225,
org/apache/commons/lang3/StringUtils.java,584,NullifyInputVariable,"public static String center(final String str, final int size) {","public static String center(final String str, final int size) { str = null;",1229,
org/apache/commons/lang3/StringUtils.java,537,NullifyInputVariable,public static String capitalize(final String str) {,public static String capitalize(final String str) { str = null;,1230,
org/apache/commons/lang3/StringUtils.java,512,NullifyInputVariable,"public static String appendIfMissingIgnoreCase(final String str, final CharSequence suffix, final CharSequence... suffixes) {","public static String appendIfMissingIgnoreCase(final String str, final CharSequence suffix, final CharSequence... suffixes) { suffixes = null;",1231,
org/apache/commons/lang3/StringUtils.java,512,NullifyInputVariable,"public static String appendIfMissingIgnoreCase(final String str, final CharSequence suffix, final CharSequence... suffixes) {","public static String appendIfMissingIgnoreCase(final String str, final CharSequence suffix, final CharSequence... suffixes) { suffix = null;",1232,
org/apache/commons/lang3/StringUtils.java,512,NullifyInputVariable,"public static String appendIfMissingIgnoreCase(final String str, final CharSequence suffix, final CharSequence... suffixes) {","public static String appendIfMissingIgnoreCase(final String str, final CharSequence suffix, final CharSequence... suffixes) { str = null;",1233,
org/apache/commons/lang3/StringUtils.java,474,NullifyInputVariable,"public static String appendIfMissing(final String str, final CharSequence suffix, final CharSequence... suffixes) {","public static String appendIfMissing(final String str, final CharSequence suffix, final CharSequence... suffixes) { suffixes = null;",1234,
org/apache/commons/lang3/StringUtils.java,474,NullifyInputVariable,"public static String appendIfMissing(final String str, final CharSequence suffix, final CharSequence... suffixes) {","public static String appendIfMissing(final String str, final CharSequence suffix, final CharSequence... suffixes) { suffix = null;",1235,
org/apache/commons/lang3/StringUtils.java,474,NullifyInputVariable,"public static String appendIfMissing(final String str, final CharSequence suffix, final CharSequence... suffixes) {","public static String appendIfMissing(final String str, final CharSequence suffix, final CharSequence... suffixes) { str = null;",1236,
org/apache/commons/lang3/StringUtils.java,426,NullifyInputVariable,"private static String appendIfMissing(final String str, final CharSequence suffix, final boolean ignoreCase, final CharSequence... suffixes) {","private static String appendIfMissing(final String str, final CharSequence suffix, final boolean ignoreCase, final CharSequence... suffixes) { suffixes = null;",1237,
org/apache/commons/lang3/StringUtils.java,426,NullifyInputVariable,"private static String appendIfMissing(final String str, final CharSequence suffix, final boolean ignoreCase, final CharSequence... suffixes) {","private static String appendIfMissing(final String str, final CharSequence suffix, final boolean ignoreCase, final CharSequence... suffixes) { suffix = null;",1238,
org/apache/commons/lang3/StringUtils.java,426,NullifyInputVariable,"private static String appendIfMissing(final String str, final CharSequence suffix, final boolean ignoreCase, final CharSequence... suffixes) {","private static String appendIfMissing(final String str, final CharSequence suffix, final boolean ignoreCase, final CharSequence... suffixes) { str = null;",1239,
org/apache/commons/lang3/StringUtils.java,405,NullifyInputVariable,"public static String abbreviateMiddle(final String str, final String middle, final int length) {","public static String abbreviateMiddle(final String str, final String middle, final int length) { middle = null;",1240,
org/apache/commons/lang3/StringUtils.java,405,NullifyInputVariable,"public static String abbreviateMiddle(final String str, final String middle, final int length) {","public static String abbreviateMiddle(final String str, final String middle, final int length) { str = null;",1241,
org/apache/commons/lang3/StringUtils.java,340,NullifyInputVariable,"public static String abbreviate(final String str, final String abbrevMarker, int offset, final int maxWidth) {","public static String abbreviate(final String str, final String abbrevMarker, int offset, final int maxWidth) { abbrevMarker = null;",1242,
org/apache/commons/lang3/StringUtils.java,340,NullifyInputVariable,"public static String abbreviate(final String str, final String abbrevMarker, int offset, final int maxWidth) {","public static String abbreviate(final String str, final String abbrevMarker, int offset, final int maxWidth) { str = null;",1243,
org/apache/commons/lang3/StringUtils.java,300,NullifyInputVariable,"public static String abbreviate(final String str, final String abbrevMarker, final int maxWidth) {","public static String abbreviate(final String str, final String abbrevMarker, final int maxWidth) { abbrevMarker = null;",1244,
org/apache/commons/lang3/StringUtils.java,300,NullifyInputVariable,"public static String abbreviate(final String str, final String abbrevMarker, final int maxWidth) {","public static String abbreviate(final String str, final String abbrevMarker, final int maxWidth) { str = null;",1245,
org/apache/commons/lang3/StringUtils.java,260,NullifyInputVariable,"public static String abbreviate(final String str, final int offset, final int maxWidth) {","public static String abbreviate(final String str, final int offset, final int maxWidth) { str = null;",1246,
org/apache/commons/lang3/StringUtils.java,221,NullifyInputVariable,"public static String abbreviate(final String str, final int maxWidth) {","public static String abbreviate(final String str, final int maxWidth) { str = null;",1247,
org/apache/commons/lang3/StringUtils.java,9353,RelationalOperatorReplacement,if (isEmpty(str) || isEmpty(wrapToken) || str.length() < 2 * wrapToken.length()) {,if (isEmpty(str) || isEmpty(wrapToken) || str.length() >= 2 * wrapToken.length()) {,1942,
org/apache/commons/lang3/StringUtils.java,9280,RelationalOperatorReplacement,for (int inOffset = Character.charCount(firstCodePoint); inOffset < strLen; ) {,for (int inOffset = Character.charCount(firstCodePoint); inOffset >= strLen; ) {,1947,
org/apache/commons/lang3/StringUtils.java,9236,RelationalOperatorReplacement,if (str.length() > maxWidth) {,if (str.length() <= maxWidth) {,1950,
org/apache/commons/lang3/StringUtils.java,9233,RelationalOperatorReplacement,if (offset > str.length()) {,if (offset <= str.length()) {,1951,
org/apache/commons/lang3/StringUtils.java,9227,RelationalOperatorReplacement,if (maxWidth < 0) {,if (maxWidth >= 0) {,1953,
org/apache/commons/lang3/StringUtils.java,9224,RelationalOperatorReplacement,if (offset < 0) {,if (offset >= 0) {,1954,
org/apache/commons/lang3/StringUtils.java,8980,RelationalOperatorReplacement,for (int i = 0; i < result.length; i++) {,for (int i = 0; i >= result.length; i++) {,1959,
org/apache/commons/lang3/StringUtils.java,8937,RelationalOperatorReplacement,for (int i = 0; i < strLen; ) {,for (int i = 0; i >= strLen; ) {,1962,
org/apache/commons/lang3/StringUtils.java,8890,RelationalOperatorReplacement,if (end < 0) {,if (end >= 0) {,1963,
org/apache/commons/lang3/StringUtils.java,8885,RelationalOperatorReplacement,if (start < 0) {,if (start >= 0) {,1964,
org/apache/commons/lang3/StringUtils.java,8883,RelationalOperatorReplacement,while (pos < strLen - closeLen) {,while (pos >= strLen - closeLen) {,1965,
org/apache/commons/lang3/StringUtils.java,8503,RelationalOperatorReplacement,if (end < 0) {,if (end >= 0) {,1981,
org/apache/commons/lang3/StringUtils.java,8500,RelationalOperatorReplacement,if (start < 0) {,if (start >= 0) {,1982,
org/apache/commons/lang3/StringUtils.java,8496,RelationalOperatorReplacement,if (start > end) {,if (start <= end) {,1983,
org/apache/commons/lang3/StringUtils.java,8491,RelationalOperatorReplacement,if (end > str.length()) {,if (end <= str.length()) {,1984,
org/apache/commons/lang3/StringUtils.java,8486,RelationalOperatorReplacement,if (start < 0) {,if (start >= 0) {,1985,
org/apache/commons/lang3/StringUtils.java,8483,RelationalOperatorReplacement,if (end < 0) {,if (end >= 0) {,1986,
org/apache/commons/lang3/StringUtils.java,8435,RelationalOperatorReplacement,if (start > str.length()) {,if (start <= str.length()) {,1988,
org/apache/commons/lang3/StringUtils.java,8432,RelationalOperatorReplacement,if (start < 0) {,if (start >= 0) {,1989,
org/apache/commons/lang3/StringUtils.java,8428,RelationalOperatorReplacement,if (start < 0) {,if (start >= 0) {,1990,
org/apache/commons/lang3/StringUtils.java,8043,RelationalOperatorReplacement,if (preLen > str.length()) {,if (preLen <= str.length()) {,2005,
org/apache/commons/lang3/StringUtils.java,7976,RelationalOperatorReplacement,if (separatorChars.indexOf(str.charAt(i)) >= 0) {,if (separatorChars.indexOf(str.charAt(i)) < 0) {,2010,
org/apache/commons/lang3/StringUtils.java,7975,RelationalOperatorReplacement,while (i < len) {,while (i >= len) {,2011,
org/apache/commons/lang3/StringUtils.java,7955,RelationalOperatorReplacement,while (i < len) {,while (i >= len) {,2014,
org/apache/commons/lang3/StringUtils.java,7934,RelationalOperatorReplacement,while (i < len) {,while (i >= len) {,2017,
org/apache/commons/lang3/StringUtils.java,7880,RelationalOperatorReplacement,while (i < len) {,while (i >= len) {,2022,
org/apache/commons/lang3/StringUtils.java,7674,RelationalOperatorReplacement,if (end > beg) {,if (end <= beg) {,2027,
org/apache/commons/lang3/StringUtils.java,7673,RelationalOperatorReplacement,if (end > -1) {,if (end <= -1) {,2028,
org/apache/commons/lang3/StringUtils.java,7670,RelationalOperatorReplacement,while (end < len) {,while (end >= len) {,2029,
org/apache/commons/lang3/StringUtils.java,7464,RelationalOperatorReplacement,for (int pos = tokenStart + 1; pos < c.length; pos++) {,for (int pos = tokenStart + 1; pos >= c.length; pos++) {,2037,
org/apache/commons/lang3/StringUtils.java,7250,RelationalOperatorReplacement,for (int i = 0; i < pads; i++) {,for (int i = 0; i >= pads; i++) {,2043,
org/apache/commons/lang3/StringUtils.java,7245,RelationalOperatorReplacement,if (pads < padLen) {,if (pads >= padLen) {,2044,
org/apache/commons/lang3/StringUtils.java,7238,RelationalOperatorReplacement,if (padLen == 1 && pads <= PAD_LIMIT) {,if (padLen == 1 && pads > PAD_LIMIT) {,2046,
org/apache/commons/lang3/StringUtils.java,7235,RelationalOperatorReplacement,if (pads <= 0) {,if (pads > 0) {,2048,
org/apache/commons/lang3/StringUtils.java,7196,RelationalOperatorReplacement,if (pads > PAD_LIMIT) {,if (pads <= PAD_LIMIT) {,2050,
org/apache/commons/lang3/StringUtils.java,7193,RelationalOperatorReplacement,if (pads <= 0) {,if (pads > 0) {,2051,
org/apache/commons/lang3/StringUtils.java,7138,RelationalOperatorReplacement,if (str.length() <= len) {,if (str.length() > len) {,2053,
org/apache/commons/lang3/StringUtils.java,7135,RelationalOperatorReplacement,if (len < 0) {,if (len >= 0) {,2054,
org/apache/commons/lang3/StringUtils.java,6794,RelationalOperatorReplacement,for (int i = start; i < textLength; i++) {,for (int i = start; i >= textLength; i++) {,2057,
org/apache/commons/lang3/StringUtils.java,6785,RelationalOperatorReplacement,} else if (textIndex == -1 || tempIndex < textIndex) {,} else if (textIndex == -1 || tempIndex >= textIndex) {,2058,
org/apache/commons/lang3/StringUtils.java,6776,RelationalOperatorReplacement,for (int i = 0; i < searchLength; i++) {,for (int i = 0; i >= searchLength; i++) {,2062,
org/apache/commons/lang3/StringUtils.java,6765,RelationalOperatorReplacement,for (int i = start; i < textIndex; i++) {,for (int i = start; i >= textIndex; i++) {,2063,
org/apache/commons/lang3/StringUtils.java,6754,RelationalOperatorReplacement,if (greater > 0) {,if (greater <= 0) {,2065,
org/apache/commons/lang3/StringUtils.java,6749,RelationalOperatorReplacement,for (int i = 0; i < searchList.length; i++) {,for (int i = 0; i >= searchList.length; i++) {,2068,
org/apache/commons/lang3/StringUtils.java,6731,RelationalOperatorReplacement,} else if (textIndex == -1 || tempIndex < textIndex) {,} else if (textIndex == -1 || tempIndex >= textIndex) {,2070,
org/apache/commons/lang3/StringUtils.java,6722,RelationalOperatorReplacement,for (int i = 0; i < searchLength; i++) {,for (int i = 0; i >= searchLength; i++) {,2074,
org/apache/commons/lang3/StringUtils.java,6687,RelationalOperatorReplacement,if (timeToLive < 0) {,if (timeToLive >= 0) {,2077,
org/apache/commons/lang3/StringUtils.java,6578,RelationalOperatorReplacement,if (index < replaceCharsLength) {,if (index >= replaceCharsLength) {,2078,
org/apache/commons/lang3/StringUtils.java,6576,RelationalOperatorReplacement,if (index >= 0) {,if (index < 0) {,2079,
org/apache/commons/lang3/StringUtils.java,6573,RelationalOperatorReplacement,for (int i = 0; i < strLength; i++) {,for (int i = 0; i >= strLength; i++) {,2080,
org/apache/commons/lang3/StringUtils.java,6430,RelationalOperatorReplacement,"increase *= max < 0 ? 16 : Math.min(max, 64);","increase *= max >= 0 ? 16 : Math.min(max, 64);",2085,
org/apache/commons/lang3/StringUtils.java,6290,RelationalOperatorReplacement,for (int i = 0; i < repeat; i++) {,for (int i = 0; i >= repeat; i++) {,2091,
org/apache/commons/lang3/StringUtils.java,6283,RelationalOperatorReplacement,"for (int i = repeat * 2 - 2; i >= 0; i--, i--) {","for (int i = repeat * 2 - 2; i < 0; i--, i--) {",2092,
org/apache/commons/lang3/StringUtils.java,6271,RelationalOperatorReplacement,if (inputLength == 1 && repeat <= PAD_LIMIT) {,if (inputLength == 1 && repeat > PAD_LIMIT) {,2093,
org/apache/commons/lang3/StringUtils.java,6264,RelationalOperatorReplacement,if (repeat <= 0) {,if (repeat > 0) {,2097,
org/apache/commons/lang3/StringUtils.java,6235,RelationalOperatorReplacement,if (repeat <= 0) {,if (repeat > 0) {,2099,
org/apache/commons/lang3/StringUtils.java,5838,RelationalOperatorReplacement,for (int i = 0; i < chars.length; i++) {,for (int i = 0; i >= chars.length; i++) {,2103,
org/apache/commons/lang3/StringUtils.java,5702,RelationalOperatorReplacement,if (start > end) {,if (start <= end) {,2106,
org/apache/commons/lang3/StringUtils.java,5699,RelationalOperatorReplacement,if (end > len) {,if (end <= len) {,2107,
org/apache/commons/lang3/StringUtils.java,5696,RelationalOperatorReplacement,if (end < 0) {,if (end >= 0) {,2108,
org/apache/commons/lang3/StringUtils.java,5693,RelationalOperatorReplacement,if (start > len) {,if (start <= len) {,2109,
org/apache/commons/lang3/StringUtils.java,5690,RelationalOperatorReplacement,if (start < 0) {,if (start >= 0) {,2110,
org/apache/commons/lang3/StringUtils.java,5649,RelationalOperatorReplacement,} while (found < ordinal);,} while (found >= ordinal);,2113,
org/apache/commons/lang3/StringUtils.java,5645,RelationalOperatorReplacement,if (index < 0) {,if (index >= 0) {,2114,
org/apache/commons/lang3/StringUtils.java,5629,RelationalOperatorReplacement,if (str == null || searchStr == null || ordinal <= 0) {,if (str == null || searchStr == null || ordinal > 0) {,2116,
org/apache/commons/lang3/StringUtils.java,5556,RelationalOperatorReplacement,"return new String(newChars, 0, count - (whitespacesCount > 0 ? 1 : 0)).trim();","return new String(newChars, 0, count - (whitespacesCount <= 0 ? 1 : 0)).trim();",2119,
org/apache/commons/lang3/StringUtils.java,5539,RelationalOperatorReplacement,for (int i = 0; i < size; i++) {,for (int i = 0; i >= size; i++) {,2122,
org/apache/commons/lang3/StringUtils.java,5482,RelationalOperatorReplacement,if (str.length() <= pos + len) {,if (str.length() > pos + len) {,2123,
org/apache/commons/lang3/StringUtils.java,5479,RelationalOperatorReplacement,if (pos < 0) {,if (pos >= 0) {,2124,
org/apache/commons/lang3/StringUtils.java,5476,RelationalOperatorReplacement,if (len < 0 || pos > str.length()) {,if (len < 0 || pos <= str.length()) {,2125,
org/apache/commons/lang3/StringUtils.java,5476,RelationalOperatorReplacement,if (len < 0 || pos > str.length()) {,if (len >= 0 || pos > str.length()) {,2126,
org/apache/commons/lang3/StringUtils.java,5438,RelationalOperatorReplacement,for (int mi = 0; mi < min.length(); mi++) {,for (int mi = 0; mi >= min.length(); mi++) {,2129,
org/apache/commons/lang3/StringUtils.java,5432,RelationalOperatorReplacement,for (int mi = 0; mi < ms1.length; mi++) {,for (int mi = 0; mi >= ms1.length; mi++) {,2131,
org/apache/commons/lang3/StringUtils.java,5425,RelationalOperatorReplacement,"for (int i = 0, si = 0; i < max.length(); i++) {","for (int i = 0, si = 0; i >= max.length(); i++) {",2132,
org/apache/commons/lang3/StringUtils.java,5419,RelationalOperatorReplacement,"for (int i = 0, si = 0; i < min.length(); i++) {","for (int i = 0, si = 0; i >= min.length(); i++) {",2134,
org/apache/commons/lang3/StringUtils.java,5408,RelationalOperatorReplacement,"for (int xi = Math.max(mi - range, 0), xn = Math.min(mi + range + 1, max.length()); xi < xn; xi++) {","for (int xi = Math.max(mi - range, 0), xn = Math.min(mi + range + 1, max.length()); xi >= xn; xi++) {",2136,
org/apache/commons/lang3/StringUtils.java,5406,RelationalOperatorReplacement,for (int mi = 0; mi < min.length(); mi++) {,for (int mi = 0; mi >= min.length(); mi++) {,2137,
org/apache/commons/lang3/StringUtils.java,5395,RelationalOperatorReplacement,if (first.length() > second.length()) {,if (first.length() <= second.length()) {,2138,
org/apache/commons/lang3/StringUtils.java,5322,RelationalOperatorReplacement,for (int i = 0; i < pads; i++) {,for (int i = 0; i >= pads; i++) {,2142,
org/apache/commons/lang3/StringUtils.java,5317,RelationalOperatorReplacement,if (pads < padLen) {,if (pads >= padLen) {,2143,
org/apache/commons/lang3/StringUtils.java,5310,RelationalOperatorReplacement,if (padLen == 1 && pads <= PAD_LIMIT) {,if (padLen == 1 && pads > PAD_LIMIT) {,2145,
org/apache/commons/lang3/StringUtils.java,5307,RelationalOperatorReplacement,if (pads <= 0) {,if (pads > 0) {,2147,
org/apache/commons/lang3/StringUtils.java,5268,RelationalOperatorReplacement,if (pads > PAD_LIMIT) {,if (pads <= PAD_LIMIT) {,2149,
org/apache/commons/lang3/StringUtils.java,5265,RelationalOperatorReplacement,if (pads <= 0) {,if (pads > 0) {,2150,
org/apache/commons/lang3/StringUtils.java,5210,RelationalOperatorReplacement,if (str.length() <= len) {,if (str.length() > len) {,2152,
org/apache/commons/lang3/StringUtils.java,5207,RelationalOperatorReplacement,if (len < 0) {,if (len >= 0) {,2153,
org/apache/commons/lang3/StringUtils.java,5137,RelationalOperatorReplacement,for (int i = startPos; i >= 0; i--) {,for (int i = startPos; i < 0; i--) {,2155,
org/apache/commons/lang3/StringUtils.java,5130,RelationalOperatorReplacement,if (startPos < 0) {,if (startPos >= 0) {,2157,
org/apache/commons/lang3/StringUtils.java,5127,RelationalOperatorReplacement,if (startPos > strLength - searchStrLength) {,if (startPos <= strLength - searchStrLength) {,2158,
org/apache/commons/lang3/StringUtils.java,5052,RelationalOperatorReplacement,if (tmp > ret) {,if (tmp <= ret) {,2163,
org/apache/commons/lang3/StringUtils.java,4792,RelationalOperatorReplacement,for (int i = startIndex; i < endIndex; i++) {,for (int i = startIndex; i >= endIndex; i++) {,2169,
org/apache/commons/lang3/StringUtils.java,4788,RelationalOperatorReplacement,if (endIndex - startIndex <= 0) {,if (endIndex - startIndex > 0) {,2170,
org/apache/commons/lang3/StringUtils.java,4591,RelationalOperatorReplacement,for (int i = startIndex; i < endIndex; i++) {,for (int i = startIndex; i >= endIndex; i++) {,2176,
org/apache/commons/lang3/StringUtils.java,4587,RelationalOperatorReplacement,if (endIndex - startIndex <= 0) {,if (endIndex - startIndex > 0) {,2177,
org/apache/commons/lang3/StringUtils.java,4517,RelationalOperatorReplacement,if (noOfItems <= 0) {,if (noOfItems > 0) {,2180,
org/apache/commons/lang3/StringUtils.java,4479,RelationalOperatorReplacement,if (noOfItems <= 0) {,if (noOfItems > 0) {,2182,
org/apache/commons/lang3/StringUtils.java,4355,RelationalOperatorReplacement,for (int i = startIndex; i < endIndex; i++) {,for (int i = startIndex; i >= endIndex; i++) {,2188,
org/apache/commons/lang3/StringUtils.java,4351,RelationalOperatorReplacement,if (endIndex - startIndex <= 0) {,if (endIndex - startIndex > 0) {,2189,
org/apache/commons/lang3/StringUtils.java,4280,RelationalOperatorReplacement,for (int i = startIndex; i < endIndex; i++) {,for (int i = startIndex; i >= endIndex; i++) {,2192,
org/apache/commons/lang3/StringUtils.java,4276,RelationalOperatorReplacement,if (endIndex - startIndex <= 0) {,if (endIndex - startIndex > 0) {,2193,
org/apache/commons/lang3/StringUtils.java,4205,RelationalOperatorReplacement,for (int i = startIndex; i < endIndex; i++) {,for (int i = startIndex; i >= endIndex; i++) {,2196,
org/apache/commons/lang3/StringUtils.java,4201,RelationalOperatorReplacement,if (endIndex - startIndex <= 0) {,if (endIndex - startIndex > 0) {,2197,
org/apache/commons/lang3/StringUtils.java,4130,RelationalOperatorReplacement,for (int i = startIndex; i < endIndex; i++) {,for (int i = startIndex; i >= endIndex; i++) {,2200,
org/apache/commons/lang3/StringUtils.java,4126,RelationalOperatorReplacement,if (endIndex - startIndex <= 0) {,if (endIndex - startIndex > 0) {,2201,
org/apache/commons/lang3/StringUtils.java,4055,RelationalOperatorReplacement,for (int i = startIndex; i < endIndex; i++) {,for (int i = startIndex; i >= endIndex; i++) {,2204,
org/apache/commons/lang3/StringUtils.java,4051,RelationalOperatorReplacement,if (endIndex - startIndex <= 0) {,if (endIndex - startIndex > 0) {,2205,
org/apache/commons/lang3/StringUtils.java,3980,RelationalOperatorReplacement,for (int i = startIndex; i < endIndex; i++) {,for (int i = startIndex; i >= endIndex; i++) {,2208,
org/apache/commons/lang3/StringUtils.java,3976,RelationalOperatorReplacement,if (endIndex - startIndex <= 0) {,if (endIndex - startIndex > 0) {,2209,
org/apache/commons/lang3/StringUtils.java,3907,RelationalOperatorReplacement,for (int i = 0; i < sz; i++) {,for (int i = 0; i >= sz; i++) {,2212,
org/apache/commons/lang3/StringUtils.java,3871,RelationalOperatorReplacement,for (int i = 0; i < sz; i++) {,for (int i = 0; i >= sz; i++) {,2215,
org/apache/commons/lang3/StringUtils.java,3832,RelationalOperatorReplacement,for (int i = 0; i < sz; i++) {,for (int i = 0; i >= sz; i++) {,2217,
org/apache/commons/lang3/StringUtils.java,3689,RelationalOperatorReplacement,for (int i = 0; i < sz; i++) {,for (int i = 0; i >= sz; i++) {,2218,
org/apache/commons/lang3/StringUtils.java,3628,RelationalOperatorReplacement,for (int i = 0; i < strLen; i++) {,for (int i = 0; i >= strLen; i++) {,2222,
org/apache/commons/lang3/StringUtils.java,3597,RelationalOperatorReplacement,for (int i = 0; i < sz; i++) {,for (int i = 0; i >= sz; i++) {,2224,
org/apache/commons/lang3/StringUtils.java,3490,RelationalOperatorReplacement,for (int i = 0; i < sz; i++) {,for (int i = 0; i >= sz; i++) {,2227,
org/apache/commons/lang3/StringUtils.java,3454,RelationalOperatorReplacement,for (int i = 0; i < sz; i++) {,for (int i = 0; i >= sz; i++) {,2230,
org/apache/commons/lang3/StringUtils.java,3419,RelationalOperatorReplacement,for (int i = 0; i < sz; i++) {,for (int i = 0; i >= sz; i++) {,2232,
org/apache/commons/lang3/StringUtils.java,3384,RelationalOperatorReplacement,for (int i = 0; i < sz; i++) {,for (int i = 0; i >= sz; i++) {,2233,
org/apache/commons/lang3/StringUtils.java,3351,RelationalOperatorReplacement,for (int i = 0; i < sz; i++) {,for (int i = 0; i >= sz; i++) {,2234,
org/apache/commons/lang3/StringUtils.java,3316,RelationalOperatorReplacement,for (int i = 0; i < sz; i++) {,for (int i = 0; i >= sz; i++) {,2235,
org/apache/commons/lang3/StringUtils.java,3217,RelationalOperatorReplacement,for (int i = startPos; i < endLimit; i++) {,for (int i = startPos; i >= endLimit; i++) {,2236,
org/apache/commons/lang3/StringUtils.java,3211,RelationalOperatorReplacement,if (startPos > endLimit) {,if (startPos <= endLimit) {,2238,
org/apache/commons/lang3/StringUtils.java,3207,RelationalOperatorReplacement,if (startPos < 0) {,if (startPos >= 0) {,2239,
org/apache/commons/lang3/StringUtils.java,3135,RelationalOperatorReplacement,if (i < cs2.length() || i < cs1.length()) {,if (i < cs2.length() || i >= cs1.length()) {,2242,
org/apache/commons/lang3/StringUtils.java,3135,RelationalOperatorReplacement,if (i < cs2.length() || i < cs1.length()) {,if (i >= cs2.length() || i < cs1.length()) {,2243,
org/apache/commons/lang3/StringUtils.java,3130,RelationalOperatorReplacement,for (i = 0; i < cs1.length() && i < cs2.length(); ++i) {,for (i = 0; i < cs1.length() && i >= cs2.length(); ++i) {,2245,
org/apache/commons/lang3/StringUtils.java,3130,RelationalOperatorReplacement,for (i = 0; i < cs1.length() && i < cs2.length(); ++i) {,for (i = 0; i >= cs1.length() && i < cs2.length(); ++i) {,2246,
org/apache/commons/lang3/StringUtils.java,3077,RelationalOperatorReplacement,for (int arrayPos = 1; arrayPos < arrayLen; arrayPos++) {,for (int arrayPos = 1; arrayPos >= arrayLen; arrayPos++) {,2254,
org/apache/commons/lang3/StringUtils.java,3075,RelationalOperatorReplacement,for (int stringPos = 0; stringPos < shortestStrLen; stringPos++) {,for (int stringPos = 0; stringPos >= shortestStrLen; stringPos++) {,2255,
org/apache/commons/lang3/StringUtils.java,3040,RelationalOperatorReplacement,if (ArrayUtils.getLength(css) <= 1) {,if (ArrayUtils.getLength(css) > 1) {,2259,
org/apache/commons/lang3/StringUtils.java,2997,RelationalOperatorReplacement,"if (chFound && CharSequenceUtils.indexOf(searchChars, ch2, 0) < 0) {","if (chFound && CharSequenceUtils.indexOf(searchChars, ch2, 0) >= 0) {",2260,
org/apache/commons/lang3/StringUtils.java,2995,RelationalOperatorReplacement,if (i + 1 < strLen && Character.isHighSurrogate(ch)) {,if (i + 1 >= strLen && Character.isHighSurrogate(ch)) {,2261,
org/apache/commons/lang3/StringUtils.java,2994,RelationalOperatorReplacement,"final boolean chFound = CharSequenceUtils.indexOf(searchChars, ch, 0) >= 0;","final boolean chFound = CharSequenceUtils.indexOf(searchChars, ch, 0) < 0;",2262,
org/apache/commons/lang3/StringUtils.java,2992,RelationalOperatorReplacement,for (int i = 0; i < strLen; i++) {,for (int i = 0; i >= strLen; i++) {,2263,
org/apache/commons/lang3/StringUtils.java,2951,RelationalOperatorReplacement,if (i >= csLast || j >= searchLast || !Character.isHighSurrogate(ch)) {,if (i >= csLast || j < searchLast || !Character.isHighSurrogate(ch)) {,2265,
org/apache/commons/lang3/StringUtils.java,2951,RelationalOperatorReplacement,if (i >= csLast || j >= searchLast || !Character.isHighSurrogate(ch)) {,if (i < csLast || j >= searchLast || !Character.isHighSurrogate(ch)) {,2266,
org/apache/commons/lang3/StringUtils.java,2949,RelationalOperatorReplacement,for (int j = 0; j < searchLen; j++) {,for (int j = 0; j >= searchLen; j++) {,2268,
org/apache/commons/lang3/StringUtils.java,2947,RelationalOperatorReplacement,for (int i = 0; i < csLen; i++) {,for (int i = 0; i >= csLen; i++) {,2269,
org/apache/commons/lang3/StringUtils.java,2876,RelationalOperatorReplacement,if (tmp < ret) {,if (tmp >= ret) {,2271,
org/apache/commons/lang3/StringUtils.java,2818,RelationalOperatorReplacement,if (i >= csLast || j >= searchLast || !Character.isHighSurrogate(ch)) {,if (i >= csLast || j < searchLast || !Character.isHighSurrogate(ch)) {,2277,
org/apache/commons/lang3/StringUtils.java,2818,RelationalOperatorReplacement,if (i >= csLast || j >= searchLast || !Character.isHighSurrogate(ch)) {,if (i < csLast || j >= searchLast || !Character.isHighSurrogate(ch)) {,2278,
org/apache/commons/lang3/StringUtils.java,2816,RelationalOperatorReplacement,for (int j = 0; j < searchLen; j++) {,for (int j = 0; j >= searchLen; j++) {,2280,
org/apache/commons/lang3/StringUtils.java,2814,RelationalOperatorReplacement,for (int i = 0; i < csLen; i++) {,for (int i = 0; i >= csLen; i++) {,2281,
org/apache/commons/lang3/StringUtils.java,2603,RelationalOperatorReplacement,if (p[n] <= threshold) {,if (p[n] > threshold) {,2286,
org/apache/commons/lang3/StringUtils.java,2585,RelationalOperatorReplacement,for (int i = min; i <= max; i++) {,for (int i = min; i > max; i++) {,2288,
org/apache/commons/lang3/StringUtils.java,2580,RelationalOperatorReplacement,if (min > 1) {,if (min <= 1) {,2289,
org/apache/commons/lang3/StringUtils.java,2575,RelationalOperatorReplacement,if (min > max) {,if (min <= max) {,2290,
org/apache/commons/lang3/StringUtils.java,2572,RelationalOperatorReplacement,"final int max = j > Integer.MAX_VALUE - threshold ? n : Math.min(n, j + threshold);","final int max = j <= Integer.MAX_VALUE - threshold ? n : Math.min(n, j + threshold);",2291,
org/apache/commons/lang3/StringUtils.java,2566,RelationalOperatorReplacement,for (int j = 1; j <= m; j++) {,for (int j = 1; j > m; j++) {,2292,
org/apache/commons/lang3/StringUtils.java,2557,RelationalOperatorReplacement,for (int i = 0; i < boundary; i++) {,for (int i = 0; i >= boundary; i++) {,2293,
org/apache/commons/lang3/StringUtils.java,2542,RelationalOperatorReplacement,if (n > m) {,if (n <= m) {,2294,
org/apache/commons/lang3/StringUtils.java,2537,RelationalOperatorReplacement,if (Math.abs(n - m) > threshold) {,if (Math.abs(n - m) <= threshold) {,2295,
org/apache/commons/lang3/StringUtils.java,2535,RelationalOperatorReplacement,return n <= threshold ? n : -1;,return n > threshold ? n : -1;,2296,
org/apache/commons/lang3/StringUtils.java,2532,RelationalOperatorReplacement,return m <= threshold ? m : -1;,return m > threshold ? m : -1;,2298,
org/apache/commons/lang3/StringUtils.java,2479,RelationalOperatorReplacement,if (threshold < 0) {,if (threshold >= 0) {,2300,
org/apache/commons/lang3/StringUtils.java,2427,RelationalOperatorReplacement,for (i = 1; i <= n; i++) {,for (i = 1; i > n; i++) {,2304,
org/apache/commons/lang3/StringUtils.java,2422,RelationalOperatorReplacement,for (j = 1; j <= m; j++) {,for (j = 1; j > m; j++) {,2305,
org/apache/commons/lang3/StringUtils.java,2418,RelationalOperatorReplacement,for (i = 0; i <= n; i++) {,for (i = 0; i > n; i++) {,2306,
org/apache/commons/lang3/StringUtils.java,2399,RelationalOperatorReplacement,if (n > m) {,if (n <= m) {,2307,
org/apache/commons/lang3/StringUtils.java,2344,RelationalOperatorReplacement,"final double jw = j < 0.7D ? j : j + Math.min(DEFAULT_SCALING_FACTOR, 1D / mtp[3]) * mtp[2] * (1D - j);","final double jw = j >= 0.7D ? j : j + Math.min(DEFAULT_SCALING_FACTOR, 1D / mtp[3]) * mtp[2] * (1D - j);",2312,
org/apache/commons/lang3/StringUtils.java,2213,RelationalOperatorReplacement,for (; termIndex < termLowerCase.length() && !termCharacterMatchFound; termIndex++) {,for (; termIndex >= termLowerCase.length() && !termCharacterMatchFound; termIndex++) {,2318,
org/apache/commons/lang3/StringUtils.java,2209,RelationalOperatorReplacement,for (int queryIndex = 0; queryIndex < queryLowerCase.length(); queryIndex++) {,for (int queryIndex = 0; queryIndex >= queryLowerCase.length(); queryIndex++) {,2319,
org/apache/commons/lang3/StringUtils.java,2145,RelationalOperatorReplacement,for (int i = 0; i < sz; i++) {,for (int i = 0; i >= sz; i++) {,2323,
org/apache/commons/lang3/StringUtils.java,1863,RelationalOperatorReplacement,for (int i = 0; i < length; i++) {,for (int i = 0; i >= length; i++) {,2336,
org/apache/commons/lang3/StringUtils.java,1759,RelationalOperatorReplacement,if (suffix.length() > str.length()) {,if (suffix.length() <= str.length()) {,2341,
org/apache/commons/lang3/StringUtils.java,1660,RelationalOperatorReplacement,for (int i = 0; i < sz; i++) {,for (int i = 0; i >= sz; i++) {,2350,
org/apache/commons/lang3/StringUtils.java,1499,RelationalOperatorReplacement,for (int i = 0; i < str.length(); i++) {,for (int i = 0; i >= str.length(); i++) {,2353,
org/apache/commons/lang3/StringUtils.java,1408,RelationalOperatorReplacement,for (int i = 0; i < decomposed.length(); i++) {,for (int i = 0; i >= decomposed.length(); i++) {,2354,
org/apache/commons/lang3/StringUtils.java,1399,RelationalOperatorReplacement,for (int i = 0; i < strLen; i++) {,for (int i = 0; i >= strLen; i++) {,2355,
org/apache/commons/lang3/StringUtils.java,1278,RelationalOperatorReplacement,if (i < csLast && searchChars[j + 1] == cs.charAt(i + 1)) {,if (i >= csLast && searchChars[j + 1] == cs.charAt(i + 1)) {,2365,
org/apache/commons/lang3/StringUtils.java,1268,RelationalOperatorReplacement,for (int j = 0; j < searchLen; j++) {,for (int j = 0; j >= searchLen; j++) {,2368,
org/apache/commons/lang3/StringUtils.java,1266,RelationalOperatorReplacement,for (int i = 0; i < csLen; i++) {,for (int i = 0; i >= csLen; i++) {,2369,
org/apache/commons/lang3/StringUtils.java,1227,RelationalOperatorReplacement,for (int i = 0; i <= max; i++) {,for (int i = 0; i > max; i++) {,2372,
org/apache/commons/lang3/StringUtils.java,1067,RelationalOperatorReplacement,if (i < csLast && searchChars[j + 1] == cs.charAt(i + 1)) {,if (i >= csLast && searchChars[j + 1] == cs.charAt(i + 1)) {,2377,
org/apache/commons/lang3/StringUtils.java,1057,RelationalOperatorReplacement,for (int j = 0; j < searchLength; j++) {,for (int j = 0; j >= searchLength; j++) {,2380,
org/apache/commons/lang3/StringUtils.java,1055,RelationalOperatorReplacement,for (int i = 0; i < csLength; i++) {,for (int i = 0; i >= csLength; i++) {,2381,
org/apache/commons/lang3/StringUtils.java,1019,RelationalOperatorReplacement,"return CharSequenceUtils.indexOf(seq, searchChar, 0) >= 0;","return CharSequenceUtils.indexOf(seq, searchChar, 0) < 0;",2382,
org/apache/commons/lang3/StringUtils.java,992,RelationalOperatorReplacement,"return CharSequenceUtils.indexOf(seq, searchSeq, 0) >= 0;","return CharSequenceUtils.indexOf(seq, searchSeq, 0) < 0;",2383,
org/apache/commons/lang3/StringUtils.java,778,RelationalOperatorReplacement,if (strLen < 2) {,if (strLen >= 2) {,2394,
org/apache/commons/lang3/StringUtils.java,660,RelationalOperatorReplacement,if (pads <= 0) {,if (pads > 0) {,2402,
org/apache/commons/lang3/StringUtils.java,652,RelationalOperatorReplacement,if (str == null || size <= 0) {,if (str == null || size > 0) {,2403,
org/apache/commons/lang3/StringUtils.java,618,RelationalOperatorReplacement,if (pads <= 0) {,if (pads > 0) {,2405,
org/apache/commons/lang3/StringUtils.java,613,RelationalOperatorReplacement,if (str == null || size <= 0) {,if (str == null || size > 0) {,2406,
org/apache/commons/lang3/StringUtils.java,553,RelationalOperatorReplacement,for (int inOffset = Character.charCount(firstCodepoint); inOffset < strLen; ) {,for (int inOffset = Character.charCount(firstCodepoint); inOffset >= strLen; ) {,2408,
org/apache/commons/lang3/StringUtils.java,406,RelationalOperatorReplacement,"if (isAnyEmpty(str, middle) || length >= str.length() || length < middle.length() + 2) {","if (isAnyEmpty(str, middle) || length >= str.length() || length >= middle.length() + 2) {",2412,
org/apache/commons/lang3/StringUtils.java,406,RelationalOperatorReplacement,"if (isAnyEmpty(str, middle) || length >= str.length() || length < middle.length() + 2) {","if (isAnyEmpty(str, middle) || length < str.length() || length < middle.length() + 2) {",2413,
org/apache/commons/lang3/StringUtils.java,370,RelationalOperatorReplacement,if (offset + maxWidth - abbrevMarkerLength < strLen) {,if (offset + maxWidth - abbrevMarkerLength >= strLen) {,2414,
org/apache/commons/lang3/StringUtils.java,367,RelationalOperatorReplacement,if (maxWidth < minAbbrevWidthOffset) {,if (maxWidth >= minAbbrevWidthOffset) {,2415,
org/apache/commons/lang3/StringUtils.java,364,RelationalOperatorReplacement,if (offset <= abbrevMarkerLength + 1) {,if (offset > abbrevMarkerLength + 1) {,2416,
org/apache/commons/lang3/StringUtils.java,361,RelationalOperatorReplacement,if (strLen - offset < maxWidth - abbrevMarkerLength) {,if (strLen - offset >= maxWidth - abbrevMarkerLength) {,2417,
org/apache/commons/lang3/StringUtils.java,358,RelationalOperatorReplacement,if (offset > strLen) {,if (offset <= strLen) {,2418,
org/apache/commons/lang3/StringUtils.java,355,RelationalOperatorReplacement,if (strLen <= maxWidth) {,if (strLen > maxWidth) {,2419,
org/apache/commons/lang3/StringUtils.java,351,RelationalOperatorReplacement,if (maxWidth < minAbbrevWidth) {,if (maxWidth >= minAbbrevWidth) {,2420,
org/apache/commons/lang3/StringUtils.java,341,RelationalOperatorReplacement,if (isNotEmpty(str) && EMPTY.equals(abbrevMarker) && maxWidth > 0) {,if (isNotEmpty(str) && EMPTY.equals(abbrevMarker) && maxWidth <= 0) {,2421,
org/apache/commons/lang3/StringUtils.java,9564,NullifyInputVariable,"public static String wrapIfMissing(final String str, final String wrapWith) {","public static String wrapIfMissing(final String str, final String wrapWith) { wrapWith = null;",870,
org/apache/commons/lang3/StringUtils.java,9564,NullifyInputVariable,"public static String wrapIfMissing(final String str, final String wrapWith) {","public static String wrapIfMissing(final String str, final String wrapWith) { str = null;",871,
org/apache/commons/lang3/StringUtils.java,9514,NullifyInputVariable,"public static String wrapIfMissing(final String str, final char wrapWith) {","public static String wrapIfMissing(final String str, final char wrapWith) { str = null;",872,
org/apache/commons/lang3/StringUtils.java,9480,NullifyInputVariable,"public static String wrap(final String str, final String wrapWith) {","public static String wrap(final String str, final String wrapWith) { wrapWith = null;",873,
org/apache/commons/lang3/StringUtils.java,9480,NullifyInputVariable,"public static String wrap(final String str, final String wrapWith) {","public static String wrap(final String str, final String wrapWith) { str = null;",874,
org/apache/commons/lang3/StringUtils.java,9444,NullifyInputVariable,"public static String wrap(final String str, final char wrapWith) {","public static String wrap(final String str, final char wrapWith) { str = null;",875,
org/apache/commons/lang3/StringUtils.java,9406,NullifyInputVariable,"public static String upperCase(final String str, final Locale locale) {","public static String upperCase(final String str, final Locale locale) { locale = null;",876,
org/apache/commons/lang3/StringUtils.java,9406,NullifyInputVariable,"public static String upperCase(final String str, final Locale locale) {","public static String upperCase(final String str, final Locale locale) { str = null;",877,
org/apache/commons/lang3/StringUtils.java,9383,NullifyInputVariable,public static String upperCase(final String str) {,public static String upperCase(final String str) { str = null;,878,
org/apache/commons/lang3/StringUtils.java,9352,NullifyInputVariable,"public static String unwrap(final String str, final String wrapToken) {","public static String unwrap(final String str, final String wrapToken) { wrapToken = null;",879,
org/apache/commons/lang3/StringUtils.java,9352,NullifyInputVariable,"public static String unwrap(final String str, final String wrapToken) {","public static String unwrap(final String str, final String wrapToken) { str = null;",880,
org/apache/commons/lang3/StringUtils.java,9312,NullifyInputVariable,"public static String unwrap(final String str, final char wrapChar) {","public static String unwrap(final String str, final char wrapChar) { str = null;",881,
org/apache/commons/lang3/StringUtils.java,9264,NullifyInputVariable,public static String uncapitalize(final String str) {,public static String uncapitalize(final String str) { str = null;,882,
org/apache/commons/lang3/StringUtils.java,9223,NullifyInputVariable,"public static String truncate(final String str, final int offset, final int maxWidth) {","public static String truncate(final String str, final int offset, final int maxWidth) { str = null;",883,
org/apache/commons/lang3/StringUtils.java,9159,NullifyInputVariable,"public static String truncate(final String str, final int maxWidth) {","public static String truncate(final String str, final int maxWidth) { str = null;",884,
org/apache/commons/lang3/StringUtils.java,9122,NullifyInputVariable,public static String trimToNull(final String str) {,public static String trimToNull(final String str) { str = null;,885,
org/apache/commons/lang3/StringUtils.java,9096,NullifyInputVariable,public static String trimToEmpty(final String str) {,public static String trimToEmpty(final String str) { str = null;,886,
org/apache/commons/lang3/StringUtils.java,9071,NullifyInputVariable,public static String trim(final String str) {,public static String trim(final String str) { str = null;,887,
org/apache/commons/lang3/StringUtils.java,9044,NullifyInputVariable,private static String toStringOrEmpty(final Object obj) {,private static String toStringOrEmpty(final Object obj) { obj = null;,888,
org/apache/commons/lang3/StringUtils.java,9040,NullifyInputVariable,"public static String toString(final byte[] bytes, final String charsetName) {","public static String toString(final byte[] bytes, final String charsetName) { charsetName = null;",889,
org/apache/commons/lang3/StringUtils.java,9022,NullifyInputVariable,public static String toRootUpperCase(final String source) {,public static String toRootUpperCase(final String source) { source = null;,890,
org/apache/commons/lang3/StringUtils.java,9011,NullifyInputVariable,public static String toRootLowerCase(final String source) {,public static String toRootLowerCase(final String source) { source = null;,891,
org/apache/commons/lang3/StringUtils.java,9000,NullifyInputVariable,"public static String toEncodedString(final byte[] bytes, final Charset charset) {","public static String toEncodedString(final byte[] bytes, final Charset charset) { charset = null;",892,
org/apache/commons/lang3/StringUtils.java,8969,NullifyInputVariable,public static int[] toCodePoints(final CharSequence cs) {,public static int[] toCodePoints(final CharSequence cs) { cs = null;,893,
org/apache/commons/lang3/StringUtils.java,8929,NullifyInputVariable,public static String swapCase(final String str) {,public static String swapCase(final String str) { str = null;,894,
org/apache/commons/lang3/StringUtils.java,8871,NullifyInputVariable,"public static String[] substringsBetween(final String str, final String open, final String close) {","public static String[] substringsBetween(final String str, final String open, final String close) { close = null;",895,
org/apache/commons/lang3/StringUtils.java,8871,NullifyInputVariable,"public static String[] substringsBetween(final String str, final String open, final String close) {","public static String[] substringsBetween(final String str, final String open, final String close) { open = null;",896,
org/apache/commons/lang3/StringUtils.java,8871,NullifyInputVariable,"public static String[] substringsBetween(final String str, final String open, final String close) {","public static String[] substringsBetween(final String str, final String open, final String close) { str = null;",897,
org/apache/commons/lang3/StringUtils.java,8835,NullifyInputVariable,"public static String substringBetween(final String str, final String open, final String close) {","public static String substringBetween(final String str, final String open, final String close) { close = null;",898,
org/apache/commons/lang3/StringUtils.java,8835,NullifyInputVariable,"public static String substringBetween(final String str, final String open, final String close) {","public static String substringBetween(final String str, final String open, final String close) { open = null;",899,
org/apache/commons/lang3/StringUtils.java,8835,NullifyInputVariable,"public static String substringBetween(final String str, final String open, final String close) {","public static String substringBetween(final String str, final String open, final String close) { str = null;",900,
org/apache/commons/lang3/StringUtils.java,8804,NullifyInputVariable,"public static String substringBetween(final String str, final String tag) {","public static String substringBetween(final String str, final String tag) { tag = null;",901,
org/apache/commons/lang3/StringUtils.java,8804,NullifyInputVariable,"public static String substringBetween(final String str, final String tag) {","public static String substringBetween(final String str, final String tag) { str = null;",902,
org/apache/commons/lang3/StringUtils.java,8772,NullifyInputVariable,"public static String substringBeforeLast(final String str, final String separator) {","public static String substringBeforeLast(final String str, final String separator) { separator = null;",903,
org/apache/commons/lang3/StringUtils.java,8772,NullifyInputVariable,"public static String substringBeforeLast(final String str, final String separator) {","public static String substringBeforeLast(final String str, final String separator) { str = null;",904,
org/apache/commons/lang3/StringUtils.java,8731,NullifyInputVariable,"public static String substringBefore(final String str, final String separator) {","public static String substringBefore(final String str, final String separator) { separator = null;",905,
org/apache/commons/lang3/StringUtils.java,8731,NullifyInputVariable,"public static String substringBefore(final String str, final String separator) {","public static String substringBefore(final String str, final String separator) { str = null;",906,
org/apache/commons/lang3/StringUtils.java,8693,NullifyInputVariable,"public static String substringBefore(final String str, final int separator) {","public static String substringBefore(final String str, final int separator) { str = null;",907,
org/apache/commons/lang3/StringUtils.java,8654,NullifyInputVariable,"public static String substringAfterLast(final String str, final String separator) {","public static String substringAfterLast(final String str, final String separator) { separator = null;",908,
org/apache/commons/lang3/StringUtils.java,8654,NullifyInputVariable,"public static String substringAfterLast(final String str, final String separator) {","public static String substringAfterLast(final String str, final String separator) { str = null;",909,
org/apache/commons/lang3/StringUtils.java,8614,NullifyInputVariable,"public static String substringAfterLast(final String str, final int separator) {","public static String substringAfterLast(final String str, final int separator) { str = null;",910,
org/apache/commons/lang3/StringUtils.java,8574,NullifyInputVariable,"public static String substringAfter(final String str, final String separator) {","public static String substringAfter(final String str, final String separator) { separator = null;",911,
org/apache/commons/lang3/StringUtils.java,8574,NullifyInputVariable,"public static String substringAfter(final String str, final String separator) {","public static String substringAfter(final String str, final String separator) { str = null;",912,
org/apache/commons/lang3/StringUtils.java,8535,NullifyInputVariable,"public static String substringAfter(final String str, final int separator) {","public static String substringAfter(final String str, final int separator) { str = null;",913,
org/apache/commons/lang3/StringUtils.java,8477,NullifyInputVariable,"public static String substring(final String str, int start, int end) {","public static String substring(final String str, int start, int end) { str = null;",914,
org/apache/commons/lang3/StringUtils.java,8422,NullifyInputVariable,"public static String substring(final String str, int start) {","public static String substring(final String str, int start) { str = null;",915,
org/apache/commons/lang3/StringUtils.java,8363,NullifyInputVariable,public static String stripToEmpty(final String str) {,public static String stripToEmpty(final String str) { str = null;,917,
org/apache/commons/lang3/StringUtils.java,8321,NullifyInputVariable,"public static String stripStart(final String str, final String stripChars) {","public static String stripStart(final String str, final String stripChars) { stripChars = null;",918,
org/apache/commons/lang3/StringUtils.java,8321,NullifyInputVariable,"public static String stripStart(final String str, final String stripChars) {","public static String stripStart(final String str, final String stripChars) { str = null;",919,
org/apache/commons/lang3/StringUtils.java,8277,NullifyInputVariable,"public static String stripEnd(final String str, final String stripChars) {","public static String stripEnd(final String str, final String stripChars) { stripChars = null;",920,
org/apache/commons/lang3/StringUtils.java,8277,NullifyInputVariable,"public static String stripEnd(final String str, final String stripChars) {","public static String stripEnd(final String str, final String stripChars) { str = null;",921,
org/apache/commons/lang3/StringUtils.java,8242,NullifyInputVariable,"public static String[] stripAll(final String[] strs, final String stripChars) {","public static String[] stripAll(final String[] strs, final String stripChars) { stripChars = null;",922,
org/apache/commons/lang3/StringUtils.java,8242,NullifyInputVariable,"public static String[] stripAll(final String[] strs, final String stripChars) {","public static String[] stripAll(final String[] strs, final String stripChars) { strs = null;",923,
org/apache/commons/lang3/StringUtils.java,8213,NullifyInputVariable,public static String[] stripAll(final String... strs) {,public static String[] stripAll(final String... strs) { strs = null;,924,
org/apache/commons/lang3/StringUtils.java,8185,NullifyInputVariable,public static String stripAccents(final String input) {,public static String stripAccents(final String input) { input = null;,925,
org/apache/commons/lang3/StringUtils.java,8161,NullifyInputVariable,"public static String strip(String str, final String stripChars) {","public static String strip(String str, final String stripChars) { stripChars = null;",926,
org/apache/commons/lang3/StringUtils.java,8131,NullifyInputVariable,public static String strip(final String str) {,public static String strip(final String str) { str = null;,928,
org/apache/commons/lang3/StringUtils.java,8105,NullifyInputVariable,"public static boolean startsWithIgnoreCase(final CharSequence str, final CharSequence prefix) {","public static boolean startsWithIgnoreCase(final CharSequence str, final CharSequence prefix) { prefix = null;",929,
org/apache/commons/lang3/StringUtils.java,8105,NullifyInputVariable,"public static boolean startsWithIgnoreCase(final CharSequence str, final CharSequence prefix) {","public static boolean startsWithIgnoreCase(final CharSequence str, final CharSequence prefix) { str = null;",930,
org/apache/commons/lang3/StringUtils.java,8071,NullifyInputVariable,"public static boolean startsWithAny(final CharSequence sequence, final CharSequence... searchStrings) {","public static boolean startsWithAny(final CharSequence sequence, final CharSequence... searchStrings) { searchStrings = null;",931,
org/apache/commons/lang3/StringUtils.java,8071,NullifyInputVariable,"public static boolean startsWithAny(final CharSequence sequence, final CharSequence... searchStrings) {","public static boolean startsWithAny(final CharSequence sequence, final CharSequence... searchStrings) { sequence = null;",932,
org/apache/commons/lang3/StringUtils.java,8037,NullifyInputVariable,"private static boolean startsWith(final CharSequence str, final CharSequence prefix, final boolean ignoreCase) {","private static boolean startsWith(final CharSequence str, final CharSequence prefix, final boolean ignoreCase) { prefix = null;",933,
org/apache/commons/lang3/StringUtils.java,8037,NullifyInputVariable,"private static boolean startsWith(final CharSequence str, final CharSequence prefix, final boolean ignoreCase) {","private static boolean startsWith(final CharSequence str, final CharSequence prefix, final boolean ignoreCase) { str = null;",934,
org/apache/commons/lang3/StringUtils.java,8022,NullifyInputVariable,"public static boolean startsWith(final CharSequence str, final CharSequence prefix) {","public static boolean startsWith(final CharSequence str, final CharSequence prefix) { prefix = null;",935,
org/apache/commons/lang3/StringUtils.java,8022,NullifyInputVariable,"public static boolean startsWith(final CharSequence str, final CharSequence prefix) {","public static boolean startsWith(final CharSequence str, final CharSequence prefix) { str = null;",936,
org/apache/commons/lang3/StringUtils.java,7914,NullifyInputVariable,"private static String[] splitWorker(final String str, final String separatorChars, final int max, final boolean preserveAllTokens) {","private static String[] splitWorker(final String str, final String separatorChars, final int max, final boolean preserveAllTokens) { separatorChars = null;",937,
org/apache/commons/lang3/StringUtils.java,7914,NullifyInputVariable,"private static String[] splitWorker(final String str, final String separatorChars, final int max, final boolean preserveAllTokens) {","private static String[] splitWorker(final String str, final String separatorChars, final int max, final boolean preserveAllTokens) { str = null;",938,
org/apache/commons/lang3/StringUtils.java,7866,NullifyInputVariable,"private static String[] splitWorker(final String str, final char separatorChar, final boolean preserveAllTokens) {","private static String[] splitWorker(final String str, final char separatorChar, final boolean preserveAllTokens) { str = null;",939,
org/apache/commons/lang3/StringUtils.java,7850,NullifyInputVariable,"public static String[] splitPreserveAllTokens(final String str, final String separatorChars, final int max) {","public static String[] splitPreserveAllTokens(final String str, final String separatorChars, final int max) { separatorChars = null;",940,
org/apache/commons/lang3/StringUtils.java,7850,NullifyInputVariable,"public static String[] splitPreserveAllTokens(final String str, final String separatorChars, final int max) {","public static String[] splitPreserveAllTokens(final String str, final String separatorChars, final int max) { str = null;",941,
org/apache/commons/lang3/StringUtils.java,7810,NullifyInputVariable,"public static String[] splitPreserveAllTokens(final String str, final String separatorChars) {","public static String[] splitPreserveAllTokens(final String str, final String separatorChars) { separatorChars = null;",942,
org/apache/commons/lang3/StringUtils.java,7810,NullifyInputVariable,"public static String[] splitPreserveAllTokens(final String str, final String separatorChars) {","public static String[] splitPreserveAllTokens(final String str, final String separatorChars) { str = null;",943,
org/apache/commons/lang3/StringUtils.java,7773,NullifyInputVariable,"public static String[] splitPreserveAllTokens(final String str, final char separatorChar) {","public static String[] splitPreserveAllTokens(final String str, final char separatorChar) { str = null;",944,
org/apache/commons/lang3/StringUtils.java,7737,NullifyInputVariable,public static String[] splitPreserveAllTokens(final String str) {,public static String[] splitPreserveAllTokens(final String str) { str = null;,945,
org/apache/commons/lang3/StringUtils.java,7648,NullifyInputVariable,"final String str, final String separator, final int max, final boolean preserveAllTokens) {","final String str, final String separator, final int max, final boolean preserveAllTokens) { separator = null;",946,
org/apache/commons/lang3/StringUtils.java,7648,NullifyInputVariable,"final String str, final String separator, final int max, final boolean preserveAllTokens) {","final String str, final String separator, final int max, final boolean preserveAllTokens) { str = null;",947,
org/apache/commons/lang3/StringUtils.java,7629,NullifyInputVariable,"public static String[] splitByWholeSeparatorPreserveAllTokens(final String str, final String separator, final int max) {","public static String[] splitByWholeSeparatorPreserveAllTokens(final String str, final String separator, final int max) { separator = null;",948,
org/apache/commons/lang3/StringUtils.java,7629,NullifyInputVariable,"public static String[] splitByWholeSeparatorPreserveAllTokens(final String str, final String separator, final int max) {","public static String[] splitByWholeSeparatorPreserveAllTokens(final String str, final String separator, final int max) { str = null;",949,
org/apache/commons/lang3/StringUtils.java,7596,NullifyInputVariable,"public static String[] splitByWholeSeparatorPreserveAllTokens(final String str, final String separator) {","public static String[] splitByWholeSeparatorPreserveAllTokens(final String str, final String separator) { separator = null;",950,
org/apache/commons/lang3/StringUtils.java,7596,NullifyInputVariable,"public static String[] splitByWholeSeparatorPreserveAllTokens(final String str, final String separator) {","public static String[] splitByWholeSeparatorPreserveAllTokens(final String str, final String separator) { str = null;",951,
org/apache/commons/lang3/StringUtils.java,7567,NullifyInputVariable,"public static String[] splitByWholeSeparator( final String str, final String separator, final int max) {","public static String[] splitByWholeSeparator( final String str, final String separator, final int max) { separator = null;",952,
org/apache/commons/lang3/StringUtils.java,7567,NullifyInputVariable,"public static String[] splitByWholeSeparator( final String str, final String separator, final int max) {","public static String[] splitByWholeSeparator( final String str, final String separator, final int max) { str = null;",953,
org/apache/commons/lang3/StringUtils.java,7536,NullifyInputVariable,"public static String[] splitByWholeSeparator(final String str, final String separator) {","public static String[] splitByWholeSeparator(final String str, final String separator) { separator = null;",954,
org/apache/commons/lang3/StringUtils.java,7536,NullifyInputVariable,"public static String[] splitByWholeSeparator(final String str, final String separator) {","public static String[] splitByWholeSeparator(final String str, final String separator) { str = null;",955,
org/apache/commons/lang3/StringUtils.java,7509,NullifyInputVariable,public static String[] splitByCharacterTypeCamelCase(final String str) {,public static String[] splitByCharacterTypeCamelCase(final String str) { str = null;,956,
org/apache/commons/lang3/StringUtils.java,7453,NullifyInputVariable,"private static String[] splitByCharacterType(final String str, final boolean camelCase) {","private static String[] splitByCharacterType(final String str, final boolean camelCase) { str = null;",957,
org/apache/commons/lang3/StringUtils.java,7435,NullifyInputVariable,public static String[] splitByCharacterType(final String str) {,public static String[] splitByCharacterType(final String str) { str = null;,958,
org/apache/commons/lang3/StringUtils.java,7412,NullifyInputVariable,"public static String[] split(final String str, final String separatorChars, final int max) {","public static String[] split(final String str, final String separatorChars, final int max) { separatorChars = null;",959,
org/apache/commons/lang3/StringUtils.java,7412,NullifyInputVariable,"public static String[] split(final String str, final String separatorChars, final int max) {","public static String[] split(final String str, final String separatorChars, final int max) { str = null;",960,
org/apache/commons/lang3/StringUtils.java,7378,NullifyInputVariable,"public static String[] split(final String str, final String separatorChars) {","public static String[] split(final String str, final String separatorChars) { separatorChars = null;",961,
org/apache/commons/lang3/StringUtils.java,7378,NullifyInputVariable,"public static String[] split(final String str, final String separatorChars) {","public static String[] split(final String str, final String separatorChars) { str = null;",962,
org/apache/commons/lang3/StringUtils.java,7349,NullifyInputVariable,"public static String[] split(final String str, final char separatorChar) {","public static String[] split(final String str, final char separatorChar) { str = null;",963,
org/apache/commons/lang3/StringUtils.java,7321,NullifyInputVariable,public static String[] split(final String str) {,public static String[] split(final String str) { str = null;,964,
org/apache/commons/lang3/StringUtils.java,7282,NullifyInputVariable,"public static String rotate(final String str, final int shift) {","public static String rotate(final String str, final int shift) { str = null;",965,
org/apache/commons/lang3/StringUtils.java,7225,NullifyInputVariable,"public static String rightPad(final String str, final int size, String padStr) {","public static String rightPad(final String str, final int size, String padStr) { str = null;",967,
org/apache/commons/lang3/StringUtils.java,7188,NullifyInputVariable,"public static String rightPad(final String str, final int size, final char padChar) {","public static String rightPad(final String str, final int size, final char padChar) { str = null;",968,
org/apache/commons/lang3/StringUtils.java,7163,NullifyInputVariable,"public static String rightPad(final String str, final int size) {","public static String rightPad(final String str, final int size) { str = null;",969,
org/apache/commons/lang3/StringUtils.java,7131,NullifyInputVariable,"public static String right(final String str, final int len) {","public static String right(final String str, final int len) { str = null;",970,
org/apache/commons/lang3/StringUtils.java,7105,NullifyInputVariable,"public static String reverseDelimited(final String str, final char separatorChar) {","public static String reverseDelimited(final String str, final char separatorChar) { str = null;",971,
org/apache/commons/lang3/StringUtils.java,7079,NullifyInputVariable,public static String reverse(final String str) {,public static String reverse(final String str) { str = null;,972,
org/apache/commons/lang3/StringUtils.java,7061,NullifyInputVariable,"public static String replacePattern(final String source, final String regex, final String replacement) {","public static String replacePattern(final String source, final String regex, final String replacement) { replacement = null;",973,
org/apache/commons/lang3/StringUtils.java,7061,NullifyInputVariable,"public static String replacePattern(final String source, final String regex, final String replacement) {","public static String replacePattern(final String source, final String regex, final String replacement) { regex = null;",974,
org/apache/commons/lang3/StringUtils.java,7061,NullifyInputVariable,"public static String replacePattern(final String source, final String regex, final String replacement) {","public static String replacePattern(final String source, final String regex, final String replacement) { source = null;",975,
org/apache/commons/lang3/StringUtils.java,7015,NullifyInputVariable,"public static String replaceOnceIgnoreCase(final String text, final String searchString, final String replacement) {","public static String replaceOnceIgnoreCase(final String text, final String searchString, final String replacement) { replacement = null;",976,
org/apache/commons/lang3/StringUtils.java,7015,NullifyInputVariable,"public static String replaceOnceIgnoreCase(final String text, final String searchString, final String replacement) {","public static String replaceOnceIgnoreCase(final String text, final String searchString, final String replacement) { searchString = null;",977,
org/apache/commons/lang3/StringUtils.java,7015,NullifyInputVariable,"public static String replaceOnceIgnoreCase(final String text, final String searchString, final String replacement) {","public static String replaceOnceIgnoreCase(final String text, final String searchString, final String replacement) { text = null;",978,
org/apache/commons/lang3/StringUtils.java,6986,NullifyInputVariable,"public static String replaceOnce(final String text, final String searchString, final String replacement) {","public static String replaceOnce(final String text, final String searchString, final String replacement) { replacement = null;",979,
org/apache/commons/lang3/StringUtils.java,6986,NullifyInputVariable,"public static String replaceOnce(final String text, final String searchString, final String replacement) {","public static String replaceOnce(final String text, final String searchString, final String replacement) { searchString = null;",980,
org/apache/commons/lang3/StringUtils.java,6986,NullifyInputVariable,"public static String replaceOnce(final String text, final String searchString, final String replacement) {","public static String replaceOnce(final String text, final String searchString, final String replacement) { text = null;",981,
org/apache/commons/lang3/StringUtils.java,6959,NullifyInputVariable,"public static String replaceIgnoreCase(final String text, final String searchString, final String replacement, final int max) {","public static String replaceIgnoreCase(final String text, final String searchString, final String replacement, final int max) { replacement = null;",982,
org/apache/commons/lang3/StringUtils.java,6959,NullifyInputVariable,"public static String replaceIgnoreCase(final String text, final String searchString, final String replacement, final int max) {","public static String replaceIgnoreCase(final String text, final String searchString, final String replacement, final int max) { searchString = null;",983,
org/apache/commons/lang3/StringUtils.java,6959,NullifyInputVariable,"public static String replaceIgnoreCase(final String text, final String searchString, final String replacement, final int max) {","public static String replaceIgnoreCase(final String text, final String searchString, final String replacement, final int max) { text = null;",984,
org/apache/commons/lang3/StringUtils.java,6926,NullifyInputVariable,"public static String replaceIgnoreCase(final String text, final String searchString, final String replacement) {","public static String replaceIgnoreCase(final String text, final String searchString, final String replacement) { replacement = null;",985,
org/apache/commons/lang3/StringUtils.java,6926,NullifyInputVariable,"public static String replaceIgnoreCase(final String text, final String searchString, final String replacement) {","public static String replaceIgnoreCase(final String text, final String searchString, final String replacement) { searchString = null;",986,
org/apache/commons/lang3/StringUtils.java,6926,NullifyInputVariable,"public static String replaceIgnoreCase(final String text, final String searchString, final String replacement) {","public static String replaceIgnoreCase(final String text, final String searchString, final String replacement) { text = null;",987,
org/apache/commons/lang3/StringUtils.java,6898,NullifyInputVariable,"public static String replaceFirst(final String text, final String regex, final String replacement) {","public static String replaceFirst(final String text, final String regex, final String replacement) { replacement = null;",988,
org/apache/commons/lang3/StringUtils.java,6898,NullifyInputVariable,"public static String replaceFirst(final String text, final String regex, final String replacement) {","public static String replaceFirst(final String text, final String regex, final String replacement) { regex = null;",989,
org/apache/commons/lang3/StringUtils.java,6898,NullifyInputVariable,"public static String replaceFirst(final String text, final String regex, final String replacement) {","public static String replaceFirst(final String text, final String regex, final String replacement) { text = null;",990,
org/apache/commons/lang3/StringUtils.java,6845,NullifyInputVariable,"public static String replaceEachRepeatedly(final String text, final String[] searchList, final String[] replacementList) {","public static String replaceEachRepeatedly(final String text, final String[] searchList, final String[] replacementList) { replacementList = null;",991,
org/apache/commons/lang3/StringUtils.java,6845,NullifyInputVariable,"public static String replaceEachRepeatedly(final String text, final String[] searchList, final String[] replacementList) {","public static String replaceEachRepeatedly(final String text, final String[] searchList, final String[] replacementList) { searchList = null;",992,
org/apache/commons/lang3/StringUtils.java,6845,NullifyInputVariable,"public static String replaceEachRepeatedly(final String text, final String[] searchList, final String[] replacementList) {","public static String replaceEachRepeatedly(final String text, final String[] searchList, final String[] replacementList) { text = null;",993,
org/apache/commons/lang3/StringUtils.java,6681,NullifyInputVariable,"final String text, final String[] searchList, final String[] replacementList, final boolean repeat, final int timeToLive) {","final String text, final String[] searchList, final String[] replacementList, final boolean repeat, final int timeToLive) { replacementList = null;",994,
org/apache/commons/lang3/StringUtils.java,6681,NullifyInputVariable,"final String text, final String[] searchList, final String[] replacementList, final boolean repeat, final int timeToLive) {","final String text, final String[] searchList, final String[] replacementList, final boolean repeat, final int timeToLive) { searchList = null;",995,
org/apache/commons/lang3/StringUtils.java,6681,NullifyInputVariable,"final String text, final String[] searchList, final String[] replacementList, final boolean repeat, final int timeToLive) {","final String text, final String[] searchList, final String[] replacementList, final boolean repeat, final int timeToLive) { text = null;",996,
org/apache/commons/lang3/StringUtils.java,6628,NullifyInputVariable,"public static String replaceEach(final String text, final String[] searchList, final String[] replacementList) {","public static String replaceEach(final String text, final String[] searchList, final String[] replacementList) { replacementList = null;",997,
org/apache/commons/lang3/StringUtils.java,6628,NullifyInputVariable,"public static String replaceEach(final String text, final String[] searchList, final String[] replacementList) {","public static String replaceEach(final String text, final String[] searchList, final String[] replacementList) { searchList = null;",998,
org/apache/commons/lang3/StringUtils.java,6628,NullifyInputVariable,"public static String replaceEach(final String text, final String[] searchList, final String[] replacementList) {","public static String replaceEach(final String text, final String[] searchList, final String[] replacementList) { text = null;",999,
org/apache/commons/lang3/SystemProperties.java,3983,NullifyInputVariable,public static String getUserName(final String defaultValue) {,public static String getUserName(final String defaultValue) { defaultValue = null;,205,
org/apache/commons/lang3/SystemProperties.java,3715,NullifyInputVariable,"static String getProperty(final String property, final Supplier<String> defaultIfAbsent) {","static String getProperty(final String property, final Supplier<String> defaultIfAbsent) { defaultIfAbsent = null;",206,
org/apache/commons/lang3/SystemProperties.java,3715,NullifyInputVariable,"static String getProperty(final String property, final Supplier<String> defaultIfAbsent) {","static String getProperty(final String property, final Supplier<String> defaultIfAbsent) { property = null;",207,
org/apache/commons/lang3/SystemProperties.java,3701,NullifyInputVariable,"static String getProperty(final String property, final String defaultIfAbsent) {","static String getProperty(final String property, final String defaultIfAbsent) { defaultIfAbsent = null;",208,
org/apache/commons/lang3/SystemProperties.java,3701,NullifyInputVariable,"static String getProperty(final String property, final String defaultIfAbsent) {","static String getProperty(final String property, final String defaultIfAbsent) { property = null;",209,
org/apache/commons/lang3/SystemProperties.java,3687,NullifyInputVariable,public static String getProperty(final String property) {,public static String getProperty(final String property) { property = null;,210,
org/apache/commons/lang3/SystemProperties.java,3547,NullifyInputVariable,"public static long getLong(final String key, final LongSupplier defaultIfAbsent) {","public static long getLong(final String key, final LongSupplier defaultIfAbsent) { defaultIfAbsent = null;",211,
org/apache/commons/lang3/SystemProperties.java,3547,NullifyInputVariable,"public static long getLong(final String key, final LongSupplier defaultIfAbsent) {","public static long getLong(final String key, final LongSupplier defaultIfAbsent) { key = null;",212,
org/apache/commons/lang3/SystemProperties.java,3536,NullifyInputVariable,public static String getLineSeparator(final Supplier<String> defaultIfAbsent) {,public static String getLineSeparator(final Supplier<String> defaultIfAbsent) { defaultIfAbsent = null;,213,
org/apache/commons/lang3/SystemProperties.java,2338,NullifyInputVariable,public static String getJavaSpecificationVersion(final String defaultValue) {,public static String getJavaSpecificationVersion(final String defaultValue) { defaultValue = null;,214,
org/apache/commons/lang3/SystemProperties.java,1831,NullifyInputVariable,"public static int getInt(final String key, final IntSupplier defaultIfAbsent) {","public static int getInt(final String key, final IntSupplier defaultIfAbsent) { defaultIfAbsent = null;",215,
org/apache/commons/lang3/SystemProperties.java,1831,NullifyInputVariable,"public static int getInt(final String key, final IntSupplier defaultIfAbsent) {","public static int getInt(final String key, final IntSupplier defaultIfAbsent) { key = null;",216,
org/apache/commons/lang3/SystemProperties.java,1519,NullifyInputVariable,"public static boolean getBoolean(final String key, final BooleanSupplier defaultIfAbsent) {","public static boolean getBoolean(final String key, final BooleanSupplier defaultIfAbsent) { defaultIfAbsent = null;",217,
org/apache/commons/lang3/SystemProperties.java,1519,NullifyInputVariable,"public static boolean getBoolean(final String key, final BooleanSupplier defaultIfAbsent) {","public static boolean getBoolean(final String key, final BooleanSupplier defaultIfAbsent) { key = null;",218,
org/apache/commons/lang3/SystemUtils.java,2174,NullifyInputVariable,"static boolean isOsVersionMatch(final String osVersion, final String osVersionPrefix) {","static boolean isOsVersionMatch(final String osVersion, final String osVersionPrefix) { osVersionPrefix = null;",28,
org/apache/commons/lang3/SystemUtils.java,2174,NullifyInputVariable,"static boolean isOsVersionMatch(final String osVersion, final String osVersionPrefix) {","static boolean isOsVersionMatch(final String osVersion, final String osVersionPrefix) { osVersion = null;",29,
org/apache/commons/lang3/SystemUtils.java,2157,NullifyInputVariable,"static boolean isOsNameMatch(final String osName, final String osNamePrefix) {","static boolean isOsNameMatch(final String osName, final String osNamePrefix) { osNamePrefix = null;",30,
org/apache/commons/lang3/SystemUtils.java,2157,NullifyInputVariable,"static boolean isOsNameMatch(final String osName, final String osNamePrefix) {","static boolean isOsNameMatch(final String osName, final String osNamePrefix) { osName = null;",31,
org/apache/commons/lang3/SystemUtils.java,2140,NullifyInputVariable,"static boolean isOsMatch(final String osName, final String osVersion, final String osNamePrefix, final String osVersionPrefix) {","static boolean isOsMatch(final String osName, final String osVersion, final String osNamePrefix, final String osVersionPrefix) { osVersionPrefix = null;",32,
org/apache/commons/lang3/SystemUtils.java,2140,NullifyInputVariable,"static boolean isOsMatch(final String osName, final String osVersion, final String osNamePrefix, final String osVersionPrefix) {","static boolean isOsMatch(final String osName, final String osVersion, final String osNamePrefix, final String osVersionPrefix) { osNamePrefix = null;",33,
org/apache/commons/lang3/SystemUtils.java,2140,NullifyInputVariable,"static boolean isOsMatch(final String osName, final String osVersion, final String osNamePrefix, final String osVersionPrefix) {","static boolean isOsMatch(final String osName, final String osVersion, final String osNamePrefix, final String osVersionPrefix) { osVersion = null;",34,
org/apache/commons/lang3/SystemUtils.java,2140,NullifyInputVariable,"static boolean isOsMatch(final String osName, final String osVersion, final String osNamePrefix, final String osVersionPrefix) {","static boolean isOsMatch(final String osName, final String osVersion, final String osNamePrefix, final String osVersionPrefix) { osName = null;",35,
org/apache/commons/lang3/SystemUtils.java,2121,NullifyInputVariable,"static boolean isJavaVersionMatch(final String version, final String versionPrefix) {","static boolean isJavaVersionMatch(final String version, final String versionPrefix) { versionPrefix = null;",36,
org/apache/commons/lang3/SystemUtils.java,2121,NullifyInputVariable,"static boolean isJavaVersionMatch(final String version, final String versionPrefix) {","static boolean isJavaVersionMatch(final String version, final String versionPrefix) { version = null;",37,
org/apache/commons/lang3/SystemUtils.java,2106,NullifyInputVariable,public static boolean isJavaVersionAtMost(final JavaVersion requiredVersion) {,public static boolean isJavaVersionAtMost(final JavaVersion requiredVersion) { requiredVersion = null;,38,
org/apache/commons/lang3/SystemUtils.java,2091,NullifyInputVariable,public static boolean isJavaVersionAtLeast(final JavaVersion requiredVersion) {,public static boolean isJavaVersionAtLeast(final JavaVersion requiredVersion) { requiredVersion = null;,39,
org/apache/commons/lang3/SystemUtils.java,2069,NullifyInputVariable,public static String getUserName(final String defaultValue) {,public static String getUserName(final String defaultValue) { defaultValue = null;,40,
org/apache/commons/lang3/SystemUtils.java,2012,NullifyInputVariable,private static boolean getOsMatchesName(final String osNamePrefix) {,private static boolean getOsMatchesName(final String osNamePrefix) { osNamePrefix = null;,41,
org/apache/commons/lang3/SystemUtils.java,2002,NullifyInputVariable,"private static boolean getOsMatches(final String osNamePrefix, final String osVersionPrefix) {","private static boolean getOsMatches(final String osNamePrefix, final String osVersionPrefix) { osVersionPrefix = null;",42,
org/apache/commons/lang3/SystemUtils.java,2002,NullifyInputVariable,"private static boolean getOsMatches(final String osNamePrefix, final String osVersionPrefix) {","private static boolean getOsMatches(final String osNamePrefix, final String osVersionPrefix) { osNamePrefix = null;",43,
org/apache/commons/lang3/SystemUtils.java,1991,NullifyInputVariable,private static boolean getJavaVersionMatches(final String versionPrefix) {,private static boolean getJavaVersionMatches(final String versionPrefix) { versionPrefix = null;,44,
org/apache/commons/lang3/SystemUtils.java,1933,NullifyInputVariable,"public static String getEnvironmentVariable(final String name, final String defaultValue) {","public static String getEnvironmentVariable(final String name, final String defaultValue) { defaultValue = null;",45,
org/apache/commons/lang3/SystemUtils.java,1933,NullifyInputVariable,"public static String getEnvironmentVariable(final String name, final String defaultValue) {","public static String getEnvironmentVariable(final String name, final String defaultValue) { name = null;",46,
org/apache/commons/lang3/SystemUtils.java,2182,RelationalOperatorReplacement,"for (int i = 0; i < Math.min(versionPrefixParts.length, versionParts.length); i++) {","for (int i = 0; i >= Math.min(versionPrefixParts.length, versionParts.length); i++) {",84,
org/apache/commons/lang3/ThreadUtils.java,378,RelationalOperatorReplacement,} while (count >= threads.length);,} while (count < threads.length);,124,
org/apache/commons/lang3/ThreadUtils.java,286,RelationalOperatorReplacement,} while (count >= threadGroups.length);,} while (count < threadGroups.length);,125,
org/apache/commons/lang3/ThreadUtils.java,193,RelationalOperatorReplacement,if (threadId <= 0) {,if (threadId > 0) {,131,
org/apache/commons/lang3/ThreadUtils.java,135,RelationalOperatorReplacement,if (threadId <= 0) {,if (threadId > 0) {,134,
org/apache/commons/lang3/ThreadUtils.java,564,NullifyInputVariable,public static void sleepQuietly(final Duration duration) {,public static void sleepQuietly(final Duration duration) { duration = null;,50,
org/apache/commons/lang3/ThreadUtils.java,551,NullifyInputVariable,public static void sleep(final Duration duration) throws InterruptedException {,public static void sleep(final Duration duration) throws InterruptedException { duration = null;,51,
org/apache/commons/lang3/ThreadUtils.java,539,NullifyInputVariable,private static Predicate<ThreadGroup> predicateThreadGroup(final String threadGroupName) {,private static Predicate<ThreadGroup> predicateThreadGroup(final String threadGroupName) { threadGroupName = null;,52,
org/apache/commons/lang3/ThreadUtils.java,535,NullifyInputVariable,private static Predicate<Thread> predicateThread(final String threadName) {,private static Predicate<Thread> predicateThread(final String threadName) { threadName = null;,53,
org/apache/commons/lang3/ThreadUtils.java,531,NullifyInputVariable,"private static <T> Predicate<T> namePredicate(final String name, final Function<T, String> nameGetter) {","private static <T> Predicate<T> namePredicate(final String name, final Function<T, String> nameGetter) { nameGetter = null;",54,
org/apache/commons/lang3/ThreadUtils.java,531,NullifyInputVariable,"private static <T> Predicate<T> namePredicate(final String name, final Function<T, String> nameGetter) {","private static <T> Predicate<T> namePredicate(final String name, final Function<T, String> nameGetter) { name = null;",55,
org/apache/commons/lang3/ThreadUtils.java,527,NullifyInputVariable,"public static void join(final Thread thread, final Duration duration) throws InterruptedException {","public static void join(final Thread thread, final Duration duration) throws InterruptedException { duration = null;",56,
org/apache/commons/lang3/ThreadUtils.java,527,NullifyInputVariable,"public static void join(final Thread thread, final Duration duration) throws InterruptedException {","public static void join(final Thread thread, final Duration duration) throws InterruptedException { thread = null;",57,
org/apache/commons/lang3/ThreadUtils.java,468,NullifyInputVariable,"public static Collection<Thread> findThreadsByName(final String threadName, final ThreadGroup threadGroup) {","public static Collection<Thread> findThreadsByName(final String threadName, final ThreadGroup threadGroup) { threadGroup = null;",58,
org/apache/commons/lang3/ThreadUtils.java,468,NullifyInputVariable,"public static Collection<Thread> findThreadsByName(final String threadName, final ThreadGroup threadGroup) {","public static Collection<Thread> findThreadsByName(final String threadName, final ThreadGroup threadGroup) { threadName = null;",59,
org/apache/commons/lang3/ThreadUtils.java,447,NullifyInputVariable,"public static Collection<Thread> findThreadsByName(final String threadName, final String threadGroupName) {","public static Collection<Thread> findThreadsByName(final String threadName, final String threadGroupName) { threadGroupName = null;",60,
org/apache/commons/lang3/ThreadUtils.java,447,NullifyInputVariable,"public static Collection<Thread> findThreadsByName(final String threadName, final String threadGroupName) {","public static Collection<Thread> findThreadsByName(final String threadName, final String threadGroupName) { threadName = null;",61,
org/apache/commons/lang3/ThreadUtils.java,429,NullifyInputVariable,public static Collection<Thread> findThreadsByName(final String threadName) {,public static Collection<Thread> findThreadsByName(final String threadName) { threadName = null;,62,
org/apache/commons/lang3/ThreadUtils.java,413,NullifyInputVariable,public static Collection<Thread> findThreads(final ThreadPredicate predicate) {,public static Collection<Thread> findThreads(final ThreadPredicate predicate) { predicate = null;,63,
org/apache/commons/lang3/ThreadUtils.java,395,NullifyInputVariable,"public static Collection<Thread> findThreads(final ThreadGroup threadGroup, final boolean recurse, final ThreadPredicate predicate) {","public static Collection<Thread> findThreads(final ThreadGroup threadGroup, final boolean recurse, final ThreadPredicate predicate) { predicate = null;",64,
org/apache/commons/lang3/ThreadUtils.java,395,NullifyInputVariable,"public static Collection<Thread> findThreads(final ThreadGroup threadGroup, final boolean recurse, final ThreadPredicate predicate) {","public static Collection<Thread> findThreads(final ThreadGroup threadGroup, final boolean recurse, final ThreadPredicate predicate) { threadGroup = null;",65,
org/apache/commons/lang3/ThreadUtils.java,369,NullifyInputVariable,"public static Collection<Thread> findThreads(final ThreadGroup threadGroup, final boolean recurse, final Predicate<Thread> predicate) {","public static Collection<Thread> findThreads(final ThreadGroup threadGroup, final boolean recurse, final Predicate<Thread> predicate) { predicate = null;",66,
org/apache/commons/lang3/ThreadUtils.java,369,NullifyInputVariable,"public static Collection<Thread> findThreads(final ThreadGroup threadGroup, final boolean recurse, final Predicate<Thread> predicate) {","public static Collection<Thread> findThreads(final ThreadGroup threadGroup, final boolean recurse, final Predicate<Thread> predicate) { threadGroup = null;",67,
org/apache/commons/lang3/ThreadUtils.java,353,NullifyInputVariable,public static Collection<Thread> findThreads(final Predicate<Thread> predicate) {,public static Collection<Thread> findThreads(final Predicate<Thread> predicate) { predicate = null;,68,
org/apache/commons/lang3/ThreadUtils.java,336,NullifyInputVariable,public static Collection<ThreadGroup> findThreadGroupsByName(final String threadGroupName) {,public static Collection<ThreadGroup> findThreadGroupsByName(final String threadGroupName) { threadGroupName = null;,69,
org/apache/commons/lang3/ThreadUtils.java,320,NullifyInputVariable,public static Collection<ThreadGroup> findThreadGroups(final ThreadGroupPredicate predicate) {,public static Collection<ThreadGroup> findThreadGroups(final ThreadGroupPredicate predicate) { predicate = null;,70,
org/apache/commons/lang3/ThreadUtils.java,303,NullifyInputVariable,"public static Collection<ThreadGroup> findThreadGroups(final ThreadGroup threadGroup, final boolean recurse, final ThreadGroupPredicate predicate) {","public static Collection<ThreadGroup> findThreadGroups(final ThreadGroup threadGroup, final boolean recurse, final ThreadGroupPredicate predicate) { predicate = null;",71,
org/apache/commons/lang3/ThreadUtils.java,303,NullifyInputVariable,"public static Collection<ThreadGroup> findThreadGroups(final ThreadGroup threadGroup, final boolean recurse, final ThreadGroupPredicate predicate) {","public static Collection<ThreadGroup> findThreadGroups(final ThreadGroup threadGroup, final boolean recurse, final ThreadGroupPredicate predicate) { threadGroup = null;",72,
org/apache/commons/lang3/ThreadUtils.java,276,NullifyInputVariable,"public static Collection<ThreadGroup> findThreadGroups(final ThreadGroup threadGroup, final boolean recurse, final Predicate<ThreadGroup> predicate) {","public static Collection<ThreadGroup> findThreadGroups(final ThreadGroup threadGroup, final boolean recurse, final Predicate<ThreadGroup> predicate) { predicate = null;",73,
org/apache/commons/lang3/ThreadUtils.java,276,NullifyInputVariable,"public static Collection<ThreadGroup> findThreadGroups(final ThreadGroup threadGroup, final boolean recurse, final Predicate<ThreadGroup> predicate) {","public static Collection<ThreadGroup> findThreadGroups(final ThreadGroup threadGroup, final boolean recurse, final Predicate<ThreadGroup> predicate) { threadGroup = null;",74,
org/apache/commons/lang3/ThreadUtils.java,260,NullifyInputVariable,public static Collection<ThreadGroup> findThreadGroups(final Predicate<ThreadGroup> predicate) {,public static Collection<ThreadGroup> findThreadGroups(final Predicate<ThreadGroup> predicate) { predicate = null;,75,
org/apache/commons/lang3/ThreadUtils.java,239,NullifyInputVariable,"public static Thread findThreadById(final long threadId, final ThreadGroup threadGroup) {","public static Thread findThreadById(final long threadId, final ThreadGroup threadGroup) { threadGroup = null;",76,
org/apache/commons/lang3/ThreadUtils.java,215,NullifyInputVariable,"public static Thread findThreadById(final long threadId, final String threadGroupName) {","public static Thread findThreadById(final long threadId, final String threadGroupName) { threadGroupName = null;",77,
org/apache/commons/lang3/ThreadUtils.java,142,NullifyInputVariable,public boolean test(final Thread thread) {,public boolean test(final Thread thread) { thread = null;,78,
org/apache/commons/lang3/ThreadUtils.java,95,NullifyInputVariable,public boolean test(final ThreadGroup threadGroup) {,public boolean test(final ThreadGroup threadGroup) { threadGroup = null;,79,
org/apache/commons/lang3/ThreadUtils.java,90,NullifyInputVariable,public boolean test(final Thread thread) {,public boolean test(final Thread thread) { thread = null;,80,
org/apache/commons/lang3/ThreadUtils.java,60,NullifyInputVariable,public boolean test(final ThreadGroup threadGroup) {,public boolean test(final ThreadGroup threadGroup) { threadGroup = null;,81,
org/apache/commons/lang3/ThreadUtils.java,55,NullifyInputVariable,public boolean test(final Thread thread) {,public boolean test(final Thread thread) { thread = null;,82,
org/apache/commons/lang3/Validate.java,757,NullifyInputVariable,public static <T extends CharSequence> T notBlank(final T chars) {,public static <T extends CharSequence> T notBlank(final T chars) { chars = null;,100,
org/apache/commons/lang3/Validate.java,728,NullifyInputVariable,"public static <T> T[] noNullElements(final T[] array, final String message, final Object... values) {","public static <T> T[] noNullElements(final T[] array, final String message, final Object... values) { values = null;",101,
org/apache/commons/lang3/Validate.java,728,NullifyInputVariable,"public static <T> T[] noNullElements(final T[] array, final String message, final Object... values) {","public static <T> T[] noNullElements(final T[] array, final String message, final Object... values) { message = null;",102,
org/apache/commons/lang3/Validate.java,728,NullifyInputVariable,"public static <T> T[] noNullElements(final T[] array, final String message, final Object... values) {","public static <T> T[] noNullElements(final T[] array, final String message, final Object... values) { array = null;",103,
org/apache/commons/lang3/Validate.java,701,NullifyInputVariable,public static <T> T[] noNullElements(final T[] array) {,public static <T> T[] noNullElements(final T[] array) { array = null;,104,
org/apache/commons/lang3/Validate.java,668,NullifyInputVariable,"public static <T extends Iterable<?>> T noNullElements(final T iterable, final String message, final Object... values) {","public static <T extends Iterable<?>> T noNullElements(final T iterable, final String message, final Object... values) { values = null;",105,
org/apache/commons/lang3/Validate.java,668,NullifyInputVariable,"public static <T extends Iterable<?>> T noNullElements(final T iterable, final String message, final Object... values) {","public static <T extends Iterable<?>> T noNullElements(final T iterable, final String message, final Object... values) { message = null;",106,
org/apache/commons/lang3/Validate.java,668,NullifyInputVariable,"public static <T extends Iterable<?>> T noNullElements(final T iterable, final String message, final Object... values) {","public static <T extends Iterable<?>> T noNullElements(final T iterable, final String message, final Object... values) { iterable = null;",107,
org/apache/commons/lang3/Validate.java,641,NullifyInputVariable,public static <T extends Iterable<?>> T noNullElements(final T iterable) {,public static <T extends Iterable<?>> T noNullElements(final T iterable) { iterable = null;,108,
org/apache/commons/lang3/Validate.java,613,NullifyInputVariable,"public static void matchesPattern(final CharSequence input, final String pattern, final String message, final Object... values) {","public static void matchesPattern(final CharSequence input, final String pattern, final String message, final Object... values) { values = null;",109,
org/apache/commons/lang3/Validate.java,613,NullifyInputVariable,"public static void matchesPattern(final CharSequence input, final String pattern, final String message, final Object... values) {","public static void matchesPattern(final CharSequence input, final String pattern, final String message, final Object... values) { message = null;",110,
org/apache/commons/lang3/Validate.java,613,NullifyInputVariable,"public static void matchesPattern(final CharSequence input, final String pattern, final String message, final Object... values) {","public static void matchesPattern(final CharSequence input, final String pattern, final String message, final Object... values) { pattern = null;",111,
org/apache/commons/lang3/Validate.java,613,NullifyInputVariable,"public static void matchesPattern(final CharSequence input, final String pattern, final String message, final Object... values) {","public static void matchesPattern(final CharSequence input, final String pattern, final String message, final Object... values) { input = null;",112,
org/apache/commons/lang3/Validate.java,590,NullifyInputVariable,"public static void matchesPattern(final CharSequence input, final String pattern) {","public static void matchesPattern(final CharSequence input, final String pattern) { pattern = null;",113,
org/apache/commons/lang3/Validate.java,590,NullifyInputVariable,"public static void matchesPattern(final CharSequence input, final String pattern) {","public static void matchesPattern(final CharSequence input, final String pattern) { input = null;",114,
org/apache/commons/lang3/Validate.java,570,NullifyInputVariable,"public static void isTrue(final boolean expression, final String message, final Object... values) {","public static void isTrue(final boolean expression, final String message, final Object... values) { values = null;",115,
org/apache/commons/lang3/Validate.java,570,NullifyInputVariable,"public static void isTrue(final boolean expression, final String message, final Object... values) {","public static void isTrue(final boolean expression, final String message, final Object... values) { message = null;",116,
org/apache/commons/lang3/Validate.java,547,NullifyInputVariable,"public static void isTrue(final boolean expression, final String message, final long value) {","public static void isTrue(final boolean expression, final String message, final long value) { message = null;",117,
org/apache/commons/lang3/Validate.java,522,NullifyInputVariable,"public static void isTrue(final boolean expression, final String message, final double value) {","public static void isTrue(final boolean expression, final String message, final double value) { message = null;",118,
org/apache/commons/lang3/Validate.java,471,NullifyInputVariable,"public static void isInstanceOf(final Class<?> type, final Object obj, final String message, final Object... values) {","public static void isInstanceOf(final Class<?> type, final Object obj, final String message, final Object... values) { values = null;",119,
org/apache/commons/lang3/Validate.java,471,NullifyInputVariable,"public static void isInstanceOf(final Class<?> type, final Object obj, final String message, final Object... values) {","public static void isInstanceOf(final Class<?> type, final Object obj, final String message, final Object... values) { message = null;",120,
org/apache/commons/lang3/Validate.java,471,NullifyInputVariable,"public static void isInstanceOf(final Class<?> type, final Object obj, final String message, final Object... values) {","public static void isInstanceOf(final Class<?> type, final Object obj, final String message, final Object... values) { obj = null;",121,
org/apache/commons/lang3/Validate.java,471,NullifyInputVariable,"public static void isInstanceOf(final Class<?> type, final Object obj, final String message, final Object... values) {","public static void isInstanceOf(final Class<?> type, final Object obj, final String message, final Object... values) { type = null;",122,
org/apache/commons/lang3/Validate.java,448,NullifyInputVariable,"public static void isInstanceOf(final Class<?> type, final Object obj) {","public static void isInstanceOf(final Class<?> type, final Object obj) { obj = null;",123,
org/apache/commons/lang3/Validate.java,448,NullifyInputVariable,"public static void isInstanceOf(final Class<?> type, final Object obj) {","public static void isInstanceOf(final Class<?> type, final Object obj) { type = null;",124,
org/apache/commons/lang3/Validate.java,426,NullifyInputVariable,"public static void isAssignableFrom(final Class<?> superType, final Class<?> type, final String message, final Object... values) {","public static void isAssignableFrom(final Class<?> superType, final Class<?> type, final String message, final Object... values) { values = null;",125,
org/apache/commons/lang3/Validate.java,426,NullifyInputVariable,"public static void isAssignableFrom(final Class<?> superType, final Class<?> type, final String message, final Object... values) {","public static void isAssignableFrom(final Class<?> superType, final Class<?> type, final String message, final Object... values) { message = null;",126,
org/apache/commons/lang3/Validate.java,426,NullifyInputVariable,"public static void isAssignableFrom(final Class<?> superType, final Class<?> type, final String message, final Object... values) {","public static void isAssignableFrom(final Class<?> superType, final Class<?> type, final String message, final Object... values) { type = null;",127,
org/apache/commons/lang3/Validate.java,426,NullifyInputVariable,"public static void isAssignableFrom(final Class<?> superType, final Class<?> type, final String message, final Object... values) {","public static void isAssignableFrom(final Class<?> superType, final Class<?> type, final String message, final Object... values) { superType = null;",128,
org/apache/commons/lang3/Validate.java,401,NullifyInputVariable,"public static void isAssignableFrom(final Class<?> superType, final Class<?> type) {","public static void isAssignableFrom(final Class<?> superType, final Class<?> type) { type = null;",129,
org/apache/commons/lang3/Validate.java,401,NullifyInputVariable,"public static void isAssignableFrom(final Class<?> superType, final Class<?> type) {","public static void isAssignableFrom(final Class<?> superType, final Class<?> type) { superType = null;",130,
org/apache/commons/lang3/Validate.java,379,NullifyInputVariable,"public static <T> void inclusiveBetween(final T start, final T end, final Comparable<T> value, final String message, final Object... values) {","public static <T> void inclusiveBetween(final T start, final T end, final Comparable<T> value, final String message, final Object... values) { values = null;",131,
org/apache/commons/lang3/Validate.java,379,NullifyInputVariable,"public static <T> void inclusiveBetween(final T start, final T end, final Comparable<T> value, final String message, final Object... values) {","public static <T> void inclusiveBetween(final T start, final T end, final Comparable<T> value, final String message, final Object... values) { message = null;",132,
org/apache/commons/lang3/Validate.java,379,NullifyInputVariable,"public static <T> void inclusiveBetween(final T start, final T end, final Comparable<T> value, final String message, final Object... values) {","public static <T> void inclusiveBetween(final T start, final T end, final Comparable<T> value, final String message, final Object... values) { value = null;",133,
org/apache/commons/lang3/Validate.java,379,NullifyInputVariable,"public static <T> void inclusiveBetween(final T start, final T end, final Comparable<T> value, final String message, final Object... values) {","public static <T> void inclusiveBetween(final T start, final T end, final Comparable<T> value, final String message, final Object... values) { end = null;",134,
org/apache/commons/lang3/Validate.java,379,NullifyInputVariable,"public static <T> void inclusiveBetween(final T start, final T end, final Comparable<T> value, final String message, final Object... values) {","public static <T> void inclusiveBetween(final T start, final T end, final Comparable<T> value, final String message, final Object... values) { start = null;",135,
org/apache/commons/lang3/Validate.java,355,NullifyInputVariable,"public static <T> void inclusiveBetween(final T start, final T end, final Comparable<T> value) {","public static <T> void inclusiveBetween(final T start, final T end, final Comparable<T> value) { value = null;",136,
org/apache/commons/lang3/Validate.java,355,NullifyInputVariable,"public static <T> void inclusiveBetween(final T start, final T end, final Comparable<T> value) {","public static <T> void inclusiveBetween(final T start, final T end, final Comparable<T> value) { end = null;",137,
org/apache/commons/lang3/Validate.java,355,NullifyInputVariable,"public static <T> void inclusiveBetween(final T start, final T end, final Comparable<T> value) {","public static <T> void inclusiveBetween(final T start, final T end, final Comparable<T> value) { start = null;",138,
org/apache/commons/lang3/Validate.java,334,NullifyInputVariable,"public static void inclusiveBetween(final long start, final long end, final long value, final String message) {","public static void inclusiveBetween(final long start, final long end, final long value, final String message) { message = null;",139,
org/apache/commons/lang3/Validate.java,293,NullifyInputVariable,"public static void inclusiveBetween(final double start, final double end, final double value, final String message) {","public static void inclusiveBetween(final double start, final double end, final double value, final String message) { message = null;",140,
org/apache/commons/lang3/Validate.java,255,NullifyInputVariable,"private static String getMessage(final String message, final Object... values) {","private static String getMessage(final String message, final Object... values) { values = null;",141,
org/apache/commons/lang3/Validate.java,255,NullifyInputVariable,"private static String getMessage(final String message, final Object... values) {","private static String getMessage(final String message, final Object... values) { message = null;",142,
org/apache/commons/lang3/Validate.java,237,NullifyInputVariable,"public static void finite(final double value, final String message, final Object... values) {","public static void finite(final double value, final String message, final Object... values) { values = null;",143,
org/apache/commons/lang3/Validate.java,237,NullifyInputVariable,"public static void finite(final double value, final String message, final Object... values) {","public static void finite(final double value, final String message, final Object... values) { message = null;",144,
org/apache/commons/lang3/Validate.java,200,NullifyInputVariable,"public static <T> void exclusiveBetween(final T start, final T end, final Comparable<T> value, final String message, final Object... values) {","public static <T> void exclusiveBetween(final T start, final T end, final Comparable<T> value, final String message, final Object... values) { values = null;",145,
org/apache/commons/lang3/Validate.java,200,NullifyInputVariable,"public static <T> void exclusiveBetween(final T start, final T end, final Comparable<T> value, final String message, final Object... values) {","public static <T> void exclusiveBetween(final T start, final T end, final Comparable<T> value, final String message, final Object... values) { message = null;",146,
org/apache/commons/lang3/Validate.java,200,NullifyInputVariable,"public static <T> void exclusiveBetween(final T start, final T end, final Comparable<T> value, final String message, final Object... values) {","public static <T> void exclusiveBetween(final T start, final T end, final Comparable<T> value, final String message, final Object... values) { value = null;",147,
org/apache/commons/lang3/Validate.java,200,NullifyInputVariable,"public static <T> void exclusiveBetween(final T start, final T end, final Comparable<T> value, final String message, final Object... values) {","public static <T> void exclusiveBetween(final T start, final T end, final Comparable<T> value, final String message, final Object... values) { end = null;",148,
org/apache/commons/lang3/Validate.java,200,NullifyInputVariable,"public static <T> void exclusiveBetween(final T start, final T end, final Comparable<T> value, final String message, final Object... values) {","public static <T> void exclusiveBetween(final T start, final T end, final Comparable<T> value, final String message, final Object... values) { start = null;",149,
org/apache/commons/lang3/Validate.java,176,NullifyInputVariable,"public static <T> void exclusiveBetween(final T start, final T end, final Comparable<T> value) {","public static <T> void exclusiveBetween(final T start, final T end, final Comparable<T> value) { value = null;",150,
org/apache/commons/lang3/Validate.java,176,NullifyInputVariable,"public static <T> void exclusiveBetween(final T start, final T end, final Comparable<T> value) {","public static <T> void exclusiveBetween(final T start, final T end, final Comparable<T> value) { end = null;",151,
org/apache/commons/lang3/Validate.java,176,NullifyInputVariable,"public static <T> void exclusiveBetween(final T start, final T end, final Comparable<T> value) {","public static <T> void exclusiveBetween(final T start, final T end, final Comparable<T> value) { start = null;",152,
org/apache/commons/lang3/Validate.java,155,NullifyInputVariable,"public static void exclusiveBetween(final long start, final long end, final long value, final String message) {","public static void exclusiveBetween(final long start, final long end, final long value, final String message) { message = null;",153,
org/apache/commons/lang3/Validate.java,114,NullifyInputVariable,"public static void exclusiveBetween(final double start, final double end, final double value, final String message) {","public static void exclusiveBetween(final double start, final double end, final double value, final String message) { message = null;",154,
org/apache/commons/lang3/Validate.java,1199,RelationalOperatorReplacement,if (index < 0 || index >= array.length) {,if (index < 0 || index < array.length) {,246,
org/apache/commons/lang3/Validate.java,1199,RelationalOperatorReplacement,if (index < 0 || index >= array.length) {,if (index >= 0 || index >= array.length) {,247,
org/apache/commons/lang3/Validate.java,1145,RelationalOperatorReplacement,if (index < 0 || index >= chars.length()) {,if (index < 0 || index < chars.length()) {,248,
org/apache/commons/lang3/Validate.java,1145,RelationalOperatorReplacement,if (index < 0 || index >= chars.length()) {,if (index >= 0 || index >= chars.length()) {,249,
org/apache/commons/lang3/Validate.java,1116,RelationalOperatorReplacement,if (index < 0 || index >= collection.size()) {,if (index < 0 || index < collection.size()) {,250,
org/apache/commons/lang3/Validate.java,1116,RelationalOperatorReplacement,if (index < 0 || index >= collection.size()) {,if (index >= 0 || index >= collection.size()) {,251,
org/apache/commons/lang3/Validate.java,730,RelationalOperatorReplacement,for (int i = 0; i < array.length; i++) {,for (int i = 0; i >= array.length; i++) {,255,
org/apache/commons/lang3/Validate.java,381,RelationalOperatorReplacement,if (value.compareTo(start) < 0 || value.compareTo(end) > 0) {,if (value.compareTo(start) < 0 || value.compareTo(end) <= 0) {,259,
org/apache/commons/lang3/Validate.java,381,RelationalOperatorReplacement,if (value.compareTo(start) < 0 || value.compareTo(end) > 0) {,if (value.compareTo(start) >= 0 || value.compareTo(end) > 0) {,260,
org/apache/commons/lang3/Validate.java,357,RelationalOperatorReplacement,if (value.compareTo(start) < 0 || value.compareTo(end) > 0) {,if (value.compareTo(start) < 0 || value.compareTo(end) <= 0) {,261,
org/apache/commons/lang3/Validate.java,357,RelationalOperatorReplacement,if (value.compareTo(start) < 0 || value.compareTo(end) > 0) {,if (value.compareTo(start) >= 0 || value.compareTo(end) > 0) {,262,
org/apache/commons/lang3/Validate.java,336,RelationalOperatorReplacement,if (value < start || value > end) {,if (value < start || value <= end) {,263,
org/apache/commons/lang3/Validate.java,336,RelationalOperatorReplacement,if (value < start || value > end) {,if (value >= start || value > end) {,264,
org/apache/commons/lang3/Validate.java,315,RelationalOperatorReplacement,if (value < start || value > end) {,if (value < start || value <= end) {,265,
org/apache/commons/lang3/Validate.java,315,RelationalOperatorReplacement,if (value < start || value > end) {,if (value >= start || value > end) {,266,
org/apache/commons/lang3/Validate.java,295,RelationalOperatorReplacement,if (value < start || value > end) {,if (value < start || value <= end) {,267,
org/apache/commons/lang3/Validate.java,295,RelationalOperatorReplacement,if (value < start || value > end) {,if (value >= start || value > end) {,268,
org/apache/commons/lang3/Validate.java,274,RelationalOperatorReplacement,if (value < start || value > end) {,if (value < start || value <= end) {,269,
org/apache/commons/lang3/Validate.java,274,RelationalOperatorReplacement,if (value < start || value > end) {,if (value >= start || value > end) {,270,
org/apache/commons/lang3/Validate.java,202,RelationalOperatorReplacement,if (value.compareTo(start) <= 0 || value.compareTo(end) >= 0) {,if (value.compareTo(start) <= 0 || value.compareTo(end) < 0) {,271,
org/apache/commons/lang3/Validate.java,202,RelationalOperatorReplacement,if (value.compareTo(start) <= 0 || value.compareTo(end) >= 0) {,if (value.compareTo(start) > 0 || value.compareTo(end) >= 0) {,272,
org/apache/commons/lang3/Validate.java,178,RelationalOperatorReplacement,if (value.compareTo(start) <= 0 || value.compareTo(end) >= 0) {,if (value.compareTo(start) <= 0 || value.compareTo(end) < 0) {,273,
org/apache/commons/lang3/Validate.java,178,RelationalOperatorReplacement,if (value.compareTo(start) <= 0 || value.compareTo(end) >= 0) {,if (value.compareTo(start) > 0 || value.compareTo(end) >= 0) {,274,
org/apache/commons/lang3/Validate.java,157,RelationalOperatorReplacement,if (value <= start || value >= end) {,if (value <= start || value < end) {,275,
org/apache/commons/lang3/Validate.java,157,RelationalOperatorReplacement,if (value <= start || value >= end) {,if (value > start || value >= end) {,276,
org/apache/commons/lang3/Validate.java,136,RelationalOperatorReplacement,if (value <= start || value >= end) {,if (value <= start || value < end) {,277,
org/apache/commons/lang3/Validate.java,136,RelationalOperatorReplacement,if (value <= start || value >= end) {,if (value > start || value >= end) {,278,
org/apache/commons/lang3/Validate.java,116,RelationalOperatorReplacement,if (value <= start || value >= end) {,if (value <= start || value < end) {,279,
org/apache/commons/lang3/Validate.java,116,RelationalOperatorReplacement,if (value <= start || value >= end) {,if (value > start || value >= end) {,280,
org/apache/commons/lang3/Validate.java,95,RelationalOperatorReplacement,if (value <= start || value >= end) {,if (value <= start || value < end) {,281,
org/apache/commons/lang3/Validate.java,95,RelationalOperatorReplacement,if (value <= start || value >= end) {,if (value > start || value >= end) {,282,
org/apache/commons/lang3/Validate.java,1244,NullifyInputVariable,"public static void validState(final boolean expression, final String message, final Object... values) {","public static void validState(final boolean expression, final String message, final Object... values) { values = null;",59,
org/apache/commons/lang3/Validate.java,1244,NullifyInputVariable,"public static void validState(final boolean expression, final String message, final Object... values) {","public static void validState(final boolean expression, final String message, final Object... values) { message = null;",60,
org/apache/commons/lang3/Validate.java,1197,NullifyInputVariable,"public static <T> T[] validIndex(final T[] array, final int index, final String message, final Object... values) {","public static <T> T[] validIndex(final T[] array, final int index, final String message, final Object... values) { values = null;",61,
org/apache/commons/lang3/Validate.java,1197,NullifyInputVariable,"public static <T> T[] validIndex(final T[] array, final int index, final String message, final Object... values) {","public static <T> T[] validIndex(final T[] array, final int index, final String message, final Object... values) { message = null;",62,
org/apache/commons/lang3/Validate.java,1197,NullifyInputVariable,"public static <T> T[] validIndex(final T[] array, final int index, final String message, final Object... values) {","public static <T> T[] validIndex(final T[] array, final int index, final String message, final Object... values) { array = null;",63,
org/apache/commons/lang3/Validate.java,1173,NullifyInputVariable,"public static <T> T[] validIndex(final T[] array, final int index) {","public static <T> T[] validIndex(final T[] array, final int index) { array = null;",64,
org/apache/commons/lang3/Validate.java,1143,NullifyInputVariable,"public static <T extends CharSequence> T validIndex(final T chars, final int index, final String message, final Object... values) {","public static <T extends CharSequence> T validIndex(final T chars, final int index, final String message, final Object... values) { values = null;",65,
org/apache/commons/lang3/Validate.java,1143,NullifyInputVariable,"public static <T extends CharSequence> T validIndex(final T chars, final int index, final String message, final Object... values) {","public static <T extends CharSequence> T validIndex(final T chars, final int index, final String message, final Object... values) { message = null;",66,
org/apache/commons/lang3/Validate.java,1143,NullifyInputVariable,"public static <T extends CharSequence> T validIndex(final T chars, final int index, final String message, final Object... values) {","public static <T extends CharSequence> T validIndex(final T chars, final int index, final String message, final Object... values) { chars = null;",67,
org/apache/commons/lang3/Validate.java,1114,NullifyInputVariable,"public static <T extends Collection<?>> T validIndex(final T collection, final int index, final String message, final Object... values) {","public static <T extends Collection<?>> T validIndex(final T collection, final int index, final String message, final Object... values) { values = null;",68,
org/apache/commons/lang3/Validate.java,1114,NullifyInputVariable,"public static <T extends Collection<?>> T validIndex(final T collection, final int index, final String message, final Object... values) {","public static <T extends Collection<?>> T validIndex(final T collection, final int index, final String message, final Object... values) { message = null;",69,
org/apache/commons/lang3/Validate.java,1114,NullifyInputVariable,"public static <T extends Collection<?>> T validIndex(final T collection, final int index, final String message, final Object... values) {","public static <T extends Collection<?>> T validIndex(final T collection, final int index, final String message, final Object... values) { collection = null;",70,
org/apache/commons/lang3/Validate.java,1090,NullifyInputVariable,"public static <T extends CharSequence> T validIndex(final T chars, final int index) {","public static <T extends CharSequence> T validIndex(final T chars, final int index) { chars = null;",71,
org/apache/commons/lang3/Validate.java,1063,NullifyInputVariable,"public static <T extends Collection<?>> T validIndex(final T collection, final int index) {","public static <T extends Collection<?>> T validIndex(final T collection, final int index) { collection = null;",72,
org/apache/commons/lang3/Validate.java,1040,NullifyInputVariable,"private static Supplier<String> toSupplier(final String message, final Object... values) {","private static Supplier<String> toSupplier(final String message, final Object... values) { values = null;",73,
org/apache/commons/lang3/Validate.java,1040,NullifyInputVariable,"private static Supplier<String> toSupplier(final String message, final Object... values) {","private static Supplier<String> toSupplier(final String message, final Object... values) { message = null;",74,
org/apache/commons/lang3/Validate.java,1036,NullifyInputVariable,"public static <T> T notNull(final T object, final String message, final Object... values) {","public static <T> T notNull(final T object, final String message, final Object... values) { values = null;",75,
org/apache/commons/lang3/Validate.java,1036,NullifyInputVariable,"public static <T> T notNull(final T object, final String message, final Object... values) {","public static <T> T notNull(final T object, final String message, final Object... values) { message = null;",76,
org/apache/commons/lang3/Validate.java,1036,NullifyInputVariable,"public static <T> T notNull(final T object, final String message, final Object... values) {","public static <T> T notNull(final T object, final String message, final Object... values) { object = null;",77,
org/apache/commons/lang3/Validate.java,1018,NullifyInputVariable,public static <T> T notNull(final T object) {,public static <T> T notNull(final T object) { object = null;,78,
org/apache/commons/lang3/Validate.java,995,NullifyInputVariable,"public static void notNaN(final double value, final String message, final Object... values) {","public static void notNaN(final double value, final String message, final Object... values) { values = null;",79,
org/apache/commons/lang3/Validate.java,995,NullifyInputVariable,"public static void notNaN(final double value, final String message, final Object... values) {","public static void notNaN(final double value, final String message, final Object... values) { message = null;",80,
org/apache/commons/lang3/Validate.java,956,NullifyInputVariable,"public static <T> T[] notEmpty(final T[] array, final String message, final Object... values) {","public static <T> T[] notEmpty(final T[] array, final String message, final Object... values) { values = null;",81,
org/apache/commons/lang3/Validate.java,956,NullifyInputVariable,"public static <T> T[] notEmpty(final T[] array, final String message, final Object... values) {","public static <T> T[] notEmpty(final T[] array, final String message, final Object... values) { message = null;",82,
org/apache/commons/lang3/Validate.java,956,NullifyInputVariable,"public static <T> T[] notEmpty(final T[] array, final String message, final Object... values) {","public static <T> T[] notEmpty(final T[] array, final String message, final Object... values) { array = null;",83,
org/apache/commons/lang3/Validate.java,936,NullifyInputVariable,public static <T> T[] notEmpty(final T[] array) {,public static <T> T[] notEmpty(final T[] array) { array = null;,84,
org/apache/commons/lang3/Validate.java,912,NullifyInputVariable,"public static <T extends CharSequence> T notEmpty(final T chars, final String message, final Object... values) {","public static <T extends CharSequence> T notEmpty(final T chars, final String message, final Object... values) { values = null;",85,
org/apache/commons/lang3/Validate.java,912,NullifyInputVariable,"public static <T extends CharSequence> T notEmpty(final T chars, final String message, final Object... values) {","public static <T extends CharSequence> T notEmpty(final T chars, final String message, final Object... values) { message = null;",86,
org/apache/commons/lang3/Validate.java,912,NullifyInputVariable,"public static <T extends CharSequence> T notEmpty(final T chars, final String message, final Object... values) {","public static <T extends CharSequence> T notEmpty(final T chars, final String message, final Object... values) { chars = null;",87,
org/apache/commons/lang3/Validate.java,888,NullifyInputVariable,"public static <T extends Map<?, ?>> T notEmpty(final T map, final String message, final Object... values) {","public static <T extends Map<?, ?>> T notEmpty(final T map, final String message, final Object... values) { values = null;",88,
org/apache/commons/lang3/Validate.java,888,NullifyInputVariable,"public static <T extends Map<?, ?>> T notEmpty(final T map, final String message, final Object... values) {","public static <T extends Map<?, ?>> T notEmpty(final T map, final String message, final Object... values) { message = null;",89,
org/apache/commons/lang3/Validate.java,888,NullifyInputVariable,"public static <T extends Map<?, ?>> T notEmpty(final T map, final String message, final Object... values) {","public static <T extends Map<?, ?>> T notEmpty(final T map, final String message, final Object... values) { map = null;",90,
org/apache/commons/lang3/Validate.java,864,NullifyInputVariable,"public static <T extends Collection<?>> T notEmpty(final T collection, final String message, final Object... values) {","public static <T extends Collection<?>> T notEmpty(final T collection, final String message, final Object... values) { values = null;",91,
org/apache/commons/lang3/Validate.java,864,NullifyInputVariable,"public static <T extends Collection<?>> T notEmpty(final T collection, final String message, final Object... values) {","public static <T extends Collection<?>> T notEmpty(final T collection, final String message, final Object... values) { message = null;",92,
org/apache/commons/lang3/Validate.java,864,NullifyInputVariable,"public static <T extends Collection<?>> T notEmpty(final T collection, final String message, final Object... values) {","public static <T extends Collection<?>> T notEmpty(final T collection, final String message, final Object... values) { collection = null;",93,
org/apache/commons/lang3/Validate.java,844,NullifyInputVariable,public static <T extends CharSequence> T notEmpty(final T chars) {,public static <T extends CharSequence> T notEmpty(final T chars) { chars = null;,94,
org/apache/commons/lang3/Validate.java,823,NullifyInputVariable,"public static <T extends Map<?, ?>> T notEmpty(final T map) {","public static <T extends Map<?, ?>> T notEmpty(final T map) { map = null;",95,
org/apache/commons/lang3/Validate.java,803,NullifyInputVariable,public static <T extends Collection<?>> T notEmpty(final T collection) {,public static <T extends Collection<?>> T notEmpty(final T collection) { collection = null;,96,
org/apache/commons/lang3/Validate.java,779,NullifyInputVariable,"public static <T extends CharSequence> T notBlank(final T chars, final String message, final Object... values) {","public static <T extends CharSequence> T notBlank(final T chars, final String message, final Object... values) { values = null;",97,
org/apache/commons/lang3/Validate.java,779,NullifyInputVariable,"public static <T extends CharSequence> T notBlank(final T chars, final String message, final Object... values) {","public static <T extends CharSequence> T notBlank(final T chars, final String message, final Object... values) { message = null;",98,
org/apache/commons/lang3/Validate.java,779,NullifyInputVariable,"public static <T extends CharSequence> T notBlank(final T chars, final String message, final Object... values) {","public static <T extends CharSequence> T notBlank(final T chars, final String message, final Object... values) { chars = null;",99,
org/apache/commons/lang3/builder/CompareToBuilder.java,951,NullifyInputVariable,"private void appendArray(final Object lhs, final Object rhs, final Comparator<?> comparator) {","private void appendArray(final Object lhs, final Object rhs, final Comparator<?> comparator) { comparator = null;",124,
org/apache/commons/lang3/builder/CompareToBuilder.java,951,NullifyInputVariable,"private void appendArray(final Object lhs, final Object rhs, final Comparator<?> comparator) {","private void appendArray(final Object lhs, final Object rhs, final Comparator<?> comparator) { rhs = null;",125,
org/apache/commons/lang3/builder/CompareToBuilder.java,951,NullifyInputVariable,"private void appendArray(final Object lhs, final Object rhs, final Comparator<?> comparator) {","private void appendArray(final Object lhs, final Object rhs, final Comparator<?> comparator) { lhs = null;",126,
org/apache/commons/lang3/builder/CompareToBuilder.java,870,NullifyInputVariable,"public CompareToBuilder append(final Object[] lhs, final Object[] rhs, final Comparator<?> comparator) {","public CompareToBuilder append(final Object[] lhs, final Object[] rhs, final Comparator<?> comparator) { comparator = null;",127,
org/apache/commons/lang3/builder/CompareToBuilder.java,870,NullifyInputVariable,"public CompareToBuilder append(final Object[] lhs, final Object[] rhs, final Comparator<?> comparator) {","public CompareToBuilder append(final Object[] lhs, final Object[] rhs, final Comparator<?> comparator) { rhs = null;",128,
org/apache/commons/lang3/builder/CompareToBuilder.java,870,NullifyInputVariable,"public CompareToBuilder append(final Object[] lhs, final Object[] rhs, final Comparator<?> comparator) {","public CompareToBuilder append(final Object[] lhs, final Object[] rhs, final Comparator<?> comparator) { lhs = null;",129,
org/apache/commons/lang3/builder/CompareToBuilder.java,843,NullifyInputVariable,"public CompareToBuilder append(final Object[] lhs, final Object[] rhs) {","public CompareToBuilder append(final Object[] lhs, final Object[] rhs) { rhs = null;",130,
org/apache/commons/lang3/builder/CompareToBuilder.java,843,NullifyInputVariable,"public CompareToBuilder append(final Object[] lhs, final Object[] rhs) {","public CompareToBuilder append(final Object[] lhs, final Object[] rhs) { lhs = null;",131,
org/apache/commons/lang3/builder/CompareToBuilder.java,792,NullifyInputVariable,"public CompareToBuilder append(final Object lhs, final Object rhs, final Comparator<?> comparator) {","public CompareToBuilder append(final Object lhs, final Object rhs, final Comparator<?> comparator) { comparator = null;",132,
org/apache/commons/lang3/builder/CompareToBuilder.java,792,NullifyInputVariable,"public CompareToBuilder append(final Object lhs, final Object rhs, final Comparator<?> comparator) {","public CompareToBuilder append(final Object lhs, final Object rhs, final Comparator<?> comparator) { rhs = null;",133,
org/apache/commons/lang3/builder/CompareToBuilder.java,792,NullifyInputVariable,"public CompareToBuilder append(final Object lhs, final Object rhs, final Comparator<?> comparator) {","public CompareToBuilder append(final Object lhs, final Object rhs, final Comparator<?> comparator) { lhs = null;",134,
org/apache/commons/lang3/builder/CompareToBuilder.java,763,NullifyInputVariable,"public CompareToBuilder append(final Object lhs, final Object rhs) {","public CompareToBuilder append(final Object lhs, final Object rhs) { rhs = null;",135,
org/apache/commons/lang3/builder/CompareToBuilder.java,763,NullifyInputVariable,"public CompareToBuilder append(final Object lhs, final Object rhs) {","public CompareToBuilder append(final Object lhs, final Object rhs) { lhs = null;",136,
org/apache/commons/lang3/builder/CompareToBuilder.java,315,NullifyInputVariable,"public static int reflectionCompare(final Object lhs, final Object rhs, final String... excludeFields) {","public static int reflectionCompare(final Object lhs, final Object rhs, final String... excludeFields) { excludeFields = null;",137,
org/apache/commons/lang3/builder/CompareToBuilder.java,315,NullifyInputVariable,"public static int reflectionCompare(final Object lhs, final Object rhs, final String... excludeFields) {","public static int reflectionCompare(final Object lhs, final Object rhs, final String... excludeFields) { rhs = null;",138,
org/apache/commons/lang3/builder/CompareToBuilder.java,315,NullifyInputVariable,"public static int reflectionCompare(final Object lhs, final Object rhs, final String... excludeFields) {","public static int reflectionCompare(final Object lhs, final Object rhs, final String... excludeFields) { lhs = null;",139,
org/apache/commons/lang3/builder/CompareToBuilder.java,282,NullifyInputVariable,"public static int reflectionCompare(final Object lhs, final Object rhs, final Collection<String> excludeFields) {","public static int reflectionCompare(final Object lhs, final Object rhs, final Collection<String> excludeFields) { excludeFields = null;",140,
org/apache/commons/lang3/builder/CompareToBuilder.java,282,NullifyInputVariable,"public static int reflectionCompare(final Object lhs, final Object rhs, final Collection<String> excludeFields) {","public static int reflectionCompare(final Object lhs, final Object rhs, final Collection<String> excludeFields) { rhs = null;",141,
org/apache/commons/lang3/builder/CompareToBuilder.java,282,NullifyInputVariable,"public static int reflectionCompare(final Object lhs, final Object rhs, final Collection<String> excludeFields) {","public static int reflectionCompare(final Object lhs, final Object rhs, final Collection<String> excludeFields) { lhs = null;",142,
org/apache/commons/lang3/builder/CompareToBuilder.java,232,NullifyInputVariable,final String... excludeFields) {,final String... excludeFields) { excludeFields = null;,143,
org/apache/commons/lang3/builder/CompareToBuilder.java,232,NullifyInputVariable,final String... excludeFields) {,final String... excludeFields) { reflectUpToClass = null;,144,
org/apache/commons/lang3/builder/CompareToBuilder.java,232,NullifyInputVariable,final String... excludeFields) {,final String... excludeFields) { rhs = null;,145,
org/apache/commons/lang3/builder/CompareToBuilder.java,232,NullifyInputVariable,final String... excludeFields) {,final String... excludeFields) { lhs = null;,146,
org/apache/commons/lang3/builder/CompareToBuilder.java,191,NullifyInputVariable,"public static int reflectionCompare(final Object lhs, final Object rhs, final boolean compareTransients) {","public static int reflectionCompare(final Object lhs, final Object rhs, final boolean compareTransients) { rhs = null;",147,
org/apache/commons/lang3/builder/CompareToBuilder.java,191,NullifyInputVariable,"public static int reflectionCompare(final Object lhs, final Object rhs, final boolean compareTransients) {","public static int reflectionCompare(final Object lhs, final Object rhs, final boolean compareTransients) { lhs = null;",148,
org/apache/commons/lang3/builder/CompareToBuilder.java,159,NullifyInputVariable,"public static int reflectionCompare(final Object lhs, final Object rhs) {","public static int reflectionCompare(final Object lhs, final Object rhs) { rhs = null;",149,
org/apache/commons/lang3/builder/CompareToBuilder.java,159,NullifyInputVariable,"public static int reflectionCompare(final Object lhs, final Object rhs) {","public static int reflectionCompare(final Object lhs, final Object rhs) { lhs = null;",150,
org/apache/commons/lang3/builder/CompareToBuilder.java,116,NullifyInputVariable,final String[] excludeFields) {,final String[] excludeFields) { excludeFields = null;,151,
org/apache/commons/lang3/builder/CompareToBuilder.java,116,NullifyInputVariable,final String[] excludeFields) {,final String[] excludeFields) { builder = null;,152,
org/apache/commons/lang3/builder/CompareToBuilder.java,116,NullifyInputVariable,final String[] excludeFields) {,final String[] excludeFields) { clazz = null;,153,
org/apache/commons/lang3/builder/CompareToBuilder.java,116,NullifyInputVariable,final String[] excludeFields) {,final String[] excludeFields) { rhs = null;,154,
org/apache/commons/lang3/builder/CompareToBuilder.java,116,NullifyInputVariable,final String[] excludeFields) {,final String[] excludeFields) { lhs = null;,155,
org/apache/commons/lang3/builder/CompareToBuilder.java,945,RelationalOperatorReplacement,for (int i = 0; i < lhs.length && comparison == 0; i++) {,for (int i = 0; i >= lhs.length && comparison == 0; i++) {,226,
org/apache/commons/lang3/builder/CompareToBuilder.java,942,RelationalOperatorReplacement,comparison = lhs.length < rhs.length ? -1 : 1;,comparison = lhs.length >= rhs.length ? -1 : 1;,227,
org/apache/commons/lang3/builder/CompareToBuilder.java,889,RelationalOperatorReplacement,for (int i = 0; i < lhs.length && comparison == 0; i++) {,for (int i = 0; i >= lhs.length && comparison == 0; i++) {,235,
org/apache/commons/lang3/builder/CompareToBuilder.java,886,RelationalOperatorReplacement,comparison = lhs.length < rhs.length ? -1 : 1;,comparison = lhs.length >= rhs.length ? -1 : 1;,236,
org/apache/commons/lang3/builder/CompareToBuilder.java,738,RelationalOperatorReplacement,for (int i = 0; i < lhs.length && comparison == 0; i++) {,for (int i = 0; i >= lhs.length && comparison == 0; i++) {,248,
org/apache/commons/lang3/builder/CompareToBuilder.java,735,RelationalOperatorReplacement,comparison = lhs.length < rhs.length ? -1 : 1;,comparison = lhs.length >= rhs.length ? -1 : 1;,249,
org/apache/commons/lang3/builder/CompareToBuilder.java,682,RelationalOperatorReplacement,for (int i = 0; i < lhs.length && comparison == 0; i++) {,for (int i = 0; i >= lhs.length && comparison == 0; i++) {,257,
org/apache/commons/lang3/builder/CompareToBuilder.java,679,RelationalOperatorReplacement,comparison = lhs.length < rhs.length ? -1 : 1;,comparison = lhs.length >= rhs.length ? -1 : 1;,258,
org/apache/commons/lang3/builder/CompareToBuilder.java,626,RelationalOperatorReplacement,for (int i = 0; i < lhs.length && comparison == 0; i++) {,for (int i = 0; i >= lhs.length && comparison == 0; i++) {,266,
org/apache/commons/lang3/builder/CompareToBuilder.java,623,RelationalOperatorReplacement,comparison = lhs.length < rhs.length ? -1 : 1;,comparison = lhs.length >= rhs.length ? -1 : 1;,267,
org/apache/commons/lang3/builder/CompareToBuilder.java,565,RelationalOperatorReplacement,for (int i = 0; i < lhs.length && comparison == 0; i++) {,for (int i = 0; i >= lhs.length && comparison == 0; i++) {,275,
org/apache/commons/lang3/builder/CompareToBuilder.java,562,RelationalOperatorReplacement,comparison = lhs.length < rhs.length ? -1 : 1;,comparison = lhs.length >= rhs.length ? -1 : 1;,276,
org/apache/commons/lang3/builder/CompareToBuilder.java,504,RelationalOperatorReplacement,for (int i = 0; i < lhs.length && comparison == 0; i++) {,for (int i = 0; i >= lhs.length && comparison == 0; i++) {,284,
org/apache/commons/lang3/builder/CompareToBuilder.java,501,RelationalOperatorReplacement,comparison = lhs.length < rhs.length ? -1 : 1;,comparison = lhs.length >= rhs.length ? -1 : 1;,285,
org/apache/commons/lang3/builder/CompareToBuilder.java,448,RelationalOperatorReplacement,for (int i = 0; i < lhs.length && comparison == 0; i++) {,for (int i = 0; i >= lhs.length && comparison == 0; i++) {,293,
org/apache/commons/lang3/builder/CompareToBuilder.java,445,RelationalOperatorReplacement,comparison = lhs.length < rhs.length ? -1 : 1;,comparison = lhs.length >= rhs.length ? -1 : 1;,294,
org/apache/commons/lang3/builder/CompareToBuilder.java,392,RelationalOperatorReplacement,for (int i = 0; i < lhs.length && comparison == 0; i++) {,for (int i = 0; i >= lhs.length && comparison == 0; i++) {,302,
org/apache/commons/lang3/builder/CompareToBuilder.java,389,RelationalOperatorReplacement,comparison = lhs.length < rhs.length ? -1 : 1;,comparison = lhs.length >= rhs.length ? -1 : 1;,303,
org/apache/commons/lang3/builder/CompareToBuilder.java,120,RelationalOperatorReplacement,for (int i = 0; i < fields.length && builder.comparison == 0; i++) {,for (int i = 0; i >= fields.length && builder.comparison == 0; i++) {,315,
org/apache/commons/lang3/builder/Diff.java,95,NullifyInputVariable,public final T setValue(final T value) {,public final T setValue(final T value) { value = null;,4,
org/apache/commons/lang3/builder/DiffBuilder.java,575,NullifyInputVariable,"public DiffBuilder<T> append(final String fieldName, final short[] lhs, final short[] rhs) {","public DiffBuilder<T> append(final String fieldName, final short[] lhs, final short[] rhs) { fieldName = null;",68,
org/apache/commons/lang3/builder/DiffBuilder.java,562,NullifyInputVariable,"public DiffBuilder<T> append(final String fieldName, final short lhs, final short rhs) {","public DiffBuilder<T> append(final String fieldName, final short lhs, final short rhs) { fieldName = null;",69,
org/apache/commons/lang3/builder/DiffBuilder.java,549,NullifyInputVariable,"public DiffBuilder<T> append(final String fieldName, final Object[] lhs, final Object[] rhs) {","public DiffBuilder<T> append(final String fieldName, final Object[] lhs, final Object[] rhs) { rhs = null;",70,
org/apache/commons/lang3/builder/DiffBuilder.java,549,NullifyInputVariable,"public DiffBuilder<T> append(final String fieldName, final Object[] lhs, final Object[] rhs) {","public DiffBuilder<T> append(final String fieldName, final Object[] lhs, final Object[] rhs) { lhs = null;",71,
org/apache/commons/lang3/builder/DiffBuilder.java,549,NullifyInputVariable,"public DiffBuilder<T> append(final String fieldName, final Object[] lhs, final Object[] rhs) {","public DiffBuilder<T> append(final String fieldName, final Object[] lhs, final Object[] rhs) { fieldName = null;",72,
org/apache/commons/lang3/builder/DiffBuilder.java,503,NullifyInputVariable,"public DiffBuilder<T> append(final String fieldName, final Object lhs, final Object rhs) {","public DiffBuilder<T> append(final String fieldName, final Object lhs, final Object rhs) { rhs = null;",73,
org/apache/commons/lang3/builder/DiffBuilder.java,503,NullifyInputVariable,"public DiffBuilder<T> append(final String fieldName, final Object lhs, final Object rhs) {","public DiffBuilder<T> append(final String fieldName, final Object lhs, final Object rhs) { lhs = null;",74,
org/apache/commons/lang3/builder/DiffBuilder.java,503,NullifyInputVariable,"public DiffBuilder<T> append(final String fieldName, final Object lhs, final Object rhs) {","public DiffBuilder<T> append(final String fieldName, final Object lhs, final Object rhs) { fieldName = null;",75,
org/apache/commons/lang3/builder/DiffBuilder.java,490,NullifyInputVariable,"public DiffBuilder<T> append(final String fieldName, final long[] lhs, final long[] rhs) {","public DiffBuilder<T> append(final String fieldName, final long[] lhs, final long[] rhs) { fieldName = null;",76,
org/apache/commons/lang3/builder/DiffBuilder.java,477,NullifyInputVariable,"public DiffBuilder<T> append(final String fieldName, final long lhs, final long rhs) {","public DiffBuilder<T> append(final String fieldName, final long lhs, final long rhs) { fieldName = null;",77,
org/apache/commons/lang3/builder/DiffBuilder.java,464,NullifyInputVariable,"public DiffBuilder<T> append(final String fieldName, final int[] lhs, final int[] rhs) {","public DiffBuilder<T> append(final String fieldName, final int[] lhs, final int[] rhs) { fieldName = null;",78,
org/apache/commons/lang3/builder/DiffBuilder.java,451,NullifyInputVariable,"public DiffBuilder<T> append(final String fieldName, final int lhs, final int rhs) {","public DiffBuilder<T> append(final String fieldName, final int lhs, final int rhs) { fieldName = null;",79,
org/apache/commons/lang3/builder/DiffBuilder.java,438,NullifyInputVariable,"public DiffBuilder<T> append(final String fieldName, final float[] lhs, final float[] rhs) {","public DiffBuilder<T> append(final String fieldName, final float[] lhs, final float[] rhs) { fieldName = null;",80,
org/apache/commons/lang3/builder/DiffBuilder.java,424,NullifyInputVariable,"public DiffBuilder<T> append(final String fieldName, final float lhs, final float rhs) {","public DiffBuilder<T> append(final String fieldName, final float lhs, final float rhs) { fieldName = null;",81,
org/apache/commons/lang3/builder/DiffBuilder.java,411,NullifyInputVariable,"public DiffBuilder<T> append(final String fieldName, final double[] lhs, final double[] rhs) {","public DiffBuilder<T> append(final String fieldName, final double[] lhs, final double[] rhs) { fieldName = null;",82,
org/apache/commons/lang3/builder/DiffBuilder.java,397,NullifyInputVariable,"public DiffBuilder<T> append(final String fieldName, final double lhs, final double rhs) {","public DiffBuilder<T> append(final String fieldName, final double lhs, final double rhs) { fieldName = null;",83,
org/apache/commons/lang3/builder/DiffBuilder.java,379,NullifyInputVariable,"public DiffBuilder<T> append(final String fieldName, final DiffResult<?> diffResult) {","public DiffBuilder<T> append(final String fieldName, final DiffResult<?> diffResult) { diffResult = null;",84,
org/apache/commons/lang3/builder/DiffBuilder.java,379,NullifyInputVariable,"public DiffBuilder<T> append(final String fieldName, final DiffResult<?> diffResult) {","public DiffBuilder<T> append(final String fieldName, final DiffResult<?> diffResult) { fieldName = null;",85,
org/apache/commons/lang3/builder/DiffBuilder.java,345,NullifyInputVariable,"public DiffBuilder<T> append(final String fieldName, final char[] lhs, final char[] rhs) {","public DiffBuilder<T> append(final String fieldName, final char[] lhs, final char[] rhs) { fieldName = null;",86,
org/apache/commons/lang3/builder/DiffBuilder.java,332,NullifyInputVariable,"public DiffBuilder<T> append(final String fieldName, final char lhs, final char rhs) {","public DiffBuilder<T> append(final String fieldName, final char lhs, final char rhs) { fieldName = null;",87,
org/apache/commons/lang3/builder/DiffBuilder.java,319,NullifyInputVariable,"public DiffBuilder<T> append(final String fieldName, final byte[] lhs, final byte[] rhs) {","public DiffBuilder<T> append(final String fieldName, final byte[] lhs, final byte[] rhs) { fieldName = null;",88,
org/apache/commons/lang3/builder/DiffBuilder.java,306,NullifyInputVariable,"public DiffBuilder<T> append(final String fieldName, final byte lhs, final byte rhs) {","public DiffBuilder<T> append(final String fieldName, final byte lhs, final byte rhs) { fieldName = null;",89,
org/apache/commons/lang3/builder/DiffBuilder.java,293,NullifyInputVariable,"public DiffBuilder<T> append(final String fieldName, final boolean[] lhs, final boolean[] rhs) {","public DiffBuilder<T> append(final String fieldName, final boolean[] lhs, final boolean[] rhs) { fieldName = null;",90,
org/apache/commons/lang3/builder/DiffBuilder.java,280,NullifyInputVariable,"public DiffBuilder<T> append(final String fieldName, final boolean lhs, final boolean rhs) {","public DiffBuilder<T> append(final String fieldName, final boolean lhs, final boolean rhs) { fieldName = null;",91,
org/apache/commons/lang3/builder/DiffBuilder.java,266,NullifyInputVariable,"private <F> DiffBuilder<T> add(final String fieldName, final Supplier<F> left, final Supplier<F> right, final Class<F> type) {","private <F> DiffBuilder<T> add(final String fieldName, final Supplier<F> left, final Supplier<F> right, final Class<F> type) { type = null;",92,
org/apache/commons/lang3/builder/DiffBuilder.java,266,NullifyInputVariable,"private <F> DiffBuilder<T> add(final String fieldName, final Supplier<F> left, final Supplier<F> right, final Class<F> type) {","private <F> DiffBuilder<T> add(final String fieldName, final Supplier<F> left, final Supplier<F> right, final Class<F> type) { right = null;",93,
org/apache/commons/lang3/builder/DiffBuilder.java,266,NullifyInputVariable,"private <F> DiffBuilder<T> add(final String fieldName, final Supplier<F> left, final Supplier<F> right, final Class<F> type) {","private <F> DiffBuilder<T> add(final String fieldName, final Supplier<F> left, final Supplier<F> right, final Class<F> type) { left = null;",94,
org/apache/commons/lang3/builder/DiffBuilder.java,266,NullifyInputVariable,"private <F> DiffBuilder<T> add(final String fieldName, final Supplier<F> left, final Supplier<F> right, final Class<F> type) {","private <F> DiffBuilder<T> add(final String fieldName, final Supplier<F> left, final Supplier<F> right, final Class<F> type) { fieldName = null;",95,
org/apache/commons/lang3/builder/DiffBuilder.java,160,NullifyInputVariable,public Builder<T> setToStringFormat(final String toStringFormat) {,public Builder<T> setToStringFormat(final String toStringFormat) { toStringFormat = null;,96,
org/apache/commons/lang3/builder/DiffBuilder.java,134,NullifyInputVariable,public Builder<T> setStyle(final ToStringStyle style) {,public Builder<T> setStyle(final ToStringStyle style) { style = null;,97,
org/apache/commons/lang3/builder/DiffBuilder.java,123,NullifyInputVariable,public Builder<T> setRight(final T right) {,public Builder<T> setRight(final T right) { right = null;,98,
org/apache/commons/lang3/builder/DiffBuilder.java,112,NullifyInputVariable,public Builder<T> setLeft(final T left) {,public Builder<T> setLeft(final T left) { left = null;,99,
org/apache/commons/lang3/builder/DiffResult.java,180,NullifyInputVariable,public String toString(final ToStringStyle style) {,public String toString(final ToStringStyle style) { style = null;,9,
org/apache/commons/lang3/builder/EqualsBuilder.java,1082,NullifyInputVariable,public EqualsBuilder setReflectUpToClass(final Class<?> reflectUpToClass) {,public EqualsBuilder setReflectUpToClass(final Class<?> reflectUpToClass) { reflectUpToClass = null;,157,
org/apache/commons/lang3/builder/EqualsBuilder.java,1070,NullifyInputVariable,public EqualsBuilder setExcludeFields(final String... excludeFields) {,public EqualsBuilder setExcludeFields(final String... excludeFields) { excludeFields = null;,158,
org/apache/commons/lang3/builder/EqualsBuilder.java,1048,NullifyInputVariable,public EqualsBuilder setBypassReflectionClasses(final List<Class<?>> bypassReflectionClasses) {,public EqualsBuilder setBypassReflectionClasses(final List<Class<?>> bypassReflectionClasses) { bypassReflectionClasses = null;,159,
org/apache/commons/lang3/builder/EqualsBuilder.java,1000,NullifyInputVariable,final Class<?> clazz) {,final Class<?> clazz) { clazz = null;,160,
org/apache/commons/lang3/builder/EqualsBuilder.java,1000,NullifyInputVariable,final Class<?> clazz) {,final Class<?> clazz) { rhs = null;,161,
org/apache/commons/lang3/builder/EqualsBuilder.java,1000,NullifyInputVariable,final Class<?> clazz) {,final Class<?> clazz) { lhs = null;,162,
org/apache/commons/lang3/builder/EqualsBuilder.java,927,NullifyInputVariable,"public EqualsBuilder reflectionAppend(final Object lhs, final Object rhs) {","public EqualsBuilder reflectionAppend(final Object lhs, final Object rhs) { rhs = null;",163,
org/apache/commons/lang3/builder/EqualsBuilder.java,927,NullifyInputVariable,"public EqualsBuilder reflectionAppend(final Object lhs, final Object rhs) {","public EqualsBuilder reflectionAppend(final Object lhs, final Object rhs) { lhs = null;",164,
org/apache/commons/lang3/builder/EqualsBuilder.java,833,NullifyInputVariable,"private void appendArray(final Object lhs, final Object rhs) {","private void appendArray(final Object lhs, final Object rhs) { rhs = null;",165,
org/apache/commons/lang3/builder/EqualsBuilder.java,833,NullifyInputVariable,"private void appendArray(final Object lhs, final Object rhs) {","private void appendArray(final Object lhs, final Object rhs) { lhs = null;",166,
org/apache/commons/lang3/builder/EqualsBuilder.java,761,NullifyInputVariable,"public EqualsBuilder append(final Object[] lhs, final Object[] rhs) {","public EqualsBuilder append(final Object[] lhs, final Object[] rhs) { rhs = null;",167,
org/apache/commons/lang3/builder/EqualsBuilder.java,761,NullifyInputVariable,"public EqualsBuilder append(final Object[] lhs, final Object[] rhs) {","public EqualsBuilder append(final Object[] lhs, final Object[] rhs) { lhs = null;",168,
org/apache/commons/lang3/builder/EqualsBuilder.java,723,NullifyInputVariable,"public EqualsBuilder append(final Object lhs, final Object rhs) {","public EqualsBuilder append(final Object lhs, final Object rhs) { rhs = null;",169,
org/apache/commons/lang3/builder/EqualsBuilder.java,723,NullifyInputVariable,"public EqualsBuilder append(final Object lhs, final Object rhs) {","public EqualsBuilder append(final Object lhs, final Object rhs) { lhs = null;",170,
org/apache/commons/lang3/builder/EqualsBuilder.java,346,NullifyInputVariable,"private static void unregister(final Object lhs, final Object rhs) {","private static void unregister(final Object lhs, final Object rhs) { rhs = null;",171,
org/apache/commons/lang3/builder/EqualsBuilder.java,346,NullifyInputVariable,"private static void unregister(final Object lhs, final Object rhs) {","private static void unregister(final Object lhs, final Object rhs) { lhs = null;",172,
org/apache/commons/lang3/builder/EqualsBuilder.java,331,NullifyInputVariable,"private static void register(final Object lhs, final Object rhs) {","private static void register(final Object lhs, final Object rhs) { rhs = null;",173,
org/apache/commons/lang3/builder/EqualsBuilder.java,331,NullifyInputVariable,"private static void register(final Object lhs, final Object rhs) {","private static void register(final Object lhs, final Object rhs) { lhs = null;",174,
org/apache/commons/lang3/builder/EqualsBuilder.java,320,NullifyInputVariable,"public static boolean reflectionEquals(final Object lhs, final Object rhs, final String... excludeFields) {","public static boolean reflectionEquals(final Object lhs, final Object rhs, final String... excludeFields) { excludeFields = null;",175,
org/apache/commons/lang3/builder/EqualsBuilder.java,320,NullifyInputVariable,"public static boolean reflectionEquals(final Object lhs, final Object rhs, final String... excludeFields) {","public static boolean reflectionEquals(final Object lhs, final Object rhs, final String... excludeFields) { rhs = null;",176,
org/apache/commons/lang3/builder/EqualsBuilder.java,320,NullifyInputVariable,"public static boolean reflectionEquals(final Object lhs, final Object rhs, final String... excludeFields) {","public static boolean reflectionEquals(final Object lhs, final Object rhs, final String... excludeFields) { lhs = null;",177,
org/apache/commons/lang3/builder/EqualsBuilder.java,294,NullifyInputVariable,"public static boolean reflectionEquals(final Object lhs, final Object rhs, final Collection<String> excludeFields) {","public static boolean reflectionEquals(final Object lhs, final Object rhs, final Collection<String> excludeFields) { excludeFields = null;",178,
org/apache/commons/lang3/builder/EqualsBuilder.java,294,NullifyInputVariable,"public static boolean reflectionEquals(final Object lhs, final Object rhs, final Collection<String> excludeFields) {","public static boolean reflectionEquals(final Object lhs, final Object rhs, final Collection<String> excludeFields) { rhs = null;",179,
org/apache/commons/lang3/builder/EqualsBuilder.java,294,NullifyInputVariable,"public static boolean reflectionEquals(final Object lhs, final Object rhs, final Collection<String> excludeFields) {","public static boolean reflectionEquals(final Object lhs, final Object rhs, final Collection<String> excludeFields) { lhs = null;",180,
org/apache/commons/lang3/builder/EqualsBuilder.java,268,NullifyInputVariable,final String... excludeFields) {,final String... excludeFields) { excludeFields = null;,181,
org/apache/commons/lang3/builder/EqualsBuilder.java,268,NullifyInputVariable,final String... excludeFields) {,final String... excludeFields) { reflectUpToClass = null;,182,
org/apache/commons/lang3/builder/EqualsBuilder.java,268,NullifyInputVariable,final String... excludeFields) {,final String... excludeFields) { rhs = null;,183,
org/apache/commons/lang3/builder/EqualsBuilder.java,268,NullifyInputVariable,final String... excludeFields) {,final String... excludeFields) { lhs = null;,184,
org/apache/commons/lang3/builder/EqualsBuilder.java,220,NullifyInputVariable,"final boolean testRecursive, final String... excludeFields) {","final boolean testRecursive, final String... excludeFields) { excludeFields = null;",185,
org/apache/commons/lang3/builder/EqualsBuilder.java,220,NullifyInputVariable,"final boolean testRecursive, final String... excludeFields) {","final boolean testRecursive, final String... excludeFields) { reflectUpToClass = null;",186,
org/apache/commons/lang3/builder/EqualsBuilder.java,220,NullifyInputVariable,"final boolean testRecursive, final String... excludeFields) {","final boolean testRecursive, final String... excludeFields) { rhs = null;",187,
org/apache/commons/lang3/builder/EqualsBuilder.java,220,NullifyInputVariable,"final boolean testRecursive, final String... excludeFields) {","final boolean testRecursive, final String... excludeFields) { lhs = null;",188,
org/apache/commons/lang3/builder/EqualsBuilder.java,179,NullifyInputVariable,"public static boolean reflectionEquals(final Object lhs, final Object rhs, final boolean testTransients) {","public static boolean reflectionEquals(final Object lhs, final Object rhs, final boolean testTransients) { rhs = null;",189,
org/apache/commons/lang3/builder/EqualsBuilder.java,179,NullifyInputVariable,"public static boolean reflectionEquals(final Object lhs, final Object rhs, final boolean testTransients) {","public static boolean reflectionEquals(final Object lhs, final Object rhs, final boolean testTransients) { lhs = null;",190,
org/apache/commons/lang3/builder/EqualsBuilder.java,149,NullifyInputVariable,"static boolean isRegistered(final Object lhs, final Object rhs) {","static boolean isRegistered(final Object lhs, final Object rhs) { rhs = null;",191,
org/apache/commons/lang3/builder/EqualsBuilder.java,149,NullifyInputVariable,"static boolean isRegistered(final Object lhs, final Object rhs) {","static boolean isRegistered(final Object lhs, final Object rhs) { lhs = null;",192,
org/apache/commons/lang3/builder/EqualsBuilder.java,123,NullifyInputVariable,"static Pair<IDKey, IDKey> getRegisterPair(final Object lhs, final Object rhs) {","static Pair<IDKey, IDKey> getRegisterPair(final Object lhs, final Object rhs) { rhs = null;",193,
org/apache/commons/lang3/builder/EqualsBuilder.java,123,NullifyInputVariable,"static Pair<IDKey, IDKey> getRegisterPair(final Object lhs, final Object rhs) {","static Pair<IDKey, IDKey> getRegisterPair(final Object lhs, final Object rhs) { lhs = null;",194,
org/apache/commons/lang3/builder/EqualsBuilder.java,1010,RelationalOperatorReplacement,for (int i = 0; i < fields.length && isEquals; i++) {,for (int i = 0; i >= fields.length && isEquals; i++) {,257,
org/apache/commons/lang3/builder/EqualsBuilder.java,821,RelationalOperatorReplacement,for (int i = 0; i < lhs.length && isEquals; ++i) {,for (int i = 0; i >= lhs.length && isEquals; ++i) {,265,
org/apache/commons/lang3/builder/EqualsBuilder.java,776,RelationalOperatorReplacement,for (int i = 0; i < lhs.length && isEquals; ++i) {,for (int i = 0; i >= lhs.length && isEquals; ++i) {,271,
org/apache/commons/lang3/builder/EqualsBuilder.java,706,RelationalOperatorReplacement,for (int i = 0; i < lhs.length && isEquals; ++i) {,for (int i = 0; i >= lhs.length && isEquals; ++i) {,279,
org/apache/commons/lang3/builder/EqualsBuilder.java,659,RelationalOperatorReplacement,for (int i = 0; i < lhs.length && isEquals; ++i) {,for (int i = 0; i >= lhs.length && isEquals; ++i) {,285,
org/apache/commons/lang3/builder/EqualsBuilder.java,614,RelationalOperatorReplacement,for (int i = 0; i < lhs.length && isEquals; ++i) {,for (int i = 0; i >= lhs.length && isEquals; ++i) {,291,
org/apache/commons/lang3/builder/EqualsBuilder.java,563,RelationalOperatorReplacement,for (int i = 0; i < lhs.length && isEquals; ++i) {,for (int i = 0; i >= lhs.length && isEquals; ++i) {,296,
org/apache/commons/lang3/builder/EqualsBuilder.java,512,RelationalOperatorReplacement,for (int i = 0; i < lhs.length && isEquals; ++i) {,for (int i = 0; i >= lhs.length && isEquals; ++i) {,301,
org/apache/commons/lang3/builder/EqualsBuilder.java,467,RelationalOperatorReplacement,for (int i = 0; i < lhs.length && isEquals; ++i) {,for (int i = 0; i >= lhs.length && isEquals; ++i) {,307,
org/apache/commons/lang3/builder/EqualsBuilder.java,422,RelationalOperatorReplacement,for (int i = 0; i < lhs.length && isEquals; ++i) {,for (int i = 0; i >= lhs.length && isEquals; ++i) {,313,
org/apache/commons/lang3/builder/HashCodeBuilder.java,888,NullifyInputVariable,public boolean equals(final Object obj) {,public boolean equals(final Object obj) { obj = null;,78,
org/apache/commons/lang3/builder/HashCodeBuilder.java,833,NullifyInputVariable,private void appendArray(final Object object) {,private void appendArray(final Object object) { object = null;,79,
org/apache/commons/lang3/builder/HashCodeBuilder.java,786,NullifyInputVariable,public HashCodeBuilder append(final Object[] array) {,public HashCodeBuilder append(final Object[] array) { array = null;,80,
org/apache/commons/lang3/builder/HashCodeBuilder.java,765,NullifyInputVariable,public HashCodeBuilder append(final Object object) {,public HashCodeBuilder append(final Object object) { object = null;,81,
org/apache/commons/lang3/builder/HashCodeBuilder.java,484,NullifyInputVariable,private static void unregister(final Object value) {,private static void unregister(final Object value) { value = null;,82,
org/apache/commons/lang3/builder/HashCodeBuilder.java,469,NullifyInputVariable,private static void register(final Object value) {,private static void register(final Object value) { value = null;,83,
org/apache/commons/lang3/builder/HashCodeBuilder.java,458,NullifyInputVariable,"public static int reflectionHashCode(final Object object, final String... excludeFields) {","public static int reflectionHashCode(final Object object, final String... excludeFields) { excludeFields = null;",84,
org/apache/commons/lang3/builder/HashCodeBuilder.java,458,NullifyInputVariable,"public static int reflectionHashCode(final Object object, final String... excludeFields) {","public static int reflectionHashCode(final Object object, final String... excludeFields) { object = null;",85,
org/apache/commons/lang3/builder/HashCodeBuilder.java,421,NullifyInputVariable,"public static int reflectionHashCode(final Object object, final Collection<String> excludeFields) {","public static int reflectionHashCode(final Object object, final Collection<String> excludeFields) { excludeFields = null;",86,
org/apache/commons/lang3/builder/HashCodeBuilder.java,421,NullifyInputVariable,"public static int reflectionHashCode(final Object object, final Collection<String> excludeFields) {","public static int reflectionHashCode(final Object object, final Collection<String> excludeFields) { object = null;",87,
org/apache/commons/lang3/builder/HashCodeBuilder.java,383,NullifyInputVariable,"public static int reflectionHashCode(final Object object, final boolean testTransients) {","public static int reflectionHashCode(final Object object, final boolean testTransients) { object = null;",88,
org/apache/commons/lang3/builder/HashCodeBuilder.java,338,NullifyInputVariable,"final boolean testTransients, final Class<? super T> reflectUpToClass, final String... excludeFields) {","final boolean testTransients, final Class<? super T> reflectUpToClass, final String... excludeFields) { excludeFields = null;",89,
org/apache/commons/lang3/builder/HashCodeBuilder.java,338,NullifyInputVariable,"final boolean testTransients, final Class<? super T> reflectUpToClass, final String... excludeFields) {","final boolean testTransients, final Class<? super T> reflectUpToClass, final String... excludeFields) { reflectUpToClass = null;",90,
org/apache/commons/lang3/builder/HashCodeBuilder.java,338,NullifyInputVariable,"final boolean testTransients, final Class<? super T> reflectUpToClass, final String... excludeFields) {","final boolean testTransients, final Class<? super T> reflectUpToClass, final String... excludeFields) { object = null;",91,
org/apache/commons/lang3/builder/HashCodeBuilder.java,285,NullifyInputVariable,final boolean testTransients) {,final boolean testTransients) { object = null;,92,
org/apache/commons/lang3/builder/HashCodeBuilder.java,240,NullifyInputVariable,"public static int reflectionHashCode(final int initialNonZeroOddNumber, final int multiplierNonZeroOddNumber, final Object object) {","public static int reflectionHashCode(final int initialNonZeroOddNumber, final int multiplierNonZeroOddNumber, final Object object) { object = null;",93,
org/apache/commons/lang3/builder/HashCodeBuilder.java,179,NullifyInputVariable,final String[] excludeFields) {,final String[] excludeFields) { excludeFields = null;,94,
org/apache/commons/lang3/builder/HashCodeBuilder.java,179,NullifyInputVariable,final String[] excludeFields) {,final String[] excludeFields) { builder = null;,95,
org/apache/commons/lang3/builder/HashCodeBuilder.java,179,NullifyInputVariable,final String[] excludeFields) {,final String[] excludeFields) { clazz = null;,96,
org/apache/commons/lang3/builder/HashCodeBuilder.java,179,NullifyInputVariable,final String[] excludeFields) {,final String[] excludeFields) { object = null;,97,
org/apache/commons/lang3/builder/HashCodeBuilder.java,159,NullifyInputVariable,static boolean isRegistered(final Object value) {,static boolean isRegistered(final Object value) { value = null;,98,
org/apache/commons/lang3/builder/IDKey.java,53,NullifyInputVariable,public boolean equals(final Object other) {,public boolean equals(final Object other) { other = null;,2,
org/apache/commons/lang3/builder/MultilineRecursiveToStringStyle.java,182,NullifyInputVariable,"protected void reflectionAppendArrayDetail(final StringBuffer buffer, final String fieldName, final Object array) {","protected void reflectionAppendArrayDetail(final StringBuffer buffer, final String fieldName, final Object array) { array = null;",32,
org/apache/commons/lang3/builder/MultilineRecursiveToStringStyle.java,182,NullifyInputVariable,"protected void reflectionAppendArrayDetail(final StringBuffer buffer, final String fieldName, final Object array) {","protected void reflectionAppendArrayDetail(final StringBuffer buffer, final String fieldName, final Object array) { fieldName = null;",33,
org/apache/commons/lang3/builder/MultilineRecursiveToStringStyle.java,182,NullifyInputVariable,"protected void reflectionAppendArrayDetail(final StringBuffer buffer, final String fieldName, final Object array) {","protected void reflectionAppendArrayDetail(final StringBuffer buffer, final String fieldName, final Object array) { buffer = null;",34,
org/apache/commons/lang3/builder/MultilineRecursiveToStringStyle.java,173,NullifyInputVariable,"protected void appendDetail(final StringBuffer buffer, final String fieldName, final short[] array) {","protected void appendDetail(final StringBuffer buffer, final String fieldName, final short[] array) { fieldName = null;",35,
org/apache/commons/lang3/builder/MultilineRecursiveToStringStyle.java,173,NullifyInputVariable,"protected void appendDetail(final StringBuffer buffer, final String fieldName, final short[] array) {","protected void appendDetail(final StringBuffer buffer, final String fieldName, final short[] array) { buffer = null;",36,
org/apache/commons/lang3/builder/MultilineRecursiveToStringStyle.java,164,NullifyInputVariable,"protected void appendDetail(final StringBuffer buffer, final String fieldName, final Object[] array) {","protected void appendDetail(final StringBuffer buffer, final String fieldName, final Object[] array) { array = null;",37,
org/apache/commons/lang3/builder/MultilineRecursiveToStringStyle.java,164,NullifyInputVariable,"protected void appendDetail(final StringBuffer buffer, final String fieldName, final Object[] array) {","protected void appendDetail(final StringBuffer buffer, final String fieldName, final Object[] array) { fieldName = null;",38,
org/apache/commons/lang3/builder/MultilineRecursiveToStringStyle.java,164,NullifyInputVariable,"protected void appendDetail(final StringBuffer buffer, final String fieldName, final Object[] array) {","protected void appendDetail(final StringBuffer buffer, final String fieldName, final Object[] array) { buffer = null;",39,
org/apache/commons/lang3/builder/MultilineRecursiveToStringStyle.java,150,NullifyInputVariable,"public void appendDetail(final StringBuffer buffer, final String fieldName, final Object value) {","public void appendDetail(final StringBuffer buffer, final String fieldName, final Object value) { value = null;",40,
org/apache/commons/lang3/builder/MultilineRecursiveToStringStyle.java,150,NullifyInputVariable,"public void appendDetail(final StringBuffer buffer, final String fieldName, final Object value) {","public void appendDetail(final StringBuffer buffer, final String fieldName, final Object value) { fieldName = null;",41,
org/apache/commons/lang3/builder/MultilineRecursiveToStringStyle.java,150,NullifyInputVariable,"public void appendDetail(final StringBuffer buffer, final String fieldName, final Object value) {","public void appendDetail(final StringBuffer buffer, final String fieldName, final Object value) { buffer = null;",42,
org/apache/commons/lang3/builder/MultilineRecursiveToStringStyle.java,141,NullifyInputVariable,"protected void appendDetail(final StringBuffer buffer, final String fieldName, final long[] array) {","protected void appendDetail(final StringBuffer buffer, final String fieldName, final long[] array) { fieldName = null;",43,
org/apache/commons/lang3/builder/MultilineRecursiveToStringStyle.java,141,NullifyInputVariable,"protected void appendDetail(final StringBuffer buffer, final String fieldName, final long[] array) {","protected void appendDetail(final StringBuffer buffer, final String fieldName, final long[] array) { buffer = null;",44,
org/apache/commons/lang3/builder/MultilineRecursiveToStringStyle.java,132,NullifyInputVariable,"protected void appendDetail(final StringBuffer buffer, final String fieldName, final int[] array) {","protected void appendDetail(final StringBuffer buffer, final String fieldName, final int[] array) { fieldName = null;",45,
org/apache/commons/lang3/builder/MultilineRecursiveToStringStyle.java,132,NullifyInputVariable,"protected void appendDetail(final StringBuffer buffer, final String fieldName, final int[] array) {","protected void appendDetail(final StringBuffer buffer, final String fieldName, final int[] array) { buffer = null;",46,
org/apache/commons/lang3/builder/MultilineRecursiveToStringStyle.java,123,NullifyInputVariable,"protected void appendDetail(final StringBuffer buffer, final String fieldName, final float[] array) {","protected void appendDetail(final StringBuffer buffer, final String fieldName, final float[] array) { fieldName = null;",47,
org/apache/commons/lang3/builder/MultilineRecursiveToStringStyle.java,123,NullifyInputVariable,"protected void appendDetail(final StringBuffer buffer, final String fieldName, final float[] array) {","protected void appendDetail(final StringBuffer buffer, final String fieldName, final float[] array) { buffer = null;",48,
org/apache/commons/lang3/builder/MultilineRecursiveToStringStyle.java,114,NullifyInputVariable,"protected void appendDetail(final StringBuffer buffer, final String fieldName, final double[] array) {","protected void appendDetail(final StringBuffer buffer, final String fieldName, final double[] array) { fieldName = null;",49,
org/apache/commons/lang3/builder/MultilineRecursiveToStringStyle.java,114,NullifyInputVariable,"protected void appendDetail(final StringBuffer buffer, final String fieldName, final double[] array) {","protected void appendDetail(final StringBuffer buffer, final String fieldName, final double[] array) { buffer = null;",50,
org/apache/commons/lang3/builder/MultilineRecursiveToStringStyle.java,105,NullifyInputVariable,"protected void appendDetail(final StringBuffer buffer, final String fieldName, final char[] array) {","protected void appendDetail(final StringBuffer buffer, final String fieldName, final char[] array) { fieldName = null;",51,
org/apache/commons/lang3/builder/MultilineRecursiveToStringStyle.java,105,NullifyInputVariable,"protected void appendDetail(final StringBuffer buffer, final String fieldName, final char[] array) {","protected void appendDetail(final StringBuffer buffer, final String fieldName, final char[] array) { buffer = null;",52,
org/apache/commons/lang3/builder/MultilineRecursiveToStringStyle.java,96,NullifyInputVariable,"protected void appendDetail(final StringBuffer buffer, final String fieldName, final byte[] array) {","protected void appendDetail(final StringBuffer buffer, final String fieldName, final byte[] array) { fieldName = null;",53,
org/apache/commons/lang3/builder/MultilineRecursiveToStringStyle.java,96,NullifyInputVariable,"protected void appendDetail(final StringBuffer buffer, final String fieldName, final byte[] array) {","protected void appendDetail(final StringBuffer buffer, final String fieldName, final byte[] array) { buffer = null;",54,
org/apache/commons/lang3/builder/MultilineRecursiveToStringStyle.java,87,NullifyInputVariable,"protected void appendDetail(final StringBuffer buffer, final String fieldName, final boolean[] array) {","protected void appendDetail(final StringBuffer buffer, final String fieldName, final boolean[] array) { fieldName = null;",55,
org/apache/commons/lang3/builder/MultilineRecursiveToStringStyle.java,87,NullifyInputVariable,"protected void appendDetail(final StringBuffer buffer, final String fieldName, final boolean[] array) {","protected void appendDetail(final StringBuffer buffer, final String fieldName, final boolean[] array) { buffer = null;",56,
org/apache/commons/lang3/builder/RecursiveToStringStyle.java,82,NullifyInputVariable,"protected void appendDetail(final StringBuffer buffer, final String fieldName, final Collection<?> coll) {","protected void appendDetail(final StringBuffer buffer, final String fieldName, final Collection<?> coll) { buffer = null;",10,
org/apache/commons/lang3/builder/RecursiveToStringStyle.java,77,NullifyInputVariable,protected boolean accept(final Class<?> clazz) {,protected boolean accept(final Class<?> clazz) { clazz = null;,11,
org/apache/commons/lang3/builder/RecursiveToStringStyle.java,89,NullifyInputVariable,"public void appendDetail(final StringBuffer buffer, final String fieldName, final Object value) {","public void appendDetail(final StringBuffer buffer, final String fieldName, final Object value) { value = null;",5,
org/apache/commons/lang3/builder/RecursiveToStringStyle.java,89,NullifyInputVariable,"public void appendDetail(final StringBuffer buffer, final String fieldName, final Object value) {","public void appendDetail(final StringBuffer buffer, final String fieldName, final Object value) { fieldName = null;",6,
org/apache/commons/lang3/builder/RecursiveToStringStyle.java,89,NullifyInputVariable,"public void appendDetail(final StringBuffer buffer, final String fieldName, final Object value) {","public void appendDetail(final StringBuffer buffer, final String fieldName, final Object value) { buffer = null;",7,
org/apache/commons/lang3/builder/RecursiveToStringStyle.java,82,NullifyInputVariable,"protected void appendDetail(final StringBuffer buffer, final String fieldName, final Collection<?> coll) {","protected void appendDetail(final StringBuffer buffer, final String fieldName, final Collection<?> coll) { coll = null;",8,
org/apache/commons/lang3/builder/RecursiveToStringStyle.java,82,NullifyInputVariable,"protected void appendDetail(final StringBuffer buffer, final String fieldName, final Collection<?> coll) {","protected void appendDetail(final StringBuffer buffer, final String fieldName, final Collection<?> coll) { fieldName = null;",9,
org/apache/commons/lang3/builder/Reflection.java,36,NullifyInputVariable,"static Object getUnchecked(final Field field, final Object obj) {","static Object getUnchecked(final Field field, final Object obj) { obj = null;",2,
org/apache/commons/lang3/builder/Reflection.java,36,NullifyInputVariable,"static Object getUnchecked(final Field field, final Object obj) {","static Object getUnchecked(final Field field, final Object obj) { field = null;",3,
org/apache/commons/lang3/builder/ReflectionDiffBuilder.java,251,NullifyInputVariable,public ReflectionDiffBuilder<T> setExcludeFieldNames(final String... excludeFieldNames) {,public ReflectionDiffBuilder<T> setExcludeFieldNames(final String... excludeFieldNames) { excludeFieldNames = null;,18,
org/apache/commons/lang3/builder/ReflectionDiffBuilder.java,238,NullifyInputVariable,"private Object readField(final Field field, final Object target) throws IllegalAccessException {","private Object readField(final Field field, final Object target) throws IllegalAccessException { target = null;",19,
org/apache/commons/lang3/builder/ReflectionDiffBuilder.java,238,NullifyInputVariable,"private Object readField(final Field field, final Object target) throws IllegalAccessException {","private Object readField(final Field field, final Object target) throws IllegalAccessException { field = null;",20,
org/apache/commons/lang3/builder/ReflectionDiffBuilder.java,196,NullifyInputVariable,private void appendFields(final Class<?> clazz) {,private void appendFields(final Class<?> clazz) { clazz = null;,21,
org/apache/commons/lang3/builder/ReflectionDiffBuilder.java,179,NullifyInputVariable,private boolean accept(final Field field) {,private boolean accept(final Field field) { field = null;,22,
org/apache/commons/lang3/builder/ReflectionDiffBuilder.java,140,NullifyInputVariable,private static String[] toExcludeFieldNames(final String[] excludeFieldNames) {,private static String[] toExcludeFieldNames(final String[] excludeFieldNames) { excludeFieldNames = null;,23,
org/apache/commons/lang3/builder/ReflectionDiffBuilder.java,122,NullifyInputVariable,public Builder<T> setExcludeFieldNames(final String... excludeFieldNames) {,public Builder<T> setExcludeFieldNames(final String... excludeFieldNames) { excludeFieldNames = null;,24,
org/apache/commons/lang3/builder/ReflectionDiffBuilder.java,111,NullifyInputVariable,public Builder<T> setDiffBuilder(final DiffBuilder<T> diffBuilder) {,public Builder<T> setDiffBuilder(final DiffBuilder<T> diffBuilder) { diffBuilder = null;,25,
org/apache/commons/lang3/builder/ReflectionDiffBuilder.java,189,RelationalOperatorReplacement,"if (this.excludeFieldNames != null && Arrays.binarySearch(this.excludeFieldNames, field.getName()) >= 0) {","if (this.excludeFieldNames != null && Arrays.binarySearch(this.excludeFieldNames, field.getName()) < 0) {",46,
org/apache/commons/lang3/builder/ReflectionToStringBuilder.java,625,RelationalOperatorReplacement,"return Arrays.binarySearch(this.includeFieldNames, field.getName()) >= 0;","return Arrays.binarySearch(this.includeFieldNames, field.getName()) < 0;",139,
org/apache/commons/lang3/builder/ReflectionToStringBuilder.java,618,RelationalOperatorReplacement,"&& Arrays.binarySearch(this.excludeFieldNames, field.getName()) >= 0) {","&& Arrays.binarySearch(this.excludeFieldNames, field.getName()) < 0) {",140,
org/apache/commons/lang3/builder/ReflectionToStringBuilder.java,829,NullifyInputVariable,public void setUpToClass(final Class<?> clazz) {,public void setUpToClass(final Class<?> clazz) { clazz = null;,44,
org/apache/commons/lang3/builder/ReflectionToStringBuilder.java,813,NullifyInputVariable,public ReflectionToStringBuilder setIncludeFieldNames(final String... includeFieldNamesParam) {,public ReflectionToStringBuilder setIncludeFieldNames(final String... includeFieldNamesParam) { includeFieldNamesParam = null;,45,
org/apache/commons/lang3/builder/ReflectionToStringBuilder.java,784,NullifyInputVariable,public ReflectionToStringBuilder setExcludeFieldNames(final String... excludeFieldNamesParam) {,public ReflectionToStringBuilder setExcludeFieldNames(final String... excludeFieldNamesParam) { excludeFieldNamesParam = null;,46,
org/apache/commons/lang3/builder/ReflectionToStringBuilder.java,751,NullifyInputVariable,public ReflectionToStringBuilder reflectionAppendArray(final Object array) {,public ReflectionToStringBuilder reflectionAppendArray(final Object array) { array = null;,47,
org/apache/commons/lang3/builder/ReflectionToStringBuilder.java,711,NullifyInputVariable,protected Object getValue(final Field field) throws IllegalAccessException {,protected Object getValue(final Field field) throws IllegalAccessException { field = null;,48,
org/apache/commons/lang3/builder/ReflectionToStringBuilder.java,642,NullifyInputVariable,protected void appendFieldsIn(final Class<?> clazz) {,protected void appendFieldsIn(final Class<?> clazz) { clazz = null;,49,
org/apache/commons/lang3/builder/ReflectionToStringBuilder.java,603,NullifyInputVariable,protected boolean accept(final Field field) {,protected boolean accept(final Field field) { field = null;,50,
org/apache/commons/lang3/builder/ReflectionToStringBuilder.java,441,NullifyInputVariable,"public static String toStringInclude(final Object object, final String... includeFieldNames) {","public static String toStringInclude(final Object object, final String... includeFieldNames) { includeFieldNames = null;",51,
org/apache/commons/lang3/builder/ReflectionToStringBuilder.java,441,NullifyInputVariable,"public static String toStringInclude(final Object object, final String... includeFieldNames) {","public static String toStringInclude(final Object object, final String... includeFieldNames) { object = null;",52,
org/apache/commons/lang3/builder/ReflectionToStringBuilder.java,426,NullifyInputVariable,"public static String toStringInclude(final Object object, final Collection<String> includeFieldNames) {","public static String toStringInclude(final Object object, final Collection<String> includeFieldNames) { includeFieldNames = null;",53,
org/apache/commons/lang3/builder/ReflectionToStringBuilder.java,426,NullifyInputVariable,"public static String toStringInclude(final Object object, final Collection<String> includeFieldNames) {","public static String toStringInclude(final Object object, final Collection<String> includeFieldNames) { object = null;",54,
org/apache/commons/lang3/builder/ReflectionToStringBuilder.java,412,NullifyInputVariable,"public static String toStringExclude(final Object object, final String... excludeFieldNames) {","public static String toStringExclude(final Object object, final String... excludeFieldNames) { excludeFieldNames = null;",55,
org/apache/commons/lang3/builder/ReflectionToStringBuilder.java,412,NullifyInputVariable,"public static String toStringExclude(final Object object, final String... excludeFieldNames) {","public static String toStringExclude(final Object object, final String... excludeFieldNames) { object = null;",56,
org/apache/commons/lang3/builder/ReflectionToStringBuilder.java,399,NullifyInputVariable,"public static String toStringExclude(final Object object, final Collection<String> excludeFieldNames) {","public static String toStringExclude(final Object object, final Collection<String> excludeFieldNames) { excludeFieldNames = null;",57,
org/apache/commons/lang3/builder/ReflectionToStringBuilder.java,399,NullifyInputVariable,"public static String toStringExclude(final Object object, final Collection<String> excludeFieldNames) {","public static String toStringExclude(final Object object, final Collection<String> excludeFieldNames) { object = null;",58,
org/apache/commons/lang3/builder/ReflectionToStringBuilder.java,385,NullifyInputVariable,"final boolean outputStatics, final Class<? super T> reflectUpToClass) {","final boolean outputStatics, final Class<? super T> reflectUpToClass) { reflectUpToClass = null;",59,
org/apache/commons/lang3/builder/ReflectionToStringBuilder.java,385,NullifyInputVariable,"final boolean outputStatics, final Class<? super T> reflectUpToClass) {","final boolean outputStatics, final Class<? super T> reflectUpToClass) { style = null;",60,
org/apache/commons/lang3/builder/ReflectionToStringBuilder.java,385,NullifyInputVariable,"final boolean outputStatics, final Class<? super T> reflectUpToClass) {","final boolean outputStatics, final Class<? super T> reflectUpToClass) { object = null;",61,
org/apache/commons/lang3/builder/ReflectionToStringBuilder.java,330,NullifyInputVariable,"final boolean outputStatics, final boolean excludeNullValues, final Class<? super T> reflectUpToClass) {","final boolean outputStatics, final boolean excludeNullValues, final Class<? super T> reflectUpToClass) { reflectUpToClass = null;",62,
org/apache/commons/lang3/builder/ReflectionToStringBuilder.java,330,NullifyInputVariable,"final boolean outputStatics, final boolean excludeNullValues, final Class<? super T> reflectUpToClass) {","final boolean outputStatics, final boolean excludeNullValues, final Class<? super T> reflectUpToClass) { style = null;",63,
org/apache/commons/lang3/builder/ReflectionToStringBuilder.java,330,NullifyInputVariable,"final boolean outputStatics, final boolean excludeNullValues, final Class<? super T> reflectUpToClass) {","final boolean outputStatics, final boolean excludeNullValues, final Class<? super T> reflectUpToClass) { object = null;",64,
org/apache/commons/lang3/builder/ReflectionToStringBuilder.java,274,NullifyInputVariable,"public static String toString(final Object object, final ToStringStyle style, final boolean outputTransients, final boolean outputStatics) {","public static String toString(final Object object, final ToStringStyle style, final boolean outputTransients, final boolean outputStatics) { style = null;",65,
org/apache/commons/lang3/builder/ReflectionToStringBuilder.java,274,NullifyInputVariable,"public static String toString(final Object object, final ToStringStyle style, final boolean outputTransients, final boolean outputStatics) {","public static String toString(final Object object, final ToStringStyle style, final boolean outputTransients, final boolean outputStatics) { object = null;",66,
org/apache/commons/lang3/builder/ReflectionToStringBuilder.java,227,NullifyInputVariable,"public static String toString(final Object object, final ToStringStyle style, final boolean outputTransients) {","public static String toString(final Object object, final ToStringStyle style, final boolean outputTransients) { style = null;",67,
org/apache/commons/lang3/builder/ReflectionToStringBuilder.java,227,NullifyInputVariable,"public static String toString(final Object object, final ToStringStyle style, final boolean outputTransients) {","public static String toString(final Object object, final ToStringStyle style, final boolean outputTransients) { object = null;",68,
org/apache/commons/lang3/builder/ReflectionToStringBuilder.java,188,NullifyInputVariable,"public static String toString(final Object object, final ToStringStyle style) {","public static String toString(final Object object, final ToStringStyle style) { style = null;",69,
org/apache/commons/lang3/builder/ReflectionToStringBuilder.java,188,NullifyInputVariable,"public static String toString(final Object object, final ToStringStyle style) {","public static String toString(final Object object, final ToStringStyle style) { object = null;",70,
org/apache/commons/lang3/builder/ReflectionToStringBuilder.java,155,NullifyInputVariable,public static String toString(final Object object) {,public static String toString(final Object object) { object = null;,71,
org/apache/commons/lang3/builder/ReflectionToStringBuilder.java,128,NullifyInputVariable,static String[] toNoNullStringArray(final Object[] array) {,static String[] toNoNullStringArray(final Object[] array) { array = null;,72,
org/apache/commons/lang3/builder/ReflectionToStringBuilder.java,112,NullifyInputVariable,static String[] toNoNullStringArray(final Collection<String> collection) {,static String[] toNoNullStringArray(final Collection<String> collection) { collection = null;,73,
org/apache/commons/lang3/builder/StandardToStringStyle.java,475,NullifyInputVariable,public void setSummaryObjectStartText(final String summaryObjectStartText) {,public void setSummaryObjectStartText(final String summaryObjectStartText) { summaryObjectStartText = null;,13,
org/apache/commons/lang3/builder/StandardToStringStyle.java,459,NullifyInputVariable,public void setSummaryObjectEndText(final String summaryObjectEndText) {,public void setSummaryObjectEndText(final String summaryObjectEndText) { summaryObjectEndText = null;,14,
org/apache/commons/lang3/builder/StandardToStringStyle.java,443,NullifyInputVariable,public void setSizeStartText(final String sizeStartText) {,public void setSizeStartText(final String sizeStartText) { sizeStartText = null;,15,
org/apache/commons/lang3/builder/StandardToStringStyle.java,427,NullifyInputVariable,public void setSizeEndText(final String sizeEndText) {,public void setSizeEndText(final String sizeEndText) { sizeEndText = null;,16,
org/apache/commons/lang3/builder/StandardToStringStyle.java,411,NullifyInputVariable,public void setNullText(final String nullText) {,public void setNullText(final String nullText) { nullText = null;,17,
org/apache/commons/lang3/builder/StandardToStringStyle.java,374,NullifyInputVariable,public void setFieldSeparator(final String fieldSeparator) {,public void setFieldSeparator(final String fieldSeparator) { fieldSeparator = null;,18,
org/apache/commons/lang3/builder/StandardToStringStyle.java,361,NullifyInputVariable,public void setFieldNameValueSeparator(final String fieldNameValueSeparator) {,public void setFieldNameValueSeparator(final String fieldNameValueSeparator) { fieldNameValueSeparator = null;,19,
org/apache/commons/lang3/builder/StandardToStringStyle.java,337,NullifyInputVariable,public void setContentStart(final String contentStart) {,public void setContentStart(final String contentStart) { contentStart = null;,20,
org/apache/commons/lang3/builder/StandardToStringStyle.java,324,NullifyInputVariable,public void setContentEnd(final String contentEnd) {,public void setContentEnd(final String contentEnd) { contentEnd = null;,21,
org/apache/commons/lang3/builder/StandardToStringStyle.java,311,NullifyInputVariable,public void setArrayStart(final String arrayStart) {,public void setArrayStart(final String arrayStart) { arrayStart = null;,22,
org/apache/commons/lang3/builder/StandardToStringStyle.java,298,NullifyInputVariable,public void setArraySeparator(final String arraySeparator) {,public void setArraySeparator(final String arraySeparator) { arraySeparator = null;,23,
org/apache/commons/lang3/builder/StandardToStringStyle.java,285,NullifyInputVariable,public void setArrayEnd(final String arrayEnd) {,public void setArrayEnd(final String arrayEnd) { arrayEnd = null;,24,
org/apache/commons/lang3/builder/ToStringBuilder.java,446,NullifyInputVariable,public ToStringBuilder append(final Object[] array) {,public ToStringBuilder append(final Object[] array) { array = null;,100,
org/apache/commons/lang3/builder/ToStringBuilder.java,434,NullifyInputVariable,public ToStringBuilder append(final Object obj) {,public ToStringBuilder append(final Object obj) { obj = null;,101,
org/apache/commons/lang3/builder/ToStringBuilder.java,194,NullifyInputVariable,public static void setDefaultStyle(final ToStringStyle style) {,public static void setDefaultStyle(final ToStringStyle style) { style = null;,102,
org/apache/commons/lang3/builder/ToStringBuilder.java,175,NullifyInputVariable,final Class<? super T> reflectUpToClass) {,final Class<? super T> reflectUpToClass) { reflectUpToClass = null;,103,
org/apache/commons/lang3/builder/ToStringBuilder.java,175,NullifyInputVariable,final Class<? super T> reflectUpToClass) {,final Class<? super T> reflectUpToClass) { style = null;,104,
org/apache/commons/lang3/builder/ToStringBuilder.java,175,NullifyInputVariable,final Class<? super T> reflectUpToClass) {,final Class<? super T> reflectUpToClass) { object = null;,105,
org/apache/commons/lang3/builder/ToStringBuilder.java,154,NullifyInputVariable,"public static String reflectionToString(final Object object, final ToStringStyle style, final boolean outputTransients) {","public static String reflectionToString(final Object object, final ToStringStyle style, final boolean outputTransients) { style = null;",106,
org/apache/commons/lang3/builder/ToStringBuilder.java,154,NullifyInputVariable,"public static String reflectionToString(final Object object, final ToStringStyle style, final boolean outputTransients) {","public static String reflectionToString(final Object object, final ToStringStyle style, final boolean outputTransients) { object = null;",107,
org/apache/commons/lang3/builder/ToStringBuilder.java,140,NullifyInputVariable,"public static String reflectionToString(final Object object, final ToStringStyle style) {","public static String reflectionToString(final Object object, final ToStringStyle style) { style = null;",108,
org/apache/commons/lang3/builder/ToStringBuilder.java,140,NullifyInputVariable,"public static String reflectionToString(final Object object, final ToStringStyle style) {","public static String reflectionToString(final Object object, final ToStringStyle style) { object = null;",109,
org/apache/commons/lang3/builder/ToStringBuilder.java,127,NullifyInputVariable,public static String reflectionToString(final Object object) {,public static String reflectionToString(final Object object) { object = null;,110,
org/apache/commons/lang3/builder/ToStringBuilder.java,964,NullifyInputVariable,public ToStringBuilder appendToString(final String toString) {,public ToStringBuilder appendToString(final String toString) { toString = null;,65,
org/apache/commons/lang3/builder/ToStringBuilder.java,930,NullifyInputVariable,public ToStringBuilder appendSuper(final String superToString) {,public ToStringBuilder appendSuper(final String superToString) { superToString = null;,66,
org/apache/commons/lang3/builder/ToStringBuilder.java,913,NullifyInputVariable,public ToStringBuilder appendAsObjectToString(final Object srcObject) {,public ToStringBuilder appendAsObjectToString(final Object srcObject) { srcObject = null;,67,
org/apache/commons/lang3/builder/ToStringBuilder.java,898,NullifyInputVariable,"public ToStringBuilder append(final String fieldName, final short[] array, final boolean fullDetail) {","public ToStringBuilder append(final String fieldName, final short[] array, final boolean fullDetail) { fieldName = null;",68,
org/apache/commons/lang3/builder/ToStringBuilder.java,878,NullifyInputVariable,"public ToStringBuilder append(final String fieldName, final short[] array) {","public ToStringBuilder append(final String fieldName, final short[] array) { fieldName = null;",69,
org/apache/commons/lang3/builder/ToStringBuilder.java,865,NullifyInputVariable,"public ToStringBuilder append(final String fieldName, final short value) {","public ToStringBuilder append(final String fieldName, final short value) { fieldName = null;",70,
org/apache/commons/lang3/builder/ToStringBuilder.java,852,NullifyInputVariable,"public ToStringBuilder append(final String fieldName, final Object[] array, final boolean fullDetail) {","public ToStringBuilder append(final String fieldName, final Object[] array, final boolean fullDetail) { array = null;",71,
org/apache/commons/lang3/builder/ToStringBuilder.java,852,NullifyInputVariable,"public ToStringBuilder append(final String fieldName, final Object[] array, final boolean fullDetail) {","public ToStringBuilder append(final String fieldName, final Object[] array, final boolean fullDetail) { fieldName = null;",72,
org/apache/commons/lang3/builder/ToStringBuilder.java,832,NullifyInputVariable,"public ToStringBuilder append(final String fieldName, final Object[] array) {","public ToStringBuilder append(final String fieldName, final Object[] array) { array = null;",73,
org/apache/commons/lang3/builder/ToStringBuilder.java,832,NullifyInputVariable,"public ToStringBuilder append(final String fieldName, final Object[] array) {","public ToStringBuilder append(final String fieldName, final Object[] array) { fieldName = null;",74,
org/apache/commons/lang3/builder/ToStringBuilder.java,819,NullifyInputVariable,"public ToStringBuilder append(final String fieldName, final Object obj, final boolean fullDetail) {","public ToStringBuilder append(final String fieldName, final Object obj, final boolean fullDetail) { obj = null;",75,
org/apache/commons/lang3/builder/ToStringBuilder.java,819,NullifyInputVariable,"public ToStringBuilder append(final String fieldName, final Object obj, final boolean fullDetail) {","public ToStringBuilder append(final String fieldName, final Object obj, final boolean fullDetail) { fieldName = null;",76,
org/apache/commons/lang3/builder/ToStringBuilder.java,804,NullifyInputVariable,"public ToStringBuilder append(final String fieldName, final Object obj) {","public ToStringBuilder append(final String fieldName, final Object obj) { obj = null;",77,
org/apache/commons/lang3/builder/ToStringBuilder.java,804,NullifyInputVariable,"public ToStringBuilder append(final String fieldName, final Object obj) {","public ToStringBuilder append(final String fieldName, final Object obj) { fieldName = null;",78,
org/apache/commons/lang3/builder/ToStringBuilder.java,791,NullifyInputVariable,"public ToStringBuilder append(final String fieldName, final long[] array, final boolean fullDetail) {","public ToStringBuilder append(final String fieldName, final long[] array, final boolean fullDetail) { fieldName = null;",79,
org/apache/commons/lang3/builder/ToStringBuilder.java,771,NullifyInputVariable,"public ToStringBuilder append(final String fieldName, final long[] array) {","public ToStringBuilder append(final String fieldName, final long[] array) { fieldName = null;",80,
org/apache/commons/lang3/builder/ToStringBuilder.java,758,NullifyInputVariable,"public ToStringBuilder append(final String fieldName, final long value) {","public ToStringBuilder append(final String fieldName, final long value) { fieldName = null;",81,
org/apache/commons/lang3/builder/ToStringBuilder.java,745,NullifyInputVariable,"public ToStringBuilder append(final String fieldName, final int[] array, final boolean fullDetail) {","public ToStringBuilder append(final String fieldName, final int[] array, final boolean fullDetail) { fieldName = null;",82,
org/apache/commons/lang3/builder/ToStringBuilder.java,725,NullifyInputVariable,"public ToStringBuilder append(final String fieldName, final int[] array) {","public ToStringBuilder append(final String fieldName, final int[] array) { fieldName = null;",83,
org/apache/commons/lang3/builder/ToStringBuilder.java,712,NullifyInputVariable,"public ToStringBuilder append(final String fieldName, final int value) {","public ToStringBuilder append(final String fieldName, final int value) { fieldName = null;",84,
org/apache/commons/lang3/builder/ToStringBuilder.java,699,NullifyInputVariable,"public ToStringBuilder append(final String fieldName, final float[] array, final boolean fullDetail) {","public ToStringBuilder append(final String fieldName, final float[] array, final boolean fullDetail) { fieldName = null;",85,
org/apache/commons/lang3/builder/ToStringBuilder.java,679,NullifyInputVariable,"public ToStringBuilder append(final String fieldName, final float[] array) {","public ToStringBuilder append(final String fieldName, final float[] array) { fieldName = null;",86,
org/apache/commons/lang3/builder/ToStringBuilder.java,666,NullifyInputVariable,"public ToStringBuilder append(final String fieldName, final float value) {","public ToStringBuilder append(final String fieldName, final float value) { fieldName = null;",87,
org/apache/commons/lang3/builder/ToStringBuilder.java,653,NullifyInputVariable,"public ToStringBuilder append(final String fieldName, final double[] array, final boolean fullDetail) {","public ToStringBuilder append(final String fieldName, final double[] array, final boolean fullDetail) { fieldName = null;",88,
org/apache/commons/lang3/builder/ToStringBuilder.java,633,NullifyInputVariable,"public ToStringBuilder append(final String fieldName, final double[] array) {","public ToStringBuilder append(final String fieldName, final double[] array) { fieldName = null;",89,
org/apache/commons/lang3/builder/ToStringBuilder.java,620,NullifyInputVariable,"public ToStringBuilder append(final String fieldName, final double value) {","public ToStringBuilder append(final String fieldName, final double value) { fieldName = null;",90,
org/apache/commons/lang3/builder/ToStringBuilder.java,607,NullifyInputVariable,"public ToStringBuilder append(final String fieldName, final char[] array, final boolean fullDetail) {","public ToStringBuilder append(final String fieldName, final char[] array, final boolean fullDetail) { fieldName = null;",91,
org/apache/commons/lang3/builder/ToStringBuilder.java,587,NullifyInputVariable,"public ToStringBuilder append(final String fieldName, final char[] array) {","public ToStringBuilder append(final String fieldName, final char[] array) { fieldName = null;",92,
org/apache/commons/lang3/builder/ToStringBuilder.java,574,NullifyInputVariable,"public ToStringBuilder append(final String fieldName, final char value) {","public ToStringBuilder append(final String fieldName, final char value) { fieldName = null;",93,
org/apache/commons/lang3/builder/ToStringBuilder.java,561,NullifyInputVariable,"public ToStringBuilder append(final String fieldName, final byte[] array, final boolean fullDetail) {","public ToStringBuilder append(final String fieldName, final byte[] array, final boolean fullDetail) { fieldName = null;",94,
org/apache/commons/lang3/builder/ToStringBuilder.java,541,NullifyInputVariable,"public ToStringBuilder append(final String fieldName, final byte[] array) {","public ToStringBuilder append(final String fieldName, final byte[] array) { fieldName = null;",95,
org/apache/commons/lang3/builder/ToStringBuilder.java,529,NullifyInputVariable,"public ToStringBuilder append(final String fieldName, final byte value) {","public ToStringBuilder append(final String fieldName, final byte value) { fieldName = null;",96,
org/apache/commons/lang3/builder/ToStringBuilder.java,516,NullifyInputVariable,"public ToStringBuilder append(final String fieldName, final boolean[] array, final boolean fullDetail) {","public ToStringBuilder append(final String fieldName, final boolean[] array, final boolean fullDetail) { fieldName = null;",97,
org/apache/commons/lang3/builder/ToStringBuilder.java,496,NullifyInputVariable,"public ToStringBuilder append(final String fieldName, final boolean[] array) {","public ToStringBuilder append(final String fieldName, final boolean[] array) { fieldName = null;",98,
org/apache/commons/lang3/builder/ToStringBuilder.java,483,NullifyInputVariable,"public ToStringBuilder append(final String fieldName, final boolean value) {","public ToStringBuilder append(final String fieldName, final boolean value) { fieldName = null;",99,
org/apache/commons/lang3/builder/ToStringStyle.java,2272,NullifyInputVariable,protected void removeLastFieldSeparator(final StringBuffer buffer) {,protected void removeLastFieldSeparator(final StringBuffer buffer) { buffer = null;,114,
org/apache/commons/lang3/builder/ToStringStyle.java,2257,NullifyInputVariable,"protected void reflectionAppendArrayDetail(final StringBuffer buffer, final String fieldName, final Object array) {","protected void reflectionAppendArrayDetail(final StringBuffer buffer, final String fieldName, final Object array) { array = null;",115,
org/apache/commons/lang3/builder/ToStringStyle.java,2257,NullifyInputVariable,"protected void reflectionAppendArrayDetail(final StringBuffer buffer, final String fieldName, final Object array) {","protected void reflectionAppendArrayDetail(final StringBuffer buffer, final String fieldName, final Object array) { fieldName = null;",116,
org/apache/commons/lang3/builder/ToStringStyle.java,2257,NullifyInputVariable,"protected void reflectionAppendArrayDetail(final StringBuffer buffer, final String fieldName, final Object array) {","protected void reflectionAppendArrayDetail(final StringBuffer buffer, final String fieldName, final Object array) { buffer = null;",117,
org/apache/commons/lang3/builder/ToStringStyle.java,2201,NullifyInputVariable,protected boolean isFullDetail(final Boolean fullDetailRequest) {,protected boolean isFullDetail(final Boolean fullDetailRequest) { fullDetailRequest = null;,118,
org/apache/commons/lang3/builder/ToStringStyle.java,2094,NullifyInputVariable,protected String getShortClassName(final Class<?> cls) {,protected String getShortClassName(final Class<?> cls) { cls = null;,119,
org/apache/commons/lang3/builder/ToStringStyle.java,1999,NullifyInputVariable,"public void appendToString(final StringBuffer buffer, final String toString) {","public void appendToString(final StringBuffer buffer, final String toString) { toString = null;",120,
org/apache/commons/lang3/builder/ToStringStyle.java,1999,NullifyInputVariable,"public void appendToString(final StringBuffer buffer, final String toString) {","public void appendToString(final StringBuffer buffer, final String toString) { buffer = null;",121,
org/apache/commons/lang3/builder/ToStringStyle.java,1985,NullifyInputVariable,"public void appendSuper(final StringBuffer buffer, final String superToString) {","public void appendSuper(final StringBuffer buffer, final String superToString) { superToString = null;",122,
org/apache/commons/lang3/builder/ToStringStyle.java,1985,NullifyInputVariable,"public void appendSuper(final StringBuffer buffer, final String superToString) {","public void appendSuper(final StringBuffer buffer, final String superToString) { buffer = null;",123,
org/apache/commons/lang3/builder/ToStringStyle.java,1969,NullifyInputVariable,"protected void appendSummarySize(final StringBuffer buffer, final String fieldName, final int size) {","protected void appendSummarySize(final StringBuffer buffer, final String fieldName, final int size) { fieldName = null;",124,
org/apache/commons/lang3/builder/ToStringStyle.java,1969,NullifyInputVariable,"protected void appendSummarySize(final StringBuffer buffer, final String fieldName, final int size) {","protected void appendSummarySize(final StringBuffer buffer, final String fieldName, final int size) { buffer = null;",125,
org/apache/commons/lang3/builder/ToStringStyle.java,1950,NullifyInputVariable,"protected void appendSummary(final StringBuffer buffer, final String fieldName, final short[] array) {","protected void appendSummary(final StringBuffer buffer, final String fieldName, final short[] array) { fieldName = null;",126,
org/apache/commons/lang3/builder/ToStringStyle.java,1950,NullifyInputVariable,"protected void appendSummary(final StringBuffer buffer, final String fieldName, final short[] array) {","protected void appendSummary(final StringBuffer buffer, final String fieldName, final short[] array) { buffer = null;",127,
org/apache/commons/lang3/builder/ToStringStyle.java,1937,NullifyInputVariable,"protected void appendSummary(final StringBuffer buffer, final String fieldName, final Object[] array) {","protected void appendSummary(final StringBuffer buffer, final String fieldName, final Object[] array) { array = null;",128,
org/apache/commons/lang3/builder/ToStringStyle.java,1937,NullifyInputVariable,"protected void appendSummary(final StringBuffer buffer, final String fieldName, final Object[] array) {","protected void appendSummary(final StringBuffer buffer, final String fieldName, final Object[] array) { fieldName = null;",129,
org/apache/commons/lang3/builder/ToStringStyle.java,1937,NullifyInputVariable,"protected void appendSummary(final StringBuffer buffer, final String fieldName, final Object[] array) {","protected void appendSummary(final StringBuffer buffer, final String fieldName, final Object[] array) { buffer = null;",130,
org/apache/commons/lang3/builder/ToStringStyle.java,1922,NullifyInputVariable,"protected void appendSummary(final StringBuffer buffer, final String fieldName, final Object value) {","protected void appendSummary(final StringBuffer buffer, final String fieldName, final Object value) { value = null;",131,
org/apache/commons/lang3/builder/ToStringStyle.java,1922,NullifyInputVariable,"protected void appendSummary(final StringBuffer buffer, final String fieldName, final Object value) {","protected void appendSummary(final StringBuffer buffer, final String fieldName, final Object value) { fieldName = null;",132,
org/apache/commons/lang3/builder/ToStringStyle.java,1922,NullifyInputVariable,"protected void appendSummary(final StringBuffer buffer, final String fieldName, final Object value) {","protected void appendSummary(final StringBuffer buffer, final String fieldName, final Object value) { buffer = null;",133,
org/apache/commons/lang3/builder/ToStringStyle.java,1909,NullifyInputVariable,"protected void appendSummary(final StringBuffer buffer, final String fieldName, final long[] array) {","protected void appendSummary(final StringBuffer buffer, final String fieldName, final long[] array) { fieldName = null;",134,
org/apache/commons/lang3/builder/ToStringStyle.java,1909,NullifyInputVariable,"protected void appendSummary(final StringBuffer buffer, final String fieldName, final long[] array) {","protected void appendSummary(final StringBuffer buffer, final String fieldName, final long[] array) { buffer = null;",135,
org/apache/commons/lang3/builder/ToStringStyle.java,1896,NullifyInputVariable,"protected void appendSummary(final StringBuffer buffer, final String fieldName, final int[] array) {","protected void appendSummary(final StringBuffer buffer, final String fieldName, final int[] array) { fieldName = null;",136,
org/apache/commons/lang3/builder/ToStringStyle.java,1896,NullifyInputVariable,"protected void appendSummary(final StringBuffer buffer, final String fieldName, final int[] array) {","protected void appendSummary(final StringBuffer buffer, final String fieldName, final int[] array) { buffer = null;",137,
org/apache/commons/lang3/builder/ToStringStyle.java,1883,NullifyInputVariable,"protected void appendSummary(final StringBuffer buffer, final String fieldName, final float[] array) {","protected void appendSummary(final StringBuffer buffer, final String fieldName, final float[] array) { fieldName = null;",138,
org/apache/commons/lang3/builder/ToStringStyle.java,1883,NullifyInputVariable,"protected void appendSummary(final StringBuffer buffer, final String fieldName, final float[] array) {","protected void appendSummary(final StringBuffer buffer, final String fieldName, final float[] array) { buffer = null;",139,
org/apache/commons/lang3/builder/ToStringStyle.java,1870,NullifyInputVariable,"protected void appendSummary(final StringBuffer buffer, final String fieldName, final double[] array) {","protected void appendSummary(final StringBuffer buffer, final String fieldName, final double[] array) { fieldName = null;",140,
org/apache/commons/lang3/builder/ToStringStyle.java,1870,NullifyInputVariable,"protected void appendSummary(final StringBuffer buffer, final String fieldName, final double[] array) {","protected void appendSummary(final StringBuffer buffer, final String fieldName, final double[] array) { buffer = null;",141,
org/apache/commons/lang3/builder/ToStringStyle.java,1857,NullifyInputVariable,"protected void appendSummary(final StringBuffer buffer, final String fieldName, final char[] array) {","protected void appendSummary(final StringBuffer buffer, final String fieldName, final char[] array) { fieldName = null;",142,
org/apache/commons/lang3/builder/ToStringStyle.java,1857,NullifyInputVariable,"protected void appendSummary(final StringBuffer buffer, final String fieldName, final char[] array) {","protected void appendSummary(final StringBuffer buffer, final String fieldName, final char[] array) { buffer = null;",143,
org/apache/commons/lang3/builder/ToStringStyle.java,1844,NullifyInputVariable,"protected void appendSummary(final StringBuffer buffer, final String fieldName, final byte[] array) {","protected void appendSummary(final StringBuffer buffer, final String fieldName, final byte[] array) { fieldName = null;",144,
org/apache/commons/lang3/builder/ToStringStyle.java,1844,NullifyInputVariable,"protected void appendSummary(final StringBuffer buffer, final String fieldName, final byte[] array) {","protected void appendSummary(final StringBuffer buffer, final String fieldName, final byte[] array) { buffer = null;",145,
org/apache/commons/lang3/builder/ToStringStyle.java,1831,NullifyInputVariable,"protected void appendSummary(final StringBuffer buffer, final String fieldName, final boolean[] array) {","protected void appendSummary(final StringBuffer buffer, final String fieldName, final boolean[] array) { fieldName = null;",146,
org/apache/commons/lang3/builder/ToStringStyle.java,1831,NullifyInputVariable,"protected void appendSummary(final StringBuffer buffer, final String fieldName, final boolean[] array) {","protected void appendSummary(final StringBuffer buffer, final String fieldName, final boolean[] array) { buffer = null;",147,
org/apache/commons/lang3/builder/ToStringStyle.java,1811,NullifyInputVariable,"public void appendStart(final StringBuffer buffer, final Object object) {","public void appendStart(final StringBuffer buffer, final Object object) { object = null;",148,
org/apache/commons/lang3/builder/ToStringStyle.java,1811,NullifyInputVariable,"public void appendStart(final StringBuffer buffer, final Object object) {","public void appendStart(final StringBuffer buffer, final Object object) { buffer = null;",149,
org/apache/commons/lang3/builder/ToStringStyle.java,1801,NullifyInputVariable,"protected void appendNullText(final StringBuffer buffer, final String fieldName) {","protected void appendNullText(final StringBuffer buffer, final String fieldName) { fieldName = null;",150,
org/apache/commons/lang3/builder/ToStringStyle.java,1801,NullifyInputVariable,"protected void appendNullText(final StringBuffer buffer, final String fieldName) {","protected void appendNullText(final StringBuffer buffer, final String fieldName) { buffer = null;",151,
org/apache/commons/lang3/builder/ToStringStyle.java,1696,NullifyInputVariable,"protected void appendInternal(final StringBuffer buffer, final String fieldName, final Object value, final boolean detail) {","protected void appendInternal(final StringBuffer buffer, final String fieldName, final Object value, final boolean detail) { value = null;",152,
org/apache/commons/lang3/builder/ToStringStyle.java,1696,NullifyInputVariable,"protected void appendInternal(final StringBuffer buffer, final String fieldName, final Object value, final boolean detail) {","protected void appendInternal(final StringBuffer buffer, final String fieldName, final Object value, final boolean detail) { fieldName = null;",153,
org/apache/commons/lang3/builder/ToStringStyle.java,1696,NullifyInputVariable,"protected void appendInternal(final StringBuffer buffer, final String fieldName, final Object value, final boolean detail) {","protected void appendInternal(final StringBuffer buffer, final String fieldName, final Object value, final boolean detail) { buffer = null;",154,
org/apache/commons/lang3/builder/ToStringStyle.java,1669,NullifyInputVariable,"protected void appendIdentityHashCode(final StringBuffer buffer, final Object object) {","protected void appendIdentityHashCode(final StringBuffer buffer, final Object object) { object = null;",155,
org/apache/commons/lang3/builder/ToStringStyle.java,1669,NullifyInputVariable,"protected void appendIdentityHashCode(final StringBuffer buffer, final Object object) {","protected void appendIdentityHashCode(final StringBuffer buffer, final Object object) { buffer = null;",156,
org/apache/commons/lang3/builder/ToStringStyle.java,1656,NullifyInputVariable,"protected void appendFieldStart(final StringBuffer buffer, final String fieldName) {","protected void appendFieldStart(final StringBuffer buffer, final String fieldName) { fieldName = null;",157,
org/apache/commons/lang3/builder/ToStringStyle.java,1656,NullifyInputVariable,"protected void appendFieldStart(final StringBuffer buffer, final String fieldName) {","protected void appendFieldStart(final StringBuffer buffer, final String fieldName) { buffer = null;",158,
org/apache/commons/lang3/builder/ToStringStyle.java,1646,NullifyInputVariable,protected void appendFieldSeparator(final StringBuffer buffer) {,protected void appendFieldSeparator(final StringBuffer buffer) { buffer = null;,159,
org/apache/commons/lang3/builder/ToStringStyle.java,1637,NullifyInputVariable,"protected void appendFieldEnd(final StringBuffer buffer, final String fieldName) {","protected void appendFieldEnd(final StringBuffer buffer, final String fieldName) { fieldName = null;",160,
org/apache/commons/lang3/builder/ToStringStyle.java,1637,NullifyInputVariable,"protected void appendFieldEnd(final StringBuffer buffer, final String fieldName) {","protected void appendFieldEnd(final StringBuffer buffer, final String fieldName) { buffer = null;",161,
org/apache/commons/lang3/builder/ToStringStyle.java,1623,NullifyInputVariable,"public void appendEnd(final StringBuffer buffer, final Object object) {","public void appendEnd(final StringBuffer buffer, final Object object) { object = null;",162,
org/apache/commons/lang3/builder/ToStringStyle.java,1623,NullifyInputVariable,"public void appendEnd(final StringBuffer buffer, final Object object) {","public void appendEnd(final StringBuffer buffer, final Object object) { buffer = null;",163,
org/apache/commons/lang3/builder/ToStringStyle.java,1605,NullifyInputVariable,"protected void appendDetail(final StringBuffer buffer, final String fieldName, final short[] array) {","protected void appendDetail(final StringBuffer buffer, final String fieldName, final short[] array) { fieldName = null;",164,
org/apache/commons/lang3/builder/ToStringStyle.java,1605,NullifyInputVariable,"protected void appendDetail(final StringBuffer buffer, final String fieldName, final short[] array) {","protected void appendDetail(final StringBuffer buffer, final String fieldName, final short[] array) { buffer = null;",165,
org/apache/commons/lang3/builder/ToStringStyle.java,1592,NullifyInputVariable,"protected void appendDetail(final StringBuffer buffer, final String fieldName, final short value) {","protected void appendDetail(final StringBuffer buffer, final String fieldName, final short value) { fieldName = null;",166,
org/apache/commons/lang3/builder/ToStringStyle.java,1592,NullifyInputVariable,"protected void appendDetail(final StringBuffer buffer, final String fieldName, final short value) {","protected void appendDetail(final StringBuffer buffer, final String fieldName, final short value) { buffer = null;",167,
org/apache/commons/lang3/builder/ToStringStyle.java,1576,NullifyInputVariable,"protected void appendDetail(final StringBuffer buffer, final String fieldName, final Object[] array) {","protected void appendDetail(final StringBuffer buffer, final String fieldName, final Object[] array) { array = null;",168,
org/apache/commons/lang3/builder/ToStringStyle.java,1576,NullifyInputVariable,"protected void appendDetail(final StringBuffer buffer, final String fieldName, final Object[] array) {","protected void appendDetail(final StringBuffer buffer, final String fieldName, final Object[] array) { fieldName = null;",169,
org/apache/commons/lang3/builder/ToStringStyle.java,1576,NullifyInputVariable,"protected void appendDetail(final StringBuffer buffer, final String fieldName, final Object[] array) {","protected void appendDetail(final StringBuffer buffer, final String fieldName, final Object[] array) { buffer = null;",170,
org/apache/commons/lang3/builder/ToStringStyle.java,1563,NullifyInputVariable,"protected void appendDetail(final StringBuffer buffer, final String fieldName, final Object value) {","protected void appendDetail(final StringBuffer buffer, final String fieldName, final Object value) { value = null;",171,
org/apache/commons/lang3/builder/ToStringStyle.java,1563,NullifyInputVariable,"protected void appendDetail(final StringBuffer buffer, final String fieldName, final Object value) {","protected void appendDetail(final StringBuffer buffer, final String fieldName, final Object value) { fieldName = null;",172,
org/apache/commons/lang3/builder/ToStringStyle.java,1563,NullifyInputVariable,"protected void appendDetail(final StringBuffer buffer, final String fieldName, final Object value) {","protected void appendDetail(final StringBuffer buffer, final String fieldName, final Object value) { buffer = null;",173,
org/apache/commons/lang3/builder/ToStringStyle.java,1550,NullifyInputVariable,"protected void appendDetail(final StringBuffer buffer, final String fieldName, final Map<?, ?> map) {","protected void appendDetail(final StringBuffer buffer, final String fieldName, final Map<?, ?> map) { map = null;",174,
org/apache/commons/lang3/builder/ToStringStyle.java,1550,NullifyInputVariable,"protected void appendDetail(final StringBuffer buffer, final String fieldName, final Map<?, ?> map) {","protected void appendDetail(final StringBuffer buffer, final String fieldName, final Map<?, ?> map) { fieldName = null;",175,
org/apache/commons/lang3/builder/ToStringStyle.java,1550,NullifyInputVariable,"protected void appendDetail(final StringBuffer buffer, final String fieldName, final Map<?, ?> map) {","protected void appendDetail(final StringBuffer buffer, final String fieldName, final Map<?, ?> map) { buffer = null;",176,
org/apache/commons/lang3/builder/ToStringStyle.java,1531,NullifyInputVariable,"protected void appendDetail(final StringBuffer buffer, final String fieldName, final long[] array) {","protected void appendDetail(final StringBuffer buffer, final String fieldName, final long[] array) { fieldName = null;",177,
org/apache/commons/lang3/builder/ToStringStyle.java,1531,NullifyInputVariable,"protected void appendDetail(final StringBuffer buffer, final String fieldName, final long[] array) {","protected void appendDetail(final StringBuffer buffer, final String fieldName, final long[] array) { buffer = null;",178,
org/apache/commons/lang3/builder/ToStringStyle.java,1518,NullifyInputVariable,"protected void appendDetail(final StringBuffer buffer, final String fieldName, final long value) {","protected void appendDetail(final StringBuffer buffer, final String fieldName, final long value) { fieldName = null;",179,
org/apache/commons/lang3/builder/ToStringStyle.java,1518,NullifyInputVariable,"protected void appendDetail(final StringBuffer buffer, final String fieldName, final long value) {","protected void appendDetail(final StringBuffer buffer, final String fieldName, final long value) { buffer = null;",180,
org/apache/commons/lang3/builder/ToStringStyle.java,1499,NullifyInputVariable,"protected void appendDetail(final StringBuffer buffer, final String fieldName, final int[] array) {","protected void appendDetail(final StringBuffer buffer, final String fieldName, final int[] array) { fieldName = null;",181,
org/apache/commons/lang3/builder/ToStringStyle.java,1499,NullifyInputVariable,"protected void appendDetail(final StringBuffer buffer, final String fieldName, final int[] array) {","protected void appendDetail(final StringBuffer buffer, final String fieldName, final int[] array) { buffer = null;",182,
org/apache/commons/lang3/builder/ToStringStyle.java,1479,NullifyInputVariable,"protected void appendDetail(final StringBuffer buffer, final String fieldName, final int i, final Object item) {","protected void appendDetail(final StringBuffer buffer, final String fieldName, final int i, final Object item) { item = null;",183,
org/apache/commons/lang3/builder/ToStringStyle.java,1479,NullifyInputVariable,"protected void appendDetail(final StringBuffer buffer, final String fieldName, final int i, final Object item) {","protected void appendDetail(final StringBuffer buffer, final String fieldName, final int i, final Object item) { fieldName = null;",184,
org/apache/commons/lang3/builder/ToStringStyle.java,1479,NullifyInputVariable,"protected void appendDetail(final StringBuffer buffer, final String fieldName, final int i, final Object item) {","protected void appendDetail(final StringBuffer buffer, final String fieldName, final int i, final Object item) { buffer = null;",185,
org/apache/commons/lang3/builder/ToStringStyle.java,1465,NullifyInputVariable,"protected void appendDetail(final StringBuffer buffer, final String fieldName, final int value) {","protected void appendDetail(final StringBuffer buffer, final String fieldName, final int value) { fieldName = null;",186,
org/apache/commons/lang3/builder/ToStringStyle.java,1465,NullifyInputVariable,"protected void appendDetail(final StringBuffer buffer, final String fieldName, final int value) {","protected void appendDetail(final StringBuffer buffer, final String fieldName, final int value) { buffer = null;",187,
org/apache/commons/lang3/builder/ToStringStyle.java,1446,NullifyInputVariable,"protected void appendDetail(final StringBuffer buffer, final String fieldName, final float[] array) {","protected void appendDetail(final StringBuffer buffer, final String fieldName, final float[] array) { fieldName = null;",188,
org/apache/commons/lang3/builder/ToStringStyle.java,1446,NullifyInputVariable,"protected void appendDetail(final StringBuffer buffer, final String fieldName, final float[] array) {","protected void appendDetail(final StringBuffer buffer, final String fieldName, final float[] array) { buffer = null;",189,
org/apache/commons/lang3/builder/ToStringStyle.java,1433,NullifyInputVariable,"protected void appendDetail(final StringBuffer buffer, final String fieldName, final float value) {","protected void appendDetail(final StringBuffer buffer, final String fieldName, final float value) { fieldName = null;",190,
org/apache/commons/lang3/builder/ToStringStyle.java,1433,NullifyInputVariable,"protected void appendDetail(final StringBuffer buffer, final String fieldName, final float value) {","protected void appendDetail(final StringBuffer buffer, final String fieldName, final float value) { buffer = null;",191,
org/apache/commons/lang3/builder/ToStringStyle.java,1414,NullifyInputVariable,"protected void appendDetail(final StringBuffer buffer, final String fieldName, final double[] array) {","protected void appendDetail(final StringBuffer buffer, final String fieldName, final double[] array) { fieldName = null;",192,
org/apache/commons/lang3/builder/ToStringStyle.java,1414,NullifyInputVariable,"protected void appendDetail(final StringBuffer buffer, final String fieldName, final double[] array) {","protected void appendDetail(final StringBuffer buffer, final String fieldName, final double[] array) { buffer = null;",193,
org/apache/commons/lang3/builder/ToStringStyle.java,1401,NullifyInputVariable,"protected void appendDetail(final StringBuffer buffer, final String fieldName, final double value) {","protected void appendDetail(final StringBuffer buffer, final String fieldName, final double value) { fieldName = null;",194,
org/apache/commons/lang3/builder/ToStringStyle.java,1401,NullifyInputVariable,"protected void appendDetail(final StringBuffer buffer, final String fieldName, final double value) {","protected void appendDetail(final StringBuffer buffer, final String fieldName, final double value) { buffer = null;",195,
org/apache/commons/lang3/builder/ToStringStyle.java,1389,NullifyInputVariable,"protected void appendDetail(final StringBuffer buffer, final String fieldName, final Collection<?> coll) {","protected void appendDetail(final StringBuffer buffer, final String fieldName, final Collection<?> coll) { coll = null;",196,
org/apache/commons/lang3/builder/ToStringStyle.java,1389,NullifyInputVariable,"protected void appendDetail(final StringBuffer buffer, final String fieldName, final Collection<?> coll) {","protected void appendDetail(final StringBuffer buffer, final String fieldName, final Collection<?> coll) { fieldName = null;",197,
org/apache/commons/lang3/builder/ToStringStyle.java,1389,NullifyInputVariable,"protected void appendDetail(final StringBuffer buffer, final String fieldName, final Collection<?> coll) {","protected void appendDetail(final StringBuffer buffer, final String fieldName, final Collection<?> coll) { buffer = null;",198,
org/apache/commons/lang3/builder/ToStringStyle.java,1370,NullifyInputVariable,"protected void appendDetail(final StringBuffer buffer, final String fieldName, final char[] array) {","protected void appendDetail(final StringBuffer buffer, final String fieldName, final char[] array) { fieldName = null;",199,
org/apache/commons/lang3/builder/ToStringStyle.java,1370,NullifyInputVariable,"protected void appendDetail(final StringBuffer buffer, final String fieldName, final char[] array) {","protected void appendDetail(final StringBuffer buffer, final String fieldName, final char[] array) { buffer = null;",200,
org/apache/commons/lang3/builder/ToStringStyle.java,1357,NullifyInputVariable,"protected void appendDetail(final StringBuffer buffer, final String fieldName, final char value) {","protected void appendDetail(final StringBuffer buffer, final String fieldName, final char value) { fieldName = null;",201,
org/apache/commons/lang3/builder/ToStringStyle.java,1357,NullifyInputVariable,"protected void appendDetail(final StringBuffer buffer, final String fieldName, final char value) {","protected void appendDetail(final StringBuffer buffer, final String fieldName, final char value) { buffer = null;",202,
org/apache/commons/lang3/builder/ToStringStyle.java,1338,NullifyInputVariable,"protected void appendDetail(final StringBuffer buffer, final String fieldName, final byte[] array) {","protected void appendDetail(final StringBuffer buffer, final String fieldName, final byte[] array) { fieldName = null;",203,
org/apache/commons/lang3/builder/ToStringStyle.java,1338,NullifyInputVariable,"protected void appendDetail(final StringBuffer buffer, final String fieldName, final byte[] array) {","protected void appendDetail(final StringBuffer buffer, final String fieldName, final byte[] array) { buffer = null;",204,
org/apache/commons/lang3/builder/ToStringStyle.java,1325,NullifyInputVariable,"protected void appendDetail(final StringBuffer buffer, final String fieldName, final byte value) {","protected void appendDetail(final StringBuffer buffer, final String fieldName, final byte value) { fieldName = null;",205,
org/apache/commons/lang3/builder/ToStringStyle.java,1325,NullifyInputVariable,"protected void appendDetail(final StringBuffer buffer, final String fieldName, final byte value) {","protected void appendDetail(final StringBuffer buffer, final String fieldName, final byte value) { buffer = null;",206,
org/apache/commons/lang3/builder/ToStringStyle.java,1306,NullifyInputVariable,"protected void appendDetail(final StringBuffer buffer, final String fieldName, final boolean[] array) {","protected void appendDetail(final StringBuffer buffer, final String fieldName, final boolean[] array) { fieldName = null;",207,
org/apache/commons/lang3/builder/ToStringStyle.java,1306,NullifyInputVariable,"protected void appendDetail(final StringBuffer buffer, final String fieldName, final boolean[] array) {","protected void appendDetail(final StringBuffer buffer, final String fieldName, final boolean[] array) { buffer = null;",208,
org/apache/commons/lang3/builder/ToStringStyle.java,1293,NullifyInputVariable,"protected void appendDetail(final StringBuffer buffer, final String fieldName, final boolean value) {","protected void appendDetail(final StringBuffer buffer, final String fieldName, final boolean value) { fieldName = null;",209,
org/apache/commons/lang3/builder/ToStringStyle.java,1293,NullifyInputVariable,"protected void appendDetail(final StringBuffer buffer, final String fieldName, final boolean value) {","protected void appendDetail(final StringBuffer buffer, final String fieldName, final boolean value) { buffer = null;",210,
org/apache/commons/lang3/builder/ToStringStyle.java,1281,NullifyInputVariable,"protected void appendCyclicObject(final StringBuffer buffer, final String fieldName, final Object value) {","protected void appendCyclicObject(final StringBuffer buffer, final String fieldName, final Object value) { value = null;",211,
org/apache/commons/lang3/builder/ToStringStyle.java,1281,NullifyInputVariable,"protected void appendCyclicObject(final StringBuffer buffer, final String fieldName, final Object value) {","protected void appendCyclicObject(final StringBuffer buffer, final String fieldName, final Object value) { fieldName = null;",212,
org/apache/commons/lang3/builder/ToStringStyle.java,1281,NullifyInputVariable,"protected void appendCyclicObject(final StringBuffer buffer, final String fieldName, final Object value) {","protected void appendCyclicObject(final StringBuffer buffer, final String fieldName, final Object value) { buffer = null;",213,
org/apache/commons/lang3/builder/ToStringStyle.java,1265,NullifyInputVariable,protected void appendContentStart(final StringBuffer buffer) {,protected void appendContentStart(final StringBuffer buffer) { buffer = null;,214,
org/apache/commons/lang3/builder/ToStringStyle.java,1256,NullifyInputVariable,protected void appendContentEnd(final StringBuffer buffer) {,protected void appendContentEnd(final StringBuffer buffer) { buffer = null;,215,
org/apache/commons/lang3/builder/ToStringStyle.java,1240,NullifyInputVariable,"protected void appendClassName(final StringBuffer buffer, final Object object) {","protected void appendClassName(final StringBuffer buffer, final Object object) { object = null;",216,
org/apache/commons/lang3/builder/ToStringStyle.java,1240,NullifyInputVariable,"protected void appendClassName(final StringBuffer buffer, final Object object) {","protected void appendClassName(final StringBuffer buffer, final Object object) { buffer = null;",217,
org/apache/commons/lang3/builder/ToStringStyle.java,1218,NullifyInputVariable,"public void append(final StringBuffer buffer, final String fieldName, final short[] array, final Boolean fullDetail) {","public void append(final StringBuffer buffer, final String fieldName, final short[] array, final Boolean fullDetail) { fullDetail = null;",218,
org/apache/commons/lang3/builder/ToStringStyle.java,1218,NullifyInputVariable,"public void append(final StringBuffer buffer, final String fieldName, final short[] array, final Boolean fullDetail) {","public void append(final StringBuffer buffer, final String fieldName, final short[] array, final Boolean fullDetail) { fieldName = null;",219,
org/apache/commons/lang3/builder/ToStringStyle.java,1218,NullifyInputVariable,"public void append(final StringBuffer buffer, final String fieldName, final short[] array, final Boolean fullDetail) {","public void append(final StringBuffer buffer, final String fieldName, final short[] array, final Boolean fullDetail) { buffer = null;",220,
org/apache/commons/lang3/builder/ToStringStyle.java,1202,NullifyInputVariable,"public void append(final StringBuffer buffer, final String fieldName, final short value) {","public void append(final StringBuffer buffer, final String fieldName, final short value) { fieldName = null;",221,
org/apache/commons/lang3/builder/ToStringStyle.java,1202,NullifyInputVariable,"public void append(final StringBuffer buffer, final String fieldName, final short value) {","public void append(final StringBuffer buffer, final String fieldName, final short value) { buffer = null;",222,
org/apache/commons/lang3/builder/ToStringStyle.java,1178,NullifyInputVariable,"public void append(final StringBuffer buffer, final String fieldName, final Object[] array, final Boolean fullDetail) {","public void append(final StringBuffer buffer, final String fieldName, final Object[] array, final Boolean fullDetail) { fullDetail = null;",223,
org/apache/commons/lang3/builder/ToStringStyle.java,1178,NullifyInputVariable,"public void append(final StringBuffer buffer, final String fieldName, final Object[] array, final Boolean fullDetail) {","public void append(final StringBuffer buffer, final String fieldName, final Object[] array, final Boolean fullDetail) { array = null;",224,
org/apache/commons/lang3/builder/ToStringStyle.java,1178,NullifyInputVariable,"public void append(final StringBuffer buffer, final String fieldName, final Object[] array, final Boolean fullDetail) {","public void append(final StringBuffer buffer, final String fieldName, final Object[] array, final Boolean fullDetail) { fieldName = null;",225,
org/apache/commons/lang3/builder/ToStringStyle.java,1178,NullifyInputVariable,"public void append(final StringBuffer buffer, final String fieldName, final Object[] array, final Boolean fullDetail) {","public void append(final StringBuffer buffer, final String fieldName, final Object[] array, final Boolean fullDetail) { buffer = null;",226,
org/apache/commons/lang3/builder/ToStringStyle.java,1155,NullifyInputVariable,"public void append(final StringBuffer buffer, final String fieldName, final Object value, final Boolean fullDetail) {","public void append(final StringBuffer buffer, final String fieldName, final Object value, final Boolean fullDetail) { fullDetail = null;",227,
org/apache/commons/lang3/builder/ToStringStyle.java,1155,NullifyInputVariable,"public void append(final StringBuffer buffer, final String fieldName, final Object value, final Boolean fullDetail) {","public void append(final StringBuffer buffer, final String fieldName, final Object value, final Boolean fullDetail) { value = null;",228,
org/apache/commons/lang3/builder/ToStringStyle.java,1155,NullifyInputVariable,"public void append(final StringBuffer buffer, final String fieldName, final Object value, final Boolean fullDetail) {","public void append(final StringBuffer buffer, final String fieldName, final Object value, final Boolean fullDetail) { fieldName = null;",229,
org/apache/commons/lang3/builder/ToStringStyle.java,1155,NullifyInputVariable,"public void append(final StringBuffer buffer, final String fieldName, final Object value, final Boolean fullDetail) {","public void append(final StringBuffer buffer, final String fieldName, final Object value, final Boolean fullDetail) { buffer = null;",230,
org/apache/commons/lang3/builder/ToStringStyle.java,1128,NullifyInputVariable,"public void append(final StringBuffer buffer, final String fieldName, final long[] array, final Boolean fullDetail) {","public void append(final StringBuffer buffer, final String fieldName, final long[] array, final Boolean fullDetail) { fullDetail = null;",231,
org/apache/commons/lang3/builder/ToStringStyle.java,1128,NullifyInputVariable,"public void append(final StringBuffer buffer, final String fieldName, final long[] array, final Boolean fullDetail) {","public void append(final StringBuffer buffer, final String fieldName, final long[] array, final Boolean fullDetail) { fieldName = null;",232,
org/apache/commons/lang3/builder/ToStringStyle.java,1128,NullifyInputVariable,"public void append(final StringBuffer buffer, final String fieldName, final long[] array, final Boolean fullDetail) {","public void append(final StringBuffer buffer, final String fieldName, final long[] array, final Boolean fullDetail) { buffer = null;",233,
org/apache/commons/lang3/builder/ToStringStyle.java,1112,NullifyInputVariable,"public void append(final StringBuffer buffer, final String fieldName, final long value) {","public void append(final StringBuffer buffer, final String fieldName, final long value) { fieldName = null;",234,
org/apache/commons/lang3/builder/ToStringStyle.java,1112,NullifyInputVariable,"public void append(final StringBuffer buffer, final String fieldName, final long value) {","public void append(final StringBuffer buffer, final String fieldName, final long value) { buffer = null;",235,
org/apache/commons/lang3/builder/ToStringStyle.java,1088,NullifyInputVariable,"public void append(final StringBuffer buffer, final String fieldName, final int[] array, final Boolean fullDetail) {","public void append(final StringBuffer buffer, final String fieldName, final int[] array, final Boolean fullDetail) { fullDetail = null;",236,
org/apache/commons/lang3/builder/ToStringStyle.java,1088,NullifyInputVariable,"public void append(final StringBuffer buffer, final String fieldName, final int[] array, final Boolean fullDetail) {","public void append(final StringBuffer buffer, final String fieldName, final int[] array, final Boolean fullDetail) { fieldName = null;",237,
org/apache/commons/lang3/builder/ToStringStyle.java,1088,NullifyInputVariable,"public void append(final StringBuffer buffer, final String fieldName, final int[] array, final Boolean fullDetail) {","public void append(final StringBuffer buffer, final String fieldName, final int[] array, final Boolean fullDetail) { buffer = null;",238,
org/apache/commons/lang3/builder/ToStringStyle.java,1072,NullifyInputVariable,"public void append(final StringBuffer buffer, final String fieldName, final int value) {","public void append(final StringBuffer buffer, final String fieldName, final int value) { fieldName = null;",239,
org/apache/commons/lang3/builder/ToStringStyle.java,1072,NullifyInputVariable,"public void append(final StringBuffer buffer, final String fieldName, final int value) {","public void append(final StringBuffer buffer, final String fieldName, final int value) { buffer = null;",240,
org/apache/commons/lang3/builder/ToStringStyle.java,1048,NullifyInputVariable,"public void append(final StringBuffer buffer, final String fieldName, final float[] array, final Boolean fullDetail) {","public void append(final StringBuffer buffer, final String fieldName, final float[] array, final Boolean fullDetail) { fullDetail = null;",241,
org/apache/commons/lang3/builder/ToStringStyle.java,1048,NullifyInputVariable,"public void append(final StringBuffer buffer, final String fieldName, final float[] array, final Boolean fullDetail) {","public void append(final StringBuffer buffer, final String fieldName, final float[] array, final Boolean fullDetail) { fieldName = null;",242,
org/apache/commons/lang3/builder/ToStringStyle.java,1048,NullifyInputVariable,"public void append(final StringBuffer buffer, final String fieldName, final float[] array, final Boolean fullDetail) {","public void append(final StringBuffer buffer, final String fieldName, final float[] array, final Boolean fullDetail) { buffer = null;",243,
org/apache/commons/lang3/builder/ToStringStyle.java,1032,NullifyInputVariable,"public void append(final StringBuffer buffer, final String fieldName, final float value) {","public void append(final StringBuffer buffer, final String fieldName, final float value) { fieldName = null;",244,
org/apache/commons/lang3/builder/ToStringStyle.java,1032,NullifyInputVariable,"public void append(final StringBuffer buffer, final String fieldName, final float value) {","public void append(final StringBuffer buffer, final String fieldName, final float value) { buffer = null;",245,
org/apache/commons/lang3/builder/ToStringStyle.java,1008,NullifyInputVariable,"public void append(final StringBuffer buffer, final String fieldName, final double[] array, final Boolean fullDetail) {","public void append(final StringBuffer buffer, final String fieldName, final double[] array, final Boolean fullDetail) { fullDetail = null;",246,
org/apache/commons/lang3/builder/ToStringStyle.java,1008,NullifyInputVariable,"public void append(final StringBuffer buffer, final String fieldName, final double[] array, final Boolean fullDetail) {","public void append(final StringBuffer buffer, final String fieldName, final double[] array, final Boolean fullDetail) { fieldName = null;",247,
org/apache/commons/lang3/builder/ToStringStyle.java,1008,NullifyInputVariable,"public void append(final StringBuffer buffer, final String fieldName, final double[] array, final Boolean fullDetail) {","public void append(final StringBuffer buffer, final String fieldName, final double[] array, final Boolean fullDetail) { buffer = null;",248,
org/apache/commons/lang3/builder/ToStringStyle.java,992,NullifyInputVariable,"public void append(final StringBuffer buffer, final String fieldName, final double value) {","public void append(final StringBuffer buffer, final String fieldName, final double value) { fieldName = null;",249,
org/apache/commons/lang3/builder/ToStringStyle.java,992,NullifyInputVariable,"public void append(final StringBuffer buffer, final String fieldName, final double value) {","public void append(final StringBuffer buffer, final String fieldName, final double value) { buffer = null;",250,
org/apache/commons/lang3/builder/ToStringStyle.java,968,NullifyInputVariable,"public void append(final StringBuffer buffer, final String fieldName, final char[] array, final Boolean fullDetail) {","public void append(final StringBuffer buffer, final String fieldName, final char[] array, final Boolean fullDetail) { fullDetail = null;",251,
org/apache/commons/lang3/builder/ToStringStyle.java,968,NullifyInputVariable,"public void append(final StringBuffer buffer, final String fieldName, final char[] array, final Boolean fullDetail) {","public void append(final StringBuffer buffer, final String fieldName, final char[] array, final Boolean fullDetail) { fieldName = null;",252,
org/apache/commons/lang3/builder/ToStringStyle.java,968,NullifyInputVariable,"public void append(final StringBuffer buffer, final String fieldName, final char[] array, final Boolean fullDetail) {","public void append(final StringBuffer buffer, final String fieldName, final char[] array, final Boolean fullDetail) { buffer = null;",253,
org/apache/commons/lang3/builder/ToStringStyle.java,952,NullifyInputVariable,"public void append(final StringBuffer buffer, final String fieldName, final char value) {","public void append(final StringBuffer buffer, final String fieldName, final char value) { fieldName = null;",254,
org/apache/commons/lang3/builder/ToStringStyle.java,952,NullifyInputVariable,"public void append(final StringBuffer buffer, final String fieldName, final char value) {","public void append(final StringBuffer buffer, final String fieldName, final char value) { buffer = null;",255,
org/apache/commons/lang3/builder/ToStringStyle.java,928,NullifyInputVariable,"public void append(final StringBuffer buffer, final String fieldName, final byte[] array, final Boolean fullDetail) {","public void append(final StringBuffer buffer, final String fieldName, final byte[] array, final Boolean fullDetail) { fullDetail = null;",256,
org/apache/commons/lang3/builder/ToStringStyle.java,928,NullifyInputVariable,"public void append(final StringBuffer buffer, final String fieldName, final byte[] array, final Boolean fullDetail) {","public void append(final StringBuffer buffer, final String fieldName, final byte[] array, final Boolean fullDetail) { fieldName = null;",257,
org/apache/commons/lang3/builder/ToStringStyle.java,928,NullifyInputVariable,"public void append(final StringBuffer buffer, final String fieldName, final byte[] array, final Boolean fullDetail) {","public void append(final StringBuffer buffer, final String fieldName, final byte[] array, final Boolean fullDetail) { buffer = null;",258,
org/apache/commons/lang3/builder/ToStringStyle.java,912,NullifyInputVariable,"public void append(final StringBuffer buffer, final String fieldName, final byte value) {","public void append(final StringBuffer buffer, final String fieldName, final byte value) { fieldName = null;",259,
org/apache/commons/lang3/builder/ToStringStyle.java,912,NullifyInputVariable,"public void append(final StringBuffer buffer, final String fieldName, final byte value) {","public void append(final StringBuffer buffer, final String fieldName, final byte value) { buffer = null;",260,
org/apache/commons/lang3/builder/ToStringStyle.java,888,NullifyInputVariable,"public void append(final StringBuffer buffer, final String fieldName, final boolean[] array, final Boolean fullDetail) {","public void append(final StringBuffer buffer, final String fieldName, final boolean[] array, final Boolean fullDetail) { fullDetail = null;",261,
org/apache/commons/lang3/builder/ToStringStyle.java,888,NullifyInputVariable,"public void append(final StringBuffer buffer, final String fieldName, final boolean[] array, final Boolean fullDetail) {","public void append(final StringBuffer buffer, final String fieldName, final boolean[] array, final Boolean fullDetail) { fieldName = null;",262,
org/apache/commons/lang3/builder/ToStringStyle.java,888,NullifyInputVariable,"public void append(final StringBuffer buffer, final String fieldName, final boolean[] array, final Boolean fullDetail) {","public void append(final StringBuffer buffer, final String fieldName, final boolean[] array, final Boolean fullDetail) { buffer = null;",263,
org/apache/commons/lang3/builder/ToStringStyle.java,872,NullifyInputVariable,"public void append(final StringBuffer buffer, final String fieldName, final boolean value) {","public void append(final StringBuffer buffer, final String fieldName, final boolean value) { fieldName = null;",264,
org/apache/commons/lang3/builder/ToStringStyle.java,872,NullifyInputVariable,"public void append(final StringBuffer buffer, final String fieldName, final boolean value) {","public void append(final StringBuffer buffer, final String fieldName, final boolean value) { buffer = null;",265,
org/apache/commons/lang3/builder/ToStringStyle.java,747,NullifyInputVariable,static void unregister(final Object value) {,static void unregister(final Object value) { value = null;,266,
org/apache/commons/lang3/builder/ToStringStyle.java,731,NullifyInputVariable,static void register(final Object value) {,static void register(final Object value) { value = null;,267,
org/apache/commons/lang3/builder/ToStringStyle.java,720,NullifyInputVariable,static boolean isRegistered(final Object value) {,static boolean isRegistered(final Object value) { value = null;,268,
org/apache/commons/lang3/builder/ToStringStyle.java,416,NullifyInputVariable,private boolean isJsonObject(final String valueAsString) {,private boolean isJsonObject(final String valueAsString) { valueAsString = null;,269,
org/apache/commons/lang3/builder/ToStringStyle.java,411,NullifyInputVariable,private boolean isJsonArray(final String valueAsString) {,private boolean isJsonArray(final String valueAsString) { valueAsString = null;,270,
org/apache/commons/lang3/builder/ToStringStyle.java,407,NullifyInputVariable,"private void appendValueAsString(final StringBuffer buffer, final String value) {","private void appendValueAsString(final StringBuffer buffer, final String value) { value = null;",271,
org/apache/commons/lang3/builder/ToStringStyle.java,407,NullifyInputVariable,"private void appendValueAsString(final StringBuffer buffer, final String value) {","private void appendValueAsString(final StringBuffer buffer, final String value) { buffer = null;",272,
org/apache/commons/lang3/builder/ToStringStyle.java,390,NullifyInputVariable,"protected void appendFieldStart(final StringBuffer buffer, final String fieldName) {","protected void appendFieldStart(final StringBuffer buffer, final String fieldName) { fieldName = null;",273,
org/apache/commons/lang3/builder/ToStringStyle.java,390,NullifyInputVariable,"protected void appendFieldStart(final StringBuffer buffer, final String fieldName) {","protected void appendFieldStart(final StringBuffer buffer, final String fieldName) { buffer = null;",274,
org/apache/commons/lang3/builder/ToStringStyle.java,363,NullifyInputVariable,"protected void appendDetail(final StringBuffer buffer, final String fieldName, final Object value) {","protected void appendDetail(final StringBuffer buffer, final String fieldName, final Object value) { value = null;",275,
org/apache/commons/lang3/builder/ToStringStyle.java,363,NullifyInputVariable,"protected void appendDetail(final StringBuffer buffer, final String fieldName, final Object value) {","protected void appendDetail(final StringBuffer buffer, final String fieldName, final Object value) { fieldName = null;",276,
org/apache/commons/lang3/builder/ToStringStyle.java,363,NullifyInputVariable,"protected void appendDetail(final StringBuffer buffer, final String fieldName, final Object value) {","protected void appendDetail(final StringBuffer buffer, final String fieldName, final Object value) { buffer = null;",277,
org/apache/commons/lang3/builder/ToStringStyle.java,332,NullifyInputVariable,"protected void appendDetail(final StringBuffer buffer, final String fieldName, final Map<?, ?> map) {","protected void appendDetail(final StringBuffer buffer, final String fieldName, final Map<?, ?> map) { map = null;",278,
org/apache/commons/lang3/builder/ToStringStyle.java,332,NullifyInputVariable,"protected void appendDetail(final StringBuffer buffer, final String fieldName, final Map<?, ?> map) {","protected void appendDetail(final StringBuffer buffer, final String fieldName, final Map<?, ?> map) { fieldName = null;",279,
org/apache/commons/lang3/builder/ToStringStyle.java,332,NullifyInputVariable,"protected void appendDetail(final StringBuffer buffer, final String fieldName, final Map<?, ?> map) {","protected void appendDetail(final StringBuffer buffer, final String fieldName, final Map<?, ?> map) { buffer = null;",280,
org/apache/commons/lang3/builder/ToStringStyle.java,317,NullifyInputVariable,"protected void appendDetail(final StringBuffer buffer, final String fieldName, final Collection<?> coll) {","protected void appendDetail(final StringBuffer buffer, final String fieldName, final Collection<?> coll) { coll = null;",281,
org/apache/commons/lang3/builder/ToStringStyle.java,317,NullifyInputVariable,"protected void appendDetail(final StringBuffer buffer, final String fieldName, final Collection<?> coll) {","protected void appendDetail(final StringBuffer buffer, final String fieldName, final Collection<?> coll) { fieldName = null;",282,
org/apache/commons/lang3/builder/ToStringStyle.java,317,NullifyInputVariable,"protected void appendDetail(final StringBuffer buffer, final String fieldName, final Collection<?> coll) {","protected void appendDetail(final StringBuffer buffer, final String fieldName, final Collection<?> coll) { buffer = null;",283,
org/apache/commons/lang3/builder/ToStringStyle.java,312,NullifyInputVariable,"protected void appendDetail(final StringBuffer buffer, final String fieldName, final char value) {","protected void appendDetail(final StringBuffer buffer, final String fieldName, final char value) { fieldName = null;",284,
org/apache/commons/lang3/builder/ToStringStyle.java,312,NullifyInputVariable,"protected void appendDetail(final StringBuffer buffer, final String fieldName, final char value) {","protected void appendDetail(final StringBuffer buffer, final String fieldName, final char value) { buffer = null;",285,
org/apache/commons/lang3/builder/ToStringStyle.java,297,NullifyInputVariable,"final short[] array, final Boolean fullDetail) {","final short[] array, final Boolean fullDetail) { fullDetail = null;",286,
org/apache/commons/lang3/builder/ToStringStyle.java,297,NullifyInputVariable,"final short[] array, final Boolean fullDetail) {","final short[] array, final Boolean fullDetail) { fieldName = null;",287,
org/apache/commons/lang3/builder/ToStringStyle.java,297,NullifyInputVariable,"final short[] array, final Boolean fullDetail) {","final short[] array, final Boolean fullDetail) { buffer = null;",288,
org/apache/commons/lang3/builder/ToStringStyle.java,281,NullifyInputVariable,"final Object[] array, final Boolean fullDetail) {","final Object[] array, final Boolean fullDetail) { fullDetail = null;",289,
org/apache/commons/lang3/builder/ToStringStyle.java,281,NullifyInputVariable,"final Object[] array, final Boolean fullDetail) {","final Object[] array, final Boolean fullDetail) { array = null;",290,
org/apache/commons/lang3/builder/ToStringStyle.java,281,NullifyInputVariable,"final Object[] array, final Boolean fullDetail) {","final Object[] array, final Boolean fullDetail) { fieldName = null;",291,
org/apache/commons/lang3/builder/ToStringStyle.java,281,NullifyInputVariable,"final Object[] array, final Boolean fullDetail) {","final Object[] array, final Boolean fullDetail) { buffer = null;",292,
org/apache/commons/lang3/builder/ToStringStyle.java,265,NullifyInputVariable,final Boolean fullDetail) {,final Boolean fullDetail) { fullDetail = null;,293,
org/apache/commons/lang3/builder/ToStringStyle.java,265,NullifyInputVariable,final Boolean fullDetail) {,final Boolean fullDetail) { value = null;,294,
org/apache/commons/lang3/builder/ToStringStyle.java,265,NullifyInputVariable,final Boolean fullDetail) {,final Boolean fullDetail) { fieldName = null;,295,
org/apache/commons/lang3/builder/ToStringStyle.java,265,NullifyInputVariable,final Boolean fullDetail) {,final Boolean fullDetail) { buffer = null;,296,
org/apache/commons/lang3/builder/ToStringStyle.java,249,NullifyInputVariable,final Boolean fullDetail) {,final Boolean fullDetail) { fullDetail = null;,297,
org/apache/commons/lang3/builder/ToStringStyle.java,249,NullifyInputVariable,final Boolean fullDetail) {,final Boolean fullDetail) { fieldName = null;,298,
org/apache/commons/lang3/builder/ToStringStyle.java,249,NullifyInputVariable,final Boolean fullDetail) {,final Boolean fullDetail) { buffer = null;,299,
org/apache/commons/lang3/builder/ToStringStyle.java,233,NullifyInputVariable,final Boolean fullDetail) {,final Boolean fullDetail) { fullDetail = null;,300,
org/apache/commons/lang3/builder/ToStringStyle.java,233,NullifyInputVariable,final Boolean fullDetail) {,final Boolean fullDetail) { fieldName = null;,301,
org/apache/commons/lang3/builder/ToStringStyle.java,233,NullifyInputVariable,final Boolean fullDetail) {,final Boolean fullDetail) { buffer = null;,302,
org/apache/commons/lang3/builder/ToStringStyle.java,217,NullifyInputVariable,"final float[] array, final Boolean fullDetail) {","final float[] array, final Boolean fullDetail) { fullDetail = null;",303,
org/apache/commons/lang3/builder/ToStringStyle.java,217,NullifyInputVariable,"final float[] array, final Boolean fullDetail) {","final float[] array, final Boolean fullDetail) { fieldName = null;",304,
org/apache/commons/lang3/builder/ToStringStyle.java,217,NullifyInputVariable,"final float[] array, final Boolean fullDetail) {","final float[] array, final Boolean fullDetail) { buffer = null;",305,
org/apache/commons/lang3/builder/ToStringStyle.java,201,NullifyInputVariable,"final double[] array, final Boolean fullDetail) {","final double[] array, final Boolean fullDetail) { fullDetail = null;",306,
org/apache/commons/lang3/builder/ToStringStyle.java,201,NullifyInputVariable,"final double[] array, final Boolean fullDetail) {","final double[] array, final Boolean fullDetail) { fieldName = null;",307,
org/apache/commons/lang3/builder/ToStringStyle.java,201,NullifyInputVariable,"final double[] array, final Boolean fullDetail) {","final double[] array, final Boolean fullDetail) { buffer = null;",308,
org/apache/commons/lang3/builder/ToStringStyle.java,185,NullifyInputVariable,final Boolean fullDetail) {,final Boolean fullDetail) { fullDetail = null;,309,
org/apache/commons/lang3/builder/ToStringStyle.java,185,NullifyInputVariable,final Boolean fullDetail) {,final Boolean fullDetail) { fieldName = null;,310,
org/apache/commons/lang3/builder/ToStringStyle.java,185,NullifyInputVariable,final Boolean fullDetail) {,final Boolean fullDetail) { buffer = null;,311,
org/apache/commons/lang3/builder/ToStringStyle.java,169,NullifyInputVariable,final Boolean fullDetail) {,final Boolean fullDetail) { fullDetail = null;,312,
org/apache/commons/lang3/builder/ToStringStyle.java,169,NullifyInputVariable,final Boolean fullDetail) {,final Boolean fullDetail) { fieldName = null;,313,
org/apache/commons/lang3/builder/ToStringStyle.java,169,NullifyInputVariable,final Boolean fullDetail) {,final Boolean fullDetail) { buffer = null;,314,
org/apache/commons/lang3/builder/ToStringStyle.java,153,NullifyInputVariable,"final boolean[] array, final Boolean fullDetail) {","final boolean[] array, final Boolean fullDetail) { fullDetail = null;",315,
org/apache/commons/lang3/builder/ToStringStyle.java,153,NullifyInputVariable,"final boolean[] array, final Boolean fullDetail) {","final boolean[] array, final Boolean fullDetail) { fieldName = null;",316,
org/apache/commons/lang3/builder/ToStringStyle.java,153,NullifyInputVariable,"final boolean[] array, final Boolean fullDetail) {","final boolean[] array, final Boolean fullDetail) { buffer = null;",317,
org/apache/commons/lang3/builder/ToStringStyle.java,2260,RelationalOperatorReplacement,for (int i = 0; i < length; i++) {,for (int i = 0; i >= length; i++) {,532,
org/apache/commons/lang3/builder/ToStringStyle.java,2003,RelationalOperatorReplacement,if (pos1 != pos2 && pos1 >= 0 && pos2 >= 0) {,if (pos1 != pos2 && pos1 >= 0 && pos2 < 0) {,534,
org/apache/commons/lang3/builder/ToStringStyle.java,2003,RelationalOperatorReplacement,if (pos1 != pos2 && pos1 >= 0 && pos2 >= 0) {,if (pos1 != pos2 && pos1 < 0 && pos2 >= 0) {,535,
org/apache/commons/lang3/builder/ToStringStyle.java,1608,RelationalOperatorReplacement,if (i > 0) {,if (i <= 0) {,541,
org/apache/commons/lang3/builder/ToStringStyle.java,1607,RelationalOperatorReplacement,for (int i = 0; i < array.length; i++) {,for (int i = 0; i >= array.length; i++) {,542,
org/apache/commons/lang3/builder/ToStringStyle.java,1578,RelationalOperatorReplacement,for (int i = 0; i < array.length; i++) {,for (int i = 0; i >= array.length; i++) {,543,
org/apache/commons/lang3/builder/ToStringStyle.java,1534,RelationalOperatorReplacement,if (i > 0) {,if (i <= 0) {,544,
org/apache/commons/lang3/builder/ToStringStyle.java,1533,RelationalOperatorReplacement,for (int i = 0; i < array.length; i++) {,for (int i = 0; i >= array.length; i++) {,545,
org/apache/commons/lang3/builder/ToStringStyle.java,1502,RelationalOperatorReplacement,if (i > 0) {,if (i <= 0) {,546,
org/apache/commons/lang3/builder/ToStringStyle.java,1501,RelationalOperatorReplacement,for (int i = 0; i < array.length; i++) {,for (int i = 0; i >= array.length; i++) {,547,
org/apache/commons/lang3/builder/ToStringStyle.java,1480,RelationalOperatorReplacement,if (i > 0) {,if (i <= 0) {,549,
org/apache/commons/lang3/builder/ToStringStyle.java,1449,RelationalOperatorReplacement,if (i > 0) {,if (i <= 0) {,550,
org/apache/commons/lang3/builder/ToStringStyle.java,1448,RelationalOperatorReplacement,for (int i = 0; i < array.length; i++) {,for (int i = 0; i >= array.length; i++) {,551,
org/apache/commons/lang3/builder/ToStringStyle.java,1417,RelationalOperatorReplacement,if (i > 0) {,if (i <= 0) {,552,
org/apache/commons/lang3/builder/ToStringStyle.java,1416,RelationalOperatorReplacement,for (int i = 0; i < array.length; i++) {,for (int i = 0; i >= array.length; i++) {,553,
org/apache/commons/lang3/builder/ToStringStyle.java,1373,RelationalOperatorReplacement,if (i > 0) {,if (i <= 0) {,554,
org/apache/commons/lang3/builder/ToStringStyle.java,1372,RelationalOperatorReplacement,for (int i = 0; i < array.length; i++) {,for (int i = 0; i >= array.length; i++) {,555,
org/apache/commons/lang3/builder/ToStringStyle.java,1341,RelationalOperatorReplacement,if (i > 0) {,if (i <= 0) {,556,
org/apache/commons/lang3/builder/ToStringStyle.java,1340,RelationalOperatorReplacement,for (int i = 0; i < array.length; i++) {,for (int i = 0; i >= array.length; i++) {,557,
org/apache/commons/lang3/builder/ToStringStyle.java,1309,RelationalOperatorReplacement,if (i > 0) {,if (i <= 0) {,558,
org/apache/commons/lang3/builder/ToStringStyle.java,1308,RelationalOperatorReplacement,for (int i = 0; i < array.length; i++) {,for (int i = 0; i >= array.length; i++) {,559,
org/apache/commons/lang3/compare/ComparableUtils.java,239,NullifyInputVariable,"public static <A extends Comparable<A>> A min(final A comparable1, final A comparable2) {","public static <A extends Comparable<A>> A min(final A comparable1, final A comparable2) { comparable2 = null;",14,
org/apache/commons/lang3/compare/ComparableUtils.java,239,NullifyInputVariable,"public static <A extends Comparable<A>> A min(final A comparable1, final A comparable2) {","public static <A extends Comparable<A>> A min(final A comparable1, final A comparable2) { comparable1 = null;",15,
org/apache/commons/lang3/compare/ComparableUtils.java,222,NullifyInputVariable,"public static <A extends Comparable<A>> A max(final A comparable1, final A comparable2) {","public static <A extends Comparable<A>> A max(final A comparable1, final A comparable2) { comparable2 = null;",16,
org/apache/commons/lang3/compare/ComparableUtils.java,222,NullifyInputVariable,"public static <A extends Comparable<A>> A max(final A comparable1, final A comparable2) {","public static <A extends Comparable<A>> A max(final A comparable1, final A comparable2) { comparable1 = null;",17,
org/apache/commons/lang3/compare/ComparableUtils.java,205,NullifyInputVariable,public static <A extends Comparable<A>> Predicate<A> lt(final A b) {,public static <A extends Comparable<A>> Predicate<A> lt(final A b) { b = null;,18,
org/apache/commons/lang3/compare/ComparableUtils.java,194,NullifyInputVariable,public static <A extends Comparable<A>> Predicate<A> le(final A b) {,public static <A extends Comparable<A>> Predicate<A> le(final A b) { b = null;,19,
org/apache/commons/lang3/compare/ComparableUtils.java,182,NullifyInputVariable,public static <A extends Comparable<A>> ComparableCheckBuilder<A> is(final A a) {,public static <A extends Comparable<A>> ComparableCheckBuilder<A> is(final A a) { a = null;,20,
org/apache/commons/lang3/compare/ComparableUtils.java,171,NullifyInputVariable,public static <A extends Comparable<A>> Predicate<A> gt(final A b) {,public static <A extends Comparable<A>> Predicate<A> gt(final A b) { b = null;,21,
org/apache/commons/lang3/compare/ComparableUtils.java,160,NullifyInputVariable,public static <A extends Comparable<A>> Predicate<A> ge(final A b) {,public static <A extends Comparable<A>> Predicate<A> ge(final A b) { b = null;,22,
org/apache/commons/lang3/compare/ComparableUtils.java,148,NullifyInputVariable,"public static <A extends Comparable<A>> Predicate<A> betweenExclusive(final A b, final A c) {","public static <A extends Comparable<A>> Predicate<A> betweenExclusive(final A b, final A c) { c = null;",23,
org/apache/commons/lang3/compare/ComparableUtils.java,148,NullifyInputVariable,"public static <A extends Comparable<A>> Predicate<A> betweenExclusive(final A b, final A c) {","public static <A extends Comparable<A>> Predicate<A> betweenExclusive(final A b, final A c) { b = null;",24,
org/apache/commons/lang3/compare/ComparableUtils.java,136,NullifyInputVariable,"public static <A extends Comparable<A>> Predicate<A> between(final A b, final A c) {","public static <A extends Comparable<A>> Predicate<A> between(final A b, final A c) { c = null;",25,
org/apache/commons/lang3/compare/ComparableUtils.java,136,NullifyInputVariable,"public static <A extends Comparable<A>> Predicate<A> between(final A b, final A c) {","public static <A extends Comparable<A>> Predicate<A> between(final A b, final A c) { b = null;",26,
org/apache/commons/lang3/compare/ComparableUtils.java,123,NullifyInputVariable,public boolean lessThanOrEqualTo(final A b) {,public boolean lessThanOrEqualTo(final A b) { b = null;,27,
org/apache/commons/lang3/compare/ComparableUtils.java,113,NullifyInputVariable,public boolean lessThan(final A b) {,public boolean lessThan(final A b) { b = null;,28,
org/apache/commons/lang3/compare/ComparableUtils.java,103,NullifyInputVariable,public boolean greaterThanOrEqualTo(final A b) {,public boolean greaterThanOrEqualTo(final A b) { b = null;,29,
org/apache/commons/lang3/compare/ComparableUtils.java,93,NullifyInputVariable,public boolean greaterThan(final A b) {,public boolean greaterThan(final A b) { b = null;,30,
org/apache/commons/lang3/compare/ComparableUtils.java,83,NullifyInputVariable,public boolean equalTo(final A b) {,public boolean equalTo(final A b) { b = null;,31,
org/apache/commons/lang3/compare/ComparableUtils.java,73,NullifyInputVariable,"private boolean betweenOrderedExclusive(final A b, final A c) {","private boolean betweenOrderedExclusive(final A b, final A c) { c = null;",32,
org/apache/commons/lang3/compare/ComparableUtils.java,73,NullifyInputVariable,"private boolean betweenOrderedExclusive(final A b, final A c) {","private boolean betweenOrderedExclusive(final A b, final A c) { b = null;",33,
org/apache/commons/lang3/compare/ComparableUtils.java,69,NullifyInputVariable,"private boolean betweenOrdered(final A b, final A c) {","private boolean betweenOrdered(final A b, final A c) { c = null;",34,
org/apache/commons/lang3/compare/ComparableUtils.java,69,NullifyInputVariable,"private boolean betweenOrdered(final A b, final A c) {","private boolean betweenOrdered(final A b, final A c) { b = null;",35,
org/apache/commons/lang3/compare/ComparableUtils.java,65,NullifyInputVariable,"public boolean betweenExclusive(final A b, final A c) {","public boolean betweenExclusive(final A b, final A c) { c = null;",36,
org/apache/commons/lang3/compare/ComparableUtils.java,65,NullifyInputVariable,"public boolean betweenExclusive(final A b, final A c) {","public boolean betweenExclusive(final A b, final A c) { b = null;",37,
org/apache/commons/lang3/compare/ComparableUtils.java,54,NullifyInputVariable,"public boolean between(final A b, final A c) {","public boolean between(final A b, final A c) { c = null;",38,
org/apache/commons/lang3/compare/ComparableUtils.java,54,NullifyInputVariable,"public boolean between(final A b, final A c) {","public boolean between(final A b, final A c) { b = null;",39,
org/apache/commons/lang3/compare/ComparableUtils.java,240,RelationalOperatorReplacement,"return ObjectUtils.compare(comparable1, comparable2, true) < 0 ? comparable1 : comparable2;","return ObjectUtils.compare(comparable1, comparable2, true) >= 0 ? comparable1 : comparable2;",68,
org/apache/commons/lang3/compare/ComparableUtils.java,223,RelationalOperatorReplacement,"return ObjectUtils.compare(comparable1, comparable2, false) > 0 ? comparable1 : comparable2;","return ObjectUtils.compare(comparable1, comparable2, false) <= 0 ? comparable1 : comparable2;",69,
org/apache/commons/lang3/compare/ComparableUtils.java,124,RelationalOperatorReplacement,return a.compareTo(b) <= 0;,return a.compareTo(b) > 0;,70,
org/apache/commons/lang3/compare/ComparableUtils.java,114,RelationalOperatorReplacement,return a.compareTo(b) < 0;,return a.compareTo(b) >= 0;,71,
org/apache/commons/lang3/compare/ComparableUtils.java,104,RelationalOperatorReplacement,return a.compareTo(b) >= 0;,return a.compareTo(b) < 0;,72,
org/apache/commons/lang3/compare/ComparableUtils.java,94,RelationalOperatorReplacement,return a.compareTo(b) > 0;,return a.compareTo(b) <= 0;,73,
org/apache/commons/lang3/compare/ObjectToStringComparator.java,55,NullifyInputVariable,"public int compare(final Object o1, final Object o2) {","public int compare(final Object o1, final Object o2) { o2 = null;",11,
org/apache/commons/lang3/compare/ObjectToStringComparator.java,55,NullifyInputVariable,"public int compare(final Object o1, final Object o2) {","public int compare(final Object o1, final Object o2) { o1 = null;",12,
org/apache/commons/lang3/concurrent/AbstractCircuitBreaker.java,171,NullifyInputVariable,public void removeChangeListener(final PropertyChangeListener listener) {,public void removeChangeListener(final PropertyChangeListener listener) { listener = null;,5,
org/apache/commons/lang3/concurrent/AbstractCircuitBreaker.java,116,NullifyInputVariable,protected void changeState(final State newState) {,protected void changeState(final State newState) { newState = null;,6,
org/apache/commons/lang3/concurrent/AbstractCircuitBreaker.java,106,NullifyInputVariable,public void addChangeListener(final PropertyChangeListener listener) {,public void addChangeListener(final PropertyChangeListener listener) { listener = null;,7,
org/apache/commons/lang3/concurrent/AbstractCircuitBreaker.java,82,NullifyInputVariable,protected static boolean isOpen(final State state) {,protected static boolean isOpen(final State state) { state = null;,8,
org/apache/commons/lang3/concurrent/AbstractConcurrentInitializer.java,99,NullifyInputVariable,"public B setInitializer(final FailableSupplier<T, ? extends Exception> initializer) {","public B setInitializer(final FailableSupplier<T, ? extends Exception> initializer) { initializer = null;",8,
org/apache/commons/lang3/concurrent/AbstractConcurrentInitializer.java,88,NullifyInputVariable,"public B setCloser(final FailableConsumer<T, ? extends Exception> closer) {","public B setCloser(final FailableConsumer<T, ? extends Exception> closer) { closer = null;",9,
org/apache/commons/lang3/concurrent/AbstractFutureProxy.java,55,NullifyInputVariable,"public V get(final long timeout, final TimeUnit unit) throws InterruptedException, ExecutionException, TimeoutException {","public V get(final long timeout, final TimeUnit unit) throws InterruptedException, ExecutionException, TimeoutException { unit = null;",4,
org/apache/commons/lang3/concurrent/AtomicInitializer.java,161,NullifyInputVariable,protected ConcurrentException getTypedException(final Exception e) {,protected ConcurrentException getTypedException(final Exception e) { e = null;,7,
org/apache/commons/lang3/concurrent/AtomicSafeInitializer.java,149,NullifyInputVariable,protected ConcurrentException getTypedException(final Exception e) {,protected ConcurrentException getTypedException(final Exception e) { e = null;,6,
org/apache/commons/lang3/concurrent/BackgroundInitializer.java,381,NullifyInputVariable,final ExecutorService externalExecutor) {,final ExecutorService externalExecutor) { externalExecutor = null;,21,
org/apache/commons/lang3/concurrent/BackgroundInitializer.java,328,NullifyInputVariable,protected Exception getTypedException(final Exception e) {,protected Exception getTypedException(final Exception e) { e = null;,22,
org/apache/commons/lang3/concurrent/BackgroundInitializer.java,239,NullifyInputVariable,private Callable<T> createTask(final ExecutorService execDestroy) {,private Callable<T> createTask(final ExecutorService execDestroy) { execDestroy = null;,23,
org/apache/commons/lang3/concurrent/BackgroundInitializer.java,125,NullifyInputVariable,"public Builder<I, T> setExternalExecutor(final ExecutorService externalExecutor) {","public Builder<I, T> setExternalExecutor(final ExecutorService externalExecutor) { externalExecutor = null;",24,
org/apache/commons/lang3/concurrent/BasicThreadFactory.java,355,NullifyInputVariable,public Thread newThread(final Runnable runnable) {,public Thread newThread(final Runnable runnable) { runnable = null;,18,
org/apache/commons/lang3/concurrent/BasicThreadFactory.java,330,NullifyInputVariable,private void initializeThread(final Thread thread) {,private void initializeThread(final Thread thread) { thread = null;,19,
org/apache/commons/lang3/concurrent/BasicThreadFactory.java,218,NullifyInputVariable,public Builder wrappedFactory(final ThreadFactory factory) {,public Builder wrappedFactory(final ThreadFactory factory) { factory = null;,20,
org/apache/commons/lang3/concurrent/BasicThreadFactory.java,203,NullifyInputVariable,final Thread.UncaughtExceptionHandler exceptionHandler) {,final Thread.UncaughtExceptionHandler exceptionHandler) { exceptionHandler = null;,21,
org/apache/commons/lang3/concurrent/BasicThreadFactory.java,162,NullifyInputVariable,public Builder namingPattern(final String namingPattern) {,public Builder namingPattern(final String namingPattern) { namingPattern = null;,22,
org/apache/commons/lang3/concurrent/CallableBackgroundInitializer.java,115,NullifyInputVariable,protected Exception getTypedException(final Exception e) {,protected Exception getTypedException(final Exception e) { e = null;,3,
org/apache/commons/lang3/concurrent/CallableBackgroundInitializer.java,107,NullifyInputVariable,private void checkCallable(final Callable<T> callable) {,private void checkCallable(final Callable<T> callable) { callable = null;,4,
org/apache/commons/lang3/concurrent/ConcurrentUtils.java,350,NullifyInputVariable,"public static <K, V> V putIfAbsent(final ConcurrentMap<K, V> map, final K key, final V value) {","public static <K, V> V putIfAbsent(final ConcurrentMap<K, V> map, final K key, final V value) { value = null;",32,
org/apache/commons/lang3/concurrent/ConcurrentUtils.java,350,NullifyInputVariable,"public static <K, V> V putIfAbsent(final ConcurrentMap<K, V> map, final K key, final V value) {","public static <K, V> V putIfAbsent(final ConcurrentMap<K, V> map, final K key, final V value) { key = null;",33,
org/apache/commons/lang3/concurrent/ConcurrentUtils.java,350,NullifyInputVariable,"public static <K, V> V putIfAbsent(final ConcurrentMap<K, V> map, final K key, final V value) {","public static <K, V> V putIfAbsent(final ConcurrentMap<K, V> map, final K key, final V value) { map = null;",34,
org/apache/commons/lang3/concurrent/ConcurrentUtils.java,310,NullifyInputVariable,public static <T> T initializeUnchecked(final ConcurrentInitializer<T> initializer) {,public static <T> T initializeUnchecked(final ConcurrentInitializer<T> initializer) { initializer = null;,35,
org/apache/commons/lang3/concurrent/ConcurrentUtils.java,293,NullifyInputVariable,throws ConcurrentException {,throws ConcurrentException { initializer = null;,36,
org/apache/commons/lang3/concurrent/ConcurrentUtils.java,271,NullifyInputVariable,public static void handleCauseUnchecked(final ExecutionException ex) {,public static void handleCauseUnchecked(final ExecutionException ex) { ex = null;,37,
org/apache/commons/lang3/concurrent/ConcurrentUtils.java,250,NullifyInputVariable,throws ConcurrentException {,throws ConcurrentException { ex = null;,38,
org/apache/commons/lang3/concurrent/ConcurrentUtils.java,227,NullifyInputVariable,final ExecutionException ex) {,final ExecutionException ex) { ex = null;,39,
org/apache/commons/lang3/concurrent/ConcurrentUtils.java,206,NullifyInputVariable,public static ConcurrentException extractCause(final ExecutionException ex) {,public static ConcurrentException extractCause(final ExecutionException ex) { ex = null;,40,
org/apache/commons/lang3/concurrent/ConcurrentUtils.java,180,NullifyInputVariable,"final K key, final ConcurrentInitializer<V> init) {","final K key, final ConcurrentInitializer<V> init) { init = null;",41,
org/apache/commons/lang3/concurrent/ConcurrentUtils.java,180,NullifyInputVariable,"final K key, final ConcurrentInitializer<V> init) {","final K key, final ConcurrentInitializer<V> init) { key = null;",42,
org/apache/commons/lang3/concurrent/ConcurrentUtils.java,180,NullifyInputVariable,"final K key, final ConcurrentInitializer<V> init) {","final K key, final ConcurrentInitializer<V> init) { map = null;",43,
org/apache/commons/lang3/concurrent/ConcurrentUtils.java,152,NullifyInputVariable,final ConcurrentInitializer<V> init) throws ConcurrentException {,final ConcurrentInitializer<V> init) throws ConcurrentException { init = null;,44,
org/apache/commons/lang3/concurrent/ConcurrentUtils.java,152,NullifyInputVariable,final ConcurrentInitializer<V> init) throws ConcurrentException {,final ConcurrentInitializer<V> init) throws ConcurrentException { key = null;,45,
org/apache/commons/lang3/concurrent/ConcurrentUtils.java,152,NullifyInputVariable,final ConcurrentInitializer<V> init) throws ConcurrentException {,final ConcurrentInitializer<V> init) throws ConcurrentException { map = null;,46,
org/apache/commons/lang3/concurrent/ConcurrentUtils.java,127,NullifyInputVariable,public static <T> Future<T> constantFuture(final T value) {,public static <T> Future<T> constantFuture(final T value) { value = null;,47,
org/apache/commons/lang3/concurrent/ConcurrentUtils.java,108,NullifyInputVariable,static Throwable checkedException(final Throwable ex) {,static Throwable checkedException(final Throwable ex) { ex = null;,48,
org/apache/commons/lang3/concurrent/ConcurrentUtils.java,75,NullifyInputVariable,"public T get(final long timeout, final TimeUnit unit) {","public T get(final long timeout, final TimeUnit unit) { unit = null;",49,
org/apache/commons/lang3/concurrent/ConstantInitializer.java,70,NullifyInputVariable,public boolean equals(final Object obj) {,public boolean equals(final Object obj) { obj = null;,5,
org/apache/commons/lang3/concurrent/EventCountCircuitBreaker.java,569,NullifyInputVariable,final CheckIntervalData nextData) {,final CheckIntervalData nextData) { nextData = null;,11,
org/apache/commons/lang3/concurrent/EventCountCircuitBreaker.java,569,NullifyInputVariable,final CheckIntervalData nextData) {,final CheckIntervalData nextData) { currentData = null;,12,
org/apache/commons/lang3/concurrent/EventCountCircuitBreaker.java,505,NullifyInputVariable,"final CheckIntervalData currentData, final State currentState, final long time) {","final CheckIntervalData currentData, final State currentState, final long time) { currentState = null;",13,
org/apache/commons/lang3/concurrent/EventCountCircuitBreaker.java,505,NullifyInputVariable,"final CheckIntervalData currentData, final State currentState, final long time) {","final CheckIntervalData currentData, final State currentState, final long time) { currentData = null;",14,
org/apache/commons/lang3/concurrent/EventCountCircuitBreaker.java,479,NullifyInputVariable,public boolean incrementAndCheckState(final Integer increment) {,public boolean incrementAndCheckState(final Integer increment) { increment = null;,15,
org/apache/commons/lang3/concurrent/EventCountCircuitBreaker.java,390,NullifyInputVariable,private void changeStateAndStartNewCheckInterval(final State newState) {,private void changeStateAndStartNewCheckInterval(final State newState) { newState = null;,16,
org/apache/commons/lang3/concurrent/EventCountCircuitBreaker.java,306,NullifyInputVariable,private static StateStrategy stateStrategy(final State state) {,private static StateStrategy stateStrategy(final State state) { state = null;,17,
org/apache/commons/lang3/concurrent/EventCountCircuitBreaker.java,276,NullifyInputVariable,"final CheckIntervalData currentData, final CheckIntervalData nextData) {","final CheckIntervalData currentData, final CheckIntervalData nextData) { nextData = null;",18,
org/apache/commons/lang3/concurrent/EventCountCircuitBreaker.java,276,NullifyInputVariable,"final CheckIntervalData currentData, final CheckIntervalData nextData) {","final CheckIntervalData currentData, final CheckIntervalData nextData) { currentData = null;",19,
org/apache/commons/lang3/concurrent/EventCountCircuitBreaker.java,276,NullifyInputVariable,"final CheckIntervalData currentData, final CheckIntervalData nextData) {","final CheckIntervalData currentData, final CheckIntervalData nextData) { breaker = null;",20,
org/apache/commons/lang3/concurrent/EventCountCircuitBreaker.java,267,NullifyInputVariable,protected long fetchCheckInterval(final EventCountCircuitBreaker breaker) {,protected long fetchCheckInterval(final EventCountCircuitBreaker breaker) { breaker = null;,21,
org/apache/commons/lang3/concurrent/EventCountCircuitBreaker.java,254,NullifyInputVariable,"final CheckIntervalData currentData, final CheckIntervalData nextData) {","final CheckIntervalData currentData, final CheckIntervalData nextData) { nextData = null;",22,
org/apache/commons/lang3/concurrent/EventCountCircuitBreaker.java,254,NullifyInputVariable,"final CheckIntervalData currentData, final CheckIntervalData nextData) {","final CheckIntervalData currentData, final CheckIntervalData nextData) { currentData = null;",23,
org/apache/commons/lang3/concurrent/EventCountCircuitBreaker.java,254,NullifyInputVariable,"final CheckIntervalData currentData, final CheckIntervalData nextData) {","final CheckIntervalData currentData, final CheckIntervalData nextData) { breaker = null;",24,
org/apache/commons/lang3/concurrent/EventCountCircuitBreaker.java,245,NullifyInputVariable,protected long fetchCheckInterval(final EventCountCircuitBreaker breaker) {,protected long fetchCheckInterval(final EventCountCircuitBreaker breaker) { breaker = null;,25,
org/apache/commons/lang3/concurrent/EventCountCircuitBreaker.java,218,NullifyInputVariable,"final CheckIntervalData currentData, final long now) {","final CheckIntervalData currentData, final long now) { currentData = null;",26,
org/apache/commons/lang3/concurrent/EventCountCircuitBreaker.java,218,NullifyInputVariable,"final CheckIntervalData currentData, final long now) {","final CheckIntervalData currentData, final long now) { breaker = null;",27,
org/apache/commons/lang3/concurrent/EventCountCircuitBreaker.java,279,RelationalOperatorReplacement,&& currentData.getEventCount() < breaker.getClosingThreshold();,&& currentData.getEventCount() >= breaker.getClosingThreshold();,80,
org/apache/commons/lang3/concurrent/EventCountCircuitBreaker.java,255,RelationalOperatorReplacement,return nextData.getEventCount() > breaker.getOpeningThreshold();,return nextData.getEventCount() <= breaker.getOpeningThreshold();,82,
org/apache/commons/lang3/concurrent/EventCountCircuitBreaker.java,219,RelationalOperatorReplacement,return now - currentData.getCheckIntervalStart() > fetchCheckInterval(breaker);,return now - currentData.getCheckIntervalStart() <= fetchCheckInterval(breaker);,83,
org/apache/commons/lang3/concurrent/FutureTasks.java,36,NullifyInputVariable,public static <V> FutureTask<V> run(final Callable<V> callable) {,public static <V> FutureTask<V> run(final Callable<V> callable) { callable = null;,2,
org/apache/commons/lang3/concurrent/LazyInitializer.java,163,NullifyInputVariable,protected ConcurrentException getTypedException(final Exception e) {,protected ConcurrentException getTypedException(final Exception e) { e = null;,5,
org/apache/commons/lang3/concurrent/Memoizer.java,147,NullifyInputVariable,private RuntimeException launderException(final Throwable throwable) {,private RuntimeException launderException(final Throwable throwable) { throwable = null;,2,
org/apache/commons/lang3/concurrent/Memoizer.java,124,NullifyInputVariable,public O compute(final I arg) throws InterruptedException {,public O compute(final I arg) throws InterruptedException { arg = null;,3,
org/apache/commons/lang3/concurrent/MultiBackgroundInitializer.java,269,NullifyInputVariable,"public void addInitializer(final String name, final BackgroundInitializer<?> backgroundInitializer) {","public void addInitializer(final String name, final BackgroundInitializer<?> backgroundInitializer) { backgroundInitializer = null;",12,
org/apache/commons/lang3/concurrent/MultiBackgroundInitializer.java,269,NullifyInputVariable,"public void addInitializer(final String name, final BackgroundInitializer<?> backgroundInitializer) {","public void addInitializer(final String name, final BackgroundInitializer<?> backgroundInitializer) { name = null;",13,
org/apache/commons/lang3/concurrent/MultiBackgroundInitializer.java,220,NullifyInputVariable,public boolean isException(final String name) {,public boolean isException(final String name) { name = null;,14,
org/apache/commons/lang3/concurrent/MultiBackgroundInitializer.java,196,NullifyInputVariable,public Object getResultObject(final String name) {,public Object getResultObject(final String name) { name = null;,15,
org/apache/commons/lang3/concurrent/MultiBackgroundInitializer.java,180,NullifyInputVariable,public BackgroundInitializer<?> getInitializer(final String name) {,public BackgroundInitializer<?> getInitializer(final String name) { name = null;,16,
org/apache/commons/lang3/concurrent/MultiBackgroundInitializer.java,167,NullifyInputVariable,public ConcurrentException getException(final String name) {,public ConcurrentException getException(final String name) { name = null;,17,
org/apache/commons/lang3/concurrent/MultiBackgroundInitializer.java,147,NullifyInputVariable,private BackgroundInitializer<?> checkName(final String name) {,private BackgroundInitializer<?> checkName(final String name) { name = null;,18,
org/apache/commons/lang3/concurrent/ThresholdCircuitBreaker.java,118,RelationalOperatorReplacement,if (used > threshold) {,if (used <= threshold) {,11,
org/apache/commons/lang3/concurrent/ThresholdCircuitBreaker.java,112,NullifyInputVariable,public boolean incrementAndCheckState(final Long increment) {,public boolean incrementAndCheckState(final Long increment) { increment = null;,2,
org/apache/commons/lang3/concurrent/TimedSemaphore.java,265,RelationalOperatorReplacement,if (getLimit() <= NO_LIMIT || acquireCount < getLimit()) {,if (getLimit() <= NO_LIMIT || acquireCount >= getLimit()) {,47,
org/apache/commons/lang3/concurrent/TimedSemaphore.java,265,RelationalOperatorReplacement,if (getLimit() <= NO_LIMIT || acquireCount < getLimit()) {,if (getLimit() > NO_LIMIT || acquireCount < getLimit()) {,48,
org/apache/commons/lang3/concurrent/UncheckedFuture.java,72,NullifyInputVariable,static <T> UncheckedFuture<T> on(final Future<T> future) {,static <T> UncheckedFuture<T> on(final Future<T> future) { future = null;,4,
org/apache/commons/lang3/concurrent/UncheckedFuture.java,60,NullifyInputVariable,static <T> Collection<UncheckedFuture<T>> on(final Collection<Future<T>> futures) {,static <T> Collection<UncheckedFuture<T>> on(final Collection<Future<T>> futures) { futures = null;,5,
org/apache/commons/lang3/concurrent/UncheckedFuture.java,48,NullifyInputVariable,static <T> Stream<UncheckedFuture<T>> map(final Collection<Future<T>> futures) {,static <T> Stream<UncheckedFuture<T>> map(final Collection<Future<T>> futures) { futures = null;,6,
org/apache/commons/lang3/concurrent/UncheckedFutureImpl.java,52,NullifyInputVariable,"public V get(final long timeout, final TimeUnit unit) {","public V get(final long timeout, final TimeUnit unit) { unit = null;",3,
org/apache/commons/lang3/concurrent/locks/LockingVisitors.java,388,NullifyInputVariable,public static <O> StampedLockVisitor<O> stampedLockVisitor(final O object) {,public static <O> StampedLockVisitor<O> stampedLockVisitor(final O object) { object = null;,10,
org/apache/commons/lang3/concurrent/locks/LockingVisitors.java,377,NullifyInputVariable,public static <O> ReadWriteLockVisitor<O> reentrantReadWriteLockVisitor(final O object) {,public static <O> ReadWriteLockVisitor<O> reentrantReadWriteLockVisitor(final O object) { object = null;,11,
org/apache/commons/lang3/concurrent/locks/LockingVisitors.java,366,NullifyInputVariable,"public static <O> ReadWriteLockVisitor<O> create(final O object, final ReadWriteLock readWriteLock) {","public static <O> ReadWriteLockVisitor<O> create(final O object, final ReadWriteLock readWriteLock) { readWriteLock = null;",12,
org/apache/commons/lang3/concurrent/locks/LockingVisitors.java,366,NullifyInputVariable,"public static <O> ReadWriteLockVisitor<O> create(final O object, final ReadWriteLock readWriteLock) {","public static <O> ReadWriteLockVisitor<O> create(final O object, final ReadWriteLock readWriteLock) { object = null;",13,
org/apache/commons/lang3/concurrent/locks/LockingVisitors.java,297,NullifyInputVariable,"protected <T> T lockApplyUnlock(final Supplier<Lock> lockSupplier, final FailableFunction<O, T, ?> function) {","protected <T> T lockApplyUnlock(final Supplier<Lock> lockSupplier, final FailableFunction<O, T, ?> function) { function = null;",14,
org/apache/commons/lang3/concurrent/locks/LockingVisitors.java,297,NullifyInputVariable,"protected <T> T lockApplyUnlock(final Supplier<Lock> lockSupplier, final FailableFunction<O, T, ?> function) {","protected <T> T lockApplyUnlock(final Supplier<Lock> lockSupplier, final FailableFunction<O, T, ?> function) { lockSupplier = null;",15,
org/apache/commons/lang3/concurrent/locks/LockingVisitors.java,268,NullifyInputVariable,"protected void lockAcceptUnlock(final Supplier<Lock> lockSupplier, final FailableConsumer<O, ?> consumer) {","protected void lockAcceptUnlock(final Supplier<Lock> lockSupplier, final FailableConsumer<O, ?> consumer) { consumer = null;",16,
org/apache/commons/lang3/concurrent/locks/LockingVisitors.java,268,NullifyInputVariable,"protected void lockAcceptUnlock(final Supplier<Lock> lockSupplier, final FailableConsumer<O, ?> consumer) {","protected void lockAcceptUnlock(final Supplier<Lock> lockSupplier, final FailableConsumer<O, ?> consumer) { lockSupplier = null;",17,
org/apache/commons/lang3/concurrent/locks/LockingVisitors.java,235,NullifyInputVariable,"public <T> T applyWriteLocked(final FailableFunction<O, T, ?> function) {","public <T> T applyWriteLocked(final FailableFunction<O, T, ?> function) { function = null;",18,
org/apache/commons/lang3/concurrent/locks/LockingVisitors.java,208,NullifyInputVariable,"public <T> T applyReadLocked(final FailableFunction<O, T, ?> function) {","public <T> T applyReadLocked(final FailableFunction<O, T, ?> function) { function = null;",19,
org/apache/commons/lang3/concurrent/locks/LockingVisitors.java,168,NullifyInputVariable,"public void acceptWriteLocked(final FailableConsumer<O, ?> consumer) {","public void acceptWriteLocked(final FailableConsumer<O, ?> consumer) { consumer = null;",20,
org/apache/commons/lang3/concurrent/locks/LockingVisitors.java,147,NullifyInputVariable,"public void acceptReadLocked(final FailableConsumer<O, ?> consumer) {","public void acceptReadLocked(final FailableConsumer<O, ?> consumer) { consumer = null;",21,
org/apache/commons/lang3/event/EventListenerSupport.java,323,NullifyInputVariable,"private void readObject(final ObjectInputStream objectInputStream) throws IOException, ClassNotFoundException {","private void readObject(final ObjectInputStream objectInputStream) throws IOException, ClassNotFoundException { objectInputStream = null;",10,
org/apache/commons/lang3/event/EventListenerSupport.java,310,NullifyInputVariable,"private void initializeTransientFields(final Class<L> listenerInterface, final ClassLoader classLoader) {","private void initializeTransientFields(final Class<L> listenerInterface, final ClassLoader classLoader) { classLoader = null;",11,
org/apache/commons/lang3/event/EventListenerSupport.java,310,NullifyInputVariable,"private void initializeTransientFields(final Class<L> listenerInterface, final ClassLoader classLoader) {","private void initializeTransientFields(final Class<L> listenerInterface, final ClassLoader classLoader) { listenerInterface = null;",12,
org/apache/commons/lang3/event/EventListenerSupport.java,268,NullifyInputVariable,"private void createProxy(final Class<L> listenerInterface, final ClassLoader classLoader) {","private void createProxy(final Class<L> listenerInterface, final ClassLoader classLoader) { classLoader = null;",13,
org/apache/commons/lang3/event/EventListenerSupport.java,268,NullifyInputVariable,"private void createProxy(final Class<L> listenerInterface, final ClassLoader classLoader) {","private void createProxy(final Class<L> listenerInterface, final ClassLoader classLoader) { listenerInterface = null;",14,
org/apache/commons/lang3/event/EventListenerSupport.java,245,NullifyInputVariable,"public void addListener(final L listener, final boolean allowDuplicate) {","public void addListener(final L listener, final boolean allowDuplicate) { listener = null;",15,
org/apache/commons/lang3/event/EventListenerSupport.java,230,NullifyInputVariable,public void addListener(final L listener) {,public void addListener(final L listener) { listener = null;,16,
org/apache/commons/lang3/event/EventListenerSupport.java,155,NullifyInputVariable,public static <T> EventListenerSupport<T> create(final Class<T> listenerInterface) {,public static <T> EventListenerSupport<T> create(final Class<T> listenerInterface) { listenerInterface = null;,17,
org/apache/commons/lang3/event/EventListenerSupport.java,124,NullifyInputVariable,"throws IllegalAccessException, IllegalArgumentException, InvocationTargetException {","throws IllegalAccessException, IllegalArgumentException, InvocationTargetException { args = null;",18,
org/apache/commons/lang3/event/EventListenerSupport.java,124,NullifyInputVariable,"throws IllegalAccessException, IllegalArgumentException, InvocationTargetException {","throws IllegalAccessException, IllegalArgumentException, InvocationTargetException { method = null;",19,
org/apache/commons/lang3/event/EventListenerSupport.java,124,NullifyInputVariable,"throws IllegalAccessException, IllegalArgumentException, InvocationTargetException {","throws IllegalAccessException, IllegalArgumentException, InvocationTargetException { unusedProxy = null;",20,
org/apache/commons/lang3/event/EventListenerSupport.java,107,NullifyInputVariable,"protected void handle(final Throwable t) throws IllegalAccessException, IllegalArgumentException, InvocationTargetException {","protected void handle(final Throwable t) throws IllegalAccessException, IllegalArgumentException, InvocationTargetException { t = null;",21,
org/apache/commons/lang3/event/EventListenerSupport.java,350,NullifyInputVariable,private void writeObject(final ObjectOutputStream objectOutputStream) throws IOException {,private void writeObject(final ObjectOutputStream objectOutputStream) throws IOException { objectOutputStream = null;,8,
org/apache/commons/lang3/event/EventListenerSupport.java,339,NullifyInputVariable,public void removeListener(final L listener) {,public void removeListener(final L listener) { listener = null;,9,
org/apache/commons/lang3/event/EventUtils.java,117,NullifyInputVariable,"final Class<L> listenerType, final String... eventTypes) {","final Class<L> listenerType, final String... eventTypes) { target = null;",10,
org/apache/commons/lang3/event/EventUtils.java,95,NullifyInputVariable,"public static <L> void addEventListener(final Object eventSource, final Class<L> listenerType, final L listener) {","public static <L> void addEventListener(final Object eventSource, final Class<L> listenerType, final L listener) { listener = null;",11,
org/apache/commons/lang3/event/EventUtils.java,95,NullifyInputVariable,"public static <L> void addEventListener(final Object eventSource, final Class<L> listenerType, final L listener) {","public static <L> void addEventListener(final Object eventSource, final Class<L> listenerType, final L listener) { listenerType = null;",12,
org/apache/commons/lang3/event/EventUtils.java,95,NullifyInputVariable,"public static <L> void addEventListener(final Object eventSource, final Class<L> listenerType, final L listener) {","public static <L> void addEventListener(final Object eventSource, final Class<L> listenerType, final L listener) { eventSource = null;",13,
org/apache/commons/lang3/event/EventUtils.java,74,NullifyInputVariable,"public Object invoke(final Object proxy, final Method method, final Object[] parameters) throws Throwable {","public Object invoke(final Object proxy, final Method method, final Object[] parameters) throws Throwable { parameters = null;",14,
org/apache/commons/lang3/event/EventUtils.java,74,NullifyInputVariable,"public Object invoke(final Object proxy, final Method method, final Object[] parameters) throws Throwable {","public Object invoke(final Object proxy, final Method method, final Object[] parameters) throws Throwable { method = null;",15,
org/apache/commons/lang3/event/EventUtils.java,74,NullifyInputVariable,"public Object invoke(final Object proxy, final Method method, final Object[] parameters) throws Throwable {","public Object invoke(final Object proxy, final Method method, final Object[] parameters) throws Throwable { proxy = null;",16,
org/apache/commons/lang3/event/EventUtils.java,60,NullifyInputVariable,private boolean hasMatchingParametersMethod(final Method method) {,private boolean hasMatchingParametersMethod(final Method method) { method = null;,17,
org/apache/commons/lang3/event/EventUtils.java,117,NullifyInputVariable,"final Class<L> listenerType, final String... eventTypes) {","final Class<L> listenerType, final String... eventTypes) { eventTypes = null;",6,
org/apache/commons/lang3/event/EventUtils.java,117,NullifyInputVariable,"final Class<L> listenerType, final String... eventTypes) {","final Class<L> listenerType, final String... eventTypes) { listenerType = null;",7,
org/apache/commons/lang3/event/EventUtils.java,117,NullifyInputVariable,"final Class<L> listenerType, final String... eventTypes) {","final Class<L> listenerType, final String... eventTypes) { eventSource = null;",8,
org/apache/commons/lang3/event/EventUtils.java,117,NullifyInputVariable,"final Class<L> listenerType, final String... eventTypes) {","final Class<L> listenerType, final String... eventTypes) { methodName = null;",9,
org/apache/commons/lang3/exception/ContextedException.java,249,NullifyInputVariable,"public ContextedException setContextValue(final String label, final Object value) {","public ContextedException setContextValue(final String label, final Object value) { value = null;",11,
org/apache/commons/lang3/exception/ContextedException.java,249,NullifyInputVariable,"public ContextedException setContextValue(final String label, final Object value) {","public ContextedException setContextValue(final String label, final Object value) { label = null;",12,
org/apache/commons/lang3/exception/ContextedException.java,209,NullifyInputVariable,public String getFormattedExceptionMessage(final String baseMessage) {,public String getFormattedExceptionMessage(final String baseMessage) { baseMessage = null;,13,
org/apache/commons/lang3/exception/ContextedException.java,201,NullifyInputVariable,public Object getFirstContextValue(final String label) {,public Object getFirstContextValue(final String label) { label = null;,14,
org/apache/commons/lang3/exception/ContextedException.java,193,NullifyInputVariable,public List<Object> getContextValues(final String label) {,public List<Object> getContextValues(final String label) { label = null;,15,
org/apache/commons/lang3/exception/ContextedException.java,168,NullifyInputVariable,"public ContextedException addContextValue(final String label, final Object value) {","public ContextedException addContextValue(final String label, final Object value) { value = null;",16,
org/apache/commons/lang3/exception/ContextedException.java,168,NullifyInputVariable,"public ContextedException addContextValue(final String label, final Object value) {","public ContextedException addContextValue(final String label, final Object value) { label = null;",17,
org/apache/commons/lang3/exception/ContextedRuntimeException.java,249,NullifyInputVariable,"public ContextedRuntimeException setContextValue(final String label, final Object value) {","public ContextedRuntimeException setContextValue(final String label, final Object value) { value = null;",11,
org/apache/commons/lang3/exception/ContextedRuntimeException.java,249,NullifyInputVariable,"public ContextedRuntimeException setContextValue(final String label, final Object value) {","public ContextedRuntimeException setContextValue(final String label, final Object value) { label = null;",12,
org/apache/commons/lang3/exception/ContextedRuntimeException.java,209,NullifyInputVariable,public String getFormattedExceptionMessage(final String baseMessage) {,public String getFormattedExceptionMessage(final String baseMessage) { baseMessage = null;,13,
org/apache/commons/lang3/exception/ContextedRuntimeException.java,201,NullifyInputVariable,public Object getFirstContextValue(final String label) {,public Object getFirstContextValue(final String label) { label = null;,14,
org/apache/commons/lang3/exception/ContextedRuntimeException.java,193,NullifyInputVariable,public List<Object> getContextValues(final String label) {,public List<Object> getContextValues(final String label) { label = null;,15,
org/apache/commons/lang3/exception/ContextedRuntimeException.java,168,NullifyInputVariable,"public ContextedRuntimeException addContextValue(final String label, final Object value) {","public ContextedRuntimeException addContextValue(final String label, final Object value) { value = null;",16,
org/apache/commons/lang3/exception/ContextedRuntimeException.java,168,NullifyInputVariable,"public ContextedRuntimeException addContextValue(final String label, final Object value) {","public ContextedRuntimeException addContextValue(final String label, final Object value) { label = null;",17,
org/apache/commons/lang3/exception/DefaultExceptionContext.java,140,NullifyInputVariable,"public DefaultExceptionContext setContextValue(final String label, final Object value) {","public DefaultExceptionContext setContextValue(final String label, final Object value) { value = null;",11,
org/apache/commons/lang3/exception/DefaultExceptionContext.java,140,NullifyInputVariable,"public DefaultExceptionContext setContextValue(final String label, final Object value) {","public DefaultExceptionContext setContextValue(final String label, final Object value) { label = null;",12,
org/apache/commons/lang3/exception/DefaultExceptionContext.java,105,NullifyInputVariable,public String getFormattedExceptionMessage(final String baseMessage) {,public String getFormattedExceptionMessage(final String baseMessage) { baseMessage = null;,13,
org/apache/commons/lang3/exception/DefaultExceptionContext.java,94,NullifyInputVariable,public Object getFirstContextValue(final String label) {,public Object getFirstContextValue(final String label) { label = null;,14,
org/apache/commons/lang3/exception/DefaultExceptionContext.java,86,NullifyInputVariable,public List<Object> getContextValues(final String label) {,public List<Object> getContextValues(final String label) { label = null;,15,
org/apache/commons/lang3/exception/DefaultExceptionContext.java,61,NullifyInputVariable,"public DefaultExceptionContext addContextValue(final String label, final Object value) {","public DefaultExceptionContext addContextValue(final String label, final Object value) { value = null;",16,
org/apache/commons/lang3/exception/DefaultExceptionContext.java,61,NullifyInputVariable,"public DefaultExceptionContext addContextValue(final String label, final Object value) {","public DefaultExceptionContext addContextValue(final String label, final Object value) { label = null;",17,
org/apache/commons/lang3/exception/DefaultExceptionContext.java,111,RelationalOperatorReplacement,if (buffer.length() > 0) {,if (buffer.length() <= 0) {,31,
org/apache/commons/lang3/exception/ExceptionUtils.java,700,NullifyInputVariable,public static boolean isChecked(final Throwable throwable) {,public static boolean isChecked(final Throwable throwable) { throwable = null;,100,
org/apache/commons/lang3/exception/ExceptionUtils.java,688,NullifyInputVariable,"public static int indexOfType(final Throwable throwable, final Class<? extends Throwable> type, final int fromIndex) {","public static int indexOfType(final Throwable throwable, final Class<? extends Throwable> type, final int fromIndex) { type = null;",101,
org/apache/commons/lang3/exception/ExceptionUtils.java,688,NullifyInputVariable,"public static int indexOfType(final Throwable throwable, final Class<? extends Throwable> type, final int fromIndex) {","public static int indexOfType(final Throwable throwable, final Class<? extends Throwable> type, final int fromIndex) { throwable = null;",102,
org/apache/commons/lang3/exception/ExceptionUtils.java,664,NullifyInputVariable,"public static int indexOfType(final Throwable throwable, final Class<? extends Throwable> type) {","public static int indexOfType(final Throwable throwable, final Class<? extends Throwable> type) { type = null;",103,
org/apache/commons/lang3/exception/ExceptionUtils.java,664,NullifyInputVariable,"public static int indexOfType(final Throwable throwable, final Class<? extends Throwable> type) {","public static int indexOfType(final Throwable throwable, final Class<? extends Throwable> type) { throwable = null;",104,
org/apache/commons/lang3/exception/ExceptionUtils.java,645,NullifyInputVariable,"public static int indexOfThrowable(final Throwable throwable, final Class<? extends Throwable> clazz, final int fromIndex) {","public static int indexOfThrowable(final Throwable throwable, final Class<? extends Throwable> clazz, final int fromIndex) { clazz = null;",105,
org/apache/commons/lang3/exception/ExceptionUtils.java,645,NullifyInputVariable,"public static int indexOfThrowable(final Throwable throwable, final Class<? extends Throwable> clazz, final int fromIndex) {","public static int indexOfThrowable(final Throwable throwable, final Class<? extends Throwable> clazz, final int fromIndex) { throwable = null;",106,
org/apache/commons/lang3/exception/ExceptionUtils.java,622,NullifyInputVariable,"public static int indexOfThrowable(final Throwable throwable, final Class<? extends Throwable> clazz) {","public static int indexOfThrowable(final Throwable throwable, final Class<? extends Throwable> clazz) { clazz = null;",107,
org/apache/commons/lang3/exception/ExceptionUtils.java,622,NullifyInputVariable,"public static int indexOfThrowable(final Throwable throwable, final Class<? extends Throwable> clazz) {","public static int indexOfThrowable(final Throwable throwable, final Class<? extends Throwable> clazz) { throwable = null;",108,
org/apache/commons/lang3/exception/ExceptionUtils.java,581,NullifyInputVariable,"private static int indexOf(final Throwable throwable, final Class<? extends Throwable> type, int fromIndex, final boolean subclass) {","private static int indexOf(final Throwable throwable, final Class<? extends Throwable> type, int fromIndex, final boolean subclass) { type = null;",109,
org/apache/commons/lang3/exception/ExceptionUtils.java,581,NullifyInputVariable,"private static int indexOf(final Throwable throwable, final Class<? extends Throwable> type, int fromIndex, final boolean subclass) {","private static int indexOf(final Throwable throwable, final Class<? extends Throwable> type, int fromIndex, final boolean subclass) { throwable = null;",110,
org/apache/commons/lang3/exception/ExceptionUtils.java,563,NullifyInputVariable,final Class<? extends Throwable> type) {,final Class<? extends Throwable> type) { type = null;,111,
org/apache/commons/lang3/exception/ExceptionUtils.java,545,NullifyInputVariable,public static Throwable[] getThrowables(final Throwable throwable) {,public static Throwable[] getThrowables(final Throwable throwable) { throwable = null;,113,
org/apache/commons/lang3/exception/ExceptionUtils.java,494,NullifyInputVariable,public static int getThrowableCount(final Throwable throwable) {,public static int getThrowableCount(final Throwable throwable) { throwable = null;,115,
org/apache/commons/lang3/exception/ExceptionUtils.java,469,NullifyInputVariable,public static String getStackTrace(final Throwable throwable) {,public static String getStackTrace(final Throwable throwable) { throwable = null;,116,
org/apache/commons/lang3/exception/ExceptionUtils.java,450,NullifyInputVariable,public static String[] getStackFrames(final Throwable throwable) {,public static String[] getStackFrames(final Throwable throwable) { throwable = null;,117,
org/apache/commons/lang3/exception/ExceptionUtils.java,427,NullifyInputVariable,static String[] getStackFrames(final String stackTrace) {,static String[] getStackFrames(final String stackTrace) { stackTrace = null;,118,
org/apache/commons/lang3/exception/ExceptionUtils.java,399,NullifyInputVariable,static List<String> getStackFrameList(final Throwable throwable) {,static List<String> getStackFrameList(final Throwable throwable) { throwable = null;,119,
org/apache/commons/lang3/exception/ExceptionUtils.java,363,NullifyInputVariable,public static List<String> getRootCauseStackTraceList(final Throwable throwable) {,public static List<String> getRootCauseStackTraceList(final Throwable throwable) { throwable = null;,120,
org/apache/commons/lang3/exception/ExceptionUtils.java,347,NullifyInputVariable,public static String[] getRootCauseStackTrace(final Throwable throwable) {,public static String[] getRootCauseStackTrace(final Throwable throwable) { throwable = null;,121,
org/apache/commons/lang3/exception/ExceptionUtils.java,329,NullifyInputVariable,public static String getRootCauseMessage(final Throwable throwable) {,public static String getRootCauseMessage(final Throwable throwable) { throwable = null;,122,
org/apache/commons/lang3/exception/ExceptionUtils.java,313,NullifyInputVariable,public static Throwable getRootCause(final Throwable throwable) {,public static Throwable getRootCause(final Throwable throwable) { throwable = null;,123,
org/apache/commons/lang3/exception/ExceptionUtils.java,288,NullifyInputVariable,public static String getMessage(final Throwable th) {,public static String getMessage(final Throwable th) { th = null;,124,
org/apache/commons/lang3/exception/ExceptionUtils.java,249,NullifyInputVariable,"private static Throwable getCauseUsingMethodName(final Throwable throwable, final String methodName) {","private static Throwable getCauseUsingMethodName(final Throwable throwable, final String methodName) { methodName = null;",125,
org/apache/commons/lang3/exception/ExceptionUtils.java,249,NullifyInputVariable,"private static Throwable getCauseUsingMethodName(final Throwable throwable, final String methodName) {","private static Throwable getCauseUsingMethodName(final Throwable throwable, final String methodName) { throwable = null;",126,
org/apache/commons/lang3/exception/ExceptionUtils.java,227,NullifyInputVariable,"public static Throwable getCause(final Throwable throwable, String[] methodNames) {","public static Throwable getCause(final Throwable throwable, String[] methodNames) { throwable = null;",128,
org/apache/commons/lang3/exception/ExceptionUtils.java,209,NullifyInputVariable,public static Throwable getCause(final Throwable throwable) {,public static Throwable getCause(final Throwable throwable) { throwable = null;,129,
org/apache/commons/lang3/exception/ExceptionUtils.java,176,NullifyInputVariable,"public static void forEach(final Throwable throwable, final Consumer<Throwable> consumer) {","public static void forEach(final Throwable throwable, final Consumer<Throwable> consumer) { consumer = null;",130,
org/apache/commons/lang3/exception/ExceptionUtils.java,176,NullifyInputVariable,"public static void forEach(final Throwable throwable, final Consumer<Throwable> consumer) {","public static void forEach(final Throwable throwable, final Consumer<Throwable> consumer) { throwable = null;",131,
org/apache/commons/lang3/exception/ExceptionUtils.java,156,NullifyInputVariable,"private static <R, T extends Throwable> R eraseType(final Throwable throwable) throws T {","private static <R, T extends Throwable> R eraseType(final Throwable throwable) throws T { throwable = null;",132,
org/apache/commons/lang3/exception/ExceptionUtils.java,144,NullifyInputVariable,public static <T extends RuntimeException> T asRuntimeException(final Throwable throwable) {,public static <T extends RuntimeException> T asRuntimeException(final Throwable throwable) { throwable = null;,133,
org/apache/commons/lang3/exception/ExceptionUtils.java,943,RelationalOperatorReplacement,for (int i = fromIndex; i < throwables.length; i++) {,for (int i = fromIndex; i >= throwables.length; i++) {,208,
org/apache/commons/lang3/exception/ExceptionUtils.java,937,RelationalOperatorReplacement,for (int i = fromIndex; i < throwables.length; i++) {,for (int i = fromIndex; i >= throwables.length; i++) {,209,
org/apache/commons/lang3/exception/ExceptionUtils.java,933,RelationalOperatorReplacement,if (fromIndex >= throwables.length) {,if (fromIndex < throwables.length) {,210,
org/apache/commons/lang3/exception/ExceptionUtils.java,929,RelationalOperatorReplacement,if (fromIndex < 0) {,if (fromIndex >= 0) {,211,
org/apache/commons/lang3/exception/ExceptionUtils.java,809,RelationalOperatorReplacement,while (causeFrameIndex >= 0 && wrapperFrameIndex >= 0) {,while (causeFrameIndex >= 0 && wrapperFrameIndex < 0) {,214,
org/apache/commons/lang3/exception/ExceptionUtils.java,809,RelationalOperatorReplacement,while (causeFrameIndex >= 0 && wrapperFrameIndex >= 0) {,while (causeFrameIndex < 0 && wrapperFrameIndex >= 0) {,215,
org/apache/commons/lang3/exception/ExceptionUtils.java,599,RelationalOperatorReplacement,for (int i = fromIndex; i < throwables.length; i++) {,for (int i = fromIndex; i >= throwables.length; i++) {,220,
org/apache/commons/lang3/exception/ExceptionUtils.java,593,RelationalOperatorReplacement,for (int i = fromIndex; i < throwables.length; i++) {,for (int i = fromIndex; i >= throwables.length; i++) {,221,
org/apache/commons/lang3/exception/ExceptionUtils.java,589,RelationalOperatorReplacement,if (fromIndex >= throwables.length) {,if (fromIndex < throwables.length) {,222,
org/apache/commons/lang3/exception/ExceptionUtils.java,585,RelationalOperatorReplacement,if (fromIndex < 0) {,if (fromIndex >= 0) {,223,
org/apache/commons/lang3/exception/ExceptionUtils.java,371,RelationalOperatorReplacement,for (int i = count; --i >= 0;) {,for (int i = count; --i < 0;) {,232,
org/apache/commons/lang3/exception/ExceptionUtils.java,1099,NullifyInputVariable,public static <R> R wrapAndThrow(final Throwable throwable) {,public static <R> R wrapAndThrow(final Throwable throwable) { throwable = null;,77,
org/apache/commons/lang3/exception/ExceptionUtils.java,1070,NullifyInputVariable,public static <T extends Throwable> T throwUnchecked(final T throwable) {,public static <T extends Throwable> T throwUnchecked(final T throwable) { throwable = null;,78,
org/apache/commons/lang3/exception/ExceptionUtils.java,1052,NullifyInputVariable,public static <T> T throwUnchecked(final T throwable) {,public static <T> T throwUnchecked(final T throwable) { throwable = null;,79,
org/apache/commons/lang3/exception/ExceptionUtils.java,1038,NullifyInputVariable,"public static <T extends Throwable> T throwableOfType(final Throwable throwable, final Class<T> type, final int fromIndex) {","public static <T extends Throwable> T throwableOfType(final Throwable throwable, final Class<T> type, final int fromIndex) { type = null;",80,
org/apache/commons/lang3/exception/ExceptionUtils.java,1038,NullifyInputVariable,"public static <T extends Throwable> T throwableOfType(final Throwable throwable, final Class<T> type, final int fromIndex) {","public static <T extends Throwable> T throwableOfType(final Throwable throwable, final Class<T> type, final int fromIndex) { throwable = null;",81,
org/apache/commons/lang3/exception/ExceptionUtils.java,1013,NullifyInputVariable,"public static <T extends Throwable> T throwableOfType(final Throwable throwable, final Class<T> type) {","public static <T extends Throwable> T throwableOfType(final Throwable throwable, final Class<T> type) { type = null;",82,
org/apache/commons/lang3/exception/ExceptionUtils.java,1013,NullifyInputVariable,"public static <T extends Throwable> T throwableOfType(final Throwable throwable, final Class<T> type) {","public static <T extends Throwable> T throwableOfType(final Throwable throwable, final Class<T> type) { throwable = null;",83,
org/apache/commons/lang3/exception/ExceptionUtils.java,993,NullifyInputVariable,"public static <T extends Throwable> T throwableOfThrowable(final Throwable throwable, final Class<T> clazz, final int fromIndex) {","public static <T extends Throwable> T throwableOfThrowable(final Throwable throwable, final Class<T> clazz, final int fromIndex) { clazz = null;",84,
org/apache/commons/lang3/exception/ExceptionUtils.java,993,NullifyInputVariable,"public static <T extends Throwable> T throwableOfThrowable(final Throwable throwable, final Class<T> clazz, final int fromIndex) {","public static <T extends Throwable> T throwableOfThrowable(final Throwable throwable, final Class<T> clazz, final int fromIndex) { throwable = null;",85,
org/apache/commons/lang3/exception/ExceptionUtils.java,968,NullifyInputVariable,"public static <T extends Throwable> T throwableOfThrowable(final Throwable throwable, final Class<T> clazz) {","public static <T extends Throwable> T throwableOfThrowable(final Throwable throwable, final Class<T> clazz) { clazz = null;",86,
org/apache/commons/lang3/exception/ExceptionUtils.java,968,NullifyInputVariable,"public static <T extends Throwable> T throwableOfThrowable(final Throwable throwable, final Class<T> clazz) {","public static <T extends Throwable> T throwableOfThrowable(final Throwable throwable, final Class<T> clazz) { throwable = null;",87,
org/apache/commons/lang3/exception/ExceptionUtils.java,925,NullifyInputVariable,"private static <T extends Throwable> T throwableOf(final Throwable throwable, final Class<T> type, int fromIndex, final boolean subclass) {","private static <T extends Throwable> T throwableOf(final Throwable throwable, final Class<T> type, int fromIndex, final boolean subclass) { type = null;",88,
org/apache/commons/lang3/exception/ExceptionUtils.java,925,NullifyInputVariable,"private static <T extends Throwable> T throwableOf(final Throwable throwable, final Class<T> type, int fromIndex, final boolean subclass) {","private static <T extends Throwable> T throwableOf(final Throwable throwable, final Class<T> type, int fromIndex, final boolean subclass) { throwable = null;",89,
org/apache/commons/lang3/exception/ExceptionUtils.java,908,NullifyInputVariable,public static Stream<Throwable> stream(final Throwable throwable) {,public static Stream<Throwable> stream(final Throwable throwable) { throwable = null;,90,
org/apache/commons/lang3/exception/ExceptionUtils.java,886,NullifyInputVariable,public static <T> T rethrow(final Throwable throwable) {,public static <T> T rethrow(final Throwable throwable) { throwable = null;,91,
org/apache/commons/lang3/exception/ExceptionUtils.java,804,NullifyInputVariable,"public static void removeCommonFrames(final List<String> causeFrames, final List<String> wrapperFrames) {","public static void removeCommonFrames(final List<String> causeFrames, final List<String> wrapperFrames) { wrapperFrames = null;",92,
org/apache/commons/lang3/exception/ExceptionUtils.java,804,NullifyInputVariable,"public static void removeCommonFrames(final List<String> causeFrames, final List<String> wrapperFrames) {","public static void removeCommonFrames(final List<String> causeFrames, final List<String> wrapperFrames) { causeFrames = null;",93,
org/apache/commons/lang3/exception/ExceptionUtils.java,787,NullifyInputVariable,"public static void printRootCauseStackTrace(final Throwable throwable, final PrintWriter printWriter) {","public static void printRootCauseStackTrace(final Throwable throwable, final PrintWriter printWriter) { printWriter = null;",94,
org/apache/commons/lang3/exception/ExceptionUtils.java,787,NullifyInputVariable,"public static void printRootCauseStackTrace(final Throwable throwable, final PrintWriter printWriter) {","public static void printRootCauseStackTrace(final Throwable throwable, final PrintWriter printWriter) { throwable = null;",95,
org/apache/commons/lang3/exception/ExceptionUtils.java,758,NullifyInputVariable,"public static void printRootCauseStackTrace(final Throwable throwable, final PrintStream printStream) {","public static void printRootCauseStackTrace(final Throwable throwable, final PrintStream printStream) { printStream = null;",96,
org/apache/commons/lang3/exception/ExceptionUtils.java,758,NullifyInputVariable,"public static void printRootCauseStackTrace(final Throwable throwable, final PrintStream printStream) {","public static void printRootCauseStackTrace(final Throwable throwable, final PrintStream printStream) { throwable = null;",97,
org/apache/commons/lang3/exception/ExceptionUtils.java,734,NullifyInputVariable,public static void printRootCauseStackTrace(final Throwable throwable) {,public static void printRootCauseStackTrace(final Throwable throwable) { throwable = null;,98,
org/apache/commons/lang3/exception/ExceptionUtils.java,712,NullifyInputVariable,public static boolean isUnchecked(final Throwable throwable) {,public static boolean isUnchecked(final Throwable throwable) { throwable = null;,99,
org/apache/commons/lang3/function/BooleanConsumer.java,61,NullifyInputVariable,default BooleanConsumer andThen(final BooleanConsumer after) {,default BooleanConsumer andThen(final BooleanConsumer after) { after = null;,3,
org/apache/commons/lang3/function/Consumers.java,43,NullifyInputVariable,"public static <T> void accept(final Consumer<T> consumer, final T object) {","public static <T> void accept(final Consumer<T> consumer, final T object) { object = null;",3,
org/apache/commons/lang3/function/Consumers.java,43,NullifyInputVariable,"public static <T> void accept(final Consumer<T> consumer, final T object) {","public static <T> void accept(final Consumer<T> consumer, final T object) { consumer = null;",4,
org/apache/commons/lang3/function/Failable.java,566,NullifyInputVariable,"public static void tryWithResources(final FailableRunnable<? extends Throwable> action, final FailableRunnable<? extends Throwable>... resources) {","public static void tryWithResources(final FailableRunnable<? extends Throwable> action, final FailableRunnable<? extends Throwable>... resources) { resources = null;",20,
org/apache/commons/lang3/function/Failable.java,566,NullifyInputVariable,"public static void tryWithResources(final FailableRunnable<? extends Throwable> action, final FailableRunnable<? extends Throwable>... resources) {","public static void tryWithResources(final FailableRunnable<? extends Throwable> action, final FailableRunnable<? extends Throwable>... resources) { action = null;",21,
org/apache/commons/lang3/function/Failable.java,514,NullifyInputVariable,final FailableRunnable<? extends Throwable>... resources) {,final FailableRunnable<? extends Throwable>... resources) { resources = null;,22,
org/apache/commons/lang3/function/Failable.java,514,NullifyInputVariable,final FailableRunnable<? extends Throwable>... resources) {,final FailableRunnable<? extends Throwable>... resources) { errorHandler = null;,23,
org/apache/commons/lang3/function/Failable.java,514,NullifyInputVariable,final FailableRunnable<? extends Throwable>... resources) {,final FailableRunnable<? extends Throwable>... resources) { action = null;,24,
org/apache/commons/lang3/function/Failable.java,488,NullifyInputVariable,"public static <T, E extends Throwable> boolean test(final FailablePredicate<T, E> predicate, final T object) {","public static <T, E extends Throwable> boolean test(final FailablePredicate<T, E> predicate, final T object) { object = null;",25,
org/apache/commons/lang3/function/Failable.java,488,NullifyInputVariable,"public static <T, E extends Throwable> boolean test(final FailablePredicate<T, E> predicate, final T object) {","public static <T, E extends Throwable> boolean test(final FailablePredicate<T, E> predicate, final T object) { predicate = null;",26,
org/apache/commons/lang3/function/Failable.java,475,NullifyInputVariable,"final T object1, final U object2) {","final T object1, final U object2) { object2 = null;",27,
org/apache/commons/lang3/function/Failable.java,475,NullifyInputVariable,"final T object1, final U object2) {","final T object1, final U object2) { object1 = null;",28,
org/apache/commons/lang3/function/Failable.java,475,NullifyInputVariable,"final T object1, final U object2) {","final T object1, final U object2) { predicate = null;",29,
org/apache/commons/lang3/function/Failable.java,459,NullifyInputVariable,public static <T> FailableStream<T> stream(final Stream<T> stream) {,public static <T> FailableStream<T> stream(final Stream<T> stream) { stream = null;,30,
org/apache/commons/lang3/function/Failable.java,445,NullifyInputVariable,public static <E> FailableStream<E> stream(final Collection<E> collection) {,public static <E> FailableStream<E> stream(final Collection<E> collection) { collection = null;,31,
org/apache/commons/lang3/function/Failable.java,425,NullifyInputVariable,public static <E extends Throwable> void run(final FailableRunnable<E> runnable) {,public static <E extends Throwable> void run(final FailableRunnable<E> runnable) { runnable = null;,32,
org/apache/commons/lang3/function/Failable.java,410,NullifyInputVariable,public static RuntimeException rethrow(final Throwable throwable) {,public static RuntimeException rethrow(final Throwable throwable) { throwable = null;,33,
org/apache/commons/lang3/function/Failable.java,377,NullifyInputVariable,public static <E extends Throwable> short getAsShort(final FailableShortSupplier<E> supplier) {,public static <E extends Throwable> short getAsShort(final FailableShortSupplier<E> supplier) { supplier = null;,34,
org/apache/commons/lang3/function/Failable.java,362,NullifyInputVariable,public static <E extends Throwable> long getAsLong(final FailableLongSupplier<E> supplier) {,public static <E extends Throwable> long getAsLong(final FailableLongSupplier<E> supplier) { supplier = null;,35,
org/apache/commons/lang3/function/Failable.java,347,NullifyInputVariable,public static <E extends Throwable> int getAsInt(final FailableIntSupplier<E> supplier) {,public static <E extends Throwable> int getAsInt(final FailableIntSupplier<E> supplier) { supplier = null;,36,
org/apache/commons/lang3/function/Failable.java,332,NullifyInputVariable,public static <E extends Throwable> double getAsDouble(final FailableDoubleSupplier<E> supplier) {,public static <E extends Throwable> double getAsDouble(final FailableDoubleSupplier<E> supplier) { supplier = null;,37,
org/apache/commons/lang3/function/Failable.java,317,NullifyInputVariable,public static <E extends Throwable> boolean getAsBoolean(final FailableBooleanSupplier<E> supplier) {,public static <E extends Throwable> boolean getAsBoolean(final FailableBooleanSupplier<E> supplier) { supplier = null;,38,
org/apache/commons/lang3/function/Failable.java,302,NullifyInputVariable,"public static <T, E extends Throwable> T get(final FailableSupplier<T, E> supplier) {","public static <T, E extends Throwable> T get(final FailableSupplier<T, E> supplier) { supplier = null;",39,
org/apache/commons/lang3/function/Failable.java,290,NullifyInputVariable,"public static <V, E extends Throwable> V call(final FailableCallable<V, E> callable) {","public static <V, E extends Throwable> V call(final FailableCallable<V, E> callable) { callable = null;",40,
org/apache/commons/lang3/function/Failable.java,278,NullifyInputVariable,"public static <T> Supplier<T> asSupplier(final FailableSupplier<T, ?> supplier) {","public static <T> Supplier<T> asSupplier(final FailableSupplier<T, ?> supplier) { supplier = null;",41,
org/apache/commons/lang3/function/Failable.java,267,NullifyInputVariable,public static Runnable asRunnable(final FailableRunnable<?> runnable) {,public static Runnable asRunnable(final FailableRunnable<?> runnable) { runnable = null;,42,
org/apache/commons/lang3/function/Failable.java,257,NullifyInputVariable,"public static <T> Predicate<T> asPredicate(final FailablePredicate<T, ?> predicate) {","public static <T> Predicate<T> asPredicate(final FailablePredicate<T, ?> predicate) { predicate = null;",43,
org/apache/commons/lang3/function/Failable.java,246,NullifyInputVariable,"public static <T, R> Function<T, R> asFunction(final FailableFunction<T, R, ?> function) {","public static <T, R> Function<T, R> asFunction(final FailableFunction<T, R, ?> function) { function = null;",44,
org/apache/commons/lang3/function/Failable.java,234,NullifyInputVariable,"public static <T> Consumer<T> asConsumer(final FailableConsumer<T, ?> consumer) {","public static <T> Consumer<T> asConsumer(final FailableConsumer<T, ?> consumer) { consumer = null;",45,
org/apache/commons/lang3/function/Failable.java,223,NullifyInputVariable,"public static <V> Callable<V> asCallable(final FailableCallable<V, ?> callable) {","public static <V> Callable<V> asCallable(final FailableCallable<V, ?> callable) { callable = null;",46,
org/apache/commons/lang3/function/Failable.java,212,NullifyInputVariable,"public static <T, U> BiPredicate<T, U> asBiPredicate(final FailableBiPredicate<T, U, ?> predicate) {","public static <T, U> BiPredicate<T, U> asBiPredicate(final FailableBiPredicate<T, U, ?> predicate) { predicate = null;",47,
org/apache/commons/lang3/function/Failable.java,200,NullifyInputVariable,"public static <T, U, R> BiFunction<T, U, R> asBiFunction(final FailableBiFunction<T, U, R, ?> function) {","public static <T, U, R> BiFunction<T, U, R> asBiFunction(final FailableBiFunction<T, U, R, ?> function) { function = null;",48,
org/apache/commons/lang3/function/Failable.java,187,NullifyInputVariable,"public static <T, U> BiConsumer<T, U> asBiConsumer(final FailableBiConsumer<T, U, ?> consumer) {","public static <T, U> BiConsumer<T, U> asBiConsumer(final FailableBiConsumer<T, U, ?> consumer) { consumer = null;",49,
org/apache/commons/lang3/function/Failable.java,175,NullifyInputVariable,"final double left, final double right) {","final double left, final double right) { function = null;",50,
org/apache/commons/lang3/function/Failable.java,161,NullifyInputVariable,"public static <T, R, E extends Throwable> R apply(final FailableFunction<T, R, E> function, final T input) {","public static <T, R, E extends Throwable> R apply(final FailableFunction<T, R, E> function, final T input) { input = null;",51,
org/apache/commons/lang3/function/Failable.java,161,NullifyInputVariable,"public static <T, R, E extends Throwable> R apply(final FailableFunction<T, R, E> function, final T input) {","public static <T, R, E extends Throwable> R apply(final FailableFunction<T, R, E> function, final T input) { function = null;",52,
org/apache/commons/lang3/function/Failable.java,147,NullifyInputVariable,final U input2) {,final U input2) { input2 = null;,53,
org/apache/commons/lang3/function/Failable.java,147,NullifyInputVariable,final U input2) {,final U input2) { input1 = null;,54,
org/apache/commons/lang3/function/Failable.java,147,NullifyInputVariable,final U input2) {,final U input2) { function = null;,55,
org/apache/commons/lang3/function/Failable.java,130,NullifyInputVariable,"public static <E extends Throwable> void accept(final FailableLongConsumer<E> consumer, final long value) {","public static <E extends Throwable> void accept(final FailableLongConsumer<E> consumer, final long value) { consumer = null;",56,
org/apache/commons/lang3/function/Failable.java,119,NullifyInputVariable,"public static <E extends Throwable> void accept(final FailableIntConsumer<E> consumer, final int value) {","public static <E extends Throwable> void accept(final FailableIntConsumer<E> consumer, final int value) { consumer = null;",57,
org/apache/commons/lang3/function/Failable.java,108,NullifyInputVariable,"public static <E extends Throwable> void accept(final FailableDoubleConsumer<E> consumer, final double value) {","public static <E extends Throwable> void accept(final FailableDoubleConsumer<E> consumer, final double value) { consumer = null;",58,
org/apache/commons/lang3/function/Failable.java,97,NullifyInputVariable,"public static <T, E extends Throwable> void accept(final FailableConsumer<T, E> consumer, final T object) {","public static <T, E extends Throwable> void accept(final FailableConsumer<T, E> consumer, final T object) { object = null;",59,
org/apache/commons/lang3/function/Failable.java,97,NullifyInputVariable,"public static <T, E extends Throwable> void accept(final FailableConsumer<T, E> consumer, final T object) {","public static <T, E extends Throwable> void accept(final FailableConsumer<T, E> consumer, final T object) { consumer = null;",60,
org/apache/commons/lang3/function/Failable.java,85,NullifyInputVariable,final U object2) {,final U object2) { object2 = null;,61,
org/apache/commons/lang3/function/Failable.java,85,NullifyInputVariable,final U object2) {,final U object2) { object1 = null;,62,
org/apache/commons/lang3/function/Failable.java,85,NullifyInputVariable,final U object2) {,final U object2) { consumer = null;,63,
org/apache/commons/lang3/function/FailableBiConsumer.java,67,NullifyInputVariable,"default FailableBiConsumer<T, U, E> andThen(final FailableBiConsumer<? super T, ? super U, E> after) {","default FailableBiConsumer<T, U, E> andThen(final FailableBiConsumer<? super T, ? super U, E> after) { after = null;",3,
org/apache/commons/lang3/function/FailableBiFunction.java,62,NullifyInputVariable,"default <V> FailableBiFunction<T, U, V, E> andThen(final FailableFunction<? super R, ? extends V, E> after) {","default <V> FailableBiFunction<T, U, V, E> andThen(final FailableFunction<? super R, ? extends V, E> after) { after = null;",3,
org/apache/commons/lang3/function/FailableBiPredicate.java,75,NullifyInputVariable,"default FailableBiPredicate<T, U, E> and(final FailableBiPredicate<? super T, ? super U, E> other) {","default FailableBiPredicate<T, U, E> and(final FailableBiPredicate<? super T, ? super U, E> other) { other = null;",10,
org/apache/commons/lang3/function/FailableBiPredicate.java,96,NullifyInputVariable,"default FailableBiPredicate<T, U, E> or(final FailableBiPredicate<? super T, ? super U, E> other) {","default FailableBiPredicate<T, U, E> or(final FailableBiPredicate<? super T, ? super U, E> other) { other = null;",9,
org/apache/commons/lang3/function/FailableConsumer.java,69,NullifyInputVariable,"default FailableConsumer<T, E> andThen(final FailableConsumer<? super T, E> after) {","default FailableConsumer<T, E> andThen(final FailableConsumer<? super T, E> after) { after = null;",3,
org/apache/commons/lang3/function/FailableDoubleConsumer.java,62,NullifyInputVariable,default FailableDoubleConsumer<E> andThen(final FailableDoubleConsumer<E> after) {,default FailableDoubleConsumer<E> andThen(final FailableDoubleConsumer<E> after) { after = null;,3,
org/apache/commons/lang3/function/FailableDoublePredicate.java,69,NullifyInputVariable,default FailableDoublePredicate<E> and(final FailableDoublePredicate<E> other) {,default FailableDoublePredicate<E> and(final FailableDoublePredicate<E> other) { other = null;,10,
org/apache/commons/lang3/function/FailableDoublePredicate.java,90,NullifyInputVariable,default FailableDoublePredicate<E> or(final FailableDoublePredicate<E> other) {,default FailableDoublePredicate<E> or(final FailableDoublePredicate<E> other) { other = null;,9,
org/apache/commons/lang3/function/FailableDoubleUnaryOperator.java,90,NullifyInputVariable,default FailableDoubleUnaryOperator<E> compose(final FailableDoubleUnaryOperator<E> before) {,default FailableDoubleUnaryOperator<E> compose(final FailableDoubleUnaryOperator<E> before) { before = null;,5,
org/apache/commons/lang3/function/FailableDoubleUnaryOperator.java,66,NullifyInputVariable,default FailableDoubleUnaryOperator<E> andThen(final FailableDoubleUnaryOperator<E> after) {,default FailableDoubleUnaryOperator<E> andThen(final FailableDoubleUnaryOperator<E> after) { after = null;,6,
org/apache/commons/lang3/function/FailableFunction.java,107,NullifyInputVariable,"default <V> FailableFunction<V, R, E> compose(final FailableFunction<? super V, ? extends T, E> before) {","default <V> FailableFunction<V, R, E> compose(final FailableFunction<? super V, ? extends T, E> before) { before = null;",6,
org/apache/commons/lang3/function/FailableFunction.java,84,NullifyInputVariable,"default <V> FailableFunction<T, V, E> andThen(final FailableFunction<? super R, ? extends V, E> after) {","default <V> FailableFunction<T, V, E> andThen(final FailableFunction<? super R, ? extends V, E> after) { after = null;",7,
org/apache/commons/lang3/function/FailableFunction.java,48,NullifyInputVariable,"static <T, R, E extends Throwable> FailableFunction<T, R, E> function(final FailableFunction<T, R, E> function) {","static <T, R, E extends Throwable> FailableFunction<T, R, E> function(final FailableFunction<T, R, E> function) { function = null;",8,
org/apache/commons/lang3/function/FailableIntConsumer.java,62,NullifyInputVariable,default FailableIntConsumer<E> andThen(final FailableIntConsumer<E> after) {,default FailableIntConsumer<E> andThen(final FailableIntConsumer<E> after) { after = null;,3,
org/apache/commons/lang3/function/FailableIntPredicate.java,69,NullifyInputVariable,default FailableIntPredicate<E> and(final FailableIntPredicate<E> other) {,default FailableIntPredicate<E> and(final FailableIntPredicate<E> other) { other = null;,10,
org/apache/commons/lang3/function/FailableIntPredicate.java,90,NullifyInputVariable,default FailableIntPredicate<E> or(final FailableIntPredicate<E> other) {,default FailableIntPredicate<E> or(final FailableIntPredicate<E> other) { other = null;,9,
org/apache/commons/lang3/function/FailableIntUnaryOperator.java,86,NullifyInputVariable,default FailableIntUnaryOperator<E> compose(final FailableIntUnaryOperator<E> before) {,default FailableIntUnaryOperator<E> compose(final FailableIntUnaryOperator<E> before) { before = null;,5,
org/apache/commons/lang3/function/FailableIntUnaryOperator.java,64,NullifyInputVariable,default FailableIntUnaryOperator<E> andThen(final FailableIntUnaryOperator<E> after) {,default FailableIntUnaryOperator<E> andThen(final FailableIntUnaryOperator<E> after) { after = null;,6,
org/apache/commons/lang3/function/FailableLongConsumer.java,62,NullifyInputVariable,default FailableLongConsumer<E> andThen(final FailableLongConsumer<E> after) {,default FailableLongConsumer<E> andThen(final FailableLongConsumer<E> after) { after = null;,3,
org/apache/commons/lang3/function/FailableLongPredicate.java,69,NullifyInputVariable,default FailableLongPredicate<E> and(final FailableLongPredicate<E> other) {,default FailableLongPredicate<E> and(final FailableLongPredicate<E> other) { other = null;,10,
org/apache/commons/lang3/function/FailableLongPredicate.java,90,NullifyInputVariable,default FailableLongPredicate<E> or(final FailableLongPredicate<E> other) {,default FailableLongPredicate<E> or(final FailableLongPredicate<E> other) { other = null;,9,
org/apache/commons/lang3/function/FailableLongUnaryOperator.java,86,NullifyInputVariable,default FailableLongUnaryOperator<E> compose(final FailableLongUnaryOperator<E> before) {,default FailableLongUnaryOperator<E> compose(final FailableLongUnaryOperator<E> before) { before = null;,5,
org/apache/commons/lang3/function/FailableLongUnaryOperator.java,64,NullifyInputVariable,default FailableLongUnaryOperator<E> andThen(final FailableLongUnaryOperator<E> after) {,default FailableLongUnaryOperator<E> andThen(final FailableLongUnaryOperator<E> after) { after = null;,6,
org/apache/commons/lang3/function/FailablePredicate.java,72,NullifyInputVariable,"default FailablePredicate<T, E> and(final FailablePredicate<? super T, E> other) {","default FailablePredicate<T, E> and(final FailablePredicate<? super T, E> other) { other = null;",10,
org/apache/commons/lang3/function/FailablePredicate.java,93,NullifyInputVariable,"default FailablePredicate<T, E> or(final FailablePredicate<? super T, E> other) {","default FailablePredicate<T, E> or(final FailablePredicate<? super T, E> other) { other = null;",9,
org/apache/commons/lang3/function/Functions.java,52,NullifyInputVariable,"public static <T, R> Function<T, R> function(final Function<T, R> function) {","public static <T, R> Function<T, R> function(final Function<T, R> function) { function = null;",4,
org/apache/commons/lang3/function/Functions.java,40,NullifyInputVariable,"public static <T, R> R apply(final Function<T, R> function, final T object) {","public static <T, R> R apply(final Function<T, R> function, final T object) { object = null;",5,
org/apache/commons/lang3/function/Functions.java,40,NullifyInputVariable,"public static <T, R> R apply(final Function<T, R> function, final T object) {","public static <T, R> R apply(final Function<T, R> function, final T object) { function = null;",6,
org/apache/commons/lang3/function/MethodInvokers.java,244,NullifyInputVariable,private static MethodHandle unreflectUnchecked(final Method method) {,private static MethodHandle unreflectUnchecked(final Method method) { method = null;,13,
org/apache/commons/lang3/function/MethodInvokers.java,240,NullifyInputVariable,private static MethodHandle unreflect(final Method method) throws IllegalAccessException {,private static MethodHandle unreflect(final Method method) throws IllegalAccessException { method = null;,14,
org/apache/commons/lang3/function/MethodInvokers.java,236,NullifyInputVariable,private static Method requireMethod(final Method method) {,private static Method requireMethod(final Method method) { method = null;,15,
org/apache/commons/lang3/function/MethodInvokers.java,225,NullifyInputVariable,public static <R> Supplier<R> asSupplier(final Method method) {,public static <R> Supplier<R> asSupplier(final Method method) { method = null;,16,
org/apache/commons/lang3/function/MethodInvokers.java,209,NullifyInputVariable,"public static <T> T asInterfaceInstance(final Class<T> interfaceClass, final Method method) {","public static <T> T asInterfaceInstance(final Class<T> interfaceClass, final Method method) { method = null;",17,
org/apache/commons/lang3/function/MethodInvokers.java,209,NullifyInputVariable,"public static <T> T asInterfaceInstance(final Class<T> interfaceClass, final Method method) {","public static <T> T asInterfaceInstance(final Class<T> interfaceClass, final Method method) { interfaceClass = null;",18,
org/apache/commons/lang3/function/MethodInvokers.java,193,NullifyInputVariable,"public static <T, R> Function<T, R> asFunction(final Method method) {","public static <T, R> Function<T, R> asFunction(final Method method) { method = null;",19,
org/apache/commons/lang3/function/MethodInvokers.java,170,NullifyInputVariable,"public static <R> FailableSupplier<R, Throwable> asFailableSupplier(final Method method) {","public static <R> FailableSupplier<R, Throwable> asFailableSupplier(final Method method) { method = null;",20,
org/apache/commons/lang3/function/MethodInvokers.java,154,NullifyInputVariable,"public static <T, R> FailableFunction<T, R, Throwable> asFailableFunction(final Method method) {","public static <T, R> FailableFunction<T, R, Throwable> asFailableFunction(final Method method) { method = null;",21,
org/apache/commons/lang3/function/MethodInvokers.java,140,NullifyInputVariable,"public static <T, U, R> FailableBiFunction<T, U, R, Throwable> asFailableBiFunction(final Method method) {","public static <T, U, R> FailableBiFunction<T, U, R, Throwable> asFailableBiFunction(final Method method) { method = null;",22,
org/apache/commons/lang3/function/MethodInvokers.java,124,NullifyInputVariable,"public static <T, U> FailableBiConsumer<T, U, Throwable> asFailableBiConsumer(final Method method) {","public static <T, U> FailableBiConsumer<T, U, Throwable> asFailableBiConsumer(final Method method) { method = null;",23,
org/apache/commons/lang3/function/MethodInvokers.java,109,NullifyInputVariable,"public static <T, U, R> BiFunction<T, U, R> asBiFunction(final Method method) {","public static <T, U, R> BiFunction<T, U, R> asBiFunction(final Method method) { method = null;",24,
org/apache/commons/lang3/function/MethodInvokers.java,84,NullifyInputVariable,"public static <T, U> BiConsumer<T, U> asBiConsumer(final Method method) {","public static <T, U> BiConsumer<T, U> asBiConsumer(final Method method) { method = null;",25,
org/apache/commons/lang3/function/Suppliers.java,45,NullifyInputVariable,public static <T> T get(final Supplier<T> supplier) {,public static <T> T get(final Supplier<T> supplier) { supplier = null;,4,
org/apache/commons/lang3/function/TriConsumer.java,62,NullifyInputVariable,"default TriConsumer<T, U, V> andThen(final TriConsumer<? super T, ? super U, ? super V> after) {","default TriConsumer<T, U, V> andThen(final TriConsumer<? super T, ? super U, ? super V> after) { after = null;",2,
org/apache/commons/lang3/function/TriFunction.java,52,NullifyInputVariable,"default <W> TriFunction<T, U, V, W> andThen(final Function<? super R, ? extends W> after) {","default <W> TriFunction<T, U, V, W> andThen(final Function<? super R, ? extends W> after) { after = null;",2,
org/apache/commons/lang3/math/Fraction.java,853,NullifyInputVariable,public Fraction subtract(final Fraction fraction) {,public Fraction subtract(final Fraction fraction) { fraction = null;,126,
org/apache/commons/lang3/math/Fraction.java,764,NullifyInputVariable,public Fraction multiplyBy(final Fraction fraction) {,public Fraction multiplyBy(final Fraction fraction) { fraction = null;,127,
org/apache/commons/lang3/math/Fraction.java,623,NullifyInputVariable,public boolean equals(final Object obj) {,public boolean equals(final Object obj) { obj = null;,128,
org/apache/commons/lang3/math/Fraction.java,595,NullifyInputVariable,public Fraction divideBy(final Fraction fraction) {,public Fraction divideBy(final Fraction fraction) { fraction = null;,129,
org/apache/commons/lang3/math/Fraction.java,571,NullifyInputVariable,public int compareTo(final Fraction other) {,public int compareTo(final Fraction other) { other = null;,130,
org/apache/commons/lang3/math/Fraction.java,520,NullifyInputVariable,"private Fraction addSub(final Fraction fraction, final boolean isAdd) {","private Fraction addSub(final Fraction fraction, final boolean isAdd) { fraction = null;",131,
org/apache/commons/lang3/math/Fraction.java,506,NullifyInputVariable,public Fraction add(final Fraction fraction) {,public Fraction add(final Fraction fraction) { fraction = null;,132,
org/apache/commons/lang3/math/Fraction.java,874,RelationalOperatorReplacement,} else if ((numerator > 0 ? -numerator : numerator) < -denominator) {,} else if ((numerator > 0 ? -numerator : numerator) >= -denominator) {,254,
org/apache/commons/lang3/math/Fraction.java,874,RelationalOperatorReplacement,} else if ((numerator > 0 ? -numerator : numerator) < -denominator) {,} else if ((numerator <= 0 ? -numerator : numerator) < -denominator) {,255,
org/apache/commons/lang3/math/Fraction.java,810,RelationalOperatorReplacement,if (power < 0) {,if (power >= 0) {,264,
org/apache/commons/lang3/math/Fraction.java,737,RelationalOperatorReplacement,if (numerator < 0) {,if (numerator >= 0) {,270,
org/apache/commons/lang3/math/Fraction.java,552,RelationalOperatorReplacement,if (w.bitLength() > 31) {,if (w.bitLength() <= 31) {,281,
org/apache/commons/lang3/math/Fraction.java,490,RelationalOperatorReplacement,if (numerator >= 0) {,if (numerator < 0) {,286,
org/apache/commons/lang3/math/Fraction.java,437,RelationalOperatorReplacement,if (s < Integer.MIN_VALUE || s > Integer.MAX_VALUE) {,if (s < Integer.MIN_VALUE || s <= Integer.MAX_VALUE) {,287,
org/apache/commons/lang3/math/Fraction.java,437,RelationalOperatorReplacement,if (s < Integer.MIN_VALUE || s > Integer.MAX_VALUE) {,if (s >= Integer.MIN_VALUE || s > Integer.MAX_VALUE) {,288,
org/apache/commons/lang3/math/Fraction.java,420,RelationalOperatorReplacement,if (m > Integer.MAX_VALUE) {,if (m <= Integer.MAX_VALUE) {,289,
org/apache/commons/lang3/math/Fraction.java,402,RelationalOperatorReplacement,if (m < Integer.MIN_VALUE || m > Integer.MAX_VALUE) {,if (m < Integer.MIN_VALUE || m <= Integer.MAX_VALUE) {,290,
org/apache/commons/lang3/math/Fraction.java,402,RelationalOperatorReplacement,if (m < Integer.MIN_VALUE || m > Integer.MAX_VALUE) {,if (m >= Integer.MIN_VALUE || m > Integer.MAX_VALUE) {,291,
org/apache/commons/lang3/math/Fraction.java,378,RelationalOperatorReplacement,if (t > 0) {,if (t <= 0) {,293,
org/apache/commons/lang3/math/Fraction.java,358,RelationalOperatorReplacement,while ((u & 1) == 0 && (v & 1) == 0 && k < 31) { // while u and v are both even...,while ((u & 1) == 0 && (v & 1) == 0 && k >= 31) { // while u and v are both even...,297,
org/apache/commons/lang3/math/Fraction.java,353,RelationalOperatorReplacement,if (v > 0) {,if (v <= 0) {,300,
org/apache/commons/lang3/math/Fraction.java,350,RelationalOperatorReplacement,if (u > 0) {,if (u <= 0) {,301,
org/apache/commons/lang3/math/Fraction.java,310,RelationalOperatorReplacement,if (denominator < 0) {,if (denominator >= 0) {,310,
org/apache/commons/lang3/math/Fraction.java,275,RelationalOperatorReplacement,if (pos < 0) {,if (pos >= 0) {,315,
org/apache/commons/lang3/math/Fraction.java,265,RelationalOperatorReplacement,if (pos < 0) {,if (pos >= 0) {,316,
org/apache/commons/lang3/math/Fraction.java,261,RelationalOperatorReplacement,if (pos > 0) {,if (pos <= 0) {,317,
org/apache/commons/lang3/math/Fraction.java,255,RelationalOperatorReplacement,if (pos >= 0) {,if (pos < 0) {,318,
org/apache/commons/lang3/math/Fraction.java,228,RelationalOperatorReplacement,if (numeratorValue < Integer.MIN_VALUE || numeratorValue > Integer.MAX_VALUE) {,if (numeratorValue < Integer.MIN_VALUE || numeratorValue <= Integer.MAX_VALUE) {,319,
org/apache/commons/lang3/math/Fraction.java,228,RelationalOperatorReplacement,if (numeratorValue < Integer.MIN_VALUE || numeratorValue > Integer.MAX_VALUE) {,if (numeratorValue >= Integer.MIN_VALUE || numeratorValue > Integer.MAX_VALUE) {,320,
org/apache/commons/lang3/math/Fraction.java,223,RelationalOperatorReplacement,if (whole < 0) {,if (whole >= 0) {,321,
org/apache/commons/lang3/math/Fraction.java,219,RelationalOperatorReplacement,if (numerator < 0) {,if (numerator >= 0) {,322,
org/apache/commons/lang3/math/Fraction.java,216,RelationalOperatorReplacement,if (denominator < 0) {,if (denominator >= 0) {,323,
org/apache/commons/lang3/math/Fraction.java,187,RelationalOperatorReplacement,if (denominator < 0) {,if (denominator >= 0) {,327,
org/apache/commons/lang3/math/Fraction.java,164,RelationalOperatorReplacement,} while (delta1 > delta2 && denom2 <= 10000 && denom2 > 0 && i < 25);,} while (delta1 > delta2 && denom2 <= 10000 && denom2 > 0 && i >= 25);,330,
org/apache/commons/lang3/math/Fraction.java,164,RelationalOperatorReplacement,} while (delta1 > delta2 && denom2 <= 10000 && denom2 > 0 && i < 25);,} while (delta1 > delta2 && denom2 <= 10000 && denom2 <= 0 && i < 25);,331,
org/apache/commons/lang3/math/Fraction.java,164,RelationalOperatorReplacement,} while (delta1 > delta2 && denom2 <= 10000 && denom2 > 0 && i < 25);,} while (delta1 > delta2 && denom2 > 10000 && denom2 > 0 && i < 25);,332,
org/apache/commons/lang3/math/Fraction.java,164,RelationalOperatorReplacement,} while (delta1 > delta2 && denom2 <= 10000 && denom2 > 0 && i < 25);,} while (delta1 <= delta2 && denom2 <= 10000 && denom2 > 0 && i < 25);,333,
org/apache/commons/lang3/math/Fraction.java,126,RelationalOperatorReplacement,if (value > Integer.MAX_VALUE || Double.isNaN(value)) {,if (value <= Integer.MAX_VALUE || Double.isNaN(value)) {,334,
org/apache/commons/lang3/math/Fraction.java,124,RelationalOperatorReplacement,final int sign = value < 0 ? -1 : 1;,final int sign = value >= 0 ? -1 : 1;,335,
org/apache/commons/lang3/math/Fraction.java,104,RelationalOperatorReplacement,if (s < Integer.MIN_VALUE || s > Integer.MAX_VALUE) {,if (s < Integer.MIN_VALUE || s <= Integer.MAX_VALUE) {,336,
org/apache/commons/lang3/math/Fraction.java,104,RelationalOperatorReplacement,if (s < Integer.MIN_VALUE || s > Integer.MAX_VALUE) {,if (s >= Integer.MIN_VALUE || s > Integer.MAX_VALUE) {,337,
org/apache/commons/lang3/math/IEEE754rUtils.java,212,RelationalOperatorReplacement,for (int i = 1; i < array.length; i++) {,for (int i = 1; i >= array.length; i++) {,29,
org/apache/commons/lang3/math/IEEE754rUtils.java,157,RelationalOperatorReplacement,for (int i = 1; i < array.length; i++) {,for (int i = 1; i >= array.length; i++) {,31,
org/apache/commons/lang3/math/IEEE754rUtils.java,102,RelationalOperatorReplacement,for (int j = 1; j < array.length; j++) {,for (int j = 1; j >= array.length; j++) {,33,
org/apache/commons/lang3/math/IEEE754rUtils.java,47,RelationalOperatorReplacement,for (int j = 1; j < array.length; j++) {,for (int j = 1; j >= array.length; j++) {,35,
org/apache/commons/lang3/math/NumberUtils.java,1794,NullifyInputVariable,"private static boolean withDecimalsParsing(final String str, final int beginIdx) {","private static boolean withDecimalsParsing(final String str, final int beginIdx) { str = null;",168,
org/apache/commons/lang3/math/NumberUtils.java,1789,NullifyInputVariable,private static void validateArray(final Object array) {,private static void validateArray(final Object array) { array = null;,169,
org/apache/commons/lang3/math/NumberUtils.java,1774,NullifyInputVariable,"public static short toShort(final String str, final short defaultValue) {","public static short toShort(final String str, final short defaultValue) { str = null;",170,
org/apache/commons/lang3/math/NumberUtils.java,1753,NullifyInputVariable,public static short toShort(final String str) {,public static short toShort(final String str) { str = null;,171,
org/apache/commons/lang3/math/NumberUtils.java,1725,NullifyInputVariable,"public static BigDecimal toScaledBigDecimal(final String value, final int scale, final RoundingMode roundingMode) {","public static BigDecimal toScaledBigDecimal(final String value, final int scale, final RoundingMode roundingMode) { roundingMode = null;",172,
org/apache/commons/lang3/math/NumberUtils.java,1725,NullifyInputVariable,"public static BigDecimal toScaledBigDecimal(final String value, final int scale, final RoundingMode roundingMode) {","public static BigDecimal toScaledBigDecimal(final String value, final int scale, final RoundingMode roundingMode) { value = null;",173,
org/apache/commons/lang3/math/NumberUtils.java,1709,NullifyInputVariable,public static BigDecimal toScaledBigDecimal(final String value) {,public static BigDecimal toScaledBigDecimal(final String value) { value = null;,174,
org/apache/commons/lang3/math/NumberUtils.java,1686,NullifyInputVariable,"public static BigDecimal toScaledBigDecimal(final Float value, final int scale, final RoundingMode roundingMode) {","public static BigDecimal toScaledBigDecimal(final Float value, final int scale, final RoundingMode roundingMode) { roundingMode = null;",175,
org/apache/commons/lang3/math/NumberUtils.java,1686,NullifyInputVariable,"public static BigDecimal toScaledBigDecimal(final Float value, final int scale, final RoundingMode roundingMode) {","public static BigDecimal toScaledBigDecimal(final Float value, final int scale, final RoundingMode roundingMode) { value = null;",176,
org/apache/commons/lang3/math/NumberUtils.java,1670,NullifyInputVariable,public static BigDecimal toScaledBigDecimal(final Float value) {,public static BigDecimal toScaledBigDecimal(final Float value) { value = null;,177,
org/apache/commons/lang3/math/NumberUtils.java,1647,NullifyInputVariable,"public static BigDecimal toScaledBigDecimal(final Double value, final int scale, final RoundingMode roundingMode) {","public static BigDecimal toScaledBigDecimal(final Double value, final int scale, final RoundingMode roundingMode) { roundingMode = null;",178,
org/apache/commons/lang3/math/NumberUtils.java,1647,NullifyInputVariable,"public static BigDecimal toScaledBigDecimal(final Double value, final int scale, final RoundingMode roundingMode) {","public static BigDecimal toScaledBigDecimal(final Double value, final int scale, final RoundingMode roundingMode) { value = null;",179,
org/apache/commons/lang3/math/NumberUtils.java,1631,NullifyInputVariable,public static BigDecimal toScaledBigDecimal(final Double value) {,public static BigDecimal toScaledBigDecimal(final Double value) { value = null;,180,
org/apache/commons/lang3/math/NumberUtils.java,1609,NullifyInputVariable,"public static BigDecimal toScaledBigDecimal(final BigDecimal value, final int scale, final RoundingMode roundingMode) {","public static BigDecimal toScaledBigDecimal(final BigDecimal value, final int scale, final RoundingMode roundingMode) { roundingMode = null;",181,
org/apache/commons/lang3/math/NumberUtils.java,1609,NullifyInputVariable,"public static BigDecimal toScaledBigDecimal(final BigDecimal value, final int scale, final RoundingMode roundingMode) {","public static BigDecimal toScaledBigDecimal(final BigDecimal value, final int scale, final RoundingMode roundingMode) { value = null;",182,
org/apache/commons/lang3/math/NumberUtils.java,1593,NullifyInputVariable,public static BigDecimal toScaledBigDecimal(final BigDecimal value) {,public static BigDecimal toScaledBigDecimal(final BigDecimal value) { value = null;,183,
org/apache/commons/lang3/math/NumberUtils.java,1573,NullifyInputVariable,"public static long toLong(final String str, final long defaultValue) {","public static long toLong(final String str, final long defaultValue) { str = null;",184,
org/apache/commons/lang3/math/NumberUtils.java,1552,NullifyInputVariable,public static long toLong(final String str) {,public static long toLong(final String str) { str = null;,185,
org/apache/commons/lang3/math/NumberUtils.java,1527,NullifyInputVariable,"public static int toInt(final String str, final int defaultValue) {","public static int toInt(final String str, final int defaultValue) { str = null;",186,
org/apache/commons/lang3/math/NumberUtils.java,1506,NullifyInputVariable,public static int toInt(final String str) {,public static int toInt(final String str) { str = null;,187,
org/apache/commons/lang3/math/NumberUtils.java,1481,NullifyInputVariable,"public static float toFloat(final String str, final float defaultValue) {","public static float toFloat(final String str, final float defaultValue) { str = null;",188,
org/apache/commons/lang3/math/NumberUtils.java,1458,NullifyInputVariable,public static float toFloat(final String str) {,public static float toFloat(final String str) { str = null;,189,
org/apache/commons/lang3/math/NumberUtils.java,1432,NullifyInputVariable,"public static double toDouble(final String str, final double defaultValue) {","public static double toDouble(final String str, final double defaultValue) { str = null;",190,
org/apache/commons/lang3/math/NumberUtils.java,1409,NullifyInputVariable,public static double toDouble(final String str) {,public static double toDouble(final String str) { str = null;,191,
org/apache/commons/lang3/math/NumberUtils.java,1387,NullifyInputVariable,"public static double toDouble(final BigDecimal value, final double defaultValue) {","public static double toDouble(final BigDecimal value, final double defaultValue) { value = null;",192,
org/apache/commons/lang3/math/NumberUtils.java,1366,NullifyInputVariable,public static double toDouble(final BigDecimal value) {,public static double toDouble(final BigDecimal value) { value = null;,193,
org/apache/commons/lang3/math/NumberUtils.java,1342,NullifyInputVariable,"public static byte toByte(final String str, final byte defaultValue) {","public static byte toByte(final String str, final byte defaultValue) { str = null;",194,
org/apache/commons/lang3/math/NumberUtils.java,1321,NullifyInputVariable,public static byte toByte(final String str) {,public static byte toByte(final String str) { str = null;,195,
org/apache/commons/lang3/math/NumberUtils.java,771,NullifyInputVariable,"private static boolean isZero(final String mant, final String dec) {","private static boolean isZero(final String mant, final String dec) { dec = null;",196,
org/apache/commons/lang3/math/NumberUtils.java,771,NullifyInputVariable,"private static boolean isZero(final String mant, final String dec) {","private static boolean isZero(final String mant, final String dec) { mant = null;",197,
org/apache/commons/lang3/math/NumberUtils.java,729,NullifyInputVariable,public static boolean isParsable(final String str) {,public static boolean isParsable(final String str) { str = null;,198,
org/apache/commons/lang3/math/NumberUtils.java,708,NullifyInputVariable,public static boolean isNumber(final String str) {,public static boolean isNumber(final String str) { str = null;,199,
org/apache/commons/lang3/math/NumberUtils.java,678,NullifyInputVariable,public static boolean isDigits(final String str) {,public static boolean isDigits(final String str) { str = null;,200,
org/apache/commons/lang3/math/NumberUtils.java,554,NullifyInputVariable,public static boolean isCreatable(final String str) {,public static boolean isCreatable(final String str) { str = null;,201,
org/apache/commons/lang3/math/NumberUtils.java,520,NullifyInputVariable,private static boolean isAllZeros(final String str) {,private static boolean isAllZeros(final String str) { str = null;,202,
org/apache/commons/lang3/math/NumberUtils.java,502,NullifyInputVariable,"private static String getMantissa(final String str, final int stopPos) {","private static String getMantissa(final String str, final int stopPos) { str = null;",203,
org/apache/commons/lang3/math/NumberUtils.java,320,NullifyInputVariable,public static Number createNumber(final String str) {,public static Number createNumber(final String str) { str = null;,204,
org/apache/commons/lang3/math/NumberUtils.java,282,NullifyInputVariable,public static Long createLong(final String str) {,public static Long createLong(final String str) { str = null;,205,
org/apache/commons/lang3/math/NumberUtils.java,261,NullifyInputVariable,public static Integer createInteger(final String str) {,public static Integer createInteger(final String str) { str = null;,206,
org/apache/commons/lang3/math/NumberUtils.java,242,NullifyInputVariable,public static Float createFloat(final String str) {,public static Float createFloat(final String str) { str = null;,207,
org/apache/commons/lang3/math/NumberUtils.java,226,NullifyInputVariable,public static Double createDouble(final String str) {,public static Double createDouble(final String str) { str = null;,208,
org/apache/commons/lang3/math/NumberUtils.java,185,NullifyInputVariable,public static BigInteger createBigInteger(final String str) {,public static BigInteger createBigInteger(final String str) { str = null;,209,
org/apache/commons/lang3/math/NumberUtils.java,162,NullifyInputVariable,public static BigDecimal createBigDecimal(final String str) {,public static BigDecimal createBigDecimal(final String str) { str = null;,210,
org/apache/commons/lang3/math/NumberUtils.java,1802,RelationalOperatorReplacement,if (decimalPoints > 1) {,if (decimalPoints <= 1) {,374,
org/apache/commons/lang3/math/NumberUtils.java,1796,RelationalOperatorReplacement,for (int i = beginIdx; i < str.length(); i++) {,for (int i = beginIdx; i >= str.length(); i++) {,376,
org/apache/commons/lang3/math/NumberUtils.java,1298,RelationalOperatorReplacement,if (c < a) {,if (c >= a) {,384,
org/apache/commons/lang3/math/NumberUtils.java,1295,RelationalOperatorReplacement,if (b < a) {,if (b >= a) {,385,
org/apache/commons/lang3/math/NumberUtils.java,1278,RelationalOperatorReplacement,if (array[i] < min) {,if (array[i] >= min) {,386,
org/apache/commons/lang3/math/NumberUtils.java,1277,RelationalOperatorReplacement,for (int i = 1; i < array.length; i++) {,for (int i = 1; i >= array.length; i++) {,387,
org/apache/commons/lang3/math/NumberUtils.java,1257,RelationalOperatorReplacement,if (c < a) {,if (c >= a) {,388,
org/apache/commons/lang3/math/NumberUtils.java,1254,RelationalOperatorReplacement,if (b < a) {,if (b >= a) {,389,
org/apache/commons/lang3/math/NumberUtils.java,1237,RelationalOperatorReplacement,if (array[i] < min) {,if (array[i] >= min) {,390,
org/apache/commons/lang3/math/NumberUtils.java,1236,RelationalOperatorReplacement,for (int i = 1; i < array.length; i++) {,for (int i = 1; i >= array.length; i++) {,391,
org/apache/commons/lang3/math/NumberUtils.java,1216,RelationalOperatorReplacement,if (c < a) {,if (c >= a) {,392,
org/apache/commons/lang3/math/NumberUtils.java,1213,RelationalOperatorReplacement,if (b < a) {,if (b >= a) {,393,
org/apache/commons/lang3/math/NumberUtils.java,1197,RelationalOperatorReplacement,if (array[j] < min) {,if (array[j] >= min) {,394,
org/apache/commons/lang3/math/NumberUtils.java,1196,RelationalOperatorReplacement,for (int j = 1; j < array.length; j++) {,for (int j = 1; j >= array.length; j++) {,395,
org/apache/commons/lang3/math/NumberUtils.java,1159,RelationalOperatorReplacement,if (array[i] < min) {,if (array[i] >= min) {,396,
org/apache/commons/lang3/math/NumberUtils.java,1155,RelationalOperatorReplacement,for (int i = 1; i < array.length; i++) {,for (int i = 1; i >= array.length; i++) {,397,
org/apache/commons/lang3/math/NumberUtils.java,1116,RelationalOperatorReplacement,if (array[i] < min) {,if (array[i] >= min) {,398,
org/apache/commons/lang3/math/NumberUtils.java,1112,RelationalOperatorReplacement,for (int i = 1; i < array.length; i++) {,for (int i = 1; i >= array.length; i++) {,399,
org/apache/commons/lang3/math/NumberUtils.java,1090,RelationalOperatorReplacement,if (c < a) {,if (c >= a) {,400,
org/apache/commons/lang3/math/NumberUtils.java,1087,RelationalOperatorReplacement,if (b < a) {,if (b >= a) {,401,
org/apache/commons/lang3/math/NumberUtils.java,1071,RelationalOperatorReplacement,if (array[i] < min) {,if (array[i] >= min) {,402,
org/apache/commons/lang3/math/NumberUtils.java,1070,RelationalOperatorReplacement,for (int i = 1; i < array.length; i++) {,for (int i = 1; i >= array.length; i++) {,403,
org/apache/commons/lang3/math/NumberUtils.java,1050,RelationalOperatorReplacement,if (c > a) {,if (c <= a) {,404,
org/apache/commons/lang3/math/NumberUtils.java,1047,RelationalOperatorReplacement,if (b > a) {,if (b <= a) {,405,
org/apache/commons/lang3/math/NumberUtils.java,1031,RelationalOperatorReplacement,if (array[i] > max) {,if (array[i] <= max) {,406,
org/apache/commons/lang3/math/NumberUtils.java,1030,RelationalOperatorReplacement,for (int i = 1; i < array.length; i++) {,for (int i = 1; i >= array.length; i++) {,407,
org/apache/commons/lang3/math/NumberUtils.java,1009,RelationalOperatorReplacement,if (c > a) {,if (c <= a) {,408,
org/apache/commons/lang3/math/NumberUtils.java,1006,RelationalOperatorReplacement,if (b > a) {,if (b <= a) {,409,
org/apache/commons/lang3/math/NumberUtils.java,989,RelationalOperatorReplacement,if (array[j] > max) {,if (array[j] <= max) {,410,
org/apache/commons/lang3/math/NumberUtils.java,988,RelationalOperatorReplacement,for (int j = 1; j < array.length; j++) {,for (int j = 1; j >= array.length; j++) {,411,
org/apache/commons/lang3/math/NumberUtils.java,968,RelationalOperatorReplacement,if (c > a) {,if (c <= a) {,412,
org/apache/commons/lang3/math/NumberUtils.java,965,RelationalOperatorReplacement,if (b > a) {,if (b <= a) {,413,
org/apache/commons/lang3/math/NumberUtils.java,949,RelationalOperatorReplacement,if (array[j] > max) {,if (array[j] <= max) {,414,
org/apache/commons/lang3/math/NumberUtils.java,948,RelationalOperatorReplacement,for (int j = 1; j < array.length; j++) {,for (int j = 1; j >= array.length; j++) {,415,
org/apache/commons/lang3/math/NumberUtils.java,876,RelationalOperatorReplacement,if (array[j] > max) {,if (array[j] <= max) {,416,
org/apache/commons/lang3/math/NumberUtils.java,872,RelationalOperatorReplacement,for (int j = 1; j < array.length; j++) {,for (int j = 1; j >= array.length; j++) {,417,
org/apache/commons/lang3/math/NumberUtils.java,834,RelationalOperatorReplacement,if (array[j] > max) {,if (array[j] <= max) {,418,
org/apache/commons/lang3/math/NumberUtils.java,830,RelationalOperatorReplacement,for (int j = 1; j < array.length; j++) {,for (int j = 1; j >= array.length; j++) {,419,
org/apache/commons/lang3/math/NumberUtils.java,809,RelationalOperatorReplacement,if (c > a) {,if (c <= a) {,420,
org/apache/commons/lang3/math/NumberUtils.java,806,RelationalOperatorReplacement,if (b > a) {,if (b <= a) {,421,
org/apache/commons/lang3/math/NumberUtils.java,790,RelationalOperatorReplacement,if (array[i] > max) {,if (array[i] <= max) {,422,
org/apache/commons/lang3/math/NumberUtils.java,789,RelationalOperatorReplacement,for (int i = 1; i < array.length; i++) {,for (int i = 1; i >= array.length; i++) {,423,
org/apache/commons/lang3/math/NumberUtils.java,632,RelationalOperatorReplacement,if (chars[i] >= '0' && chars[i] <= '9') {,if (chars[i] >= '0' && chars[i] > '9') {,436,
org/apache/commons/lang3/math/NumberUtils.java,632,RelationalOperatorReplacement,if (chars[i] >= '0' && chars[i] <= '9') {,if (chars[i] < '0' && chars[i] <= '9') {,437,
org/apache/commons/lang3/math/NumberUtils.java,631,RelationalOperatorReplacement,if (i < chars.length) {,if (i >= chars.length) {,438,
org/apache/commons/lang3/math/NumberUtils.java,599,RelationalOperatorReplacement,if (chars[i] >= '0' && chars[i] <= '9') {,if (chars[i] >= '0' && chars[i] > '9') {,444,
org/apache/commons/lang3/math/NumberUtils.java,599,RelationalOperatorReplacement,if (chars[i] >= '0' && chars[i] <= '9') {,if (chars[i] < '0' && chars[i] <= '9') {,445,
org/apache/commons/lang3/math/NumberUtils.java,598,RelationalOperatorReplacement,while (i < sz || i < sz + 1 && allowSigns && !foundDigit) {,while (i < sz || i >= sz + 1 && allowSigns && !foundDigit) {,446,
org/apache/commons/lang3/math/NumberUtils.java,598,RelationalOperatorReplacement,while (i < sz || i < sz + 1 && allowSigns && !foundDigit) {,while (i >= sz || i < sz + 1 && allowSigns && !foundDigit) {,447,
org/apache/commons/lang3/math/NumberUtils.java,586,RelationalOperatorReplacement,if (chars[i] < '0' || chars[i] > '7') {,if (chars[i] < '0' || chars[i] <= '7') {,448,
org/apache/commons/lang3/math/NumberUtils.java,586,RelationalOperatorReplacement,if (chars[i] < '0' || chars[i] > '7') {,if (chars[i] >= '0' || chars[i] > '7') {,449,
org/apache/commons/lang3/math/NumberUtils.java,585,RelationalOperatorReplacement,for (; i < chars.length; i++) {,for (; i >= chars.length; i++) {,450,
org/apache/commons/lang3/math/NumberUtils.java,576,RelationalOperatorReplacement,&& (chars[i] < 'A' || chars[i] > 'F')) {,&& (chars[i] < 'A' || chars[i] <= 'F')) {,451,
org/apache/commons/lang3/math/NumberUtils.java,576,RelationalOperatorReplacement,&& (chars[i] < 'A' || chars[i] > 'F')) {,&& (chars[i] >= 'A' || chars[i] > 'F')) {,452,
org/apache/commons/lang3/math/NumberUtils.java,575,RelationalOperatorReplacement,&& (chars[i] < 'a' || chars[i] > 'f'),&& (chars[i] < 'a' || chars[i] <= 'f'),453,
org/apache/commons/lang3/math/NumberUtils.java,575,RelationalOperatorReplacement,&& (chars[i] < 'a' || chars[i] > 'f'),&& (chars[i] >= 'a' || chars[i] > 'f'),454,
org/apache/commons/lang3/math/NumberUtils.java,574,RelationalOperatorReplacement,if ((chars[i] < '0' || chars[i] > '9'),if ((chars[i] < '0' || chars[i] <= '9'),455,
org/apache/commons/lang3/math/NumberUtils.java,574,RelationalOperatorReplacement,if ((chars[i] < '0' || chars[i] > '9'),if ((chars[i] >= '0' || chars[i] > '9'),456,
org/apache/commons/lang3/math/NumberUtils.java,573,RelationalOperatorReplacement,for (; i < chars.length; i++) {,for (; i >= chars.length; i++) {,457,
org/apache/commons/lang3/math/NumberUtils.java,566,RelationalOperatorReplacement,"if (sz > start + 1 && chars[start] == '0' && !StringUtils.contains(str, '.')) { // leading 0, skip if is a decimal number","if (sz <= start + 1 && chars[start] == '0' && !StringUtils.contains(str, '.')) { // leading 0, skip if is a decimal number",462,
org/apache/commons/lang3/math/NumberUtils.java,524,RelationalOperatorReplacement,for (int i = str.length() - 1; i >= 0; i--) {,for (int i = str.length() - 1; i < 0; i--) {,466,
org/apache/commons/lang3/math/NumberUtils.java,506,RelationalOperatorReplacement,if (length <= (hasSign ? 1 : 0) || length < stopPos) {,if (length <= (hasSign ? 1 : 0) || length >= stopPos) {,468,
org/apache/commons/lang3/math/NumberUtils.java,506,RelationalOperatorReplacement,if (length <= (hasSign ? 1 : 0) || length < stopPos) {,if (length > (hasSign ? 1 : 0) || length < stopPos) {,469,
org/apache/commons/lang3/math/NumberUtils.java,450,RelationalOperatorReplacement,if (expPos > -1 && expPos < length - 1) {,if (expPos > -1 && expPos >= length - 1) {,477,
org/apache/commons/lang3/math/NumberUtils.java,450,RelationalOperatorReplacement,if (expPos > -1 && expPos < length - 1) {,if (expPos <= -1 && expPos < length - 1) {,478,
org/apache/commons/lang3/math/NumberUtils.java,391,RelationalOperatorReplacement,if (expPos > -1 && expPos < length - 1) {,if (expPos > -1 && expPos >= length - 1) {,484,
org/apache/commons/lang3/math/NumberUtils.java,391,RelationalOperatorReplacement,if (expPos > -1 && expPos < length - 1) {,if (expPos <= -1 && expPos < length - 1) {,485,
org/apache/commons/lang3/math/NumberUtils.java,380,RelationalOperatorReplacement,if (expPos > length) { // prevents double exponent causing IOOBE,if (expPos <= length) { // prevents double exponent causing IOOBE,486,
org/apache/commons/lang3/math/NumberUtils.java,379,RelationalOperatorReplacement,if (expPos > -1) {,if (expPos <= -1) {,487,
org/apache/commons/lang3/math/NumberUtils.java,369,RelationalOperatorReplacement,if (expPos <= decPos || expPos > length) { // prevents double exponent causing IOOBE,if (expPos <= decPos || expPos <= length) { // prevents double exponent causing IOOBE,488,
org/apache/commons/lang3/math/NumberUtils.java,369,RelationalOperatorReplacement,if (expPos <= decPos || expPos > length) { // prevents double exponent causing IOOBE,if (expPos > decPos || expPos > length) { // prevents double exponent causing IOOBE,489,
org/apache/commons/lang3/math/NumberUtils.java,368,RelationalOperatorReplacement,if (expPos > -1) { // there is an exponent,if (expPos <= -1) { // there is an exponent,490,
org/apache/commons/lang3/math/NumberUtils.java,367,RelationalOperatorReplacement,if (decPos > -1) { // there is a decimal point,if (decPos <= -1) { // there is a decimal point,491,
org/apache/commons/lang3/math/NumberUtils.java,351,RelationalOperatorReplacement,if (hexDigits > 8 || hexDigits == 8 && firstSigDigit > '7') { // too many for an int,if (hexDigits > 8 || hexDigits == 8 && firstSigDigit <= '7') { // too many for an int,493,
org/apache/commons/lang3/math/NumberUtils.java,351,RelationalOperatorReplacement,if (hexDigits > 8 || hexDigits == 8 && firstSigDigit > '7') { // too many for an int,if (hexDigits <= 8 || hexDigits == 8 && firstSigDigit > '7') { // too many for an int,495,
org/apache/commons/lang3/math/NumberUtils.java,348,RelationalOperatorReplacement,if (hexDigits > 16 || hexDigits == 16 && firstSigDigit > '7') { // too many for Long,if (hexDigits > 16 || hexDigits == 16 && firstSigDigit <= '7') { // too many for Long,496,
org/apache/commons/lang3/math/NumberUtils.java,348,RelationalOperatorReplacement,if (hexDigits > 16 || hexDigits == 16 && firstSigDigit > '7') { // too many for Long,if (hexDigits <= 16 || hexDigits == 16 && firstSigDigit > '7') { // too many for Long,498,
org/apache/commons/lang3/math/NumberUtils.java,340,RelationalOperatorReplacement,for (int i = pfxLen; i < length; i++) {,for (int i = pfxLen; i >= length; i++) {,500,
org/apache/commons/lang3/math/NumberUtils.java,338,RelationalOperatorReplacement,if (pfxLen > 0) { // we have a hex number,if (pfxLen <= 0) { // we have a hex number,501,
org/apache/commons/lang3/math/NumberUtils.java,208,RelationalOperatorReplacement,"} else if (str.startsWith(""0"", pos) && str.length() > pos + 1) { // octal; so long as there are additional digits","} else if (str.startsWith(""0"", pos) && str.length() <= pos + 1) { // octal; so long as there are additional digits",509,
org/apache/commons/lang3/math/NumberUtils.java,150,RelationalOperatorReplacement,return x < y ? -1 : 1;,return x >= y ? -1 : 1;,514,
org/apache/commons/lang3/math/NumberUtils.java,133,RelationalOperatorReplacement,return x < y ? -1 : 1;,return x >= y ? -1 : 1;,516,
org/apache/commons/lang3/math/NumberUtils.java,116,RelationalOperatorReplacement,return x < y ? -1 : 1;,return x >= y ? -1 : 1;,518,
org/apache/commons/lang3/mutable/MutableBoolean.java,181,NullifyInputVariable,public void setValue(final Boolean value) {,public void setValue(final Boolean value) { value = null;,5,
org/apache/commons/lang3/mutable/MutableBoolean.java,100,NullifyInputVariable,public boolean equals(final Object obj) {,public boolean equals(final Object obj) { obj = null;,6,
org/apache/commons/lang3/mutable/MutableBoolean.java,87,NullifyInputVariable,public int compareTo(final MutableBoolean other) {,public int compareTo(final MutableBoolean other) { other = null;,7,
org/apache/commons/lang3/mutable/MutableByte.java,358,NullifyInputVariable,public void subtract(final Number operand) {,public void subtract(final Number operand) { operand = null;,12,
org/apache/commons/lang3/mutable/MutableByte.java,337,NullifyInputVariable,public void setValue(final Number value) {,public void setValue(final Number value) { value = null;,13,
org/apache/commons/lang3/mutable/MutableByte.java,228,NullifyInputVariable,public byte getAndAdd(final Number operand) {,public byte getAndAdd(final Number operand) { operand = null;,14,
org/apache/commons/lang3/mutable/MutableByte.java,188,NullifyInputVariable,public boolean equals(final Object obj) {,public boolean equals(final Object obj) { obj = null;,15,
org/apache/commons/lang3/mutable/MutableByte.java,144,NullifyInputVariable,public int compareTo(final MutableByte other) {,public int compareTo(final MutableByte other) { other = null;,16,
org/apache/commons/lang3/mutable/MutableByte.java,121,NullifyInputVariable,public byte addAndGet(final Number operand) {,public byte addAndGet(final Number operand) { operand = null;,17,
org/apache/commons/lang3/mutable/MutableByte.java,95,NullifyInputVariable,public void add(final Number operand) {,public void add(final Number operand) { operand = null;,18,
org/apache/commons/lang3/mutable/MutableDouble.java,384,NullifyInputVariable,public void subtract(final Number operand) {,public void subtract(final Number operand) { operand = null;,14,
org/apache/commons/lang3/mutable/MutableDouble.java,363,NullifyInputVariable,public void setValue(final Number value) {,public void setValue(final Number value) { value = null;,15,
org/apache/commons/lang3/mutable/MutableDouble.java,234,NullifyInputVariable,public double getAndAdd(final Number operand) {,public double getAndAdd(final Number operand) { operand = null;,16,
org/apache/commons/lang3/mutable/MutableDouble.java,196,NullifyInputVariable,public boolean equals(final Object obj) {,public boolean equals(final Object obj) { obj = null;,17,
org/apache/commons/lang3/mutable/MutableDouble.java,131,NullifyInputVariable,public int compareTo(final MutableDouble other) {,public int compareTo(final MutableDouble other) { other = null;,18,
org/apache/commons/lang3/mutable/MutableDouble.java,119,NullifyInputVariable,public double addAndGet(final Number operand) {,public double addAndGet(final Number operand) { operand = null;,19,
org/apache/commons/lang3/mutable/MutableDouble.java,93,NullifyInputVariable,public void add(final Number operand) {,public void add(final Number operand) { operand = null;,20,
org/apache/commons/lang3/mutable/MutableFloat.java,385,NullifyInputVariable,public void subtract(final Number operand) {,public void subtract(final Number operand) { operand = null;,13,
org/apache/commons/lang3/mutable/MutableFloat.java,364,NullifyInputVariable,public void setValue(final Number value) {,public void setValue(final Number value) { value = null;,14,
org/apache/commons/lang3/mutable/MutableFloat.java,236,NullifyInputVariable,public float getAndAdd(final Number operand) {,public float getAndAdd(final Number operand) { operand = null;,15,
org/apache/commons/lang3/mutable/MutableFloat.java,198,NullifyInputVariable,public boolean equals(final Object obj) {,public boolean equals(final Object obj) { obj = null;,16,
org/apache/commons/lang3/mutable/MutableFloat.java,131,NullifyInputVariable,public int compareTo(final MutableFloat other) {,public int compareTo(final MutableFloat other) { other = null;,17,
org/apache/commons/lang3/mutable/MutableFloat.java,119,NullifyInputVariable,public float addAndGet(final Number operand) {,public float addAndGet(final Number operand) { operand = null;,18,
org/apache/commons/lang3/mutable/MutableFloat.java,93,NullifyInputVariable,public void add(final Number operand) {,public void add(final Number operand) { operand = null;,19,
org/apache/commons/lang3/mutable/MutableInt.java,348,NullifyInputVariable,public void subtract(final Number operand) {,public void subtract(final Number operand) { operand = null;,12,
org/apache/commons/lang3/mutable/MutableInt.java,327,NullifyInputVariable,public void setValue(final Number value) {,public void setValue(final Number value) { value = null;,13,
org/apache/commons/lang3/mutable/MutableInt.java,217,NullifyInputVariable,public int getAndAdd(final Number operand) {,public int getAndAdd(final Number operand) { operand = null;,14,
org/apache/commons/lang3/mutable/MutableInt.java,177,NullifyInputVariable,public boolean equals(final Object obj) {,public boolean equals(final Object obj) { obj = null;,15,
org/apache/commons/lang3/mutable/MutableInt.java,133,NullifyInputVariable,public int compareTo(final MutableInt other) {,public int compareTo(final MutableInt other) { other = null;,16,
org/apache/commons/lang3/mutable/MutableInt.java,121,NullifyInputVariable,public int addAndGet(final Number operand) {,public int addAndGet(final Number operand) { operand = null;,17,
org/apache/commons/lang3/mutable/MutableInt.java,95,NullifyInputVariable,public void add(final Number operand) {,public void add(final Number operand) { operand = null;,18,
org/apache/commons/lang3/mutable/MutableLong.java,348,NullifyInputVariable,public void subtract(final Number operand) {,public void subtract(final Number operand) { operand = null;,13,
org/apache/commons/lang3/mutable/MutableLong.java,327,NullifyInputVariable,public void setValue(final Number value) {,public void setValue(final Number value) { value = null;,14,
org/apache/commons/lang3/mutable/MutableLong.java,217,NullifyInputVariable,public long getAndAdd(final Number operand) {,public long getAndAdd(final Number operand) { operand = null;,15,
org/apache/commons/lang3/mutable/MutableLong.java,177,NullifyInputVariable,public boolean equals(final Object obj) {,public boolean equals(final Object obj) { obj = null;,16,
org/apache/commons/lang3/mutable/MutableLong.java,133,NullifyInputVariable,public int compareTo(final MutableLong other) {,public int compareTo(final MutableLong other) { other = null;,17,
org/apache/commons/lang3/mutable/MutableLong.java,121,NullifyInputVariable,public long addAndGet(final Number operand) {,public long addAndGet(final Number operand) { operand = null;,18,
org/apache/commons/lang3/mutable/MutableLong.java,95,NullifyInputVariable,public void add(final Number operand) {,public void add(final Number operand) { operand = null;,19,
org/apache/commons/lang3/mutable/MutableObject.java,107,NullifyInputVariable,public void setValue(final T value) {,public void setValue(final T value) { value = null;,4,
org/apache/commons/lang3/mutable/MutableObject.java,67,NullifyInputVariable,public boolean equals(final Object obj) {,public boolean equals(final Object obj) { obj = null;,5,
org/apache/commons/lang3/mutable/MutableShort.java,348,NullifyInputVariable,public void subtract(final Number operand) {,public void subtract(final Number operand) { operand = null;,12,
org/apache/commons/lang3/mutable/MutableShort.java,317,NullifyInputVariable,public void setValue(final Number value) {,public void setValue(final Number value) { value = null;,13,
org/apache/commons/lang3/mutable/MutableShort.java,203,NullifyInputVariable,public short getAndAdd(final Number operand) {,public short getAndAdd(final Number operand) { operand = null;,14,
org/apache/commons/lang3/mutable/MutableShort.java,177,NullifyInputVariable,public boolean equals(final Object obj) {,public boolean equals(final Object obj) { obj = null;,15,
org/apache/commons/lang3/mutable/MutableShort.java,133,NullifyInputVariable,public int compareTo(final MutableShort other) {,public int compareTo(final MutableShort other) { other = null;,16,
org/apache/commons/lang3/mutable/MutableShort.java,108,NullifyInputVariable,public short addAndGet(final Number operand) {,public short addAndGet(final Number operand) { operand = null;,17,
org/apache/commons/lang3/mutable/MutableShort.java,85,NullifyInputVariable,public void add(final Number operand) {,public void add(final Number operand) { operand = null;,18,
org/apache/commons/lang3/reflect/ConstructorUtils.java,272,NullifyInputVariable,private static boolean isAccessible(final Class<?> type) {,private static boolean isAccessible(final Class<?> type) { type = null;,18,
org/apache/commons/lang3/reflect/ConstructorUtils.java,255,NullifyInputVariable,"InvocationTargetException, InstantiationException {","InvocationTargetException, InstantiationException { cls = null;",21,
org/apache/commons/lang3/reflect/ConstructorUtils.java,228,NullifyInputVariable,InstantiationException {,InstantiationException { cls = null;,23,
org/apache/commons/lang3/reflect/ConstructorUtils.java,192,NullifyInputVariable,InstantiationException {,InstantiationException { cls = null;,26,
org/apache/commons/lang3/reflect/ConstructorUtils.java,165,NullifyInputVariable,InstantiationException {,InstantiationException { cls = null;,28,
org/apache/commons/lang3/reflect/ConstructorUtils.java,108,NullifyInputVariable,final Class<?>... parameterTypes) {,final Class<?>... parameterTypes) { parameterTypes = null;,29,
org/apache/commons/lang3/reflect/ConstructorUtils.java,108,NullifyInputVariable,final Class<?>... parameterTypes) {,final Class<?>... parameterTypes) { cls = null;,30,
org/apache/commons/lang3/reflect/ConstructorUtils.java,83,NullifyInputVariable,public static <T> Constructor<T> getAccessibleConstructor(final Constructor<T> ctor) {,public static <T> Constructor<T> getAccessibleConstructor(final Constructor<T> ctor) { ctor = null;,31,
org/apache/commons/lang3/reflect/ConstructorUtils.java,63,NullifyInputVariable,final Class<?>... parameterTypes) {,final Class<?>... parameterTypes) { parameterTypes = null;,32,
org/apache/commons/lang3/reflect/ConstructorUtils.java,63,NullifyInputVariable,final Class<?>... parameterTypes) {,final Class<?>... parameterTypes) { cls = null;,33,
org/apache/commons/lang3/reflect/ConstructorUtils.java,132,RelationalOperatorReplacement,"if (result == null || MemberUtils.compareConstructorFit(ctor, result, parameterTypes) < 0) {","if (result == null || MemberUtils.compareConstructorFit(ctor, result, parameterTypes) >= 0) {",48,
org/apache/commons/lang3/reflect/FieldUtils.java,248,NullifyInputVariable,"public static Field[] getFieldsWithAnnotation(final Class<?> cls, final Class<? extends Annotation> annotationCls) {","public static Field[] getFieldsWithAnnotation(final Class<?> cls, final Class<? extends Annotation> annotationCls) { annotationCls = null;",100,
org/apache/commons/lang3/reflect/FieldUtils.java,248,NullifyInputVariable,"public static Field[] getFieldsWithAnnotation(final Class<?> cls, final Class<? extends Annotation> annotationCls) {","public static Field[] getFieldsWithAnnotation(final Class<?> cls, final Class<? extends Annotation> annotationCls) { cls = null;",101,
org/apache/commons/lang3/reflect/FieldUtils.java,232,NullifyInputVariable,"public static List<Field> getFieldsListWithAnnotation(final Class<?> cls, final Class<? extends Annotation> annotationCls) {","public static List<Field> getFieldsListWithAnnotation(final Class<?> cls, final Class<? extends Annotation> annotationCls) { annotationCls = null;",102,
org/apache/commons/lang3/reflect/FieldUtils.java,232,NullifyInputVariable,"public static List<Field> getFieldsListWithAnnotation(final Class<?> cls, final Class<? extends Annotation> annotationCls) {","public static List<Field> getFieldsListWithAnnotation(final Class<?> cls, final Class<? extends Annotation> annotationCls) { cls = null;",103,
org/apache/commons/lang3/reflect/FieldUtils.java,170,NullifyInputVariable,"public static Field getField(final Class<?> cls, final String fieldName, final boolean forceAccess) {","public static Field getField(final Class<?> cls, final String fieldName, final boolean forceAccess) { fieldName = null;",104,
org/apache/commons/lang3/reflect/FieldUtils.java,170,NullifyInputVariable,"public static Field getField(final Class<?> cls, final String fieldName, final boolean forceAccess) {","public static Field getField(final Class<?> cls, final String fieldName, final boolean forceAccess) { cls = null;",105,
org/apache/commons/lang3/reflect/FieldUtils.java,149,NullifyInputVariable,"public static Field getField(final Class<?> cls, final String fieldName) {","public static Field getField(final Class<?> cls, final String fieldName) { fieldName = null;",106,
org/apache/commons/lang3/reflect/FieldUtils.java,149,NullifyInputVariable,"public static Field getField(final Class<?> cls, final String fieldName) {","public static Field getField(final Class<?> cls, final String fieldName) { cls = null;",107,
org/apache/commons/lang3/reflect/FieldUtils.java,117,NullifyInputVariable,"public static Field getDeclaredField(final Class<?> cls, final String fieldName, final boolean forceAccess) {","public static Field getDeclaredField(final Class<?> cls, final String fieldName, final boolean forceAccess) { fieldName = null;",108,
org/apache/commons/lang3/reflect/FieldUtils.java,117,NullifyInputVariable,"public static Field getDeclaredField(final Class<?> cls, final String fieldName, final boolean forceAccess) {","public static Field getDeclaredField(final Class<?> cls, final String fieldName, final boolean forceAccess) { cls = null;",109,
org/apache/commons/lang3/reflect/FieldUtils.java,95,NullifyInputVariable,"public static Field getDeclaredField(final Class<?> cls, final String fieldName) {","public static Field getDeclaredField(final Class<?> cls, final String fieldName) { fieldName = null;",110,
org/apache/commons/lang3/reflect/FieldUtils.java,95,NullifyInputVariable,"public static Field getDeclaredField(final Class<?> cls, final String fieldName) {","public static Field getDeclaredField(final Class<?> cls, final String fieldName) { cls = null;",111,
org/apache/commons/lang3/reflect/FieldUtils.java,70,NullifyInputVariable,public static List<Field> getAllFieldsList(final Class<?> cls) {,public static List<Field> getAllFieldsList(final Class<?> cls) { cls = null;,112,
org/apache/commons/lang3/reflect/FieldUtils.java,56,NullifyInputVariable,public static Field[] getAllFields(final Class<?> cls) {,public static Field[] getAllFields(final Class<?> cls) { cls = null;,113,
org/apache/commons/lang3/reflect/FieldUtils.java,864,NullifyInputVariable,"public static void writeStaticField(final Field field, final Object value, final boolean forceAccess) throws IllegalAccessException {","public static void writeStaticField(final Field field, final Object value, final boolean forceAccess) throws IllegalAccessException { value = null;",42,
org/apache/commons/lang3/reflect/FieldUtils.java,864,NullifyInputVariable,"public static void writeStaticField(final Field field, final Object value, final boolean forceAccess) throws IllegalAccessException {","public static void writeStaticField(final Field field, final Object value, final boolean forceAccess) throws IllegalAccessException { field = null;",43,
org/apache/commons/lang3/reflect/FieldUtils.java,842,NullifyInputVariable,"public static void writeStaticField(final Field field, final Object value) throws IllegalAccessException {","public static void writeStaticField(final Field field, final Object value) throws IllegalAccessException { value = null;",44,
org/apache/commons/lang3/reflect/FieldUtils.java,842,NullifyInputVariable,"public static void writeStaticField(final Field field, final Object value) throws IllegalAccessException {","public static void writeStaticField(final Field field, final Object value) throws IllegalAccessException { field = null;",45,
org/apache/commons/lang3/reflect/FieldUtils.java,821,NullifyInputVariable,throws IllegalAccessException {,throws IllegalAccessException { value = null;,46,
org/apache/commons/lang3/reflect/FieldUtils.java,821,NullifyInputVariable,throws IllegalAccessException {,throws IllegalAccessException { fieldName = null;,47,
org/apache/commons/lang3/reflect/FieldUtils.java,821,NullifyInputVariable,throws IllegalAccessException {,throws IllegalAccessException { cls = null;,48,
org/apache/commons/lang3/reflect/FieldUtils.java,796,NullifyInputVariable,"public static void writeStaticField(final Class<?> cls, final String fieldName, final Object value) throws IllegalAccessException {","public static void writeStaticField(final Class<?> cls, final String fieldName, final Object value) throws IllegalAccessException { value = null;",49,
org/apache/commons/lang3/reflect/FieldUtils.java,796,NullifyInputVariable,"public static void writeStaticField(final Class<?> cls, final String fieldName, final Object value) throws IllegalAccessException {","public static void writeStaticField(final Class<?> cls, final String fieldName, final Object value) throws IllegalAccessException { fieldName = null;",50,
org/apache/commons/lang3/reflect/FieldUtils.java,796,NullifyInputVariable,"public static void writeStaticField(final Class<?> cls, final String fieldName, final Object value) throws IllegalAccessException {","public static void writeStaticField(final Class<?> cls, final String fieldName, final Object value) throws IllegalAccessException { cls = null;",51,
org/apache/commons/lang3/reflect/FieldUtils.java,770,NullifyInputVariable,throws IllegalAccessException {,throws IllegalAccessException { value = null;,52,
org/apache/commons/lang3/reflect/FieldUtils.java,770,NullifyInputVariable,throws IllegalAccessException {,throws IllegalAccessException { fieldName = null;,53,
org/apache/commons/lang3/reflect/FieldUtils.java,770,NullifyInputVariable,throws IllegalAccessException {,throws IllegalAccessException { target = null;,54,
org/apache/commons/lang3/reflect/FieldUtils.java,744,NullifyInputVariable,"public static void writeField(final Object target, final String fieldName, final Object value) throws IllegalAccessException {","public static void writeField(final Object target, final String fieldName, final Object value) throws IllegalAccessException { value = null;",55,
org/apache/commons/lang3/reflect/FieldUtils.java,744,NullifyInputVariable,"public static void writeField(final Object target, final String fieldName, final Object value) throws IllegalAccessException {","public static void writeField(final Object target, final String fieldName, final Object value) throws IllegalAccessException { fieldName = null;",56,
org/apache/commons/lang3/reflect/FieldUtils.java,744,NullifyInputVariable,"public static void writeField(final Object target, final String fieldName, final Object value) throws IllegalAccessException {","public static void writeField(final Object target, final String fieldName, final Object value) throws IllegalAccessException { target = null;",57,
org/apache/commons/lang3/reflect/FieldUtils.java,717,NullifyInputVariable,throws IllegalAccessException {,throws IllegalAccessException { value = null;,58,
org/apache/commons/lang3/reflect/FieldUtils.java,717,NullifyInputVariable,throws IllegalAccessException {,throws IllegalAccessException { target = null;,59,
org/apache/commons/lang3/reflect/FieldUtils.java,717,NullifyInputVariable,throws IllegalAccessException {,throws IllegalAccessException { field = null;,60,
org/apache/commons/lang3/reflect/FieldUtils.java,692,NullifyInputVariable,"public static void writeField(final Field field, final Object target, final Object value) throws IllegalAccessException {","public static void writeField(final Field field, final Object target, final Object value) throws IllegalAccessException { value = null;",61,
org/apache/commons/lang3/reflect/FieldUtils.java,692,NullifyInputVariable,"public static void writeField(final Field field, final Object target, final Object value) throws IllegalAccessException {","public static void writeField(final Field field, final Object target, final Object value) throws IllegalAccessException { target = null;",62,
org/apache/commons/lang3/reflect/FieldUtils.java,692,NullifyInputVariable,"public static void writeField(final Field field, final Object target, final Object value) throws IllegalAccessException {","public static void writeField(final Field field, final Object target, final Object value) throws IllegalAccessException { field = null;",63,
org/apache/commons/lang3/reflect/FieldUtils.java,669,NullifyInputVariable,throws IllegalAccessException {,throws IllegalAccessException { value = null;,64,
org/apache/commons/lang3/reflect/FieldUtils.java,669,NullifyInputVariable,throws IllegalAccessException {,throws IllegalAccessException { fieldName = null;,65,
org/apache/commons/lang3/reflect/FieldUtils.java,669,NullifyInputVariable,throws IllegalAccessException {,throws IllegalAccessException { cls = null;,66,
org/apache/commons/lang3/reflect/FieldUtils.java,645,NullifyInputVariable,"public static void writeDeclaredStaticField(final Class<?> cls, final String fieldName, final Object value) throws IllegalAccessException {","public static void writeDeclaredStaticField(final Class<?> cls, final String fieldName, final Object value) throws IllegalAccessException { value = null;",67,
org/apache/commons/lang3/reflect/FieldUtils.java,645,NullifyInputVariable,"public static void writeDeclaredStaticField(final Class<?> cls, final String fieldName, final Object value) throws IllegalAccessException {","public static void writeDeclaredStaticField(final Class<?> cls, final String fieldName, final Object value) throws IllegalAccessException { fieldName = null;",68,
org/apache/commons/lang3/reflect/FieldUtils.java,645,NullifyInputVariable,"public static void writeDeclaredStaticField(final Class<?> cls, final String fieldName, final Object value) throws IllegalAccessException {","public static void writeDeclaredStaticField(final Class<?> cls, final String fieldName, final Object value) throws IllegalAccessException { cls = null;",69,
org/apache/commons/lang3/reflect/FieldUtils.java,620,NullifyInputVariable,throws IllegalAccessException {,throws IllegalAccessException { value = null;,70,
org/apache/commons/lang3/reflect/FieldUtils.java,620,NullifyInputVariable,throws IllegalAccessException {,throws IllegalAccessException { fieldName = null;,71,
org/apache/commons/lang3/reflect/FieldUtils.java,620,NullifyInputVariable,throws IllegalAccessException {,throws IllegalAccessException { target = null;,72,
org/apache/commons/lang3/reflect/FieldUtils.java,596,NullifyInputVariable,"public static void writeDeclaredField(final Object target, final String fieldName, final Object value) throws IllegalAccessException {","public static void writeDeclaredField(final Object target, final String fieldName, final Object value) throws IllegalAccessException { value = null;",73,
org/apache/commons/lang3/reflect/FieldUtils.java,596,NullifyInputVariable,"public static void writeDeclaredField(final Object target, final String fieldName, final Object value) throws IllegalAccessException {","public static void writeDeclaredField(final Object target, final String fieldName, final Object value) throws IllegalAccessException { fieldName = null;",74,
org/apache/commons/lang3/reflect/FieldUtils.java,596,NullifyInputVariable,"public static void writeDeclaredField(final Object target, final String fieldName, final Object value) throws IllegalAccessException {","public static void writeDeclaredField(final Object target, final String fieldName, final Object value) throws IllegalAccessException { target = null;",75,
org/apache/commons/lang3/reflect/FieldUtils.java,549,NullifyInputVariable,"public static void removeFinalModifier(final Field field, final boolean forceAccess) {","public static void removeFinalModifier(final Field field, final boolean forceAccess) { field = null;",76,
org/apache/commons/lang3/reflect/FieldUtils.java,528,NullifyInputVariable,public static void removeFinalModifier(final Field field) {,public static void removeFinalModifier(final Field field) { field = null;,77,
org/apache/commons/lang3/reflect/FieldUtils.java,513,NullifyInputVariable,"public static Object readStaticField(final Field field, final boolean forceAccess) throws IllegalAccessException {","public static Object readStaticField(final Field field, final boolean forceAccess) throws IllegalAccessException { field = null;",78,
org/apache/commons/lang3/reflect/FieldUtils.java,493,NullifyInputVariable,public static Object readStaticField(final Field field) throws IllegalAccessException {,public static Object readStaticField(final Field field) throws IllegalAccessException { field = null;,79,
org/apache/commons/lang3/reflect/FieldUtils.java,473,NullifyInputVariable,"public static Object readStaticField(final Class<?> cls, final String fieldName, final boolean forceAccess) throws IllegalAccessException {","public static Object readStaticField(final Class<?> cls, final String fieldName, final boolean forceAccess) throws IllegalAccessException { fieldName = null;",80,
org/apache/commons/lang3/reflect/FieldUtils.java,473,NullifyInputVariable,"public static Object readStaticField(final Class<?> cls, final String fieldName, final boolean forceAccess) throws IllegalAccessException {","public static Object readStaticField(final Class<?> cls, final String fieldName, final boolean forceAccess) throws IllegalAccessException { cls = null;",81,
org/apache/commons/lang3/reflect/FieldUtils.java,450,NullifyInputVariable,"public static Object readStaticField(final Class<?> cls, final String fieldName) throws IllegalAccessException {","public static Object readStaticField(final Class<?> cls, final String fieldName) throws IllegalAccessException { fieldName = null;",82,
org/apache/commons/lang3/reflect/FieldUtils.java,450,NullifyInputVariable,"public static Object readStaticField(final Class<?> cls, final String fieldName) throws IllegalAccessException {","public static Object readStaticField(final Class<?> cls, final String fieldName) throws IllegalAccessException { cls = null;",83,
org/apache/commons/lang3/reflect/FieldUtils.java,426,NullifyInputVariable,"public static Object readField(final Object target, final String fieldName, final boolean forceAccess) throws IllegalAccessException {","public static Object readField(final Object target, final String fieldName, final boolean forceAccess) throws IllegalAccessException { fieldName = null;",84,
org/apache/commons/lang3/reflect/FieldUtils.java,426,NullifyInputVariable,"public static Object readField(final Object target, final String fieldName, final boolean forceAccess) throws IllegalAccessException {","public static Object readField(final Object target, final String fieldName, final boolean forceAccess) throws IllegalAccessException { target = null;",85,
org/apache/commons/lang3/reflect/FieldUtils.java,403,NullifyInputVariable,"public static Object readField(final Object target, final String fieldName) throws IllegalAccessException {","public static Object readField(final Object target, final String fieldName) throws IllegalAccessException { fieldName = null;",86,
org/apache/commons/lang3/reflect/FieldUtils.java,403,NullifyInputVariable,"public static Object readField(final Object target, final String fieldName) throws IllegalAccessException {","public static Object readField(final Object target, final String fieldName) throws IllegalAccessException { target = null;",87,
org/apache/commons/lang3/reflect/FieldUtils.java,378,NullifyInputVariable,"public static Object readField(final Field field, final Object target, final boolean forceAccess) throws IllegalAccessException {","public static Object readField(final Field field, final Object target, final boolean forceAccess) throws IllegalAccessException { target = null;",88,
org/apache/commons/lang3/reflect/FieldUtils.java,378,NullifyInputVariable,"public static Object readField(final Field field, final Object target, final boolean forceAccess) throws IllegalAccessException {","public static Object readField(final Field field, final Object target, final boolean forceAccess) throws IllegalAccessException { field = null;",89,
org/apache/commons/lang3/reflect/FieldUtils.java,358,NullifyInputVariable,"public static Object readField(final Field field, final Object target) throws IllegalAccessException {","public static Object readField(final Field field, final Object target) throws IllegalAccessException { target = null;",90,
org/apache/commons/lang3/reflect/FieldUtils.java,358,NullifyInputVariable,"public static Object readField(final Field field, final Object target) throws IllegalAccessException {","public static Object readField(final Field field, final Object target) throws IllegalAccessException { field = null;",91,
org/apache/commons/lang3/reflect/FieldUtils.java,338,NullifyInputVariable,"public static Object readDeclaredStaticField(final Class<?> cls, final String fieldName, final boolean forceAccess) throws IllegalAccessException {","public static Object readDeclaredStaticField(final Class<?> cls, final String fieldName, final boolean forceAccess) throws IllegalAccessException { fieldName = null;",92,
org/apache/commons/lang3/reflect/FieldUtils.java,338,NullifyInputVariable,"public static Object readDeclaredStaticField(final Class<?> cls, final String fieldName, final boolean forceAccess) throws IllegalAccessException {","public static Object readDeclaredStaticField(final Class<?> cls, final String fieldName, final boolean forceAccess) throws IllegalAccessException { cls = null;",93,
org/apache/commons/lang3/reflect/FieldUtils.java,315,NullifyInputVariable,"public static Object readDeclaredStaticField(final Class<?> cls, final String fieldName) throws IllegalAccessException {","public static Object readDeclaredStaticField(final Class<?> cls, final String fieldName) throws IllegalAccessException { fieldName = null;",94,
org/apache/commons/lang3/reflect/FieldUtils.java,315,NullifyInputVariable,"public static Object readDeclaredStaticField(final Class<?> cls, final String fieldName) throws IllegalAccessException {","public static Object readDeclaredStaticField(final Class<?> cls, final String fieldName) throws IllegalAccessException { cls = null;",95,
org/apache/commons/lang3/reflect/FieldUtils.java,290,NullifyInputVariable,"public static Object readDeclaredField(final Object target, final String fieldName, final boolean forceAccess) throws IllegalAccessException {","public static Object readDeclaredField(final Object target, final String fieldName, final boolean forceAccess) throws IllegalAccessException { fieldName = null;",96,
org/apache/commons/lang3/reflect/FieldUtils.java,290,NullifyInputVariable,"public static Object readDeclaredField(final Object target, final String fieldName, final boolean forceAccess) throws IllegalAccessException {","public static Object readDeclaredField(final Object target, final String fieldName, final boolean forceAccess) throws IllegalAccessException { target = null;",97,
org/apache/commons/lang3/reflect/FieldUtils.java,267,NullifyInputVariable,"public static Object readDeclaredField(final Object target, final String fieldName) throws IllegalAccessException {","public static Object readDeclaredField(final Object target, final String fieldName) throws IllegalAccessException { fieldName = null;",98,
org/apache/commons/lang3/reflect/FieldUtils.java,267,NullifyInputVariable,"public static Object readDeclaredField(final Object target, final String fieldName) throws IllegalAccessException {","public static Object readDeclaredField(final Object target, final String fieldName) throws IllegalAccessException { target = null;",99,
org/apache/commons/lang3/reflect/InheritanceUtils.java,53,RelationalOperatorReplacement,return d > 0 ? d + 1 : -1;,return d <= 0 ? d + 1 : -1;,12,
org/apache/commons/lang3/reflect/InheritanceUtils.java,37,NullifyInputVariable,"public static int distance(final Class<?> child, final Class<?> parent) {","public static int distance(final Class<?> child, final Class<?> parent) { parent = null;",6,
org/apache/commons/lang3/reflect/InheritanceUtils.java,37,NullifyInputVariable,"public static int distance(final Class<?> child, final Class<?> parent) {","public static int distance(final Class<?> child, final Class<?> parent) { child = null;",7,
org/apache/commons/lang3/reflect/MemberUtils.java,267,RelationalOperatorReplacement,for (; i < parameterTypes.length; i++) {,for (; i >= parameterTypes.length; i++) {,127,
org/apache/commons/lang3/reflect/MemberUtils.java,261,RelationalOperatorReplacement,for (i = 0; i < methodParameterTypes.length - 1 && i < parameterTypes.length; i++) {,for (i = 0; i < methodParameterTypes.length - 1 && i >= parameterTypes.length; i++) {,128,
org/apache/commons/lang3/reflect/MemberUtils.java,261,RelationalOperatorReplacement,for (i = 0; i < methodParameterTypes.length - 1 && i < parameterTypes.length; i++) {,for (i = 0; i >= methodParameterTypes.length - 1 && i < parameterTypes.length; i++) {,129,
org/apache/commons/lang3/reflect/MemberUtils.java,231,RelationalOperatorReplacement,for (int i = destArgs.length - 1; i < srcArgs.length; i++) {,for (int i = destArgs.length - 1; i >= srcArgs.length; i++) {,130,
org/apache/commons/lang3/reflect/MemberUtils.java,217,RelationalOperatorReplacement,final boolean noVarArgsPassed = srcArgs.length < destArgs.length;,final boolean noVarArgsPassed = srcArgs.length >= destArgs.length;,133,
org/apache/commons/lang3/reflect/MemberUtils.java,211,RelationalOperatorReplacement,for (int i = 0; i < normalArgsLen; i++) {,for (int i = 0; i >= normalArgsLen; i++) {,134,
org/apache/commons/lang3/reflect/MemberUtils.java,208,RelationalOperatorReplacement,if (srcArgs.length < normalArgsLen) {,if (srcArgs.length >= normalArgsLen) {,135,
org/apache/commons/lang3/reflect/MemberUtils.java,186,RelationalOperatorReplacement,if (i < ORDERED_PRIMITIVE_TYPES.length - 1) {,if (i >= ORDERED_PRIMITIVE_TYPES.length - 1) {,136,
org/apache/commons/lang3/reflect/MemberUtils.java,183,RelationalOperatorReplacement,for (int i = 0; cls != destClass && i < ORDERED_PRIMITIVE_TYPES.length; i++) {,for (int i = 0; cls != destClass && i >= ORDERED_PRIMITIVE_TYPES.length; i++) {,138,
org/apache/commons/lang3/reflect/MemberUtils.java,326,NullifyInputVariable,static <T extends AccessibleObject> T setAccessibleWorkaround(final T obj) {,static <T extends AccessibleObject> T setAccessibleWorkaround(final T obj) { obj = null;,53,
org/apache/commons/lang3/reflect/MemberUtils.java,307,NullifyInputVariable,static boolean isStatic(final Member member) {,static boolean isStatic(final Member member) { member = null;,54,
org/apache/commons/lang3/reflect/MemberUtils.java,297,NullifyInputVariable,static boolean isPublic(final Member member) {,static boolean isPublic(final Member member) { member = null;,55,
org/apache/commons/lang3/reflect/MemberUtils.java,277,NullifyInputVariable,"static boolean isMatchingMethod(final Method method, final Class<?>[] parameterTypes) {","static boolean isMatchingMethod(final Method method, final Class<?>[] parameterTypes) { parameterTypes = null;",56,
org/apache/commons/lang3/reflect/MemberUtils.java,277,NullifyInputVariable,"static boolean isMatchingMethod(final Method method, final Class<?>[] parameterTypes) {","static boolean isMatchingMethod(final Method method, final Class<?>[] parameterTypes) { method = null;",57,
org/apache/commons/lang3/reflect/MemberUtils.java,254,NullifyInputVariable,"private static boolean isMatchingExecutable(final Executable method, final Class<?>[] parameterTypes) {","private static boolean isMatchingExecutable(final Executable method, final Class<?>[] parameterTypes) { parameterTypes = null;",58,
org/apache/commons/lang3/reflect/MemberUtils.java,254,NullifyInputVariable,"private static boolean isMatchingExecutable(final Executable method, final Class<?>[] parameterTypes) {","private static boolean isMatchingExecutable(final Executable method, final Class<?>[] parameterTypes) { method = null;",59,
org/apache/commons/lang3/reflect/MemberUtils.java,250,NullifyInputVariable,"static boolean isMatchingConstructor(final Constructor<?> method, final Class<?>[] parameterTypes) {","static boolean isMatchingConstructor(final Constructor<?> method, final Class<?>[] parameterTypes) { parameterTypes = null;",60,
org/apache/commons/lang3/reflect/MemberUtils.java,250,NullifyInputVariable,"static boolean isMatchingConstructor(final Constructor<?> method, final Class<?>[] parameterTypes) {","static boolean isMatchingConstructor(final Constructor<?> method, final Class<?>[] parameterTypes) { method = null;",61,
org/apache/commons/lang3/reflect/MemberUtils.java,246,NullifyInputVariable,static boolean isAccessible(final Member member) {,static boolean isAccessible(final Member member) { member = null;,62,
org/apache/commons/lang3/reflect/MemberUtils.java,201,NullifyInputVariable,"private static float getTotalTransformationCost(final Class<?>[] srcArgs, final Executable executable) {","private static float getTotalTransformationCost(final Class<?>[] srcArgs, final Executable executable) { executable = null;",63,
org/apache/commons/lang3/reflect/MemberUtils.java,201,NullifyInputVariable,"private static float getTotalTransformationCost(final Class<?>[] srcArgs, final Executable executable) {","private static float getTotalTransformationCost(final Class<?>[] srcArgs, final Executable executable) { srcArgs = null;",64,
org/apache/commons/lang3/reflect/MemberUtils.java,172,NullifyInputVariable,"private static float getPrimitivePromotionCost(final Class<?> srcClass, final Class<?> destClass) {","private static float getPrimitivePromotionCost(final Class<?> srcClass, final Class<?> destClass) { destClass = null;",65,
org/apache/commons/lang3/reflect/MemberUtils.java,172,NullifyInputVariable,"private static float getPrimitivePromotionCost(final Class<?> srcClass, final Class<?> destClass) {","private static float getPrimitivePromotionCost(final Class<?> srcClass, final Class<?> destClass) { srcClass = null;",66,
org/apache/commons/lang3/reflect/MemberUtils.java,137,NullifyInputVariable,"private static float getObjectTransformationCost(Class<?> srcClass, final Class<?> destClass) {","private static float getObjectTransformationCost(Class<?> srcClass, final Class<?> destClass) { destClass = null;",67,
org/apache/commons/lang3/reflect/MemberUtils.java,123,NullifyInputVariable,"private static int compareParameterTypes(final Executable left, final Executable right, final Class<?>[] actual) {","private static int compareParameterTypes(final Executable left, final Executable right, final Class<?>[] actual) { actual = null;",69,
org/apache/commons/lang3/reflect/MemberUtils.java,123,NullifyInputVariable,"private static int compareParameterTypes(final Executable left, final Executable right, final Class<?>[] actual) {","private static int compareParameterTypes(final Executable left, final Executable right, final Class<?>[] actual) { right = null;",70,
org/apache/commons/lang3/reflect/MemberUtils.java,123,NullifyInputVariable,"private static int compareParameterTypes(final Executable left, final Executable right, final Class<?>[] actual) {","private static int compareParameterTypes(final Executable left, final Executable right, final Class<?>[] actual) { left = null;",71,
org/apache/commons/lang3/reflect/MemberUtils.java,107,NullifyInputVariable,"static int compareMethodFit(final Method left, final Method right, final Class<?>[] actual) {","static int compareMethodFit(final Method left, final Method right, final Class<?>[] actual) { actual = null;",72,
org/apache/commons/lang3/reflect/MemberUtils.java,107,NullifyInputVariable,"static int compareMethodFit(final Method left, final Method right, final Class<?>[] actual) {","static int compareMethodFit(final Method left, final Method right, final Class<?>[] actual) { right = null;",73,
org/apache/commons/lang3/reflect/MemberUtils.java,107,NullifyInputVariable,"static int compareMethodFit(final Method left, final Method right, final Class<?>[] actual) {","static int compareMethodFit(final Method left, final Method right, final Class<?>[] actual) { left = null;",74,
org/apache/commons/lang3/reflect/MemberUtils.java,90,NullifyInputVariable,"static int compareConstructorFit(final Constructor<?> left, final Constructor<?> right, final Class<?>[] actual) {","static int compareConstructorFit(final Constructor<?> left, final Constructor<?> right, final Class<?>[] actual) { actual = null;",75,
org/apache/commons/lang3/reflect/MemberUtils.java,90,NullifyInputVariable,"static int compareConstructorFit(final Constructor<?> left, final Constructor<?> right, final Class<?>[] actual) {","static int compareConstructorFit(final Constructor<?> left, final Constructor<?> right, final Class<?>[] actual) { right = null;",76,
org/apache/commons/lang3/reflect/MemberUtils.java,90,NullifyInputVariable,"static int compareConstructorFit(final Constructor<?> left, final Constructor<?> right, final Class<?>[] actual) {","static int compareConstructorFit(final Constructor<?> left, final Constructor<?> right, final Class<?>[] actual) { left = null;",77,
org/apache/commons/lang3/reflect/MemberUtils.java,44,NullifyInputVariable,private static Executable of(final Method method) {,private static Executable of(final Method method) { method = null;,78,
org/apache/commons/lang3/reflect/MemberUtils.java,41,NullifyInputVariable,private static Executable of(final Constructor<?> constructor) {,private static Executable of(final Constructor<?> constructor) { constructor = null;,79,
org/apache/commons/lang3/reflect/MethodUtils.java,1002,NullifyInputVariable,"private static Object[] toVarArgs(final Method method, Object[] args) {","private static Object[] toVarArgs(final Method method, Object[] args) { method = null;",115,
org/apache/commons/lang3/reflect/MethodUtils.java,989,NullifyInputVariable,InvocationTargetException {,InvocationTargetException { methodName = null;,118,
org/apache/commons/lang3/reflect/MethodUtils.java,989,NullifyInputVariable,InvocationTargetException {,InvocationTargetException { cls = null;,119,
org/apache/commons/lang3/reflect/MethodUtils.java,960,NullifyInputVariable,"IllegalAccessException, InvocationTargetException {","IllegalAccessException, InvocationTargetException { methodName = null;",121,
org/apache/commons/lang3/reflect/MethodUtils.java,960,NullifyInputVariable,"IllegalAccessException, InvocationTargetException {","IllegalAccessException, InvocationTargetException { cls = null;",122,
org/apache/commons/lang3/reflect/MethodUtils.java,930,NullifyInputVariable,InvocationTargetException {,InvocationTargetException { parameterTypes = null;,123,
org/apache/commons/lang3/reflect/MethodUtils.java,930,NullifyInputVariable,InvocationTargetException {,InvocationTargetException { args = null;,124,
org/apache/commons/lang3/reflect/MethodUtils.java,930,NullifyInputVariable,InvocationTargetException {,InvocationTargetException { methodName = null;,125,
org/apache/commons/lang3/reflect/MethodUtils.java,930,NullifyInputVariable,InvocationTargetException {,InvocationTargetException { object = null;,126,
org/apache/commons/lang3/reflect/MethodUtils.java,903,NullifyInputVariable,"IllegalAccessException, InvocationTargetException {","IllegalAccessException, InvocationTargetException { methodName = null;",128,
org/apache/commons/lang3/reflect/MethodUtils.java,903,NullifyInputVariable,"IllegalAccessException, InvocationTargetException {","IllegalAccessException, InvocationTargetException { object = null;",129,
org/apache/commons/lang3/reflect/MethodUtils.java,874,NullifyInputVariable,"IllegalAccessException, InvocationTargetException {","IllegalAccessException, InvocationTargetException { methodName = null;",130,
org/apache/commons/lang3/reflect/MethodUtils.java,874,NullifyInputVariable,"IllegalAccessException, InvocationTargetException {","IllegalAccessException, InvocationTargetException { object = null;",131,
org/apache/commons/lang3/reflect/MethodUtils.java,826,NullifyInputVariable,"throws NoSuchMethodException, IllegalAccessException, InvocationTargetException {","throws NoSuchMethodException, IllegalAccessException, InvocationTargetException { methodName = null;",134,
org/apache/commons/lang3/reflect/MethodUtils.java,826,NullifyInputVariable,"throws NoSuchMethodException, IllegalAccessException, InvocationTargetException {","throws NoSuchMethodException, IllegalAccessException, InvocationTargetException { object = null;",135,
org/apache/commons/lang3/reflect/MethodUtils.java,800,NullifyInputVariable,"IllegalAccessException, InvocationTargetException {","IllegalAccessException, InvocationTargetException { methodName = null;",137,
org/apache/commons/lang3/reflect/MethodUtils.java,800,NullifyInputVariable,"IllegalAccessException, InvocationTargetException {","IllegalAccessException, InvocationTargetException { object = null;",138,
org/apache/commons/lang3/reflect/MethodUtils.java,771,NullifyInputVariable,"throws NoSuchMethodException, IllegalAccessException, InvocationTargetException {","throws NoSuchMethodException, IllegalAccessException, InvocationTargetException { methodName = null;",139,
org/apache/commons/lang3/reflect/MethodUtils.java,771,NullifyInputVariable,"throws NoSuchMethodException, IllegalAccessException, InvocationTargetException {","throws NoSuchMethodException, IllegalAccessException, InvocationTargetException { object = null;",140,
org/apache/commons/lang3/reflect/MethodUtils.java,741,NullifyInputVariable,InvocationTargetException {,InvocationTargetException { methodName = null;,143,
org/apache/commons/lang3/reflect/MethodUtils.java,741,NullifyInputVariable,InvocationTargetException {,InvocationTargetException { cls = null;,144,
org/apache/commons/lang3/reflect/MethodUtils.java,714,NullifyInputVariable,"IllegalAccessException, InvocationTargetException {","IllegalAccessException, InvocationTargetException { methodName = null;",146,
org/apache/commons/lang3/reflect/MethodUtils.java,714,NullifyInputVariable,"IllegalAccessException, InvocationTargetException {","IllegalAccessException, InvocationTargetException { cls = null;",147,
org/apache/commons/lang3/reflect/MethodUtils.java,682,NullifyInputVariable,"throws NoSuchMethodException, IllegalAccessException, InvocationTargetException {","throws NoSuchMethodException, IllegalAccessException, InvocationTargetException { methodName = null;",150,
org/apache/commons/lang3/reflect/MethodUtils.java,682,NullifyInputVariable,"throws NoSuchMethodException, IllegalAccessException, InvocationTargetException {","throws NoSuchMethodException, IllegalAccessException, InvocationTargetException { object = null;",151,
org/apache/commons/lang3/reflect/MethodUtils.java,656,NullifyInputVariable,"IllegalAccessException, InvocationTargetException {","IllegalAccessException, InvocationTargetException { methodName = null;",153,
org/apache/commons/lang3/reflect/MethodUtils.java,656,NullifyInputVariable,"IllegalAccessException, InvocationTargetException {","IllegalAccessException, InvocationTargetException { object = null;",154,
org/apache/commons/lang3/reflect/MethodUtils.java,632,NullifyInputVariable,"IllegalAccessException, InvocationTargetException {","IllegalAccessException, InvocationTargetException { methodName = null;",155,
org/apache/commons/lang3/reflect/MethodUtils.java,632,NullifyInputVariable,"IllegalAccessException, InvocationTargetException {","IllegalAccessException, InvocationTargetException { object = null;",156,
org/apache/commons/lang3/reflect/MethodUtils.java,581,NullifyInputVariable,"static Object[] getVarArgs(final Object[] args, final Class<?>[] methodParameterTypes) {","static Object[] getVarArgs(final Object[] args, final Class<?>[] methodParameterTypes) { methodParameterTypes = null;",157,
org/apache/commons/lang3/reflect/MethodUtils.java,581,NullifyInputVariable,"static Object[] getVarArgs(final Object[] args, final Class<?>[] methodParameterTypes) {","static Object[] getVarArgs(final Object[] args, final Class<?>[] methodParameterTypes) { args = null;",158,
org/apache/commons/lang3/reflect/MethodUtils.java,535,NullifyInputVariable,"public static Set<Method> getOverrideHierarchy(final Method method, final Interfaces interfacesBehavior) {","public static Set<Method> getOverrideHierarchy(final Method method, final Interfaces interfacesBehavior) { interfacesBehavior = null;",159,
org/apache/commons/lang3/reflect/MethodUtils.java,535,NullifyInputVariable,"public static Set<Method> getOverrideHierarchy(final Method method, final Interfaces interfacesBehavior) {","public static Set<Method> getOverrideHierarchy(final Method method, final Interfaces interfacesBehavior) { method = null;",160,
org/apache/commons/lang3/reflect/MethodUtils.java,522,NullifyInputVariable,"final boolean searchSupers, final boolean ignoreAccess) {","final boolean searchSupers, final boolean ignoreAccess) { annotationCls = null;",161,
org/apache/commons/lang3/reflect/MethodUtils.java,522,NullifyInputVariable,"final boolean searchSupers, final boolean ignoreAccess) {","final boolean searchSupers, final boolean ignoreAccess) { cls = null;",162,
org/apache/commons/lang3/reflect/MethodUtils.java,502,NullifyInputVariable,"public static Method[] getMethodsWithAnnotation(final Class<?> cls, final Class<? extends Annotation> annotationCls) {","public static Method[] getMethodsWithAnnotation(final Class<?> cls, final Class<? extends Annotation> annotationCls) { annotationCls = null;",163,
org/apache/commons/lang3/reflect/MethodUtils.java,502,NullifyInputVariable,"public static Method[] getMethodsWithAnnotation(final Class<?> cls, final Class<? extends Annotation> annotationCls) {","public static Method[] getMethodsWithAnnotation(final Class<?> cls, final Class<? extends Annotation> annotationCls) { cls = null;",164,
org/apache/commons/lang3/reflect/MethodUtils.java,477,NullifyInputVariable,"final boolean searchSupers, final boolean ignoreAccess) {","final boolean searchSupers, final boolean ignoreAccess) { annotationCls = null;",165,
org/apache/commons/lang3/reflect/MethodUtils.java,477,NullifyInputVariable,"final boolean searchSupers, final boolean ignoreAccess) {","final boolean searchSupers, final boolean ignoreAccess) { cls = null;",166,
org/apache/commons/lang3/reflect/MethodUtils.java,456,NullifyInputVariable,"public static List<Method> getMethodsListWithAnnotation(final Class<?> cls, final Class<? extends Annotation> annotationCls) {","public static List<Method> getMethodsListWithAnnotation(final Class<?> cls, final Class<? extends Annotation> annotationCls) { annotationCls = null;",167,
org/apache/commons/lang3/reflect/MethodUtils.java,456,NullifyInputVariable,"public static List<Method> getMethodsListWithAnnotation(final Class<?> cls, final Class<? extends Annotation> annotationCls) {","public static List<Method> getMethodsListWithAnnotation(final Class<?> cls, final Class<? extends Annotation> annotationCls) { cls = null;",168,
org/apache/commons/lang3/reflect/MethodUtils.java,437,NullifyInputVariable,"public static Method getMethodObject(final Class<?> cls, final String name, final Class<?>... parameterTypes) {","public static Method getMethodObject(final Class<?> cls, final String name, final Class<?>... parameterTypes) { parameterTypes = null;",169,
org/apache/commons/lang3/reflect/MethodUtils.java,437,NullifyInputVariable,"public static Method getMethodObject(final Class<?> cls, final String name, final Class<?>... parameterTypes) {","public static Method getMethodObject(final Class<?> cls, final String name, final Class<?>... parameterTypes) { name = null;",170,
org/apache/commons/lang3/reflect/MethodUtils.java,437,NullifyInputVariable,"public static Method getMethodObject(final Class<?> cls, final String name, final Class<?>... parameterTypes) {","public static Method getMethodObject(final Class<?> cls, final String name, final Class<?>... parameterTypes) { cls = null;",171,
org/apache/commons/lang3/reflect/MethodUtils.java,379,NullifyInputVariable,final Class<?>... parameterTypes) {,final Class<?>... parameterTypes) { parameterTypes = null;,172,
org/apache/commons/lang3/reflect/MethodUtils.java,379,NullifyInputVariable,final Class<?>... parameterTypes) {,final Class<?>... parameterTypes) { methodName = null;,173,
org/apache/commons/lang3/reflect/MethodUtils.java,379,NullifyInputVariable,final Class<?>... parameterTypes) {,final Class<?>... parameterTypes) { cls = null;,174,
org/apache/commons/lang3/reflect/MethodUtils.java,322,NullifyInputVariable,"final String methodName, final Class<?>... parameterTypes) {","final String methodName, final Class<?>... parameterTypes) { parameterTypes = null;",175,
org/apache/commons/lang3/reflect/MethodUtils.java,322,NullifyInputVariable,"final String methodName, final Class<?>... parameterTypes) {","final String methodName, final Class<?>... parameterTypes) { methodName = null;",176,
org/apache/commons/lang3/reflect/MethodUtils.java,322,NullifyInputVariable,"final String methodName, final Class<?>... parameterTypes) {","final String methodName, final Class<?>... parameterTypes) { cls = null;",177,
org/apache/commons/lang3/reflect/MethodUtils.java,271,NullifyInputVariable,"final boolean searchSupers, final boolean ignoreAccess) {","final boolean searchSupers, final boolean ignoreAccess) { annotationCls = null;",178,
org/apache/commons/lang3/reflect/MethodUtils.java,271,NullifyInputVariable,"final boolean searchSupers, final boolean ignoreAccess) {","final boolean searchSupers, final boolean ignoreAccess) { method = null;",179,
org/apache/commons/lang3/reflect/MethodUtils.java,223,NullifyInputVariable,private static List<Class<?>> getAllSuperclassesAndInterfaces(final Class<?> cls) {,private static List<Class<?>> getAllSuperclassesAndInterfaces(final Class<?> cls) { cls = null;,180,
org/apache/commons/lang3/reflect/MethodUtils.java,202,NullifyInputVariable,"final String methodName, final Class<?>... parameterTypes) {","final String methodName, final Class<?>... parameterTypes) { parameterTypes = null;",181,
org/apache/commons/lang3/reflect/MethodUtils.java,202,NullifyInputVariable,"final String methodName, final Class<?>... parameterTypes) {","final String methodName, final Class<?>... parameterTypes) { methodName = null;",182,
org/apache/commons/lang3/reflect/MethodUtils.java,202,NullifyInputVariable,"final String methodName, final Class<?>... parameterTypes) {","final String methodName, final Class<?>... parameterTypes) { cls = null;",183,
org/apache/commons/lang3/reflect/MethodUtils.java,159,NullifyInputVariable,"final String methodName, final Class<?>... parameterTypes) {","final String methodName, final Class<?>... parameterTypes) { parameterTypes = null;",184,
org/apache/commons/lang3/reflect/MethodUtils.java,159,NullifyInputVariable,"final String methodName, final Class<?>... parameterTypes) {","final String methodName, final Class<?>... parameterTypes) { methodName = null;",185,
org/apache/commons/lang3/reflect/MethodUtils.java,107,NullifyInputVariable,"public static Method getAccessibleMethod(final Class<?> cls, final String methodName, final Class<?>... parameterTypes) {","public static Method getAccessibleMethod(final Class<?> cls, final String methodName, final Class<?>... parameterTypes) { parameterTypes = null;",188,
org/apache/commons/lang3/reflect/MethodUtils.java,107,NullifyInputVariable,"public static Method getAccessibleMethod(final Class<?> cls, final String methodName, final Class<?>... parameterTypes) {","public static Method getAccessibleMethod(final Class<?> cls, final String methodName, final Class<?>... parameterTypes) { methodName = null;",189,
org/apache/commons/lang3/reflect/MethodUtils.java,107,NullifyInputVariable,"public static Method getAccessibleMethod(final Class<?> cls, final String methodName, final Class<?>... parameterTypes) {","public static Method getAccessibleMethod(final Class<?> cls, final String methodName, final Class<?>... parameterTypes) { cls = null;",190,
org/apache/commons/lang3/reflect/MethodUtils.java,74,NullifyInputVariable,"private static int distance(final Class<?>[] fromClassArray, final Class<?>[] toClassArray) {","private static int distance(final Class<?>[] fromClassArray, final Class<?>[] toClassArray) { toClassArray = null;",191,
org/apache/commons/lang3/reflect/MethodUtils.java,74,NullifyInputVariable,"private static int distance(final Class<?>[] fromClassArray, final Class<?>[] toClassArray) {","private static int distance(final Class<?>[] fromClassArray, final Class<?>[] toClassArray) { fromClassArray = null;",192,
org/apache/commons/lang3/reflect/MethodUtils.java,560,RelationalOperatorReplacement,for (int i = 0; i < parameterTypes.length; i++) {,for (int i = 0; i >= parameterTypes.length; i++) {,249,
org/apache/commons/lang3/reflect/MethodUtils.java,347,RelationalOperatorReplacement,if (bestMatch != null && bestMatch.isVarArgs() && bestMatch.getParameterTypes().length > 0 && parameterTypes.length > 0) {,if (bestMatch != null && bestMatch.isVarArgs() && bestMatch.getParameterTypes().length > 0 && parameterTypes.length <= 0) {,256,
org/apache/commons/lang3/reflect/MethodUtils.java,347,RelationalOperatorReplacement,if (bestMatch != null && bestMatch.isVarArgs() && bestMatch.getParameterTypes().length > 0 && parameterTypes.length > 0) {,if (bestMatch != null && bestMatch.isVarArgs() && bestMatch.getParameterTypes().length <= 0 && parameterTypes.length > 0) {,257,
org/apache/commons/lang3/reflect/MethodUtils.java,339,RelationalOperatorReplacement,"if (accessibleMethod != null && (bestMatch == null || MemberUtils.compareMethodFit(accessibleMethod, bestMatch, parameterTypes) < 0)) {","if (accessibleMethod != null && (bestMatch == null || MemberUtils.compareMethodFit(accessibleMethod, bestMatch, parameterTypes) >= 0)) {",260,
org/apache/commons/lang3/reflect/MethodUtils.java,238,RelationalOperatorReplacement,} else if (superClassIndex >= allSuperclasses.size() || !(superClassIndex < interfaceIndex)) {,} else if (superClassIndex >= allSuperclasses.size() || !(superClassIndex >= interfaceIndex)) {,267,
org/apache/commons/lang3/reflect/MethodUtils.java,238,RelationalOperatorReplacement,} else if (superClassIndex >= allSuperclasses.size() || !(superClassIndex < interfaceIndex)) {,} else if (superClassIndex < allSuperclasses.size() || !(superClassIndex < interfaceIndex)) {,268,
org/apache/commons/lang3/reflect/MethodUtils.java,236,RelationalOperatorReplacement,if (interfaceIndex >= allInterfaces.size()) {,if (interfaceIndex < allInterfaces.size()) {,269,
org/apache/commons/lang3/reflect/MethodUtils.java,234,RelationalOperatorReplacement,superClassIndex < allSuperclasses.size()) {,superClassIndex >= allSuperclasses.size()) {,270,
org/apache/commons/lang3/reflect/MethodUtils.java,233,RelationalOperatorReplacement,while (interfaceIndex < allInterfaces.size() ||,while (interfaceIndex >= allInterfaces.size() ||,271,
org/apache/commons/lang3/reflect/MethodUtils.java,80,RelationalOperatorReplacement,for (int offset = 0; offset < fromClassArray.length; offset++) {,for (int offset = 0; offset >= fromClassArray.length; offset++) {,278,
org/apache/commons/lang3/reflect/TypeLiteral.java,100,NullifyInputVariable,public final boolean equals(final Object obj) {,public final boolean equals(final Object obj) { obj = null;,5,
org/apache/commons/lang3/reflect/TypeUtils.java,1840,NullifyInputVariable,public static <T> Typed<T> wrap(final Type type) {,public static <T> Typed<T> wrap(final Type type) { type = null;,192,
org/apache/commons/lang3/reflect/TypeUtils.java,1828,NullifyInputVariable,public static <T> Typed<T> wrap(final Class<T> type) {,public static <T> Typed<T> wrap(final Class<T> type) { type = null;,193,
org/apache/commons/lang3/reflect/TypeUtils.java,1808,NullifyInputVariable,private static String wildcardTypeToString(final WildcardType wildcardType) {,private static String wildcardTypeToString(final WildcardType wildcardType) { wildcardType = null;,194,
org/apache/commons/lang3/reflect/TypeUtils.java,1757,NullifyInputVariable,"public static Type unrollVariables(Map<TypeVariable<?>, Type> typeArguments, final Type type) {","public static Type unrollVariables(Map<TypeVariable<?>, Type> typeArguments, final Type type) { type = null;",195,
org/apache/commons/lang3/reflect/TypeUtils.java,1737,NullifyInputVariable,"private static Type unrollVariableAssignments(TypeVariable<?> typeVariable, final Map<TypeVariable<?>, Type> typeVarAssigns) {","private static Type unrollVariableAssignments(TypeVariable<?> typeVariable, final Map<TypeVariable<?>, Type> typeVarAssigns) { typeVarAssigns = null;",197,
org/apache/commons/lang3/reflect/TypeUtils.java,1716,NullifyInputVariable,"private static Type[] unrollBounds(final Map<TypeVariable<?>, Type> typeArguments, final Type[] bounds) {","private static Type[] unrollBounds(final Map<TypeVariable<?>, Type> typeArguments, final Type[] bounds) { bounds = null;",199,
org/apache/commons/lang3/reflect/TypeUtils.java,1716,NullifyInputVariable,"private static Type[] unrollBounds(final Map<TypeVariable<?>, Type> typeArguments, final Type[] bounds) {","private static Type[] unrollBounds(final Map<TypeVariable<?>, Type> typeArguments, final Type[] bounds) { typeArguments = null;",200,
org/apache/commons/lang3/reflect/TypeUtils.java,1699,NullifyInputVariable,private static String typeVariableToString(final TypeVariable<?> typeVariable) {,private static String typeVariableToString(final TypeVariable<?> typeVariable) { typeVariable = null;,201,
org/apache/commons/lang3/reflect/TypeUtils.java,1676,NullifyInputVariable,"public static boolean typesSatisfyVariables(final Map<TypeVariable<?>, Type> typeVariableMap) {","public static boolean typesSatisfyVariables(final Map<TypeVariable<?>, Type> typeVariableMap) { typeVariableMap = null;",202,
org/apache/commons/lang3/reflect/TypeUtils.java,1647,NullifyInputVariable,public static String toString(final Type type) {,public static String toString(final Type type) { type = null;,203,
org/apache/commons/lang3/reflect/TypeUtils.java,1617,NullifyInputVariable,public static String toLongString(final TypeVariable<?> typeVariable) {,public static String toLongString(final TypeVariable<?> typeVariable) { typeVariable = null;,204,
org/apache/commons/lang3/reflect/TypeUtils.java,1597,NullifyInputVariable,"private static Type substituteTypeVariables(final Type type, final Map<TypeVariable<?>, Type> typeVarAssigns) {","private static Type substituteTypeVariables(final Type type, final Map<TypeVariable<?>, Type> typeVarAssigns) { typeVarAssigns = null;",205,
org/apache/commons/lang3/reflect/TypeUtils.java,1597,NullifyInputVariable,"private static Type substituteTypeVariables(final Type type, final Map<TypeVariable<?>, Type> typeVarAssigns) {","private static Type substituteTypeVariables(final Type type, final Map<TypeVariable<?>, Type> typeVarAssigns) { type = null;",206,
org/apache/commons/lang3/reflect/TypeUtils.java,1570,NullifyInputVariable,"public static final ParameterizedType parameterizeWithOwner(final Type owner, final Class<?> rawClass, final Type... typeArguments) {","public static final ParameterizedType parameterizeWithOwner(final Type owner, final Class<?> rawClass, final Type... typeArguments) { typeArguments = null;",207,
org/apache/commons/lang3/reflect/TypeUtils.java,1570,NullifyInputVariable,"public static final ParameterizedType parameterizeWithOwner(final Type owner, final Class<?> rawClass, final Type... typeArguments) {","public static final ParameterizedType parameterizeWithOwner(final Type owner, final Class<?> rawClass, final Type... typeArguments) { rawClass = null;",208,
org/apache/commons/lang3/reflect/TypeUtils.java,1570,NullifyInputVariable,"public static final ParameterizedType parameterizeWithOwner(final Type owner, final Class<?> rawClass, final Type... typeArguments) {","public static final ParameterizedType parameterizeWithOwner(final Type owner, final Class<?> rawClass, final Type... typeArguments) { owner = null;",209,
org/apache/commons/lang3/reflect/TypeUtils.java,1553,NullifyInputVariable,"public static final ParameterizedType parameterizeWithOwner(final Type owner, final Class<?> rawClass, final Map<TypeVariable<?>, Type> typeVariableMap) {","public static final ParameterizedType parameterizeWithOwner(final Type owner, final Class<?> rawClass, final Map<TypeVariable<?>, Type> typeVariableMap) { typeVariableMap = null;",210,
org/apache/commons/lang3/reflect/TypeUtils.java,1553,NullifyInputVariable,"public static final ParameterizedType parameterizeWithOwner(final Type owner, final Class<?> rawClass, final Map<TypeVariable<?>, Type> typeVariableMap) {","public static final ParameterizedType parameterizeWithOwner(final Type owner, final Class<?> rawClass, final Map<TypeVariable<?>, Type> typeVariableMap) { rawClass = null;",211,
org/apache/commons/lang3/reflect/TypeUtils.java,1553,NullifyInputVariable,"public static final ParameterizedType parameterizeWithOwner(final Type owner, final Class<?> rawClass, final Map<TypeVariable<?>, Type> typeVariableMap) {","public static final ParameterizedType parameterizeWithOwner(final Type owner, final Class<?> rawClass, final Map<TypeVariable<?>, Type> typeVariableMap) { owner = null;",212,
org/apache/commons/lang3/reflect/TypeUtils.java,1520,NullifyInputVariable,private static String parameterizedTypeToString(final ParameterizedType parameterizedType) {,private static String parameterizedTypeToString(final ParameterizedType parameterizedType) { parameterizedType = null;,213,
org/apache/commons/lang3/reflect/TypeUtils.java,1510,NullifyInputVariable,"public static final ParameterizedType parameterize(final Class<?> rawClass, final Type... typeArguments) {","public static final ParameterizedType parameterize(final Class<?> rawClass, final Type... typeArguments) { typeArguments = null;",214,
org/apache/commons/lang3/reflect/TypeUtils.java,1510,NullifyInputVariable,"public static final ParameterizedType parameterize(final Class<?> rawClass, final Type... typeArguments) {","public static final ParameterizedType parameterize(final Class<?> rawClass, final Type... typeArguments) { rawClass = null;",215,
org/apache/commons/lang3/reflect/TypeUtils.java,1495,NullifyInputVariable,"public static final ParameterizedType parameterize(final Class<?> rawClass, final Map<TypeVariable<?>, Type> typeVariableMap) {","public static final ParameterizedType parameterize(final Class<?> rawClass, final Map<TypeVariable<?>, Type> typeVariableMap) { typeVariableMap = null;",216,
org/apache/commons/lang3/reflect/TypeUtils.java,1495,NullifyInputVariable,"public static final ParameterizedType parameterize(final Class<?> rawClass, final Map<TypeVariable<?>, Type> typeVariableMap) {","public static final ParameterizedType parameterize(final Class<?> rawClass, final Map<TypeVariable<?>, Type> typeVariableMap) { rawClass = null;",217,
org/apache/commons/lang3/reflect/TypeUtils.java,1459,NullifyInputVariable,public static Type[] normalizeUpperBounds(final Type[] bounds) {,public static Type[] normalizeUpperBounds(final Type[] bounds) { bounds = null;,218,
org/apache/commons/lang3/reflect/TypeUtils.java,1398,NullifyInputVariable,"final Map<TypeVariable<?>, Type> typeVarAssigns) {","final Map<TypeVariable<?>, Type> typeVarAssigns) { typeVarAssigns = null;",219,
org/apache/commons/lang3/reflect/TypeUtils.java,1398,NullifyInputVariable,"final Map<TypeVariable<?>, Type> typeVarAssigns) {","final Map<TypeVariable<?>, Type> typeVarAssigns) { parameterizedType = null;",220,
org/apache/commons/lang3/reflect/TypeUtils.java,1398,NullifyInputVariable,"final Map<TypeVariable<?>, Type> typeVarAssigns) {","final Map<TypeVariable<?>, Type> typeVarAssigns) { cls = null;",221,
org/apache/commons/lang3/reflect/TypeUtils.java,1381,NullifyInputVariable,"public static boolean isInstance(final Object value, final Type type) {","public static boolean isInstance(final Object value, final Type type) { type = null;",222,
org/apache/commons/lang3/reflect/TypeUtils.java,1381,NullifyInputVariable,"public static boolean isInstance(final Object value, final Type type) {","public static boolean isInstance(final Object value, final Type type) { value = null;",223,
org/apache/commons/lang3/reflect/TypeUtils.java,1363,NullifyInputVariable,private static boolean isCyclical(final Class<?> cls) {,private static boolean isCyclical(final Class<?> cls) { cls = null;,224,
org/apache/commons/lang3/reflect/TypeUtils.java,1282,NullifyInputVariable,"private static boolean isAssignable(final Type type, final WildcardType toWildcardType, final Map<TypeVariable<?>, Type> typeVarAssigns) {","private static boolean isAssignable(final Type type, final WildcardType toWildcardType, final Map<TypeVariable<?>, Type> typeVarAssigns) { typeVarAssigns = null;",225,
org/apache/commons/lang3/reflect/TypeUtils.java,1282,NullifyInputVariable,"private static boolean isAssignable(final Type type, final WildcardType toWildcardType, final Map<TypeVariable<?>, Type> typeVarAssigns) {","private static boolean isAssignable(final Type type, final WildcardType toWildcardType, final Map<TypeVariable<?>, Type> typeVarAssigns) { toWildcardType = null;",226,
org/apache/commons/lang3/reflect/TypeUtils.java,1282,NullifyInputVariable,"private static boolean isAssignable(final Type type, final WildcardType toWildcardType, final Map<TypeVariable<?>, Type> typeVarAssigns) {","private static boolean isAssignable(final Type type, final WildcardType toWildcardType, final Map<TypeVariable<?>, Type> typeVarAssigns) { type = null;",227,
org/apache/commons/lang3/reflect/TypeUtils.java,1238,NullifyInputVariable,"private static boolean isAssignable(final Type type, final TypeVariable<?> toTypeVariable, final Map<TypeVariable<?>, Type> typeVarAssigns) {","private static boolean isAssignable(final Type type, final TypeVariable<?> toTypeVariable, final Map<TypeVariable<?>, Type> typeVarAssigns) { typeVarAssigns = null;",228,
org/apache/commons/lang3/reflect/TypeUtils.java,1238,NullifyInputVariable,"private static boolean isAssignable(final Type type, final TypeVariable<?> toTypeVariable, final Map<TypeVariable<?>, Type> typeVarAssigns) {","private static boolean isAssignable(final Type type, final TypeVariable<?> toTypeVariable, final Map<TypeVariable<?>, Type> typeVarAssigns) { toTypeVariable = null;",229,
org/apache/commons/lang3/reflect/TypeUtils.java,1238,NullifyInputVariable,"private static boolean isAssignable(final Type type, final TypeVariable<?> toTypeVariable, final Map<TypeVariable<?>, Type> typeVarAssigns) {","private static boolean isAssignable(final Type type, final TypeVariable<?> toTypeVariable, final Map<TypeVariable<?>, Type> typeVarAssigns) { type = null;",230,
org/apache/commons/lang3/reflect/TypeUtils.java,1206,NullifyInputVariable,"private static boolean isAssignable(final Type type, final Type toType, final Map<TypeVariable<?>, Type> typeVarAssigns) {","private static boolean isAssignable(final Type type, final Type toType, final Map<TypeVariable<?>, Type> typeVarAssigns) { typeVarAssigns = null;",231,
org/apache/commons/lang3/reflect/TypeUtils.java,1206,NullifyInputVariable,"private static boolean isAssignable(final Type type, final Type toType, final Map<TypeVariable<?>, Type> typeVarAssigns) {","private static boolean isAssignable(final Type type, final Type toType, final Map<TypeVariable<?>, Type> typeVarAssigns) { toType = null;",232,
org/apache/commons/lang3/reflect/TypeUtils.java,1206,NullifyInputVariable,"private static boolean isAssignable(final Type type, final Type toType, final Map<TypeVariable<?>, Type> typeVarAssigns) {","private static boolean isAssignable(final Type type, final Type toType, final Map<TypeVariable<?>, Type> typeVarAssigns) { type = null;",233,
org/apache/commons/lang3/reflect/TypeUtils.java,1194,NullifyInputVariable,"public static boolean isAssignable(final Type type, final Type toType) {","public static boolean isAssignable(final Type type, final Type toType) { toType = null;",234,
org/apache/commons/lang3/reflect/TypeUtils.java,1194,NullifyInputVariable,"public static boolean isAssignable(final Type type, final Type toType) {","public static boolean isAssignable(final Type type, final Type toType) { type = null;",235,
org/apache/commons/lang3/reflect/TypeUtils.java,1124,NullifyInputVariable,"private static boolean isAssignable(final Type type, final ParameterizedType toParameterizedType, final Map<TypeVariable<?>, Type> typeVarAssigns) {","private static boolean isAssignable(final Type type, final ParameterizedType toParameterizedType, final Map<TypeVariable<?>, Type> typeVarAssigns) { typeVarAssigns = null;",236,
org/apache/commons/lang3/reflect/TypeUtils.java,1124,NullifyInputVariable,"private static boolean isAssignable(final Type type, final ParameterizedType toParameterizedType, final Map<TypeVariable<?>, Type> typeVarAssigns) {","private static boolean isAssignable(final Type type, final ParameterizedType toParameterizedType, final Map<TypeVariable<?>, Type> typeVarAssigns) { toParameterizedType = null;",237,
org/apache/commons/lang3/reflect/TypeUtils.java,1124,NullifyInputVariable,"private static boolean isAssignable(final Type type, final ParameterizedType toParameterizedType, final Map<TypeVariable<?>, Type> typeVarAssigns) {","private static boolean isAssignable(final Type type, final ParameterizedType toParameterizedType, final Map<TypeVariable<?>, Type> typeVarAssigns) { type = null;",238,
org/apache/commons/lang3/reflect/TypeUtils.java,1053,NullifyInputVariable,"private static boolean isAssignable(final Type type, final GenericArrayType toGenericArrayType, final Map<TypeVariable<?>, Type> typeVarAssigns) {","private static boolean isAssignable(final Type type, final GenericArrayType toGenericArrayType, final Map<TypeVariable<?>, Type> typeVarAssigns) { typeVarAssigns = null;",239,
org/apache/commons/lang3/reflect/TypeUtils.java,1053,NullifyInputVariable,"private static boolean isAssignable(final Type type, final GenericArrayType toGenericArrayType, final Map<TypeVariable<?>, Type> typeVarAssigns) {","private static boolean isAssignable(final Type type, final GenericArrayType toGenericArrayType, final Map<TypeVariable<?>, Type> typeVarAssigns) { toGenericArrayType = null;",240,
org/apache/commons/lang3/reflect/TypeUtils.java,1053,NullifyInputVariable,"private static boolean isAssignable(final Type type, final GenericArrayType toGenericArrayType, final Map<TypeVariable<?>, Type> typeVarAssigns) {","private static boolean isAssignable(final Type type, final GenericArrayType toGenericArrayType, final Map<TypeVariable<?>, Type> typeVarAssigns) { type = null;",241,
org/apache/commons/lang3/reflect/TypeUtils.java,989,NullifyInputVariable,"private static boolean isAssignable(final Type type, final Class<?> toClass) {","private static boolean isAssignable(final Type type, final Class<?> toClass) { toClass = null;",242,
org/apache/commons/lang3/reflect/TypeUtils.java,989,NullifyInputVariable,"private static boolean isAssignable(final Type type, final Class<?> toClass) {","private static boolean isAssignable(final Type type, final Class<?> toClass) { type = null;",243,
org/apache/commons/lang3/reflect/TypeUtils.java,978,NullifyInputVariable,public static boolean isArrayType(final Type type) {,public static boolean isArrayType(final Type type) { type = null;,244,
org/apache/commons/lang3/reflect/TypeUtils.java,932,NullifyInputVariable,"private static Map<TypeVariable<?>, Type> getTypeArguments(final Type type, final Class<?> toClass, final Map<TypeVariable<?>, Type> subtypeVarAssigns) {","private static Map<TypeVariable<?>, Type> getTypeArguments(final Type type, final Class<?> toClass, final Map<TypeVariable<?>, Type> subtypeVarAssigns) { subtypeVarAssigns = null;",245,
org/apache/commons/lang3/reflect/TypeUtils.java,932,NullifyInputVariable,"private static Map<TypeVariable<?>, Type> getTypeArguments(final Type type, final Class<?> toClass, final Map<TypeVariable<?>, Type> subtypeVarAssigns) {","private static Map<TypeVariable<?>, Type> getTypeArguments(final Type type, final Class<?> toClass, final Map<TypeVariable<?>, Type> subtypeVarAssigns) { toClass = null;",246,
org/apache/commons/lang3/reflect/TypeUtils.java,932,NullifyInputVariable,"private static Map<TypeVariable<?>, Type> getTypeArguments(final Type type, final Class<?> toClass, final Map<TypeVariable<?>, Type> subtypeVarAssigns) {","private static Map<TypeVariable<?>, Type> getTypeArguments(final Type type, final Class<?> toClass, final Map<TypeVariable<?>, Type> subtypeVarAssigns) { type = null;",247,
org/apache/commons/lang3/reflect/TypeUtils.java,920,NullifyInputVariable,"public static Map<TypeVariable<?>, Type> getTypeArguments(final Type type, final Class<?> toClass) {","public static Map<TypeVariable<?>, Type> getTypeArguments(final Type type, final Class<?> toClass) { toClass = null;",248,
org/apache/commons/lang3/reflect/TypeUtils.java,920,NullifyInputVariable,"public static Map<TypeVariable<?>, Type> getTypeArguments(final Type type, final Class<?> toClass) {","public static Map<TypeVariable<?>, Type> getTypeArguments(final Type type, final Class<?> toClass) { type = null;",249,
org/apache/commons/lang3/reflect/TypeUtils.java,855,NullifyInputVariable,"final Map<TypeVariable<?>, Type> subtypeVarAssigns) {","final Map<TypeVariable<?>, Type> subtypeVarAssigns) { subtypeVarAssigns = null;",250,
org/apache/commons/lang3/reflect/TypeUtils.java,855,NullifyInputVariable,"final Map<TypeVariable<?>, Type> subtypeVarAssigns) {","final Map<TypeVariable<?>, Type> subtypeVarAssigns) { toClass = null;",251,
org/apache/commons/lang3/reflect/TypeUtils.java,855,NullifyInputVariable,"final Map<TypeVariable<?>, Type> subtypeVarAssigns) {","final Map<TypeVariable<?>, Type> subtypeVarAssigns) { parameterizedType = null;",252,
org/apache/commons/lang3/reflect/TypeUtils.java,842,NullifyInputVariable,"public static Map<TypeVariable<?>, Type> getTypeArguments(final ParameterizedType type) {","public static Map<TypeVariable<?>, Type> getTypeArguments(final ParameterizedType type) { type = null;",253,
org/apache/commons/lang3/reflect/TypeUtils.java,804,NullifyInputVariable,"private static Map<TypeVariable<?>, Type> getTypeArguments(Class<?> cls, final Class<?> toClass, final Map<TypeVariable<?>, Type> subtypeVarAssigns) {","private static Map<TypeVariable<?>, Type> getTypeArguments(Class<?> cls, final Class<?> toClass, final Map<TypeVariable<?>, Type> subtypeVarAssigns) { subtypeVarAssigns = null;",254,
org/apache/commons/lang3/reflect/TypeUtils.java,804,NullifyInputVariable,"private static Map<TypeVariable<?>, Type> getTypeArguments(Class<?> cls, final Class<?> toClass, final Map<TypeVariable<?>, Type> subtypeVarAssigns) {","private static Map<TypeVariable<?>, Type> getTypeArguments(Class<?> cls, final Class<?> toClass, final Map<TypeVariable<?>, Type> subtypeVarAssigns) { toClass = null;",255,
org/apache/commons/lang3/reflect/TypeUtils.java,734,NullifyInputVariable,"public static Class<?> getRawType(final Type type, final Type assigningType) {","public static Class<?> getRawType(final Type type, final Type assigningType) { assigningType = null;",257,
org/apache/commons/lang3/reflect/TypeUtils.java,734,NullifyInputVariable,"public static Class<?> getRawType(final Type type, final Type assigningType) {","public static Class<?> getRawType(final Type type, final Type assigningType) { type = null;",258,
org/apache/commons/lang3/reflect/TypeUtils.java,710,NullifyInputVariable,private static Class<?> getRawType(final ParameterizedType parameterizedType) {,private static Class<?> getRawType(final ParameterizedType parameterizedType) { parameterizedType = null;,259,
org/apache/commons/lang3/reflect/TypeUtils.java,696,NullifyInputVariable,public static Type[] getImplicitUpperBounds(final WildcardType wildcardType) {,public static Type[] getImplicitUpperBounds(final WildcardType wildcardType) { wildcardType = null;,260,
org/apache/commons/lang3/reflect/TypeUtils.java,681,NullifyInputVariable,public static Type[] getImplicitLowerBounds(final WildcardType wildcardType) {,public static Type[] getImplicitLowerBounds(final WildcardType wildcardType) { wildcardType = null;,261,
org/apache/commons/lang3/reflect/TypeUtils.java,666,NullifyInputVariable,public static Type[] getImplicitBounds(final TypeVariable<?> typeVariable) {,public static Type[] getImplicitBounds(final TypeVariable<?> typeVariable) { typeVariable = null;,262,
org/apache/commons/lang3/reflect/TypeUtils.java,620,NullifyInputVariable,"private static Type getClosestParentType(final Class<?> cls, final Class<?> superClass) {","private static Type getClosestParentType(final Class<?> cls, final Class<?> superClass) { superClass = null;",263,
org/apache/commons/lang3/reflect/TypeUtils.java,620,NullifyInputVariable,"private static Type getClosestParentType(final Class<?> cls, final Class<?> superClass) {","private static Type getClosestParentType(final Class<?> cls, final Class<?> superClass) { cls = null;",264,
org/apache/commons/lang3/reflect/TypeUtils.java,602,NullifyInputVariable,public static Type getArrayComponentType(final Type type) {,public static Type getArrayComponentType(final Type type) { type = null;,265,
org/apache/commons/lang3/reflect/TypeUtils.java,592,NullifyInputVariable,private static String genericArrayTypeToString(final GenericArrayType genericArrayType) {,private static String genericArrayTypeToString(final GenericArrayType genericArrayType) { genericArrayType = null;,266,
org/apache/commons/lang3/reflect/TypeUtils.java,582,NullifyInputVariable,public static GenericArrayType genericArrayType(final Type componentType) {,public static GenericArrayType genericArrayType(final Type componentType) { componentType = null;,267,
org/apache/commons/lang3/reflect/TypeUtils.java,563,NullifyInputVariable,private static int[] findRecursiveTypes(final ParameterizedType parameterizedType) {,private static int[] findRecursiveTypes(final ParameterizedType parameterizedType) { parameterizedType = null;,268,
org/apache/commons/lang3/reflect/TypeUtils.java,553,NullifyInputVariable,"private static Type[] extractTypeArgumentsFrom(final Map<TypeVariable<?>, Type> mappings, final TypeVariable<?>[] variables) {","private static Type[] extractTypeArgumentsFrom(final Map<TypeVariable<?>, Type> mappings, final TypeVariable<?>[] variables) { variables = null;",269,
org/apache/commons/lang3/reflect/TypeUtils.java,553,NullifyInputVariable,"private static Type[] extractTypeArgumentsFrom(final Map<TypeVariable<?>, Type> mappings, final TypeVariable<?>[] variables) {","private static Type[] extractTypeArgumentsFrom(final Map<TypeVariable<?>, Type> mappings, final TypeVariable<?>[] variables) { mappings = null;",270,
org/apache/commons/lang3/reflect/TypeUtils.java,537,NullifyInputVariable,"private static boolean equals(final WildcardType wildcardType, final Type type) {","private static boolean equals(final WildcardType wildcardType, final Type type) { type = null;",271,
org/apache/commons/lang3/reflect/TypeUtils.java,537,NullifyInputVariable,"private static boolean equals(final WildcardType wildcardType, final Type type) {","private static boolean equals(final WildcardType wildcardType, final Type type) { wildcardType = null;",272,
org/apache/commons/lang3/reflect/TypeUtils.java,518,NullifyInputVariable,"private static boolean equals(final Type[] type1, final Type[] type2) {","private static boolean equals(final Type[] type1, final Type[] type2) { type2 = null;",273,
org/apache/commons/lang3/reflect/TypeUtils.java,518,NullifyInputVariable,"private static boolean equals(final Type[] type1, final Type[] type2) {","private static boolean equals(final Type[] type1, final Type[] type2) { type1 = null;",274,
org/apache/commons/lang3/reflect/TypeUtils.java,495,NullifyInputVariable,"public static boolean equals(final Type type1, final Type type2) {","public static boolean equals(final Type type1, final Type type2) { type2 = null;",275,
org/apache/commons/lang3/reflect/TypeUtils.java,495,NullifyInputVariable,"public static boolean equals(final Type type1, final Type type2) {","public static boolean equals(final Type type1, final Type type2) { type1 = null;",276,
org/apache/commons/lang3/reflect/TypeUtils.java,477,NullifyInputVariable,"private static boolean equals(final ParameterizedType parameterizedType, final Type type) {","private static boolean equals(final ParameterizedType parameterizedType, final Type type) { type = null;",277,
org/apache/commons/lang3/reflect/TypeUtils.java,477,NullifyInputVariable,"private static boolean equals(final ParameterizedType parameterizedType, final Type type) {","private static boolean equals(final ParameterizedType parameterizedType, final Type type) { parameterizedType = null;",278,
org/apache/commons/lang3/reflect/TypeUtils.java,466,NullifyInputVariable,"private static boolean equals(final GenericArrayType genericArrayType, final Type type) {","private static boolean equals(final GenericArrayType genericArrayType, final Type type) { type = null;",279,
org/apache/commons/lang3/reflect/TypeUtils.java,466,NullifyInputVariable,"private static boolean equals(final GenericArrayType genericArrayType, final Type type) {","private static boolean equals(final GenericArrayType genericArrayType, final Type type) { genericArrayType = null;",280,
org/apache/commons/lang3/reflect/TypeUtils.java,425,NullifyInputVariable,"public static Map<TypeVariable<?>, Type> determineTypeArguments(final Class<?> cls, final ParameterizedType superParameterizedType) {","public static Map<TypeVariable<?>, Type> determineTypeArguments(final Class<?> cls, final ParameterizedType superParameterizedType) { superParameterizedType = null;",281,
org/apache/commons/lang3/reflect/TypeUtils.java,425,NullifyInputVariable,"public static Map<TypeVariable<?>, Type> determineTypeArguments(final Class<?> cls, final ParameterizedType superParameterizedType) {","public static Map<TypeVariable<?>, Type> determineTypeArguments(final Class<?> cls, final ParameterizedType superParameterizedType) { cls = null;",282,
org/apache/commons/lang3/reflect/TypeUtils.java,400,NullifyInputVariable,"private static boolean containsVariableTypeSameParametrizedTypeBound(final TypeVariable<?> typeVariable, final ParameterizedType parameterizedType) {","private static boolean containsVariableTypeSameParametrizedTypeBound(final TypeVariable<?> typeVariable, final ParameterizedType parameterizedType) { parameterizedType = null;",283,
org/apache/commons/lang3/reflect/TypeUtils.java,400,NullifyInputVariable,"private static boolean containsVariableTypeSameParametrizedTypeBound(final TypeVariable<?> typeVariable, final ParameterizedType parameterizedType) {","private static boolean containsVariableTypeSameParametrizedTypeBound(final TypeVariable<?> typeVariable, final ParameterizedType parameterizedType) { typeVariable = null;",284,
org/apache/commons/lang3/reflect/TypeUtils.java,375,NullifyInputVariable,public static boolean containsTypeVariables(final Type type) {,public static boolean containsTypeVariables(final Type type) { type = null;,285,
org/apache/commons/lang3/reflect/TypeUtils.java,348,NullifyInputVariable,private static <T> String classToString(final Class<T> cls) {,private static <T> String classToString(final Class<T> cls) { cls = null;,286,
org/apache/commons/lang3/reflect/TypeUtils.java,331,NullifyInputVariable,"private static void appendRecursiveTypes(final StringBuilder builder, final int[] recursiveTypeIndexes, final Type[] argumentTypes) {","private static void appendRecursiveTypes(final StringBuilder builder, final int[] recursiveTypeIndexes, final Type[] argumentTypes) { argumentTypes = null;",287,
org/apache/commons/lang3/reflect/TypeUtils.java,331,NullifyInputVariable,"private static void appendRecursiveTypes(final StringBuilder builder, final int[] recursiveTypeIndexes, final Type[] argumentTypes) {","private static void appendRecursiveTypes(final StringBuilder builder, final int[] recursiveTypeIndexes, final Type[] argumentTypes) { builder = null;",288,
org/apache/commons/lang3/reflect/TypeUtils.java,327,NullifyInputVariable,private static <T> String anyToString(final T object) {,private static <T> String anyToString(final T object) { object = null;,289,
org/apache/commons/lang3/reflect/TypeUtils.java,247,NullifyInputVariable,public boolean equals(final Object obj) {,public boolean equals(final Object obj) { obj = null;,290,
org/apache/commons/lang3/reflect/TypeUtils.java,219,NullifyInputVariable,public WildcardTypeBuilder withUpperBounds(final Type... bounds) {,public WildcardTypeBuilder withUpperBounds(final Type... bounds) { bounds = null;,291,
org/apache/commons/lang3/reflect/TypeUtils.java,208,NullifyInputVariable,public WildcardTypeBuilder withLowerBounds(final Type... bounds) {,public WildcardTypeBuilder withLowerBounds(final Type... bounds) { bounds = null;,292,
org/apache/commons/lang3/reflect/TypeUtils.java,127,NullifyInputVariable,public boolean equals(final Object obj) {,public boolean equals(final Object obj) { obj = null;,293,
org/apache/commons/lang3/reflect/TypeUtils.java,71,NullifyInputVariable,public boolean equals(final Object obj) {,public boolean equals(final Object obj) { obj = null;,294,
org/apache/commons/lang3/reflect/TypeUtils.java,1814,RelationalOperatorReplacement,} else if (upperBounds.length > 1 || upperBounds.length == 1 && !Object.class.equals(upperBounds[0])) {,} else if (upperBounds.length <= 1 || upperBounds.length == 1 && !Object.class.equals(upperBounds[0])) {,441,
org/apache/commons/lang3/reflect/TypeUtils.java,1812,RelationalOperatorReplacement,if (lowerBounds.length > 1 || lowerBounds.length == 1 && lowerBounds[0] != null) {,if (lowerBounds.length <= 1 || lowerBounds.length == 1 && lowerBounds[0] != null) {,444,
org/apache/commons/lang3/reflect/TypeUtils.java,1775,RelationalOperatorReplacement,for (int i = 0; i < args.length; i++) {,for (int i = 0; i >= args.length; i++) {,446,
org/apache/commons/lang3/reflect/TypeUtils.java,1719,RelationalOperatorReplacement,for (; i < result.length; i++) {,for (; i >= result.length; i++) {,450,
org/apache/commons/lang3/reflect/TypeUtils.java,1702,RelationalOperatorReplacement,if (bounds.length > 0 && !(bounds.length == 1 && Object.class.equals(bounds[0]))) {,if (bounds.length <= 0 && !(bounds.length == 1 && Object.class.equals(bounds[0]))) {,452,
org/apache/commons/lang3/reflect/TypeUtils.java,1535,RelationalOperatorReplacement,if (recursiveTypeIndexes.length > 0) {,if (recursiveTypeIndexes.length <= 0) {,460,
org/apache/commons/lang3/reflect/TypeUtils.java,1462,RelationalOperatorReplacement,if (bounds.length < 2) {,if (bounds.length >= 2) {,463,
org/apache/commons/lang3/reflect/TypeUtils.java,1420,RelationalOperatorReplacement,for (int i = 0; i < typeArgs.length; i++) {,for (int i = 0; i >= typeArgs.length; i++) {,464,
org/apache/commons/lang3/reflect/TypeUtils.java,881,RelationalOperatorReplacement,for (int i = 0; i < typeParams.length; i++) {,for (int i = 0; i >= typeParams.length; i++) {,483,
org/apache/commons/lang3/reflect/TypeUtils.java,566,RelationalOperatorReplacement,for (int i = 0; i < filteredArgumentTypes.length; i++) {,for (int i = 0; i >= filteredArgumentTypes.length; i++) {,494,
org/apache/commons/lang3/reflect/TypeUtils.java,520,RelationalOperatorReplacement,for (int i = 0; i < type1.length; i++) {,for (int i = 0; i >= type1.length; i++) {,495,
org/apache/commons/lang3/reflect/TypeUtils.java,380,RelationalOperatorReplacement,return ((Class<?>) type).getTypeParameters().length > 0;,return ((Class<?>) type).getTypeParameters().length <= 0;,497,
org/apache/commons/lang3/reflect/TypeUtils.java,361,RelationalOperatorReplacement,if (cls.getTypeParameters().length > 0) {,if (cls.getTypeParameters().length <= 0) {,498,
org/apache/commons/lang3/reflect/TypeUtils.java,337,RelationalOperatorReplacement,if (argumentsFiltered.length > 0) {,if (argumentsFiltered.length <= 0) {,500,
org/apache/commons/lang3/reflect/TypeUtils.java,332,RelationalOperatorReplacement,for (int i = 0; i < recursiveTypeIndexes.length; i++) {,for (int i = 0; i >= recursiveTypeIndexes.length; i++) {,501,
org/apache/commons/lang3/stream/LangCollectors.java,208,NullifyInputVariable,"final Function<Object, String> toString) {","final Function<Object, String> toString) { toString = null;",11,
org/apache/commons/lang3/stream/LangCollectors.java,208,NullifyInputVariable,"final Function<Object, String> toString) {","final Function<Object, String> toString) { suffix = null;",12,
org/apache/commons/lang3/stream/LangCollectors.java,208,NullifyInputVariable,"final Function<Object, String> toString) {","final Function<Object, String> toString) { prefix = null;",13,
org/apache/commons/lang3/stream/LangCollectors.java,208,NullifyInputVariable,"final Function<Object, String> toString) {","final Function<Object, String> toString) { delimiter = null;",14,
org/apache/commons/lang3/stream/LangCollectors.java,180,NullifyInputVariable,"public static Collector<Object, ?, String> joining(final CharSequence delimiter, final CharSequence prefix, final CharSequence suffix) {","public static Collector<Object, ?, String> joining(final CharSequence delimiter, final CharSequence prefix, final CharSequence suffix) { suffix = null;",15,
org/apache/commons/lang3/stream/LangCollectors.java,180,NullifyInputVariable,"public static Collector<Object, ?, String> joining(final CharSequence delimiter, final CharSequence prefix, final CharSequence suffix) {","public static Collector<Object, ?, String> joining(final CharSequence delimiter, final CharSequence prefix, final CharSequence suffix) { prefix = null;",16,
org/apache/commons/lang3/stream/LangCollectors.java,180,NullifyInputVariable,"public static Collector<Object, ?, String> joining(final CharSequence delimiter, final CharSequence prefix, final CharSequence suffix) {","public static Collector<Object, ?, String> joining(final CharSequence delimiter, final CharSequence prefix, final CharSequence suffix) { delimiter = null;",17,
org/apache/commons/lang3/stream/LangCollectors.java,153,NullifyInputVariable,"public static Collector<Object, ?, String> joining(final CharSequence delimiter) {","public static Collector<Object, ?, String> joining(final CharSequence delimiter) { delimiter = null;",18,
org/apache/commons/lang3/stream/LangCollectors.java,110,NullifyInputVariable,"public static <T, R, A> R collect(final Collector<? super T, A, R> collector, final T... array) {","public static <T, R, A> R collect(final Collector<? super T, A, R> collector, final T... array) { array = null;",19,
org/apache/commons/lang3/stream/LangCollectors.java,110,NullifyInputVariable,"public static <T, R, A> R collect(final Collector<? super T, A, R> collector, final T... array) {","public static <T, R, A> R collect(final Collector<? super T, A, R> collector, final T... array) { collector = null;",20,
org/apache/commons/lang3/stream/Streams.java,841,NullifyInputVariable,"public static <T> Collector<T, ?, T[]> toArray(final Class<T> elementType) {","public static <T> Collector<T, ?, T[]> toArray(final Class<T> elementType) { elementType = null;",40,
org/apache/commons/lang3/stream/Streams.java,830,NullifyInputVariable,private static <T> Stream<T> streamOf(final T value) {,private static <T> Stream<T> streamOf(final T value) { value = null;,41,
org/apache/commons/lang3/stream/Streams.java,826,NullifyInputVariable,public static <T> FailableStream<T> stream(final Stream<T> stream) {,public static <T> FailableStream<T> stream(final Stream<T> stream) { stream = null;,42,
org/apache/commons/lang3/stream/Streams.java,781,NullifyInputVariable,public static <E> FailableStream<E> stream(final Collection<E> collection) {,public static <E> FailableStream<E> stream(final Collection<E> collection) { collection = null;,43,
org/apache/commons/lang3/stream/Streams.java,736,NullifyInputVariable,public static <T> Stream<T> of(final T... values) {,public static <T> Stream<T> of(final T... values) { values = null;,44,
org/apache/commons/lang3/stream/Streams.java,723,NullifyInputVariable,private static <E> Stream<E> of(final Stream<E> stream) {,private static <E> Stream<E> of(final Stream<E> stream) { stream = null;,45,
org/apache/commons/lang3/stream/Streams.java,711,NullifyInputVariable,public static <E> Stream<E> of(final Iterator<E> iterator) {,public static <E> Stream<E> of(final Iterator<E> iterator) { iterator = null;,46,
org/apache/commons/lang3/stream/Streams.java,699,NullifyInputVariable,public static <E> Stream<E> of(final Iterable<E> iterable) {,public static <E> Stream<E> of(final Iterable<E> iterable) { iterable = null;,47,
org/apache/commons/lang3/stream/Streams.java,687,NullifyInputVariable,public static <E> Stream<E> of(final Enumeration<E> enumeration) {,public static <E> Stream<E> of(final Enumeration<E> enumeration) { enumeration = null;,48,
org/apache/commons/lang3/stream/Streams.java,675,NullifyInputVariable,public static <E> Stream<E> of(final Collection<E> collection) {,public static <E> Stream<E> of(final Collection<E> collection) { collection = null;,49,
org/apache/commons/lang3/stream/Streams.java,663,NullifyInputVariable,public static <E> Stream<E> nonNull(final Stream<E> stream) {,public static <E> Stream<E> nonNull(final Stream<E> stream) { stream = null;,50,
org/apache/commons/lang3/stream/Streams.java,651,NullifyInputVariable,public static <E> Stream<E> nonNull(final E... array) {,public static <E> Stream<E> nonNull(final E... array) { array = null;,51,
org/apache/commons/lang3/stream/Streams.java,638,NullifyInputVariable,public static <E> Stream<E> nonNull(final E array) {,public static <E> Stream<E> nonNull(final E array) { array = null;,52,
org/apache/commons/lang3/stream/Streams.java,626,NullifyInputVariable,public static <E> Stream<E> nonNull(final Collection<E> collection) {,public static <E> Stream<E> nonNull(final Collection<E> collection) { collection = null;,53,
org/apache/commons/lang3/stream/Streams.java,614,NullifyInputVariable,"private static <E> Stream<E> instancesOf(final Class<? super E> clazz, final Stream<?> stream) {","private static <E> Stream<E> instancesOf(final Class<? super E> clazz, final Stream<?> stream) { stream = null;",54,
org/apache/commons/lang3/stream/Streams.java,614,NullifyInputVariable,"private static <E> Stream<E> instancesOf(final Class<? super E> clazz, final Stream<?> stream) {","private static <E> Stream<E> instancesOf(final Class<? super E> clazz, final Stream<?> stream) { clazz = null;",55,
org/apache/commons/lang3/stream/Streams.java,609,NullifyInputVariable,"public static <E> Stream<E> instancesOf(final Class<? super E> clazz, final Collection<? super E> collection) {","public static <E> Stream<E> instancesOf(final Class<? super E> clazz, final Collection<? super E> collection) { collection = null;",56,
org/apache/commons/lang3/stream/Streams.java,609,NullifyInputVariable,"public static <E> Stream<E> instancesOf(final Class<? super E> clazz, final Collection<? super E> collection) {","public static <E> Stream<E> instancesOf(final Class<? super E> clazz, final Collection<? super E> collection) { clazz = null;",57,
org/apache/commons/lang3/stream/Streams.java,590,NullifyInputVariable,public static <T> FailableStream<T> failableStream(final T... values) {,public static <T> FailableStream<T> failableStream(final T... values) { values = null;,58,
org/apache/commons/lang3/stream/Streams.java,577,NullifyInputVariable,public static <T> FailableStream<T> failableStream(final T value) {,public static <T> FailableStream<T> failableStream(final T value) { value = null;,59,
org/apache/commons/lang3/stream/Streams.java,565,NullifyInputVariable,public static <T> FailableStream<T> failableStream(final Stream<T> stream) {,public static <T> FailableStream<T> failableStream(final Stream<T> stream) { stream = null;,60,
org/apache/commons/lang3/stream/Streams.java,521,NullifyInputVariable,public static <T> FailableStream<T> failableStream(final Collection<T> stream) {,public static <T> FailableStream<T> failableStream(final Collection<T> stream) { stream = null;,61,
org/apache/commons/lang3/stream/Streams.java,466,NullifyInputVariable,"public T reduce(final T identity, final BinaryOperator<T> accumulator) {","public T reduce(final T identity, final BinaryOperator<T> accumulator) { accumulator = null;",62,
org/apache/commons/lang3/stream/Streams.java,466,NullifyInputVariable,"public T reduce(final T identity, final BinaryOperator<T> accumulator) {","public T reduce(final T identity, final BinaryOperator<T> accumulator) { identity = null;",63,
org/apache/commons/lang3/stream/Streams.java,409,NullifyInputVariable,"public <R> FailableStream<R> map(final FailableFunction<T, R, ?> mapper) {","public <R> FailableStream<R> map(final FailableFunction<T, R, ?> mapper) { mapper = null;",64,
org/apache/commons/lang3/stream/Streams.java,383,NullifyInputVariable,"public void forEach(final FailableConsumer<T, ?> action) {","public void forEach(final FailableConsumer<T, ?> action) { action = null;",65,
org/apache/commons/lang3/stream/Streams.java,363,NullifyInputVariable,"public FailableStream<T> filter(final FailablePredicate<T, ?> predicate) {","public FailableStream<T> filter(final FailablePredicate<T, ?> predicate) { predicate = null;",66,
org/apache/commons/lang3/stream/Streams.java,348,NullifyInputVariable,"public <A, R> R collect(final Supplier<R> supplier, final BiConsumer<R, ? super T> accumulator, final BiConsumer<R, R> combiner) {","public <A, R> R collect(final Supplier<R> supplier, final BiConsumer<R, ? super T> accumulator, final BiConsumer<R, R> combiner) { combiner = null;",67,
org/apache/commons/lang3/stream/Streams.java,348,NullifyInputVariable,"public <A, R> R collect(final Supplier<R> supplier, final BiConsumer<R, ? super T> accumulator, final BiConsumer<R, R> combiner) {","public <A, R> R collect(final Supplier<R> supplier, final BiConsumer<R, ? super T> accumulator, final BiConsumer<R, R> combiner) { accumulator = null;",68,
org/apache/commons/lang3/stream/Streams.java,348,NullifyInputVariable,"public <A, R> R collect(final Supplier<R> supplier, final BiConsumer<R, ? super T> accumulator, final BiConsumer<R, R> combiner) {","public <A, R> R collect(final Supplier<R> supplier, final BiConsumer<R, ? super T> accumulator, final BiConsumer<R, R> combiner) { supplier = null;",69,
org/apache/commons/lang3/stream/Streams.java,296,NullifyInputVariable,"public <A, R> R collect(final Collector<? super T, A, R> collector) {","public <A, R> R collect(final Collector<? super T, A, R> collector) { collector = null;",70,
org/apache/commons/lang3/stream/Streams.java,223,NullifyInputVariable,"public boolean anyMatch(final FailablePredicate<T, ?> predicate) {","public boolean anyMatch(final FailablePredicate<T, ?> predicate) { predicate = null;",71,
org/apache/commons/lang3/stream/Streams.java,203,NullifyInputVariable,"public boolean allMatch(final FailablePredicate<T, ?> predicate) {","public boolean allMatch(final FailablePredicate<T, ?> predicate) { predicate = null;",72,
org/apache/commons/lang3/stream/Streams.java,162,NullifyInputVariable,public boolean tryAdvance(final Consumer<? super T> action) {,public boolean tryAdvance(final Consumer<? super T> action) { action = null;,73,
org/apache/commons/lang3/stream/Streams.java,155,NullifyInputVariable,private boolean next(final Consumer<? super T> action) {,private boolean next(final Consumer<? super T> action) { action = null;,74,
org/apache/commons/lang3/stream/Streams.java,149,NullifyInputVariable,public void forEachRemaining(final Consumer<? super T> action) {,public void forEachRemaining(final Consumer<? super T> action) { action = null;,75,
org/apache/commons/lang3/text/CompositeFormat.java,70,NullifyInputVariable,final FieldPosition pos) {,final FieldPosition pos) { toAppendTo = null;,10,
org/apache/commons/lang3/text/CompositeFormat.java,70,NullifyInputVariable,final FieldPosition pos) {,final FieldPosition pos) { obj = null;,11,
org/apache/commons/lang3/text/CompositeFormat.java,114,NullifyInputVariable,public String reformat(final String input) throws ParseException {,public String reformat(final String input) throws ParseException { input = null;,6,
org/apache/commons/lang3/text/CompositeFormat.java,103,NullifyInputVariable,"public Object parseObject(final String source, final ParsePosition pos) {","public Object parseObject(final String source, final ParsePosition pos) { pos = null;",7,
org/apache/commons/lang3/text/CompositeFormat.java,103,NullifyInputVariable,"public Object parseObject(final String source, final ParsePosition pos) {","public Object parseObject(final String source, final ParsePosition pos) { source = null;",8,
org/apache/commons/lang3/text/CompositeFormat.java,70,NullifyInputVariable,final FieldPosition pos) {,final FieldPosition pos) { pos = null;,9,
org/apache/commons/lang3/text/ExtendedMessageFormat.java,472,RelationalOperatorReplacement,} while (len > 0 && pos.getIndex() < pattern.length());,} while (len > 0 && pos.getIndex() >= pattern.length());,112,
org/apache/commons/lang3/text/ExtendedMessageFormat.java,472,RelationalOperatorReplacement,} while (len > 0 && pos.getIndex() < pattern.length());,} while (len <= 0 && pos.getIndex() < pattern.length());,113,
org/apache/commons/lang3/text/ExtendedMessageFormat.java,440,RelationalOperatorReplacement,if ((c == START_FMT || c == END_FE) && result.length() > 0) {,if ((c == START_FMT || c == END_FE) && result.length() <= 0) {,114,
org/apache/commons/lang3/text/ExtendedMessageFormat.java,430,RelationalOperatorReplacement,for (; !error && pos.getIndex() < pattern.length(); next(pos)) {,for (; !error && pos.getIndex() >= pattern.length(); next(pos)) {,119,
org/apache/commons/lang3/text/ExtendedMessageFormat.java,396,RelationalOperatorReplacement,for (; pos.getIndex() < pattern.length(); next(pos)) {,for (; pos.getIndex() >= pattern.length(); next(pos)) {,121,
org/apache/commons/lang3/text/ExtendedMessageFormat.java,344,RelationalOperatorReplacement,while (pos.getIndex() < pattern.length()) {,while (pos.getIndex() >= pattern.length()) {,124,
org/apache/commons/lang3/text/ExtendedMessageFormat.java,296,RelationalOperatorReplacement,if (i > 0) {,if (i <= 0) {,126,
org/apache/commons/lang3/text/ExtendedMessageFormat.java,193,RelationalOperatorReplacement,while (pos.getIndex() < pattern.length()) {,while (pos.getIndex() >= pattern.length()) {,138,
org/apache/commons/lang3/text/ExtendedMessageFormat.java,162,RelationalOperatorReplacement,for (int i = pos.getIndex(); i < pattern.length(); i++) {,for (int i = pos.getIndex(); i >= pattern.length(); i++) {,142,
org/apache/commons/lang3/text/ExtendedMessageFormat.java,517,NullifyInputVariable,public void setFormatsByArgumentIndex(final Format[] newFormats) {,public void setFormatsByArgumentIndex(final Format[] newFormats) { newFormats = null;,40,
org/apache/commons/lang3/text/ExtendedMessageFormat.java,506,NullifyInputVariable,public void setFormats(final Format[] newFormats) {,public void setFormats(final Format[] newFormats) { newFormats = null;,41,
org/apache/commons/lang3/text/ExtendedMessageFormat.java,495,NullifyInputVariable,"public void setFormatByArgumentIndex(final int argumentIndex, final Format newFormat) {","public void setFormatByArgumentIndex(final int argumentIndex, final Format newFormat) { newFormat = null;",42,
org/apache/commons/lang3/text/ExtendedMessageFormat.java,483,NullifyInputVariable,"public void setFormat(final int formatElementIndex, final Format newFormat) {","public void setFormat(final int formatElementIndex, final Format newFormat) { newFormat = null;",43,
org/apache/commons/lang3/text/ExtendedMessageFormat.java,466,NullifyInputVariable,"private void seekNonWs(final String pattern, final ParsePosition pos) {","private void seekNonWs(final String pattern, final ParsePosition pos) { pos = null;",44,
org/apache/commons/lang3/text/ExtendedMessageFormat.java,466,NullifyInputVariable,"private void seekNonWs(final String pattern, final ParsePosition pos) {","private void seekNonWs(final String pattern, final ParsePosition pos) { pattern = null;",45,
org/apache/commons/lang3/text/ExtendedMessageFormat.java,425,NullifyInputVariable,"private int readArgumentIndex(final String pattern, final ParsePosition pos) {","private int readArgumentIndex(final String pattern, final ParsePosition pos) { pos = null;",46,
org/apache/commons/lang3/text/ExtendedMessageFormat.java,425,NullifyInputVariable,"private int readArgumentIndex(final String pattern, final ParsePosition pos) {","private int readArgumentIndex(final String pattern, final ParsePosition pos) { pattern = null;",47,
org/apache/commons/lang3/text/ExtendedMessageFormat.java,391,NullifyInputVariable,"private String parseFormatDescription(final String pattern, final ParsePosition pos) {","private String parseFormatDescription(final String pattern, final ParsePosition pos) { pos = null;",48,
org/apache/commons/lang3/text/ExtendedMessageFormat.java,391,NullifyInputVariable,"private String parseFormatDescription(final String pattern, final ParsePosition pos) {","private String parseFormatDescription(final String pattern, final ParsePosition pos) { pattern = null;",49,
org/apache/commons/lang3/text/ExtendedMessageFormat.java,379,NullifyInputVariable,private ParsePosition next(final ParsePosition pos) {,private ParsePosition next(final ParsePosition pos) { pos = null;,50,
org/apache/commons/lang3/text/ExtendedMessageFormat.java,336,NullifyInputVariable,"private String insertFormats(final String pattern, final ArrayList<String> customPatterns) {","private String insertFormats(final String pattern, final ArrayList<String> customPatterns) { customPatterns = null;",51,
org/apache/commons/lang3/text/ExtendedMessageFormat.java,336,NullifyInputVariable,"private String insertFormats(final String pattern, final ArrayList<String> customPatterns) {","private String insertFormats(final String pattern, final ArrayList<String> customPatterns) { pattern = null;",52,
org/apache/commons/lang3/text/ExtendedMessageFormat.java,314,NullifyInputVariable,"private void getQuotedString(final String pattern, final ParsePosition pos) {","private void getQuotedString(final String pattern, final ParsePosition pos) { pos = null;",53,
org/apache/commons/lang3/text/ExtendedMessageFormat.java,314,NullifyInputVariable,"private void getQuotedString(final String pattern, final ParsePosition pos) {","private void getQuotedString(final String pattern, final ParsePosition pos) { pattern = null;",54,
org/apache/commons/lang3/text/ExtendedMessageFormat.java,291,NullifyInputVariable,private Format getFormat(final String desc) {,private Format getFormat(final String desc) { desc = null;,55,
org/apache/commons/lang3/text/ExtendedMessageFormat.java,265,NullifyInputVariable,public boolean equals(final Object obj) {,public boolean equals(final Object obj) { obj = null;,56,
org/apache/commons/lang3/text/ExtendedMessageFormat.java,251,NullifyInputVariable,private boolean containsElements(final Collection<?> coll) {,private boolean containsElements(final Collection<?> coll) { coll = null;,57,
org/apache/commons/lang3/text/ExtendedMessageFormat.java,180,NullifyInputVariable,public final void applyPattern(final String pattern) {,public final void applyPattern(final String pattern) { pattern = null;,58,
org/apache/commons/lang3/text/ExtendedMessageFormat.java,150,NullifyInputVariable,final StringBuilder appendTo) {,final StringBuilder appendTo) { appendTo = null;,59,
org/apache/commons/lang3/text/ExtendedMessageFormat.java,150,NullifyInputVariable,final StringBuilder appendTo) {,final StringBuilder appendTo) { pos = null;,60,
org/apache/commons/lang3/text/ExtendedMessageFormat.java,150,NullifyInputVariable,final StringBuilder appendTo) {,final StringBuilder appendTo) { pattern = null;,61,
org/apache/commons/lang3/text/FormattableUtils.java,136,NullifyInputVariable,public static String toString(final Formattable formattable) {,public static String toString(final Formattable formattable) { formattable = null;,11,
org/apache/commons/lang3/text/FormattableUtils.java,125,NullifyInputVariable,"final int precision, final CharSequence ellipsis) {","final int precision, final CharSequence ellipsis) { ellipsis = null;",12,
org/apache/commons/lang3/text/FormattableUtils.java,125,NullifyInputVariable,"final int precision, final CharSequence ellipsis) {","final int precision, final CharSequence ellipsis) { formatter = null;",13,
org/apache/commons/lang3/text/FormattableUtils.java,125,NullifyInputVariable,"final int precision, final CharSequence ellipsis) {","final int precision, final CharSequence ellipsis) { seq = null;",14,
org/apache/commons/lang3/text/FormattableUtils.java,95,NullifyInputVariable,"final int precision, final char padChar, final CharSequence ellipsis) {","final int precision, final char padChar, final CharSequence ellipsis) { ellipsis = null;",15,
org/apache/commons/lang3/text/FormattableUtils.java,95,NullifyInputVariable,"final int precision, final char padChar, final CharSequence ellipsis) {","final int precision, final char padChar, final CharSequence ellipsis) { formatter = null;",16,
org/apache/commons/lang3/text/FormattableUtils.java,95,NullifyInputVariable,"final int precision, final char padChar, final CharSequence ellipsis) {","final int precision, final char padChar, final CharSequence ellipsis) { seq = null;",17,
org/apache/commons/lang3/text/FormattableUtils.java,77,NullifyInputVariable,"final int precision, final char padChar) {","final int precision, final char padChar) { formatter = null;",18,
org/apache/commons/lang3/text/FormattableUtils.java,77,NullifyInputVariable,"final int precision, final char padChar) {","final int precision, final char padChar) { seq = null;",19,
org/apache/commons/lang3/text/FormattableUtils.java,60,NullifyInputVariable,final int precision) {,final int precision) { formatter = null;,20,
org/apache/commons/lang3/text/FormattableUtils.java,60,NullifyInputVariable,final int precision) {,final int precision) { seq = null;,21,
org/apache/commons/lang3/text/FormattableUtils.java,104,RelationalOperatorReplacement,for (int i = buf.length(); i < width; i++) {,for (int i = buf.length(); i >= width; i++) {,31,
org/apache/commons/lang3/text/FormattableUtils.java,99,RelationalOperatorReplacement,if (precision >= 0 && precision < seq.length()) {,if (precision >= 0 && precision >= seq.length()) {,33,
org/apache/commons/lang3/text/FormattableUtils.java,99,RelationalOperatorReplacement,if (precision >= 0 && precision < seq.length()) {,if (precision < 0 && precision < seq.length()) {,34,
org/apache/commons/lang3/text/FormattableUtils.java,96,RelationalOperatorReplacement,"Validate.isTrue(ellipsis == null || precision < 0 || ellipsis.length() <= precision,","Validate.isTrue(ellipsis == null || precision < 0 || ellipsis.length() > precision,",35,
org/apache/commons/lang3/text/FormattableUtils.java,96,RelationalOperatorReplacement,"Validate.isTrue(ellipsis == null || precision < 0 || ellipsis.length() <= precision,","Validate.isTrue(ellipsis == null || precision >= 0 || ellipsis.length() <= precision,",36,
org/apache/commons/lang3/text/StrLookup.java,79,NullifyInputVariable,public String lookup(final String key) {,public String lookup(final String key) { key = null;,10,
org/apache/commons/lang3/text/StrLookup.java,121,NullifyInputVariable,"public static <V> StrLookup<V> mapLookup(final Map<String, V> map) {","public static <V> StrLookup<V> mapLookup(final Map<String, V> map) { map = null;",8,
org/apache/commons/lang3/text/StrLookup.java,95,NullifyInputVariable,public String lookup(final String key) {,public String lookup(final String key) { key = null;,9,
org/apache/commons/lang3/text/StrMatcher.java,351,NullifyInputVariable,public static StrMatcher stringMatcher(final String str) {,public static StrMatcher stringMatcher(final String str) { str = null;,23,
org/apache/commons/lang3/text/StrMatcher.java,271,NullifyInputVariable,public static StrMatcher charSetMatcher(final String chars) {,public static StrMatcher charSetMatcher(final String chars) { chars = null;,24,
org/apache/commons/lang3/text/StrMatcher.java,193,RelationalOperatorReplacement,return buffer[pos] <= 32 ? 1 : 0;,return buffer[pos] > 32 ? 1 : 0;,71,
org/apache/commons/lang3/text/StrMatcher.java,157,RelationalOperatorReplacement,"for (int i = 0; i < chars.length; i++, pos++) {","for (int i = 0; i >= chars.length; i++, pos++) {",73,
org/apache/commons/lang3/text/StrMatcher.java,154,RelationalOperatorReplacement,if (pos + len > bufferEnd) {,if (pos + len <= bufferEnd) {,74,
org/apache/commons/lang3/text/StrMatcher.java,98,RelationalOperatorReplacement,"return Arrays.binarySearch(chars, buffer[pos]) >= 0 ? 1 : 0;","return Arrays.binarySearch(chars, buffer[pos]) < 0 ? 1 : 0;",75,
org/apache/commons/lang3/text/StrSubstitutor.java,1112,NullifyInputVariable,"private int substitute(final StrBuilder buf, final int offset, final int length, List<String> priorVariables) {","private int substitute(final StrBuilder buf, final int offset, final int length, List<String> priorVariables) { buf = null;",101,
org/apache/commons/lang3/text/StrSubstitutor.java,1096,NullifyInputVariable,"protected boolean substitute(final StrBuilder buf, final int offset, final int length) {","protected boolean substitute(final StrBuilder buf, final int offset, final int length) { buf = null;",102,
org/apache/commons/lang3/text/StrSubstitutor.java,1075,NullifyInputVariable,public StrSubstitutor setVariableSuffixMatcher(final StrMatcher suffixMatcher) {,public StrSubstitutor setVariableSuffixMatcher(final StrMatcher suffixMatcher) { suffixMatcher = null;,103,
org/apache/commons/lang3/text/StrSubstitutor.java,1059,NullifyInputVariable,public StrSubstitutor setVariableSuffix(final String suffix) {,public StrSubstitutor setVariableSuffix(final String suffix) { suffix = null;,104,
org/apache/commons/lang3/text/StrSubstitutor.java,1029,NullifyInputVariable,public void setVariableResolver(final StrLookup<?> variableResolver) {,public void setVariableResolver(final StrLookup<?> variableResolver) { variableResolver = null;,105,
org/apache/commons/lang3/text/StrSubstitutor.java,1019,NullifyInputVariable,public StrSubstitutor setVariablePrefixMatcher(final StrMatcher prefixMatcher) {,public StrSubstitutor setVariablePrefixMatcher(final StrMatcher prefixMatcher) { prefixMatcher = null;,106,
org/apache/commons/lang3/text/StrSubstitutor.java,1003,NullifyInputVariable,public StrSubstitutor setVariablePrefix(final String prefix) {,public StrSubstitutor setVariablePrefix(final String prefix) { prefix = null;,107,
org/apache/commons/lang3/text/StrSubstitutor.java,972,NullifyInputVariable,public StrSubstitutor setValueDelimiterMatcher(final StrMatcher valueDelimiterMatcher) {,public StrSubstitutor setValueDelimiterMatcher(final StrMatcher valueDelimiterMatcher) { valueDelimiterMatcher = null;,108,
org/apache/commons/lang3/text/StrSubstitutor.java,948,NullifyInputVariable,public StrSubstitutor setValueDelimiter(final String valueDelimiter) {,public StrSubstitutor setValueDelimiter(final String valueDelimiter) { valueDelimiter = null;,109,
org/apache/commons/lang3/text/StrSubstitutor.java,867,NullifyInputVariable,"protected String resolveVariable(final String variableName, final StrBuilder buf, final int startPos, final int endPos) {","protected String resolveVariable(final String variableName, final StrBuilder buf, final int startPos, final int endPos) { buf = null;",110,
org/apache/commons/lang3/text/StrSubstitutor.java,867,NullifyInputVariable,"protected String resolveVariable(final String variableName, final StrBuilder buf, final int startPos, final int endPos) {","protected String resolveVariable(final String variableName, final StrBuilder buf, final int startPos, final int endPos) { variableName = null;",111,
org/apache/commons/lang3/text/StrSubstitutor.java,836,NullifyInputVariable,"public boolean replaceIn(final StringBuilder source, final int offset, final int length) {","public boolean replaceIn(final StringBuilder source, final int offset, final int length) { source = null;",112,
org/apache/commons/lang3/text/StrSubstitutor.java,814,NullifyInputVariable,public boolean replaceIn(final StringBuilder source) {,public boolean replaceIn(final StringBuilder source) { source = null;,113,
org/apache/commons/lang3/text/StrSubstitutor.java,793,NullifyInputVariable,"public boolean replaceIn(final StringBuffer source, final int offset, final int length) {","public boolean replaceIn(final StringBuffer source, final int offset, final int length) { source = null;",114,
org/apache/commons/lang3/text/StrSubstitutor.java,772,NullifyInputVariable,public boolean replaceIn(final StringBuffer source) {,public boolean replaceIn(final StringBuffer source) { source = null;,115,
org/apache/commons/lang3/text/StrSubstitutor.java,757,NullifyInputVariable,"public boolean replaceIn(final StrBuilder source, final int offset, final int length) {","public boolean replaceIn(final StrBuilder source, final int offset, final int length) { source = null;",116,
org/apache/commons/lang3/text/StrSubstitutor.java,737,NullifyInputVariable,public boolean replaceIn(final StrBuilder source) {,public boolean replaceIn(final StrBuilder source) { source = null;,117,
org/apache/commons/lang3/text/StrSubstitutor.java,721,NullifyInputVariable,"public String replace(final StringBuffer source, final int offset, final int length) {","public String replace(final StringBuffer source, final int offset, final int length) { source = null;",118,
org/apache/commons/lang3/text/StrSubstitutor.java,698,NullifyInputVariable,public String replace(final StringBuffer source) {,public String replace(final StringBuffer source) { source = null;,119,
org/apache/commons/lang3/text/StrSubstitutor.java,679,NullifyInputVariable,"public String replace(final String source, final int offset, final int length) {","public String replace(final String source, final int offset, final int length) { source = null;",120,
org/apache/commons/lang3/text/StrSubstitutor.java,655,NullifyInputVariable,public String replace(final String source) {,public String replace(final String source) { source = null;,121,
org/apache/commons/lang3/text/StrSubstitutor.java,639,NullifyInputVariable,"public String replace(final StrBuilder source, final int offset, final int length) {","public String replace(final StrBuilder source, final int offset, final int length) { source = null;",122,
org/apache/commons/lang3/text/StrSubstitutor.java,616,NullifyInputVariable,public String replace(final StrBuilder source) {,public String replace(final StrBuilder source) { source = null;,123,
org/apache/commons/lang3/text/StrSubstitutor.java,599,NullifyInputVariable,public String replace(final Object source) {,public String replace(final Object source) { source = null;,124,
org/apache/commons/lang3/text/StrSubstitutor.java,582,NullifyInputVariable,"public String replace(final CharSequence source, final int offset, final int length) {","public String replace(final CharSequence source, final int offset, final int length) { source = null;",125,
org/apache/commons/lang3/text/StrSubstitutor.java,560,NullifyInputVariable,public String replace(final CharSequence source) {,public String replace(final CharSequence source) { source = null;,126,
org/apache/commons/lang3/text/StrSubstitutor.java,414,NullifyInputVariable,"private void checkCyclicSubstitution(final String varName, final List<String> priorVariables) {","private void checkCyclicSubstitution(final String varName, final List<String> priorVariables) { priorVariables = null;",127,
org/apache/commons/lang3/text/StrSubstitutor.java,414,NullifyInputVariable,"private void checkCyclicSubstitution(final String varName, final List<String> priorVariables) {","private void checkCyclicSubstitution(final String varName, final List<String> priorVariables) { varName = null;",128,
org/apache/commons/lang3/text/StrSubstitutor.java,225,NullifyInputVariable,public static String replaceSystemProperties(final Object source) {,public static String replaceSystemProperties(final Object source) { source = null;,129,
org/apache/commons/lang3/text/StrSubstitutor.java,205,NullifyInputVariable,"public static String replace(final Object source, final Properties valueProperties) {","public static String replace(final Object source, final Properties valueProperties) { valueProperties = null;",130,
org/apache/commons/lang3/text/StrSubstitutor.java,205,NullifyInputVariable,"public static String replace(final Object source, final Properties valueProperties) {","public static String replace(final Object source, final Properties valueProperties) { source = null;",131,
org/apache/commons/lang3/text/StrSubstitutor.java,194,NullifyInputVariable,"public static <V> String replace(final Object source, final Map<String, V> valueMap, final String prefix, final String suffix) {","public static <V> String replace(final Object source, final Map<String, V> valueMap, final String prefix, final String suffix) { suffix = null;",132,
org/apache/commons/lang3/text/StrSubstitutor.java,194,NullifyInputVariable,"public static <V> String replace(final Object source, final Map<String, V> valueMap, final String prefix, final String suffix) {","public static <V> String replace(final Object source, final Map<String, V> valueMap, final String prefix, final String suffix) { prefix = null;",133,
org/apache/commons/lang3/text/StrSubstitutor.java,194,NullifyInputVariable,"public static <V> String replace(final Object source, final Map<String, V> valueMap, final String prefix, final String suffix) {","public static <V> String replace(final Object source, final Map<String, V> valueMap, final String prefix, final String suffix) { valueMap = null;",134,
org/apache/commons/lang3/text/StrSubstitutor.java,194,NullifyInputVariable,"public static <V> String replace(final Object source, final Map<String, V> valueMap, final String prefix, final String suffix) {","public static <V> String replace(final Object source, final Map<String, V> valueMap, final String prefix, final String suffix) { source = null;",135,
org/apache/commons/lang3/text/StrSubstitutor.java,178,NullifyInputVariable,"public static <V> String replace(final Object source, final Map<String, V> valueMap) {","public static <V> String replace(final Object source, final Map<String, V> valueMap) { valueMap = null;",136,
org/apache/commons/lang3/text/StrSubstitutor.java,178,NullifyInputVariable,"public static <V> String replace(final Object source, final Map<String, V> valueMap) {","public static <V> String replace(final Object source, final Map<String, V> valueMap) { source = null;",137,
org/apache/commons/lang3/text/StrSubstitutor.java,1182,RelationalOperatorReplacement,for (int i = 0; i < varNameExprChars.length; i++) {,for (int i = 0; i >= varNameExprChars.length; i++) {,245,
org/apache/commons/lang3/text/StrSubstitutor.java,1148,RelationalOperatorReplacement,while (pos < bufEnd) {,while (pos >= bufEnd) {,250,
org/apache/commons/lang3/text/StrSubstitutor.java,1131,RelationalOperatorReplacement,if (pos > offset && chars[pos - 1] == escape) {,if (pos <= offset && chars[pos - 1] == escape) {,252,
org/apache/commons/lang3/text/StrSubstitutor.java,1125,RelationalOperatorReplacement,while (pos < bufEnd) {,while (pos >= bufEnd) {,254,
org/apache/commons/lang3/text/StrSubstitutor.java,1097,RelationalOperatorReplacement,"return substitute(buf, offset, length, null) > 0;","return substitute(buf, offset, length, null) <= 0;",256,
org/apache/commons/lang3/text/StrTokenizer.java,1087,RelationalOperatorReplacement,if (pos >= count) {,if (pos < count) {,178,
org/apache/commons/lang3/text/StrTokenizer.java,1082,RelationalOperatorReplacement,while (pos >= 0 && pos < count) {,while (pos >= 0 && pos >= count) {,179,
org/apache/commons/lang3/text/StrTokenizer.java,1082,RelationalOperatorReplacement,while (pos >= 0 && pos < count) {,while (pos < 0 && pos < count) {,180,
org/apache/commons/lang3/text/StrTokenizer.java,817,RelationalOperatorReplacement,if (trimmedLen > 0) {,if (trimmedLen <= 0) {,186,
org/apache/commons/lang3/text/StrTokenizer.java,808,RelationalOperatorReplacement,if (ignoredLen > 0) {,if (ignoredLen <= 0) {,187,
org/apache/commons/lang3/text/StrTokenizer.java,800,RelationalOperatorReplacement,"if (quoteLen > 0 && isQuote(srcChars, pos, len, quoteStart, quoteLen)) {","if (quoteLen <= 0 && isQuote(srcChars, pos, len, quoteStart, quoteLen)) {",188,
org/apache/commons/lang3/text/StrTokenizer.java,793,RelationalOperatorReplacement,if (delimLen > 0) {,if (delimLen <= 0) {,189,
org/apache/commons/lang3/text/StrTokenizer.java,762,RelationalOperatorReplacement,while (pos < len) {,while (pos >= len) {,190,
org/apache/commons/lang3/text/StrTokenizer.java,759,RelationalOperatorReplacement,boolean quoting = quoteLen > 0;,boolean quoting = quoteLen <= 0;,191,
org/apache/commons/lang3/text/StrTokenizer.java,733,RelationalOperatorReplacement,if (quoteLen > 0) {,if (quoteLen <= 0) {,192,
org/apache/commons/lang3/text/StrTokenizer.java,726,RelationalOperatorReplacement,if (delimLen > 0) {,if (delimLen <= 0) {,193,
org/apache/commons/lang3/text/StrTokenizer.java,719,RelationalOperatorReplacement,if (start >= len) {,if (start < len) {,194,
org/apache/commons/lang3/text/StrTokenizer.java,712,RelationalOperatorReplacement,"getQuoteMatcher().isMatch(srcChars, start, start, len) > 0) {","getQuoteMatcher().isMatch(srcChars, start, start, len) <= 0) {",195,
org/apache/commons/lang3/text/StrTokenizer.java,711,RelationalOperatorReplacement,"getDelimiterMatcher().isMatch(srcChars, start, start, len) > 0 ||","getDelimiterMatcher().isMatch(srcChars, start, start, len) <= 0 ||",196,
org/apache/commons/lang3/text/StrTokenizer.java,706,RelationalOperatorReplacement,while (start < len) {,while (start >= len) {,198,
org/apache/commons/lang3/text/StrTokenizer.java,612,RelationalOperatorReplacement,if (pos + i >= len || srcChars[pos + i] != srcChars[quoteStart + i]) {,if (pos + i < len || srcChars[pos + i] != srcChars[quoteStart + i]) {,200,
org/apache/commons/lang3/text/StrTokenizer.java,611,RelationalOperatorReplacement,for (int i = 0; i < quoteLen; i++) {,for (int i = 0; i >= quoteLen; i++) {,201,
org/apache/commons/lang3/text/StrTokenizer.java,576,RelationalOperatorReplacement,return tokenPos > 0;,return tokenPos <= 0;,202,
org/apache/commons/lang3/text/StrTokenizer.java,565,RelationalOperatorReplacement,return tokenPos < tokens.length;,return tokenPos >= tokens.length;,203,
org/apache/commons/lang3/text/StrTokenizer.java,1032,NullifyInputVariable,public StrTokenizer setTrimmerMatcher(final StrMatcher trimmer) {,public StrTokenizer setTrimmerMatcher(final StrMatcher trimmer) { trimmer = null;,74,
org/apache/commons/lang3/text/StrTokenizer.java,1015,NullifyInputVariable,public StrTokenizer setQuoteMatcher(final StrMatcher quote) {,public StrTokenizer setQuoteMatcher(final StrMatcher quote) { quote = null;,75,
org/apache/commons/lang3/text/StrTokenizer.java,972,NullifyInputVariable,public StrTokenizer setIgnoredMatcher(final StrMatcher ignored) {,public StrTokenizer setIgnoredMatcher(final StrMatcher ignored) { ignored = null;,76,
org/apache/commons/lang3/text/StrTokenizer.java,933,NullifyInputVariable,public StrTokenizer setDelimiterString(final String delim) {,public StrTokenizer setDelimiterString(final String delim) { delim = null;,77,
org/apache/commons/lang3/text/StrTokenizer.java,918,NullifyInputVariable,public StrTokenizer setDelimiterMatcher(final StrMatcher delim) {,public StrTokenizer setDelimiterMatcher(final StrMatcher delim) { delim = null;,78,
org/apache/commons/lang3/text/StrTokenizer.java,895,NullifyInputVariable,public void set(final String obj) {,public void set(final String obj) { obj = null;,79,
org/apache/commons/lang3/text/StrTokenizer.java,879,NullifyInputVariable,public StrTokenizer reset(final String input) {,public StrTokenizer reset(final String input) { input = null;,80,
org/apache/commons/lang3/text/StrTokenizer.java,754,NullifyInputVariable,"final List<String> tokenList, final int quoteStart, final int quoteLen) {","final List<String> tokenList, final int quoteStart, final int quoteLen) { tokenList = null;",81,
org/apache/commons/lang3/text/StrTokenizer.java,754,NullifyInputVariable,"final List<String> tokenList, final int quoteStart, final int quoteLen) {","final List<String> tokenList, final int quoteStart, final int quoteLen) { workArea = null;",82,
org/apache/commons/lang3/text/StrTokenizer.java,703,NullifyInputVariable,"private int readNextToken(final char[] srcChars, int start, final int len, final StrBuilder workArea, final List<String> tokenList) {","private int readNextToken(final char[] srcChars, int start, final int len, final StrBuilder workArea, final List<String> tokenList) { tokenList = null;",83,
org/apache/commons/lang3/text/StrTokenizer.java,703,NullifyInputVariable,"private int readNextToken(final char[] srcChars, int start, final int len, final StrBuilder workArea, final List<String> tokenList) {","private int readNextToken(final char[] srcChars, int start, final int len, final StrBuilder workArea, final List<String> tokenList) { workArea = null;",84,
org/apache/commons/lang3/text/StrTokenizer.java,410,NullifyInputVariable,"private void addToken(final List<String> list, String tok) {","private void addToken(final List<String> list, String tok) { list = null;",86,
org/apache/commons/lang3/text/StrTokenizer.java,400,NullifyInputVariable,public void add(final String obj) {,public void add(final String obj) { obj = null;,87,
org/apache/commons/lang3/text/StrTokenizer.java,209,NullifyInputVariable,public static StrTokenizer getTSVInstance(final String input) {,public static StrTokenizer getTSVInstance(final String input) { input = null;,88,
org/apache/commons/lang3/text/StrTokenizer.java,164,NullifyInputVariable,public static StrTokenizer getCSVInstance(final String input) {,public static StrTokenizer getCSVInstance(final String input) { input = null;,89,
org/apache/commons/lang3/text/WordUtils.java,689,RelationalOperatorReplacement,if (spaceToWrapAt >= 0) {,if (spaceToWrapAt < 0) {,109,
org/apache/commons/lang3/text/WordUtils.java,670,RelationalOperatorReplacement,if (spaceToWrapAt >= offset) {,if (spaceToWrapAt < offset) {,110,
org/apache/commons/lang3/text/WordUtils.java,662,RelationalOperatorReplacement,if (inputLineLength - offset <= wrapLength) {,if (inputLineLength - offset > wrapLength) {,111,
org/apache/commons/lang3/text/WordUtils.java,649,RelationalOperatorReplacement,while (offset < inputLineLength) {,while (offset >= inputLineLength) {,113,
org/apache/commons/lang3/text/WordUtils.java,638,RelationalOperatorReplacement,if (wrapLength < 1) {,if (wrapLength >= 1) {,114,
org/apache/commons/lang3/text/WordUtils.java,399,RelationalOperatorReplacement,for (int i = 0; i < buffer.length; i++) {,for (int i = 0; i >= buffer.length; i++) {,117,
org/apache/commons/lang3/text/WordUtils.java,327,RelationalOperatorReplacement,for (int i = 0; i < buffer.length; i++) {,for (int i = 0; i >= buffer.length; i++) {,120,
org/apache/commons/lang3/text/WordUtils.java,272,RelationalOperatorReplacement,for (int i = 0; i < strLen; i++) {,for (int i = 0; i >= strLen; i++) {,122,
org/apache/commons/lang3/text/WordUtils.java,103,RelationalOperatorReplacement,for (int i = 0; i < buffer.length; i++) {,for (int i = 0; i >= buffer.length; i++) {,127,
org/apache/commons/lang3/text/WordUtils.java,631,NullifyInputVariable,"public static String wrap(final String str, int wrapLength, String newLineStr, final boolean wrapLongWords, String wrapOn) {","public static String wrap(final String str, int wrapLength, String newLineStr, final boolean wrapLongWords, String wrapOn) { str = null;",52,
org/apache/commons/lang3/text/WordUtils.java,537,NullifyInputVariable,"public static String wrap(final String str, final int wrapLength, final String newLineStr, final boolean wrapLongWords) {","public static String wrap(final String str, final int wrapLength, final String newLineStr, final boolean wrapLongWords) { newLineStr = null;",53,
org/apache/commons/lang3/text/WordUtils.java,537,NullifyInputVariable,"public static String wrap(final String str, final int wrapLength, final String newLineStr, final boolean wrapLongWords) {","public static String wrap(final String str, final int wrapLength, final String newLineStr, final boolean wrapLongWords) { str = null;",54,
org/apache/commons/lang3/text/WordUtils.java,460,NullifyInputVariable,"public static String wrap(final String str, final int wrapLength) {","public static String wrap(final String str, final int wrapLength) { str = null;",55,
org/apache/commons/lang3/text/WordUtils.java,392,NullifyInputVariable,"public static String uncapitalize(final String str, final char... delimiters) {","public static String uncapitalize(final String str, final char... delimiters) { str = null;",56,
org/apache/commons/lang3/text/WordUtils.java,363,NullifyInputVariable,public static String uncapitalize(final String str) {,public static String uncapitalize(final String str) { str = null;,57,
org/apache/commons/lang3/text/WordUtils.java,319,NullifyInputVariable,public static String swapCase(final String str) {,public static String swapCase(final String str) { str = null;,58,
org/apache/commons/lang3/text/WordUtils.java,261,NullifyInputVariable,"public static String initials(final String str, final char... delimiters) {","public static String initials(final String str, final char... delimiters) { str = null;",59,
org/apache/commons/lang3/text/WordUtils.java,231,NullifyInputVariable,public static String initials(final String str) {,public static String initials(final String str) { str = null;,60,
org/apache/commons/lang3/text/WordUtils.java,194,NullifyInputVariable,"public static boolean containsAllWords(final CharSequence word, final CharSequence... words) {","public static boolean containsAllWords(final CharSequence word, final CharSequence... words) { words = null;",61,
org/apache/commons/lang3/text/WordUtils.java,194,NullifyInputVariable,"public static boolean containsAllWords(final CharSequence word, final CharSequence... words) {","public static boolean containsAllWords(final CharSequence word, final CharSequence... words) { word = null;",62,
org/apache/commons/lang3/text/WordUtils.java,164,NullifyInputVariable,"public static String capitalizeFully(final String str, final char... delimiters) {","public static String capitalizeFully(final String str, final char... delimiters) { str = null;",63,
org/apache/commons/lang3/text/WordUtils.java,134,NullifyInputVariable,public static String capitalizeFully(final String str) {,public static String capitalizeFully(final String str) { str = null;,64,
org/apache/commons/lang3/text/WordUtils.java,96,NullifyInputVariable,"public static String capitalize(final String str, final char... delimiters) {","public static String capitalize(final String str, final char... delimiters) { str = null;",65,
org/apache/commons/lang3/text/WordUtils.java,63,NullifyInputVariable,public static String capitalize(final String str) {,public static String capitalize(final String str) { str = null;,66,
org/apache/commons/lang3/text/translate/AggregateTranslator.java,53,NullifyInputVariable,"public int translate(final CharSequence input, final int index, final Writer out) throws IOException {","public int translate(final CharSequence input, final int index, final Writer out) throws IOException { out = null;",1,
org/apache/commons/lang3/text/translate/AggregateTranslator.java,53,NullifyInputVariable,"public int translate(final CharSequence input, final int index, final Writer out) throws IOException {","public int translate(final CharSequence input, final int index, final Writer out) throws IOException { input = null;",2,
org/apache/commons/lang3/text/translate/CharSequenceTranslator.java,142,NullifyInputVariable,public final CharSequenceTranslator with(final CharSequenceTranslator... translators) {,public final CharSequenceTranslator with(final CharSequenceTranslator... translators) { translators = null;,11,
org/apache/commons/lang3/text/translate/CharSequenceTranslator.java,103,NullifyInputVariable,"public final void translate(final CharSequence input, final Writer writer) throws IOException {","public final void translate(final CharSequence input, final Writer writer) throws IOException { writer = null;",12,
org/apache/commons/lang3/text/translate/CharSequenceTranslator.java,103,NullifyInputVariable,"public final void translate(final CharSequence input, final Writer writer) throws IOException {","public final void translate(final CharSequence input, final Writer writer) throws IOException { input = null;",13,
org/apache/commons/lang3/text/translate/CharSequenceTranslator.java,66,NullifyInputVariable,public final String translate(final CharSequence input) {,public final String translate(final CharSequence input) { input = null;,14,
org/apache/commons/lang3/text/translate/CharSequenceTranslator.java,129,RelationalOperatorReplacement,for (int pt = 0; pt < consumed; pt++) {,for (int pt = 0; pt >= consumed; pt++) {,27,
org/apache/commons/lang3/text/translate/CharSequenceTranslator.java,118,RelationalOperatorReplacement,if (Character.isHighSurrogate(c1) && pos < len) {,if (Character.isHighSurrogate(c1) && pos >= len) {,28,
org/apache/commons/lang3/text/translate/CharSequenceTranslator.java,110,RelationalOperatorReplacement,while (pos < len) {,while (pos >= len) {,30,
org/apache/commons/lang3/text/translate/CodePointTranslator.java,46,NullifyInputVariable,"public final int translate(final CharSequence input, final int index, final Writer out) throws IOException {","public final int translate(final CharSequence input, final int index, final Writer out) throws IOException { out = null;",1,
org/apache/commons/lang3/text/translate/CodePointTranslator.java,46,NullifyInputVariable,"public final int translate(final CharSequence input, final int index, final Writer out) throws IOException {","public final int translate(final CharSequence input, final int index, final Writer out) throws IOException { input = null;",2,
org/apache/commons/lang3/text/translate/EntityArrays.java,414,NullifyInputVariable,public static String[][] invert(final String[][] array) {,public static String[][] invert(final String[][] array) { array = null;,12,
org/apache/commons/lang3/text/translate/EntityArrays.java,416,RelationalOperatorReplacement,for (int i = 0; i < array.length; i++) {,for (int i = 0; i >= array.length; i++) {,36,
org/apache/commons/lang3/text/translate/LookupTranslator.java,83,RelationalOperatorReplacement,for (int i = max; i >= shortest; i--) {,for (int i = max; i < shortest; i--) {,14,
org/apache/commons/lang3/text/translate/LookupTranslator.java,79,RelationalOperatorReplacement,if (index + longest > input.length()) {,if (index + longest <= input.length()) {,15,
org/apache/commons/lang3/text/translate/LookupTranslator.java,62,RelationalOperatorReplacement,if (sz > tmpLongest) {,if (sz <= tmpLongest) {,16,
org/apache/commons/lang3/text/translate/LookupTranslator.java,59,RelationalOperatorReplacement,if (sz < tmpShortest) {,if (sz >= tmpShortest) {,17,
org/apache/commons/lang3/text/translate/LookupTranslator.java,75,NullifyInputVariable,"public int translate(final CharSequence input, final int index, final Writer out) throws IOException {","public int translate(final CharSequence input, final int index, final Writer out) throws IOException { out = null;",6,
org/apache/commons/lang3/text/translate/LookupTranslator.java,75,NullifyInputVariable,"public int translate(final CharSequence input, final int index, final Writer out) throws IOException {","public int translate(final CharSequence input, final int index, final Writer out) throws IOException { input = null;",7,
org/apache/commons/lang3/text/translate/NumericEntityEscaper.java,111,RelationalOperatorReplacement,} else if (codePoint >= below && codePoint <= above) {,} else if (codePoint >= below && codePoint > above) {,16,
org/apache/commons/lang3/text/translate/NumericEntityEscaper.java,111,RelationalOperatorReplacement,} else if (codePoint >= below && codePoint <= above) {,} else if (codePoint < below && codePoint <= above) {,17,
org/apache/commons/lang3/text/translate/NumericEntityEscaper.java,108,RelationalOperatorReplacement,if (codePoint < below || codePoint > above) {,if (codePoint < below || codePoint <= above) {,18,
org/apache/commons/lang3/text/translate/NumericEntityEscaper.java,108,RelationalOperatorReplacement,if (codePoint < below || codePoint > above) {,if (codePoint >= below || codePoint > above) {,19,
org/apache/commons/lang3/text/translate/NumericEntityEscaper.java,106,NullifyInputVariable,"public boolean translate(final int codePoint, final Writer out) throws IOException {","public boolean translate(final int codePoint, final Writer out) throws IOException { out = null;",7,
org/apache/commons/lang3/text/translate/NumericEntityUnescaper.java,99,NullifyInputVariable,"public int translate(final CharSequence input, final int index, final Writer out) throws IOException {","public int translate(final CharSequence input, final int index, final Writer out) throws IOException { out = null;",21,
org/apache/commons/lang3/text/translate/NumericEntityUnescaper.java,99,NullifyInputVariable,"public int translate(final CharSequence input, final int index, final Writer out) throws IOException {","public int translate(final CharSequence input, final int index, final Writer out) throws IOException { input = null;",22,
org/apache/commons/lang3/text/translate/NumericEntityUnescaper.java,91,NullifyInputVariable,public boolean isSet(final OPTION option) {,public boolean isSet(final OPTION option) { option = null;,23,
org/apache/commons/lang3/text/translate/NumericEntityUnescaper.java,147,RelationalOperatorReplacement,if (entityValue > 0xFFFF) {,if (entityValue <= 0xFFFF) {,31,
org/apache/commons/lang3/text/translate/NumericEntityUnescaper.java,121,RelationalOperatorReplacement,input.charAt(end) >= 'A' && input.charAt(end) <= 'F' ) ) {,input.charAt(end) >= 'A' && input.charAt(end) > 'F' ) ) {,34,
org/apache/commons/lang3/text/translate/NumericEntityUnescaper.java,121,RelationalOperatorReplacement,input.charAt(end) >= 'A' && input.charAt(end) <= 'F' ) ) {,input.charAt(end) < 'A' && input.charAt(end) <= 'F' ) ) {,35,
org/apache/commons/lang3/text/translate/NumericEntityUnescaper.java,120,RelationalOperatorReplacement,input.charAt(end) >= 'a' && input.charAt(end) <= 'f' ||,input.charAt(end) >= 'a' && input.charAt(end) > 'f' ||,36,
org/apache/commons/lang3/text/translate/NumericEntityUnescaper.java,120,RelationalOperatorReplacement,input.charAt(end) >= 'a' && input.charAt(end) <= 'f' ||,input.charAt(end) < 'a' && input.charAt(end) <= 'f' ||,37,
org/apache/commons/lang3/text/translate/NumericEntityUnescaper.java,119,RelationalOperatorReplacement,while (end < seqEnd && ( input.charAt(end) >= '0' && input.charAt(end) <= '9' ||,while (end < seqEnd && ( input.charAt(end) >= '0' && input.charAt(end) > '9' ||,38,
org/apache/commons/lang3/text/translate/NumericEntityUnescaper.java,119,RelationalOperatorReplacement,while (end < seqEnd && ( input.charAt(end) >= '0' && input.charAt(end) <= '9' ||,while (end < seqEnd && ( input.charAt(end) < '0' && input.charAt(end) <= '9' ||,39,
org/apache/commons/lang3/text/translate/NumericEntityUnescaper.java,119,RelationalOperatorReplacement,while (end < seqEnd && ( input.charAt(end) >= '0' && input.charAt(end) <= '9' ||,while (end >= seqEnd && ( input.charAt(end) >= '0' && input.charAt(end) <= '9' ||,40,
org/apache/commons/lang3/text/translate/NumericEntityUnescaper.java,102,RelationalOperatorReplacement,if (input.charAt(index) == '&' && index < seqEnd - 2 && input.charAt(index + 1) == '#') {,if (input.charAt(index) == '&' && index >= seqEnd - 2 && input.charAt(index + 1) == '#') {,45,
org/apache/commons/lang3/text/translate/NumericEntityUnescaper.java,78,RelationalOperatorReplacement,if (options.length > 0) {,if (options.length <= 0) {,48,
org/apache/commons/lang3/text/translate/OctalUnescaper.java,67,NullifyInputVariable,"public int translate(final CharSequence input, final int index, final Writer out) throws IOException {","public int translate(final CharSequence input, final int index, final Writer out) throws IOException { out = null;",15,
org/apache/commons/lang3/text/translate/OctalUnescaper.java,67,NullifyInputVariable,"public int translate(final CharSequence input, final int index, final Writer out) throws IOException {","public int translate(final CharSequence input, final int index, final Writer out) throws IOException { input = null;",16,
org/apache/commons/lang3/text/translate/OctalUnescaper.java,80,RelationalOperatorReplacement,if (remaining > 2 && isZeroToThree(input.charAt(next)) && isOctalDigit(input.charAt(next3))) {,if (remaining <= 2 && isZeroToThree(input.charAt(next)) && isOctalDigit(input.charAt(next3))) {,24,
org/apache/commons/lang3/text/translate/OctalUnescaper.java,78,RelationalOperatorReplacement,if (remaining > 1 && isOctalDigit(input.charAt(next2))) {,if (remaining <= 1 && isOctalDigit(input.charAt(next2))) {,25,
org/apache/commons/lang3/text/translate/OctalUnescaper.java,70,RelationalOperatorReplacement,if (input.charAt(index) == '\\' && remaining > 0 && isOctalDigit(input.charAt(index + 1)) ) {,if (input.charAt(index) == '\\' && remaining <= 0 && isOctalDigit(input.charAt(index + 1)) ) {,26,
org/apache/commons/lang3/text/translate/OctalUnescaper.java,60,RelationalOperatorReplacement,return ch >= '0' && ch <= '3';,return ch >= '0' && ch > '3';,28,
org/apache/commons/lang3/text/translate/OctalUnescaper.java,60,RelationalOperatorReplacement,return ch >= '0' && ch <= '3';,return ch < '0' && ch <= '3';,29,
org/apache/commons/lang3/text/translate/OctalUnescaper.java,51,RelationalOperatorReplacement,return ch >= '0' && ch <= '7';,return ch >= '0' && ch > '7';,30,
org/apache/commons/lang3/text/translate/OctalUnescaper.java,51,RelationalOperatorReplacement,return ch >= '0' && ch <= '7';,return ch < '0' && ch <= '7';,31,
org/apache/commons/lang3/text/translate/UnicodeEscaper.java,119,NullifyInputVariable,"public boolean translate(final int codePoint, final Writer out) throws IOException {","public boolean translate(final int codePoint, final Writer out) throws IOException { out = null;",11,
org/apache/commons/lang3/text/translate/UnicodeEscaper.java,129,RelationalOperatorReplacement,if (codePoint > 0xffff) {,if (codePoint <= 0xffff) {,26,
org/apache/commons/lang3/text/translate/UnicodeEscaper.java,124,RelationalOperatorReplacement,} else if (codePoint >= below && codePoint <= above) {,} else if (codePoint >= below && codePoint > above) {,27,
org/apache/commons/lang3/text/translate/UnicodeEscaper.java,124,RelationalOperatorReplacement,} else if (codePoint >= below && codePoint <= above) {,} else if (codePoint < below && codePoint <= above) {,28,
org/apache/commons/lang3/text/translate/UnicodeEscaper.java,121,RelationalOperatorReplacement,if (codePoint < below || codePoint > above) {,if (codePoint < below || codePoint <= above) {,29,
org/apache/commons/lang3/text/translate/UnicodeEscaper.java,121,RelationalOperatorReplacement,if (codePoint < below || codePoint > above) {,if (codePoint >= below || codePoint > above) {,30,
org/apache/commons/lang3/text/translate/UnicodeUnescaper.java,46,NullifyInputVariable,"public int translate(final CharSequence input, final int index, final Writer out) throws IOException {","public int translate(final CharSequence input, final int index, final Writer out) throws IOException { out = null;",17,
org/apache/commons/lang3/text/translate/UnicodeUnescaper.java,46,NullifyInputVariable,"public int translate(final CharSequence input, final int index, final Writer out) throws IOException {","public int translate(final CharSequence input, final int index, final Writer out) throws IOException { input = null;",18,
org/apache/commons/lang3/text/translate/UnicodeUnescaper.java,58,RelationalOperatorReplacement,if (index + i + 4 <= input.length()) {,if (index + i + 4 > input.length()) {,25,
org/apache/commons/lang3/text/translate/UnicodeUnescaper.java,54,RelationalOperatorReplacement,if (index + i < input.length() && input.charAt(index + i) == '+') {,if (index + i >= input.length() && input.charAt(index + i) == '+') {,27,
org/apache/commons/lang3/text/translate/UnicodeUnescaper.java,50,RelationalOperatorReplacement,while (index + i < input.length() && input.charAt(index + i) == 'u') {,while (index + i >= input.length() && input.charAt(index + i) == 'u') {,29,
org/apache/commons/lang3/text/translate/UnicodeUnescaper.java,47,RelationalOperatorReplacement,if (input.charAt(index) == '\\' && index + 1 < input.length() && input.charAt(index + 1) == 'u') {,if (input.charAt(index) == '\\' && index + 1 >= input.length() && input.charAt(index + 1) == 'u') {,31,
org/apache/commons/lang3/text/translate/UnicodeUnpairedSurrogateRemover.java,44,NullifyInputVariable,"public boolean translate(final int codePoint, final Writer out) throws IOException {","public boolean translate(final int codePoint, final Writer out) throws IOException { out = null;",2,
org/apache/commons/lang3/text/translate/UnicodeUnpairedSurrogateRemover.java,46,RelationalOperatorReplacement,return codePoint >= Character.MIN_SURROGATE && codePoint <= Character.MAX_SURROGATE;,return codePoint >= Character.MIN_SURROGATE && codePoint > Character.MAX_SURROGATE;,5,
org/apache/commons/lang3/text/translate/UnicodeUnpairedSurrogateRemover.java,46,RelationalOperatorReplacement,return codePoint >= Character.MIN_SURROGATE && codePoint <= Character.MAX_SURROGATE;,return codePoint < Character.MIN_SURROGATE && codePoint <= Character.MAX_SURROGATE;,6,
org/apache/commons/lang3/time/AbstractFormatCache.java,238,NullifyInputVariable,"F getTimeInstance(final int timeStyle, final TimeZone timeZone, final Locale locale) {","F getTimeInstance(final int timeStyle, final TimeZone timeZone, final Locale locale) { locale = null;",14,
org/apache/commons/lang3/time/AbstractFormatCache.java,238,NullifyInputVariable,"F getTimeInstance(final int timeStyle, final TimeZone timeZone, final Locale locale) {","F getTimeInstance(final int timeStyle, final TimeZone timeZone, final Locale locale) { timeZone = null;",15,
org/apache/commons/lang3/time/AbstractFormatCache.java,217,NullifyInputVariable,"public F getInstance(final String pattern, final TimeZone timeZone, final Locale locale) {","public F getInstance(final String pattern, final TimeZone timeZone, final Locale locale) { locale = null;",16,
org/apache/commons/lang3/time/AbstractFormatCache.java,217,NullifyInputVariable,"public F getInstance(final String pattern, final TimeZone timeZone, final Locale locale) {","public F getInstance(final String pattern, final TimeZone timeZone, final Locale locale) { timeZone = null;",17,
org/apache/commons/lang3/time/AbstractFormatCache.java,217,NullifyInputVariable,"public F getInstance(final String pattern, final TimeZone timeZone, final Locale locale) {","public F getInstance(final String pattern, final TimeZone timeZone, final Locale locale) { pattern = null;",18,
org/apache/commons/lang3/time/AbstractFormatCache.java,189,NullifyInputVariable,"private F getDateTimeInstance(final Integer dateStyle, final Integer timeStyle, final TimeZone timeZone, Locale locale) {","private F getDateTimeInstance(final Integer dateStyle, final Integer timeStyle, final TimeZone timeZone, Locale locale) { timeZone = null;",20,
org/apache/commons/lang3/time/AbstractFormatCache.java,189,NullifyInputVariable,"private F getDateTimeInstance(final Integer dateStyle, final Integer timeStyle, final TimeZone timeZone, Locale locale) {","private F getDateTimeInstance(final Integer dateStyle, final Integer timeStyle, final TimeZone timeZone, Locale locale) { timeStyle = null;",21,
org/apache/commons/lang3/time/AbstractFormatCache.java,189,NullifyInputVariable,"private F getDateTimeInstance(final Integer dateStyle, final Integer timeStyle, final TimeZone timeZone, Locale locale) {","private F getDateTimeInstance(final Integer dateStyle, final Integer timeStyle, final TimeZone timeZone, Locale locale) { dateStyle = null;",22,
org/apache/commons/lang3/time/AbstractFormatCache.java,171,NullifyInputVariable,"F getDateTimeInstance(final int dateStyle, final int timeStyle, final TimeZone timeZone, final Locale locale) {","F getDateTimeInstance(final int dateStyle, final int timeStyle, final TimeZone timeZone, final Locale locale) { locale = null;",23,
org/apache/commons/lang3/time/AbstractFormatCache.java,171,NullifyInputVariable,"F getDateTimeInstance(final int dateStyle, final int timeStyle, final TimeZone timeZone, final Locale locale) {","F getDateTimeInstance(final int dateStyle, final int timeStyle, final TimeZone timeZone, final Locale locale) { timeZone = null;",24,
org/apache/commons/lang3/time/AbstractFormatCache.java,153,NullifyInputVariable,"F getDateInstance(final int dateStyle, final TimeZone timeZone, final Locale locale) {","F getDateInstance(final int dateStyle, final TimeZone timeZone, final Locale locale) { locale = null;",25,
org/apache/commons/lang3/time/AbstractFormatCache.java,153,NullifyInputVariable,"F getDateInstance(final int dateStyle, final TimeZone timeZone, final Locale locale) {","F getDateInstance(final int dateStyle, final TimeZone timeZone, final Locale locale) { timeZone = null;",26,
org/apache/commons/lang3/time/AbstractFormatCache.java,105,NullifyInputVariable,"static String getPatternForStyle(final Integer dateStyle, final Integer timeStyle, final Locale locale) {","static String getPatternForStyle(final Integer dateStyle, final Integer timeStyle, final Locale locale) { locale = null;",27,
org/apache/commons/lang3/time/AbstractFormatCache.java,105,NullifyInputVariable,"static String getPatternForStyle(final Integer dateStyle, final Integer timeStyle, final Locale locale) {","static String getPatternForStyle(final Integer dateStyle, final Integer timeStyle, final Locale locale) { timeStyle = null;",28,
org/apache/commons/lang3/time/AbstractFormatCache.java,105,NullifyInputVariable,"static String getPatternForStyle(final Integer dateStyle, final Integer timeStyle, final Locale locale) {","static String getPatternForStyle(final Integer dateStyle, final Integer timeStyle, final Locale locale) { dateStyle = null;",29,
org/apache/commons/lang3/time/AbstractFormatCache.java,67,NullifyInputVariable,public boolean equals(final Object obj) {,public boolean equals(final Object obj) { obj = null;,30,
org/apache/commons/lang3/time/AbstractFormatCache.java,46,NullifyInputVariable,private static int computeHashCode(final Object[] keys) {,private static int computeHashCode(final Object[] keys) { keys = null;,31,
org/apache/commons/lang3/time/CalendarUtils.java,99,NullifyInputVariable,private static ZoneId toZoneId(final Calendar calendar) {,private static ZoneId toZoneId(final Calendar calendar) { calendar = null;,15,
org/apache/commons/lang3/time/CalendarUtils.java,95,NullifyInputVariable,public static ZonedDateTime toZonedDateTime(final Calendar calendar) {,public static ZonedDateTime toZonedDateTime(final Calendar calendar) { calendar = null;,16,
org/apache/commons/lang3/time/CalendarUtils.java,84,NullifyInputVariable,public static OffsetDateTime toOffsetDateTime(final Calendar calendar) {,public static OffsetDateTime toOffsetDateTime(final Calendar calendar) { calendar = null;,17,
org/apache/commons/lang3/time/CalendarUtils.java,73,NullifyInputVariable,public static LocalDateTime toLocalDateTime(final Calendar calendar) {,public static LocalDateTime toLocalDateTime(final Calendar calendar) { calendar = null;,18,
org/apache/commons/lang3/time/CalendarUtils.java,62,NullifyInputVariable,static CalendarUtils getInstance(final Locale locale) {,static CalendarUtils getInstance(final Locale locale) { locale = null;,19,
org/apache/commons/lang3/time/DateFormatUtils.java,402,NullifyInputVariable,private static TimeZone getTimeZone(final Calendar calendar) {,private static TimeZone getTimeZone(final Calendar calendar) { calendar = null;,19,
org/apache/commons/lang3/time/DateFormatUtils.java,398,NullifyInputVariable,"public static String formatUTC(final long millis, final String pattern, final Locale locale) {","public static String formatUTC(final long millis, final String pattern, final Locale locale) { locale = null;",20,
org/apache/commons/lang3/time/DateFormatUtils.java,398,NullifyInputVariable,"public static String formatUTC(final long millis, final String pattern, final Locale locale) {","public static String formatUTC(final long millis, final String pattern, final Locale locale) { pattern = null;",21,
org/apache/commons/lang3/time/DateFormatUtils.java,386,NullifyInputVariable,"public static String formatUTC(final long millis, final String pattern) {","public static String formatUTC(final long millis, final String pattern) { pattern = null;",22,
org/apache/commons/lang3/time/DateFormatUtils.java,375,NullifyInputVariable,"public static String formatUTC(final Date date, final String pattern, final Locale locale) {","public static String formatUTC(final Date date, final String pattern, final Locale locale) { locale = null;",23,
org/apache/commons/lang3/time/DateFormatUtils.java,375,NullifyInputVariable,"public static String formatUTC(final Date date, final String pattern, final Locale locale) {","public static String formatUTC(final Date date, final String pattern, final Locale locale) { pattern = null;",24,
org/apache/commons/lang3/time/DateFormatUtils.java,375,NullifyInputVariable,"public static String formatUTC(final Date date, final String pattern, final Locale locale) {","public static String formatUTC(final Date date, final String pattern, final Locale locale) { date = null;",25,
org/apache/commons/lang3/time/DateFormatUtils.java,363,NullifyInputVariable,"public static String formatUTC(final Date date, final String pattern) {","public static String formatUTC(final Date date, final String pattern) { pattern = null;",26,
org/apache/commons/lang3/time/DateFormatUtils.java,363,NullifyInputVariable,"public static String formatUTC(final Date date, final String pattern) {","public static String formatUTC(final Date date, final String pattern) { date = null;",27,
org/apache/commons/lang3/time/DateFormatUtils.java,352,NullifyInputVariable,"public static String format(final long millis, final String pattern, final TimeZone timeZone, final Locale locale) {","public static String format(final long millis, final String pattern, final TimeZone timeZone, final Locale locale) { locale = null;",28,
org/apache/commons/lang3/time/DateFormatUtils.java,352,NullifyInputVariable,"public static String format(final long millis, final String pattern, final TimeZone timeZone, final Locale locale) {","public static String format(final long millis, final String pattern, final TimeZone timeZone, final Locale locale) { timeZone = null;",29,
org/apache/commons/lang3/time/DateFormatUtils.java,352,NullifyInputVariable,"public static String format(final long millis, final String pattern, final TimeZone timeZone, final Locale locale) {","public static String format(final long millis, final String pattern, final TimeZone timeZone, final Locale locale) { pattern = null;",30,
org/apache/commons/lang3/time/DateFormatUtils.java,339,NullifyInputVariable,"public static String format(final long millis, final String pattern, final TimeZone timeZone) {","public static String format(final long millis, final String pattern, final TimeZone timeZone) { timeZone = null;",31,
org/apache/commons/lang3/time/DateFormatUtils.java,339,NullifyInputVariable,"public static String format(final long millis, final String pattern, final TimeZone timeZone) {","public static String format(final long millis, final String pattern, final TimeZone timeZone) { pattern = null;",32,
org/apache/commons/lang3/time/DateFormatUtils.java,327,NullifyInputVariable,"public static String format(final long millis, final String pattern, final Locale locale) {","public static String format(final long millis, final String pattern, final Locale locale) { locale = null;",33,
org/apache/commons/lang3/time/DateFormatUtils.java,327,NullifyInputVariable,"public static String format(final long millis, final String pattern, final Locale locale) {","public static String format(final long millis, final String pattern, final Locale locale) { pattern = null;",34,
org/apache/commons/lang3/time/DateFormatUtils.java,315,NullifyInputVariable,"public static String format(final long millis, final String pattern) {","public static String format(final long millis, final String pattern) { pattern = null;",35,
org/apache/commons/lang3/time/DateFormatUtils.java,303,NullifyInputVariable,"public static String format(final Date date, final String pattern, final TimeZone timeZone, final Locale locale) {","public static String format(final Date date, final String pattern, final TimeZone timeZone, final Locale locale) { locale = null;",36,
org/apache/commons/lang3/time/DateFormatUtils.java,303,NullifyInputVariable,"public static String format(final Date date, final String pattern, final TimeZone timeZone, final Locale locale) {","public static String format(final Date date, final String pattern, final TimeZone timeZone, final Locale locale) { timeZone = null;",37,
org/apache/commons/lang3/time/DateFormatUtils.java,303,NullifyInputVariable,"public static String format(final Date date, final String pattern, final TimeZone timeZone, final Locale locale) {","public static String format(final Date date, final String pattern, final TimeZone timeZone, final Locale locale) { pattern = null;",38,
org/apache/commons/lang3/time/DateFormatUtils.java,303,NullifyInputVariable,"public static String format(final Date date, final String pattern, final TimeZone timeZone, final Locale locale) {","public static String format(final Date date, final String pattern, final TimeZone timeZone, final Locale locale) { date = null;",39,
org/apache/commons/lang3/time/DateFormatUtils.java,290,NullifyInputVariable,"public static String format(final Date date, final String pattern, final TimeZone timeZone) {","public static String format(final Date date, final String pattern, final TimeZone timeZone) { timeZone = null;",40,
org/apache/commons/lang3/time/DateFormatUtils.java,290,NullifyInputVariable,"public static String format(final Date date, final String pattern, final TimeZone timeZone) {","public static String format(final Date date, final String pattern, final TimeZone timeZone) { pattern = null;",41,
org/apache/commons/lang3/time/DateFormatUtils.java,290,NullifyInputVariable,"public static String format(final Date date, final String pattern, final TimeZone timeZone) {","public static String format(final Date date, final String pattern, final TimeZone timeZone) { date = null;",42,
org/apache/commons/lang3/time/DateFormatUtils.java,278,NullifyInputVariable,"public static String format(final Date date, final String pattern, final Locale locale) {","public static String format(final Date date, final String pattern, final Locale locale) { locale = null;",43,
org/apache/commons/lang3/time/DateFormatUtils.java,278,NullifyInputVariable,"public static String format(final Date date, final String pattern, final Locale locale) {","public static String format(final Date date, final String pattern, final Locale locale) { pattern = null;",44,
org/apache/commons/lang3/time/DateFormatUtils.java,278,NullifyInputVariable,"public static String format(final Date date, final String pattern, final Locale locale) {","public static String format(final Date date, final String pattern, final Locale locale) { date = null;",45,
org/apache/commons/lang3/time/DateFormatUtils.java,266,NullifyInputVariable,"public static String format(final Date date, final String pattern) {","public static String format(final Date date, final String pattern) { pattern = null;",46,
org/apache/commons/lang3/time/DateFormatUtils.java,266,NullifyInputVariable,"public static String format(final Date date, final String pattern) {","public static String format(final Date date, final String pattern) { date = null;",47,
org/apache/commons/lang3/time/DateFormatUtils.java,254,NullifyInputVariable,"public static String format(final Calendar calendar, final String pattern, final TimeZone timeZone, final Locale locale) {","public static String format(final Calendar calendar, final String pattern, final TimeZone timeZone, final Locale locale) { locale = null;",48,
org/apache/commons/lang3/time/DateFormatUtils.java,254,NullifyInputVariable,"public static String format(final Calendar calendar, final String pattern, final TimeZone timeZone, final Locale locale) {","public static String format(final Calendar calendar, final String pattern, final TimeZone timeZone, final Locale locale) { timeZone = null;",49,
org/apache/commons/lang3/time/DateFormatUtils.java,254,NullifyInputVariable,"public static String format(final Calendar calendar, final String pattern, final TimeZone timeZone, final Locale locale) {","public static String format(final Calendar calendar, final String pattern, final TimeZone timeZone, final Locale locale) { pattern = null;",50,
org/apache/commons/lang3/time/DateFormatUtils.java,254,NullifyInputVariable,"public static String format(final Calendar calendar, final String pattern, final TimeZone timeZone, final Locale locale) {","public static String format(final Calendar calendar, final String pattern, final TimeZone timeZone, final Locale locale) { calendar = null;",51,
org/apache/commons/lang3/time/DateFormatUtils.java,239,NullifyInputVariable,"public static String format(final Calendar calendar, final String pattern, final TimeZone timeZone) {","public static String format(final Calendar calendar, final String pattern, final TimeZone timeZone) { timeZone = null;",52,
org/apache/commons/lang3/time/DateFormatUtils.java,239,NullifyInputVariable,"public static String format(final Calendar calendar, final String pattern, final TimeZone timeZone) {","public static String format(final Calendar calendar, final String pattern, final TimeZone timeZone) { pattern = null;",53,
org/apache/commons/lang3/time/DateFormatUtils.java,239,NullifyInputVariable,"public static String format(final Calendar calendar, final String pattern, final TimeZone timeZone) {","public static String format(final Calendar calendar, final String pattern, final TimeZone timeZone) { calendar = null;",54,
org/apache/commons/lang3/time/DateFormatUtils.java,225,NullifyInputVariable,"public static String format(final Calendar calendar, final String pattern, final Locale locale) {","public static String format(final Calendar calendar, final String pattern, final Locale locale) { locale = null;",55,
org/apache/commons/lang3/time/DateFormatUtils.java,225,NullifyInputVariable,"public static String format(final Calendar calendar, final String pattern, final Locale locale) {","public static String format(final Calendar calendar, final String pattern, final Locale locale) { pattern = null;",56,
org/apache/commons/lang3/time/DateFormatUtils.java,225,NullifyInputVariable,"public static String format(final Calendar calendar, final String pattern, final Locale locale) {","public static String format(final Calendar calendar, final String pattern, final Locale locale) { calendar = null;",57,
org/apache/commons/lang3/time/DateFormatUtils.java,210,NullifyInputVariable,"public static String format(final Calendar calendar, final String pattern) {","public static String format(final Calendar calendar, final String pattern) { pattern = null;",58,
org/apache/commons/lang3/time/DateFormatUtils.java,210,NullifyInputVariable,"public static String format(final Calendar calendar, final String pattern) {","public static String format(final Calendar calendar, final String pattern) { calendar = null;",59,
org/apache/commons/lang3/time/DateUtils.java,1728,NullifyInputVariable,"public static int truncatedCompareTo(final Date date1, final Date date2, final int field) {","public static int truncatedCompareTo(final Date date1, final Date date2, final int field) { date1 = null;",100,
org/apache/commons/lang3/time/DateUtils.java,1708,NullifyInputVariable,"public static int truncatedCompareTo(final Calendar cal1, final Calendar cal2, final int field) {","public static int truncatedCompareTo(final Calendar cal1, final Calendar cal2, final int field) { cal2 = null;",101,
org/apache/commons/lang3/time/DateUtils.java,1708,NullifyInputVariable,"public static int truncatedCompareTo(final Calendar cal1, final Calendar cal2, final int field) {","public static int truncatedCompareTo(final Calendar cal1, final Calendar cal2, final int field) { cal1 = null;",102,
org/apache/commons/lang3/time/DateUtils.java,1683,NullifyInputVariable,"public static Date truncate(final Object date, final int field) {","public static Date truncate(final Object date, final int field) { date = null;",103,
org/apache/commons/lang3/time/DateUtils.java,1663,NullifyInputVariable,"public static Date truncate(final Date date, final int field) {","public static Date truncate(final Date date, final int field) { date = null;",104,
org/apache/commons/lang3/time/DateUtils.java,1643,NullifyInputVariable,"public static Calendar truncate(final Calendar date, final int field) {","public static Calendar truncate(final Calendar date, final int field) { date = null;",105,
org/apache/commons/lang3/time/DateUtils.java,1622,NullifyInputVariable,"public static Calendar toCalendar(final Date date, final TimeZone tz) {","public static Calendar toCalendar(final Date date, final TimeZone tz) { tz = null;",106,
org/apache/commons/lang3/time/DateUtils.java,1622,NullifyInputVariable,"public static Calendar toCalendar(final Date date, final TimeZone tz) {","public static Calendar toCalendar(final Date date, final TimeZone tz) { date = null;",107,
org/apache/commons/lang3/time/DateUtils.java,1609,NullifyInputVariable,public static Calendar toCalendar(final Date date) {,public static Calendar toCalendar(final Date date) { date = null;,108,
org/apache/commons/lang3/time/DateUtils.java,1597,NullifyInputVariable,"public static Date setYears(final Date date, final int amount) {","public static Date setYears(final Date date, final int amount) { date = null;",109,
org/apache/commons/lang3/time/DateUtils.java,1584,NullifyInputVariable,"public static Date setSeconds(final Date date, final int amount) {","public static Date setSeconds(final Date date, final int amount) { date = null;",110,
org/apache/commons/lang3/time/DateUtils.java,1568,NullifyInputVariable,"public static Date setMonths(final Date date, final int amount) {","public static Date setMonths(final Date date, final int amount) { date = null;",111,
org/apache/commons/lang3/time/DateUtils.java,1552,NullifyInputVariable,"public static Date setMinutes(final Date date, final int amount) {","public static Date setMinutes(final Date date, final int amount) { date = null;",112,
org/apache/commons/lang3/time/DateUtils.java,1536,NullifyInputVariable,"public static Date setMilliseconds(final Date date, final int amount) {","public static Date setMilliseconds(final Date date, final int amount) { date = null;",113,
org/apache/commons/lang3/time/DateUtils.java,1520,NullifyInputVariable,"public static Date setHours(final Date date, final int amount) {","public static Date setHours(final Date date, final int amount) { date = null;",114,
org/apache/commons/lang3/time/DateUtils.java,1503,NullifyInputVariable,"public static Date setDays(final Date date, final int amount) {","public static Date setDays(final Date date, final int amount) { date = null;",115,
org/apache/commons/lang3/time/DateUtils.java,1481,NullifyInputVariable,"private static Date set(final Date date, final int calendarField, final int amount) {","private static Date set(final Date date, final int calendarField, final int amount) { date = null;",116,
org/apache/commons/lang3/time/DateUtils.java,1458,NullifyInputVariable,"public static Date round(final Object date, final int field) {","public static Date round(final Object date, final int field) { date = null;",117,
org/apache/commons/lang3/time/DateUtils.java,1426,NullifyInputVariable,"public static Date round(final Date date, final int field) {","public static Date round(final Date date, final int field) { date = null;",118,
org/apache/commons/lang3/time/DateUtils.java,1394,NullifyInputVariable,"public static Calendar round(final Calendar calendar, final int field) {","public static Calendar round(final Calendar calendar, final int field) { calendar = null;",119,
org/apache/commons/lang3/time/DateUtils.java,1342,NullifyInputVariable,final boolean lenient) throws ParseException {,final boolean lenient) throws ParseException { parsePatterns = null;,120,
org/apache/commons/lang3/time/DateUtils.java,1342,NullifyInputVariable,final boolean lenient) throws ParseException {,final boolean lenient) throws ParseException { locale = null;,121,
org/apache/commons/lang3/time/DateUtils.java,1342,NullifyInputVariable,final boolean lenient) throws ParseException {,final boolean lenient) throws ParseException { dateStr = null;,122,
org/apache/commons/lang3/time/DateUtils.java,1320,NullifyInputVariable,"public static Date parseDateStrictly(final String str, final String... parsePatterns) throws ParseException {","public static Date parseDateStrictly(final String str, final String... parsePatterns) throws ParseException { parsePatterns = null;",123,
org/apache/commons/lang3/time/DateUtils.java,1320,NullifyInputVariable,"public static Date parseDateStrictly(final String str, final String... parsePatterns) throws ParseException {","public static Date parseDateStrictly(final String str, final String... parsePatterns) throws ParseException { str = null;",124,
org/apache/commons/lang3/time/DateUtils.java,1301,NullifyInputVariable,"public static Date parseDateStrictly(final String str, final Locale locale, final String... parsePatterns) throws ParseException {","public static Date parseDateStrictly(final String str, final Locale locale, final String... parsePatterns) throws ParseException { parsePatterns = null;",125,
org/apache/commons/lang3/time/DateUtils.java,1301,NullifyInputVariable,"public static Date parseDateStrictly(final String str, final Locale locale, final String... parsePatterns) throws ParseException {","public static Date parseDateStrictly(final String str, final Locale locale, final String... parsePatterns) throws ParseException { locale = null;",126,
org/apache/commons/lang3/time/DateUtils.java,1301,NullifyInputVariable,"public static Date parseDateStrictly(final String str, final Locale locale, final String... parsePatterns) throws ParseException {","public static Date parseDateStrictly(final String str, final Locale locale, final String... parsePatterns) throws ParseException { str = null;",127,
org/apache/commons/lang3/time/DateUtils.java,1279,NullifyInputVariable,"public static Date parseDate(final String str, final String... parsePatterns) throws ParseException {","public static Date parseDate(final String str, final String... parsePatterns) throws ParseException { parsePatterns = null;",128,
org/apache/commons/lang3/time/DateUtils.java,1279,NullifyInputVariable,"public static Date parseDate(final String str, final String... parsePatterns) throws ParseException {","public static Date parseDate(final String str, final String... parsePatterns) throws ParseException { str = null;",129,
org/apache/commons/lang3/time/DateUtils.java,1261,NullifyInputVariable,"public static Date parseDate(final String str, final Locale locale, final String... parsePatterns) throws ParseException {","public static Date parseDate(final String str, final Locale locale, final String... parsePatterns) throws ParseException { parsePatterns = null;",130,
org/apache/commons/lang3/time/DateUtils.java,1261,NullifyInputVariable,"public static Date parseDate(final String str, final Locale locale, final String... parsePatterns) throws ParseException {","public static Date parseDate(final String str, final Locale locale, final String... parsePatterns) throws ParseException { locale = null;",131,
org/apache/commons/lang3/time/DateUtils.java,1261,NullifyInputVariable,"public static Date parseDate(final String str, final Locale locale, final String... parsePatterns) throws ParseException {","public static Date parseDate(final String str, final Locale locale, final String... parsePatterns) throws ParseException { str = null;",132,
org/apache/commons/lang3/time/DateUtils.java,1104,NullifyInputVariable,"private static Calendar modify(final Calendar val, final int field, final ModifyType modType) {","private static Calendar modify(final Calendar val, final int field, final ModifyType modType) { modType = null;",133,
org/apache/commons/lang3/time/DateUtils.java,1104,NullifyInputVariable,"private static Calendar modify(final Calendar val, final int field, final ModifyType modType) {","private static Calendar modify(final Calendar val, final int field, final ModifyType modType) { val = null;",134,
org/apache/commons/lang3/time/DateUtils.java,1084,NullifyInputVariable,"public static Iterator<?> iterator(final Object calendar, final int rangeStyle) {","public static Iterator<?> iterator(final Object calendar, final int rangeStyle) { calendar = null;",135,
org/apache/commons/lang3/time/DateUtils.java,1064,NullifyInputVariable,"public static Iterator<Calendar> iterator(final Date focus, final int rangeStyle) {","public static Iterator<Calendar> iterator(final Date focus, final int rangeStyle) { focus = null;",136,
org/apache/commons/lang3/time/DateUtils.java,968,NullifyInputVariable,"public static Iterator<Calendar> iterator(final Calendar calendar, final int rangeStyle) {","public static Iterator<Calendar> iterator(final Calendar calendar, final int rangeStyle) { calendar = null;",137,
org/apache/commons/lang3/time/DateUtils.java,931,NullifyInputVariable,"public static boolean isSameLocalTime(final Calendar cal1, final Calendar cal2) {","public static boolean isSameLocalTime(final Calendar cal1, final Calendar cal2) { cal2 = null;",138,
org/apache/commons/lang3/time/DateUtils.java,931,NullifyInputVariable,"public static boolean isSameLocalTime(final Calendar cal1, final Calendar cal2) {","public static boolean isSameLocalTime(final Calendar cal1, final Calendar cal2) { cal1 = null;",139,
org/apache/commons/lang3/time/DateUtils.java,913,NullifyInputVariable,"public static boolean isSameInstant(final Date date1, final Date date2) {","public static boolean isSameInstant(final Date date1, final Date date2) { date2 = null;",140,
org/apache/commons/lang3/time/DateUtils.java,913,NullifyInputVariable,"public static boolean isSameInstant(final Date date1, final Date date2) {","public static boolean isSameInstant(final Date date1, final Date date2) { date1 = null;",141,
org/apache/commons/lang3/time/DateUtils.java,896,NullifyInputVariable,"public static boolean isSameInstant(final Calendar cal1, final Calendar cal2) {","public static boolean isSameInstant(final Calendar cal1, final Calendar cal2) { cal2 = null;",142,
org/apache/commons/lang3/time/DateUtils.java,896,NullifyInputVariable,"public static boolean isSameInstant(final Calendar cal1, final Calendar cal2) {","public static boolean isSameInstant(final Calendar cal1, final Calendar cal2) { cal1 = null;",143,
org/apache/commons/lang3/time/DateUtils.java,881,NullifyInputVariable,"public static boolean isSameDay(final Date date1, final Date date2) {","public static boolean isSameDay(final Date date1, final Date date2) { date2 = null;",144,
org/apache/commons/lang3/time/DateUtils.java,881,NullifyInputVariable,"public static boolean isSameDay(final Date date1, final Date date2) {","public static boolean isSameDay(final Date date1, final Date date2) { date1 = null;",145,
org/apache/commons/lang3/time/DateUtils.java,860,NullifyInputVariable,"public static boolean isSameDay(final Calendar cal1, final Calendar cal2) {","public static boolean isSameDay(final Calendar cal1, final Calendar cal2) { cal2 = null;",146,
org/apache/commons/lang3/time/DateUtils.java,860,NullifyInputVariable,"public static boolean isSameDay(final Calendar cal1, final Calendar cal2) {","public static boolean isSameDay(final Calendar cal1, final Calendar cal2) { cal1 = null;",147,
org/apache/commons/lang3/time/DateUtils.java,843,NullifyInputVariable,"public static long getFragmentInSeconds(final Date date, final int fragment) {","public static long getFragmentInSeconds(final Date date, final int fragment) { date = null;",148,
org/apache/commons/lang3/time/DateUtils.java,805,NullifyInputVariable,"public static long getFragmentInSeconds(final Calendar calendar, final int fragment) {","public static long getFragmentInSeconds(final Calendar calendar, final int fragment) { calendar = null;",149,
org/apache/commons/lang3/time/DateUtils.java,767,NullifyInputVariable,"public static long getFragmentInMinutes(final Date date, final int fragment) {","public static long getFragmentInMinutes(final Date date, final int fragment) { date = null;",150,
org/apache/commons/lang3/time/DateUtils.java,729,NullifyInputVariable,"public static long getFragmentInMinutes(final Calendar calendar, final int fragment) {","public static long getFragmentInMinutes(final Calendar calendar, final int fragment) { calendar = null;",151,
org/apache/commons/lang3/time/DateUtils.java,691,NullifyInputVariable,"public static long getFragmentInMilliseconds(final Date date, final int fragment) {","public static long getFragmentInMilliseconds(final Date date, final int fragment) { date = null;",152,
org/apache/commons/lang3/time/DateUtils.java,656,NullifyInputVariable,"public static long getFragmentInMilliseconds(final Calendar calendar, final int fragment) {","public static long getFragmentInMilliseconds(final Calendar calendar, final int fragment) { calendar = null;",153,
org/apache/commons/lang3/time/DateUtils.java,618,NullifyInputVariable,"public static long getFragmentInHours(final Date date, final int fragment) {","public static long getFragmentInHours(final Date date, final int fragment) { date = null;",154,
org/apache/commons/lang3/time/DateUtils.java,580,NullifyInputVariable,"public static long getFragmentInHours(final Calendar calendar, final int fragment) {","public static long getFragmentInHours(final Calendar calendar, final int fragment) { calendar = null;",155,
org/apache/commons/lang3/time/DateUtils.java,542,NullifyInputVariable,"public static long getFragmentInDays(final Date date, final int fragment) {","public static long getFragmentInDays(final Date date, final int fragment) { date = null;",156,
org/apache/commons/lang3/time/DateUtils.java,504,NullifyInputVariable,"public static long getFragmentInDays(final Calendar calendar, final int fragment) {","public static long getFragmentInDays(final Calendar calendar, final int fragment) { calendar = null;",157,
org/apache/commons/lang3/time/DateUtils.java,461,NullifyInputVariable,"private static long getFragment(final Date date, final int fragment, final TimeUnit unit) {","private static long getFragment(final Date date, final int fragment, final TimeUnit unit) { unit = null;",158,
org/apache/commons/lang3/time/DateUtils.java,461,NullifyInputVariable,"private static long getFragment(final Date date, final int fragment, final TimeUnit unit) {","private static long getFragment(final Date date, final int fragment, final TimeUnit unit) { date = null;",159,
org/apache/commons/lang3/time/DateUtils.java,408,NullifyInputVariable,"private static long getFragment(final Calendar calendar, final int fragment, final TimeUnit unit) {","private static long getFragment(final Calendar calendar, final int fragment, final TimeUnit unit) { unit = null;",160,
org/apache/commons/lang3/time/DateUtils.java,408,NullifyInputVariable,"private static long getFragment(final Calendar calendar, final int fragment, final TimeUnit unit) {","private static long getFragment(final Calendar calendar, final int fragment, final TimeUnit unit) { calendar = null;",161,
org/apache/commons/lang3/time/DateUtils.java,386,NullifyInputVariable,"public static Date ceiling(final Object date, final int field) {","public static Date ceiling(final Object date, final int field) { date = null;",162,
org/apache/commons/lang3/time/DateUtils.java,365,NullifyInputVariable,"public static Date ceiling(final Date date, final int field) {","public static Date ceiling(final Date date, final int field) { date = null;",163,
org/apache/commons/lang3/time/DateUtils.java,344,NullifyInputVariable,"public static Calendar ceiling(final Calendar calendar, final int field) {","public static Calendar ceiling(final Calendar calendar, final int field) { calendar = null;",164,
org/apache/commons/lang3/time/DateUtils.java,324,NullifyInputVariable,"public static Date addYears(final Date date, final int amount) {","public static Date addYears(final Date date, final int amount) { date = null;",165,
org/apache/commons/lang3/time/DateUtils.java,311,NullifyInputVariable,"public static Date addWeeks(final Date date, final int amount) {","public static Date addWeeks(final Date date, final int amount) { date = null;",166,
org/apache/commons/lang3/time/DateUtils.java,298,NullifyInputVariable,"public static Date addSeconds(final Date date, final int amount) {","public static Date addSeconds(final Date date, final int amount) { date = null;",167,
org/apache/commons/lang3/time/DateUtils.java,285,NullifyInputVariable,"public static Date addMonths(final Date date, final int amount) {","public static Date addMonths(final Date date, final int amount) { date = null;",168,
org/apache/commons/lang3/time/DateUtils.java,272,NullifyInputVariable,"public static Date addMinutes(final Date date, final int amount) {","public static Date addMinutes(final Date date, final int amount) { date = null;",169,
org/apache/commons/lang3/time/DateUtils.java,259,NullifyInputVariable,"public static Date addMilliseconds(final Date date, final int amount) {","public static Date addMilliseconds(final Date date, final int amount) { date = null;",170,
org/apache/commons/lang3/time/DateUtils.java,246,NullifyInputVariable,"public static Date addHours(final Date date, final int amount) {","public static Date addHours(final Date date, final int amount) { date = null;",171,
org/apache/commons/lang3/time/DateUtils.java,233,NullifyInputVariable,"public static Date addDays(final Date date, final int amount) {","public static Date addDays(final Date date, final int amount) { date = null;",172,
org/apache/commons/lang3/time/DateUtils.java,216,NullifyInputVariable,"private static Date add(final Date date, final int calendarField, final int amount) {","private static Date add(final Date date, final int calendarField, final int amount) { date = null;",173,
org/apache/commons/lang3/time/DateUtils.java,1233,RelationalOperatorReplacement,roundUp = offset > (max - min) / 2;,roundUp = offset <= (max - min) / 2;,282,
org/apache/commons/lang3/time/DateUtils.java,1220,RelationalOperatorReplacement,roundUp = offset >= 6;,roundUp = offset < 6;,283,
org/apache/commons/lang3/time/DateUtils.java,1217,RelationalOperatorReplacement,if (offset >= 12) {,if (offset < 12) {,284,
org/apache/commons/lang3/time/DateUtils.java,1208,RelationalOperatorReplacement,roundUp = offset > 7;,roundUp = offset <= 7;,286,
org/apache/commons/lang3/time/DateUtils.java,1204,RelationalOperatorReplacement,if (offset >= 15) {,if (offset < 15) {,287,
org/apache/commons/lang3/time/DateUtils.java,1143,RelationalOperatorReplacement,if (!done && (ModifyType.TRUNCATE == modType || minutes < 30)) {,if (!done && (ModifyType.TRUNCATE == modType || minutes >= 30)) {,297,
org/apache/commons/lang3/time/DateUtils.java,1134,RelationalOperatorReplacement,if (!done && (ModifyType.TRUNCATE == modType || seconds < 30)) {,if (!done && (ModifyType.TRUNCATE == modType || seconds >= 30)) {,300,
org/apache/commons/lang3/time/DateUtils.java,1125,RelationalOperatorReplacement,if (ModifyType.TRUNCATE == modType || millisecs < 500) {,if (ModifyType.TRUNCATE == modType || millisecs >= 500) {,303,
org/apache/commons/lang3/time/DateUtils.java,1105,RelationalOperatorReplacement,if (val.get(Calendar.YEAR) > 280000000) {,if (val.get(Calendar.YEAR) <= 280000000) {,306,
org/apache/commons/lang3/time/DateUtils.java,1028,RelationalOperatorReplacement,if (endCutoff > Calendar.SATURDAY) {,if (endCutoff <= Calendar.SATURDAY) {,309,
org/apache/commons/lang3/time/DateUtils.java,1025,RelationalOperatorReplacement,if (endCutoff < Calendar.SUNDAY) {,if (endCutoff >= Calendar.SUNDAY) {,310,
org/apache/commons/lang3/time/DateUtils.java,1022,RelationalOperatorReplacement,if (startCutoff > Calendar.SATURDAY) {,if (startCutoff <= Calendar.SATURDAY) {,311,
org/apache/commons/lang3/time/DateUtils.java,1019,RelationalOperatorReplacement,if (startCutoff < Calendar.SUNDAY) {,if (startCutoff >= Calendar.SUNDAY) {,312,
org/apache/commons/lang3/time/DateUtils.java,1772,NullifyInputVariable,private static void validateDateNotNull(final Date date) {,private static void validateDateNotNull(final Date date) { date = null;,94,
org/apache/commons/lang3/time/DateUtils.java,1764,NullifyInputVariable,"public static boolean truncatedEquals(final Date date1, final Date date2, final int field) {","public static boolean truncatedEquals(final Date date1, final Date date2, final int field) { date2 = null;",95,
org/apache/commons/lang3/time/DateUtils.java,1764,NullifyInputVariable,"public static boolean truncatedEquals(final Date date1, final Date date2, final int field) {","public static boolean truncatedEquals(final Date date1, final Date date2, final int field) { date1 = null;",96,
org/apache/commons/lang3/time/DateUtils.java,1747,NullifyInputVariable,"public static boolean truncatedEquals(final Calendar cal1, final Calendar cal2, final int field) {","public static boolean truncatedEquals(final Calendar cal1, final Calendar cal2, final int field) { cal2 = null;",97,
org/apache/commons/lang3/time/DateUtils.java,1747,NullifyInputVariable,"public static boolean truncatedEquals(final Calendar cal1, final Calendar cal2, final int field) {","public static boolean truncatedEquals(final Calendar cal1, final Calendar cal2, final int field) { cal1 = null;",98,
org/apache/commons/lang3/time/DateUtils.java,1728,NullifyInputVariable,"public static int truncatedCompareTo(final Date date1, final Date date2, final int field) {","public static int truncatedCompareTo(final Date date1, final Date date2, final int field) { date2 = null;",99,
org/apache/commons/lang3/time/DurationFormatUtils.java,668,NullifyInputVariable,static Token[] lexx(final String format) {,static Token[] lexx(final String format) { format = null;,107,
org/apache/commons/lang3/time/DurationFormatUtils.java,518,NullifyInputVariable,final TimeZone timezone) {,final TimeZone timezone) { timezone = null;,108,
org/apache/commons/lang3/time/DurationFormatUtils.java,518,NullifyInputVariable,final TimeZone timezone) {,final TimeZone timezone) { format = null;,109,
org/apache/commons/lang3/time/DurationFormatUtils.java,489,NullifyInputVariable,"public static String formatPeriod(final long startMillis, final long endMillis, final String format) {","public static String formatPeriod(final long startMillis, final long endMillis, final String format) { format = null;",110,
org/apache/commons/lang3/time/DurationFormatUtils.java,357,NullifyInputVariable,"public static String formatDuration(final long durationMillis, final String format, final boolean padWithZeros) {","public static String formatDuration(final long durationMillis, final String format, final boolean padWithZeros) { format = null;",111,
org/apache/commons/lang3/time/DurationFormatUtils.java,340,NullifyInputVariable,"public static String formatDuration(final long durationMillis, final String format) {","public static String formatDuration(final long durationMillis, final String format) { format = null;",112,
org/apache/commons/lang3/time/DurationFormatUtils.java,240,NullifyInputVariable,"final long milliseconds, final boolean padWithZeros) {","final long milliseconds, final boolean padWithZeros) { tokens = null;",113,
org/apache/commons/lang3/time/DurationFormatUtils.java,127,NullifyInputVariable,public boolean equals(final Object obj2) {,public boolean equals(final Object obj2) { obj2 = null;,114,
org/apache/commons/lang3/time/DurationFormatUtils.java,97,NullifyInputVariable,"static boolean containsTokenWithValue(final Token[] tokens, final Object value) {","static boolean containsTokenWithValue(final Token[] tokens, final Object value) { value = null;",115,
org/apache/commons/lang3/time/DurationFormatUtils.java,97,NullifyInputVariable,"static boolean containsTokenWithValue(final Token[] tokens, final Object value) {","static boolean containsTokenWithValue(final Token[] tokens, final Object value) { tokens = null;",116,
org/apache/commons/lang3/time/DurationFormatUtils.java,678,RelationalOperatorReplacement,for (int i = 0; i < format.length(); i++) {,for (int i = 0; i >= format.length(); i++) {,175,
org/apache/commons/lang3/time/DurationFormatUtils.java,616,RelationalOperatorReplacement,while (days < 0) {,while (days >= 0) {,176,
org/apache/commons/lang3/time/DurationFormatUtils.java,586,RelationalOperatorReplacement,if (months < 0) {,if (months >= 0) {,181,
org/apache/commons/lang3/time/DurationFormatUtils.java,570,RelationalOperatorReplacement,while (months < 0) {,while (months >= 0) {,184,
org/apache/commons/lang3/time/DurationFormatUtils.java,564,RelationalOperatorReplacement,while (days < 0) {,while (days >= 0) {,185,
org/apache/commons/lang3/time/DurationFormatUtils.java,558,RelationalOperatorReplacement,while (hours < 0) {,while (hours >= 0) {,186,
org/apache/commons/lang3/time/DurationFormatUtils.java,554,RelationalOperatorReplacement,while (minutes < 0) {,while (minutes >= 0) {,187,
org/apache/commons/lang3/time/DurationFormatUtils.java,550,RelationalOperatorReplacement,while (seconds < 0) {,while (seconds >= 0) {,188,
org/apache/commons/lang3/time/DurationFormatUtils.java,546,RelationalOperatorReplacement,while (milliseconds < 0) {,while (milliseconds >= 0) {,189,
org/apache/commons/lang3/time/DurationFormatUtils.java,519,RelationalOperatorReplacement,"Validate.isTrue(startMillis <= endMillis, ""startMillis must not be greater than endMillis"");","Validate.isTrue(startMillis > endMillis, ""startMillis must not be greater than endMillis"");",190,
org/apache/commons/lang3/time/DurationFormatUtils.java,254,RelationalOperatorReplacement,if (optionalIndex > -1) {,if (optionalIndex <= -1) {,203,
org/apache/commons/lang3/time/DurationUtils.java,221,NullifyInputVariable,public static Duration zeroIfNull(final Duration duration) {,public static Duration zeroIfNull(final Duration duration) { duration = null;,21,
org/apache/commons/lang3/time/DurationUtils.java,209,NullifyInputVariable,public static int toMillisInt(final Duration duration) {,public static int toMillisInt(final Duration duration) { duration = null;,22,
org/apache/commons/lang3/time/DurationUtils.java,190,NullifyInputVariable,"public static Duration toDuration(final long amount, final TimeUnit timeUnit) {","public static Duration toDuration(final long amount, final TimeUnit timeUnit) { timeUnit = null;",23,
org/apache/commons/lang3/time/DurationUtils.java,161,NullifyInputVariable,static ChronoUnit toChronoUnit(final TimeUnit timeUnit) {,static ChronoUnit toChronoUnit(final TimeUnit timeUnit) { timeUnit = null;,24,
org/apache/commons/lang3/time/DurationUtils.java,151,NullifyInputVariable,public static Duration since(final Temporal startInclusive) {,public static Duration since(final Temporal startInclusive) { startInclusive = null;,25,
org/apache/commons/lang3/time/DurationUtils.java,140,NullifyInputVariable,public static <E extends Throwable> Duration of(final FailableRunnable<E> runnable) throws E {,public static <E extends Throwable> Duration of(final FailableRunnable<E> runnable) throws E { runnable = null;,26,
org/apache/commons/lang3/time/DurationUtils.java,126,NullifyInputVariable,"public static <E extends Throwable> Duration of(final FailableConsumer<Instant, E> consumer) throws E {","public static <E extends Throwable> Duration of(final FailableConsumer<Instant, E> consumer) throws E { consumer = null;",27,
org/apache/commons/lang3/time/DurationUtils.java,110,NullifyInputVariable,"private static <E extends Throwable> Instant now(final FailableConsumer<Instant, E> nowConsumer) throws E {","private static <E extends Throwable> Instant now(final FailableConsumer<Instant, E> nowConsumer) throws E { nowConsumer = null;",28,
org/apache/commons/lang3/time/DurationUtils.java,106,NullifyInputVariable,public static boolean isPositive(final Duration duration) {,public static boolean isPositive(final Duration duration) { duration = null;,29,
org/apache/commons/lang3/time/DurationUtils.java,96,NullifyInputVariable,public static int getNanosOfMilli(final Duration duration) {,public static int getNanosOfMilli(final Duration duration) { duration = null;,30,
org/apache/commons/lang3/time/DurationUtils.java,78,NullifyInputVariable,public static int getNanosOfMiili(final Duration duration) {,public static int getNanosOfMiili(final Duration duration) { duration = null;,31,
org/apache/commons/lang3/time/DurationUtils.java,57,NullifyInputVariable,throws T {,throws T { duration = null;,32,
org/apache/commons/lang3/time/DurationUtils.java,57,NullifyInputVariable,throws T {,throws T { consumer = null;,33,
org/apache/commons/lang3/time/FastDateFormat.java,657,NullifyInputVariable,"public Object parseObject(final String source, final ParsePosition pos) {","public Object parseObject(final String source, final ParsePosition pos) { pos = null;",38,
org/apache/commons/lang3/time/FastDateFormat.java,657,NullifyInputVariable,"public Object parseObject(final String source, final ParsePosition pos) {","public Object parseObject(final String source, final ParsePosition pos) { source = null;",39,
org/apache/commons/lang3/time/FastDateFormat.java,649,NullifyInputVariable,"public boolean parse(final String source, final ParsePosition pos, final Calendar calendar) {","public boolean parse(final String source, final ParsePosition pos, final Calendar calendar) { calendar = null;",40,
org/apache/commons/lang3/time/FastDateFormat.java,649,NullifyInputVariable,"public boolean parse(final String source, final ParsePosition pos, final Calendar calendar) {","public boolean parse(final String source, final ParsePosition pos, final Calendar calendar) { pos = null;",41,
org/apache/commons/lang3/time/FastDateFormat.java,649,NullifyInputVariable,"public boolean parse(final String source, final ParsePosition pos, final Calendar calendar) {","public boolean parse(final String source, final ParsePosition pos, final Calendar calendar) { source = null;",42,
org/apache/commons/lang3/time/FastDateFormat.java,640,NullifyInputVariable,"public Date parse(final String source, final ParsePosition pos) {","public Date parse(final String source, final ParsePosition pos) { pos = null;",43,
org/apache/commons/lang3/time/FastDateFormat.java,640,NullifyInputVariable,"public Date parse(final String source, final ParsePosition pos) {","public Date parse(final String source, final ParsePosition pos) { source = null;",44,
org/apache/commons/lang3/time/FastDateFormat.java,632,NullifyInputVariable,public Date parse(final String source) throws ParseException {,public Date parse(final String source) throws ParseException { source = null;,45,
org/apache/commons/lang3/time/FastDateFormat.java,568,NullifyInputVariable,"public StringBuffer format(final Object obj, final StringBuffer toAppendTo, final FieldPosition pos) {","public StringBuffer format(final Object obj, final StringBuffer toAppendTo, final FieldPosition pos) { pos = null;",46,
org/apache/commons/lang3/time/FastDateFormat.java,568,NullifyInputVariable,"public StringBuffer format(final Object obj, final StringBuffer toAppendTo, final FieldPosition pos) {","public StringBuffer format(final Object obj, final StringBuffer toAppendTo, final FieldPosition pos) { toAppendTo = null;",47,
org/apache/commons/lang3/time/FastDateFormat.java,568,NullifyInputVariable,"public StringBuffer format(final Object obj, final StringBuffer toAppendTo, final FieldPosition pos) {","public StringBuffer format(final Object obj, final StringBuffer toAppendTo, final FieldPosition pos) { obj = null;",48,
org/apache/commons/lang3/time/FastDateFormat.java,552,NullifyInputVariable,"public StringBuffer format(final long millis, final StringBuffer buf) {","public StringBuffer format(final long millis, final StringBuffer buf) { buf = null;",49,
org/apache/commons/lang3/time/FastDateFormat.java,534,NullifyInputVariable,"public <B extends Appendable> B format(final long millis, final B buf) {","public <B extends Appendable> B format(final long millis, final B buf) { buf = null;",50,
org/apache/commons/lang3/time/FastDateFormat.java,508,NullifyInputVariable,"public StringBuffer format(final Date date, final StringBuffer buf) {","public StringBuffer format(final Date date, final StringBuffer buf) { buf = null;",51,
org/apache/commons/lang3/time/FastDateFormat.java,508,NullifyInputVariable,"public StringBuffer format(final Date date, final StringBuffer buf) {","public StringBuffer format(final Date date, final StringBuffer buf) { date = null;",52,
org/apache/commons/lang3/time/FastDateFormat.java,493,NullifyInputVariable,"public <B extends Appendable> B format(final Date date, final B buf) {","public <B extends Appendable> B format(final Date date, final B buf) { buf = null;",53,
org/apache/commons/lang3/time/FastDateFormat.java,493,NullifyInputVariable,"public <B extends Appendable> B format(final Date date, final B buf) {","public <B extends Appendable> B format(final Date date, final B buf) { date = null;",54,
org/apache/commons/lang3/time/FastDateFormat.java,479,NullifyInputVariable,public String format(final Date date) {,public String format(final Date date) { date = null;,55,
org/apache/commons/lang3/time/FastDateFormat.java,468,NullifyInputVariable,"public StringBuffer format(final Calendar calendar, final StringBuffer buf) {","public StringBuffer format(final Calendar calendar, final StringBuffer buf) { buf = null;",56,
org/apache/commons/lang3/time/FastDateFormat.java,468,NullifyInputVariable,"public StringBuffer format(final Calendar calendar, final StringBuffer buf) {","public StringBuffer format(final Calendar calendar, final StringBuffer buf) { calendar = null;",57,
org/apache/commons/lang3/time/FastDateFormat.java,453,NullifyInputVariable,"public <B extends Appendable> B format(final Calendar calendar, final B buf) {","public <B extends Appendable> B format(final Calendar calendar, final B buf) { buf = null;",58,
org/apache/commons/lang3/time/FastDateFormat.java,453,NullifyInputVariable,"public <B extends Appendable> B format(final Calendar calendar, final B buf) {","public <B extends Appendable> B format(final Calendar calendar, final B buf) { calendar = null;",59,
org/apache/commons/lang3/time/FastDateFormat.java,439,NullifyInputVariable,public String format(final Calendar calendar) {,public String format(final Calendar calendar) { calendar = null;,60,
org/apache/commons/lang3/time/FastDateFormat.java,423,NullifyInputVariable,public boolean equals(final Object obj) {,public boolean equals(final Object obj) { obj = null;,61,
org/apache/commons/lang3/time/FastDateFormat.java,411,NullifyInputVariable,"protected StringBuffer applyRules(final Calendar calendar, final StringBuffer buf) {","protected StringBuffer applyRules(final Calendar calendar, final StringBuffer buf) { buf = null;",62,
org/apache/commons/lang3/time/FastDateFormat.java,411,NullifyInputVariable,"protected StringBuffer applyRules(final Calendar calendar, final StringBuffer buf) {","protected StringBuffer applyRules(final Calendar calendar, final StringBuffer buf) { calendar = null;",63,
org/apache/commons/lang3/time/FastDateFormat.java,364,NullifyInputVariable,"public static FastDateFormat getTimeInstance(final int style, final TimeZone timeZone, final Locale locale) {","public static FastDateFormat getTimeInstance(final int style, final TimeZone timeZone, final Locale locale) { locale = null;",64,
org/apache/commons/lang3/time/FastDateFormat.java,364,NullifyInputVariable,"public static FastDateFormat getTimeInstance(final int style, final TimeZone timeZone, final Locale locale) {","public static FastDateFormat getTimeInstance(final int style, final TimeZone timeZone, final Locale locale) { timeZone = null;",65,
org/apache/commons/lang3/time/FastDateFormat.java,348,NullifyInputVariable,"public static FastDateFormat getTimeInstance(final int style, final TimeZone timeZone) {","public static FastDateFormat getTimeInstance(final int style, final TimeZone timeZone) { timeZone = null;",66,
org/apache/commons/lang3/time/FastDateFormat.java,332,NullifyInputVariable,"public static FastDateFormat getTimeInstance(final int style, final Locale locale) {","public static FastDateFormat getTimeInstance(final int style, final Locale locale) { locale = null;",67,
org/apache/commons/lang3/time/FastDateFormat.java,303,NullifyInputVariable,"public static FastDateFormat getInstance(final String pattern, final TimeZone timeZone, final Locale locale) {","public static FastDateFormat getInstance(final String pattern, final TimeZone timeZone, final Locale locale) { locale = null;",68,
org/apache/commons/lang3/time/FastDateFormat.java,303,NullifyInputVariable,"public static FastDateFormat getInstance(final String pattern, final TimeZone timeZone, final Locale locale) {","public static FastDateFormat getInstance(final String pattern, final TimeZone timeZone, final Locale locale) { timeZone = null;",69,
org/apache/commons/lang3/time/FastDateFormat.java,303,NullifyInputVariable,"public static FastDateFormat getInstance(final String pattern, final TimeZone timeZone, final Locale locale) {","public static FastDateFormat getInstance(final String pattern, final TimeZone timeZone, final Locale locale) { pattern = null;",70,
org/apache/commons/lang3/time/FastDateFormat.java,286,NullifyInputVariable,"public static FastDateFormat getInstance(final String pattern, final TimeZone timeZone) {","public static FastDateFormat getInstance(final String pattern, final TimeZone timeZone) { timeZone = null;",71,
org/apache/commons/lang3/time/FastDateFormat.java,286,NullifyInputVariable,"public static FastDateFormat getInstance(final String pattern, final TimeZone timeZone) {","public static FastDateFormat getInstance(final String pattern, final TimeZone timeZone) { pattern = null;",72,
org/apache/commons/lang3/time/FastDateFormat.java,271,NullifyInputVariable,"public static FastDateFormat getInstance(final String pattern, final Locale locale) {","public static FastDateFormat getInstance(final String pattern, final Locale locale) { locale = null;",73,
org/apache/commons/lang3/time/FastDateFormat.java,271,NullifyInputVariable,"public static FastDateFormat getInstance(final String pattern, final Locale locale) {","public static FastDateFormat getInstance(final String pattern, final Locale locale) { pattern = null;",74,
org/apache/commons/lang3/time/FastDateFormat.java,257,NullifyInputVariable,public static FastDateFormat getInstance(final String pattern) {,public static FastDateFormat getInstance(final String pattern) { pattern = null;,75,
org/apache/commons/lang3/time/FastDateFormat.java,234,NullifyInputVariable,"final int dateStyle, final int timeStyle, final TimeZone timeZone, final Locale locale) {","final int dateStyle, final int timeStyle, final TimeZone timeZone, final Locale locale) { locale = null;",76,
org/apache/commons/lang3/time/FastDateFormat.java,234,NullifyInputVariable,"final int dateStyle, final int timeStyle, final TimeZone timeZone, final Locale locale) {","final int dateStyle, final int timeStyle, final TimeZone timeZone, final Locale locale) { timeZone = null;",77,
org/apache/commons/lang3/time/FastDateFormat.java,216,NullifyInputVariable,"public static FastDateFormat getDateTimeInstance(final int dateStyle, final int timeStyle, final TimeZone timeZone) {","public static FastDateFormat getDateTimeInstance(final int dateStyle, final int timeStyle, final TimeZone timeZone) { timeZone = null;",78,
org/apache/commons/lang3/time/FastDateFormat.java,199,NullifyInputVariable,"public static FastDateFormat getDateTimeInstance(final int dateStyle, final int timeStyle, final Locale locale) {","public static FastDateFormat getDateTimeInstance(final int dateStyle, final int timeStyle, final Locale locale) { locale = null;",79,
org/apache/commons/lang3/time/FastDateFormat.java,168,NullifyInputVariable,"public static FastDateFormat getDateInstance(final int style, final TimeZone timeZone, final Locale locale) {","public static FastDateFormat getDateInstance(final int style, final TimeZone timeZone, final Locale locale) { locale = null;",80,
org/apache/commons/lang3/time/FastDateFormat.java,168,NullifyInputVariable,"public static FastDateFormat getDateInstance(final int style, final TimeZone timeZone, final Locale locale) {","public static FastDateFormat getDateInstance(final int style, final TimeZone timeZone, final Locale locale) { timeZone = null;",81,
org/apache/commons/lang3/time/FastDateFormat.java,152,NullifyInputVariable,"public static FastDateFormat getDateInstance(final int style, final TimeZone timeZone) {","public static FastDateFormat getDateInstance(final int style, final TimeZone timeZone) { timeZone = null;",82,
org/apache/commons/lang3/time/FastDateFormat.java,136,NullifyInputVariable,"public static FastDateFormat getDateInstance(final int style, final Locale locale) {","public static FastDateFormat getDateInstance(final int style, final Locale locale) { locale = null;",83,
org/apache/commons/lang3/time/FastDateFormat.java,106,NullifyInputVariable,"protected FastDateFormat createInstance(final String pattern, final TimeZone timeZone, final Locale locale) {","protected FastDateFormat createInstance(final String pattern, final TimeZone timeZone, final Locale locale) { locale = null;",84,
org/apache/commons/lang3/time/FastDateFormat.java,106,NullifyInputVariable,"protected FastDateFormat createInstance(final String pattern, final TimeZone timeZone, final Locale locale) {","protected FastDateFormat createInstance(final String pattern, final TimeZone timeZone, final Locale locale) { timeZone = null;",85,
org/apache/commons/lang3/time/FastDateFormat.java,106,NullifyInputVariable,"protected FastDateFormat createInstance(final String pattern, final TimeZone timeZone, final Locale locale) {","protected FastDateFormat createInstance(final String pattern, final TimeZone timeZone, final Locale locale) { pattern = null;",86,
org/apache/commons/lang3/time/FastDateParser.java,1068,NullifyInputVariable,"public Object parseObject(final String source, final ParsePosition pos) {","public Object parseObject(final String source, final ParsePosition pos) { pos = null;",100,
org/apache/commons/lang3/time/FastDateParser.java,1068,NullifyInputVariable,"public Object parseObject(final String source, final ParsePosition pos) {","public Object parseObject(final String source, final ParsePosition pos) { source = null;",101,
org/apache/commons/lang3/time/FastDateParser.java,1058,NullifyInputVariable,public Object parseObject(final String source) throws ParseException {,public Object parseObject(final String source) throws ParseException { source = null;,102,
org/apache/commons/lang3/time/FastDateParser.java,1040,NullifyInputVariable,"public boolean parse(final String source, final ParsePosition pos, final Calendar calendar) {","public boolean parse(final String source, final ParsePosition pos, final Calendar calendar) { calendar = null;",103,
org/apache/commons/lang3/time/FastDateParser.java,1040,NullifyInputVariable,"public boolean parse(final String source, final ParsePosition pos, final Calendar calendar) {","public boolean parse(final String source, final ParsePosition pos, final Calendar calendar) { pos = null;",104,
org/apache/commons/lang3/time/FastDateParser.java,1040,NullifyInputVariable,"public boolean parse(final String source, final ParsePosition pos, final Calendar calendar) {","public boolean parse(final String source, final ParsePosition pos, final Calendar calendar) { source = null;",105,
org/apache/commons/lang3/time/FastDateParser.java,1021,NullifyInputVariable,"public Date parse(final String source, final ParsePosition pos) {","public Date parse(final String source, final ParsePosition pos) { pos = null;",106,
org/apache/commons/lang3/time/FastDateParser.java,1021,NullifyInputVariable,"public Date parse(final String source, final ParsePosition pos) {","public Date parse(final String source, final ParsePosition pos) { source = null;",107,
org/apache/commons/lang3/time/FastDateParser.java,998,NullifyInputVariable,public Date parse(final String source) throws ParseException {,public Date parse(final String source) throws ParseException { source = null;,108,
org/apache/commons/lang3/time/FastDateParser.java,979,NullifyInputVariable,private void init(final Calendar definingCalendar) {,private void init(final Calendar definingCalendar) { definingCalendar = null;,109,
org/apache/commons/lang3/time/FastDateParser.java,903,NullifyInputVariable,"private Strategy getStrategy(final char f, final int width, final Calendar definingCalendar) {","private Strategy getStrategy(final char f, final int width, final Calendar definingCalendar) { definingCalendar = null;",110,
org/apache/commons/lang3/time/FastDateParser.java,880,NullifyInputVariable,"private Strategy getLocaleSpecificStrategy(final int field, final Calendar definingCalendar) {","private Strategy getLocaleSpecificStrategy(final int field, final Calendar definingCalendar) { definingCalendar = null;",111,
org/apache/commons/lang3/time/FastDateParser.java,855,NullifyInputVariable,public boolean equals(final Object obj) {,public boolean equals(final Object obj) { obj = null;,112,
org/apache/commons/lang3/time/FastDateParser.java,738,NullifyInputVariable,"private static StringBuilder simpleQuote(final StringBuilder sb, final String value) {","private static StringBuilder simpleQuote(final StringBuilder sb, final String value) { value = null;",113,
org/apache/commons/lang3/time/FastDateParser.java,738,NullifyInputVariable,"private static StringBuilder simpleQuote(final StringBuilder sb, final String value) {","private static StringBuilder simpleQuote(final StringBuilder sb, final String value) { sb = null;",114,
org/apache/commons/lang3/time/FastDateParser.java,703,NullifyInputVariable,"private static Map<String, Integer> appendDisplayNames(final Calendar calendar, final Locale locale, final int field, final StringBuilder regex) {","private static Map<String, Integer> appendDisplayNames(final Calendar calendar, final Locale locale, final int field, final StringBuilder regex) { regex = null;",115,
org/apache/commons/lang3/time/FastDateParser.java,703,NullifyInputVariable,"private static Map<String, Integer> appendDisplayNames(final Calendar calendar, final Locale locale, final int field, final StringBuilder regex) {","private static Map<String, Integer> appendDisplayNames(final Calendar calendar, final Locale locale, final int field, final StringBuilder regex) { locale = null;",116,
org/apache/commons/lang3/time/FastDateParser.java,703,NullifyInputVariable,"private static Map<String, Integer> appendDisplayNames(final Calendar calendar, final Locale locale, final int field, final StringBuilder regex) {","private static Map<String, Integer> appendDisplayNames(final Calendar calendar, final Locale locale, final int field, final StringBuilder regex) { calendar = null;",117,
org/apache/commons/lang3/time/FastDateParser.java,679,NullifyInputVariable,"int modify(final FastDateParser parser, final int iValue) {","int modify(final FastDateParser parser, final int iValue) { parser = null;",118,
org/apache/commons/lang3/time/FastDateParser.java,672,NullifyInputVariable,"int modify(final FastDateParser parser, final int iValue) {","int modify(final FastDateParser parser, final int iValue) { parser = null;",119,
org/apache/commons/lang3/time/FastDateParser.java,661,NullifyInputVariable,"int modify(final FastDateParser parser, final int iValue) {","int modify(final FastDateParser parser, final int iValue) { parser = null;",120,
org/apache/commons/lang3/time/FastDateParser.java,644,NullifyInputVariable,"int modify(final FastDateParser parser, final int iValue) {","int modify(final FastDateParser parser, final int iValue) { parser = null;",121,
org/apache/commons/lang3/time/FastDateParser.java,637,NullifyInputVariable,"int modify(final FastDateParser parser, final int iValue) {","int modify(final FastDateParser parser, final int iValue) { parser = null;",122,
org/apache/commons/lang3/time/FastDateParser.java,584,NullifyInputVariable,"void setCalendar(final FastDateParser parser, final Calendar calendar, final String timeZone) {","void setCalendar(final FastDateParser parser, final Calendar calendar, final String timeZone) { timeZone = null;",123,
org/apache/commons/lang3/time/FastDateParser.java,584,NullifyInputVariable,"void setCalendar(final FastDateParser parser, final Calendar calendar, final String timeZone) {","void setCalendar(final FastDateParser parser, final Calendar calendar, final String timeZone) { calendar = null;",124,
org/apache/commons/lang3/time/FastDateParser.java,584,NullifyInputVariable,"void setCalendar(final FastDateParser parser, final Calendar calendar, final String timeZone) {","void setCalendar(final FastDateParser parser, final Calendar calendar, final String timeZone) { parser = null;",125,
org/apache/commons/lang3/time/FastDateParser.java,403,NullifyInputVariable,int getMaxWidth(final ListIterator<StrategyAndWidth> lt) {,int getMaxWidth(final ListIterator<StrategyAndWidth> lt) { lt = null;,126,
org/apache/commons/lang3/time/FastDateParser.java,348,NullifyInputVariable,"boolean parse(final FastDateParser parser, final Calendar calendar, final String source, final ParsePosition pos, final int maxWidth) {","boolean parse(final FastDateParser parser, final Calendar calendar, final String source, final ParsePosition pos, final int maxWidth) { pos = null;",127,
org/apache/commons/lang3/time/FastDateParser.java,348,NullifyInputVariable,"boolean parse(final FastDateParser parser, final Calendar calendar, final String source, final ParsePosition pos, final int maxWidth) {","boolean parse(final FastDateParser parser, final Calendar calendar, final String source, final ParsePosition pos, final int maxWidth) { source = null;",128,
org/apache/commons/lang3/time/FastDateParser.java,348,NullifyInputVariable,"boolean parse(final FastDateParser parser, final Calendar calendar, final String source, final ParsePosition pos, final int maxWidth) {","boolean parse(final FastDateParser parser, final Calendar calendar, final String source, final ParsePosition pos, final int maxWidth) { calendar = null;",129,
org/apache/commons/lang3/time/FastDateParser.java,348,NullifyInputVariable,"boolean parse(final FastDateParser parser, final Calendar calendar, final String source, final ParsePosition pos, final int maxWidth) {","boolean parse(final FastDateParser parser, final Calendar calendar, final String source, final ParsePosition pos, final int maxWidth) { parser = null;",130,
org/apache/commons/lang3/time/FastDateParser.java,333,NullifyInputVariable,void createPattern(final StringBuilder regex) {,void createPattern(final StringBuilder regex) { regex = null;,131,
org/apache/commons/lang3/time/FastDateParser.java,329,NullifyInputVariable,void createPattern(final String regex) {,void createPattern(final String regex) { regex = null;,132,
org/apache/commons/lang3/time/FastDateParser.java,272,NullifyInputVariable,"boolean parse(final FastDateParser parser, final Calendar calendar, final String source, final ParsePosition pos, final int maxWidth) {","boolean parse(final FastDateParser parser, final Calendar calendar, final String source, final ParsePosition pos, final int maxWidth) { pos = null;",133,
org/apache/commons/lang3/time/FastDateParser.java,272,NullifyInputVariable,"boolean parse(final FastDateParser parser, final Calendar calendar, final String source, final ParsePosition pos, final int maxWidth) {","boolean parse(final FastDateParser parser, final Calendar calendar, final String source, final ParsePosition pos, final int maxWidth) { source = null;",134,
org/apache/commons/lang3/time/FastDateParser.java,272,NullifyInputVariable,"boolean parse(final FastDateParser parser, final Calendar calendar, final String source, final ParsePosition pos, final int maxWidth) {","boolean parse(final FastDateParser parser, final Calendar calendar, final String source, final ParsePosition pos, final int maxWidth) { calendar = null;",135,
org/apache/commons/lang3/time/FastDateParser.java,272,NullifyInputVariable,"boolean parse(final FastDateParser parser, final Calendar calendar, final String source, final ParsePosition pos, final int maxWidth) {","boolean parse(final FastDateParser parser, final Calendar calendar, final String source, final ParsePosition pos, final int maxWidth) { parser = null;",136,
org/apache/commons/lang3/time/FastDateParser.java,267,NullifyInputVariable,"int modify(final FastDateParser parser, final int iValue) {","int modify(final FastDateParser parser, final int iValue) { parser = null;",137,
org/apache/commons/lang3/time/FastDateParser.java,231,NullifyInputVariable,"void setCalendar(final FastDateParser parser, final Calendar calendar, final String value) {","void setCalendar(final FastDateParser parser, final Calendar calendar, final String value) { value = null;",138,
org/apache/commons/lang3/time/FastDateParser.java,231,NullifyInputVariable,"void setCalendar(final FastDateParser parser, final Calendar calendar, final String value) {","void setCalendar(final FastDateParser parser, final Calendar calendar, final String value) { calendar = null;",139,
org/apache/commons/lang3/time/FastDateParser.java,231,NullifyInputVariable,"void setCalendar(final FastDateParser parser, final Calendar calendar, final String value) {","void setCalendar(final FastDateParser parser, final Calendar calendar, final String value) { parser = null;",140,
org/apache/commons/lang3/time/FastDateParser.java,164,NullifyInputVariable,"boolean parse(final FastDateParser parser, final Calendar calendar, final String source, final ParsePosition pos, final int maxWidth) {","boolean parse(final FastDateParser parser, final Calendar calendar, final String source, final ParsePosition pos, final int maxWidth) { pos = null;",141,
org/apache/commons/lang3/time/FastDateParser.java,164,NullifyInputVariable,"boolean parse(final FastDateParser parser, final Calendar calendar, final String source, final ParsePosition pos, final int maxWidth) {","boolean parse(final FastDateParser parser, final Calendar calendar, final String source, final ParsePosition pos, final int maxWidth) { source = null;",142,
org/apache/commons/lang3/time/FastDateParser.java,164,NullifyInputVariable,"boolean parse(final FastDateParser parser, final Calendar calendar, final String source, final ParsePosition pos, final int maxWidth) {","boolean parse(final FastDateParser parser, final Calendar calendar, final String source, final ParsePosition pos, final int maxWidth) { calendar = null;",143,
org/apache/commons/lang3/time/FastDateParser.java,164,NullifyInputVariable,"boolean parse(final FastDateParser parser, final Calendar calendar, final String source, final ParsePosition pos, final int maxWidth) {","boolean parse(final FastDateParser parser, final Calendar calendar, final String source, final ParsePosition pos, final int maxWidth) { parser = null;",144,
org/apache/commons/lang3/time/FastDateParser.java,115,NullifyInputVariable,"void setCalendar(final FastDateParser parser, final Calendar calendar, final String value) {","void setCalendar(final FastDateParser parser, final Calendar calendar, final String value) { value = null;",145,
org/apache/commons/lang3/time/FastDateParser.java,115,NullifyInputVariable,"void setCalendar(final FastDateParser parser, final Calendar calendar, final String value) {","void setCalendar(final FastDateParser parser, final Calendar calendar, final String value) { calendar = null;",146,
org/apache/commons/lang3/time/FastDateParser.java,115,NullifyInputVariable,"void setCalendar(final FastDateParser parser, final Calendar calendar, final String value) {","void setCalendar(final FastDateParser parser, final Calendar calendar, final String value) { parser = null;",147,
org/apache/commons/lang3/time/FastDateParser.java,944,RelationalOperatorReplacement,return width > 2 ? LITERAL_YEAR_STRATEGY : ABBREVIATED_YEAR_STRATEGY;,return width <= 2 ? LITERAL_YEAR_STRATEGY : ABBREVIATED_YEAR_STRATEGY;,279,
org/apache/commons/lang3/time/FastDateParser.java,921,RelationalOperatorReplacement,"return width >= 3 ? getLocaleSpecificStrategy(Calendar.MONTH, definingCalendar) : NUMBER_MONTH_STRATEGY;","return width < 3 ? getLocaleSpecificStrategy(Calendar.MONTH, definingCalendar) : NUMBER_MONTH_STRATEGY;",280,
org/apache/commons/lang3/time/FastDateParser.java,844,RelationalOperatorReplacement,return twoDigitYear >= startYear ? trial : trial + 100;,return twoDigitYear < startYear ? trial : trial + 100;,282,
org/apache/commons/lang3/time/FastDateParser.java,739,RelationalOperatorReplacement,for (int i = 0; i < value.length(); ++i) {,for (int i = 0; i >= value.length(); ++i) {,285,
org/apache/commons/lang3/time/FastDateParser.java,735,RelationalOperatorReplacement,return c >= 'A' && c <= 'Z' || c >= 'a' && c <= 'z';,return c >= 'A' && c <= 'Z' || c >= 'a' && c > 'z';,286,
org/apache/commons/lang3/time/FastDateParser.java,735,RelationalOperatorReplacement,return c >= 'A' && c <= 'Z' || c >= 'a' && c <= 'z';,return c >= 'A' && c <= 'Z' || c < 'a' && c <= 'z';,287,
org/apache/commons/lang3/time/FastDateParser.java,735,RelationalOperatorReplacement,return c >= 'A' && c <= 'Z' || c >= 'a' && c <= 'z';,return c >= 'A' && c > 'Z' || c >= 'a' && c <= 'z';,288,
org/apache/commons/lang3/time/FastDateParser.java,735,RelationalOperatorReplacement,return c >= 'A' && c <= 'Z' || c >= 'a' && c <= 'z';,return c < 'A' && c <= 'Z' || c >= 'a' && c <= 'z';,289,
org/apache/commons/lang3/time/FastDateParser.java,638,RelationalOperatorReplacement,return iValue < 100 ? parser.adjustYear(iValue) : iValue;,return iValue >= 100 ? parser.adjustYear(iValue) : iValue;,294,
org/apache/commons/lang3/time/FastDateParser.java,536,RelationalOperatorReplacement,for (int i = 1; i < zoneNames.length; ++i) {,for (int i = 1; i >= zoneNames.length; ++i) {,298,
org/apache/commons/lang3/time/FastDateParser.java,457,RelationalOperatorReplacement,while (currentIdx < pattern.length()) {,while (currentIdx >= pattern.length()) {,302,
org/apache/commons/lang3/time/FastDateParser.java,443,RelationalOperatorReplacement,while (++currentIdx < pattern.length()) {,while (++currentIdx >= pattern.length()) {,304,
org/apache/commons/lang3/time/FastDateParser.java,430,RelationalOperatorReplacement,if (currentIdx >= pattern.length()) {,if (currentIdx < pattern.length()) {,305,
org/apache/commons/lang3/time/FastDateParser.java,292,RelationalOperatorReplacement,for (; idx < last; ++idx) {,for (; idx >= last; ++idx) {,307,
org/apache/commons/lang3/time/FastDateParser.java,287,RelationalOperatorReplacement,if (last > end) {,if (last <= end) {,308,
org/apache/commons/lang3/time/FastDateParser.java,278,RelationalOperatorReplacement,for (; idx < last; ++idx) {,for (; idx >= last; ++idx) {,309,
org/apache/commons/lang3/time/FastDateParser.java,165,RelationalOperatorReplacement,for (int idx = 0; idx < formatField.length(); ++idx) {,for (int idx = 0; idx >= formatField.length(); ++idx) {,313,
org/apache/commons/lang3/time/FastDateParser.java,123,RelationalOperatorReplacement,if (Calendar.AM_PM != this.field || iVal <= 1) {,if (Calendar.AM_PM != this.field || iVal > 1) {,314,
org/apache/commons/lang3/time/FastDateParser.java,1079,NullifyInputVariable,"private void readObject(final ObjectInputStream in) throws IOException, ClassNotFoundException {","private void readObject(final ObjectInputStream in) throws IOException, ClassNotFoundException { in = null;",99,
org/apache/commons/lang3/time/FastDatePrinter.java,1537,NullifyInputVariable,"private void readObject(final ObjectInputStream in) throws IOException, ClassNotFoundException {","private void readObject(final ObjectInputStream in) throws IOException, ClassNotFoundException { in = null;",105,
org/apache/commons/lang3/time/FastDatePrinter.java,1477,NullifyInputVariable,"protected String parseToken(final String pattern, final int[] indexRef) {","protected String parseToken(final String pattern, final int[] indexRef) { pattern = null;",106,
org/apache/commons/lang3/time/FastDatePrinter.java,1233,NullifyInputVariable,"public StringBuffer format(final Object obj, final StringBuffer toAppendTo, final FieldPosition pos) {","public StringBuffer format(final Object obj, final StringBuffer toAppendTo, final FieldPosition pos) { pos = null;",107,
org/apache/commons/lang3/time/FastDatePrinter.java,1233,NullifyInputVariable,"public StringBuffer format(final Object obj, final StringBuffer toAppendTo, final FieldPosition pos) {","public StringBuffer format(final Object obj, final StringBuffer toAppendTo, final FieldPosition pos) { toAppendTo = null;",108,
org/apache/commons/lang3/time/FastDatePrinter.java,1233,NullifyInputVariable,"public StringBuffer format(final Object obj, final StringBuffer toAppendTo, final FieldPosition pos) {","public StringBuffer format(final Object obj, final StringBuffer toAppendTo, final FieldPosition pos) { obj = null;",109,
org/apache/commons/lang3/time/FastDatePrinter.java,1208,NullifyInputVariable,String format(final Object obj) {,String format(final Object obj) { obj = null;,110,
org/apache/commons/lang3/time/FastDatePrinter.java,1195,NullifyInputVariable,"public StringBuffer format(final long millis, final StringBuffer buf) {","public StringBuffer format(final long millis, final StringBuffer buf) { buf = null;",111,
org/apache/commons/lang3/time/FastDatePrinter.java,1185,NullifyInputVariable,"public <B extends Appendable> B format(final long millis, final B buf) {","public <B extends Appendable> B format(final long millis, final B buf) { buf = null;",112,
org/apache/commons/lang3/time/FastDatePrinter.java,1165,NullifyInputVariable,"public StringBuffer format(final Date date, final StringBuffer buf) {","public StringBuffer format(final Date date, final StringBuffer buf) { buf = null;",113,
org/apache/commons/lang3/time/FastDatePrinter.java,1165,NullifyInputVariable,"public StringBuffer format(final Date date, final StringBuffer buf) {","public StringBuffer format(final Date date, final StringBuffer buf) { date = null;",114,
org/apache/commons/lang3/time/FastDatePrinter.java,1155,NullifyInputVariable,"public <B extends Appendable> B format(final Date date, final B buf) {","public <B extends Appendable> B format(final Date date, final B buf) { buf = null;",115,
org/apache/commons/lang3/time/FastDatePrinter.java,1155,NullifyInputVariable,"public <B extends Appendable> B format(final Date date, final B buf) {","public <B extends Appendable> B format(final Date date, final B buf) { date = null;",116,
org/apache/commons/lang3/time/FastDatePrinter.java,1145,NullifyInputVariable,public String format(final Date date) {,public String format(final Date date) { date = null;,117,
org/apache/commons/lang3/time/FastDatePrinter.java,1136,NullifyInputVariable,"public StringBuffer format(final Calendar calendar, final StringBuffer buf) {","public StringBuffer format(final Calendar calendar, final StringBuffer buf) { buf = null;",118,
org/apache/commons/lang3/time/FastDatePrinter.java,1136,NullifyInputVariable,"public StringBuffer format(final Calendar calendar, final StringBuffer buf) {","public StringBuffer format(final Calendar calendar, final StringBuffer buf) { calendar = null;",119,
org/apache/commons/lang3/time/FastDatePrinter.java,1123,NullifyInputVariable,"public <B extends Appendable> B format(Calendar calendar, final B buf) {","public <B extends Appendable> B format(Calendar calendar, final B buf) { buf = null;",120,
org/apache/commons/lang3/time/FastDatePrinter.java,1115,NullifyInputVariable,public String format(final Calendar calendar) {,public String format(final Calendar calendar) { calendar = null;,122,
org/apache/commons/lang3/time/FastDatePrinter.java,1101,NullifyInputVariable,public boolean equals(final Object obj) {,public boolean equals(final Object obj) { obj = null;,123,
org/apache/commons/lang3/time/FastDatePrinter.java,1089,NullifyInputVariable,private String applyRulesToString(final Calendar c) {,private String applyRulesToString(final Calendar c) { c = null;,124,
org/apache/commons/lang3/time/FastDatePrinter.java,1080,NullifyInputVariable,"protected StringBuffer applyRules(final Calendar calendar, final StringBuffer buf) {","protected StringBuffer applyRules(final Calendar calendar, final StringBuffer buf) { buf = null;",125,
org/apache/commons/lang3/time/FastDatePrinter.java,1080,NullifyInputVariable,"protected StringBuffer applyRules(final Calendar calendar, final StringBuffer buf) {","protected StringBuffer applyRules(final Calendar calendar, final StringBuffer buf) { calendar = null;",126,
org/apache/commons/lang3/time/FastDatePrinter.java,1058,NullifyInputVariable,"private <B extends Appendable> B applyRules(final Calendar calendar, final B buf) {","private <B extends Appendable> B applyRules(final Calendar calendar, final B buf) { buf = null;",127,
org/apache/commons/lang3/time/FastDatePrinter.java,1058,NullifyInputVariable,"private <B extends Appendable> B applyRules(final Calendar calendar, final B buf) {","private <B extends Appendable> B applyRules(final Calendar calendar, final B buf) { calendar = null;",128,
org/apache/commons/lang3/time/FastDatePrinter.java,1000,NullifyInputVariable,"static String getTimeZoneDisplay(final TimeZone tz, final boolean daylight, final int style, final Locale locale) {","static String getTimeZoneDisplay(final TimeZone tz, final boolean daylight, final int style, final Locale locale) { locale = null;",129,
org/apache/commons/lang3/time/FastDatePrinter.java,1000,NullifyInputVariable,"static String getTimeZoneDisplay(final TimeZone tz, final boolean daylight, final int style, final Locale locale) {","static String getTimeZoneDisplay(final TimeZone tz, final boolean daylight, final int style, final Locale locale) { tz = null;",130,
org/apache/commons/lang3/time/FastDatePrinter.java,925,NullifyInputVariable,"private static void appendFullDigits(final Appendable buffer, int value, int minFieldWidth) throws IOException {","private static void appendFullDigits(final Appendable buffer, int value, int minFieldWidth) throws IOException { buffer = null;",131,
org/apache/commons/lang3/time/FastDatePrinter.java,912,NullifyInputVariable,"private static void appendDigits(final Appendable buffer, final int value) throws IOException {","private static void appendDigits(final Appendable buffer, final int value) throws IOException { buffer = null;",132,
org/apache/commons/lang3/time/FastDatePrinter.java,860,NullifyInputVariable,"public void appendTo(final Appendable buffer, final int value) throws IOException {","public void appendTo(final Appendable buffer, final int value) throws IOException { buffer = null;",133,
org/apache/commons/lang3/time/FastDatePrinter.java,855,NullifyInputVariable,"public void appendTo(final Appendable buffer, final Calendar calendar) throws IOException {","public void appendTo(final Appendable buffer, final Calendar calendar) throws IOException { calendar = null;",134,
org/apache/commons/lang3/time/FastDatePrinter.java,855,NullifyInputVariable,"public void appendTo(final Appendable buffer, final Calendar calendar) throws IOException {","public void appendTo(final Appendable buffer, final Calendar calendar) throws IOException { buffer = null;",135,
org/apache/commons/lang3/time/FastDatePrinter.java,825,NullifyInputVariable,"public final void appendTo(final Appendable buffer, final int value) throws IOException {","public final void appendTo(final Appendable buffer, final int value) throws IOException { buffer = null;",136,
org/apache/commons/lang3/time/FastDatePrinter.java,817,NullifyInputVariable,"public void appendTo(final Appendable buffer, final Calendar calendar) throws IOException {","public void appendTo(final Appendable buffer, final Calendar calendar) throws IOException { calendar = null;",137,
org/apache/commons/lang3/time/FastDatePrinter.java,817,NullifyInputVariable,"public void appendTo(final Appendable buffer, final Calendar calendar) throws IOException {","public void appendTo(final Appendable buffer, final Calendar calendar) throws IOException { buffer = null;",138,
org/apache/commons/lang3/time/FastDatePrinter.java,781,NullifyInputVariable,"public final void appendTo(final Appendable buffer, final int value) throws IOException {","public final void appendTo(final Appendable buffer, final int value) throws IOException { buffer = null;",139,
org/apache/commons/lang3/time/FastDatePrinter.java,773,NullifyInputVariable,"public void appendTo(final Appendable buffer, final Calendar calendar) throws IOException {","public void appendTo(final Appendable buffer, final Calendar calendar) throws IOException { calendar = null;",140,
org/apache/commons/lang3/time/FastDatePrinter.java,773,NullifyInputVariable,"public void appendTo(final Appendable buffer, final Calendar calendar) throws IOException {","public void appendTo(final Appendable buffer, final Calendar calendar) throws IOException { buffer = null;",141,
org/apache/commons/lang3/time/FastDatePrinter.java,744,NullifyInputVariable,"public final void appendTo(final Appendable buffer, final int value) throws IOException {","public final void appendTo(final Appendable buffer, final int value) throws IOException { buffer = null;",142,
org/apache/commons/lang3/time/FastDatePrinter.java,736,NullifyInputVariable,"public void appendTo(final Appendable buffer, final Calendar calendar) throws IOException {","public void appendTo(final Appendable buffer, final Calendar calendar) throws IOException { calendar = null;",143,
org/apache/commons/lang3/time/FastDatePrinter.java,736,NullifyInputVariable,"public void appendTo(final Appendable buffer, final Calendar calendar) throws IOException {","public void appendTo(final Appendable buffer, final Calendar calendar) throws IOException { buffer = null;",144,
org/apache/commons/lang3/time/FastDatePrinter.java,703,NullifyInputVariable,"public final void appendTo(final Appendable buffer, final int value) throws IOException {","public final void appendTo(final Appendable buffer, final int value) throws IOException { buffer = null;",145,
org/apache/commons/lang3/time/FastDatePrinter.java,695,NullifyInputVariable,"public void appendTo(final Appendable buffer, final Calendar calendar) throws IOException {","public void appendTo(final Appendable buffer, final Calendar calendar) throws IOException { calendar = null;",146,
org/apache/commons/lang3/time/FastDatePrinter.java,695,NullifyInputVariable,"public void appendTo(final Appendable buffer, final Calendar calendar) throws IOException {","public void appendTo(final Appendable buffer, final Calendar calendar) throws IOException { buffer = null;",147,
org/apache/commons/lang3/time/FastDatePrinter.java,663,NullifyInputVariable,"public final void appendTo(final Appendable buffer, final int value) throws IOException {","public final void appendTo(final Appendable buffer, final int value) throws IOException { buffer = null;",148,
org/apache/commons/lang3/time/FastDatePrinter.java,655,NullifyInputVariable,"public void appendTo(final Appendable buffer, final Calendar calendar) throws IOException {","public void appendTo(final Appendable buffer, final Calendar calendar) throws IOException { calendar = null;",149,
org/apache/commons/lang3/time/FastDatePrinter.java,655,NullifyInputVariable,"public void appendTo(final Appendable buffer, final Calendar calendar) throws IOException {","public void appendTo(final Appendable buffer, final Calendar calendar) throws IOException { buffer = null;",150,
org/apache/commons/lang3/time/FastDatePrinter.java,626,NullifyInputVariable,"public void appendTo(final Appendable buffer, final int value) throws IOException {","public void appendTo(final Appendable buffer, final int value) throws IOException { buffer = null;",151,
org/apache/commons/lang3/time/FastDatePrinter.java,614,NullifyInputVariable,"public void appendTo(final Appendable buffer, final Calendar calendar) throws IOException {","public void appendTo(final Appendable buffer, final Calendar calendar) throws IOException { calendar = null;",152,
org/apache/commons/lang3/time/FastDatePrinter.java,614,NullifyInputVariable,"public void appendTo(final Appendable buffer, final Calendar calendar) throws IOException {","public void appendTo(final Appendable buffer, final Calendar calendar) throws IOException { buffer = null;",153,
org/apache/commons/lang3/time/FastDatePrinter.java,581,NullifyInputVariable,"public void appendTo(final Appendable buffer, final int value) throws IOException {","public void appendTo(final Appendable buffer, final int value) throws IOException { buffer = null;",154,
org/apache/commons/lang3/time/FastDatePrinter.java,569,NullifyInputVariable,"public void appendTo(final Appendable buffer, final Calendar calendar) throws IOException {","public void appendTo(final Appendable buffer, final Calendar calendar) throws IOException { calendar = null;",155,
org/apache/commons/lang3/time/FastDatePrinter.java,569,NullifyInputVariable,"public void appendTo(final Appendable buffer, final Calendar calendar) throws IOException {","public void appendTo(final Appendable buffer, final Calendar calendar) throws IOException { buffer = null;",156,
org/apache/commons/lang3/time/FastDatePrinter.java,518,NullifyInputVariable,"public void appendTo(final Appendable buffer, final Calendar calendar) throws IOException {","public void appendTo(final Appendable buffer, final Calendar calendar) throws IOException { calendar = null;",157,
org/apache/commons/lang3/time/FastDatePrinter.java,518,NullifyInputVariable,"public void appendTo(final Appendable buffer, final Calendar calendar) throws IOException {","public void appendTo(final Appendable buffer, final Calendar calendar) throws IOException { buffer = null;",158,
org/apache/commons/lang3/time/FastDatePrinter.java,478,NullifyInputVariable,"public void appendTo(final Appendable buffer, final Calendar calendar) throws IOException {","public void appendTo(final Appendable buffer, final Calendar calendar) throws IOException { calendar = null;",159,
org/apache/commons/lang3/time/FastDatePrinter.java,478,NullifyInputVariable,"public void appendTo(final Appendable buffer, final Calendar calendar) throws IOException {","public void appendTo(final Appendable buffer, final Calendar calendar) throws IOException { buffer = null;",160,
org/apache/commons/lang3/time/FastDatePrinter.java,429,NullifyInputVariable,public boolean equals(final Object obj) {,public boolean equals(final Object obj) { obj = null;,161,
org/apache/commons/lang3/time/FastDatePrinter.java,379,NullifyInputVariable,"public void appendTo(final Appendable buffer, final Calendar calendar) throws IOException {","public void appendTo(final Appendable buffer, final Calendar calendar) throws IOException { calendar = null;",162,
org/apache/commons/lang3/time/FastDatePrinter.java,379,NullifyInputVariable,"public void appendTo(final Appendable buffer, final Calendar calendar) throws IOException {","public void appendTo(final Appendable buffer, final Calendar calendar) throws IOException { buffer = null;",163,
org/apache/commons/lang3/time/FastDatePrinter.java,344,NullifyInputVariable,"public void appendTo(final Appendable buffer, final Calendar calendar) throws IOException {","public void appendTo(final Appendable buffer, final Calendar calendar) throws IOException { calendar = null;",164,
org/apache/commons/lang3/time/FastDatePrinter.java,344,NullifyInputVariable,"public void appendTo(final Appendable buffer, final Calendar calendar) throws IOException {","public void appendTo(final Appendable buffer, final Calendar calendar) throws IOException { buffer = null;",165,
org/apache/commons/lang3/time/FastDatePrinter.java,289,NullifyInputVariable,"public /* final */ void appendTo(final Appendable buffer, final int value) throws IOException {","public /* final */ void appendTo(final Appendable buffer, final int value) throws IOException { buffer = null;",166,
org/apache/commons/lang3/time/FastDatePrinter.java,281,NullifyInputVariable,"public void appendTo(final Appendable buffer, final Calendar calendar) throws IOException {","public void appendTo(final Appendable buffer, final Calendar calendar) throws IOException { calendar = null;",167,
org/apache/commons/lang3/time/FastDatePrinter.java,281,NullifyInputVariable,"public void appendTo(final Appendable buffer, final Calendar calendar) throws IOException {","public void appendTo(final Appendable buffer, final Calendar calendar) throws IOException { buffer = null;",168,
org/apache/commons/lang3/time/FastDatePrinter.java,204,NullifyInputVariable,"public void appendTo(final Appendable buffer, final Calendar calendar) throws IOException {","public void appendTo(final Appendable buffer, final Calendar calendar) throws IOException { calendar = null;",169,
org/apache/commons/lang3/time/FastDatePrinter.java,204,NullifyInputVariable,"public void appendTo(final Appendable buffer, final Calendar calendar) throws IOException {","public void appendTo(final Appendable buffer, final Calendar calendar) throws IOException { buffer = null;",170,
org/apache/commons/lang3/time/FastDatePrinter.java,146,NullifyInputVariable,"public void appendTo(final Appendable buffer, final int value) throws IOException {","public void appendTo(final Appendable buffer, final int value) throws IOException { buffer = null;",171,
org/apache/commons/lang3/time/FastDatePrinter.java,140,NullifyInputVariable,"public void appendTo(final Appendable buffer, final Calendar calendar) throws IOException {","public void appendTo(final Appendable buffer, final Calendar calendar) throws IOException { calendar = null;",172,
org/apache/commons/lang3/time/FastDatePrinter.java,140,NullifyInputVariable,"public void appendTo(final Appendable buffer, final Calendar calendar) throws IOException {","public void appendTo(final Appendable buffer, final Calendar calendar) throws IOException { buffer = null;",173,
org/apache/commons/lang3/time/FastDatePrinter.java,116,NullifyInputVariable,"public void appendTo(final Appendable buffer, final Calendar calendar) throws IOException {","public void appendTo(final Appendable buffer, final Calendar calendar) throws IOException { calendar = null;",174,
org/apache/commons/lang3/time/FastDatePrinter.java,116,NullifyInputVariable,"public void appendTo(final Appendable buffer, final Calendar calendar) throws IOException {","public void appendTo(final Appendable buffer, final Calendar calendar) throws IOException { buffer = null;",175,
org/apache/commons/lang3/time/FastDatePrinter.java,1515,RelationalOperatorReplacement,(c >= 'A' && c <= 'Z' || c >= 'a' && c <= 'z')) {,(c >= 'A' && c <= 'Z' || c >= 'a' && c > 'z')) {,336,
org/apache/commons/lang3/time/FastDatePrinter.java,1515,RelationalOperatorReplacement,(c >= 'A' && c <= 'Z' || c >= 'a' && c <= 'z')) {,(c >= 'A' && c <= 'Z' || c < 'a' && c <= 'z')) {,337,
org/apache/commons/lang3/time/FastDatePrinter.java,1515,RelationalOperatorReplacement,(c >= 'A' && c <= 'Z' || c >= 'a' && c <= 'z')) {,(c >= 'A' && c > 'Z' || c >= 'a' && c <= 'z')) {,338,
org/apache/commons/lang3/time/FastDatePrinter.java,1515,RelationalOperatorReplacement,(c >= 'A' && c <= 'Z' || c >= 'a' && c <= 'z')) {,(c < 'A' && c <= 'Z' || c >= 'a' && c <= 'z')) {,339,
org/apache/commons/lang3/time/FastDatePrinter.java,1507,RelationalOperatorReplacement,if (i + 1 < length && pattern.charAt(i + 1) == '\'') {,if (i + 1 >= length && pattern.charAt(i + 1) == '\'') {,341,
org/apache/commons/lang3/time/FastDatePrinter.java,1503,RelationalOperatorReplacement,for (; i < length; i++) {,for (; i >= length; i++) {,343,
org/apache/commons/lang3/time/FastDatePrinter.java,1489,RelationalOperatorReplacement,while (i + 1 < length) {,while (i + 1 >= length) {,345,
org/apache/commons/lang3/time/FastDatePrinter.java,1484,RelationalOperatorReplacement,if (c >= 'A' && c <= 'Z' || c >= 'a' && c <= 'z') {,if (c >= 'A' && c <= 'Z' || c >= 'a' && c > 'z') {,346,
org/apache/commons/lang3/time/FastDatePrinter.java,1484,RelationalOperatorReplacement,if (c >= 'A' && c <= 'Z' || c >= 'a' && c <= 'z') {,if (c >= 'A' && c <= 'Z' || c < 'a' && c <= 'z') {,347,
org/apache/commons/lang3/time/FastDatePrinter.java,1484,RelationalOperatorReplacement,if (c >= 'A' && c <= 'Z' || c >= 'a' && c <= 'z') {,if (c >= 'A' && c > 'Z' || c >= 'a' && c <= 'z') {,348,
org/apache/commons/lang3/time/FastDatePrinter.java,1484,RelationalOperatorReplacement,if (c >= 'A' && c <= 'Z' || c >= 'a' && c <= 'z') {,if (c < 'A' && c <= 'Z' || c >= 'a' && c <= 'z') {,349,
org/apache/commons/lang3/time/FastDatePrinter.java,1437,RelationalOperatorReplacement,if (tokenLen >= 4) {,if (tokenLen < 4) {,353,
org/apache/commons/lang3/time/FastDatePrinter.java,1407,RelationalOperatorReplacement,"rule = new TextField(Calendar.DAY_OF_WEEK, tokenLen < 4 ? shortWeekdays : weekdays);","rule = new TextField(Calendar.DAY_OF_WEEK, tokenLen >= 4 ? shortWeekdays : weekdays);",354,
org/apache/commons/lang3/time/FastDatePrinter.java,1378,RelationalOperatorReplacement,if (tokenLen >= 4) {,if (tokenLen < 4) {,357,
org/apache/commons/lang3/time/FastDatePrinter.java,1367,RelationalOperatorReplacement,if (tokenLen >= 4) {,if (tokenLen < 4) {,360,
org/apache/commons/lang3/time/FastDatePrinter.java,1338,RelationalOperatorReplacement,for (int i = 0; i < length; i++) {,for (int i = 0; i >= length; i++) {,364,
org/apache/commons/lang3/time/FastDatePrinter.java,1302,RelationalOperatorReplacement,for (int i = rules.length; --i >= 0;) {,for (int i = rules.length; --i < 0;) {,365,
org/apache/commons/lang3/time/FastDatePrinter.java,985,RelationalOperatorReplacement,while (--digit >= 0) {,while (--digit < 0) {,366,
org/apache/commons/lang3/time/FastDatePrinter.java,979,RelationalOperatorReplacement,while (digit < minFieldWidth) {,while (digit >= minFieldWidth) {,367,
org/apache/commons/lang3/time/FastDatePrinter.java,958,RelationalOperatorReplacement,if (value >= 10) {,if (value < 10) {,369,
org/apache/commons/lang3/time/FastDatePrinter.java,951,RelationalOperatorReplacement,if (value >= 100) {,if (value < 100) {,370,
org/apache/commons/lang3/time/FastDatePrinter.java,942,RelationalOperatorReplacement,for (int i = minFieldWidth - nDigits; i > 0; --i) {,for (int i = minFieldWidth - nDigits; i <= 0; --i) {,371,
org/apache/commons/lang3/time/FastDatePrinter.java,936,RelationalOperatorReplacement,if (value < 10) {,if (value >= 10) {,372,
org/apache/commons/lang3/time/FastDatePrinter.java,934,RelationalOperatorReplacement,if (value < 100) {,if (value >= 100) {,373,
org/apache/commons/lang3/time/FastDatePrinter.java,932,RelationalOperatorReplacement,if (value < 1000) {,if (value >= 1000) {,374,
org/apache/commons/lang3/time/FastDatePrinter.java,928,RelationalOperatorReplacement,if (value < 10000) {,if (value >= 10000) {,375,
org/apache/commons/lang3/time/FastDatePrinter.java,828,RelationalOperatorReplacement,} else if (value < 100) {,} else if (value >= 100) {,376,
org/apache/commons/lang3/time/FastDatePrinter.java,826,RelationalOperatorReplacement,if (value < 10) {,if (value >= 10) {,377,
org/apache/commons/lang3/time/FastDatePrinter.java,782,RelationalOperatorReplacement,if (value < 10) {,if (value >= 10) {,378,
org/apache/commons/lang3/time/FastDatePrinter.java,704,RelationalOperatorReplacement,if (value < 100) {,if (value >= 100) {,379,
org/apache/commons/lang3/time/FastDatePrinter.java,522,RelationalOperatorReplacement,if (offset < 0) {,if (offset >= 0) {,382,
org/apache/commons/lang3/time/FastDatePrinter.java,391,RelationalOperatorReplacement,if (len > max) {,if (len <= max) {,386,
org/apache/commons/lang3/time/FastDatePrinter.java,389,RelationalOperatorReplacement,for (int i = values.length; --i >= 0;) {,for (int i = values.length; --i < 0;) {,387,
org/apache/commons/lang3/time/FastDatePrinter.java,269,RelationalOperatorReplacement,if (size < 3) {,if (size >= 3) {,388,
org/apache/commons/lang3/time/FastDatePrinter.java,221,RelationalOperatorReplacement,if (length < 5) {,if (length >= 5) {,390,
org/apache/commons/lang3/time/FastDatePrinter.java,211,RelationalOperatorReplacement,if (offset < 0) {,if (offset >= 0) {,391,
org/apache/commons/lang3/time/FastTimeZone.java,87,NullifyInputVariable,private static boolean parseSign(final String group) {,private static boolean parseSign(final String group) { group = null;,14,
org/apache/commons/lang3/time/FastTimeZone.java,83,NullifyInputVariable,private static int parseInt(final String group) {,private static int parseInt(final String group) { group = null;,15,
org/apache/commons/lang3/time/FastTimeZone.java,75,NullifyInputVariable,public static TimeZone getTimeZone(final String id) {,public static TimeZone getTimeZone(final String id) { id = null;,16,
org/apache/commons/lang3/time/FastTimeZone.java,49,NullifyInputVariable,public static TimeZone getGmtTimeZone(final String pattern) {,public static TimeZone getGmtTimeZone(final String pattern) { pattern = null;,17,
org/apache/commons/lang3/time/GmtTimeZone.java,95,NullifyInputVariable,public boolean inDaylightTime(final Date date) {,public boolean inDaylightTime(final Date date) { date = null;,14,
org/apache/commons/lang3/time/GmtTimeZone.java,63,NullifyInputVariable,public boolean equals(final Object obj) {,public boolean equals(final Object obj) { obj = null;,15,
org/apache/commons/lang3/time/GmtTimeZone.java,37,NullifyInputVariable,"private static StringBuilder twoDigits(final StringBuilder sb, final int n) {","private static StringBuilder twoDigits(final StringBuilder sb, final int n) { sb = null;",16,
org/apache/commons/lang3/time/GmtTimeZone.java,48,RelationalOperatorReplacement,if (minutes >= MINUTES_PER_HOUR) {,if (minutes < MINUTES_PER_HOUR) {,42,
org/apache/commons/lang3/time/GmtTimeZone.java,45,RelationalOperatorReplacement,if (hours >= HOURS_PER_DAY) {,if (hours < HOURS_PER_DAY) {,43,
org/apache/commons/lang3/time/StopWatch.java,474,NullifyInputVariable,public long getTime(final TimeUnit timeUnit) {,public long getTime(final TimeUnit timeUnit) { timeUnit = null;,24,
org/apache/commons/lang3/time/TimeZones.java,50,NullifyInputVariable,public static TimeZone toTimeZone(final TimeZone timeZone) {,public static TimeZone toTimeZone(final TimeZone timeZone) { timeZone = null;,2,
org/apache/commons/lang3/tuple/ImmutablePair.java,210,NullifyInputVariable,public R setValue(final R value) {,public R setValue(final R value) { value = null;,14,
org/apache/commons/lang3/tuple/ImmutablePair.java,163,NullifyInputVariable,"public static <L, R> Pair<L, R> right(final R right) {","public static <L, R> Pair<L, R> right(final R right) { right = null;",15,
org/apache/commons/lang3/tuple/ImmutablePair.java,147,NullifyInputVariable,"public static <L, R> ImmutablePair<L, R> ofNonNull(final L left, final R right) {","public static <L, R> ImmutablePair<L, R> ofNonNull(final L left, final R right) { right = null;",16,
org/apache/commons/lang3/tuple/ImmutablePair.java,147,NullifyInputVariable,"public static <L, R> ImmutablePair<L, R> ofNonNull(final L left, final R right) {","public static <L, R> ImmutablePair<L, R> ofNonNull(final L left, final R right) { left = null;",17,
org/apache/commons/lang3/tuple/ImmutablePair.java,129,NullifyInputVariable,"public static <L, R> ImmutablePair<L, R> of(final Map.Entry<L, R> pair) {","public static <L, R> ImmutablePair<L, R> of(final Map.Entry<L, R> pair) { pair = null;",18,
org/apache/commons/lang3/tuple/ImmutablePair.java,113,NullifyInputVariable,"public static <L, R> ImmutablePair<L, R> of(final L left, final R right) {","public static <L, R> ImmutablePair<L, R> of(final L left, final R right) { right = null;",19,
org/apache/commons/lang3/tuple/ImmutablePair.java,113,NullifyInputVariable,"public static <L, R> ImmutablePair<L, R> of(final L left, final R right) {","public static <L, R> ImmutablePair<L, R> of(final L left, final R right) { left = null;",20,
org/apache/commons/lang3/tuple/ImmutablePair.java,84,NullifyInputVariable,"public static <L, R> Pair<L, R> left(final L left) {","public static <L, R> Pair<L, R> left(final L left) { left = null;",21,
org/apache/commons/lang3/tuple/ImmutableTriple.java,121,NullifyInputVariable,"public static <L, M, R> ImmutableTriple<L, M, R> ofNonNull(final L left, final M middle, final R right) {","public static <L, M, R> ImmutableTriple<L, M, R> ofNonNull(final L left, final M middle, final R right) { right = null;",12,
org/apache/commons/lang3/tuple/ImmutableTriple.java,121,NullifyInputVariable,"public static <L, M, R> ImmutableTriple<L, M, R> ofNonNull(final L left, final M middle, final R right) {","public static <L, M, R> ImmutableTriple<L, M, R> ofNonNull(final L left, final M middle, final R right) { middle = null;",13,
org/apache/commons/lang3/tuple/ImmutableTriple.java,121,NullifyInputVariable,"public static <L, M, R> ImmutableTriple<L, M, R> ofNonNull(final L left, final M middle, final R right) {","public static <L, M, R> ImmutableTriple<L, M, R> ofNonNull(final L left, final M middle, final R right) { left = null;",14,
org/apache/commons/lang3/tuple/ImmutableTriple.java,101,NullifyInputVariable,"public static <L, M, R> ImmutableTriple<L, M, R> of(final L left, final M middle, final R right) {","public static <L, M, R> ImmutableTriple<L, M, R> of(final L left, final M middle, final R right) { right = null;",15,
org/apache/commons/lang3/tuple/ImmutableTriple.java,101,NullifyInputVariable,"public static <L, M, R> ImmutableTriple<L, M, R> of(final L left, final M middle, final R right) {","public static <L, M, R> ImmutableTriple<L, M, R> of(final L left, final M middle, final R right) { middle = null;",16,
org/apache/commons/lang3/tuple/ImmutableTriple.java,101,NullifyInputVariable,"public static <L, M, R> ImmutableTriple<L, M, R> of(final L left, final M middle, final R right) {","public static <L, M, R> ImmutableTriple<L, M, R> of(final L left, final M middle, final R right) { left = null;",17,
org/apache/commons/lang3/tuple/MutablePair.java,172,NullifyInputVariable,public void setRight(final R right) {,public void setRight(final R right) { right = null;,10,
org/apache/commons/lang3/tuple/MutablePair.java,163,NullifyInputVariable,public void setLeft(final L left) {,public void setLeft(final L left) { left = null;,11,
org/apache/commons/lang3/tuple/MutablePair.java,115,NullifyInputVariable,"public static <L, R> MutablePair<L, R> ofNonNull(final L left, final R right) {","public static <L, R> MutablePair<L, R> ofNonNull(final L left, final R right) { right = null;",12,
org/apache/commons/lang3/tuple/MutablePair.java,115,NullifyInputVariable,"public static <L, R> MutablePair<L, R> ofNonNull(final L left, final R right) {","public static <L, R> MutablePair<L, R> ofNonNull(final L left, final R right) { left = null;",13,
org/apache/commons/lang3/tuple/MutablePair.java,88,NullifyInputVariable,"public static <L, R> MutablePair<L, R> of(final Map.Entry<L, R> pair) {","public static <L, R> MutablePair<L, R> of(final Map.Entry<L, R> pair) { pair = null;",14,
org/apache/commons/lang3/tuple/MutablePair.java,73,NullifyInputVariable,"public static <L, R> MutablePair<L, R> of(final L left, final R right) {","public static <L, R> MutablePair<L, R> of(final L left, final R right) { right = null;",15,
org/apache/commons/lang3/tuple/MutablePair.java,73,NullifyInputVariable,"public static <L, R> MutablePair<L, R> of(final L left, final R right) {","public static <L, R> MutablePair<L, R> of(final L left, final R right) { left = null;",16,
org/apache/commons/lang3/tuple/MutablePair.java,184,NullifyInputVariable,public R setValue(final R value) {,public R setValue(final R value) { value = null;,9,
org/apache/commons/lang3/tuple/MutableTriple.java,96,NullifyInputVariable,"public static <L, M, R> MutableTriple<L, M, R> ofNonNull(final L left, final M middle, final R right) {","public static <L, M, R> MutableTriple<L, M, R> ofNonNull(final L left, final M middle, final R right) { right = null;",10,
org/apache/commons/lang3/tuple/MutableTriple.java,96,NullifyInputVariable,"public static <L, M, R> MutableTriple<L, M, R> ofNonNull(final L left, final M middle, final R right) {","public static <L, M, R> MutableTriple<L, M, R> ofNonNull(final L left, final M middle, final R right) { middle = null;",11,
org/apache/commons/lang3/tuple/MutableTriple.java,96,NullifyInputVariable,"public static <L, M, R> MutableTriple<L, M, R> ofNonNull(final L left, final M middle, final R right) {","public static <L, M, R> MutableTriple<L, M, R> ofNonNull(final L left, final M middle, final R right) { left = null;",12,
org/apache/commons/lang3/tuple/MutableTriple.java,76,NullifyInputVariable,"public static <L, M, R> MutableTriple<L, M, R> of(final L left, final M middle, final R right) {","public static <L, M, R> MutableTriple<L, M, R> of(final L left, final M middle, final R right) { right = null;",13,
org/apache/commons/lang3/tuple/MutableTriple.java,76,NullifyInputVariable,"public static <L, M, R> MutableTriple<L, M, R> of(final L left, final M middle, final R right) {","public static <L, M, R> MutableTriple<L, M, R> of(final L left, final M middle, final R right) { middle = null;",14,
org/apache/commons/lang3/tuple/MutableTriple.java,76,NullifyInputVariable,"public static <L, M, R> MutableTriple<L, M, R> of(final L left, final M middle, final R right) {","public static <L, M, R> MutableTriple<L, M, R> of(final L left, final M middle, final R right) { left = null;",15,
org/apache/commons/lang3/tuple/MutableTriple.java,174,NullifyInputVariable,public void setRight(final R right) {,public void setRight(final R right) { right = null;,7,
org/apache/commons/lang3/tuple/MutableTriple.java,165,NullifyInputVariable,public void setMiddle(final M middle) {,public void setMiddle(final M middle) { middle = null;,8,
org/apache/commons/lang3/tuple/MutableTriple.java,156,NullifyInputVariable,public void setLeft(final L left) {,public void setLeft(final L left) { left = null;,9,
org/apache/commons/lang3/tuple/Pair.java,264,NullifyInputVariable,public String toString(final String format) {,public String toString(final String format) { format = null;,11,
org/apache/commons/lang3/tuple/Pair.java,175,NullifyInputVariable,public boolean equals(final Object obj) {,public boolean equals(final Object obj) { obj = null;,12,
org/apache/commons/lang3/tuple/Pair.java,163,NullifyInputVariable,"public int compareTo(final Pair<L, R> other) {","public int compareTo(final Pair<L, R> other) { other = null;",13,
org/apache/commons/lang3/tuple/Pair.java,151,NullifyInputVariable,"public <V, E extends Throwable> V apply(final FailableBiFunction<L, R, V, E> function) throws E {","public <V, E extends Throwable> V apply(final FailableBiFunction<L, R, V, E> function) throws E { function = null;",14,
org/apache/commons/lang3/tuple/Pair.java,137,NullifyInputVariable,"public <E extends Throwable> void accept(final FailableBiConsumer<L, R, E> consumer) throws E {","public <E extends Throwable> void accept(final FailableBiConsumer<L, R, E> consumer) throws E { consumer = null;",15,
org/apache/commons/lang3/tuple/Pair.java,118,NullifyInputVariable,"public static <L, R> Pair<L, R> ofNonNull(final L left, final R right) {","public static <L, R> Pair<L, R> ofNonNull(final L left, final R right) { right = null;",16,
org/apache/commons/lang3/tuple/Pair.java,118,NullifyInputVariable,"public static <L, R> Pair<L, R> ofNonNull(final L left, final R right) {","public static <L, R> Pair<L, R> ofNonNull(final L left, final R right) { left = null;",17,
org/apache/commons/lang3/tuple/Pair.java,100,NullifyInputVariable,"public static <L, R> Pair<L, R> of(final Map.Entry<L, R> pair) {","public static <L, R> Pair<L, R> of(final Map.Entry<L, R> pair) { pair = null;",18,
org/apache/commons/lang3/tuple/Pair.java,84,NullifyInputVariable,"public static <L, R> Pair<L, R> of(final L left, final R right) {","public static <L, R> Pair<L, R> of(final L left, final R right) { right = null;",19,
org/apache/commons/lang3/tuple/Pair.java,84,NullifyInputVariable,"public static <L, R> Pair<L, R> of(final L left, final R right) {","public static <L, R> Pair<L, R> of(final L left, final R right) { left = null;",20,
org/apache/commons/lang3/tuple/Triple.java,124,NullifyInputVariable,"public int compareTo(final Triple<L, M, R> other) {","public int compareTo(final Triple<L, M, R> other) { other = null;",10,
org/apache/commons/lang3/tuple/Triple.java,104,NullifyInputVariable,"public static <L, M, R> Triple<L, M, R> ofNonNull(final L left, final M middle, final R right) {","public static <L, M, R> Triple<L, M, R> ofNonNull(final L left, final M middle, final R right) { right = null;",11,
org/apache/commons/lang3/tuple/Triple.java,104,NullifyInputVariable,"public static <L, M, R> Triple<L, M, R> ofNonNull(final L left, final M middle, final R right) {","public static <L, M, R> Triple<L, M, R> ofNonNull(final L left, final M middle, final R right) { middle = null;",12,
org/apache/commons/lang3/tuple/Triple.java,104,NullifyInputVariable,"public static <L, M, R> Triple<L, M, R> ofNonNull(final L left, final M middle, final R right) {","public static <L, M, R> Triple<L, M, R> ofNonNull(final L left, final M middle, final R right) { left = null;",13,
org/apache/commons/lang3/tuple/Triple.java,84,NullifyInputVariable,"public static <L, M, R> Triple<L, M, R> of(final L left, final M middle, final R right) {","public static <L, M, R> Triple<L, M, R> of(final L left, final M middle, final R right) { right = null;",14,
org/apache/commons/lang3/tuple/Triple.java,84,NullifyInputVariable,"public static <L, M, R> Triple<L, M, R> of(final L left, final M middle, final R right) {","public static <L, M, R> Triple<L, M, R> of(final L left, final M middle, final R right) { middle = null;",15,
org/apache/commons/lang3/tuple/Triple.java,84,NullifyInputVariable,"public static <L, M, R> Triple<L, M, R> of(final L left, final M middle, final R right) {","public static <L, M, R> Triple<L, M, R> of(final L left, final M middle, final R right) { left = null;",16,
org/apache/commons/lang3/tuple/Triple.java,202,NullifyInputVariable,public String toString(final String format) {,public String toString(final String format) { format = null;,8,
org/apache/commons/lang3/tuple/Triple.java,137,NullifyInputVariable,public boolean equals(final Object obj) {,public boolean equals(final Object obj) { obj = null;,9,
org/apache/commons/lang3/util/FluentBitSet.java,604,NullifyInputVariable,public FluentBitSet xor(final FluentBitSet set) {,public FluentBitSet xor(final FluentBitSet set) { set = null;,29,
org/apache/commons/lang3/util/FluentBitSet.java,586,NullifyInputVariable,public FluentBitSet xor(final BitSet set) {,public FluentBitSet xor(final BitSet set) { set = null;,30,
org/apache/commons/lang3/util/FluentBitSet.java,379,NullifyInputVariable,public FluentBitSet or(final FluentBitSet set) {,public FluentBitSet or(final FluentBitSet set) { set = null;,31,
org/apache/commons/lang3/util/FluentBitSet.java,364,NullifyInputVariable,public FluentBitSet or(final FluentBitSet... set) {,public FluentBitSet or(final FluentBitSet... set) { set = null;,32,
org/apache/commons/lang3/util/FluentBitSet.java,351,NullifyInputVariable,public FluentBitSet or(final BitSet set) {,public FluentBitSet or(final BitSet set) { set = null;,33,
org/apache/commons/lang3/util/FluentBitSet.java,284,NullifyInputVariable,public boolean intersects(final FluentBitSet set) {,public boolean intersects(final FluentBitSet set) { set = null;,34,
org/apache/commons/lang3/util/FluentBitSet.java,273,NullifyInputVariable,public boolean intersects(final BitSet set) {,public boolean intersects(final BitSet set) { set = null;,35,
org/apache/commons/lang3/util/FluentBitSet.java,197,NullifyInputVariable,public boolean equals(final Object obj) {,public boolean equals(final Object obj) { obj = null;,36,
org/apache/commons/lang3/util/FluentBitSet.java,110,NullifyInputVariable,public FluentBitSet andNot(final FluentBitSet set) {,public FluentBitSet andNot(final FluentBitSet set) { set = null;,37,
org/apache/commons/lang3/util/FluentBitSet.java,99,NullifyInputVariable,public FluentBitSet andNot(final BitSet set) {,public FluentBitSet andNot(final BitSet set) { set = null;,38,
org/apache/commons/lang3/util/FluentBitSet.java,88,NullifyInputVariable,public FluentBitSet and(final FluentBitSet set) {,public FluentBitSet and(final FluentBitSet set) { set = null;,39,
org/apache/commons/lang3/util/FluentBitSet.java,75,NullifyInputVariable,public FluentBitSet and(final BitSet set) {,public FluentBitSet and(final BitSet set) { set = null;,40,
