file,line,operator,before,after,mutant_id,paper_category
com/fasterxml/jackson/core/Base64Variant.java,835,RelationalOperatorReplacement,if (ch <= INT_SPACE) {,if (ch > INT_SPACE) {,252,
com/fasterxml/jackson/core/Base64Variant.java,772,RelationalOperatorReplacement,if (bits < 0) {,if (bits >= 0) {,261,
com/fasterxml/jackson/core/Base64Variant.java,761,RelationalOperatorReplacement,if (ptr >= len) {,if (ptr < len) {,262,
com/fasterxml/jackson/core/Base64Variant.java,746,RelationalOperatorReplacement,if (ptr >= len) {,if (ptr < len) {,263,
com/fasterxml/jackson/core/Base64Variant.java,738,RelationalOperatorReplacement,if (bits < 0) {,if (bits >= 0) {,265,
com/fasterxml/jackson/core/Base64Variant.java,725,RelationalOperatorReplacement,if (ptr >= len) {,if (ptr < len) {,266,
com/fasterxml/jackson/core/Base64Variant.java,720,RelationalOperatorReplacement,if (bits < 0) {,if (bits >= 0) {,267,
com/fasterxml/jackson/core/Base64Variant.java,715,RelationalOperatorReplacement,if (ptr >= len) {,if (ptr < len) {,268,
com/fasterxml/jackson/core/Base64Variant.java,710,RelationalOperatorReplacement,if (bits < 0) {,if (bits >= 0) {,269,
com/fasterxml/jackson/core/Base64Variant.java,708,RelationalOperatorReplacement,} while (ch <= INT_SPACE);,} while (ch > INT_SPACE);,270,
com/fasterxml/jackson/core/Base64Variant.java,704,RelationalOperatorReplacement,if (ptr >= len) {,if (ptr < len) {,271,
com/fasterxml/jackson/core/Base64Variant.java,644,RelationalOperatorReplacement,if (inputLeft > 0) {,if (inputLeft <= 0) {,273,
com/fasterxml/jackson/core/Base64Variant.java,638,RelationalOperatorReplacement,if (--chunksBeforeLF <= 0) {,if (--chunksBeforeLF > 0) {,274,
com/fasterxml/jackson/core/Base64Variant.java,633,RelationalOperatorReplacement,while (inputPtr <= safeInputEnd) {,while (inputPtr > safeInputEnd) {,275,
com/fasterxml/jackson/core/Base64Variant.java,593,RelationalOperatorReplacement,"if (inputLeft > 0) { // yes, but do we have room for output?","if (inputLeft <= 0) { // yes, but do we have room for output?",277,
com/fasterxml/jackson/core/Base64Variant.java,583,RelationalOperatorReplacement,if (--chunksBeforeLF <= 0) {,if (--chunksBeforeLF > 0) {,278,
com/fasterxml/jackson/core/Base64Variant.java,577,RelationalOperatorReplacement,while (inputPtr <= safeInputEnd) {,while (inputPtr > safeInputEnd) {,279,
com/fasterxml/jackson/core/Base64Variant.java,384,RelationalOperatorReplacement,if (ch < 0) {,if (ch >= 0) {,286,
com/fasterxml/jackson/core/Base64Variant.java,377,RelationalOperatorReplacement,return (ch <= 127) ? _asciiToBase64[ch] : BASE64_VALUE_INVALID;,return (ch > 127) ? _asciiToBase64[ch] : BASE64_VALUE_INVALID;,287,
com/fasterxml/jackson/core/Base64Variant.java,372,RelationalOperatorReplacement,return (ch <= 127) ? _asciiToBase64[ch] : BASE64_VALUE_INVALID;,return (ch > 127) ? _asciiToBase64[ch] : BASE64_VALUE_INVALID;,288,
com/fasterxml/jackson/core/Base64Variant.java,164,RelationalOperatorReplacement,for (int i = 0; i < alphaLen; ++i) {,for (int i = 0; i >= alphaLen; ++i) {,299,
com/fasterxml/jackson/core/ErrorReportConfiguration.java,205,RelationalOperatorReplacement,if (maxRawContentLength < 0) {,if (maxRawContentLength >= 0) {,29,
com/fasterxml/jackson/core/ErrorReportConfiguration.java,198,RelationalOperatorReplacement,if (maxErrorTokenLength < 0) {,if (maxErrorTokenLength >= 0) {,30,
com/fasterxml/jackson/core/ErrorReportConfiguration.java,66,NullifyInputVariable,public static void overrideDefaultErrorReportConfiguration(final ErrorReportConfiguration errorReportConfiguration) {,public static void overrideDefaultErrorReportConfiguration(final ErrorReportConfiguration errorReportConfiguration) { errorReportConfiguration = null;,8,
com/fasterxml/jackson/core/JsonFactory.java,2049,RelationalOperatorReplacement,if (_maximumNonEscapedChar > 0) {,if (_maximumNonEscapedChar <= 0) {,410,
com/fasterxml/jackson/core/JsonFactory.java,2016,RelationalOperatorReplacement,if (_maximumNonEscapedChar > 0) {,if (_maximumNonEscapedChar <= 0) {,413,
com/fasterxml/jackson/core/JsonFactory.java,1349,RelationalOperatorReplacement,if ((_inputDecorator != null) || (strLen > 0x8000) || !canUseCharArrays()) {,if ((_inputDecorator != null) || (strLen <= 0x8000) || !canUseCharArrays()) {,417,
com/fasterxml/jackson/core/JsonFactoryBuilder.java,217,RelationalOperatorReplacement,if (ch > 0x7F) {,if (ch <= 0x7F) {,63,
com/fasterxml/jackson/core/JsonFactoryBuilder.java,195,RelationalOperatorReplacement,"_maximumNonEscapedChar = (maxNonEscaped <= 0) ? 0 : Math.max(127, maxNonEscaped);","_maximumNonEscapedChar = (maxNonEscaped > 0) ? 0 : Math.max(127, maxNonEscaped);",64,
com/fasterxml/jackson/core/JsonGenerator.java,2928,RelationalOperatorReplacement,if ((offset < 0) || (offset + length) > arrayLength) {,if ((offset < 0) || (offset + length) <= arrayLength) {,248,
com/fasterxml/jackson/core/JsonGenerator.java,2928,RelationalOperatorReplacement,if ((offset < 0) || (offset + length) > arrayLength) {,if ((offset >= 0) || (offset + length) > arrayLength) {,249,
com/fasterxml/jackson/core/JsonGenerator.java,1266,RelationalOperatorReplacement,"for (int i = offset, end = offset+length; i < end; ++i) {","for (int i = offset, end = offset+length; i >= end; ++i) {",268,
com/fasterxml/jackson/core/JsonGenerator.java,1239,RelationalOperatorReplacement,"for (int i = offset, end = offset+length; i < end; ++i) {","for (int i = offset, end = offset+length; i >= end; ++i) {",270,
com/fasterxml/jackson/core/JsonGenerator.java,1212,RelationalOperatorReplacement,"for (int i = offset, end = offset+length; i < end; ++i) {","for (int i = offset, end = offset+length; i >= end; ++i) {",272,
com/fasterxml/jackson/core/JsonGenerator.java,1185,RelationalOperatorReplacement,"for (int i = offset, end = offset+length; i < end; ++i) {","for (int i = offset, end = offset+length; i >= end; ++i) {",274,
com/fasterxml/jackson/core/JsonLocation.java,250,RelationalOperatorReplacement,if (_totalBytes >= 0) {,if (_totalBytes < 0) {,67,
com/fasterxml/jackson/core/JsonLocation.java,242,RelationalOperatorReplacement,if (_columnNr > 0) {,if (_columnNr <= 0) {,68,
com/fasterxml/jackson/core/JsonLocation.java,240,RelationalOperatorReplacement,"if (_lineNr > 0) { // yes, require 1-based in case of allegedly binary content","if (_lineNr <= 0) { // yes, require 1-based in case of allegedly binary content",69,
com/fasterxml/jackson/core/JsonLocation.java,231,RelationalOperatorReplacement,if (_columnNr >= 0) { // same here,if (_columnNr < 0) { // same here,70,
com/fasterxml/jackson/core/JsonLocation.java,225,RelationalOperatorReplacement,if (_lineNr >= 0) {,if (_lineNr < 0) {,71,
com/fasterxml/jackson/core/JsonParser.java,1876,RelationalOperatorReplacement,if (value < MIN_SHORT_I || value > MAX_SHORT_I) {,if (value < MIN_SHORT_I || value <= MAX_SHORT_I) {,252,
com/fasterxml/jackson/core/JsonParser.java,1876,RelationalOperatorReplacement,if (value < MIN_SHORT_I || value > MAX_SHORT_I) {,if (value >= MIN_SHORT_I || value > MAX_SHORT_I) {,253,
com/fasterxml/jackson/core/JsonParser.java,1846,RelationalOperatorReplacement,if (value < MIN_BYTE_I || value > MAX_BYTE_I) {,if (value < MIN_BYTE_I || value <= MAX_BYTE_I) {,254,
com/fasterxml/jackson/core/JsonParser.java,1846,RelationalOperatorReplacement,if (value < MIN_BYTE_I || value > MAX_BYTE_I) {,if (value >= MIN_BYTE_I || value > MAX_BYTE_I) {,255,
com/fasterxml/jackson/core/JsonPointer.java,794,RelationalOperatorReplacement,if (c == ESC && i < end) {,if (c == ESC && i >= end) {,204,
com/fasterxml/jackson/core/JsonPointer.java,788,RelationalOperatorReplacement,while (i < end) {,while (i >= end) {,207,
com/fasterxml/jackson/core/JsonPointer.java,784,RelationalOperatorReplacement,if (toCopy > 0) {,if (toCopy <= 0) {,208,
com/fasterxml/jackson/core/JsonPointer.java,741,RelationalOperatorReplacement,if (i < 0) { // end!,if (i >= 0) { // end!,210,
com/fasterxml/jackson/core/JsonPointer.java,735,RelationalOperatorReplacement,"if (c == ESC && i < end) { // possibly, quote","if (c == ESC && i >= end) { // possibly, quote",211,
com/fasterxml/jackson/core/JsonPointer.java,724,RelationalOperatorReplacement,while (i < end) {,while (i >= end) {,214,
com/fasterxml/jackson/core/JsonPointer.java,707,RelationalOperatorReplacement,if (l > Integer.MAX_VALUE) {,if (l <= Integer.MAX_VALUE) {,215,
com/fasterxml/jackson/core/JsonPointer.java,701,RelationalOperatorReplacement,if (c > '9' || c < '0') {,if (c > '9' || c >= '0') {,217,
com/fasterxml/jackson/core/JsonPointer.java,701,RelationalOperatorReplacement,if (c > '9' || c < '0') {,if (c <= '9' || c < '0') {,218,
com/fasterxml/jackson/core/JsonPointer.java,699,RelationalOperatorReplacement,for (int i = 1; i < len; ++i) {,for (int i = 1; i >= len; ++i) {,219,
com/fasterxml/jackson/core/JsonPointer.java,696,RelationalOperatorReplacement,if (c > '9') {,if (c <= '9') {,220,
com/fasterxml/jackson/core/JsonPointer.java,693,RelationalOperatorReplacement,if (c <= '0') {,if (c > '0') {,223,
com/fasterxml/jackson/core/JsonPointer.java,688,RelationalOperatorReplacement,if (len == 0 || len > 10) {,if (len == 0 || len <= 10) {,224,
com/fasterxml/jackson/core/JsonPointer.java,669,RelationalOperatorReplacement,for (; offset1 < end1; ) {,for (; offset1 >= end1; ) {,227,
com/fasterxml/jackson/core/JsonPointer.java,622,RelationalOperatorReplacement,if (_asStringOffset <= 0) {,if (_asStringOffset > 0) {,233,
com/fasterxml/jackson/core/JsonPointer.java,602,RelationalOperatorReplacement,if (_asStringOffset <= 0) {,if (_asStringOffset > 0) {,234,
com/fasterxml/jackson/core/JsonPointer.java,544,RelationalOperatorReplacement,if ((index != _matchingElementIndex) || (index < 0)) {,if ((index != _matchingElementIndex) || (index >= 0)) {,237,
com/fasterxml/jackson/core/JsonPointer.java,527,RelationalOperatorReplacement,return (index == _matchingElementIndex) && (index >= 0);,return (index == _matchingElementIndex) && (index < 0);,239,
com/fasterxml/jackson/core/JsonPointer.java,476,RelationalOperatorReplacement,if (index < 0) {,if (index >= 0) {,243,
com/fasterxml/jackson/core/JsonPointer.java,367,RelationalOperatorReplacement,public boolean mayMatchElement() { return _matchingElementIndex >= 0; },public boolean mayMatchElement() { return _matchingElementIndex < 0; },249,
com/fasterxml/jackson/core/JsonPointer.java,318,RelationalOperatorReplacement,"for (int i = 0, end = segment.length(); i < end; ++i) {","for (int i = 0, end = segment.length(); i >= end; ++i) {",254,
com/fasterxml/jackson/core/JsonPointer.java,756,NullifyInputVariable,"String segment, PointerParent parent) {","String segment, PointerParent parent) { fullPath = null;",96,
com/fasterxml/jackson/core/JsonPointer.java,716,NullifyInputVariable,{,{ fullPath = null;,97,
com/fasterxml/jackson/core/JsonStreamContext.java,193,RelationalOperatorReplacement,public boolean hasCurrentIndex() { return _index >= 0; },public boolean hasCurrentIndex() { return _index < 0; },56,
com/fasterxml/jackson/core/JsonStreamContext.java,182,RelationalOperatorReplacement,public final int getCurrentIndex() { return (_index < 0) ? 0 : _index; },public final int getCurrentIndex() { return (_index >= 0) ? 0 : _index; },57,
com/fasterxml/jackson/core/JsonToken.java,153,RelationalOperatorReplacement,for (int i = 0; i < len; ++i) {,for (int i = 0; i >= len; ++i) {,56,
com/fasterxml/jackson/core/StreamReadConstraints.java,114,NullifyInputVariable,public static void overrideDefaultStreamReadConstraints(final StreamReadConstraints streamReadConstraints) {,public static void overrideDefaultStreamReadConstraints(final StreamReadConstraints streamReadConstraints) { streamReadConstraints = null;,17,
com/fasterxml/jackson/core/StreamReadConstraints.java,639,RelationalOperatorReplacement,if (absScale > limit) {,if (absScale <= limit) {,70,
com/fasterxml/jackson/core/StreamReadConstraints.java,609,RelationalOperatorReplacement,if (length > _maxNameLen) {,if (length <= _maxNameLen) {,71,
com/fasterxml/jackson/core/StreamReadConstraints.java,588,RelationalOperatorReplacement,if (length > _maxStringLen) {,if (length <= _maxStringLen) {,72,
com/fasterxml/jackson/core/StreamReadConstraints.java,567,RelationalOperatorReplacement,if (length > _maxNumLen) {,if (length <= _maxNumLen) {,73,
com/fasterxml/jackson/core/StreamReadConstraints.java,546,RelationalOperatorReplacement,if (length > _maxNumLen) {,if (length <= _maxNumLen) {,74,
com/fasterxml/jackson/core/StreamReadConstraints.java,519,RelationalOperatorReplacement,if (count > _maxTokenCount) {,if (count <= _maxTokenCount) {,75,
com/fasterxml/jackson/core/StreamReadConstraints.java,494,RelationalOperatorReplacement,&& (_maxDocLen > 0L)) {,&& (_maxDocLen <= 0L)) {,76,
com/fasterxml/jackson/core/StreamReadConstraints.java,492,RelationalOperatorReplacement,if ((len > _maxDocLen),if ((len <= _maxDocLen),77,
com/fasterxml/jackson/core/StreamReadConstraints.java,469,RelationalOperatorReplacement,if (depth > _maxNestingDepth) {,if (depth <= _maxNestingDepth) {,78,
com/fasterxml/jackson/core/StreamReadConstraints.java,417,RelationalOperatorReplacement,return _maxTokenCount > 0L;,return _maxTokenCount <= 0L;,79,
com/fasterxml/jackson/core/StreamReadConstraints.java,392,RelationalOperatorReplacement,return _maxDocLen > 0L;,return _maxDocLen <= 0L;,80,
com/fasterxml/jackson/core/StreamReadConstraints.java,251,RelationalOperatorReplacement,if (maxNameLen < 0) {,if (maxNameLen >= 0) {,81,
com/fasterxml/jackson/core/StreamReadConstraints.java,230,RelationalOperatorReplacement,if (maxStringLen < 0) {,if (maxStringLen >= 0) {,82,
com/fasterxml/jackson/core/StreamReadConstraints.java,205,RelationalOperatorReplacement,if (maxNumLen < 0) {,if (maxNumLen >= 0) {,83,
com/fasterxml/jackson/core/StreamReadConstraints.java,188,RelationalOperatorReplacement,if (maxTokenCount <= 0L) {,if (maxTokenCount > 0L) {,84,
com/fasterxml/jackson/core/StreamReadConstraints.java,163,RelationalOperatorReplacement,if (maxDocLen <= 0L) {,if (maxDocLen > 0L) {,85,
com/fasterxml/jackson/core/StreamReadConstraints.java,141,RelationalOperatorReplacement,if (maxNestingDepth < 0) {,if (maxNestingDepth >= 0) {,86,
com/fasterxml/jackson/core/StreamWriteConstraints.java,51,NullifyInputVariable,public static void overrideDefaultStreamWriteConstraints(final StreamWriteConstraints streamWriteConstraints) {,public static void overrideDefaultStreamWriteConstraints(final StreamWriteConstraints streamWriteConstraints) { streamWriteConstraints = null;,11,
com/fasterxml/jackson/core/StreamWriteConstraints.java,161,RelationalOperatorReplacement,if (depth > _maxNestingDepth) {,if (depth <= _maxNestingDepth) {,31,
com/fasterxml/jackson/core/StreamWriteConstraints.java,72,RelationalOperatorReplacement,if (maxNestingDepth < 0) {,if (maxNestingDepth >= 0) {,32,
com/fasterxml/jackson/core/TokenStreamFactory.java,380,RelationalOperatorReplacement,if (anyNegs < 0) {,if (anyNegs >= 0) {,37,
com/fasterxml/jackson/core/TokenStreamFactory.java,362,RelationalOperatorReplacement,if (anyNegs < 0) {,if (anyNegs >= 0) {,39,
com/fasterxml/jackson/core/TokenStreamFactory.java,295,RelationalOperatorReplacement,if (path.indexOf('%') < 0) {,if (path.indexOf('%') >= 0) {,41,
com/fasterxml/jackson/core/base/GeneratorBase.java,601,RelationalOperatorReplacement,if (anyNegs < 0) {,if (anyNegs >= 0) {,122,
com/fasterxml/jackson/core/base/GeneratorBase.java,583,RelationalOperatorReplacement,if (anyNegs < 0) {,if (anyNegs >= 0) {,124,
com/fasterxml/jackson/core/base/GeneratorBase.java,565,RelationalOperatorReplacement,if (anyNegs < 0) {,if (anyNegs >= 0) {,126,
com/fasterxml/jackson/core/base/GeneratorBase.java,532,RelationalOperatorReplacement,if (surr2 < SURR2_FIRST || surr2 > SURR2_LAST) {,if (surr2 < SURR2_FIRST || surr2 <= SURR2_LAST) {,128,
com/fasterxml/jackson/core/base/GeneratorBase.java,532,RelationalOperatorReplacement,if (surr2 < SURR2_FIRST || surr2 > SURR2_LAST) {,if (surr2 >= SURR2_FIRST || surr2 > SURR2_LAST) {,129,
com/fasterxml/jackson/core/base/GeneratorBase.java,512,RelationalOperatorReplacement,if ((scale < -MAX_BIG_DECIMAL_SCALE) || (scale > MAX_BIG_DECIMAL_SCALE)) {,if ((scale < -MAX_BIG_DECIMAL_SCALE) || (scale <= MAX_BIG_DECIMAL_SCALE)) {,130,
com/fasterxml/jackson/core/base/GeneratorBase.java,512,RelationalOperatorReplacement,if ((scale < -MAX_BIG_DECIMAL_SCALE) || (scale > MAX_BIG_DECIMAL_SCALE)) {,if ((scale >= -MAX_BIG_DECIMAL_SCALE) || (scale > MAX_BIG_DECIMAL_SCALE)) {,131,
com/fasterxml/jackson/core/base/ParserBase.java,1601,RelationalOperatorReplacement,if (len < 0) {,if (len >= 0) {,327,
com/fasterxml/jackson/core/base/ParserBase.java,1518,RelationalOperatorReplacement,if (ch <= INT_SPACE) {,if (ch > INT_SPACE) {,330,
com/fasterxml/jackson/core/base/ParserBase.java,1501,RelationalOperatorReplacement,if ((bits != Base64Variant.BASE64_VALUE_PADDING) || (index < 2)) {,if ((bits != Base64Variant.BASE64_VALUE_PADDING) || (index >= 2)) {,331,
com/fasterxml/jackson/core/base/ParserBase.java,1499,RelationalOperatorReplacement,if (bits < 0) {,if (bits >= 0) {,333,
com/fasterxml/jackson/core/base/ParserBase.java,1492,RelationalOperatorReplacement,if (unescaped <= INT_SPACE) {,if (unescaped > INT_SPACE) {,335,
com/fasterxml/jackson/core/base/ParserBase.java,1477,RelationalOperatorReplacement,if (bits < 0) {,if (bits >= 0) {,338,
com/fasterxml/jackson/core/base/ParserBase.java,1470,RelationalOperatorReplacement,if (unescaped <= INT_SPACE) {,if (unescaped > INT_SPACE) {,340,
com/fasterxml/jackson/core/base/ParserBase.java,1406,RelationalOperatorReplacement,if (!isEnabled(Feature.ALLOW_UNQUOTED_CONTROL_CHARS) || i > INT_SPACE) {,if (!isEnabled(Feature.ALLOW_UNQUOTED_CONTROL_CHARS) || i <= INT_SPACE) {,342,
com/fasterxml/jackson/core/base/ParserBase.java,1103,RelationalOperatorReplacement,|| BD_MAX_LONG.compareTo(bigDecimal) < 0) {,|| BD_MAX_LONG.compareTo(bigDecimal) >= 0) {,376,
com/fasterxml/jackson/core/base/ParserBase.java,1102,RelationalOperatorReplacement,if (BD_MIN_LONG.compareTo(bigDecimal) > 0,if (BD_MIN_LONG.compareTo(bigDecimal) <= 0,377,
com/fasterxml/jackson/core/base/ParserBase.java,1096,RelationalOperatorReplacement,if (d < MIN_LONG_D || d > MAX_LONG_D) {,if (d < MIN_LONG_D || d <= MAX_LONG_D) {,379,
com/fasterxml/jackson/core/base/ParserBase.java,1096,RelationalOperatorReplacement,if (d < MIN_LONG_D || d > MAX_LONG_D) {,if (d >= MIN_LONG_D || d > MAX_LONG_D) {,380,
com/fasterxml/jackson/core/base/ParserBase.java,1089,RelationalOperatorReplacement,|| BI_MAX_LONG.compareTo(bigInteger) < 0) {,|| BI_MAX_LONG.compareTo(bigInteger) >= 0) {,382,
com/fasterxml/jackson/core/base/ParserBase.java,1088,RelationalOperatorReplacement,if (BI_MIN_LONG.compareTo(bigInteger) > 0,if (BI_MIN_LONG.compareTo(bigInteger) <= 0,383,
com/fasterxml/jackson/core/base/ParserBase.java,1072,RelationalOperatorReplacement,|| BD_MAX_INT.compareTo(bigDecimal) < 0) {,|| BD_MAX_INT.compareTo(bigDecimal) >= 0) {,386,
com/fasterxml/jackson/core/base/ParserBase.java,1071,RelationalOperatorReplacement,if (BD_MIN_INT.compareTo(bigDecimal) > 0,if (BD_MIN_INT.compareTo(bigDecimal) <= 0,387,
com/fasterxml/jackson/core/base/ParserBase.java,1065,RelationalOperatorReplacement,if (d < MIN_INT_D || d > MAX_INT_D) {,if (d < MIN_INT_D || d <= MAX_INT_D) {,389,
com/fasterxml/jackson/core/base/ParserBase.java,1065,RelationalOperatorReplacement,if (d < MIN_INT_D || d > MAX_INT_D) {,if (d >= MIN_INT_D || d > MAX_INT_D) {,390,
com/fasterxml/jackson/core/base/ParserBase.java,1058,RelationalOperatorReplacement,|| BI_MAX_INT.compareTo(bigInteger) < 0) {,|| BI_MAX_INT.compareTo(bigInteger) >= 0) {,392,
com/fasterxml/jackson/core/base/ParserBase.java,1057,RelationalOperatorReplacement,if (BI_MIN_INT.compareTo(bigInteger) > 0,if (BI_MIN_INT.compareTo(bigInteger) <= 0,393,
com/fasterxml/jackson/core/base/ParserBase.java,964,RelationalOperatorReplacement,if (_intLength <= 9) {,if (_intLength > 9) {,406,
com/fasterxml/jackson/core/base/ParserBase.java,919,RelationalOperatorReplacement,if (l <= MAX_INT_L) {,if (l > MAX_INT_L) {,410,
com/fasterxml/jackson/core/base/ParserBase.java,913,RelationalOperatorReplacement,if (l >= MIN_INT_L) {,if (l < MIN_INT_L) {,411,
com/fasterxml/jackson/core/base/ParserBase.java,908,RelationalOperatorReplacement,if (len <= 18) { // definitely fits AND is easy to parse using 2 int parse calls,if (len > 18) { // definitely fits AND is easy to parse using 2 int parse calls,413,
com/fasterxml/jackson/core/base/ParserBase.java,903,RelationalOperatorReplacement,if (len <= 9) {,if (len > 9) {,414,
com/fasterxml/jackson/core/base/ParserBase.java,578,RelationalOperatorReplacement,if (fractLen < 1 && expLen < 1) { // integer,if (fractLen < 1 && expLen >= 1) { // integer,469,
com/fasterxml/jackson/core/base/ParserBase.java,578,RelationalOperatorReplacement,if (fractLen < 1 && expLen < 1) { // integer,if (fractLen >= 1 && expLen < 1) { // integer,470,
com/fasterxml/jackson/core/base/ParserBase.java,486,RelationalOperatorReplacement,return (col < 0) ? col : (col + 1);,return (col >= 0) ? col : (col + 1);,473,
com/fasterxml/jackson/core/base/ParserMinimalBase.java,876,RelationalOperatorReplacement,"for (int i = 0, len = str.length(); i < len; ++i) {","for (int i = 0, len = str.length(); i >= len; ++i) {",190,
com/fasterxml/jackson/core/base/ParserMinimalBase.java,808,RelationalOperatorReplacement,if (ch > 255) {,if (ch <= 255) {,192,
com/fasterxml/jackson/core/base/ParserMinimalBase.java,734,RelationalOperatorReplacement,if (ch < 0) { // sanity check,if (ch >= 0) { // sanity check,195,
com/fasterxml/jackson/core/base/ParserMinimalBase.java,723,RelationalOperatorReplacement,if (rawLen < 1000) {,if (rawLen >= 1000) {,196,
com/fasterxml/jackson/core/base/ParserMinimalBase.java,711,RelationalOperatorReplacement,if (rawLen < 1000) {,if (rawLen >= 1000) {,197,
com/fasterxml/jackson/core/base/ParserMinimalBase.java,857,NullifyInputVariable,protected final JsonToken _nullSafeUpdateToken(final JsonToken token) throws StreamConstraintsException {,protected final JsonToken _nullSafeUpdateToken(final JsonToken token) throws StreamConstraintsException { token = null;,60,
com/fasterxml/jackson/core/base/ParserMinimalBase.java,848,NullifyInputVariable,protected final JsonToken _updateToken(final JsonToken token) throws StreamConstraintsException {,protected final JsonToken _updateToken(final JsonToken token) throws StreamConstraintsException { token = null;,61,
com/fasterxml/jackson/core/filter/FilteringParserDelegate.java,693,NullifyInputVariable,{,{ buffRoot = null;,182,
com/fasterxml/jackson/core/format/DataFormatDetector.java,222,RelationalOperatorReplacement,if (strength.ordinal() >= _optimalMatch.ordinal()) {,if (strength.ordinal() < _optimalMatch.ordinal()) {,36,
com/fasterxml/jackson/core/format/DataFormatDetector.java,215,RelationalOperatorReplacement,if (bestMatchStrength.ordinal() >= strength.ordinal()) {,if (bestMatchStrength.ordinal() < strength.ordinal()) {,37,
com/fasterxml/jackson/core/format/DataFormatDetector.java,210,RelationalOperatorReplacement,if (strength == null || strength.ordinal() < _minimalMatch.ordinal()) {,if (strength == null || strength.ordinal() >= _minimalMatch.ordinal()) {,39,
com/fasterxml/jackson/core/format/DataFormatDetector.java,188,RelationalOperatorReplacement,for (int i = 1; i < len; ++i) {,for (int i = 1; i >= len; ++i) {,41,
com/fasterxml/jackson/core/format/DataFormatDetector.java,186,RelationalOperatorReplacement,if (len > 0) {,if (len <= 0) {,42,
com/fasterxml/jackson/core/format/DataFormatMatcher.java,55,RelationalOperatorReplacement,|| (bufferedStart + bufferedLength) > buffered.length) {,|| (bufferedStart + bufferedLength) <= buffered.length) {,33,
com/fasterxml/jackson/core/format/DataFormatMatcher.java,54,RelationalOperatorReplacement,if ((bufferedStart | bufferedLength) < 0,if ((bufferedStart | bufferedLength) >= 0,34,
com/fasterxml/jackson/core/format/InputAccessor.java,121,RelationalOperatorReplacement,if (_ptr >= _bufferedEnd) {,if (_ptr < _bufferedEnd) {,19,
com/fasterxml/jackson/core/format/InputAccessor.java,110,RelationalOperatorReplacement,if (count <= 0) { // EOF,if (count > 0) { // EOF,20,
com/fasterxml/jackson/core/format/InputAccessor.java,106,RelationalOperatorReplacement,if (amount < 1) { // can not load any more,if (amount >= 1) { // can not load any more,21,
com/fasterxml/jackson/core/format/InputAccessor.java,99,RelationalOperatorReplacement,if (_ptr < _bufferedEnd) { // already got more,if (_ptr >= _bufferedEnd) { // already got more,23,
com/fasterxml/jackson/core/io/BigDecimalParser.java,175,NullifyInputVariable,"private static String _generateExceptionMessage(final String valueToReport, final String desc) {","private static String _generateExceptionMessage(final String valueToReport, final String desc) { desc = null;",17,
com/fasterxml/jackson/core/io/BigDecimalParser.java,175,NullifyInputVariable,"private static String _generateExceptionMessage(final String valueToReport, final String desc) {","private static String _generateExceptionMessage(final String valueToReport, final String desc) { valueToReport = null;",18,
com/fasterxml/jackson/core/io/BigDecimalParser.java,156,NullifyInputVariable,private static String _getValueDesc(final String fullValue) {,private static String _getValueDesc(final String fullValue) { fullValue = null;,19,
com/fasterxml/jackson/core/io/BigDecimalParser.java,146,NullifyInputVariable,final int len) {,final int len) { e = null;,20,
com/fasterxml/jackson/core/io/BigDecimalParser.java,107,NullifyInputVariable,public static BigDecimal parseWithFastParser(final String valueStr) {,public static BigDecimal parseWithFastParser(final String valueStr) { valueStr = null;,23,
com/fasterxml/jackson/core/io/BigDecimalParser.java,167,RelationalOperatorReplacement,if (len <= MAX_CHARS_TO_REPORT) {,if (len > MAX_CHARS_TO_REPORT) {,44,
com/fasterxml/jackson/core/io/BigDecimalParser.java,158,RelationalOperatorReplacement,if (len <= MAX_CHARS_TO_REPORT) {,if (len > MAX_CHARS_TO_REPORT) {,45,
com/fasterxml/jackson/core/io/BigDecimalParser.java,69,RelationalOperatorReplacement,if (len < SIZE_FOR_SWITCH_TO_FASTDOUBLEPARSER) {,if (len >= SIZE_FOR_SWITCH_TO_FASTDOUBLEPARSER) {,48,
com/fasterxml/jackson/core/io/BigDecimalParser.java,45,RelationalOperatorReplacement,if (valueStr.length() < SIZE_FOR_SWITCH_TO_FASTDOUBLEPARSER) {,if (valueStr.length() >= SIZE_FOR_SWITCH_TO_FASTDOUBLEPARSER) {,49,
com/fasterxml/jackson/core/io/BigIntegerParser.java,23,RelationalOperatorReplacement,final String reportNum = valueStr.length() <= MAX_CHARS_TO_REPORT ?,final String reportNum = valueStr.length() > MAX_CHARS_TO_REPORT ?,10,
com/fasterxml/jackson/core/io/BigIntegerParser.java,30,NullifyInputVariable,"public static BigInteger parseWithFastParser(final String valueStr, final int radix) {","public static BigInteger parseWithFastParser(final String valueStr, final int radix) { valueStr = null;",3,
com/fasterxml/jackson/core/io/BigIntegerParser.java,19,NullifyInputVariable,public static BigInteger parseWithFastParser(final String valueStr) {,public static BigInteger parseWithFastParser(final String valueStr) { valueStr = null;,4,
com/fasterxml/jackson/core/io/BigIntegerParser.java,34,RelationalOperatorReplacement,final String reportNum = valueStr.length() <= MAX_CHARS_TO_REPORT ?,final String reportNum = valueStr.length() > MAX_CHARS_TO_REPORT ?,9,
com/fasterxml/jackson/core/io/CharTypes.java,301,RelationalOperatorReplacement,if (escCode < 0) { // generic quoting (hex value),if (escCode >= 0) { // generic quoting (hex value),71,
com/fasterxml/jackson/core/io/CharTypes.java,295,RelationalOperatorReplacement,if (c >= escLen || escCodes[c] == 0) {,if (c < escLen || escCodes[c] == 0) {,73,
com/fasterxml/jackson/core/io/CharTypes.java,293,RelationalOperatorReplacement,"for (int i = 0, len = content.length(); i < len; ++i) {","for (int i = 0, len = content.length(); i >= len; ++i) {",74,
com/fasterxml/jackson/core/io/CharTypes.java,202,RelationalOperatorReplacement,for (int i = 0; i < 6; ++i) {,for (int i = 0; i >= 6; ++i) {,77,
com/fasterxml/jackson/core/io/CharTypes.java,199,RelationalOperatorReplacement,for (int i = 0; i < 10; ++i) {,for (int i = 0; i >= 10; ++i) {,78,
com/fasterxml/jackson/core/io/CharTypes.java,163,RelationalOperatorReplacement,for (int i = 0; i < 32; ++i) {,for (int i = 0; i >= 32; ++i) {,79,
com/fasterxml/jackson/core/io/CharTypes.java,82,RelationalOperatorReplacement,for (int i = 33; i < 256; ++i) {,for (int i = 33; i >= 256; ++i) {,80,
com/fasterxml/jackson/core/io/CharTypes.java,50,RelationalOperatorReplacement,for (int c = 128; c < 256; ++c) {,for (int c = 128; c >= 256; ++c) {,84,
com/fasterxml/jackson/core/io/CharTypes.java,33,RelationalOperatorReplacement,for (int i = 0; i < 32; ++i) {,for (int i = 0; i >= 32; ++i) {,85,
com/fasterxml/jackson/core/io/CharTypes.java,15,RelationalOperatorReplacement,for (int i = 0; i < len; ++i) {,for (int i = 0; i >= len; ++i) {,86,
com/fasterxml/jackson/core/io/ContentReference.java,415,RelationalOperatorReplacement,"for (int i = 0, end = content.length(); i < end; ++i) {","for (int i = 0, end = content.length(); i >= end; ++i) {",122,
com/fasterxml/jackson/core/io/ContentReference.java,407,RelationalOperatorReplacement,if ((length < 0) || (length > maxLength)) {,if ((length < 0) || (length <= maxLength)) {,123,
com/fasterxml/jackson/core/io/ContentReference.java,407,RelationalOperatorReplacement,if ((length < 0) || (length > maxLength)) {,if ((length >= 0) || (length > maxLength)) {,124,
com/fasterxml/jackson/core/io/ContentReference.java,399,RelationalOperatorReplacement,} else if (start >= actualLength) {,} else if (start < actualLength) {,125,
com/fasterxml/jackson/core/io/ContentReference.java,397,RelationalOperatorReplacement,"if (start < 0) { // means effectively ""start at beginning""","if (start >= 0) { // means effectively ""start at beginning""",126,
com/fasterxml/jackson/core/io/ContentReference.java,360,RelationalOperatorReplacement,if (length < 0) {,if (length >= 0) {,127,
com/fasterxml/jackson/core/io/ContentReference.java,351,RelationalOperatorReplacement,if (offsets[1] > maxLen) {,if (offsets[1] <= maxLen) {,128,
com/fasterxml/jackson/core/io/IOContext.java,485,RelationalOperatorReplacement,if ((toRelease != src) && (toRelease.length < src.length)) { throw wrongBuf(); },if ((toRelease != src) && (toRelease.length >= src.length)) { throw wrongBuf(); },75,
com/fasterxml/jackson/core/io/IOContext.java,480,RelationalOperatorReplacement,if ((toRelease != src) && (toRelease.length < src.length)) { throw wrongBuf(); },if ((toRelease != src) && (toRelease.length >= src.length)) { throw wrongBuf(); },77,
com/fasterxml/jackson/core/io/JsonStringEncoder.java,659,RelationalOperatorReplacement,if (p2 < SURR2_FIRST || p2 > SURR2_LAST) {,if (p2 < SURR2_FIRST || p2 <= SURR2_LAST) {,193,
com/fasterxml/jackson/core/io/JsonStringEncoder.java,659,RelationalOperatorReplacement,if (p2 < SURR2_FIRST || p2 > SURR2_LAST) {,if (p2 >= SURR2_FIRST || p2 > SURR2_LAST) {,194,
com/fasterxml/jackson/core/io/JsonStringEncoder.java,640,RelationalOperatorReplacement,if (ch > 0xFF) {,if (ch <= 0xFF) {,195,
com/fasterxml/jackson/core/io/JsonStringEncoder.java,638,RelationalOperatorReplacement,if (esc < 0) { // standard escape,if (esc >= 0) { // standard escape,196,
com/fasterxml/jackson/core/io/JsonStringEncoder.java,594,RelationalOperatorReplacement,if (outputPtr >= outputEnd) {,if (outputPtr < outputEnd) {,198,
com/fasterxml/jackson/core/io/JsonStringEncoder.java,586,RelationalOperatorReplacement,if (outputPtr >= outputEnd) {,if (outputPtr < outputEnd) {,199,
com/fasterxml/jackson/core/io/JsonStringEncoder.java,580,RelationalOperatorReplacement,if (outputPtr >= outputEnd) {,if (outputPtr < outputEnd) {,200,
com/fasterxml/jackson/core/io/JsonStringEncoder.java,576,RelationalOperatorReplacement,"if (c > 0x10FFFF) { // illegal, as per RFC 4627","if (c <= 0x10FFFF) { // illegal, as per RFC 4627",201,
com/fasterxml/jackson/core/io/JsonStringEncoder.java,572,RelationalOperatorReplacement,if (inputPtr >= inputEnd) {,if (inputPtr < inputEnd) {,202,
com/fasterxml/jackson/core/io/JsonStringEncoder.java,568,RelationalOperatorReplacement,if (c > SURR1_LAST) { // must be from first range,if (c <= SURR1_LAST) { // must be from first range,203,
com/fasterxml/jackson/core/io/JsonStringEncoder.java,561,RelationalOperatorReplacement,if (outputPtr >= outputEnd) {,if (outputPtr < outputEnd) {,204,
com/fasterxml/jackson/core/io/JsonStringEncoder.java,559,RelationalOperatorReplacement,if (c < SURR1_FIRST || c > SURR2_LAST) { // nope,if (c < SURR1_FIRST || c <= SURR2_LAST) { // nope,205,
com/fasterxml/jackson/core/io/JsonStringEncoder.java,559,RelationalOperatorReplacement,if (c < SURR1_FIRST || c > SURR2_LAST) { // nope,if (c >= SURR1_FIRST || c > SURR2_LAST) { // nope,206,
com/fasterxml/jackson/core/io/JsonStringEncoder.java,555,RelationalOperatorReplacement,if (c < 0x800) { // 2-byte,if (c >= 0x800) { // 2-byte,207,
com/fasterxml/jackson/core/io/JsonStringEncoder.java,550,RelationalOperatorReplacement,if (outputPtr >= outputEnd) {,if (outputPtr < outputEnd) {,208,
com/fasterxml/jackson/core/io/JsonStringEncoder.java,540,RelationalOperatorReplacement,if (inputPtr >= inputEnd) {,if (inputPtr < inputEnd) {,210,
com/fasterxml/jackson/core/io/JsonStringEncoder.java,531,RelationalOperatorReplacement,if (outputPtr >= outputEnd) {,if (outputPtr < outputEnd) {,212,
com/fasterxml/jackson/core/io/JsonStringEncoder.java,530,RelationalOperatorReplacement,while (c <= 0x7F) {,while (c > 0x7F) {,213,
com/fasterxml/jackson/core/io/JsonStringEncoder.java,526,RelationalOperatorReplacement,while (inputPtr < inputEnd) {,while (inputPtr >= inputEnd) {,214,
com/fasterxml/jackson/core/io/JsonStringEncoder.java,493,RelationalOperatorReplacement,if (outputPtr >= outputEnd) {,if (outputPtr < outputEnd) {,216,
com/fasterxml/jackson/core/io/JsonStringEncoder.java,485,RelationalOperatorReplacement,if (outputPtr >= outputEnd) {,if (outputPtr < outputEnd) {,217,
com/fasterxml/jackson/core/io/JsonStringEncoder.java,479,RelationalOperatorReplacement,if (outputPtr >= outputEnd) {,if (outputPtr < outputEnd) {,218,
com/fasterxml/jackson/core/io/JsonStringEncoder.java,475,RelationalOperatorReplacement,"if (c > 0x10FFFF) { // illegal, as per RFC 4627","if (c <= 0x10FFFF) { // illegal, as per RFC 4627",219,
com/fasterxml/jackson/core/io/JsonStringEncoder.java,471,RelationalOperatorReplacement,if (inputPtr >= inputEnd) {,if (inputPtr < inputEnd) {,220,
com/fasterxml/jackson/core/io/JsonStringEncoder.java,467,RelationalOperatorReplacement,if (c > SURR1_LAST) { // must be from first range,if (c <= SURR1_LAST) { // must be from first range,221,
com/fasterxml/jackson/core/io/JsonStringEncoder.java,460,RelationalOperatorReplacement,if (outputPtr >= outputEnd) {,if (outputPtr < outputEnd) {,222,
com/fasterxml/jackson/core/io/JsonStringEncoder.java,458,RelationalOperatorReplacement,if (c < SURR1_FIRST || c > SURR2_LAST) { // nope,if (c < SURR1_FIRST || c <= SURR2_LAST) { // nope,223,
com/fasterxml/jackson/core/io/JsonStringEncoder.java,458,RelationalOperatorReplacement,if (c < SURR1_FIRST || c > SURR2_LAST) { // nope,if (c >= SURR1_FIRST || c > SURR2_LAST) { // nope,224,
com/fasterxml/jackson/core/io/JsonStringEncoder.java,454,RelationalOperatorReplacement,if (c < 0x800) { // 2-byte,if (c >= 0x800) { // 2-byte,225,
com/fasterxml/jackson/core/io/JsonStringEncoder.java,449,RelationalOperatorReplacement,if (outputPtr >= outputEnd) {,if (outputPtr < outputEnd) {,226,
com/fasterxml/jackson/core/io/JsonStringEncoder.java,439,RelationalOperatorReplacement,if (inputPtr >= inputEnd) {,if (inputPtr < inputEnd) {,228,
com/fasterxml/jackson/core/io/JsonStringEncoder.java,430,RelationalOperatorReplacement,if (outputPtr >= outputEnd) {,if (outputPtr < outputEnd) {,230,
com/fasterxml/jackson/core/io/JsonStringEncoder.java,429,RelationalOperatorReplacement,while (c <= 0x7F) {,while (c > 0x7F) {,231,
com/fasterxml/jackson/core/io/JsonStringEncoder.java,425,RelationalOperatorReplacement,while (inputPtr < inputEnd) {,while (inputPtr >= inputEnd) {,232,
com/fasterxml/jackson/core/io/JsonStringEncoder.java,394,RelationalOperatorReplacement,if (outputPtr >= outputBuffer.length) {,if (outputPtr < outputBuffer.length) {,234,
com/fasterxml/jackson/core/io/JsonStringEncoder.java,386,RelationalOperatorReplacement,if (outputPtr >= outputBuffer.length) {,if (outputPtr < outputBuffer.length) {,235,
com/fasterxml/jackson/core/io/JsonStringEncoder.java,381,RelationalOperatorReplacement,if (outputPtr >= outputBuffer.length) {,if (outputPtr < outputBuffer.length) {,236,
com/fasterxml/jackson/core/io/JsonStringEncoder.java,377,RelationalOperatorReplacement,"if (ch > 0x10FFFF) { // illegal, as per RFC 4627","if (ch <= 0x10FFFF) { // illegal, as per RFC 4627",237,
com/fasterxml/jackson/core/io/JsonStringEncoder.java,373,RelationalOperatorReplacement,if (inputPtr >= inputEnd) {,if (inputPtr < inputEnd) {,238,
com/fasterxml/jackson/core/io/JsonStringEncoder.java,369,RelationalOperatorReplacement,if (ch > SURR1_LAST) { // must be from first range,if (ch <= SURR1_LAST) { // must be from first range,239,
com/fasterxml/jackson/core/io/JsonStringEncoder.java,362,RelationalOperatorReplacement,if (outputPtr >= outputBuffer.length) {,if (outputPtr < outputBuffer.length) {,240,
com/fasterxml/jackson/core/io/JsonStringEncoder.java,360,RelationalOperatorReplacement,if (ch < SURR1_FIRST || ch > SURR2_LAST) { // nope,if (ch < SURR1_FIRST || ch <= SURR2_LAST) { // nope,241,
com/fasterxml/jackson/core/io/JsonStringEncoder.java,360,RelationalOperatorReplacement,if (ch < SURR1_FIRST || ch > SURR2_LAST) { // nope,if (ch >= SURR1_FIRST || ch > SURR2_LAST) { // nope,242,
com/fasterxml/jackson/core/io/JsonStringEncoder.java,355,RelationalOperatorReplacement,"if (ch <= 0x7FF) { // fine, just needs 2 byte output","if (ch > 0x7FF) { // fine, just needs 2 byte output",243,
com/fasterxml/jackson/core/io/JsonStringEncoder.java,348,RelationalOperatorReplacement,if (ch <= 0x7F) { // needs quoting,if (ch > 0x7F) { // needs quoting,244,
com/fasterxml/jackson/core/io/JsonStringEncoder.java,342,RelationalOperatorReplacement,if (outputPtr >= outputBuffer.length) {,if (outputPtr < outputBuffer.length) {,245,
com/fasterxml/jackson/core/io/JsonStringEncoder.java,335,RelationalOperatorReplacement,if (++inputPtr >= inputEnd) {,if (++inputPtr < inputEnd) {,247,
com/fasterxml/jackson/core/io/JsonStringEncoder.java,327,RelationalOperatorReplacement,if (outputPtr >= outputBuffer.length) {,if (outputPtr < outputBuffer.length) {,249,
com/fasterxml/jackson/core/io/JsonStringEncoder.java,324,RelationalOperatorReplacement,if (ch > 0x7F || escCodes[ch] != 0) {,if (ch <= 0x7F || escCodes[ch] != 0) {,251,
com/fasterxml/jackson/core/io/JsonStringEncoder.java,318,RelationalOperatorReplacement,while (inputPtr < inputEnd) {,while (inputPtr >= inputEnd) {,252,
com/fasterxml/jackson/core/io/JsonStringEncoder.java,292,RelationalOperatorReplacement,int length = (escCode < 0),int length = (escCode >= 0),253,
com/fasterxml/jackson/core/io/JsonStringEncoder.java,282,RelationalOperatorReplacement,if (++inPtr >= inputLen) {,if (++inPtr < inputLen) {,255,
com/fasterxml/jackson/core/io/JsonStringEncoder.java,278,RelationalOperatorReplacement,if (c < escCodeCount && escCodes[c] != 0) {,if (c >= escCodeCount && escCodes[c] != 0) {,257,
com/fasterxml/jackson/core/io/JsonStringEncoder.java,274,RelationalOperatorReplacement,while (inPtr < inputLen) {,while (inPtr >= inputLen) {,258,
com/fasterxml/jackson/core/io/JsonStringEncoder.java,222,RelationalOperatorReplacement,if (first > 0) {,if (first <= 0) {,261,
com/fasterxml/jackson/core/io/JsonStringEncoder.java,220,RelationalOperatorReplacement,if ((outPtr + length) > outputBuffer.length) {,if ((outPtr + length) <= outputBuffer.length) {,262,
com/fasterxml/jackson/core/io/JsonStringEncoder.java,216,RelationalOperatorReplacement,int length = (escCode < 0),int length = (escCode >= 0),263,
com/fasterxml/jackson/core/io/JsonStringEncoder.java,206,RelationalOperatorReplacement,if (++inPtr >= inputLen) {,if (++inPtr < inputLen) {,265,
com/fasterxml/jackson/core/io/JsonStringEncoder.java,193,RelationalOperatorReplacement,if (outPtr >= outputBuffer.length) {,if (outPtr < outputBuffer.length) {,267,
com/fasterxml/jackson/core/io/JsonStringEncoder.java,190,RelationalOperatorReplacement,if (c < escCodeCount && escCodes[c] != 0) {,if (c >= escCodeCount && escCodes[c] != 0) {,269,
com/fasterxml/jackson/core/io/JsonStringEncoder.java,186,RelationalOperatorReplacement,while (inPtr < inputLen) {,while (inPtr >= inputLen) {,270,
com/fasterxml/jackson/core/io/JsonStringEncoder.java,126,RelationalOperatorReplacement,if (first > 0) {,if (first <= 0) {,273,
com/fasterxml/jackson/core/io/JsonStringEncoder.java,124,RelationalOperatorReplacement,if ((outPtr + length) > outputBuffer.length) {,if ((outPtr + length) <= outputBuffer.length) {,274,
com/fasterxml/jackson/core/io/JsonStringEncoder.java,120,RelationalOperatorReplacement,int length = (escCode < 0),int length = (escCode >= 0),275,
com/fasterxml/jackson/core/io/JsonStringEncoder.java,110,RelationalOperatorReplacement,if (++inPtr >= inputLen) {,if (++inPtr < inputLen) {,277,
com/fasterxml/jackson/core/io/JsonStringEncoder.java,97,RelationalOperatorReplacement,if (outPtr >= outputBuffer.length) {,if (outPtr < outputBuffer.length) {,279,
com/fasterxml/jackson/core/io/JsonStringEncoder.java,94,RelationalOperatorReplacement,if (c < escCodeCount && escCodes[c] != 0) {,if (c >= escCodeCount && escCodes[c] != 0) {,281,
com/fasterxml/jackson/core/io/JsonStringEncoder.java,90,RelationalOperatorReplacement,while (inPtr < inputLen) {,while (inPtr >= inputLen) {,282,
com/fasterxml/jackson/core/io/MergedStream.java,108,RelationalOperatorReplacement,if (n > 0) { count += _in.skip(n); },if (n <= 0) { count += _in.skip(n); },39,
com/fasterxml/jackson/core/io/MergedStream.java,99,RelationalOperatorReplacement,if (amount > n) { // all in pushed back segment?,if (amount <= n) { // all in pushed back segment?,40,
com/fasterxml/jackson/core/io/MergedStream.java,79,RelationalOperatorReplacement,if (_ptr >= _end) {,if (_ptr < _end) {,43,
com/fasterxml/jackson/core/io/MergedStream.java,74,RelationalOperatorReplacement,if (len > avail) {,if (len <= avail) {,44,
com/fasterxml/jackson/core/io/MergedStream.java,58,RelationalOperatorReplacement,if (_ptr >= _end) {,if (_ptr < _end) {,46,
com/fasterxml/jackson/core/io/NumberInput.java,653,RelationalOperatorReplacement,return (c <= '9') && (c >= '0');,return (c <= '9') && (c < '0');,168,
com/fasterxml/jackson/core/io/NumberInput.java,653,RelationalOperatorReplacement,return (c <= '9') && (c >= '0');,return (c > '9') && (c >= '0');,169,
com/fasterxml/jackson/core/io/NumberInput.java,342,RelationalOperatorReplacement,if (c > '9' || c < '0') {,if (c > '9' || c >= '0') {,173,
com/fasterxml/jackson/core/io/NumberInput.java,342,RelationalOperatorReplacement,if (c > '9' || c < '0') {,if (c <= '9' || c < '0') {,174,
com/fasterxml/jackson/core/io/NumberInput.java,339,RelationalOperatorReplacement,for (; i < len; ++i) {,for (; i >= len; ++i) {,175,
com/fasterxml/jackson/core/io/NumberInput.java,303,RelationalOperatorReplacement,if (c > '9' || c < '0') {,if (c > '9' || c >= '0') {,180,
com/fasterxml/jackson/core/io/NumberInput.java,303,RelationalOperatorReplacement,if (c > '9' || c < '0') {,if (c <= '9' || c < '0') {,181,
com/fasterxml/jackson/core/io/NumberInput.java,300,RelationalOperatorReplacement,for (; i < len; ++i) {,for (; i >= len; ++i) {,182,
com/fasterxml/jackson/core/io/NumberInput.java,274,RelationalOperatorReplacement,return (diff < 0);,return (diff >= 0);,187,
com/fasterxml/jackson/core/io/NumberInput.java,271,RelationalOperatorReplacement,for (int i = 0; i < cmpLen; ++i) {,for (int i = 0; i >= cmpLen; ++i) {,189,
com/fasterxml/jackson/core/io/NumberInput.java,268,RelationalOperatorReplacement,if (alen > cmpLen) return false;,if (alen <= cmpLen) return false;,190,
com/fasterxml/jackson/core/io/NumberInput.java,267,RelationalOperatorReplacement,if (alen < cmpLen) return true;,if (alen >= cmpLen) return true;,191,
com/fasterxml/jackson/core/io/NumberInput.java,245,RelationalOperatorReplacement,return (diff < 0);,return (diff >= 0);,192,
com/fasterxml/jackson/core/io/NumberInput.java,242,RelationalOperatorReplacement,for (int i = 0; i < cmpLen; ++i) {,for (int i = 0; i >= cmpLen; ++i) {,194,
com/fasterxml/jackson/core/io/NumberInput.java,240,RelationalOperatorReplacement,if (len > cmpLen) return false;,if (len <= cmpLen) return false;,195,
com/fasterxml/jackson/core/io/NumberInput.java,239,RelationalOperatorReplacement,if (len < cmpLen) return true;,if (len >= cmpLen) return true;,196,
com/fasterxml/jackson/core/io/NumberInput.java,212,RelationalOperatorReplacement,if (length <= 9) {,if (length > 9) {,197,
com/fasterxml/jackson/core/io/NumberInput.java,193,RelationalOperatorReplacement,for (int i = 0; i < 19; i++) {,for (int i = 0; i >= 19; i++) {,198,
com/fasterxml/jackson/core/io/NumberInput.java,157,RelationalOperatorReplacement,} while (offset < len);,} while (offset >= len);,199,
com/fasterxml/jackson/core/io/NumberInput.java,153,RelationalOperatorReplacement,if (c > '9' || c < '0') {,if (c > '9' || c >= '0') {,200,
com/fasterxml/jackson/core/io/NumberInput.java,153,RelationalOperatorReplacement,if (c > '9' || c < '0') {,if (c <= '9' || c < '0') {,201,
com/fasterxml/jackson/core/io/NumberInput.java,150,RelationalOperatorReplacement,if (offset < len) {,if (offset >= len) {,202,
com/fasterxml/jackson/core/io/NumberInput.java,145,RelationalOperatorReplacement,if (c > '9' || c < '0') {,if (c > '9' || c >= '0') {,203,
com/fasterxml/jackson/core/io/NumberInput.java,145,RelationalOperatorReplacement,if (c > '9' || c < '0') {,if (c <= '9' || c < '0') {,204,
com/fasterxml/jackson/core/io/NumberInput.java,143,RelationalOperatorReplacement,if (offset < len) {,if (offset >= len) {,205,
com/fasterxml/jackson/core/io/NumberInput.java,139,RelationalOperatorReplacement,if (c > '9' || c < '0') {,if (c > '9' || c >= '0') {,206,
com/fasterxml/jackson/core/io/NumberInput.java,139,RelationalOperatorReplacement,if (c > '9' || c < '0') {,if (c <= '9' || c < '0') {,207,
com/fasterxml/jackson/core/io/NumberInput.java,137,RelationalOperatorReplacement,if (offset < len) {,if (offset >= len) {,208,
com/fasterxml/jackson/core/io/NumberInput.java,133,RelationalOperatorReplacement,if (c > '9' || c < '0') {,if (c > '9' || c >= '0') {,209,
com/fasterxml/jackson/core/io/NumberInput.java,133,RelationalOperatorReplacement,if (c > '9' || c < '0') {,if (c <= '9' || c < '0') {,210,
com/fasterxml/jackson/core/io/NumberInput.java,129,RelationalOperatorReplacement,if (len > 9) {,if (len <= 9) {,211,
com/fasterxml/jackson/core/io/NumberInput.java,124,RelationalOperatorReplacement,if (len == 1 || len > 10) {,if (len == 1 || len <= 10) {,212,
com/fasterxml/jackson/core/io/NumberInput.java,70,RelationalOperatorReplacement,if (len > 0 && ch[off] == '+') {,if (len <= 0 && ch[off] == '+') {,216,
com/fasterxml/jackson/core/io/NumberInput.java,646,NullifyInputVariable,public static boolean looksLikeValidNumber(final String s) {,public static boolean looksLikeValidNumber(final String s) { s = null;,78,
com/fasterxml/jackson/core/io/NumberInput.java,614,NullifyInputVariable,final boolean useFastParser) throws NumberFormatException {,final boolean useFastParser) throws NumberFormatException { s = null;,79,
com/fasterxml/jackson/core/io/NumberInput.java,598,NullifyInputVariable,"public static BigInteger parseBigInteger(final String s, final boolean useFastParser) throws NumberFormatException {","public static BigInteger parseBigInteger(final String s, final boolean useFastParser) throws NumberFormatException { s = null;",80,
com/fasterxml/jackson/core/io/NumberInput.java,587,NullifyInputVariable,public static BigInteger parseBigInteger(final String s) throws NumberFormatException {,public static BigInteger parseBigInteger(final String s) throws NumberFormatException { s = null;,81,
com/fasterxml/jackson/core/io/NumberInput.java,512,NullifyInputVariable,"public static BigDecimal parseBigDecimal(final String s, final boolean useFastParser) throws NumberFormatException {","public static BigDecimal parseBigDecimal(final String s, final boolean useFastParser) throws NumberFormatException { s = null;",82,
com/fasterxml/jackson/core/io/NumberInput.java,501,NullifyInputVariable,public static BigDecimal parseBigDecimal(final String s) throws NumberFormatException {,public static BigDecimal parseBigDecimal(final String s) throws NumberFormatException { s = null;,83,
com/fasterxml/jackson/core/io/NumberInput.java,460,NullifyInputVariable,"public static float parseFloat(final String s, final boolean useFastParser) throws NumberFormatException {","public static float parseFloat(final String s, final boolean useFastParser) throws NumberFormatException { s = null;",84,
com/fasterxml/jackson/core/io/NumberInput.java,449,NullifyInputVariable,public static float parseFloat(final String s) throws NumberFormatException {,public static float parseFloat(final String s) throws NumberFormatException { s = null;,85,
com/fasterxml/jackson/core/io/NumberInput.java,409,NullifyInputVariable,"public static double parseDouble(final String s, final boolean useFastParser) throws NumberFormatException {","public static double parseDouble(final String s, final boolean useFastParser) throws NumberFormatException { s = null;",86,
com/fasterxml/jackson/core/io/NumberInput.java,398,NullifyInputVariable,public static double parseDouble(final String s) throws NumberFormatException {,public static double parseDouble(final String s) throws NumberFormatException { s = null;,87,
com/fasterxml/jackson/core/io/NumberInput.java,365,NullifyInputVariable,{,{ s = null;,89,
com/fasterxml/jackson/core/io/NumberOutput.java,584,RelationalOperatorReplacement,for (int i = 0; i < len; ++i) {,for (int i = 0; i >= len; ++i) {,260,
com/fasterxml/jackson/core/io/NumberOutput.java,568,RelationalOperatorReplacement,for (int i = 0; i < len; ++i) {,for (int i = 0; i >= len; ++i) {,261,
com/fasterxml/jackson/core/io/NumberOutput.java,529,RelationalOperatorReplacement,if (t > 99) {,if (t <= 99) {,262,
com/fasterxml/jackson/core/io/NumberOutput.java,528,RelationalOperatorReplacement,if (t > 9) {,if (t <= 9) {,263,
com/fasterxml/jackson/core/io/NumberOutput.java,516,RelationalOperatorReplacement,if (t > 99) {,if (t <= 99) {,264,
com/fasterxml/jackson/core/io/NumberOutput.java,515,RelationalOperatorReplacement,if (t > 9) {,if (t <= 9) {,265,
com/fasterxml/jackson/core/io/NumberOutput.java,498,RelationalOperatorReplacement,if (thousands > 99) {,if (thousands <= 99) {,266,
com/fasterxml/jackson/core/io/NumberOutput.java,497,RelationalOperatorReplacement,if (thousands > 9) {,if (thousands <= 9) {,267,
com/fasterxml/jackson/core/io/NumberOutput.java,480,RelationalOperatorReplacement,if (thousands > 99) {,if (thousands <= 99) {,268,
com/fasterxml/jackson/core/io/NumberOutput.java,479,RelationalOperatorReplacement,if (thousands > 9) {,if (thousands <= 9) {,269,
com/fasterxml/jackson/core/io/NumberOutput.java,424,RelationalOperatorReplacement,if (v < 1000) {,if (v >= 1000) {,270,
com/fasterxml/jackson/core/io/NumberOutput.java,423,RelationalOperatorReplacement,if (v < MILLION) { // at most 2 triplets...,if (v >= MILLION) { // at most 2 triplets...,271,
com/fasterxml/jackson/core/io/NumberOutput.java,369,RelationalOperatorReplacement,if (v < 1000) {,if (v >= 1000) {,272,
com/fasterxml/jackson/core/io/NumberOutput.java,368,RelationalOperatorReplacement,if (v < MILLION) { // at most 2 triplets...,if (v >= MILLION) { // at most 2 triplets...,273,
com/fasterxml/jackson/core/io/NumberOutput.java,283,RelationalOperatorReplacement,if (v <= Integer.MAX_VALUE && v >= Integer.MIN_VALUE) {,if (v <= Integer.MAX_VALUE && v < Integer.MIN_VALUE) {,274,
com/fasterxml/jackson/core/io/NumberOutput.java,283,RelationalOperatorReplacement,if (v <= Integer.MAX_VALUE && v >= Integer.MIN_VALUE) {,if (v > Integer.MAX_VALUE && v >= Integer.MIN_VALUE) {,275,
com/fasterxml/jackson/core/io/NumberOutput.java,275,RelationalOperatorReplacement,if (v2 < sSmallIntStrs2.length) {,if (v2 >= sSmallIntStrs2.length) {,276,
com/fasterxml/jackson/core/io/NumberOutput.java,271,RelationalOperatorReplacement,if (v >= 0) {,if (v < 0) {,277,
com/fasterxml/jackson/core/io/NumberOutput.java,270,RelationalOperatorReplacement,if (v < sSmallIntStrs.length) {,if (v >= sSmallIntStrs.length) {,278,
com/fasterxml/jackson/core/io/NumberOutput.java,236,RelationalOperatorReplacement,if (upper < BILLION_L) {,if (upper >= BILLION_L) {,279,
com/fasterxml/jackson/core/io/NumberOutput.java,226,RelationalOperatorReplacement,if (v <= MAX_INT_AS_LONG) {,if (v > MAX_INT_AS_LONG) {,280,
com/fasterxml/jackson/core/io/NumberOutput.java,217,RelationalOperatorReplacement,if (v > MIN_INT_AS_LONG) {,if (v <= MIN_INT_AS_LONG) {,282,
com/fasterxml/jackson/core/io/NumberOutput.java,216,RelationalOperatorReplacement,if (v < 0L) {,if (v >= 0L) {,283,
com/fasterxml/jackson/core/io/NumberOutput.java,202,RelationalOperatorReplacement,if (upper < BILLION_L) {,if (upper >= BILLION_L) {,284,
com/fasterxml/jackson/core/io/NumberOutput.java,192,RelationalOperatorReplacement,if (v <= MAX_INT_AS_LONG) {,if (v > MAX_INT_AS_LONG) {,285,
com/fasterxml/jackson/core/io/NumberOutput.java,183,RelationalOperatorReplacement,if (v > MIN_INT_AS_LONG) {,if (v <= MIN_INT_AS_LONG) {,287,
com/fasterxml/jackson/core/io/NumberOutput.java,182,RelationalOperatorReplacement,if (v < 0L) {,if (v >= 0L) {,288,
com/fasterxml/jackson/core/io/NumberOutput.java,148,RelationalOperatorReplacement,if (v >= BILLION) {,if (v < BILLION) {,289,
com/fasterxml/jackson/core/io/NumberOutput.java,146,RelationalOperatorReplacement,if (v >= BILLION) {,if (v < BILLION) {,290,
com/fasterxml/jackson/core/io/NumberOutput.java,133,RelationalOperatorReplacement,if (v < 10) {,if (v >= 10) {,291,
com/fasterxml/jackson/core/io/NumberOutput.java,132,RelationalOperatorReplacement,if (v < 1000) {,if (v >= 1000) {,292,
com/fasterxml/jackson/core/io/NumberOutput.java,131,RelationalOperatorReplacement,if (v < MILLION) { // at most 2 triplets...,if (v >= MILLION) { // at most 2 triplets...,293,
com/fasterxml/jackson/core/io/NumberOutput.java,123,RelationalOperatorReplacement,if (v < 0) {,if (v >= 0) {,295,
com/fasterxml/jackson/core/io/NumberOutput.java,102,RelationalOperatorReplacement,if (v >= BILLION) {,if (v < BILLION) {,296,
com/fasterxml/jackson/core/io/NumberOutput.java,100,RelationalOperatorReplacement,if (v >= BILLION) {,if (v < BILLION) {,297,
com/fasterxml/jackson/core/io/NumberOutput.java,82,RelationalOperatorReplacement,if (v < 10) {,if (v >= 10) {,298,
com/fasterxml/jackson/core/io/NumberOutput.java,81,RelationalOperatorReplacement,if (v < 1000) {,if (v >= 1000) {,299,
com/fasterxml/jackson/core/io/NumberOutput.java,80,RelationalOperatorReplacement,if (v < MILLION) { // at most 2 triplets...,if (v >= MILLION) { // at most 2 triplets...,300,
com/fasterxml/jackson/core/io/NumberOutput.java,70,RelationalOperatorReplacement,if (v < 0) {,if (v >= 0) {,302,
com/fasterxml/jackson/core/io/NumberOutput.java,32,RelationalOperatorReplacement,for (int i3 = 0; i3 < 10; ++i3) {,for (int i3 = 0; i3 >= 10; ++i3) {,303,
com/fasterxml/jackson/core/io/NumberOutput.java,31,RelationalOperatorReplacement,for (int i2 = 0; i2 < 10; ++i2) {,for (int i2 = 0; i2 >= 10; ++i2) {,304,
com/fasterxml/jackson/core/io/NumberOutput.java,30,RelationalOperatorReplacement,for (int i1 = 0; i1 < 10; ++i1) {,for (int i1 = 0; i1 >= 10; ++i1) {,305,
com/fasterxml/jackson/core/io/SerializedString.java,239,RelationalOperatorReplacement,if (length > buffer.remaining()) {,if (length <= buffer.remaining()) {,72,
com/fasterxml/jackson/core/io/SerializedString.java,225,RelationalOperatorReplacement,if (length > buffer.remaining()) {,if (length <= buffer.remaining()) {,74,
com/fasterxml/jackson/core/io/SerializedString.java,189,RelationalOperatorReplacement,if ((offset + length) > buffer.length) {,if ((offset + length) <= buffer.length) {,78,
com/fasterxml/jackson/core/io/SerializedString.java,175,RelationalOperatorReplacement,if ((offset + length) > buffer.length) {,if ((offset + length) <= buffer.length) {,80,
com/fasterxml/jackson/core/io/SerializedString.java,164,RelationalOperatorReplacement,if ((offset + length) > buffer.length) {,if ((offset + length) <= buffer.length) {,81,
com/fasterxml/jackson/core/io/SerializedString.java,150,RelationalOperatorReplacement,if ((offset + length) > buffer.length) {,if ((offset + length) <= buffer.length) {,83,
com/fasterxml/jackson/core/io/UTF32Reader.java,109,RelationalOperatorReplacement,if (start < 0 || (start+len) > cbuf.length) {,if (start < 0 || (start+len) <= cbuf.length) {,100,
com/fasterxml/jackson/core/io/UTF32Reader.java,109,RelationalOperatorReplacement,if (start < 0 || (start+len) > cbuf.length) {,if (start >= 0 || (start+len) > cbuf.length) {,101,
com/fasterxml/jackson/core/io/UTF32Reader.java,107,RelationalOperatorReplacement,if (len < 1) { return len; },if (len >= 1) { return len; },102,
com/fasterxml/jackson/core/io/UTF32Reader.java,96,RelationalOperatorReplacement,"if (read(_tmpBuf, 0, 1) < 1) {","if (read(_tmpBuf, 0, 1) >= 1) {",104,
com/fasterxml/jackson/core/io/UTF32Reader.java,244,RelationalOperatorReplacement,"if (count < 0) { // -1, EOF... no good!","if (count >= 0) { // -1, EOF... no good!",83,
com/fasterxml/jackson/core/io/UTF32Reader.java,243,RelationalOperatorReplacement,if (count < 1) {,if (count >= 1) {,84,
com/fasterxml/jackson/core/io/UTF32Reader.java,241,RelationalOperatorReplacement,while (_length < 4) {,while (_length >= 4) {,85,
com/fasterxml/jackson/core/io/UTF32Reader.java,228,RelationalOperatorReplacement,if (count < 0) { // -1,if (count >= 0) { // -1,86,
com/fasterxml/jackson/core/io/UTF32Reader.java,226,RelationalOperatorReplacement,if (count < 1) {,if (count >= 1) {,87,
com/fasterxml/jackson/core/io/UTF32Reader.java,216,RelationalOperatorReplacement,if (_ptr > 0) {,if (_ptr <= 0) {,88,
com/fasterxml/jackson/core/io/UTF32Reader.java,215,RelationalOperatorReplacement,if (available > 0) {,if (available <= 0) {,89,
com/fasterxml/jackson/core/io/UTF32Reader.java,166,RelationalOperatorReplacement,if (outPtr >= outEnd) { // nope,if (outPtr < outEnd) { // nope,92,
com/fasterxml/jackson/core/io/UTF32Reader.java,158,RelationalOperatorReplacement,if (hi > 0x10) { // last valid is 0x10FFFF,if (hi <= 0x10) { // last valid is 0x10FFFF,93,
com/fasterxml/jackson/core/io/UTF32Reader.java,140,RelationalOperatorReplacement,while ((outPtr < outEnd) && (_ptr <= lastValidInputStart)) {,while ((outPtr < outEnd) && (_ptr > lastValidInputStart)) {,95,
com/fasterxml/jackson/core/io/UTF32Reader.java,140,RelationalOperatorReplacement,while ((outPtr < outEnd) && (_ptr <= lastValidInputStart)) {,while ((outPtr >= outEnd) && (_ptr <= lastValidInputStart)) {,96,
com/fasterxml/jackson/core/io/UTF32Reader.java,125,RelationalOperatorReplacement,if (left < 4) {,if (left >= 4) {,98,
com/fasterxml/jackson/core/io/UTF8Writer.java,390,RelationalOperatorReplacement,if (code <= SURR1_LAST) { // Unmatched first part (closing without second part?),if (code > SURR1_LAST) { // Unmatched first part (closing without second part?),150,
com/fasterxml/jackson/core/io/UTF8Writer.java,389,RelationalOperatorReplacement,if (code >= SURR1_FIRST) {,if (code < SURR1_FIRST) {,151,
com/fasterxml/jackson/core/io/UTF8Writer.java,386,RelationalOperatorReplacement,if (code > 0x10FFFF) { // over max?,if (code <= 0x10FFFF) { // over max?,152,
com/fasterxml/jackson/core/io/UTF8Writer.java,374,RelationalOperatorReplacement,if (secondPart < SURR2_FIRST || secondPart > SURR2_LAST) {,if (secondPart < SURR2_FIRST || secondPart <= SURR2_LAST) {,153,
com/fasterxml/jackson/core/io/UTF8Writer.java,374,RelationalOperatorReplacement,if (secondPart < SURR2_FIRST || secondPart > SURR2_LAST) {,if (secondPart >= SURR2_FIRST || secondPart > SURR2_LAST) {,154,
com/fasterxml/jackson/core/io/UTF8Writer.java,339,RelationalOperatorReplacement,"if (c > 0x10FFFF) { // illegal, as per RFC 4627","if (c <= 0x10FFFF) { // illegal, as per RFC 4627",155,
com/fasterxml/jackson/core/io/UTF8Writer.java,335,RelationalOperatorReplacement,if (off >= len) { // unless we hit the end?,if (off < len) { // unless we hit the end?,156,
com/fasterxml/jackson/core/io/UTF8Writer.java,329,RelationalOperatorReplacement,if (c > SURR1_LAST) { // must be from first range,if (c <= SURR1_LAST) { // must be from first range,157,
com/fasterxml/jackson/core/io/UTF8Writer.java,322,RelationalOperatorReplacement,if (c < SURR1_FIRST || c > SURR2_LAST) {,if (c < SURR1_FIRST || c <= SURR2_LAST) {,158,
com/fasterxml/jackson/core/io/UTF8Writer.java,322,RelationalOperatorReplacement,if (c < SURR1_FIRST || c > SURR2_LAST) {,if (c >= SURR1_FIRST || c > SURR2_LAST) {,159,
com/fasterxml/jackson/core/io/UTF8Writer.java,317,RelationalOperatorReplacement,if (c < 0x800) { // 2-byte,if (c >= 0x800) { // 2-byte,160,
com/fasterxml/jackson/core/io/UTF8Writer.java,309,RelationalOperatorReplacement,if (c >= 0x80) {,if (c < 0x80) {,161,
com/fasterxml/jackson/core/io/UTF8Writer.java,305,RelationalOperatorReplacement,if (off >= maxInCount) { // done with max. ascii seq,if (off < maxInCount) { // done with max. ascii seq,162,
com/fasterxml/jackson/core/io/UTF8Writer.java,299,RelationalOperatorReplacement,if (maxInCount > maxOutCount) {,if (maxInCount <= maxOutCount) {,163,
com/fasterxml/jackson/core/io/UTF8Writer.java,293,RelationalOperatorReplacement,"if (c < 0x80) { // If so, can do a tight inner loop:","if (c >= 0x80) { // If so, can do a tight inner loop:",164,
com/fasterxml/jackson/core/io/UTF8Writer.java,286,RelationalOperatorReplacement,if (outPtr >= outBufLast) {,if (outPtr < outBufLast) {,165,
com/fasterxml/jackson/core/io/UTF8Writer.java,282,RelationalOperatorReplacement,for (; off < len; ) {,for (; off >= len; ) {,166,
com/fasterxml/jackson/core/io/UTF8Writer.java,267,RelationalOperatorReplacement,if (_surrogate > 0) {,if (_surrogate <= 0) {,167,
com/fasterxml/jackson/core/io/UTF8Writer.java,259,RelationalOperatorReplacement,if (len < 2) {,if (len >= 2) {,169,
com/fasterxml/jackson/core/io/UTF8Writer.java,238,RelationalOperatorReplacement,if (c > 0x10FFFF) { // illegal,if (c <= 0x10FFFF) { // illegal,170,
com/fasterxml/jackson/core/io/UTF8Writer.java,233,RelationalOperatorReplacement,} else if (c <= 0xFFFF) { // 3 bytes,} else if (c > 0xFFFF) { // 3 bytes,171,
com/fasterxml/jackson/core/io/UTF8Writer.java,230,RelationalOperatorReplacement,if (c < 0x800) { // 2-byte,if (c >= 0x800) { // 2-byte,172,
com/fasterxml/jackson/core/io/UTF8Writer.java,226,RelationalOperatorReplacement,if (c < 0x80) { // ascii,if (c >= 0x80) { // ascii,173,
com/fasterxml/jackson/core/io/UTF8Writer.java,221,RelationalOperatorReplacement,"if (_outPtr >= _outBufferEnd) { // let's require enough room, first","if (_outPtr < _outBufferEnd) { // let's require enough room, first",174,
com/fasterxml/jackson/core/io/UTF8Writer.java,213,RelationalOperatorReplacement,if (c > SURR1_LAST) {,if (c <= SURR1_LAST) {,175,
com/fasterxml/jackson/core/io/UTF8Writer.java,211,RelationalOperatorReplacement,} else if (c >= SURR1_FIRST && c <= SURR2_LAST) {,} else if (c >= SURR1_FIRST && c > SURR2_LAST) {,176,
com/fasterxml/jackson/core/io/UTF8Writer.java,211,RelationalOperatorReplacement,} else if (c >= SURR1_FIRST && c <= SURR2_LAST) {,} else if (c < SURR1_FIRST && c <= SURR2_LAST) {,177,
com/fasterxml/jackson/core/io/UTF8Writer.java,208,RelationalOperatorReplacement,if (_surrogate > 0) {,if (_surrogate <= 0) {,178,
com/fasterxml/jackson/core/io/UTF8Writer.java,191,RelationalOperatorReplacement,if (c > 0x10FFFF) { // illegal in JSON as well as in XML,if (c <= 0x10FFFF) { // illegal in JSON as well as in XML,179,
com/fasterxml/jackson/core/io/UTF8Writer.java,187,RelationalOperatorReplacement,if (off >= len) { // unless we hit the end?,if (off < len) { // unless we hit the end?,180,
com/fasterxml/jackson/core/io/UTF8Writer.java,181,RelationalOperatorReplacement,if (c > SURR1_LAST) { // must be from first range,if (c <= SURR1_LAST) { // must be from first range,181,
com/fasterxml/jackson/core/io/UTF8Writer.java,174,RelationalOperatorReplacement,if (c < SURR1_FIRST || c > SURR2_LAST) {,if (c < SURR1_FIRST || c <= SURR2_LAST) {,182,
com/fasterxml/jackson/core/io/UTF8Writer.java,174,RelationalOperatorReplacement,if (c < SURR1_FIRST || c > SURR2_LAST) {,if (c >= SURR1_FIRST || c > SURR2_LAST) {,183,
com/fasterxml/jackson/core/io/UTF8Writer.java,169,RelationalOperatorReplacement,if (c < 0x800) { // 2-byte,if (c >= 0x800) { // 2-byte,184,
com/fasterxml/jackson/core/io/UTF8Writer.java,161,RelationalOperatorReplacement,if (c >= 0x80) {,if (c < 0x80) {,185,
com/fasterxml/jackson/core/io/UTF8Writer.java,157,RelationalOperatorReplacement,if (off >= maxInCount) { // done with max. ascii seq,if (off < maxInCount) { // done with max. ascii seq,186,
com/fasterxml/jackson/core/io/UTF8Writer.java,151,RelationalOperatorReplacement,if (maxInCount > maxOutCount) {,if (maxInCount <= maxOutCount) {,187,
com/fasterxml/jackson/core/io/UTF8Writer.java,145,RelationalOperatorReplacement,"if (c < 0x80) { // If so, can do a tight inner loop:","if (c >= 0x80) { // If so, can do a tight inner loop:",188,
com/fasterxml/jackson/core/io/UTF8Writer.java,138,RelationalOperatorReplacement,if (outPtr >= outBufLast) {,if (outPtr < outBufLast) {,189,
com/fasterxml/jackson/core/io/UTF8Writer.java,134,RelationalOperatorReplacement,for (; off < len; ) {,for (; off >= len; ) {,190,
com/fasterxml/jackson/core/io/UTF8Writer.java,119,RelationalOperatorReplacement,if (_surrogate > 0) {,if (_surrogate <= 0) {,191,
com/fasterxml/jackson/core/io/UTF8Writer.java,111,RelationalOperatorReplacement,if (len < 2) {,if (len >= 2) {,193,
com/fasterxml/jackson/core/io/UTF8Writer.java,92,RelationalOperatorReplacement,if (_outPtr > 0) {,if (_outPtr <= 0) {,194,
com/fasterxml/jackson/core/io/UTF8Writer.java,80,RelationalOperatorReplacement,if (code > 0) {,if (code <= 0) {,196,
com/fasterxml/jackson/core/io/UTF8Writer.java,61,RelationalOperatorReplacement,if (_outPtr > 0) {,if (_outPtr <= 0) {,198,
com/fasterxml/jackson/core/io/schubfach/DoubleToDecimal.java,565,RelationalOperatorReplacement,if (e >= 100) {,if (e < 100) {,169,
com/fasterxml/jackson/core/io/schubfach/DoubleToDecimal.java,560,RelationalOperatorReplacement,if (e < 10) {,if (e >= 10) {,170,
com/fasterxml/jackson/core/io/schubfach/DoubleToDecimal.java,556,RelationalOperatorReplacement,if (e < 0) {,if (e >= 0) {,171,
com/fasterxml/jackson/core/io/schubfach/DoubleToDecimal.java,523,RelationalOperatorReplacement,for (int i = 0; i < 8; ++i) {,for (int i = 0; i >= 8; ++i) {,174,
com/fasterxml/jackson/core/io/schubfach/DoubleToDecimal.java,491,RelationalOperatorReplacement,for (; e < 0; ++e) {,for (; e >= 0; ++e) {,176,
com/fasterxml/jackson/core/io/schubfach/DoubleToDecimal.java,478,RelationalOperatorReplacement,for (; i <= 8; ++i) {,for (; i > 8; ++i) {,177,
com/fasterxml/jackson/core/io/schubfach/DoubleToDecimal.java,472,RelationalOperatorReplacement,for (; i < e; ++i) {,for (; i >= e; ++i) {,178,
com/fasterxml/jackson/core/io/schubfach/DoubleToDecimal.java,456,RelationalOperatorReplacement,if (-3 < e && e <= 0) {,if (-3 < e && e > 0) {,179,
com/fasterxml/jackson/core/io/schubfach/DoubleToDecimal.java,456,RelationalOperatorReplacement,if (-3 < e && e <= 0) {,if (-3 >= e && e <= 0) {,180,
com/fasterxml/jackson/core/io/schubfach/DoubleToDecimal.java,453,RelationalOperatorReplacement,if (0 < e && e <= 7) {,if (0 < e && e > 7) {,181,
com/fasterxml/jackson/core/io/schubfach/DoubleToDecimal.java,453,RelationalOperatorReplacement,if (0 < e && e <= 7) {,if (0 >= e && e <= 7) {,182,
com/fasterxml/jackson/core/io/schubfach/DoubleToDecimal.java,421,RelationalOperatorReplacement,if (f >= pow10(len)) {,if (f < pow10(len)) {,183,
com/fasterxml/jackson/core/io/schubfach/DoubleToDecimal.java,394,RelationalOperatorReplacement,"return toChars(cmp < 0 || cmp == 0 && (s & 0x1) == 0 ? s : t, k + dk);","return toChars(cmp >= 0 || cmp == 0 && (s & 0x1) == 0 ? s : t, k + dk);",186,
com/fasterxml/jackson/core/io/schubfach/DoubleToDecimal.java,384,RelationalOperatorReplacement,boolean win = (t << 2) + out <= vbr;,boolean win = (t << 2) + out > vbr;,188,
com/fasterxml/jackson/core/io/schubfach/DoubleToDecimal.java,383,RelationalOperatorReplacement,boolean uin = vbl + out <= s << 2;,boolean uin = vbl + out > s << 2;,189,
com/fasterxml/jackson/core/io/schubfach/DoubleToDecimal.java,370,RelationalOperatorReplacement,boolean wpin = (tp10 << 2) + out <= vbr;,boolean wpin = (tp10 << 2) + out > vbr;,191,
com/fasterxml/jackson/core/io/schubfach/DoubleToDecimal.java,369,RelationalOperatorReplacement,boolean upin = vbl + out <= sp10 << 2;,boolean upin = vbl + out > sp10 << 2;,192,
com/fasterxml/jackson/core/io/schubfach/DoubleToDecimal.java,355,RelationalOperatorReplacement,if (s >= 100) {,if (s < 100) {,193,
com/fasterxml/jackson/core/io/schubfach/DoubleToDecimal.java,304,RelationalOperatorReplacement,return bits > 0 ? PLUS_INF : MINUS_INF;,return bits <= 0 ? PLUS_INF : MINUS_INF;,196,
com/fasterxml/jackson/core/io/schubfach/DoubleToDecimal.java,295,RelationalOperatorReplacement,return t < C_TINY,return t >= C_TINY,199,
com/fasterxml/jackson/core/io/schubfach/DoubleToDecimal.java,285,RelationalOperatorReplacement,if (0 < mq & mq < P) {,if (0 < mq & mq >= P) {,202,
com/fasterxml/jackson/core/io/schubfach/DoubleToDecimal.java,285,RelationalOperatorReplacement,if (0 < mq & mq < P) {,if (0 >= mq & mq < P) {,203,
com/fasterxml/jackson/core/io/schubfach/DoubleToDecimal.java,277,RelationalOperatorReplacement,if (bits < 0) {,if (bits >= 0) {,205,
com/fasterxml/jackson/core/io/schubfach/DoubleToDecimal.java,275,RelationalOperatorReplacement,if (bq < BQ_MASK) {,if (bq >= BQ_MASK) {,206,
com/fasterxml/jackson/core/io/schubfach/FloatToDecimal.java,542,RelationalOperatorReplacement,if (e < 10) {,if (e >= 10) {,159,
com/fasterxml/jackson/core/io/schubfach/FloatToDecimal.java,538,RelationalOperatorReplacement,if (e < 0) {,if (e >= 0) {,160,
com/fasterxml/jackson/core/io/schubfach/FloatToDecimal.java,505,RelationalOperatorReplacement,for (int i = 0; i < 8; ++i) {,for (int i = 0; i >= 8; ++i) {,163,
com/fasterxml/jackson/core/io/schubfach/FloatToDecimal.java,480,RelationalOperatorReplacement,for (; e < 0; ++e) {,for (; e >= 0; ++e) {,164,
com/fasterxml/jackson/core/io/schubfach/FloatToDecimal.java,467,RelationalOperatorReplacement,for (; i <= 8; ++i) {,for (; i > 8; ++i) {,165,
com/fasterxml/jackson/core/io/schubfach/FloatToDecimal.java,461,RelationalOperatorReplacement,for (; i < e; ++i) {,for (; i >= e; ++i) {,166,
com/fasterxml/jackson/core/io/schubfach/FloatToDecimal.java,445,RelationalOperatorReplacement,if (-3 < e && e <= 0) {,if (-3 < e && e > 0) {,167,
com/fasterxml/jackson/core/io/schubfach/FloatToDecimal.java,445,RelationalOperatorReplacement,if (-3 < e && e <= 0) {,if (-3 >= e && e <= 0) {,168,
com/fasterxml/jackson/core/io/schubfach/FloatToDecimal.java,442,RelationalOperatorReplacement,if (0 < e && e <= 7) {,if (0 < e && e > 7) {,169,
com/fasterxml/jackson/core/io/schubfach/FloatToDecimal.java,442,RelationalOperatorReplacement,if (0 < e && e <= 7) {,if (0 >= e && e <= 7) {,170,
com/fasterxml/jackson/core/io/schubfach/FloatToDecimal.java,416,RelationalOperatorReplacement,if (f >= pow10(len)) {,if (f < pow10(len)) {,171,
com/fasterxml/jackson/core/io/schubfach/FloatToDecimal.java,392,RelationalOperatorReplacement,"return toChars(cmp < 0 || cmp == 0 && (s & 0x1) == 0 ? s : t, k + dk);","return toChars(cmp >= 0 || cmp == 0 && (s & 0x1) == 0 ? s : t, k + dk);",174,
com/fasterxml/jackson/core/io/schubfach/FloatToDecimal.java,382,RelationalOperatorReplacement,boolean win = (t << 2) + out <= vbr;,boolean win = (t << 2) + out > vbr;,176,
com/fasterxml/jackson/core/io/schubfach/FloatToDecimal.java,381,RelationalOperatorReplacement,boolean uin = vbl + out <= s << 2;,boolean uin = vbl + out > s << 2;,177,
com/fasterxml/jackson/core/io/schubfach/FloatToDecimal.java,368,RelationalOperatorReplacement,boolean wpin = (tp10 << 2) + out <= vbr;,boolean wpin = (tp10 << 2) + out > vbr;,179,
com/fasterxml/jackson/core/io/schubfach/FloatToDecimal.java,367,RelationalOperatorReplacement,boolean upin = vbl + out <= sp10 << 2;,boolean upin = vbl + out > sp10 << 2;,180,
com/fasterxml/jackson/core/io/schubfach/FloatToDecimal.java,354,RelationalOperatorReplacement,if (s >= 100) {,if (s < 100) {,181,
com/fasterxml/jackson/core/io/schubfach/FloatToDecimal.java,303,RelationalOperatorReplacement,return bits > 0 ? PLUS_INF : MINUS_INF;,return bits <= 0 ? PLUS_INF : MINUS_INF;,184,
com/fasterxml/jackson/core/io/schubfach/FloatToDecimal.java,294,RelationalOperatorReplacement,return t < C_TINY,return t >= C_TINY,187,
com/fasterxml/jackson/core/io/schubfach/FloatToDecimal.java,284,RelationalOperatorReplacement,if (0 < mq & mq < P) {,if (0 < mq & mq >= P) {,190,
com/fasterxml/jackson/core/io/schubfach/FloatToDecimal.java,284,RelationalOperatorReplacement,if (0 < mq & mq < P) {,if (0 >= mq & mq < P) {,191,
com/fasterxml/jackson/core/io/schubfach/FloatToDecimal.java,276,RelationalOperatorReplacement,if (bits < 0) {,if (bits >= 0) {,193,
com/fasterxml/jackson/core/io/schubfach/FloatToDecimal.java,274,RelationalOperatorReplacement,if (bq < BQ_MASK) {,if (bq >= BQ_MASK) {,194,
com/fasterxml/jackson/core/json/ByteSourceJsonBootstrapper.java,549,RelationalOperatorReplacement,if (count < 1) {,if (count >= 1) {,136,
com/fasterxml/jackson/core/json/ByteSourceJsonBootstrapper.java,541,RelationalOperatorReplacement,while (gotten < minimum) {,while (gotten >= minimum) {,138,
com/fasterxml/jackson/core/json/ByteSourceJsonBootstrapper.java,392,RelationalOperatorReplacement,"for (int i = 0, len = matchStr.length(); i < len; ++i) {","for (int i = 0, len = matchStr.length(); i >= len; ++i) {",153,
com/fasterxml/jackson/core/json/ByteSourceJsonBootstrapper.java,374,RelationalOperatorReplacement,return (ch <= '9' && ch >= '0') ? strength : MatchStrength.NO_MATCH;,return (ch <= '9' && ch < '0') ? strength : MatchStrength.NO_MATCH;,157,
com/fasterxml/jackson/core/json/ByteSourceJsonBootstrapper.java,374,RelationalOperatorReplacement,return (ch <= '9' && ch >= '0') ? strength : MatchStrength.NO_MATCH;,return (ch > '9' && ch >= '0') ? strength : MatchStrength.NO_MATCH;,158,
com/fasterxml/jackson/core/json/ByteSourceJsonBootstrapper.java,371,RelationalOperatorReplacement,if (ch < 0) {,if (ch >= 0) {,159,
com/fasterxml/jackson/core/json/ByteSourceJsonBootstrapper.java,366,RelationalOperatorReplacement,if (ch <= '9' && ch >= '0') { // number,if (ch <= '9' && ch < '0') { // number,161,
com/fasterxml/jackson/core/json/ByteSourceJsonBootstrapper.java,366,RelationalOperatorReplacement,if (ch <= '9' && ch >= '0') { // number,if (ch > '9' && ch >= '0') { // number,162,
com/fasterxml/jackson/core/json/ByteSourceJsonBootstrapper.java,350,RelationalOperatorReplacement,if (ch < 0) {,if (ch >= 0) {,166,
com/fasterxml/jackson/core/json/ByteSourceJsonBootstrapper.java,337,RelationalOperatorReplacement,if (ch < 0) {,if (ch >= 0) {,170,
com/fasterxml/jackson/core/json/ByteSourceJsonBootstrapper.java,330,RelationalOperatorReplacement,if (ch < 0) {,if (ch >= 0) {,172,
com/fasterxml/jackson/core/json/ByteSourceJsonBootstrapper.java,248,RelationalOperatorReplacement,if (_inputPtr < _inputEnd) {,if (_inputPtr >= _inputEnd) {,177,
com/fasterxml/jackson/core/json/ByteSourceJsonBootstrapper.java,239,RelationalOperatorReplacement,if (length <= STRING_READER_BYTE_ARRAY_LENGTH_LIMIT) {,if (length > STRING_READER_BYTE_ARRAY_LENGTH_LIMIT) {,178,
com/fasterxml/jackson/core/json/JsonGeneratorImpl.java,196,RelationalOperatorReplacement,_maximumNonEscapedChar = (charCode < 0) ? 0 : charCode;,_maximumNonEscapedChar = (charCode >= 0) ? 0 : charCode;,34,
com/fasterxml/jackson/core/json/JsonReadContext.java,239,RelationalOperatorReplacement,return (_type != TYPE_ROOT && ix > 0);,return (_type != TYPE_ROOT && ix <= 0);,68,
com/fasterxml/jackson/core/json/JsonWriteContext.java,282,RelationalOperatorReplacement,return (ix < 0) ? STATUS_OK_AS_IS : STATUS_OK_AFTER_COMMA;,return (ix >= 0) ? STATUS_OK_AS_IS : STATUS_OK_AFTER_COMMA;,83,
com/fasterxml/jackson/core/json/JsonWriteContext.java,256,RelationalOperatorReplacement,return (_index < 0) ? STATUS_OK_AS_IS : STATUS_OK_AFTER_COMMA;,return (_index >= 0) ? STATUS_OK_AS_IS : STATUS_OK_AFTER_COMMA;,86,
com/fasterxml/jackson/core/json/ReaderBasedJsonParser.java,600,RelationalOperatorReplacement,if (_inputPtr >= _inputEnd) {,if (_inputPtr < _inputEnd) {,1000,
com/fasterxml/jackson/core/json/ReaderBasedJsonParser.java,582,RelationalOperatorReplacement,if (_inputPtr >= _inputEnd) {,if (_inputPtr < _inputEnd) {,1002,
com/fasterxml/jackson/core/json/ReaderBasedJsonParser.java,566,RelationalOperatorReplacement,if (bits < 0) {,if (bits >= 0) {,1006,
com/fasterxml/jackson/core/json/ReaderBasedJsonParser.java,559,RelationalOperatorReplacement,if (_inputPtr >= _inputEnd) {,if (_inputPtr < _inputEnd) {,1007,
com/fasterxml/jackson/core/json/ReaderBasedJsonParser.java,553,RelationalOperatorReplacement,if (bits < 0) {,if (bits >= 0) {,1008,
com/fasterxml/jackson/core/json/ReaderBasedJsonParser.java,548,RelationalOperatorReplacement,if (_inputPtr >= _inputEnd) {,if (_inputPtr < _inputEnd) {,1009,
com/fasterxml/jackson/core/json/ReaderBasedJsonParser.java,538,RelationalOperatorReplacement,if (outputPtr > outputEnd) {,if (outputPtr <= outputEnd) {,1010,
com/fasterxml/jackson/core/json/ReaderBasedJsonParser.java,532,RelationalOperatorReplacement,if (bits < 0) { // white space to skip,if (bits >= 0) { // white space to skip,1011,
com/fasterxml/jackson/core/json/ReaderBasedJsonParser.java,527,RelationalOperatorReplacement,"if (bits < 0) { // reached the end, fair and square?","if (bits >= 0) { // reached the end, fair and square?",1013,
com/fasterxml/jackson/core/json/ReaderBasedJsonParser.java,525,RelationalOperatorReplacement,} while (ch <= INT_SPACE);,} while (ch > INT_SPACE);,1014,
com/fasterxml/jackson/core/json/ReaderBasedJsonParser.java,521,RelationalOperatorReplacement,if (_inputPtr >= _inputEnd) {,if (_inputPtr < _inputEnd) {,1015,
com/fasterxml/jackson/core/json/ReaderBasedJsonParser.java,393,RelationalOperatorReplacement,} else if (_nameCopyBuffer.length < nameLen) {,} else if (_nameCopyBuffer.length >= nameLen) {,1023,
com/fasterxml/jackson/core/json/ReaderBasedJsonParser.java,251,RelationalOperatorReplacement,if (count > 0) {,if (count <= 0) {,1036,
com/fasterxml/jackson/core/json/ReaderBasedJsonParser.java,184,RelationalOperatorReplacement,if (_inputPtr >= _inputEnd) {,if (_inputPtr < _inputEnd) {,1040,
com/fasterxml/jackson/core/json/ReaderBasedJsonParser.java,168,RelationalOperatorReplacement,if (count < 1) { return 0; },if (count >= 1) { return 0; },1041,
com/fasterxml/jackson/core/json/ReaderBasedJsonParser.java,3012,RelationalOperatorReplacement,if (sb.length() >= _ioContext.errorReportConfiguration().getMaxErrorTokenLength()) {,if (sb.length() < _ioContext.errorReportConfiguration().getMaxErrorTokenLength()) {,634,
com/fasterxml/jackson/core/json/ReaderBasedJsonParser.java,3005,RelationalOperatorReplacement,while ((_inputPtr < _inputEnd) || _loadMore()) {,while ((_inputPtr >= _inputEnd) || _loadMore()) {,635,
com/fasterxml/jackson/core/json/ReaderBasedJsonParser.java,2903,RelationalOperatorReplacement,if (bits < 0) {,if (bits >= 0) {,640,
com/fasterxml/jackson/core/json/ReaderBasedJsonParser.java,2898,RelationalOperatorReplacement,if (_inputPtr >= _inputEnd) {,if (_inputPtr < _inputEnd) {,641,
com/fasterxml/jackson/core/json/ReaderBasedJsonParser.java,2879,RelationalOperatorReplacement,if (_inputPtr >= _inputEnd) {,if (_inputPtr < _inputEnd) {,643,
com/fasterxml/jackson/core/json/ReaderBasedJsonParser.java,2863,RelationalOperatorReplacement,if (bits < 0) {,if (bits >= 0) {,647,
com/fasterxml/jackson/core/json/ReaderBasedJsonParser.java,2856,RelationalOperatorReplacement,if (_inputPtr >= _inputEnd) {,if (_inputPtr < _inputEnd) {,648,
com/fasterxml/jackson/core/json/ReaderBasedJsonParser.java,2850,RelationalOperatorReplacement,if (bits < 0) {,if (bits >= 0) {,649,
com/fasterxml/jackson/core/json/ReaderBasedJsonParser.java,2845,RelationalOperatorReplacement,if (_inputPtr >= _inputEnd) {,if (_inputPtr < _inputEnd) {,650,
com/fasterxml/jackson/core/json/ReaderBasedJsonParser.java,2837,RelationalOperatorReplacement,if (bits < 0) { // white space to skip,if (bits >= 0) { // white space to skip,651,
com/fasterxml/jackson/core/json/ReaderBasedJsonParser.java,2832,RelationalOperatorReplacement,if (bits < 0) {,if (bits >= 0) {,653,
com/fasterxml/jackson/core/json/ReaderBasedJsonParser.java,2830,RelationalOperatorReplacement,} while (ch <= INT_SPACE);,} while (ch > INT_SPACE);,654,
com/fasterxml/jackson/core/json/ReaderBasedJsonParser.java,2826,RelationalOperatorReplacement,if (_inputPtr >= _inputEnd) {,if (_inputPtr < _inputEnd) {,655,
com/fasterxml/jackson/core/json/ReaderBasedJsonParser.java,2786,RelationalOperatorReplacement,if (ch >= '0' && ch != ']' && ch != '}') { // expected/allowed chars,if (ch < '0' && ch != ']' && ch != '}') { // expected/allowed chars,658,
com/fasterxml/jackson/core/json/ReaderBasedJsonParser.java,2782,RelationalOperatorReplacement,if (_inputPtr >= _inputEnd && !_loadMore()) {,if (_inputPtr < _inputEnd && !_loadMore()) {,659,
com/fasterxml/jackson/core/json/ReaderBasedJsonParser.java,2779,RelationalOperatorReplacement,} while (++i < len);,} while (++i >= len);,660,
com/fasterxml/jackson/core/json/ReaderBasedJsonParser.java,2774,RelationalOperatorReplacement,if (((_inputPtr >= _inputEnd) && !_loadMore()),if (((_inputPtr < _inputEnd) && !_loadMore()),662,
com/fasterxml/jackson/core/json/ReaderBasedJsonParser.java,2765,RelationalOperatorReplacement,if (ch >= '0' && ch != ']' && ch != '}') { // expected/allowed chars,if (ch < '0' && ch != ']' && ch != '}') { // expected/allowed chars,665,
com/fasterxml/jackson/core/json/ReaderBasedJsonParser.java,2763,RelationalOperatorReplacement,} while (++i < len);,} while (++i >= len);,666,
com/fasterxml/jackson/core/json/ReaderBasedJsonParser.java,2753,RelationalOperatorReplacement,if ((_inputPtr + len) >= _inputEnd) {,if ((_inputPtr + len) < _inputEnd) {,668,
com/fasterxml/jackson/core/json/ReaderBasedJsonParser.java,2739,RelationalOperatorReplacement,if (c < '0' || c == ']' || c == '}') { // expected/allowed chars,if (c >= '0' || c == ']' || c == '}') { // expected/allowed chars,671,
com/fasterxml/jackson/core/json/ReaderBasedJsonParser.java,2735,RelationalOperatorReplacement,if ((ptr + 3) < _inputEnd) {,if ((ptr + 3) >= _inputEnd) {,675,
com/fasterxml/jackson/core/json/ReaderBasedJsonParser.java,2723,RelationalOperatorReplacement,if (c < '0' || c == ']' || c == '}') { // expected/allowed chars,if (c >= '0' || c == ']' || c == '}') { // expected/allowed chars,678,
com/fasterxml/jackson/core/json/ReaderBasedJsonParser.java,2719,RelationalOperatorReplacement,if ((ptr + 4) < _inputEnd) {,if ((ptr + 4) >= _inputEnd) {,683,
com/fasterxml/jackson/core/json/ReaderBasedJsonParser.java,2707,RelationalOperatorReplacement,if (c < '0' || c == ']' || c == '}') { // expected/allowed chars,if (c >= '0' || c == ']' || c == '}') { // expected/allowed chars,686,
com/fasterxml/jackson/core/json/ReaderBasedJsonParser.java,2703,RelationalOperatorReplacement,if ((ptr + 3) < _inputEnd) {,if ((ptr + 3) >= _inputEnd) {,690,
com/fasterxml/jackson/core/json/ReaderBasedJsonParser.java,2693,RelationalOperatorReplacement,if (digit < 0) {,if (digit >= 0) {,691,
com/fasterxml/jackson/core/json/ReaderBasedJsonParser.java,2686,RelationalOperatorReplacement,if (_inputPtr >= _inputEnd) {,if (_inputPtr < _inputEnd) {,692,
com/fasterxml/jackson/core/json/ReaderBasedJsonParser.java,2685,RelationalOperatorReplacement,for (int i = 0; i < 4; ++i) {,for (int i = 0; i >= 4; ++i) {,693,
com/fasterxml/jackson/core/json/ReaderBasedJsonParser.java,2650,RelationalOperatorReplacement,if (_inputPtr >= _inputEnd) {,if (_inputPtr < _inputEnd) {,694,
com/fasterxml/jackson/core/json/ReaderBasedJsonParser.java,2632,RelationalOperatorReplacement,if (i < INT_SPACE) {,if (i >= INT_SPACE) {,698,
com/fasterxml/jackson/core/json/ReaderBasedJsonParser.java,2630,RelationalOperatorReplacement,while ((_inputPtr < _inputEnd) || _loadMore()) {,while ((_inputPtr >= _inputEnd) || _loadMore()) {,699,
com/fasterxml/jackson/core/json/ReaderBasedJsonParser.java,2603,RelationalOperatorReplacement,if (i < INT_SPACE) {,if (i >= INT_SPACE) {,704,
com/fasterxml/jackson/core/json/ReaderBasedJsonParser.java,2594,RelationalOperatorReplacement,if ((_inputPtr >= _inputEnd) && !_loadMore()) {,if ((_inputPtr < _inputEnd) && !_loadMore()) {,706,
com/fasterxml/jackson/core/json/ReaderBasedJsonParser.java,2592,RelationalOperatorReplacement,if (i <= '*') {,if (i > '*') {,708,
com/fasterxml/jackson/core/json/ReaderBasedJsonParser.java,2590,RelationalOperatorReplacement,while ((_inputPtr < _inputEnd) || _loadMore()) {,while ((_inputPtr >= _inputEnd) || _loadMore()) {,709,
com/fasterxml/jackson/core/json/ReaderBasedJsonParser.java,2574,RelationalOperatorReplacement,if (_inputPtr >= _inputEnd && !_loadMore()) {,if (_inputPtr < _inputEnd && !_loadMore()) {,712,
com/fasterxml/jackson/core/json/ReaderBasedJsonParser.java,2544,RelationalOperatorReplacement,if (i > INT_SPACE) {,if (i <= INT_SPACE) {,720,
com/fasterxml/jackson/core/json/ReaderBasedJsonParser.java,2538,RelationalOperatorReplacement,if (_inputPtr >= _inputEnd) {,if (_inputPtr < _inputEnd) {,721,
com/fasterxml/jackson/core/json/ReaderBasedJsonParser.java,2514,RelationalOperatorReplacement,if (i > INT_SPACE) {,if (i <= INT_SPACE) {,728,
com/fasterxml/jackson/core/json/ReaderBasedJsonParser.java,2512,RelationalOperatorReplacement,while (_inputPtr < _inputEnd) {,while (_inputPtr >= _inputEnd) {,729,
com/fasterxml/jackson/core/json/ReaderBasedJsonParser.java,2494,RelationalOperatorReplacement,if (i > INT_SPACE) {,if (i <= INT_SPACE) {,736,
com/fasterxml/jackson/core/json/ReaderBasedJsonParser.java,2488,RelationalOperatorReplacement,if (_inputPtr >= _inputEnd) {,if (_inputPtr < _inputEnd) {,737,
com/fasterxml/jackson/core/json/ReaderBasedJsonParser.java,2470,RelationalOperatorReplacement,if (i < INT_SPACE) {,if (i >= INT_SPACE) {,741,
com/fasterxml/jackson/core/json/ReaderBasedJsonParser.java,2458,RelationalOperatorReplacement,if (i > INT_SPACE) {,if (i <= INT_SPACE) {,744,
com/fasterxml/jackson/core/json/ReaderBasedJsonParser.java,2456,RelationalOperatorReplacement,while (_inputPtr < _inputEnd || _loadMore()) {,while (_inputPtr >= _inputEnd || _loadMore()) {,745,
com/fasterxml/jackson/core/json/ReaderBasedJsonParser.java,2440,RelationalOperatorReplacement,if (i < INT_SPACE) {,if (i >= INT_SPACE) {,749,
com/fasterxml/jackson/core/json/ReaderBasedJsonParser.java,2433,RelationalOperatorReplacement,if (i > INT_SPACE) {,if (i <= INT_SPACE) {,752,
com/fasterxml/jackson/core/json/ReaderBasedJsonParser.java,2431,RelationalOperatorReplacement,while (_inputPtr < _inputEnd) {,while (_inputPtr >= _inputEnd) {,753,
com/fasterxml/jackson/core/json/ReaderBasedJsonParser.java,2413,RelationalOperatorReplacement,if (i > INT_SPACE) {,if (i <= INT_SPACE) {,757,
com/fasterxml/jackson/core/json/ReaderBasedJsonParser.java,2406,RelationalOperatorReplacement,if (i > INT_SPACE) {,if (i <= INT_SPACE) {,762,
com/fasterxml/jackson/core/json/ReaderBasedJsonParser.java,2390,RelationalOperatorReplacement,if (i > INT_SPACE) {,if (i <= INT_SPACE) {,768,
com/fasterxml/jackson/core/json/ReaderBasedJsonParser.java,2383,RelationalOperatorReplacement,if (i > INT_SPACE) { // nor trailing,if (i <= INT_SPACE) { // nor trailing,773,
com/fasterxml/jackson/core/json/ReaderBasedJsonParser.java,2361,RelationalOperatorReplacement,if (i < INT_SPACE) {,if (i >= INT_SPACE) {,778,
com/fasterxml/jackson/core/json/ReaderBasedJsonParser.java,2342,RelationalOperatorReplacement,if (i > INT_SPACE) {,if (i <= INT_SPACE) {,782,
com/fasterxml/jackson/core/json/ReaderBasedJsonParser.java,2340,RelationalOperatorReplacement,while (_inputPtr < _inputEnd || _loadMore()) {,while (_inputPtr >= _inputEnd || _loadMore()) {,783,
com/fasterxml/jackson/core/json/ReaderBasedJsonParser.java,2325,RelationalOperatorReplacement,if (i > INT_SPACE) {,if (i <= INT_SPACE) {,786,
com/fasterxml/jackson/core/json/ReaderBasedJsonParser.java,2316,RelationalOperatorReplacement,if (i > INT_SPACE) {,if (i <= INT_SPACE) {,791,
com/fasterxml/jackson/core/json/ReaderBasedJsonParser.java,2301,RelationalOperatorReplacement,if (i > INT_SPACE) {,if (i <= INT_SPACE) {,797,
com/fasterxml/jackson/core/json/ReaderBasedJsonParser.java,2292,RelationalOperatorReplacement,if (i > INT_SPACE) { // nor trailing,if (i <= INT_SPACE) { // nor trailing,802,
com/fasterxml/jackson/core/json/ReaderBasedJsonParser.java,2286,RelationalOperatorReplacement,if ((_inputPtr + 4) >= _inputEnd) {,if ((_inputPtr + 4) < _inputEnd) {,804,
com/fasterxml/jackson/core/json/ReaderBasedJsonParser.java,2275,RelationalOperatorReplacement,if (_inputPtr < _inputEnd || _loadMore()) {,if (_inputPtr >= _inputEnd || _loadMore()) {,806,
com/fasterxml/jackson/core/json/ReaderBasedJsonParser.java,2257,RelationalOperatorReplacement,if (i < INT_SPACE) {,if (i >= INT_SPACE) {,807,
com/fasterxml/jackson/core/json/ReaderBasedJsonParser.java,2252,RelationalOperatorReplacement,} else if (i <= INT_QUOTE) {,} else if (i > INT_QUOTE) {,809,
com/fasterxml/jackson/core/json/ReaderBasedJsonParser.java,2244,RelationalOperatorReplacement,if (i <= INT_BACKSLASH) {,if (i > INT_BACKSLASH) {,811,
com/fasterxml/jackson/core/json/ReaderBasedJsonParser.java,2233,RelationalOperatorReplacement,if (inPtr >= inLen) {,if (inPtr < inLen) {,812,
com/fasterxml/jackson/core/json/ReaderBasedJsonParser.java,2206,RelationalOperatorReplacement,if (outPtr >= outBuf.length) {,if (outPtr < outBuf.length) {,813,
com/fasterxml/jackson/core/json/ReaderBasedJsonParser.java,2201,RelationalOperatorReplacement,} else if (i < INT_SPACE) {,} else if (i >= INT_SPACE) {,814,
com/fasterxml/jackson/core/json/ReaderBasedJsonParser.java,2192,RelationalOperatorReplacement,if (i < maxCode && codes[i] != 0) {,if (i >= maxCode && codes[i] != 0) {,818,
com/fasterxml/jackson/core/json/ReaderBasedJsonParser.java,2184,RelationalOperatorReplacement,if (_inputPtr >= _inputEnd) {,if (_inputPtr < _inputEnd) {,819,
com/fasterxml/jackson/core/json/ReaderBasedJsonParser.java,2167,RelationalOperatorReplacement,} while (ptr < inputLen);,} while (ptr >= inputLen);,820,
com/fasterxml/jackson/core/json/ReaderBasedJsonParser.java,2157,RelationalOperatorReplacement,if (ch < maxCode && codes[ch] != 0) {,if (ch >= maxCode && codes[ch] != 0) {,823,
com/fasterxml/jackson/core/json/ReaderBasedJsonParser.java,2151,RelationalOperatorReplacement,if (ptr < inputLen) {,if (ptr >= inputLen) {,824,
com/fasterxml/jackson/core/json/ReaderBasedJsonParser.java,2127,RelationalOperatorReplacement,if (outPtr >= outBuf.length) {,if (outPtr < outBuf.length) {,825,
com/fasterxml/jackson/core/json/ReaderBasedJsonParser.java,2114,RelationalOperatorReplacement,if (i < maxCode) {,if (i >= maxCode) {,827,
com/fasterxml/jackson/core/json/ReaderBasedJsonParser.java,2107,RelationalOperatorReplacement,if (_inputPtr >= _inputEnd) {,if (_inputPtr < _inputEnd) {,828,
com/fasterxml/jackson/core/json/ReaderBasedJsonParser.java,2088,RelationalOperatorReplacement,if (outPtr >= outBuf.length) {,if (outPtr < outBuf.length) {,829,
com/fasterxml/jackson/core/json/ReaderBasedJsonParser.java,2082,RelationalOperatorReplacement,if (i < INT_SPACE) {,if (i >= INT_SPACE) {,830,
com/fasterxml/jackson/core/json/ReaderBasedJsonParser.java,2078,RelationalOperatorReplacement,} else if (i <= '\'') {,} else if (i > '\'') {,832,
com/fasterxml/jackson/core/json/ReaderBasedJsonParser.java,2072,RelationalOperatorReplacement,if (i <= '\\') {,if (i > '\\') {,834,
com/fasterxml/jackson/core/json/ReaderBasedJsonParser.java,2064,RelationalOperatorReplacement,if (_inputPtr >= _inputEnd) {,if (_inputPtr < _inputEnd) {,835,
com/fasterxml/jackson/core/json/ReaderBasedJsonParser.java,2042,RelationalOperatorReplacement,if (_inputPtr >= _inputEnd) {,if (_inputPtr < _inputEnd) {,836,
com/fasterxml/jackson/core/json/ReaderBasedJsonParser.java,1975,RelationalOperatorReplacement,} while (ptr < inputLen);,} while (ptr >= inputLen);,841,
com/fasterxml/jackson/core/json/ReaderBasedJsonParser.java,1970,RelationalOperatorReplacement,if (ch < maxCode && codes[ch] != 0) {,if (ch >= maxCode && codes[ch] != 0) {,843,
com/fasterxml/jackson/core/json/ReaderBasedJsonParser.java,1959,RelationalOperatorReplacement,if (ptr < inputLen) {,if (ptr >= inputLen) {,845,
com/fasterxml/jackson/core/json/ReaderBasedJsonParser.java,1945,RelationalOperatorReplacement,} while (ptr < inputLen);,} while (ptr >= inputLen);,846,
com/fasterxml/jackson/core/json/ReaderBasedJsonParser.java,1932,RelationalOperatorReplacement,if (ch < maxCode) {,if (ch >= maxCode) {,848,
com/fasterxml/jackson/core/json/ReaderBasedJsonParser.java,1929,RelationalOperatorReplacement,if (ptr < inputLen) {,if (ptr >= inputLen) {,849,
com/fasterxml/jackson/core/json/ReaderBasedJsonParser.java,1917,RelationalOperatorReplacement,"if (i < maxCode) { // identifier, or a number ([Issue#102])","if (i >= maxCode) { // identifier, or a number ([Issue#102])",851,
com/fasterxml/jackson/core/json/ReaderBasedJsonParser.java,1874,RelationalOperatorReplacement,if (outPtr >= outBuf.length) {,if (outPtr < outBuf.length) {,855,
com/fasterxml/jackson/core/json/ReaderBasedJsonParser.java,1864,RelationalOperatorReplacement,if (i < INT_SPACE) {,if (i >= INT_SPACE) {,856,
com/fasterxml/jackson/core/json/ReaderBasedJsonParser.java,1860,RelationalOperatorReplacement,} else if (i <= endChar) {,} else if (i > endChar) {,858,
com/fasterxml/jackson/core/json/ReaderBasedJsonParser.java,1853,RelationalOperatorReplacement,if (i <= INT_BACKSLASH) {,if (i > INT_BACKSLASH) {,860,
com/fasterxml/jackson/core/json/ReaderBasedJsonParser.java,1846,RelationalOperatorReplacement,if (_inputPtr >= _inputEnd) {,if (_inputPtr < _inputEnd) {,861,
com/fasterxml/jackson/core/json/ReaderBasedJsonParser.java,1819,RelationalOperatorReplacement,if (ch < codes.length && codes[ch] != 0) {,if (ch >= codes.length && codes[ch] != 0) {,864,
com/fasterxml/jackson/core/json/ReaderBasedJsonParser.java,1817,RelationalOperatorReplacement,while (ptr < _inputEnd) {,while (ptr >= _inputEnd) {,865,
com/fasterxml/jackson/core/json/ReaderBasedJsonParser.java,1734,RelationalOperatorReplacement,if (_inputPtr >= _inputEnd) {,if (_inputPtr < _inputEnd) {,870,
com/fasterxml/jackson/core/json/ReaderBasedJsonParser.java,1712,RelationalOperatorReplacement,if (ch < '0' || ch > '9') { // followed by non-number; retain one zero,if (ch < '0' || ch <= '9') { // followed by non-number; retain one zero,873,
com/fasterxml/jackson/core/json/ReaderBasedJsonParser.java,1712,RelationalOperatorReplacement,if (ch < '0' || ch > '9') { // followed by non-number; retain one zero,if (ch >= '0' || ch > '9') { // followed by non-number; retain one zero,874,
com/fasterxml/jackson/core/json/ReaderBasedJsonParser.java,1710,RelationalOperatorReplacement,while (_inputPtr < _inputEnd || _loadMore()) {,while (_inputPtr >= _inputEnd || _loadMore()) {,875,
com/fasterxml/jackson/core/json/ReaderBasedJsonParser.java,1701,RelationalOperatorReplacement,if (ch < '0' || ch > '9') {,if (ch < '0' || ch <= '9') {,878,
com/fasterxml/jackson/core/json/ReaderBasedJsonParser.java,1701,RelationalOperatorReplacement,if (ch < '0' || ch > '9') {,if (ch >= '0' || ch > '9') {,879,
com/fasterxml/jackson/core/json/ReaderBasedJsonParser.java,1697,RelationalOperatorReplacement,if (_inputPtr >= _inputEnd && !_loadMore()) {,if (_inputPtr < _inputEnd && !_loadMore()) {,880,
com/fasterxml/jackson/core/json/ReaderBasedJsonParser.java,1687,RelationalOperatorReplacement,if (ch < '0' || ch > '9') {,if (ch < '0' || ch <= '9') {,881,
com/fasterxml/jackson/core/json/ReaderBasedJsonParser.java,1687,RelationalOperatorReplacement,if (ch < '0' || ch > '9') {,if (ch >= '0' || ch > '9') {,882,
com/fasterxml/jackson/core/json/ReaderBasedJsonParser.java,1684,RelationalOperatorReplacement,if (_inputPtr < _inputEnd) {,if (_inputPtr >= _inputEnd) {,883,
com/fasterxml/jackson/core/json/ReaderBasedJsonParser.java,1673,RelationalOperatorReplacement,if (fractLen < 0 && expLen < 0) { // integer,if (fractLen < 0 && expLen >= 0) { // integer,884,
com/fasterxml/jackson/core/json/ReaderBasedJsonParser.java,1673,RelationalOperatorReplacement,if (fractLen < 0 && expLen < 0) { // integer,if (fractLen >= 0 && expLen < 0) { // integer,885,
com/fasterxml/jackson/core/json/ReaderBasedJsonParser.java,1649,RelationalOperatorReplacement,if (_inputPtr >= _inputEnd && !_loadMore()) {,if (_inputPtr < _inputEnd && !_loadMore()) {,887,
com/fasterxml/jackson/core/json/ReaderBasedJsonParser.java,1644,RelationalOperatorReplacement,if (outPtr >= outBuf.length) {,if (outPtr < outBuf.length) {,888,
com/fasterxml/jackson/core/json/ReaderBasedJsonParser.java,1642,RelationalOperatorReplacement,while (c <= INT_9 && c >= INT_0) {,while (c <= INT_9 && c < INT_0) {,889,
com/fasterxml/jackson/core/json/ReaderBasedJsonParser.java,1642,RelationalOperatorReplacement,while (c <= INT_9 && c >= INT_0) {,while (c > INT_9 && c >= INT_0) {,890,
com/fasterxml/jackson/core/json/ReaderBasedJsonParser.java,1637,RelationalOperatorReplacement,c = (_inputPtr < _inputEnd) ? _inputBuffer[_inputPtr++],c = (_inputPtr >= _inputEnd) ? _inputBuffer[_inputPtr++],891,
com/fasterxml/jackson/core/json/ReaderBasedJsonParser.java,1631,RelationalOperatorReplacement,if (outPtr >= outBuf.length) {,if (outPtr < outBuf.length) {,892,
com/fasterxml/jackson/core/json/ReaderBasedJsonParser.java,1627,RelationalOperatorReplacement,c = (_inputPtr < _inputEnd) ? _inputBuffer[_inputPtr++],c = (_inputPtr >= _inputEnd) ? _inputBuffer[_inputPtr++],895,
com/fasterxml/jackson/core/json/ReaderBasedJsonParser.java,1621,RelationalOperatorReplacement,if (outPtr >= outBuf.length) {,if (outPtr < outBuf.length) {,896,
com/fasterxml/jackson/core/json/ReaderBasedJsonParser.java,1604,RelationalOperatorReplacement,if (outPtr >= outBuf.length) {,if (outPtr < outBuf.length) {,899,
com/fasterxml/jackson/core/json/ReaderBasedJsonParser.java,1600,RelationalOperatorReplacement,if (c < INT_0 || c > INT_9) {,if (c < INT_0 || c <= INT_9) {,900,
com/fasterxml/jackson/core/json/ReaderBasedJsonParser.java,1600,RelationalOperatorReplacement,if (c < INT_0 || c > INT_9) {,if (c >= INT_0 || c > INT_9) {,901,
com/fasterxml/jackson/core/json/ReaderBasedJsonParser.java,1595,RelationalOperatorReplacement,if (_inputPtr >= _inputEnd && !_loadMore()) {,if (_inputPtr < _inputEnd && !_loadMore()) {,902,
com/fasterxml/jackson/core/json/ReaderBasedJsonParser.java,1587,RelationalOperatorReplacement,if (outPtr >= outBuf.length) {,if (outPtr < outBuf.length) {,903,
com/fasterxml/jackson/core/json/ReaderBasedJsonParser.java,1567,RelationalOperatorReplacement,if (_inputPtr >= _inputEnd && !_loadMore()) {,if (_inputPtr < _inputEnd && !_loadMore()) {,907,
com/fasterxml/jackson/core/json/ReaderBasedJsonParser.java,1562,RelationalOperatorReplacement,if (outPtr >= outBuf.length) {,if (outPtr < outBuf.length) {,908,
com/fasterxml/jackson/core/json/ReaderBasedJsonParser.java,1560,RelationalOperatorReplacement,while (c >= '0' && c <= '9') {,while (c >= '0' && c > '9') {,909,
com/fasterxml/jackson/core/json/ReaderBasedJsonParser.java,1560,RelationalOperatorReplacement,while (c >= '0' && c <= '9') {,while (c < '0' && c <= '9') {,910,
com/fasterxml/jackson/core/json/ReaderBasedJsonParser.java,1551,RelationalOperatorReplacement,char c = (_inputPtr < _inputEnd) ? _inputBuffer[_inputPtr++],char c = (_inputPtr >= _inputEnd) ? _inputBuffer[_inputPtr++],912,
com/fasterxml/jackson/core/json/ReaderBasedJsonParser.java,1502,RelationalOperatorReplacement,if (ch < INT_0 || ch > INT_9) {,if (ch < INT_0 || ch <= INT_9) {,915,
com/fasterxml/jackson/core/json/ReaderBasedJsonParser.java,1502,RelationalOperatorReplacement,if (ch < INT_0 || ch > INT_9) {,if (ch >= INT_0 || ch > INT_9) {,916,
com/fasterxml/jackson/core/json/ReaderBasedJsonParser.java,1498,RelationalOperatorReplacement,if (ptr >= inputEnd) {,if (ptr < inputEnd) {,917,
com/fasterxml/jackson/core/json/ReaderBasedJsonParser.java,1482,RelationalOperatorReplacement,if (ch > INT_9 || ch < INT_0) {,if (ch > INT_9 || ch >= INT_0) {,920,
com/fasterxml/jackson/core/json/ReaderBasedJsonParser.java,1482,RelationalOperatorReplacement,if (ch > INT_9 || ch < INT_0) {,if (ch <= INT_9 || ch < INT_0) {,921,
com/fasterxml/jackson/core/json/ReaderBasedJsonParser.java,1477,RelationalOperatorReplacement,if (ptr >= inputEnd) {,if (ptr < inputEnd) {,922,
com/fasterxml/jackson/core/json/ReaderBasedJsonParser.java,1446,RelationalOperatorReplacement,if (ptr >= inputLen) {,if (ptr < inputLen) {,924,
com/fasterxml/jackson/core/json/ReaderBasedJsonParser.java,1444,RelationalOperatorReplacement,while (ch <= INT_9 && ch >= INT_0) {,while (ch <= INT_9 && ch < INT_0) {,925,
com/fasterxml/jackson/core/json/ReaderBasedJsonParser.java,1444,RelationalOperatorReplacement,while (ch <= INT_9 && ch >= INT_0) {,while (ch > INT_9 && ch >= INT_0) {,926,
com/fasterxml/jackson/core/json/ReaderBasedJsonParser.java,1438,RelationalOperatorReplacement,if (ptr >= inputLen) {,if (ptr < inputLen) {,927,
com/fasterxml/jackson/core/json/ReaderBasedJsonParser.java,1431,RelationalOperatorReplacement,if (ptr >= inputLen) {,if (ptr < inputLen) {,930,
com/fasterxml/jackson/core/json/ReaderBasedJsonParser.java,1417,RelationalOperatorReplacement,if (ch < INT_0 || ch > INT_9) {,if (ch < INT_0 || ch <= INT_9) {,933,
com/fasterxml/jackson/core/json/ReaderBasedJsonParser.java,1417,RelationalOperatorReplacement,if (ch < INT_0 || ch > INT_9) {,if (ch >= INT_0 || ch > INT_9) {,934,
com/fasterxml/jackson/core/json/ReaderBasedJsonParser.java,1413,RelationalOperatorReplacement,if (ptr >= inputLen) {,if (ptr < inputLen) {,935,
com/fasterxml/jackson/core/json/ReaderBasedJsonParser.java,1382,RelationalOperatorReplacement,if (ch < INT_0 || ch > INT_9) {,if (ch < INT_0 || ch <= INT_9) {,939,
com/fasterxml/jackson/core/json/ReaderBasedJsonParser.java,1382,RelationalOperatorReplacement,if (ch < INT_0 || ch > INT_9) {,if (ch >= INT_0 || ch > INT_9) {,940,
com/fasterxml/jackson/core/json/ReaderBasedJsonParser.java,1377,RelationalOperatorReplacement,if (ptr >= inputLen) {,if (ptr < inputLen) {,941,
com/fasterxml/jackson/core/json/ReaderBasedJsonParser.java,913,RelationalOperatorReplacement,if (i < 0) {,if (i >= 0) {,975,
com/fasterxml/jackson/core/json/ReaderBasedJsonParser.java,875,RelationalOperatorReplacement,if ((_inputPtr + len + 4) < _inputEnd) { // maybe...,if ((_inputPtr + len + 4) >= _inputEnd) { // maybe...,980,
com/fasterxml/jackson/core/json/ReaderBasedJsonParser.java,837,RelationalOperatorReplacement,if (i < 0) {,if (i >= 0) {,985,
com/fasterxml/jackson/core/json/ReaderBasedJsonParser.java,674,RelationalOperatorReplacement,if (i < 0) { // end-of-input,if (i >= 0) { // end-of-input,993,
com/fasterxml/jackson/core/json/ReaderBasedJsonParser.java,640,RelationalOperatorReplacement,if (outputPtr > 0) {,if (outputPtr <= 0) {,995,
com/fasterxml/jackson/core/json/ReaderBasedJsonParser.java,605,RelationalOperatorReplacement,if (bits < 0) {,if (bits >= 0) {,999,
com/fasterxml/jackson/core/json/UTF8DataInputJsonParser.java,489,RelationalOperatorReplacement,if (bits < 0) {,if (bits >= 0) {,1001,
com/fasterxml/jackson/core/json/UTF8DataInputJsonParser.java,456,RelationalOperatorReplacement,if (bits < 0) {,if (bits >= 0) {,1007,
com/fasterxml/jackson/core/json/UTF8DataInputJsonParser.java,446,RelationalOperatorReplacement,if (bits < 0) {,if (bits >= 0) {,1008,
com/fasterxml/jackson/core/json/UTF8DataInputJsonParser.java,435,RelationalOperatorReplacement,if (outputPtr > outputEnd) {,if (outputPtr <= outputEnd) {,1009,
com/fasterxml/jackson/core/json/UTF8DataInputJsonParser.java,429,RelationalOperatorReplacement,if (bits < 0) { // white space to skip,if (bits >= 0) { // white space to skip,1010,
com/fasterxml/jackson/core/json/UTF8DataInputJsonParser.java,424,RelationalOperatorReplacement,"if (bits < 0) { // reached the end, fair and square?","if (bits >= 0) { // reached the end, fair and square?",1012,
com/fasterxml/jackson/core/json/UTF8DataInputJsonParser.java,422,RelationalOperatorReplacement,} while (ch <= INT_SPACE);,} while (ch > INT_SPACE);,1013,
com/fasterxml/jackson/core/json/UTF8DataInputJsonParser.java,291,RelationalOperatorReplacement,} else if (_nameCopyBuffer.length < nameLen) {,} else if (_nameCopyBuffer.length >= nameLen) {,1023,
com/fasterxml/jackson/core/json/UTF8DataInputJsonParser.java,2889,RelationalOperatorReplacement,if (bits < 0) {,if (bits >= 0) {,697,
com/fasterxml/jackson/core/json/UTF8DataInputJsonParser.java,2857,RelationalOperatorReplacement,if (bits < 0) {,if (bits >= 0) {,703,
com/fasterxml/jackson/core/json/UTF8DataInputJsonParser.java,2848,RelationalOperatorReplacement,if (bits < 0) {,if (bits >= 0) {,704,
com/fasterxml/jackson/core/json/UTF8DataInputJsonParser.java,2839,RelationalOperatorReplacement,if (bits < 0) { // white space to skip,if (bits >= 0) { // white space to skip,705,
com/fasterxml/jackson/core/json/UTF8DataInputJsonParser.java,2834,RelationalOperatorReplacement,"if (bits < 0) { // reached the end, fair and square?","if (bits >= 0) { // reached the end, fair and square?",707,
com/fasterxml/jackson/core/json/UTF8DataInputJsonParser.java,2832,RelationalOperatorReplacement,} while (ch <= INT_SPACE);,} while (ch > INT_SPACE);,708,
com/fasterxml/jackson/core/json/UTF8DataInputJsonParser.java,2786,RelationalOperatorReplacement,if (c < INT_SPACE) {,if (c >= INT_SPACE) {,709,
com/fasterxml/jackson/core/json/UTF8DataInputJsonParser.java,2641,RelationalOperatorReplacement,if (needed > 2) { // 4 bytes? (need surrogates),if (needed <= 2) { // 4 bytes? (need surrogates),723,
com/fasterxml/jackson/core/json/UTF8DataInputJsonParser.java,2635,RelationalOperatorReplacement,if (needed > 1) { // needed == 1 means 2 bytes total,if (needed <= 1) { // needed == 1 means 2 bytes total,725,
com/fasterxml/jackson/core/json/UTF8DataInputJsonParser.java,2610,RelationalOperatorReplacement,"if (c > 0x7F) { // if >= 0, is ascii and fine as is","if (c <= 0x7F) { // if >= 0, is ascii and fine as is",730,
com/fasterxml/jackson/core/json/UTF8DataInputJsonParser.java,2599,RelationalOperatorReplacement,if (digit < 0) {,if (digit >= 0) {,731,
com/fasterxml/jackson/core/json/UTF8DataInputJsonParser.java,2596,RelationalOperatorReplacement,for (int i = 0; i < 4; ++i) {,for (int i = 0; i >= 4; ++i) {,732,
com/fasterxml/jackson/core/json/UTF8DataInputJsonParser.java,2554,RelationalOperatorReplacement,if (code < 0) {,if (code >= 0) {,733,
com/fasterxml/jackson/core/json/UTF8DataInputJsonParser.java,2434,RelationalOperatorReplacement,if (i > INT_SPACE) {,if (i <= INT_SPACE) {,746,
com/fasterxml/jackson/core/json/UTF8DataInputJsonParser.java,2419,RelationalOperatorReplacement,if (i > INT_SPACE) {,if (i <= INT_SPACE) {,749,
com/fasterxml/jackson/core/json/UTF8DataInputJsonParser.java,2411,RelationalOperatorReplacement,if (i > INT_SPACE) {,if (i <= INT_SPACE) {,754,
com/fasterxml/jackson/core/json/UTF8DataInputJsonParser.java,2397,RelationalOperatorReplacement,if (i > INT_SPACE) {,if (i <= INT_SPACE) {,760,
com/fasterxml/jackson/core/json/UTF8DataInputJsonParser.java,2389,RelationalOperatorReplacement,if (i > INT_SPACE) { // nor trailing,if (i <= INT_SPACE) { // nor trailing,765,
com/fasterxml/jackson/core/json/UTF8DataInputJsonParser.java,2381,RelationalOperatorReplacement,if (i < 0) {,if (i >= 0) {,767,
com/fasterxml/jackson/core/json/UTF8DataInputJsonParser.java,2352,RelationalOperatorReplacement,if (i > INT_SPACE) {,if (i <= INT_SPACE) {,772,
com/fasterxml/jackson/core/json/UTF8DataInputJsonParser.java,2329,RelationalOperatorReplacement,if (i > INT_SPACE) {,if (i <= INT_SPACE) {,777,
com/fasterxml/jackson/core/json/UTF8DataInputJsonParser.java,2319,RelationalOperatorReplacement,if (i < 0) {,if (i >= 0) {,778,
com/fasterxml/jackson/core/json/UTF8DataInputJsonParser.java,2294,RelationalOperatorReplacement,if (i > INT_SPACE) {,if (i <= INT_SPACE) {,783,
com/fasterxml/jackson/core/json/UTF8DataInputJsonParser.java,2288,RelationalOperatorReplacement,if (i < 0) {,if (i >= 0) {,784,
com/fasterxml/jackson/core/json/UTF8DataInputJsonParser.java,2265,RelationalOperatorReplacement,if (ch >= '0' && ch != ']' && ch != '}') { // expected/allowed chars,if (ch < '0' && ch != ']' && ch != '}') { // expected/allowed chars,787,
com/fasterxml/jackson/core/json/UTF8DataInputJsonParser.java,2262,RelationalOperatorReplacement,} while (++i < len);,} while (++i >= len);,788,
com/fasterxml/jackson/core/json/UTF8DataInputJsonParser.java,2205,RelationalOperatorReplacement,if (outPtr >= outBuf.length) {,if (outPtr < outBuf.length) {,794,
com/fasterxml/jackson/core/json/UTF8DataInputJsonParser.java,2198,RelationalOperatorReplacement,if (c < INT_SPACE) {,if (c >= INT_SPACE) {,795,
com/fasterxml/jackson/core/json/UTF8DataInputJsonParser.java,2190,RelationalOperatorReplacement,if (outPtr >= outBuf.length) {,if (outPtr < outBuf.length) {,796,
com/fasterxml/jackson/core/json/UTF8DataInputJsonParser.java,2174,RelationalOperatorReplacement,} while (outPtr < outEnd);,} while (outPtr >= outEnd);,797,
com/fasterxml/jackson/core/json/UTF8DataInputJsonParser.java,2157,RelationalOperatorReplacement,if (outPtr >= outBuf.length) {,if (outPtr < outBuf.length) {,801,
com/fasterxml/jackson/core/json/UTF8DataInputJsonParser.java,2062,RelationalOperatorReplacement,if (c < INT_SPACE) {,if (c >= INT_SPACE) {,806,
com/fasterxml/jackson/core/json/UTF8DataInputJsonParser.java,2006,RelationalOperatorReplacement,if (outPtr >= outBuf.length) {,if (outPtr < outBuf.length) {,809,
com/fasterxml/jackson/core/json/UTF8DataInputJsonParser.java,1998,RelationalOperatorReplacement,if (c < INT_SPACE) {,if (c >= INT_SPACE) {,810,
com/fasterxml/jackson/core/json/UTF8DataInputJsonParser.java,1988,RelationalOperatorReplacement,if (outPtr >= outBuf.length) {,if (outPtr < outBuf.length) {,811,
com/fasterxml/jackson/core/json/UTF8DataInputJsonParser.java,1963,RelationalOperatorReplacement,if (outPtr >= outEnd) {,if (outPtr < outEnd) {,813,
com/fasterxml/jackson/core/json/UTF8DataInputJsonParser.java,1947,RelationalOperatorReplacement,} while (outPtr < outEnd);,} while (outPtr >= outEnd);,815,
com/fasterxml/jackson/core/json/UTF8DataInputJsonParser.java,1926,RelationalOperatorReplacement,} while (outPtr < outEnd);,} while (outPtr >= outEnd);,818,
com/fasterxml/jackson/core/json/UTF8DataInputJsonParser.java,1895,RelationalOperatorReplacement,if (lastQuadBytes < 4) {,if (lastQuadBytes >= 4) {,821,
com/fasterxml/jackson/core/json/UTF8DataInputJsonParser.java,1882,RelationalOperatorReplacement,if (cix >= cbuf.length) {,if (cix < cbuf.length) {,822,
com/fasterxml/jackson/core/json/UTF8DataInputJsonParser.java,1875,RelationalOperatorReplacement,if (cix >= cbuf.length) {,if (cix < cbuf.length) {,823,
com/fasterxml/jackson/core/json/UTF8DataInputJsonParser.java,1873,RelationalOperatorReplacement,"if (needed > 2) { // surrogate pair? once again, let's output one here, one later on","if (needed <= 2) { // surrogate pair? once again, let's output one here, one later on",824,
com/fasterxml/jackson/core/json/UTF8DataInputJsonParser.java,1862,RelationalOperatorReplacement,if (needed > 2) { // 4 bytes? (need surrogates on output),if (needed <= 2) { // 4 bytes? (need surrogates on output),826,
com/fasterxml/jackson/core/json/UTF8DataInputJsonParser.java,1852,RelationalOperatorReplacement,if (needed > 1) {,if (needed <= 1) {,828,
com/fasterxml/jackson/core/json/UTF8DataInputJsonParser.java,1838,RelationalOperatorReplacement,if ((ix + needed) > byteLen) {,if ((ix + needed) <= byteLen) {,830,
com/fasterxml/jackson/core/json/UTF8DataInputJsonParser.java,1823,RelationalOperatorReplacement,if (ch > 127) { // multi-byte,if (ch <= 127) { // multi-byte,834,
com/fasterxml/jackson/core/json/UTF8DataInputJsonParser.java,1817,RelationalOperatorReplacement,for (int ix = 0; ix < byteLen; ) {,for (int ix = 0; ix >= byteLen; ) {,835,
com/fasterxml/jackson/core/json/UTF8DataInputJsonParser.java,1805,RelationalOperatorReplacement,if (lastQuadBytes < 4) {,if (lastQuadBytes >= 4) {,836,
com/fasterxml/jackson/core/json/UTF8DataInputJsonParser.java,1771,RelationalOperatorReplacement,if (qlen >= quads.length) {,if (qlen < quads.length) {,838,
com/fasterxml/jackson/core/json/UTF8DataInputJsonParser.java,1706,RelationalOperatorReplacement,if (qlen >= quads.length) {,if (qlen < quads.length) {,843,
com/fasterxml/jackson/core/json/UTF8DataInputJsonParser.java,1705,RelationalOperatorReplacement,if (currQuadBytes > 0) {,if (currQuadBytes <= 0) {,844,
com/fasterxml/jackson/core/json/UTF8DataInputJsonParser.java,1695,RelationalOperatorReplacement,if (qlen >= quads.length) {,if (qlen < quads.length) {,845,
com/fasterxml/jackson/core/json/UTF8DataInputJsonParser.java,1691,RelationalOperatorReplacement,if (currQuadBytes < 4) {,if (currQuadBytes >= 4) {,846,
com/fasterxml/jackson/core/json/UTF8DataInputJsonParser.java,1676,RelationalOperatorReplacement,if (qlen >= quads.length) {,if (qlen < quads.length) {,847,
com/fasterxml/jackson/core/json/UTF8DataInputJsonParser.java,1675,RelationalOperatorReplacement,if (currQuadBytes >= 4) {,if (currQuadBytes < 4) {,848,
com/fasterxml/jackson/core/json/UTF8DataInputJsonParser.java,1667,RelationalOperatorReplacement,if (ch < 0x800) { // 2-byte,if (ch >= 0x800) { // 2-byte,849,
com/fasterxml/jackson/core/json/UTF8DataInputJsonParser.java,1660,RelationalOperatorReplacement,if (qlen >= quads.length) {,if (qlen < quads.length) {,850,
com/fasterxml/jackson/core/json/UTF8DataInputJsonParser.java,1659,RelationalOperatorReplacement,if (currQuadBytes >= 4) {,if (currQuadBytes < 4) {,851,
com/fasterxml/jackson/core/json/UTF8DataInputJsonParser.java,1657,RelationalOperatorReplacement,if (ch > 127) {,if (ch <= 127) {,852,
com/fasterxml/jackson/core/json/UTF8DataInputJsonParser.java,1606,RelationalOperatorReplacement,if (qlen >= quads.length) {,if (qlen < quads.length) {,859,
com/fasterxml/jackson/core/json/UTF8DataInputJsonParser.java,1605,RelationalOperatorReplacement,if (currQuadBytes > 0) {,if (currQuadBytes <= 0) {,860,
com/fasterxml/jackson/core/json/UTF8DataInputJsonParser.java,1591,RelationalOperatorReplacement,if (qlen >= quads.length) {,if (qlen < quads.length) {,862,
com/fasterxml/jackson/core/json/UTF8DataInputJsonParser.java,1587,RelationalOperatorReplacement,if (currQuadBytes < 4) {,if (currQuadBytes >= 4) {,863,
com/fasterxml/jackson/core/json/UTF8DataInputJsonParser.java,1532,RelationalOperatorReplacement,if (qlen >= quads.length) {,if (qlen < quads.length) {,869,
com/fasterxml/jackson/core/json/UTF8DataInputJsonParser.java,1531,RelationalOperatorReplacement,if (currQuadBytes > 0) {,if (currQuadBytes <= 0) {,870,
com/fasterxml/jackson/core/json/UTF8DataInputJsonParser.java,1521,RelationalOperatorReplacement,if (qlen >= quads.length) {,if (qlen < quads.length) {,871,
com/fasterxml/jackson/core/json/UTF8DataInputJsonParser.java,1517,RelationalOperatorReplacement,if (currQuadBytes < 4) {,if (currQuadBytes >= 4) {,872,
com/fasterxml/jackson/core/json/UTF8DataInputJsonParser.java,1502,RelationalOperatorReplacement,if (qlen >= quads.length) {,if (qlen < quads.length) {,873,
com/fasterxml/jackson/core/json/UTF8DataInputJsonParser.java,1501,RelationalOperatorReplacement,if (currQuadBytes >= 4) {,if (currQuadBytes < 4) {,874,
com/fasterxml/jackson/core/json/UTF8DataInputJsonParser.java,1493,RelationalOperatorReplacement,if (ch < 0x800) { // 2-byte,if (ch >= 0x800) { // 2-byte,875,
com/fasterxml/jackson/core/json/UTF8DataInputJsonParser.java,1486,RelationalOperatorReplacement,if (qlen >= quads.length) {,if (qlen < quads.length) {,876,
com/fasterxml/jackson/core/json/UTF8DataInputJsonParser.java,1485,RelationalOperatorReplacement,if (currQuadBytes >= 4) {,if (currQuadBytes < 4) {,877,
com/fasterxml/jackson/core/json/UTF8DataInputJsonParser.java,1483,RelationalOperatorReplacement,if (ch > 127) {,if (ch <= 127) {,878,
com/fasterxml/jackson/core/json/UTF8DataInputJsonParser.java,1427,RelationalOperatorReplacement,if (qlen >= _quadBuffer.length) {,if (qlen < _quadBuffer.length) {,882,
com/fasterxml/jackson/core/json/UTF8DataInputJsonParser.java,1230,RelationalOperatorReplacement,if (ch <= INT_SPACE) {,if (ch > INT_SPACE) {,920,
com/fasterxml/jackson/core/json/UTF8DataInputJsonParser.java,1194,RelationalOperatorReplacement,if (outPtr >= outBuf.length) {,if (outPtr < outBuf.length) {,922,
com/fasterxml/jackson/core/json/UTF8DataInputJsonParser.java,1192,RelationalOperatorReplacement,while (c <= INT_9 && c >= INT_0) {,while (c <= INT_9 && c < INT_0) {,923,
com/fasterxml/jackson/core/json/UTF8DataInputJsonParser.java,1192,RelationalOperatorReplacement,while (c <= INT_9 && c >= INT_0) {,while (c > INT_9 && c >= INT_0) {,924,
com/fasterxml/jackson/core/json/UTF8DataInputJsonParser.java,1185,RelationalOperatorReplacement,if (outPtr >= outBuf.length) {,if (outPtr < outBuf.length) {,925,
com/fasterxml/jackson/core/json/UTF8DataInputJsonParser.java,1177,RelationalOperatorReplacement,if (outPtr >= outBuf.length) {,if (outPtr < outBuf.length) {,928,
com/fasterxml/jackson/core/json/UTF8DataInputJsonParser.java,1161,RelationalOperatorReplacement,if (outPtr >= outBuf.length) {,if (outPtr < outBuf.length) {,931,
com/fasterxml/jackson/core/json/UTF8DataInputJsonParser.java,1157,RelationalOperatorReplacement,if (c < INT_0 || c > INT_9) {,if (c < INT_0 || c <= INT_9) {,932,
com/fasterxml/jackson/core/json/UTF8DataInputJsonParser.java,1157,RelationalOperatorReplacement,if (c < INT_0 || c > INT_9) {,if (c >= INT_0 || c > INT_9) {,933,
com/fasterxml/jackson/core/json/UTF8DataInputJsonParser.java,1148,RelationalOperatorReplacement,if (outPtr >= outBuf.length) {,if (outPtr < outBuf.length) {,934,
com/fasterxml/jackson/core/json/UTF8DataInputJsonParser.java,1126,RelationalOperatorReplacement,if (ch < INT_0 || ch > INT_9) {,if (ch < INT_0 || ch <= INT_9) {,938,
com/fasterxml/jackson/core/json/UTF8DataInputJsonParser.java,1126,RelationalOperatorReplacement,if (ch < INT_0 || ch > INT_9) {,if (ch >= INT_0 || ch > INT_9) {,939,
com/fasterxml/jackson/core/json/UTF8DataInputJsonParser.java,1092,RelationalOperatorReplacement,if (outPtr >= outBuf.length) {,if (outPtr < outBuf.length) {,942,
com/fasterxml/jackson/core/json/UTF8DataInputJsonParser.java,1090,RelationalOperatorReplacement,while (c <= INT_9 && c >= INT_0) {,while (c <= INT_9 && c < INT_0) {,943,
com/fasterxml/jackson/core/json/UTF8DataInputJsonParser.java,1090,RelationalOperatorReplacement,while (c <= INT_9 && c >= INT_0) {,while (c > INT_9 && c >= INT_0) {,944,
com/fasterxml/jackson/core/json/UTF8DataInputJsonParser.java,1081,RelationalOperatorReplacement,if (c > INT_9) {,if (c <= INT_9) {,945,
com/fasterxml/jackson/core/json/UTF8DataInputJsonParser.java,1071,RelationalOperatorReplacement,if (c <= INT_0) {,if (c > INT_0) {,948,
com/fasterxml/jackson/core/json/UTF8DataInputJsonParser.java,1029,RelationalOperatorReplacement,if (outPtr >= outBuf.length) {,if (outPtr < outBuf.length) {,951,
com/fasterxml/jackson/core/json/UTF8DataInputJsonParser.java,1027,RelationalOperatorReplacement,while (c <= INT_9 && c >= INT_0) {,while (c <= INT_9 && c < INT_0) {,952,
com/fasterxml/jackson/core/json/UTF8DataInputJsonParser.java,1027,RelationalOperatorReplacement,while (c <= INT_9 && c >= INT_0) {,while (c > INT_9 && c >= INT_0) {,953,
com/fasterxml/jackson/core/json/UTF8DataInputJsonParser.java,1011,RelationalOperatorReplacement,if (c <= INT_9 && c >= INT_0) { // skip if followed by digit,if (c <= INT_9 && c < INT_0) { // skip if followed by digit,956,
com/fasterxml/jackson/core/json/UTF8DataInputJsonParser.java,1011,RelationalOperatorReplacement,if (c <= INT_9 && c >= INT_0) { // skip if followed by digit,if (c > INT_9 && c >= INT_0) { // skip if followed by digit,957,
com/fasterxml/jackson/core/json/UTF8DataInputJsonParser.java,560,RelationalOperatorReplacement,if (i < 0) { // end-of-input,if (i >= 0) { // end-of-input,995,
com/fasterxml/jackson/core/json/UTF8DataInputJsonParser.java,523,RelationalOperatorReplacement,if (outputPtr > 0) {,if (outputPtr <= 0) {,997,
com/fasterxml/jackson/core/json/UTF8JsonGenerator.java,1742,NullifyInputVariable,{,{ text = null;,226,
com/fasterxml/jackson/core/json/UTF8JsonGenerator.java,1630,NullifyInputVariable,{,{ text = null;,227,
com/fasterxml/jackson/core/json/UTF8JsonGenerator.java,1528,NullifyInputVariable,{,{ text = null;,228,
com/fasterxml/jackson/core/json/UTF8JsonGenerator.java,2239,RelationalOperatorReplacement,if (len > 0) {,if (len <= 0) {,591,
com/fasterxml/jackson/core/json/UTF8JsonGenerator.java,2221,RelationalOperatorReplacement,if (charToEscape > 0xFF) {,if (charToEscape <= 0xFF) {,592,
com/fasterxml/jackson/core/json/UTF8JsonGenerator.java,2203,RelationalOperatorReplacement,if ((_outputTail + 4) >= _outputEnd) {,if ((_outputTail + 4) < _outputEnd) {,593,
com/fasterxml/jackson/core/json/UTF8JsonGenerator.java,2180,RelationalOperatorReplacement,"if (ch >= SURR1_FIRST && ch <= SURR2_LAST) { // yes, outside of BMP; add an escape","if (ch >= SURR1_FIRST && ch > SURR2_LAST) { // yes, outside of BMP; add an escape",594,
com/fasterxml/jackson/core/json/UTF8JsonGenerator.java,2180,RelationalOperatorReplacement,"if (ch >= SURR1_FIRST && ch <= SURR2_LAST) { // yes, outside of BMP; add an escape","if (ch < SURR1_FIRST && ch <= SURR2_LAST) { // yes, outside of BMP; add an escape",595,
com/fasterxml/jackson/core/json/UTF8JsonGenerator.java,2144,RelationalOperatorReplacement,if ((_outputTail + 4) > _outputEnd) {,if ((_outputTail + 4) <= _outputEnd) {,596,
com/fasterxml/jackson/core/json/UTF8JsonGenerator.java,2125,RelationalOperatorReplacement,if (inputOffset >= inputEnd || cbuf == null) { // nope... have to note down,if (inputOffset < inputEnd || cbuf == null) { // nope... have to note down,598,
com/fasterxml/jackson/core/json/UTF8JsonGenerator.java,2123,RelationalOperatorReplacement,"if (ch <= SURR2_LAST) { // yes, outside of BMP","if (ch > SURR2_LAST) { // yes, outside of BMP",599,
com/fasterxml/jackson/core/json/UTF8JsonGenerator.java,2122,RelationalOperatorReplacement,if (ch >= SURR1_FIRST) {,if (ch < SURR1_FIRST) {,600,
com/fasterxml/jackson/core/json/UTF8JsonGenerator.java,2103,RelationalOperatorReplacement,} while (inputEnd < 3);,} while (inputEnd >= 3);,601,
com/fasterxml/jackson/core/json/UTF8JsonGenerator.java,2099,RelationalOperatorReplacement,if (count < 0) {,if (count >= 0) {,602,
com/fasterxml/jackson/core/json/UTF8JsonGenerator.java,2086,RelationalOperatorReplacement,while (inputPtr < inputEnd) {,while (inputPtr >= inputEnd) {,604,
com/fasterxml/jackson/core/json/UTF8JsonGenerator.java,2070,RelationalOperatorReplacement,if (inputPtr < inputEnd) {,if (inputPtr >= inputEnd) {,605,
com/fasterxml/jackson/core/json/UTF8JsonGenerator.java,2065,RelationalOperatorReplacement,if (_outputTail > safeOutputEnd) { // don't really need 6 bytes but...,if (_outputTail <= safeOutputEnd) { // don't really need 6 bytes but...,606,
com/fasterxml/jackson/core/json/UTF8JsonGenerator.java,2064,RelationalOperatorReplacement,"if (inputPtr < inputEnd) { // yes, but do we have room for output?","if (inputPtr >= inputEnd) { // yes, but do we have room for output?",607,
com/fasterxml/jackson/core/json/UTF8JsonGenerator.java,2056,RelationalOperatorReplacement,if (--chunksBeforeLF <= 0) {,if (--chunksBeforeLF > 0) {,608,
com/fasterxml/jackson/core/json/UTF8JsonGenerator.java,2047,RelationalOperatorReplacement,if (_outputTail > safeOutputEnd) { // need to flush,if (_outputTail <= safeOutputEnd) { // need to flush,609,
com/fasterxml/jackson/core/json/UTF8JsonGenerator.java,2042,RelationalOperatorReplacement,if (inputEnd < 3) { // required to try to read to have at least 3 bytes,if (inputEnd >= 3) { // required to try to read to have at least 3 bytes,610,
com/fasterxml/jackson/core/json/UTF8JsonGenerator.java,2039,RelationalOperatorReplacement,if (inputPtr > lastFullOffset) { // need to load more,if (inputPtr <= lastFullOffset) { // need to load more,611,
com/fasterxml/jackson/core/json/UTF8JsonGenerator.java,2010,RelationalOperatorReplacement,if (inputPtr < inputEnd) {,if (inputPtr >= inputEnd) {,612,
com/fasterxml/jackson/core/json/UTF8JsonGenerator.java,2005,RelationalOperatorReplacement,if (_outputTail > safeOutputEnd) { // don't really need 6 bytes but...,if (_outputTail <= safeOutputEnd) { // don't really need 6 bytes but...,613,
com/fasterxml/jackson/core/json/UTF8JsonGenerator.java,2004,RelationalOperatorReplacement,"if (inputEnd > 0) { // yes, but do we have room for output?","if (inputEnd <= 0) { // yes, but do we have room for output?",614,
com/fasterxml/jackson/core/json/UTF8JsonGenerator.java,2001,RelationalOperatorReplacement,if (bytesLeft > 0) {,if (bytesLeft <= 0) {,615,
com/fasterxml/jackson/core/json/UTF8JsonGenerator.java,1993,RelationalOperatorReplacement,if (--chunksBeforeLF <= 0) {,if (--chunksBeforeLF > 0) {,616,
com/fasterxml/jackson/core/json/UTF8JsonGenerator.java,1985,RelationalOperatorReplacement,if (_outputTail > safeOutputEnd) { // need to flush,if (_outputTail <= safeOutputEnd) { // need to flush,617,
com/fasterxml/jackson/core/json/UTF8JsonGenerator.java,1980,RelationalOperatorReplacement,if (inputEnd < 3) { // required to try to read to have at least 3 bytes,if (inputEnd >= 3) { // required to try to read to have at least 3 bytes,618,
com/fasterxml/jackson/core/json/UTF8JsonGenerator.java,1977,RelationalOperatorReplacement,if (inputPtr > lastFullOffset) {,if (inputPtr <= lastFullOffset) {,619,
com/fasterxml/jackson/core/json/UTF8JsonGenerator.java,1976,RelationalOperatorReplacement,while (bytesLeft > 2) { // main loop for full triplets,while (bytesLeft <= 2) { // main loop for full triplets,620,
com/fasterxml/jackson/core/json/UTF8JsonGenerator.java,1952,RelationalOperatorReplacement,if (_outputTail > safeOutputEnd) { // don't really need 6 bytes but...,if (_outputTail <= safeOutputEnd) { // don't really need 6 bytes but...,622,
com/fasterxml/jackson/core/json/UTF8JsonGenerator.java,1951,RelationalOperatorReplacement,"if (inputLeft > 0) { // yes, but do we have room for output?","if (inputLeft <= 0) { // yes, but do we have room for output?",623,
com/fasterxml/jackson/core/json/UTF8JsonGenerator.java,1941,RelationalOperatorReplacement,if (--chunksBeforeLF <= 0) {,if (--chunksBeforeLF > 0) {,624,
com/fasterxml/jackson/core/json/UTF8JsonGenerator.java,1933,RelationalOperatorReplacement,if (_outputTail > safeOutputEnd) { // need to flush,if (_outputTail <= safeOutputEnd) { // need to flush,625,
com/fasterxml/jackson/core/json/UTF8JsonGenerator.java,1932,RelationalOperatorReplacement,while (inputPtr <= safeInputEnd) {,while (inputPtr > safeInputEnd) {,626,
com/fasterxml/jackson/core/json/UTF8JsonGenerator.java,1904,RelationalOperatorReplacement,"if (escape > 0) { // 2-char escape, fine","if (escape <= 0) { // 2-char escape, fine",627,
com/fasterxml/jackson/core/json/UTF8JsonGenerator.java,1899,RelationalOperatorReplacement,if (ch < 0 || escCodes[ch] == 0) {,if (ch >= 0 || escCodes[ch] == 0) {,629,
com/fasterxml/jackson/core/json/UTF8JsonGenerator.java,1896,RelationalOperatorReplacement,while (offset < len) {,while (offset >= len) {,630,
com/fasterxml/jackson/core/json/UTF8JsonGenerator.java,1887,RelationalOperatorReplacement,if ((outputPtr + (len * 6)) > _outputEnd) {,if ((outputPtr + (len * 6)) <= _outputEnd) {,631,
com/fasterxml/jackson/core/json/UTF8JsonGenerator.java,1874,RelationalOperatorReplacement,if ((_outputTail + len) > _outputEnd) { // enough room or need to flush?,if ((_outputTail + len) <= _outputEnd) { // enough room or need to flush?,632,
com/fasterxml/jackson/core/json/UTF8JsonGenerator.java,1867,RelationalOperatorReplacement,if ((ch >= 0) && escCodes[ch] != 0) {,if ((ch < 0) && escCodes[ch] != 0) {,634,
com/fasterxml/jackson/core/json/UTF8JsonGenerator.java,1864,RelationalOperatorReplacement,"for (int ptr = offset, end = offset + len; ptr < end; ) {","for (int ptr = offset, end = offset + len; ptr >= end; ) {",635,
com/fasterxml/jackson/core/json/UTF8JsonGenerator.java,1855,RelationalOperatorReplacement,} while (totalLen > 0);,} while (totalLen <= 0);,636,
com/fasterxml/jackson/core/json/UTF8JsonGenerator.java,1828,RelationalOperatorReplacement,if ((outputPtr + 6 * remainingChars) > outputEnd) {,if ((outputPtr + 6 * remainingChars) <= outputEnd) {,637,
com/fasterxml/jackson/core/json/UTF8JsonGenerator.java,1820,RelationalOperatorReplacement,"if (len > outputBuffer.length) { // very unlikely, but possible...","if (len <= outputBuffer.length) { // very unlikely, but possible...",638,
com/fasterxml/jackson/core/json/UTF8JsonGenerator.java,1816,RelationalOperatorReplacement,if ((outputPtr + len) > outputEnd) {,if ((outputPtr + len) <= outputEnd) {,639,
com/fasterxml/jackson/core/json/UTF8JsonGenerator.java,1803,RelationalOperatorReplacement,"if (len > 6) { // may violate constraints we have, do offline","if (len <= 6) { // may violate constraints we have, do offline",640,
com/fasterxml/jackson/core/json/UTF8JsonGenerator.java,1788,RelationalOperatorReplacement,"if (ch <= 0x7FF) { // fine, just needs 2 byte output","if (ch > 0x7FF) { // fine, just needs 2 byte output",641,
com/fasterxml/jackson/core/json/UTF8JsonGenerator.java,1779,RelationalOperatorReplacement,if (ch > maxUnescaped) { // [JACKSON-102] Allow forced escaping if non-ASCII (etc) chars:,if (ch <= maxUnescaped) { // [JACKSON-102] Allow forced escaping if non-ASCII (etc) chars:,643,
com/fasterxml/jackson/core/json/UTF8JsonGenerator.java,1763,RelationalOperatorReplacement,"if (escape > 0) { // 2-char escape, fine","if (escape <= 0) { // 2-char escape, fine",646,
com/fasterxml/jackson/core/json/UTF8JsonGenerator.java,1757,RelationalOperatorReplacement,if (ch <= 0x7F) {,if (ch > 0x7F) {,648,
com/fasterxml/jackson/core/json/UTF8JsonGenerator.java,1755,RelationalOperatorReplacement,while (offset < end) {,while (offset >= end) {,649,
com/fasterxml/jackson/core/json/UTF8JsonGenerator.java,1752,RelationalOperatorReplacement,final int maxUnescaped = (_maximumNonEscapedChar <= 0) ? 0xFFFF : _maximumNonEscapedChar;,final int maxUnescaped = (_maximumNonEscapedChar > 0) ? 0xFFFF : _maximumNonEscapedChar;,650,
com/fasterxml/jackson/core/json/UTF8JsonGenerator.java,1744,RelationalOperatorReplacement,if ((_outputTail + 6 * (end - offset)) > _outputEnd) {,if ((_outputTail + 6 * (end - offset)) <= _outputEnd) {,651,
com/fasterxml/jackson/core/json/UTF8JsonGenerator.java,1731,RelationalOperatorReplacement,"if (ch <= 0x7FF) { // fine, just needs 2 byte output","if (ch > 0x7FF) { // fine, just needs 2 byte output",652,
com/fasterxml/jackson/core/json/UTF8JsonGenerator.java,1722,RelationalOperatorReplacement,if (ch > maxUnescaped) { // [JACKSON-102] Allow forced escaping if non-ASCII (etc) chars:,if (ch <= maxUnescaped) { // [JACKSON-102] Allow forced escaping if non-ASCII (etc) chars:,654,
com/fasterxml/jackson/core/json/UTF8JsonGenerator.java,1706,RelationalOperatorReplacement,"if (escape > 0) { // 2-char escape, fine","if (escape <= 0) { // 2-char escape, fine",657,
com/fasterxml/jackson/core/json/UTF8JsonGenerator.java,1700,RelationalOperatorReplacement,if (ch <= 0x7F) {,if (ch > 0x7F) {,659,
com/fasterxml/jackson/core/json/UTF8JsonGenerator.java,1698,RelationalOperatorReplacement,while (offset < end) {,while (offset >= end) {,660,
com/fasterxml/jackson/core/json/UTF8JsonGenerator.java,1695,RelationalOperatorReplacement,final int maxUnescaped = (_maximumNonEscapedChar <= 0) ? 0xFFFF : _maximumNonEscapedChar;,final int maxUnescaped = (_maximumNonEscapedChar > 0) ? 0xFFFF : _maximumNonEscapedChar;,661,
com/fasterxml/jackson/core/json/UTF8JsonGenerator.java,1687,RelationalOperatorReplacement,if ((_outputTail + 6 * (end - offset)) > _outputEnd) {,if ((_outputTail + 6 * (end - offset)) <= _outputEnd) {,662,
com/fasterxml/jackson/core/json/UTF8JsonGenerator.java,1663,RelationalOperatorReplacement,"if (ch <= 0x7FF) { // fine, just needs 2 byte output","if (ch > 0x7FF) { // fine, just needs 2 byte output",663,
com/fasterxml/jackson/core/json/UTF8JsonGenerator.java,1659,RelationalOperatorReplacement,if (ch > maxUnescaped) { // [JACKSON-102] Allow forced escaping if non-ASCII (etc) chars:,if (ch <= maxUnescaped) { // [JACKSON-102] Allow forced escaping if non-ASCII (etc) chars:,664,
com/fasterxml/jackson/core/json/UTF8JsonGenerator.java,1650,RelationalOperatorReplacement,"if (escape > 0) { // 2-char escape, fine","if (escape <= 0) { // 2-char escape, fine",665,
com/fasterxml/jackson/core/json/UTF8JsonGenerator.java,1644,RelationalOperatorReplacement,if (ch <= 0x7F) {,if (ch > 0x7F) {,667,
com/fasterxml/jackson/core/json/UTF8JsonGenerator.java,1642,RelationalOperatorReplacement,while (offset < end) {,while (offset >= end) {,668,
com/fasterxml/jackson/core/json/UTF8JsonGenerator.java,1632,RelationalOperatorReplacement,if ((_outputTail + 6 * (end - offset)) > _outputEnd) {,if ((_outputTail + 6 * (end - offset)) <= _outputEnd) {,669,
com/fasterxml/jackson/core/json/UTF8JsonGenerator.java,1619,RelationalOperatorReplacement,"if (ch <= 0x7FF) { // fine, just needs 2 byte output","if (ch > 0x7FF) { // fine, just needs 2 byte output",670,
com/fasterxml/jackson/core/json/UTF8JsonGenerator.java,1615,RelationalOperatorReplacement,if (ch > maxUnescaped) { // [JACKSON-102] Allow forced escaping if non-ASCII (etc) chars:,if (ch <= maxUnescaped) { // [JACKSON-102] Allow forced escaping if non-ASCII (etc) chars:,671,
com/fasterxml/jackson/core/json/UTF8JsonGenerator.java,1606,RelationalOperatorReplacement,"if (escape > 0) { // 2-char escape, fine","if (escape <= 0) { // 2-char escape, fine",672,
com/fasterxml/jackson/core/json/UTF8JsonGenerator.java,1600,RelationalOperatorReplacement,if (ch <= 0x7F) {,if (ch > 0x7F) {,674,
com/fasterxml/jackson/core/json/UTF8JsonGenerator.java,1598,RelationalOperatorReplacement,while (offset < end) {,while (offset >= end) {,675,
com/fasterxml/jackson/core/json/UTF8JsonGenerator.java,1589,RelationalOperatorReplacement,if ((_outputTail + 6 * (end - offset)) > _outputEnd) {,if ((_outputTail + 6 * (end - offset)) <= _outputEnd) {,676,
com/fasterxml/jackson/core/json/UTF8JsonGenerator.java,1562,RelationalOperatorReplacement,if (combineSurrogates && offset < end) {,if (combineSurrogates && offset >= end) {,677,
com/fasterxml/jackson/core/json/UTF8JsonGenerator.java,1555,RelationalOperatorReplacement,"if (ch <= 0x7FF) { // fine, just needs 2 byte output","if (ch > 0x7FF) { // fine, just needs 2 byte output",678,
com/fasterxml/jackson/core/json/UTF8JsonGenerator.java,1546,RelationalOperatorReplacement,"if (escape > 0) { // 2-char escape, fine","if (escape <= 0) { // 2-char escape, fine",679,
com/fasterxml/jackson/core/json/UTF8JsonGenerator.java,1540,RelationalOperatorReplacement,if (ch <= 0x7F) {,if (ch > 0x7F) {,681,
com/fasterxml/jackson/core/json/UTF8JsonGenerator.java,1538,RelationalOperatorReplacement,while (offset < end) {,while (offset >= end) {,682,
com/fasterxml/jackson/core/json/UTF8JsonGenerator.java,1529,RelationalOperatorReplacement,if ((_outputTail + 6 * (end - offset)) > _outputEnd) {,if ((_outputTail + 6 * (end - offset)) <= _outputEnd) {,683,
com/fasterxml/jackson/core/json/UTF8JsonGenerator.java,1514,RelationalOperatorReplacement,if (combineSurrogates && offset < end) {,if (combineSurrogates && offset >= end) {,684,
com/fasterxml/jackson/core/json/UTF8JsonGenerator.java,1507,RelationalOperatorReplacement,"if (ch <= 0x7FF) { // fine, just needs 2 byte output","if (ch > 0x7FF) { // fine, just needs 2 byte output",685,
com/fasterxml/jackson/core/json/UTF8JsonGenerator.java,1498,RelationalOperatorReplacement,"if (escape > 0) { // 2-char escape, fine","if (escape <= 0) { // 2-char escape, fine",686,
com/fasterxml/jackson/core/json/UTF8JsonGenerator.java,1492,RelationalOperatorReplacement,if (ch <= 0x7F) {,if (ch > 0x7F) {,688,
com/fasterxml/jackson/core/json/UTF8JsonGenerator.java,1490,RelationalOperatorReplacement,while (offset < end) {,while (offset >= end) {,689,
com/fasterxml/jackson/core/json/UTF8JsonGenerator.java,1481,RelationalOperatorReplacement,if ((_outputTail + 6 * (end - offset)) > _outputEnd) {,if ((_outputTail + 6 * (end - offset)) <= _outputEnd) {,690,
com/fasterxml/jackson/core/json/UTF8JsonGenerator.java,1463,RelationalOperatorReplacement,if (offset < len) {,if (offset >= len) {,693,
com/fasterxml/jackson/core/json/UTF8JsonGenerator.java,1456,RelationalOperatorReplacement,if (ch > 0x7F || escCodes[ch] != 0) {,if (ch <= 0x7F || escCodes[ch] != 0) {,695,
com/fasterxml/jackson/core/json/UTF8JsonGenerator.java,1453,RelationalOperatorReplacement,while (offset < len) {,while (offset >= len) {,696,
com/fasterxml/jackson/core/json/UTF8JsonGenerator.java,1431,RelationalOperatorReplacement,if (offset < len) {,if (offset >= len) {,699,
com/fasterxml/jackson/core/json/UTF8JsonGenerator.java,1424,RelationalOperatorReplacement,if (ch > 0x7F || escCodes[ch] != 0) {,if (ch <= 0x7F || escCodes[ch] != 0) {,701,
com/fasterxml/jackson/core/json/UTF8JsonGenerator.java,1421,RelationalOperatorReplacement,while (offset < len) {,while (offset >= len) {,702,
com/fasterxml/jackson/core/json/UTF8JsonGenerator.java,1392,RelationalOperatorReplacement,} while (totalLen > 0);,} while (totalLen <= 0);,703,
com/fasterxml/jackson/core/json/UTF8JsonGenerator.java,1386,RelationalOperatorReplacement,if ((_outputTail + len) > _outputEnd) { // caller must ensure enough space,if ((_outputTail + len) <= _outputEnd) { // caller must ensure enough space,704,
com/fasterxml/jackson/core/json/UTF8JsonGenerator.java,1379,RelationalOperatorReplacement,} while (totalLen > 0);,} while (totalLen <= 0);,705,
com/fasterxml/jackson/core/json/UTF8JsonGenerator.java,1373,RelationalOperatorReplacement,if ((_outputTail + len) > _outputEnd) { // caller must ensure enough space,if ((_outputTail + len) <= _outputEnd) { // caller must ensure enough space,706,
com/fasterxml/jackson/core/json/UTF8JsonGenerator.java,1356,RelationalOperatorReplacement,if (_outputTail >= _outputEnd) {,if (_outputTail < _outputEnd) {,707,
com/fasterxml/jackson/core/json/UTF8JsonGenerator.java,1347,RelationalOperatorReplacement,if ((_outputTail + len) > _outputEnd) { // caller must ensure enough space,if ((_outputTail + len) <= _outputEnd) { // caller must ensure enough space,708,
com/fasterxml/jackson/core/json/UTF8JsonGenerator.java,1345,RelationalOperatorReplacement,while (left > 0) {,while (left <= 0) {,709,
com/fasterxml/jackson/core/json/UTF8JsonGenerator.java,1336,RelationalOperatorReplacement,if (_outputTail >= _outputEnd) {,if (_outputTail < _outputEnd) {,710,
com/fasterxml/jackson/core/json/UTF8JsonGenerator.java,1311,RelationalOperatorReplacement,if (len > MAX_BYTES_TO_BUFFER) {,if (len <= MAX_BYTES_TO_BUFFER) {,711,
com/fasterxml/jackson/core/json/UTF8JsonGenerator.java,1308,RelationalOperatorReplacement,if ((_outputTail + len) > _outputEnd) {,if ((_outputTail + len) <= _outputEnd) {,712,
com/fasterxml/jackson/core/json/UTF8JsonGenerator.java,1297,RelationalOperatorReplacement,if (len > MAX_BYTES_TO_BUFFER) {,if (len <= MAX_BYTES_TO_BUFFER) {,713,
com/fasterxml/jackson/core/json/UTF8JsonGenerator.java,1294,RelationalOperatorReplacement,if ((_outputTail + len) > _outputEnd) {,if ((_outputTail + len) <= _outputEnd) {,714,
com/fasterxml/jackson/core/json/UTF8JsonGenerator.java,1187,RelationalOperatorReplacement,if (_outputTail >= _outputEnd) {,if (_outputTail < _outputEnd) {,722,
com/fasterxml/jackson/core/json/UTF8JsonGenerator.java,1178,RelationalOperatorReplacement,if (raw.length > 0) {,if (raw.length <= 0) {,723,
com/fasterxml/jackson/core/json/UTF8JsonGenerator.java,1133,RelationalOperatorReplacement,if ((_outputTail + 5) >= _outputEnd) {,if ((_outputTail + 5) < _outputEnd) {,726,
com/fasterxml/jackson/core/json/UTF8JsonGenerator.java,1123,RelationalOperatorReplacement,if (_outputTail >= _outputEnd) {,if (_outputTail < _outputEnd) {,727,
com/fasterxml/jackson/core/json/UTF8JsonGenerator.java,1118,RelationalOperatorReplacement,if (_outputTail >= _outputEnd) {,if (_outputTail < _outputEnd) {,728,
com/fasterxml/jackson/core/json/UTF8JsonGenerator.java,1110,RelationalOperatorReplacement,if (_outputTail >= _outputEnd) {,if (_outputTail < _outputEnd) {,729,
com/fasterxml/jackson/core/json/UTF8JsonGenerator.java,1105,RelationalOperatorReplacement,if (_outputTail >= _outputEnd) {,if (_outputTail < _outputEnd) {,730,
com/fasterxml/jackson/core/json/UTF8JsonGenerator.java,1015,RelationalOperatorReplacement,if ((_outputTail + 23) >= _outputEnd) {,if ((_outputTail + 23) < _outputEnd) {,734,
com/fasterxml/jackson/core/json/UTF8JsonGenerator.java,1006,RelationalOperatorReplacement,if ((_outputTail + 21) >= _outputEnd) {,if ((_outputTail + 21) < _outputEnd) {,735,
com/fasterxml/jackson/core/json/UTF8JsonGenerator.java,990,RelationalOperatorReplacement,if ((_outputTail + 13) >= _outputEnd) {,if ((_outputTail + 13) < _outputEnd) {,736,
com/fasterxml/jackson/core/json/UTF8JsonGenerator.java,978,RelationalOperatorReplacement,if ((_outputTail + 11) >= _outputEnd) {,if ((_outputTail + 11) < _outputEnd) {,737,
com/fasterxml/jackson/core/json/UTF8JsonGenerator.java,965,RelationalOperatorReplacement,if ((_outputTail + 8) >= _outputEnd) {,if ((_outputTail + 8) < _outputEnd) {,738,
com/fasterxml/jackson/core/json/UTF8JsonGenerator.java,954,RelationalOperatorReplacement,if ((_outputTail + 6) >= _outputEnd) {,if ((_outputTail + 6) < _outputEnd) {,739,
com/fasterxml/jackson/core/json/UTF8JsonGenerator.java,936,RelationalOperatorReplacement,if (_outputTail >= _outputEnd) {,if (_outputTail < _outputEnd) {,740,
com/fasterxml/jackson/core/json/UTF8JsonGenerator.java,927,RelationalOperatorReplacement,if (missing > 0) {,if (missing <= 0) {,741,
com/fasterxml/jackson/core/json/UTF8JsonGenerator.java,923,RelationalOperatorReplacement,if (dataLength < 0) { // length unknown,if (dataLength >= 0) { // length unknown,742,
com/fasterxml/jackson/core/json/UTF8JsonGenerator.java,916,RelationalOperatorReplacement,if (_outputTail >= _outputEnd) {,if (_outputTail < _outputEnd) {,743,
com/fasterxml/jackson/core/json/UTF8JsonGenerator.java,903,RelationalOperatorReplacement,if (_outputTail >= _outputEnd) {,if (_outputTail < _outputEnd) {,744,
com/fasterxml/jackson/core/json/UTF8JsonGenerator.java,897,RelationalOperatorReplacement,if (_outputTail >= _outputEnd) {,if (_outputTail < _outputEnd) {,745,
com/fasterxml/jackson/core/json/UTF8JsonGenerator.java,873,RelationalOperatorReplacement,if (ch < 0x800) { // 2-byte?,if (ch >= 0x800) { // 2-byte?,746,
com/fasterxml/jackson/core/json/UTF8JsonGenerator.java,868,RelationalOperatorReplacement,if (++offset >= end) {,if (++offset < end) {,747,
com/fasterxml/jackson/core/json/UTF8JsonGenerator.java,864,RelationalOperatorReplacement,if (ch > 0x7F) {,if (ch <= 0x7F) {,748,
com/fasterxml/jackson/core/json/UTF8JsonGenerator.java,860,RelationalOperatorReplacement,while (offset < end) {,while (offset >= end) {,749,
com/fasterxml/jackson/core/json/UTF8JsonGenerator.java,839,RelationalOperatorReplacement,if (ch < 0x800) { // 2-byte?,if (ch >= 0x800) { // 2-byte?,750,
com/fasterxml/jackson/core/json/UTF8JsonGenerator.java,835,RelationalOperatorReplacement,if ((_outputTail + 3) >= _outputEnd) {,if ((_outputTail + 3) < _outputEnd) {,751,
com/fasterxml/jackson/core/json/UTF8JsonGenerator.java,831,RelationalOperatorReplacement,if (++offset >= inputEnd) {,if (++offset < inputEnd) {,752,
com/fasterxml/jackson/core/json/UTF8JsonGenerator.java,827,RelationalOperatorReplacement,if (_outputTail >= end) {,if (_outputTail < end) {,753,
com/fasterxml/jackson/core/json/UTF8JsonGenerator.java,823,RelationalOperatorReplacement,if (ch > 0x7F) {,if (ch <= 0x7F) {,754,
com/fasterxml/jackson/core/json/UTF8JsonGenerator.java,819,RelationalOperatorReplacement,while (offset < inputEnd) {,while (offset >= inputEnd) {,755,
com/fasterxml/jackson/core/json/UTF8JsonGenerator.java,800,RelationalOperatorReplacement,} else if (ch < 0x800) { // 2-byte?,} else if (ch >= 0x800) { // 2-byte?,756,
com/fasterxml/jackson/core/json/UTF8JsonGenerator.java,798,RelationalOperatorReplacement,if (ch <= 0x7F) {,if (ch > 0x7F) {,757,
com/fasterxml/jackson/core/json/UTF8JsonGenerator.java,794,RelationalOperatorReplacement,if ((_outputTail + 3) >= _outputEnd) {,if ((_outputTail + 3) < _outputEnd) {,758,
com/fasterxml/jackson/core/json/UTF8JsonGenerator.java,782,RelationalOperatorReplacement,if (ch < 0x800) { // 2-byte?,if (ch >= 0x800) { // 2-byte?,759,
com/fasterxml/jackson/core/json/UTF8JsonGenerator.java,777,RelationalOperatorReplacement,if (++offset >= len) {,if (++offset < len) {,760,
com/fasterxml/jackson/core/json/UTF8JsonGenerator.java,773,RelationalOperatorReplacement,if (ch > 0x7F) {,if (ch <= 0x7F) {,761,
com/fasterxml/jackson/core/json/UTF8JsonGenerator.java,769,RelationalOperatorReplacement,while (offset < len) {,while (offset >= len) {,762,
com/fasterxml/jackson/core/json/UTF8JsonGenerator.java,757,RelationalOperatorReplacement,if (_outputEnd < len3) { // wouldn't be enough...,if (_outputEnd >= len3) { // wouldn't be enough...,763,
com/fasterxml/jackson/core/json/UTF8JsonGenerator.java,755,RelationalOperatorReplacement,if ((_outputTail + len3) > _outputEnd) {,if ((_outputTail + len3) <= _outputEnd) {,764,
com/fasterxml/jackson/core/json/UTF8JsonGenerator.java,739,RelationalOperatorReplacement,if (len < 0) {,if (len >= 0) {,765,
com/fasterxml/jackson/core/json/UTF8JsonGenerator.java,727,RelationalOperatorReplacement,if (len < 0) {,if (len >= 0) {,766,
com/fasterxml/jackson/core/json/UTF8JsonGenerator.java,713,RelationalOperatorReplacement,if ((ch >= SURR1_FIRST) && (ch <= SURR1_LAST)) {,if ((ch >= SURR1_FIRST) && (ch > SURR1_LAST)) {,767,
com/fasterxml/jackson/core/json/UTF8JsonGenerator.java,713,RelationalOperatorReplacement,if ((ch >= SURR1_FIRST) && (ch <= SURR1_LAST)) {,if ((ch < SURR1_FIRST) && (ch <= SURR1_LAST)) {,768,
com/fasterxml/jackson/core/json/UTF8JsonGenerator.java,711,RelationalOperatorReplacement,if (len2 > 1) {,if (len2 <= 1) {,769,
com/fasterxml/jackson/core/json/UTF8JsonGenerator.java,702,RelationalOperatorReplacement,if ((_outputTail + maxBytes) > _outputEnd) {,if ((_outputTail + maxBytes) <= _outputEnd) {,770,
com/fasterxml/jackson/core/json/UTF8JsonGenerator.java,699,RelationalOperatorReplacement,while (len > 0) {,while (len <= 0) {,771,
com/fasterxml/jackson/core/json/UTF8JsonGenerator.java,686,RelationalOperatorReplacement,if (len <= cbufLen) {,if (len > cbufLen) {,772,
com/fasterxml/jackson/core/json/UTF8JsonGenerator.java,670,RelationalOperatorReplacement,if (len <= buf.length) {,if (len > buf.length) {,773,
com/fasterxml/jackson/core/json/UTF8JsonGenerator.java,654,RelationalOperatorReplacement,if (_outputTail >= _outputEnd) {,if (_outputTail < _outputEnd) {,774,
com/fasterxml/jackson/core/json/UTF8JsonGenerator.java,649,RelationalOperatorReplacement,if (len <= _outputMaxContiguous) {,if (len > _outputMaxContiguous) {,775,
com/fasterxml/jackson/core/json/UTF8JsonGenerator.java,644,RelationalOperatorReplacement,if (_outputTail >= _outputEnd) {,if (_outputTail < _outputEnd) {,776,
com/fasterxml/jackson/core/json/UTF8JsonGenerator.java,633,RelationalOperatorReplacement,if (_outputTail >= _outputEnd) {,if (_outputTail < _outputEnd) {,777,
com/fasterxml/jackson/core/json/UTF8JsonGenerator.java,628,RelationalOperatorReplacement,if (_outputTail >= _outputEnd) {,if (_outputTail < _outputEnd) {,778,
com/fasterxml/jackson/core/json/UTF8JsonGenerator.java,617,RelationalOperatorReplacement,if (_outputTail >= _outputEnd) {,if (_outputTail < _outputEnd) {,779,
com/fasterxml/jackson/core/json/UTF8JsonGenerator.java,612,RelationalOperatorReplacement,if (len < 0) {,if (len >= 0) {,780,
com/fasterxml/jackson/core/json/UTF8JsonGenerator.java,607,RelationalOperatorReplacement,if (_outputTail >= _outputEnd) {,if (_outputTail < _outputEnd) {,781,
com/fasterxml/jackson/core/json/UTF8JsonGenerator.java,597,RelationalOperatorReplacement,if (_outputTail >= _outputEnd) {,if (_outputTail < _outputEnd) {,782,
com/fasterxml/jackson/core/json/UTF8JsonGenerator.java,589,RelationalOperatorReplacement,if ((_outputTail + len) > _outputEnd) { // caller must ensure enough space,if ((_outputTail + len) <= _outputEnd) { // caller must ensure enough space,783,
com/fasterxml/jackson/core/json/UTF8JsonGenerator.java,588,RelationalOperatorReplacement,if (len <= _outputMaxContiguous) {,if (len > _outputMaxContiguous) {,784,
com/fasterxml/jackson/core/json/UTF8JsonGenerator.java,583,RelationalOperatorReplacement,if (_outputTail >= _outputEnd) {,if (_outputTail < _outputEnd) {,785,
com/fasterxml/jackson/core/json/UTF8JsonGenerator.java,574,RelationalOperatorReplacement,if (toRead > 0 && len >= 0){,if (toRead > 0 && len < 0){,786,
com/fasterxml/jackson/core/json/UTF8JsonGenerator.java,574,RelationalOperatorReplacement,if (toRead > 0 && len >= 0){,if (toRead <= 0 && len >= 0){,787,
com/fasterxml/jackson/core/json/UTF8JsonGenerator.java,569,RelationalOperatorReplacement,if (_outputTail >= _outputEnd) {,if (_outputTail < _outputEnd) {,788,
com/fasterxml/jackson/core/json/UTF8JsonGenerator.java,560,RelationalOperatorReplacement,if ((_outputTail + len) >= _outputEnd) {,if ((_outputTail + len) < _outputEnd) {,789,
com/fasterxml/jackson/core/json/UTF8JsonGenerator.java,557,RelationalOperatorReplacement,if(numRead <= 0){,if(numRead > 0){,790,
com/fasterxml/jackson/core/json/UTF8JsonGenerator.java,554,RelationalOperatorReplacement,while (toRead > 0){,while (toRead <= 0){,791,
com/fasterxml/jackson/core/json/UTF8JsonGenerator.java,548,RelationalOperatorReplacement,if (_outputTail >= _outputEnd) {,if (_outputTail < _outputEnd) {,792,
com/fasterxml/jackson/core/json/UTF8JsonGenerator.java,544,RelationalOperatorReplacement,int toRead = (len >= 0) ? len : Integer.MAX_VALUE;,int toRead = (len < 0) ? len : Integer.MAX_VALUE;,793,
com/fasterxml/jackson/core/json/UTF8JsonGenerator.java,530,RelationalOperatorReplacement,if (_outputTail >= _outputEnd) {,if (_outputTail < _outputEnd) {,795,
com/fasterxml/jackson/core/json/UTF8JsonGenerator.java,525,RelationalOperatorReplacement,if ((_outputTail + len) >= _outputEnd) {,if ((_outputTail + len) < _outputEnd) {,796,
com/fasterxml/jackson/core/json/UTF8JsonGenerator.java,521,RelationalOperatorReplacement,if (len > _outputMaxContiguous) { // nope: off-line handling,if (len <= _outputMaxContiguous) { // nope: off-line handling,797,
com/fasterxml/jackson/core/json/UTF8JsonGenerator.java,498,RelationalOperatorReplacement,if (_outputTail >= _outputEnd) {,if (_outputTail < _outputEnd) {,799,
com/fasterxml/jackson/core/json/UTF8JsonGenerator.java,492,RelationalOperatorReplacement,if (len < 0) {,if (len >= 0) {,800,
com/fasterxml/jackson/core/json/UTF8JsonGenerator.java,486,RelationalOperatorReplacement,if (_outputTail >= _outputEnd) {,if (_outputTail < _outputEnd) {,801,
com/fasterxml/jackson/core/json/UTF8JsonGenerator.java,466,RelationalOperatorReplacement,if (_outputTail >= _outputEnd) {,if (_outputTail < _outputEnd) {,804,
com/fasterxml/jackson/core/json/UTF8JsonGenerator.java,459,RelationalOperatorReplacement,if ((_outputTail + len) > _outputEnd) { // caller must ensure enough space,if ((_outputTail + len) <= _outputEnd) { // caller must ensure enough space,805,
com/fasterxml/jackson/core/json/UTF8JsonGenerator.java,458,RelationalOperatorReplacement,if (len <= _outputMaxContiguous) {,if (len > _outputMaxContiguous) {,806,
com/fasterxml/jackson/core/json/UTF8JsonGenerator.java,452,RelationalOperatorReplacement,if (_outputTail >= _outputEnd) {,if (_outputTail < _outputEnd) {,807,
com/fasterxml/jackson/core/json/UTF8JsonGenerator.java,448,RelationalOperatorReplacement,if (len > _charBufferLength) {,if (len <= _charBufferLength) {,808,
com/fasterxml/jackson/core/json/UTF8JsonGenerator.java,422,RelationalOperatorReplacement,if (_outputTail >= _outputEnd) {,if (_outputTail < _outputEnd) {,811,
com/fasterxml/jackson/core/json/UTF8JsonGenerator.java,401,RelationalOperatorReplacement,if (_outputTail >= _outputEnd) {,if (_outputTail < _outputEnd) {,813,
com/fasterxml/jackson/core/json/UTF8JsonGenerator.java,384,RelationalOperatorReplacement,if (_outputTail >= _outputEnd) {,if (_outputTail < _outputEnd) {,815,
com/fasterxml/jackson/core/json/UTF8JsonGenerator.java,367,RelationalOperatorReplacement,if (_outputTail >= _outputEnd) {,if (_outputTail < _outputEnd) {,817,
com/fasterxml/jackson/core/json/UTF8JsonGenerator.java,351,RelationalOperatorReplacement,if (_outputTail >= _outputEnd) {,if (_outputTail < _outputEnd) {,819,
com/fasterxml/jackson/core/json/UTF8JsonGenerator.java,335,RelationalOperatorReplacement,if (_outputTail >= _outputEnd) {,if (_outputTail < _outputEnd) {,821,
com/fasterxml/jackson/core/json/UTF8JsonGenerator.java,319,RelationalOperatorReplacement,if (_outputTail >= _outputEnd) {,if (_outputTail < _outputEnd) {,823,
com/fasterxml/jackson/core/json/UTF8JsonGenerator.java,297,RelationalOperatorReplacement,if (len < 0) {,if (len >= 0) {,825,
com/fasterxml/jackson/core/json/UTF8JsonGenerator.java,289,RelationalOperatorReplacement,if (_outputTail >= _outputEnd) {,if (_outputTail < _outputEnd) {,826,
com/fasterxml/jackson/core/json/UTF8JsonGenerator.java,284,RelationalOperatorReplacement,"if (len < 0) { // couldn't append, bit longer processing","if (len >= 0) { // couldn't append, bit longer processing",827,
com/fasterxml/jackson/core/json/UTF8JsonGenerator.java,279,RelationalOperatorReplacement,if (_outputTail >= _outputEnd) {,if (_outputTail < _outputEnd) {,828,
com/fasterxml/jackson/core/json/UTF8JsonGenerator.java,270,RelationalOperatorReplacement,if (_outputTail >= _outputEnd) {,if (_outputTail < _outputEnd) {,829,
com/fasterxml/jackson/core/json/UTF8JsonGenerator.java,252,RelationalOperatorReplacement,if (_outputTail >= _outputEnd) {,if (_outputTail < _outputEnd) {,833,
com/fasterxml/jackson/core/json/UTF8JsonGenerator.java,244,RelationalOperatorReplacement,if ((_outputTail + len) > _outputEnd) { // caller must ensure enough space,if ((_outputTail + len) <= _outputEnd) { // caller must ensure enough space,834,
com/fasterxml/jackson/core/json/UTF8JsonGenerator.java,243,RelationalOperatorReplacement,if (len <= _outputMaxContiguous) {,if (len > _outputMaxContiguous) {,835,
com/fasterxml/jackson/core/json/UTF8JsonGenerator.java,238,RelationalOperatorReplacement,if (_outputTail >= _outputEnd) {,if (_outputTail < _outputEnd) {,836,
com/fasterxml/jackson/core/json/UTF8JsonGenerator.java,234,RelationalOperatorReplacement,"if (len > _charBufferLength) { // no, offline","if (len <= _charBufferLength) { // no, offline",837,
com/fasterxml/jackson/core/json/UTF8JsonGenerator.java,220,RelationalOperatorReplacement,if (_outputTail >= _outputEnd) {,if (_outputTail < _outputEnd) {,838,
com/fasterxml/jackson/core/json/UTF8StreamJsonParser.java,3791,RelationalOperatorReplacement,if (bits < 0) {,if (bits >= 0) {,1043,
com/fasterxml/jackson/core/json/UTF8StreamJsonParser.java,3786,RelationalOperatorReplacement,if (_inputPtr >= _inputEnd) {,if (_inputPtr < _inputEnd) {,1044,
com/fasterxml/jackson/core/json/UTF8StreamJsonParser.java,3768,RelationalOperatorReplacement,if (_inputPtr >= _inputEnd) {,if (_inputPtr < _inputEnd) {,1046,
com/fasterxml/jackson/core/json/UTF8StreamJsonParser.java,3752,RelationalOperatorReplacement,if (bits < 0) {,if (bits >= 0) {,1050,
com/fasterxml/jackson/core/json/UTF8StreamJsonParser.java,3745,RelationalOperatorReplacement,if (_inputPtr >= _inputEnd) {,if (_inputPtr < _inputEnd) {,1051,
com/fasterxml/jackson/core/json/UTF8StreamJsonParser.java,3739,RelationalOperatorReplacement,if (bits < 0) {,if (bits >= 0) {,1052,
com/fasterxml/jackson/core/json/UTF8StreamJsonParser.java,3734,RelationalOperatorReplacement,if (_inputPtr >= _inputEnd) {,if (_inputPtr < _inputEnd) {,1053,
com/fasterxml/jackson/core/json/UTF8StreamJsonParser.java,3726,RelationalOperatorReplacement,if (bits < 0) { // white space to skip,if (bits >= 0) { // white space to skip,1054,
com/fasterxml/jackson/core/json/UTF8StreamJsonParser.java,3721,RelationalOperatorReplacement,"if (bits < 0) { // reached the end, fair and square?","if (bits >= 0) { // reached the end, fair and square?",1056,
com/fasterxml/jackson/core/json/UTF8StreamJsonParser.java,3719,RelationalOperatorReplacement,} while (ch <= INT_SPACE);,} while (ch > INT_SPACE);,1057,
com/fasterxml/jackson/core/json/UTF8StreamJsonParser.java,3715,RelationalOperatorReplacement,if (_inputPtr >= _inputEnd) {,if (_inputPtr < _inputEnd) {,1058,
com/fasterxml/jackson/core/json/UTF8StreamJsonParser.java,3668,RelationalOperatorReplacement,if (c < INT_SPACE) {,if (c >= INT_SPACE) {,1059,
com/fasterxml/jackson/core/json/UTF8StreamJsonParser.java,3657,RelationalOperatorReplacement,if (sb.length() >= _ioContext.errorReportConfiguration().getMaxErrorTokenLength()) {,if (sb.length() < _ioContext.errorReportConfiguration().getMaxErrorTokenLength()) {,1060,
com/fasterxml/jackson/core/json/UTF8StreamJsonParser.java,3645,RelationalOperatorReplacement,while ((_inputPtr < _inputEnd) || _loadMore()) {,while ((_inputPtr >= _inputEnd) || _loadMore()) {,1061,
com/fasterxml/jackson/core/json/UTF8StreamJsonParser.java,3617,RelationalOperatorReplacement,if (_inputPtr >= _inputEnd) {,if (_inputPtr < _inputEnd) {,1062,
com/fasterxml/jackson/core/json/UTF8StreamJsonParser.java,3606,RelationalOperatorReplacement,if (_inputPtr < _inputEnd || _loadMore()) {,if (_inputPtr >= _inputEnd || _loadMore()) {,1064,
com/fasterxml/jackson/core/json/UTF8StreamJsonParser.java,3587,RelationalOperatorReplacement,if (_inputPtr >= _inputEnd) {,if (_inputPtr < _inputEnd) {,1066,
com/fasterxml/jackson/core/json/UTF8StreamJsonParser.java,3580,RelationalOperatorReplacement,if (_inputPtr >= _inputEnd) {,if (_inputPtr < _inputEnd) {,1068,
com/fasterxml/jackson/core/json/UTF8StreamJsonParser.java,3573,RelationalOperatorReplacement,if (_inputPtr >= _inputEnd) {,if (_inputPtr < _inputEnd) {,1070,
com/fasterxml/jackson/core/json/UTF8StreamJsonParser.java,3562,RelationalOperatorReplacement,if (_inputPtr >= _inputEnd) {,if (_inputPtr < _inputEnd) {,1072,
com/fasterxml/jackson/core/json/UTF8StreamJsonParser.java,3554,RelationalOperatorReplacement,if (_inputPtr >= _inputEnd) {,if (_inputPtr < _inputEnd) {,1074,
com/fasterxml/jackson/core/json/UTF8StreamJsonParser.java,3540,RelationalOperatorReplacement,if (_inputPtr >= _inputEnd) {,if (_inputPtr < _inputEnd) {,1076,
com/fasterxml/jackson/core/json/UTF8StreamJsonParser.java,3524,RelationalOperatorReplacement,if (_inputPtr >= _inputEnd) {,if (_inputPtr < _inputEnd) {,1078,
com/fasterxml/jackson/core/json/UTF8StreamJsonParser.java,3516,RelationalOperatorReplacement,if (_inputPtr >= _inputEnd) {,if (_inputPtr < _inputEnd) {,1080,
com/fasterxml/jackson/core/json/UTF8StreamJsonParser.java,3507,RelationalOperatorReplacement,if (_inputPtr >= _inputEnd) {,if (_inputPtr < _inputEnd) {,1082,
com/fasterxml/jackson/core/json/UTF8StreamJsonParser.java,3476,RelationalOperatorReplacement,if (_inputPtr >= _inputEnd) {,if (_inputPtr < _inputEnd) {,1086,
com/fasterxml/jackson/core/json/UTF8StreamJsonParser.java,3467,RelationalOperatorReplacement,if (_inputPtr >= _inputEnd) {,if (_inputPtr < _inputEnd) {,1088,
com/fasterxml/jackson/core/json/UTF8StreamJsonParser.java,3455,RelationalOperatorReplacement,if (_inputPtr >= _inputEnd) {,if (_inputPtr < _inputEnd) {,1090,
com/fasterxml/jackson/core/json/UTF8StreamJsonParser.java,3435,RelationalOperatorReplacement,if (needed > 2) { // 4 bytes? (need surrogates),if (needed <= 2) { // 4 bytes? (need surrogates),1092,
com/fasterxml/jackson/core/json/UTF8StreamJsonParser.java,3429,RelationalOperatorReplacement,if (needed > 1) { // needed == 1 means 2 bytes total,if (needed <= 1) { // needed == 1 means 2 bytes total,1094,
com/fasterxml/jackson/core/json/UTF8StreamJsonParser.java,3404,RelationalOperatorReplacement,"if (c > 0x7F) { // if >= 0, is ascii and fine as is","if (c <= 0x7F) { // if >= 0, is ascii and fine as is",1099,
com/fasterxml/jackson/core/json/UTF8StreamJsonParser.java,3393,RelationalOperatorReplacement,if (digit < 0) {,if (digit >= 0) {,1100,
com/fasterxml/jackson/core/json/UTF8StreamJsonParser.java,3386,RelationalOperatorReplacement,if (_inputPtr >= _inputEnd) {,if (_inputPtr < _inputEnd) {,1101,
com/fasterxml/jackson/core/json/UTF8StreamJsonParser.java,3385,RelationalOperatorReplacement,for (int i = 0; i < 4; ++i) {,for (int i = 0; i >= 4; ++i) {,1102,
com/fasterxml/jackson/core/json/UTF8StreamJsonParser.java,3350,RelationalOperatorReplacement,if (_inputPtr >= _inputEnd) {,if (_inputPtr < _inputEnd) {,1103,
com/fasterxml/jackson/core/json/UTF8StreamJsonParser.java,3338,RelationalOperatorReplacement,if (code < 0) {,if (code >= 0) {,1104,
com/fasterxml/jackson/core/json/UTF8StreamJsonParser.java,3314,RelationalOperatorReplacement,while ((_inputPtr < _inputEnd) || _loadMore()) {,while ((_inputPtr >= _inputEnd) || _loadMore()) {,1106,
com/fasterxml/jackson/core/json/UTF8StreamJsonParser.java,3266,RelationalOperatorReplacement,if (_inputPtr >= _inputEnd && !_loadMore()) {,if (_inputPtr < _inputEnd && !_loadMore()) {,1109,
com/fasterxml/jackson/core/json/UTF8StreamJsonParser.java,3260,RelationalOperatorReplacement,while ((_inputPtr < _inputEnd) || _loadMore()) {,while ((_inputPtr >= _inputEnd) || _loadMore()) {,1111,
com/fasterxml/jackson/core/json/UTF8StreamJsonParser.java,3240,RelationalOperatorReplacement,if (_inputPtr >= _inputEnd && !_loadMore()) {,if (_inputPtr < _inputEnd && !_loadMore()) {,1114,
com/fasterxml/jackson/core/json/UTF8StreamJsonParser.java,3201,RelationalOperatorReplacement,if (i > INT_SPACE) {,if (i <= INT_SPACE) {,1123,
com/fasterxml/jackson/core/json/UTF8StreamJsonParser.java,3198,RelationalOperatorReplacement,while (_inputPtr < _inputEnd || _loadMore()) {,while (_inputPtr >= _inputEnd || _loadMore()) {,1124,
com/fasterxml/jackson/core/json/UTF8StreamJsonParser.java,3183,RelationalOperatorReplacement,if (i > INT_SPACE) {,if (i <= INT_SPACE) {,1127,
com/fasterxml/jackson/core/json/UTF8StreamJsonParser.java,3174,RelationalOperatorReplacement,if (i > INT_SPACE) {,if (i <= INT_SPACE) {,1132,
com/fasterxml/jackson/core/json/UTF8StreamJsonParser.java,3159,RelationalOperatorReplacement,if (i > INT_SPACE) {,if (i <= INT_SPACE) {,1138,
com/fasterxml/jackson/core/json/UTF8StreamJsonParser.java,3150,RelationalOperatorReplacement,if (i > INT_SPACE) { // nor trailing,if (i <= INT_SPACE) { // nor trailing,1143,
com/fasterxml/jackson/core/json/UTF8StreamJsonParser.java,3143,RelationalOperatorReplacement,if ((_inputPtr + 4) >= _inputEnd) {,if ((_inputPtr + 4) < _inputEnd) {,1145,
com/fasterxml/jackson/core/json/UTF8StreamJsonParser.java,3115,RelationalOperatorReplacement,if (i > INT_SPACE) {,if (i <= INT_SPACE) {,1152,
com/fasterxml/jackson/core/json/UTF8StreamJsonParser.java,3113,RelationalOperatorReplacement,while ((_inputPtr < _inputEnd) || _loadMore()) {,while ((_inputPtr >= _inputEnd) || _loadMore()) {,1153,
com/fasterxml/jackson/core/json/UTF8StreamJsonParser.java,3090,RelationalOperatorReplacement,if (i > INT_SPACE) {,if (i <= INT_SPACE) {,1160,
com/fasterxml/jackson/core/json/UTF8StreamJsonParser.java,3088,RelationalOperatorReplacement,while (_inputPtr < _inputEnd) {,while (_inputPtr >= _inputEnd) {,1161,
com/fasterxml/jackson/core/json/UTF8StreamJsonParser.java,3070,RelationalOperatorReplacement,if (i > INT_SPACE) {,if (i <= INT_SPACE) {,1168,
com/fasterxml/jackson/core/json/UTF8StreamJsonParser.java,3064,RelationalOperatorReplacement,if (_inputPtr >= _inputEnd) {,if (_inputPtr < _inputEnd) {,1169,
com/fasterxml/jackson/core/json/UTF8StreamJsonParser.java,3034,RelationalOperatorReplacement,if (i > INT_SPACE) {,if (i <= INT_SPACE) {,1176,
com/fasterxml/jackson/core/json/UTF8StreamJsonParser.java,3032,RelationalOperatorReplacement,while (_inputPtr < _inputEnd || _loadMore()) {,while (_inputPtr >= _inputEnd || _loadMore()) {,1177,
com/fasterxml/jackson/core/json/UTF8StreamJsonParser.java,3009,RelationalOperatorReplacement,if (i > INT_SPACE) {,if (i <= INT_SPACE) {,1184,
com/fasterxml/jackson/core/json/UTF8StreamJsonParser.java,3007,RelationalOperatorReplacement,while (_inputPtr < _inputEnd) {,while (_inputPtr >= _inputEnd) {,1185,
com/fasterxml/jackson/core/json/UTF8StreamJsonParser.java,2986,RelationalOperatorReplacement,if (ch >= '0' && ch != ']' && ch != '}') { // expected/allowed chars,if (ch < '0' && ch != ']' && ch != '}') { // expected/allowed chars,1188,
com/fasterxml/jackson/core/json/UTF8StreamJsonParser.java,2982,RelationalOperatorReplacement,if (_inputPtr >= _inputEnd && !_loadMore()) {,if (_inputPtr < _inputEnd && !_loadMore()) {,1189,
com/fasterxml/jackson/core/json/UTF8StreamJsonParser.java,2979,RelationalOperatorReplacement,} while (++i < len);,} while (++i >= len);,1190,
com/fasterxml/jackson/core/json/UTF8StreamJsonParser.java,2974,RelationalOperatorReplacement,if (((_inputPtr >= _inputEnd) && !_loadMore()),if (((_inputPtr < _inputEnd) && !_loadMore()),1192,
com/fasterxml/jackson/core/json/UTF8StreamJsonParser.java,2965,RelationalOperatorReplacement,if (ch >= '0' && ch != ']' && ch != '}') { // expected/allowed chars,if (ch < '0' && ch != ']' && ch != '}') { // expected/allowed chars,1195,
com/fasterxml/jackson/core/json/UTF8StreamJsonParser.java,2962,RelationalOperatorReplacement,} while (++i < len);,} while (++i >= len);,1196,
com/fasterxml/jackson/core/json/UTF8StreamJsonParser.java,2953,RelationalOperatorReplacement,if ((_inputPtr + len) >= _inputEnd) {,if ((_inputPtr + len) < _inputEnd) {,1198,
com/fasterxml/jackson/core/json/UTF8StreamJsonParser.java,2941,RelationalOperatorReplacement,if (ch < INT_0 || (ch | 0x20) == INT_RCURLY) { // < '0' || ~ '}]' expected/allowed chars,if (ch >= INT_0 || (ch | 0x20) == INT_RCURLY) { // < '0' || ~ '}]' expected/allowed chars,1200,
com/fasterxml/jackson/core/json/UTF8StreamJsonParser.java,2935,RelationalOperatorReplacement,if ((ptr + 3) < _inputEnd) {,if ((ptr + 3) >= _inputEnd) {,1204,
com/fasterxml/jackson/core/json/UTF8StreamJsonParser.java,2923,RelationalOperatorReplacement,if (ch < INT_0 || (ch | 0x20) == INT_RCURLY) { // < '0' || ~ '}]' expected/allowed chars,if (ch >= INT_0 || (ch | 0x20) == INT_RCURLY) { // < '0' || ~ '}]' expected/allowed chars,1206,
com/fasterxml/jackson/core/json/UTF8StreamJsonParser.java,2916,RelationalOperatorReplacement,if ((ptr + 4) < _inputEnd) {,if ((ptr + 4) >= _inputEnd) {,1211,
com/fasterxml/jackson/core/json/UTF8StreamJsonParser.java,2904,RelationalOperatorReplacement,if (ch < INT_0 || (ch | 0x20) == INT_RCURLY) { // < '0' || ~ '}]' expected/allowed chars,if (ch >= INT_0 || (ch | 0x20) == INT_RCURLY) { // < '0' || ~ '}]' expected/allowed chars,1213,
com/fasterxml/jackson/core/json/UTF8StreamJsonParser.java,2898,RelationalOperatorReplacement,if ((ptr + 3) < _inputEnd) {,if ((ptr + 3) >= _inputEnd) {,1217,
com/fasterxml/jackson/core/json/UTF8StreamJsonParser.java,2863,RelationalOperatorReplacement,if (_inputPtr >= _inputEnd) {,if (_inputPtr < _inputEnd) {,1221,
com/fasterxml/jackson/core/json/UTF8StreamJsonParser.java,2835,RelationalOperatorReplacement,if (outPtr >= outBuf.length) {,if (outPtr < outBuf.length) {,1223,
com/fasterxml/jackson/core/json/UTF8StreamJsonParser.java,2828,RelationalOperatorReplacement,if (c < INT_SPACE) {,if (c >= INT_SPACE) {,1224,
com/fasterxml/jackson/core/json/UTF8StreamJsonParser.java,2820,RelationalOperatorReplacement,if (outPtr >= outBuf.length) {,if (outPtr < outBuf.length) {,1225,
com/fasterxml/jackson/core/json/UTF8StreamJsonParser.java,2810,RelationalOperatorReplacement,if ((_inputEnd - _inputPtr) >= 2) {,if ((_inputEnd - _inputPtr) < 2) {,1226,
com/fasterxml/jackson/core/json/UTF8StreamJsonParser.java,2787,RelationalOperatorReplacement,while (_inputPtr < max) {,while (_inputPtr >= max) {,1230,
com/fasterxml/jackson/core/json/UTF8StreamJsonParser.java,2783,RelationalOperatorReplacement,if (max2 < max) {,if (max2 >= max) {,1231,
com/fasterxml/jackson/core/json/UTF8StreamJsonParser.java,2775,RelationalOperatorReplacement,if (outPtr >= outBuf.length) {,if (outPtr < outBuf.length) {,1232,
com/fasterxml/jackson/core/json/UTF8StreamJsonParser.java,2772,RelationalOperatorReplacement,if (_inputPtr >= _inputEnd) {,if (_inputPtr < _inputEnd) {,1233,
com/fasterxml/jackson/core/json/UTF8StreamJsonParser.java,2740,RelationalOperatorReplacement,if (_inputPtr >= _inputEnd) {,if (_inputPtr < _inputEnd) {,1234,
com/fasterxml/jackson/core/json/UTF8StreamJsonParser.java,2667,RelationalOperatorReplacement,if (c < INT_SPACE) {,if (c >= INT_SPACE) {,1239,
com/fasterxml/jackson/core/json/UTF8StreamJsonParser.java,2639,RelationalOperatorReplacement,while (ptr < max) {,while (ptr >= max) {,1242,
com/fasterxml/jackson/core/json/UTF8StreamJsonParser.java,2634,RelationalOperatorReplacement,if (ptr >= max) {,if (ptr < max) {,1243,
com/fasterxml/jackson/core/json/UTF8StreamJsonParser.java,2600,RelationalOperatorReplacement,if (outPtr >= outBuf.length) {,if (outPtr < outBuf.length) {,1244,
com/fasterxml/jackson/core/json/UTF8StreamJsonParser.java,2591,RelationalOperatorReplacement,if (c < INT_SPACE) {,if (c >= INT_SPACE) {,1245,
com/fasterxml/jackson/core/json/UTF8StreamJsonParser.java,2583,RelationalOperatorReplacement,if (outPtr >= outBuf.length) {,if (outPtr < outBuf.length) {,1246,
com/fasterxml/jackson/core/json/UTF8StreamJsonParser.java,2573,RelationalOperatorReplacement,if ((_inputEnd - _inputPtr) >= 2) {,if ((_inputEnd - _inputPtr) < 2) {,1247,
com/fasterxml/jackson/core/json/UTF8StreamJsonParser.java,2550,RelationalOperatorReplacement,while (ptr < max) {,while (ptr >= max) {,1250,
com/fasterxml/jackson/core/json/UTF8StreamJsonParser.java,2543,RelationalOperatorReplacement,if (outPtr >= outBuf.length) {,if (outPtr < outBuf.length) {,1251,
com/fasterxml/jackson/core/json/UTF8StreamJsonParser.java,2539,RelationalOperatorReplacement,if (ptr >= _inputEnd) {,if (ptr < _inputEnd) {,1252,
com/fasterxml/jackson/core/json/UTF8StreamJsonParser.java,2507,RelationalOperatorReplacement,while (ptr < max) {,while (ptr >= max) {,1255,
com/fasterxml/jackson/core/json/UTF8StreamJsonParser.java,2497,RelationalOperatorReplacement,if (ptr >= _inputEnd) {,if (ptr < _inputEnd) {,1256,
com/fasterxml/jackson/core/json/UTF8StreamJsonParser.java,2475,RelationalOperatorReplacement,while (ptr < max) {,while (ptr >= max) {,1259,
com/fasterxml/jackson/core/json/UTF8StreamJsonParser.java,2465,RelationalOperatorReplacement,if (ptr >= _inputEnd) {,if (ptr < _inputEnd) {,1260,
com/fasterxml/jackson/core/json/UTF8StreamJsonParser.java,2439,RelationalOperatorReplacement,if (lastQuadBytes < 4) {,if (lastQuadBytes >= 4) {,1262,
com/fasterxml/jackson/core/json/UTF8StreamJsonParser.java,2430,RelationalOperatorReplacement,if (cix >= cbuf.length) {,if (cix < cbuf.length) {,1263,
com/fasterxml/jackson/core/json/UTF8StreamJsonParser.java,2423,RelationalOperatorReplacement,if (cix >= cbuf.length) {,if (cix < cbuf.length) {,1264,
com/fasterxml/jackson/core/json/UTF8StreamJsonParser.java,2421,RelationalOperatorReplacement,"if (needed > 2) { // surrogate pair? once again, let's output one here, one later on","if (needed <= 2) { // surrogate pair? once again, let's output one here, one later on",1265,
com/fasterxml/jackson/core/json/UTF8StreamJsonParser.java,2410,RelationalOperatorReplacement,if (needed > 2) { // 4 bytes? (need surrogates on output),if (needed <= 2) { // 4 bytes? (need surrogates on output),1267,
com/fasterxml/jackson/core/json/UTF8StreamJsonParser.java,2400,RelationalOperatorReplacement,if (needed > 1) {,if (needed <= 1) {,1269,
com/fasterxml/jackson/core/json/UTF8StreamJsonParser.java,2386,RelationalOperatorReplacement,if ((ix + needed) > byteLen) {,if ((ix + needed) <= byteLen) {,1271,
com/fasterxml/jackson/core/json/UTF8StreamJsonParser.java,2371,RelationalOperatorReplacement,if (ch > 127) { // multi-byte,if (ch <= 127) { // multi-byte,1275,
com/fasterxml/jackson/core/json/UTF8StreamJsonParser.java,2365,RelationalOperatorReplacement,for (int ix = 0; ix < byteLen; ) {,for (int ix = 0; ix >= byteLen; ) {,1276,
com/fasterxml/jackson/core/json/UTF8StreamJsonParser.java,2353,RelationalOperatorReplacement,if (lastQuadBytes < 4) {,if (lastQuadBytes >= 4) {,1277,
com/fasterxml/jackson/core/json/UTF8StreamJsonParser.java,2319,RelationalOperatorReplacement,if (qlen >= quads.length) {,if (qlen < quads.length) {,1279,
com/fasterxml/jackson/core/json/UTF8StreamJsonParser.java,2254,RelationalOperatorReplacement,if (qlen >= quads.length) {,if (qlen < quads.length) {,1284,
com/fasterxml/jackson/core/json/UTF8StreamJsonParser.java,2253,RelationalOperatorReplacement,if (currQuadBytes > 0) {,if (currQuadBytes <= 0) {,1285,
com/fasterxml/jackson/core/json/UTF8StreamJsonParser.java,2245,RelationalOperatorReplacement,if (_inputPtr >= _inputEnd) {,if (_inputPtr < _inputEnd) {,1286,
com/fasterxml/jackson/core/json/UTF8StreamJsonParser.java,2238,RelationalOperatorReplacement,if (qlen >= quads.length) {,if (qlen < quads.length) {,1287,
com/fasterxml/jackson/core/json/UTF8StreamJsonParser.java,2234,RelationalOperatorReplacement,if (currQuadBytes < 4) {,if (currQuadBytes >= 4) {,1288,
com/fasterxml/jackson/core/json/UTF8StreamJsonParser.java,2219,RelationalOperatorReplacement,if (qlen >= quads.length) {,if (qlen < quads.length) {,1289,
com/fasterxml/jackson/core/json/UTF8StreamJsonParser.java,2218,RelationalOperatorReplacement,if (currQuadBytes >= 4) {,if (currQuadBytes < 4) {,1290,
com/fasterxml/jackson/core/json/UTF8StreamJsonParser.java,2210,RelationalOperatorReplacement,if (ch < 0x800) { // 2-byte,if (ch >= 0x800) { // 2-byte,1291,
com/fasterxml/jackson/core/json/UTF8StreamJsonParser.java,2203,RelationalOperatorReplacement,if (qlen >= quads.length) {,if (qlen < quads.length) {,1292,
com/fasterxml/jackson/core/json/UTF8StreamJsonParser.java,2202,RelationalOperatorReplacement,if (currQuadBytes >= 4) {,if (currQuadBytes < 4) {,1293,
com/fasterxml/jackson/core/json/UTF8StreamJsonParser.java,2200,RelationalOperatorReplacement,if (ch > 127) {,if (ch <= 127) {,1294,
com/fasterxml/jackson/core/json/UTF8StreamJsonParser.java,2167,RelationalOperatorReplacement,if (_inputPtr >= _inputEnd) {,if (_inputPtr < _inputEnd) {,1300,
com/fasterxml/jackson/core/json/UTF8StreamJsonParser.java,2149,RelationalOperatorReplacement,if (qlen >= quads.length) {,if (qlen < quads.length) {,1302,
com/fasterxml/jackson/core/json/UTF8StreamJsonParser.java,2148,RelationalOperatorReplacement,if (currQuadBytes > 0) {,if (currQuadBytes <= 0) {,1303,
com/fasterxml/jackson/core/json/UTF8StreamJsonParser.java,2136,RelationalOperatorReplacement,if (_inputPtr >= _inputEnd) {,if (_inputPtr < _inputEnd) {,1305,
com/fasterxml/jackson/core/json/UTF8StreamJsonParser.java,2129,RelationalOperatorReplacement,if (qlen >= quads.length) {,if (qlen < quads.length) {,1306,
com/fasterxml/jackson/core/json/UTF8StreamJsonParser.java,2125,RelationalOperatorReplacement,if (currQuadBytes < 4) {,if (currQuadBytes >= 4) {,1307,
com/fasterxml/jackson/core/json/UTF8StreamJsonParser.java,2069,RelationalOperatorReplacement,if (qlen >= quads.length) {,if (qlen < quads.length) {,1313,
com/fasterxml/jackson/core/json/UTF8StreamJsonParser.java,2068,RelationalOperatorReplacement,if (currQuadBytes > 0) {,if (currQuadBytes <= 0) {,1314,
com/fasterxml/jackson/core/json/UTF8StreamJsonParser.java,2060,RelationalOperatorReplacement,if (_inputPtr >= _inputEnd) {,if (_inputPtr < _inputEnd) {,1315,
com/fasterxml/jackson/core/json/UTF8StreamJsonParser.java,2053,RelationalOperatorReplacement,if (qlen >= quads.length) {,if (qlen < quads.length) {,1316,
com/fasterxml/jackson/core/json/UTF8StreamJsonParser.java,2049,RelationalOperatorReplacement,if (currQuadBytes < 4) {,if (currQuadBytes >= 4) {,1317,
com/fasterxml/jackson/core/json/UTF8StreamJsonParser.java,2034,RelationalOperatorReplacement,if (qlen >= quads.length) {,if (qlen < quads.length) {,1318,
com/fasterxml/jackson/core/json/UTF8StreamJsonParser.java,2033,RelationalOperatorReplacement,if (currQuadBytes >= 4) {,if (currQuadBytes < 4) {,1319,
com/fasterxml/jackson/core/json/UTF8StreamJsonParser.java,2025,RelationalOperatorReplacement,if (ch < 0x800) { // 2-byte,if (ch >= 0x800) { // 2-byte,1320,
com/fasterxml/jackson/core/json/UTF8StreamJsonParser.java,2018,RelationalOperatorReplacement,if (qlen >= quads.length) {,if (qlen < quads.length) {,1321,
com/fasterxml/jackson/core/json/UTF8StreamJsonParser.java,2017,RelationalOperatorReplacement,if (currQuadBytes >= 4) {,if (currQuadBytes < 4) {,1322,
com/fasterxml/jackson/core/json/UTF8StreamJsonParser.java,2015,RelationalOperatorReplacement,if (ch > 127) {,if (ch <= 127) {,1323,
com/fasterxml/jackson/core/json/UTF8StreamJsonParser.java,1960,RelationalOperatorReplacement,if (_inputPtr >= _inputEnd) {,if (_inputPtr < _inputEnd) {,1328,
com/fasterxml/jackson/core/json/UTF8StreamJsonParser.java,1941,RelationalOperatorReplacement,if (qlen >= _quadBuffer.length) {,if (qlen < _quadBuffer.length) {,1329,
com/fasterxml/jackson/core/json/UTF8StreamJsonParser.java,1904,RelationalOperatorReplacement,while ((_inputPtr + 4) <= _inputEnd) {,while ((_inputPtr + 4) > _inputEnd) {,1338,
com/fasterxml/jackson/core/json/UTF8StreamJsonParser.java,1756,RelationalOperatorReplacement,"if ((_inputPtr + 13) > _inputEnd) { // Need up to 12 chars, plus one trailing (quote)","if ((_inputPtr + 13) <= _inputEnd) { // Need up to 12 chars, plus one trailing (quote)",1365,
com/fasterxml/jackson/core/json/UTF8StreamJsonParser.java,1683,RelationalOperatorReplacement,if (_inputPtr >= _inputEnd && !_loadMore()) {,if (_inputPtr < _inputEnd && !_loadMore()) {,1368,
com/fasterxml/jackson/core/json/UTF8StreamJsonParser.java,1678,RelationalOperatorReplacement,if (outPtr >= outBuf.length) {,if (outPtr < outBuf.length) {,1369,
com/fasterxml/jackson/core/json/UTF8StreamJsonParser.java,1676,RelationalOperatorReplacement,while (c >= INT_0 && c <= INT_9) {,while (c >= INT_0 && c > INT_9) {,1370,
com/fasterxml/jackson/core/json/UTF8StreamJsonParser.java,1676,RelationalOperatorReplacement,while (c >= INT_0 && c <= INT_9) {,while (c < INT_0 && c <= INT_9) {,1371,
com/fasterxml/jackson/core/json/UTF8StreamJsonParser.java,1669,RelationalOperatorReplacement,if (_inputPtr >= _inputEnd) {,if (_inputPtr < _inputEnd) {,1372,
com/fasterxml/jackson/core/json/UTF8StreamJsonParser.java,1663,RelationalOperatorReplacement,if (outPtr >= outBuf.length) {,if (outPtr < outBuf.length) {,1373,
com/fasterxml/jackson/core/json/UTF8StreamJsonParser.java,1657,RelationalOperatorReplacement,if (_inputPtr >= _inputEnd) {,if (_inputPtr < _inputEnd) {,1376,
com/fasterxml/jackson/core/json/UTF8StreamJsonParser.java,1651,RelationalOperatorReplacement,if (outPtr >= outBuf.length) {,if (outPtr < outBuf.length) {,1377,
com/fasterxml/jackson/core/json/UTF8StreamJsonParser.java,1635,RelationalOperatorReplacement,if (outPtr >= outBuf.length) {,if (outPtr < outBuf.length) {,1380,
com/fasterxml/jackson/core/json/UTF8StreamJsonParser.java,1631,RelationalOperatorReplacement,if (c < INT_0 || c > INT_9) {,if (c < INT_0 || c <= INT_9) {,1381,
com/fasterxml/jackson/core/json/UTF8StreamJsonParser.java,1631,RelationalOperatorReplacement,if (c < INT_0 || c > INT_9) {,if (c >= INT_0 || c > INT_9) {,1382,
com/fasterxml/jackson/core/json/UTF8StreamJsonParser.java,1626,RelationalOperatorReplacement,if (_inputPtr >= _inputEnd && !_loadMore()) {,if (_inputPtr < _inputEnd && !_loadMore()) {,1383,
com/fasterxml/jackson/core/json/UTF8StreamJsonParser.java,1618,RelationalOperatorReplacement,if (outPtr >= outBuf.length) {,if (outPtr < outBuf.length) {,1384,
com/fasterxml/jackson/core/json/UTF8StreamJsonParser.java,1598,RelationalOperatorReplacement,if (ch < INT_0 || ch > INT_9) { // followed by non-number; retain one zero,if (ch < INT_0 || ch <= INT_9) { // followed by non-number; retain one zero,1387,
com/fasterxml/jackson/core/json/UTF8StreamJsonParser.java,1598,RelationalOperatorReplacement,if (ch < INT_0 || ch > INT_9) { // followed by non-number; retain one zero,if (ch >= INT_0 || ch > INT_9) { // followed by non-number; retain one zero,1388,
com/fasterxml/jackson/core/json/UTF8StreamJsonParser.java,1596,RelationalOperatorReplacement,while (_inputPtr < _inputEnd || _loadMore()) {,while (_inputPtr >= _inputEnd || _loadMore()) {,1389,
com/fasterxml/jackson/core/json/UTF8StreamJsonParser.java,1586,RelationalOperatorReplacement,if (ch < INT_0 || ch > INT_9) {,if (ch < INT_0 || ch <= INT_9) {,1392,
com/fasterxml/jackson/core/json/UTF8StreamJsonParser.java,1586,RelationalOperatorReplacement,if (ch < INT_0 || ch > INT_9) {,if (ch >= INT_0 || ch > INT_9) {,1393,
com/fasterxml/jackson/core/json/UTF8StreamJsonParser.java,1581,RelationalOperatorReplacement,if (_inputPtr >= _inputEnd && !_loadMore()) {,if (_inputPtr < _inputEnd && !_loadMore()) {,1394,
com/fasterxml/jackson/core/json/UTF8StreamJsonParser.java,1557,RelationalOperatorReplacement,if (outPtr >= outBuf.length) {,if (outPtr < outBuf.length) {,1395,
com/fasterxml/jackson/core/json/UTF8StreamJsonParser.java,1551,RelationalOperatorReplacement,if (c > INT_9 || c < INT_0) {,if (c > INT_9 || c >= INT_0) {,1398,
com/fasterxml/jackson/core/json/UTF8StreamJsonParser.java,1551,RelationalOperatorReplacement,if (c > INT_9 || c < INT_0) {,if (c <= INT_9 || c < INT_0) {,1399,
com/fasterxml/jackson/core/json/UTF8StreamJsonParser.java,1546,RelationalOperatorReplacement,if (_inputPtr >= _inputEnd && !_loadMore()) {,if (_inputPtr < _inputEnd && !_loadMore()) {,1400,
com/fasterxml/jackson/core/json/UTF8StreamJsonParser.java,1518,RelationalOperatorReplacement,if (c < INT_0 || c > INT_9) {,if (c < INT_0 || c <= INT_9) {,1403,
com/fasterxml/jackson/core/json/UTF8StreamJsonParser.java,1518,RelationalOperatorReplacement,if (c < INT_0 || c > INT_9) {,if (c >= INT_0 || c > INT_9) {,1404,
com/fasterxml/jackson/core/json/UTF8StreamJsonParser.java,1513,RelationalOperatorReplacement,if (_inputPtr >= end) {,if (_inputPtr < end) {,1405,
com/fasterxml/jackson/core/json/UTF8StreamJsonParser.java,1500,RelationalOperatorReplacement,} else if (c > INT_9) {,} else if (c <= INT_9) {,1406,
com/fasterxml/jackson/core/json/UTF8StreamJsonParser.java,1491,RelationalOperatorReplacement,if (c <= INT_0) {,if (c > INT_0) {,1409,
com/fasterxml/jackson/core/json/UTF8StreamJsonParser.java,1486,RelationalOperatorReplacement,if (_inputPtr >= _inputEnd) {,if (_inputPtr < _inputEnd) {,1410,
com/fasterxml/jackson/core/json/UTF8StreamJsonParser.java,1457,RelationalOperatorReplacement,if (c < INT_0 || c > INT_9) {,if (c < INT_0 || c <= INT_9) {,1413,
com/fasterxml/jackson/core/json/UTF8StreamJsonParser.java,1457,RelationalOperatorReplacement,if (c < INT_0 || c > INT_9) {,if (c >= INT_0 || c > INT_9) {,1414,
com/fasterxml/jackson/core/json/UTF8StreamJsonParser.java,1453,RelationalOperatorReplacement,"if (_inputPtr >= end) { // split across boundary, offline","if (_inputPtr < end) { // split across boundary, offline",1415,
com/fasterxml/jackson/core/json/UTF8StreamJsonParser.java,1139,RelationalOperatorReplacement,if (i > INT_SPACE) {,if (i <= INT_SPACE) {,1442,
com/fasterxml/jackson/core/json/UTF8StreamJsonParser.java,1132,RelationalOperatorReplacement,if (i > INT_SPACE) {,if (i <= INT_SPACE) {,1447,
com/fasterxml/jackson/core/json/UTF8StreamJsonParser.java,1117,RelationalOperatorReplacement,if (i > INT_SPACE) {,if (i <= INT_SPACE) {,1453,
com/fasterxml/jackson/core/json/UTF8StreamJsonParser.java,1110,RelationalOperatorReplacement,if (i > INT_SPACE) { // nor trailing,if (i <= INT_SPACE) { // nor trailing,1458,
com/fasterxml/jackson/core/json/UTF8StreamJsonParser.java,1000,RelationalOperatorReplacement,if (i < 0) {,if (i >= 0) {,1467,
com/fasterxml/jackson/core/json/UTF8StreamJsonParser.java,962,RelationalOperatorReplacement,if ((_inputPtr + len + 4) < _inputEnd) { // maybe...,if ((_inputPtr + len + 4) >= _inputEnd) { // maybe...,1472,
com/fasterxml/jackson/core/json/UTF8StreamJsonParser.java,914,RelationalOperatorReplacement,if (i < 0) { // end-of-input,if (i >= 0) { // end-of-input,1480,
com/fasterxml/jackson/core/json/UTF8StreamJsonParser.java,717,RelationalOperatorReplacement,if (i < 0) { // end-of-input,if (i >= 0) { // end-of-input,1492,
com/fasterxml/jackson/core/json/UTF8StreamJsonParser.java,683,RelationalOperatorReplacement,if (outputPtr > 0) {,if (outputPtr <= 0) {,1494,
com/fasterxml/jackson/core/json/UTF8StreamJsonParser.java,648,RelationalOperatorReplacement,if (bits < 0) {,if (bits >= 0) {,1498,
com/fasterxml/jackson/core/json/UTF8StreamJsonParser.java,643,RelationalOperatorReplacement,if (_inputPtr >= _inputEnd) {,if (_inputPtr < _inputEnd) {,1499,
com/fasterxml/jackson/core/json/UTF8StreamJsonParser.java,625,RelationalOperatorReplacement,if (_inputPtr >= _inputEnd) {,if (_inputPtr < _inputEnd) {,1501,
com/fasterxml/jackson/core/json/UTF8StreamJsonParser.java,609,RelationalOperatorReplacement,if (bits < 0) {,if (bits >= 0) {,1505,
com/fasterxml/jackson/core/json/UTF8StreamJsonParser.java,602,RelationalOperatorReplacement,if (_inputPtr >= _inputEnd) {,if (_inputPtr < _inputEnd) {,1506,
com/fasterxml/jackson/core/json/UTF8StreamJsonParser.java,596,RelationalOperatorReplacement,if (bits < 0) {,if (bits >= 0) {,1507,
com/fasterxml/jackson/core/json/UTF8StreamJsonParser.java,591,RelationalOperatorReplacement,if (_inputPtr >= _inputEnd) {,if (_inputPtr < _inputEnd) {,1508,
com/fasterxml/jackson/core/json/UTF8StreamJsonParser.java,581,RelationalOperatorReplacement,if (outputPtr > outputEnd) {,if (outputPtr <= outputEnd) {,1509,
com/fasterxml/jackson/core/json/UTF8StreamJsonParser.java,575,RelationalOperatorReplacement,if (bits < 0) { // white space to skip,if (bits >= 0) { // white space to skip,1510,
com/fasterxml/jackson/core/json/UTF8StreamJsonParser.java,570,RelationalOperatorReplacement,"if (bits < 0) { // reached the end, fair and square?","if (bits >= 0) { // reached the end, fair and square?",1512,
com/fasterxml/jackson/core/json/UTF8StreamJsonParser.java,568,RelationalOperatorReplacement,} while (ch <= INT_SPACE);,} while (ch > INT_SPACE);,1513,
com/fasterxml/jackson/core/json/UTF8StreamJsonParser.java,564,RelationalOperatorReplacement,if (_inputPtr >= _inputEnd) {,if (_inputPtr < _inputEnd) {,1514,
com/fasterxml/jackson/core/json/UTF8StreamJsonParser.java,435,RelationalOperatorReplacement,} else if (_nameCopyBuffer.length < nameLen) {,} else if (_nameCopyBuffer.length >= nameLen) {,1522,
com/fasterxml/jackson/core/json/UTF8StreamJsonParser.java,221,RelationalOperatorReplacement,if (count > 0) {,if (count <= 0) {,1548,
com/fasterxml/jackson/core/json/UTF8StreamJsonParser.java,185,RelationalOperatorReplacement,if (count < 1) {,if (count >= 1) {,1551,
com/fasterxml/jackson/core/json/WriterBasedJsonGenerator.java,2062,RelationalOperatorReplacement,if (len > 0) {,if (len <= 0) {,468,
com/fasterxml/jackson/core/json/WriterBasedJsonGenerator.java,2023,RelationalOperatorReplacement,if (len > _outputEnd) { // very very long escape; unlikely but theoretically possible,if (len <= _outputEnd) { // very very long escape; unlikely but theoretically possible,470,
com/fasterxml/jackson/core/json/WriterBasedJsonGenerator.java,2021,RelationalOperatorReplacement,if ((_outputTail + len) > _outputEnd) {,if ((_outputTail + len) <= _outputEnd) {,471,
com/fasterxml/jackson/core/json/WriterBasedJsonGenerator.java,1999,RelationalOperatorReplacement,if (ch > 0xFF) { // beyond 8 bytes,if (ch <= 0xFF) { // beyond 8 bytes,473,
com/fasterxml/jackson/core/json/WriterBasedJsonGenerator.java,1990,RelationalOperatorReplacement,if ((_outputTail + 5) >= _outputEnd) {,if ((_outputTail + 5) < _outputEnd) {,474,
com/fasterxml/jackson/core/json/WriterBasedJsonGenerator.java,1982,RelationalOperatorReplacement,if ((_outputTail + 2) > _outputEnd) {,if ((_outputTail + 2) <= _outputEnd) {,476,
com/fasterxml/jackson/core/json/WriterBasedJsonGenerator.java,1981,RelationalOperatorReplacement,if (escCode >= 0) { // \\N (2 char),if (escCode < 0) { // \\N (2 char),477,
com/fasterxml/jackson/core/json/WriterBasedJsonGenerator.java,1965,RelationalOperatorReplacement,"if (ptr >= len && ptr < end) { // fits in, prepend","if (ptr >= len && ptr >= end) { // fits in, prepend",478,
com/fasterxml/jackson/core/json/WriterBasedJsonGenerator.java,1965,RelationalOperatorReplacement,"if (ptr >= len && ptr < end) { // fits in, prepend","if (ptr < len && ptr < end) { // fits in, prepend",479,
com/fasterxml/jackson/core/json/WriterBasedJsonGenerator.java,1941,RelationalOperatorReplacement,if (ch > 0xFF) { // beyond 8 bytes,if (ch <= 0xFF) { // beyond 8 bytes,481,
com/fasterxml/jackson/core/json/WriterBasedJsonGenerator.java,1922,RelationalOperatorReplacement,if (ch > 0xFF) { // beyond 8 bytes,if (ch <= 0xFF) { // beyond 8 bytes,483,
com/fasterxml/jackson/core/json/WriterBasedJsonGenerator.java,1917,RelationalOperatorReplacement,"if (ptr > 5 && ptr < end) { // fits, prepend to buffer","if (ptr > 5 && ptr >= end) { // fits, prepend to buffer",484,
com/fasterxml/jackson/core/json/WriterBasedJsonGenerator.java,1917,RelationalOperatorReplacement,"if (ptr > 5 && ptr < end) { // fits, prepend to buffer","if (ptr <= 5 && ptr < end) { // fits, prepend to buffer",485,
com/fasterxml/jackson/core/json/WriterBasedJsonGenerator.java,1901,RelationalOperatorReplacement,"if (ptr > 1 && ptr < end) { // fits, just prepend","if (ptr > 1 && ptr >= end) { // fits, just prepend",488,
com/fasterxml/jackson/core/json/WriterBasedJsonGenerator.java,1901,RelationalOperatorReplacement,"if (ptr > 1 && ptr < end) { // fits, just prepend","if (ptr <= 1 && ptr < end) { // fits, just prepend",489,
com/fasterxml/jackson/core/json/WriterBasedJsonGenerator.java,1900,RelationalOperatorReplacement,if (escCode >= 0) { // \\N (2 char),if (escCode < 0) { // \\N (2 char),490,
com/fasterxml/jackson/core/json/WriterBasedJsonGenerator.java,1878,RelationalOperatorReplacement,"if (_outputTail >= len) { // fits in, prepend","if (_outputTail < len) { // fits in, prepend",491,
com/fasterxml/jackson/core/json/WriterBasedJsonGenerator.java,1854,RelationalOperatorReplacement,if (ch > 0xFF) { // beyond 8 bytes,if (ch <= 0xFF) { // beyond 8 bytes,493,
com/fasterxml/jackson/core/json/WriterBasedJsonGenerator.java,1835,RelationalOperatorReplacement,if (ch > 0xFF) { // beyond 8 bytes,if (ch <= 0xFF) { // beyond 8 bytes,495,
com/fasterxml/jackson/core/json/WriterBasedJsonGenerator.java,1828,RelationalOperatorReplacement,"if (_outputTail >= 6) { // fits, prepend to buffer","if (_outputTail < 6) { // fits, prepend to buffer",496,
com/fasterxml/jackson/core/json/WriterBasedJsonGenerator.java,1809,RelationalOperatorReplacement,"if (_outputTail >= 2) { // fits, just prepend","if (_outputTail < 2) { // fits, just prepend",499,
com/fasterxml/jackson/core/json/WriterBasedJsonGenerator.java,1808,RelationalOperatorReplacement,if (escCode >= 0) { // \\N (2 char),if (escCode < 0) { // \\N (2 char),500,
com/fasterxml/jackson/core/json/WriterBasedJsonGenerator.java,1782,RelationalOperatorReplacement,if ((_outputTail + 4) >= _outputEnd) {,if ((_outputTail + 4) < _outputEnd) {,501,
com/fasterxml/jackson/core/json/WriterBasedJsonGenerator.java,1770,RelationalOperatorReplacement,} while (inputEnd < 3);,} while (inputEnd >= 3);,502,
com/fasterxml/jackson/core/json/WriterBasedJsonGenerator.java,1766,RelationalOperatorReplacement,if (count < 0) {,if (count >= 0) {,503,
com/fasterxml/jackson/core/json/WriterBasedJsonGenerator.java,1753,RelationalOperatorReplacement,while (inputPtr < inputEnd) {,while (inputPtr >= inputEnd) {,505,
com/fasterxml/jackson/core/json/WriterBasedJsonGenerator.java,1737,RelationalOperatorReplacement,if (inputPtr < inputEnd) {,if (inputPtr >= inputEnd) {,506,
com/fasterxml/jackson/core/json/WriterBasedJsonGenerator.java,1732,RelationalOperatorReplacement,if (_outputTail > safeOutputEnd) { // don't really need 6 bytes but...,if (_outputTail <= safeOutputEnd) { // don't really need 6 bytes but...,507,
com/fasterxml/jackson/core/json/WriterBasedJsonGenerator.java,1731,RelationalOperatorReplacement,"if (inputPtr < inputEnd) { // yes, but do we have room for output?","if (inputPtr >= inputEnd) { // yes, but do we have room for output?",508,
com/fasterxml/jackson/core/json/WriterBasedJsonGenerator.java,1723,RelationalOperatorReplacement,if (--chunksBeforeLF <= 0) {,if (--chunksBeforeLF > 0) {,509,
com/fasterxml/jackson/core/json/WriterBasedJsonGenerator.java,1714,RelationalOperatorReplacement,if (_outputTail > safeOutputEnd) { // need to flush,if (_outputTail <= safeOutputEnd) { // need to flush,510,
com/fasterxml/jackson/core/json/WriterBasedJsonGenerator.java,1709,RelationalOperatorReplacement,if (inputEnd < 3) { // required to try to read to have at least 3 bytes,if (inputEnd >= 3) { // required to try to read to have at least 3 bytes,511,
com/fasterxml/jackson/core/json/WriterBasedJsonGenerator.java,1706,RelationalOperatorReplacement,if (inputPtr > lastFullOffset) { // need to load more,if (inputPtr <= lastFullOffset) { // need to load more,512,
com/fasterxml/jackson/core/json/WriterBasedJsonGenerator.java,1677,RelationalOperatorReplacement,if (inputPtr < inputEnd) {,if (inputPtr >= inputEnd) {,513,
com/fasterxml/jackson/core/json/WriterBasedJsonGenerator.java,1672,RelationalOperatorReplacement,if (_outputTail > safeOutputEnd) { // don't really need 6 bytes but...,if (_outputTail <= safeOutputEnd) { // don't really need 6 bytes but...,514,
com/fasterxml/jackson/core/json/WriterBasedJsonGenerator.java,1671,RelationalOperatorReplacement,"if (inputEnd > 0) { // yes, but do we have room for output?","if (inputEnd <= 0) { // yes, but do we have room for output?",515,
com/fasterxml/jackson/core/json/WriterBasedJsonGenerator.java,1668,RelationalOperatorReplacement,if (bytesLeft > 0) {,if (bytesLeft <= 0) {,516,
com/fasterxml/jackson/core/json/WriterBasedJsonGenerator.java,1660,RelationalOperatorReplacement,if (--chunksBeforeLF <= 0) {,if (--chunksBeforeLF > 0) {,517,
com/fasterxml/jackson/core/json/WriterBasedJsonGenerator.java,1652,RelationalOperatorReplacement,if (_outputTail > safeOutputEnd) { // need to flush,if (_outputTail <= safeOutputEnd) { // need to flush,518,
com/fasterxml/jackson/core/json/WriterBasedJsonGenerator.java,1647,RelationalOperatorReplacement,if (inputEnd < 3) { // required to try to read to have at least 3 bytes,if (inputEnd >= 3) { // required to try to read to have at least 3 bytes,519,
com/fasterxml/jackson/core/json/WriterBasedJsonGenerator.java,1644,RelationalOperatorReplacement,if (inputPtr > lastFullOffset) {,if (inputPtr <= lastFullOffset) {,520,
com/fasterxml/jackson/core/json/WriterBasedJsonGenerator.java,1643,RelationalOperatorReplacement,while (bytesLeft > 2) { // main loop for full triplets,while (bytesLeft <= 2) { // main loop for full triplets,521,
com/fasterxml/jackson/core/json/WriterBasedJsonGenerator.java,1619,RelationalOperatorReplacement,if (_outputTail > safeOutputEnd) { // don't really need 6 bytes but...,if (_outputTail <= safeOutputEnd) { // don't really need 6 bytes but...,523,
com/fasterxml/jackson/core/json/WriterBasedJsonGenerator.java,1618,RelationalOperatorReplacement,"if (inputLeft > 0) { // yes, but do we have room for output?","if (inputLeft <= 0) { // yes, but do we have room for output?",524,
com/fasterxml/jackson/core/json/WriterBasedJsonGenerator.java,1608,RelationalOperatorReplacement,if (--chunksBeforeLF <= 0) {,if (--chunksBeforeLF > 0) {,525,
com/fasterxml/jackson/core/json/WriterBasedJsonGenerator.java,1600,RelationalOperatorReplacement,if (_outputTail > safeOutputEnd) { // need to flush,if (_outputTail <= safeOutputEnd) { // need to flush,526,
com/fasterxml/jackson/core/json/WriterBasedJsonGenerator.java,1599,RelationalOperatorReplacement,while (inputPtr <= safeInputEnd) {,while (inputPtr > safeInputEnd) {,527,
com/fasterxml/jackson/core/json/WriterBasedJsonGenerator.java,1574,RelationalOperatorReplacement,if (offset >= len) { // yup,if (offset < len) { // yup,528,
com/fasterxml/jackson/core/json/WriterBasedJsonGenerator.java,1565,RelationalOperatorReplacement,if (newAmount > 0) {,if (newAmount <= 0) {,529,
com/fasterxml/jackson/core/json/WriterBasedJsonGenerator.java,1562,RelationalOperatorReplacement,if ((_outputTail + newAmount) > _outputEnd) {,if ((_outputTail + newAmount) <= _outputEnd) {,530,
com/fasterxml/jackson/core/json/WriterBasedJsonGenerator.java,1560,RelationalOperatorReplacement,if (newAmount < SHORT_WRITE) {,if (newAmount >= SHORT_WRITE) {,531,
com/fasterxml/jackson/core/json/WriterBasedJsonGenerator.java,1553,RelationalOperatorReplacement,if (++offset >= len) {,if (++offset < len) {,532,
com/fasterxml/jackson/core/json/WriterBasedJsonGenerator.java,1544,RelationalOperatorReplacement,} else if (c > maxNonEscaped) {,} else if (c <= maxNonEscaped) {,534,
com/fasterxml/jackson/core/json/WriterBasedJsonGenerator.java,1539,RelationalOperatorReplacement,if (c < escLimit) {,if (c >= escLimit) {,536,
com/fasterxml/jackson/core/json/WriterBasedJsonGenerator.java,1533,RelationalOperatorReplacement,while (offset < len) {,while (offset >= len) {,537,
com/fasterxml/jackson/core/json/WriterBasedJsonGenerator.java,1527,RelationalOperatorReplacement,final int maxNonEscaped = (_maximumNonEscapedChar < 1) ? 0xFFFF : _maximumNonEscapedChar;,final int maxNonEscaped = (_maximumNonEscapedChar >= 1) ? 0xFFFF : _maximumNonEscapedChar;,538,
com/fasterxml/jackson/core/json/WriterBasedJsonGenerator.java,1513,RelationalOperatorReplacement,if (ptr >= end) {,if (ptr < end) {,539,
com/fasterxml/jackson/core/json/WriterBasedJsonGenerator.java,1511,RelationalOperatorReplacement,if (flushLen > 0) {,if (flushLen <= 0) {,540,
com/fasterxml/jackson/core/json/WriterBasedJsonGenerator.java,1506,RelationalOperatorReplacement,if (++ptr >= end) {,if (++ptr < end) {,541,
com/fasterxml/jackson/core/json/WriterBasedJsonGenerator.java,1497,RelationalOperatorReplacement,} else if (c > maxNonEscaped) {,} else if (c <= maxNonEscaped) {,543,
com/fasterxml/jackson/core/json/WriterBasedJsonGenerator.java,1492,RelationalOperatorReplacement,if (c < escLimit) {,if (c >= escLimit) {,545,
com/fasterxml/jackson/core/json/WriterBasedJsonGenerator.java,1487,RelationalOperatorReplacement,while (ptr < end) {,while (ptr >= end) {,546,
com/fasterxml/jackson/core/json/WriterBasedJsonGenerator.java,1478,RelationalOperatorReplacement,final int maxNonEscaped = (_maximumNonEscapedChar < 1) ? 0xFFFF : _maximumNonEscapedChar;,final int maxNonEscaped = (_maximumNonEscapedChar >= 1) ? 0xFFFF : _maximumNonEscapedChar;,547,
com/fasterxml/jackson/core/json/WriterBasedJsonGenerator.java,1466,RelationalOperatorReplacement,if (flushLen > 0) {,if (flushLen <= 0) {,548,
com/fasterxml/jackson/core/json/WriterBasedJsonGenerator.java,1461,RelationalOperatorReplacement,if (++_outputTail >= end) {,if (++_outputTail < end) {,549,
com/fasterxml/jackson/core/json/WriterBasedJsonGenerator.java,1452,RelationalOperatorReplacement,} else if (c > maxNonEscaped) {,} else if (c <= maxNonEscaped) {,551,
com/fasterxml/jackson/core/json/WriterBasedJsonGenerator.java,1447,RelationalOperatorReplacement,if (c < escLimit) {,if (c >= escLimit) {,553,
com/fasterxml/jackson/core/json/WriterBasedJsonGenerator.java,1441,RelationalOperatorReplacement,while (_outputTail < end) {,while (_outputTail >= end) {,554,
com/fasterxml/jackson/core/json/WriterBasedJsonGenerator.java,1435,RelationalOperatorReplacement,final int maxNonEscaped = (_maximumNonEscapedChar < 1) ? 0xFFFF : _maximumNonEscapedChar;,final int maxNonEscaped = (_maximumNonEscapedChar >= 1) ? 0xFFFF : _maximumNonEscapedChar;,555,
com/fasterxml/jackson/core/json/WriterBasedJsonGenerator.java,1410,RelationalOperatorReplacement,if (offset >= len) { // yup,if (offset < len) { // yup,556,
com/fasterxml/jackson/core/json/WriterBasedJsonGenerator.java,1401,RelationalOperatorReplacement,if (newAmount > 0) {,if (newAmount <= 0) {,557,
com/fasterxml/jackson/core/json/WriterBasedJsonGenerator.java,1398,RelationalOperatorReplacement,if ((_outputTail + newAmount) > _outputEnd) {,if ((_outputTail + newAmount) <= _outputEnd) {,558,
com/fasterxml/jackson/core/json/WriterBasedJsonGenerator.java,1396,RelationalOperatorReplacement,if (newAmount < SHORT_WRITE) {,if (newAmount >= SHORT_WRITE) {,559,
com/fasterxml/jackson/core/json/WriterBasedJsonGenerator.java,1389,RelationalOperatorReplacement,if (++offset >= len) {,if (++offset < len) {,560,
com/fasterxml/jackson/core/json/WriterBasedJsonGenerator.java,1385,RelationalOperatorReplacement,} else if (c > maxNonEscaped) {,} else if (c <= maxNonEscaped) {,561,
com/fasterxml/jackson/core/json/WriterBasedJsonGenerator.java,1380,RelationalOperatorReplacement,if (c < escLimit) {,if (c >= escLimit) {,563,
com/fasterxml/jackson/core/json/WriterBasedJsonGenerator.java,1374,RelationalOperatorReplacement,while (offset < len) {,while (offset >= len) {,564,
com/fasterxml/jackson/core/json/WriterBasedJsonGenerator.java,1355,RelationalOperatorReplacement,if (ptr >= end) {,if (ptr < end) {,565,
com/fasterxml/jackson/core/json/WriterBasedJsonGenerator.java,1353,RelationalOperatorReplacement,if (flushLen > 0) {,if (flushLen <= 0) {,566,
com/fasterxml/jackson/core/json/WriterBasedJsonGenerator.java,1348,RelationalOperatorReplacement,if (++ptr >= end) {,if (++ptr < end) {,567,
com/fasterxml/jackson/core/json/WriterBasedJsonGenerator.java,1344,RelationalOperatorReplacement,} else if (c > maxNonEscaped) {,} else if (c <= maxNonEscaped) {,568,
com/fasterxml/jackson/core/json/WriterBasedJsonGenerator.java,1339,RelationalOperatorReplacement,if (c < escLimit) {,if (c >= escLimit) {,570,
com/fasterxml/jackson/core/json/WriterBasedJsonGenerator.java,1334,RelationalOperatorReplacement,while (ptr < end) {,while (ptr >= end) {,571,
com/fasterxml/jackson/core/json/WriterBasedJsonGenerator.java,1315,RelationalOperatorReplacement,if (flushLen > 0) {,if (flushLen <= 0) {,572,
com/fasterxml/jackson/core/json/WriterBasedJsonGenerator.java,1310,RelationalOperatorReplacement,if (++_outputTail >= end) {,if (++_outputTail < end) {,573,
com/fasterxml/jackson/core/json/WriterBasedJsonGenerator.java,1306,RelationalOperatorReplacement,} else if (c > maxNonEscaped) {,} else if (c <= maxNonEscaped) {,574,
com/fasterxml/jackson/core/json/WriterBasedJsonGenerator.java,1301,RelationalOperatorReplacement,if (c < escLimit) {,if (c >= escLimit) {,576,
com/fasterxml/jackson/core/json/WriterBasedJsonGenerator.java,1295,RelationalOperatorReplacement,while (_outputTail < end) {,while (_outputTail >= end) {,577,
com/fasterxml/jackson/core/json/WriterBasedJsonGenerator.java,1266,RelationalOperatorReplacement,if (offset >= len) { // yup,if (offset < len) { // yup,578,
com/fasterxml/jackson/core/json/WriterBasedJsonGenerator.java,1257,RelationalOperatorReplacement,if (newAmount > 0) {,if (newAmount <= 0) {,579,
com/fasterxml/jackson/core/json/WriterBasedJsonGenerator.java,1254,RelationalOperatorReplacement,if ((_outputTail + newAmount) > _outputEnd) {,if ((_outputTail + newAmount) <= _outputEnd) {,580,
com/fasterxml/jackson/core/json/WriterBasedJsonGenerator.java,1252,RelationalOperatorReplacement,if (newAmount < SHORT_WRITE) {,if (newAmount >= SHORT_WRITE) {,581,
com/fasterxml/jackson/core/json/WriterBasedJsonGenerator.java,1245,RelationalOperatorReplacement,if (++offset >= len) {,if (++offset < len) {,582,
com/fasterxml/jackson/core/json/WriterBasedJsonGenerator.java,1242,RelationalOperatorReplacement,if (c < escLen && escCodes[c] != 0) {,if (c >= escLen && escCodes[c] != 0) {,584,
com/fasterxml/jackson/core/json/WriterBasedJsonGenerator.java,1237,RelationalOperatorReplacement,while (offset < len) {,while (offset >= len) {,585,
com/fasterxml/jackson/core/json/WriterBasedJsonGenerator.java,1206,RelationalOperatorReplacement,if (ptr >= end) {,if (ptr < end) {,588,
com/fasterxml/jackson/core/json/WriterBasedJsonGenerator.java,1204,RelationalOperatorReplacement,if (flushLen > 0) {,if (flushLen <= 0) {,589,
com/fasterxml/jackson/core/json/WriterBasedJsonGenerator.java,1194,RelationalOperatorReplacement,if (++ptr >= end) {,if (++ptr < end) {,590,
com/fasterxml/jackson/core/json/WriterBasedJsonGenerator.java,1191,RelationalOperatorReplacement,if (c < escLen && escCodes[c] != 0) {,if (c >= escLen && escCodes[c] != 0) {,592,
com/fasterxml/jackson/core/json/WriterBasedJsonGenerator.java,1186,RelationalOperatorReplacement,while (ptr < end) {,while (ptr >= end) {,593,
com/fasterxml/jackson/core/json/WriterBasedJsonGenerator.java,1165,RelationalOperatorReplacement,} while (offset < textLen);,} while (offset >= textLen);,594,
com/fasterxml/jackson/core/json/WriterBasedJsonGenerator.java,1154,RelationalOperatorReplacement,int segmentLen = ((offset + max) > textLen),int segmentLen = ((offset + max) <= textLen),597,
com/fasterxml/jackson/core/json/WriterBasedJsonGenerator.java,1129,RelationalOperatorReplacement,if (flushLen > 0) {,if (flushLen <= 0) {,598,
com/fasterxml/jackson/core/json/WriterBasedJsonGenerator.java,1119,RelationalOperatorReplacement,if (++_outputTail >= end) {,if (++_outputTail < end) {,599,
com/fasterxml/jackson/core/json/WriterBasedJsonGenerator.java,1116,RelationalOperatorReplacement,if (c < escLen && escCodes[c] != 0) {,if (c >= escLen && escCodes[c] != 0) {,601,
com/fasterxml/jackson/core/json/WriterBasedJsonGenerator.java,1111,RelationalOperatorReplacement,while (_outputTail < end) {,while (_outputTail >= end) {,602,
com/fasterxml/jackson/core/json/WriterBasedJsonGenerator.java,1089,RelationalOperatorReplacement,if ((_outputTail + len) > _outputEnd) {,if ((_outputTail + len) <= _outputEnd) {,605,
com/fasterxml/jackson/core/json/WriterBasedJsonGenerator.java,1082,RelationalOperatorReplacement,if (len > _outputEnd) { // Let's reserve space for entity at begin/end,if (len <= _outputEnd) { // Let's reserve space for entity at begin/end,606,
com/fasterxml/jackson/core/json/WriterBasedJsonGenerator.java,970,RelationalOperatorReplacement,if (_outputTail >= _outputEnd) {,if (_outputTail < _outputEnd) {,614,
com/fasterxml/jackson/core/json/WriterBasedJsonGenerator.java,909,RelationalOperatorReplacement,if ((_outputTail + 5) >= _outputEnd) {,if ((_outputTail + 5) < _outputEnd) {,617,
com/fasterxml/jackson/core/json/WriterBasedJsonGenerator.java,899,RelationalOperatorReplacement,if (_outputTail >= _outputEnd) {,if (_outputTail < _outputEnd) {,618,
com/fasterxml/jackson/core/json/WriterBasedJsonGenerator.java,894,RelationalOperatorReplacement,if (_outputTail >= _outputEnd) {,if (_outputTail < _outputEnd) {,619,
com/fasterxml/jackson/core/json/WriterBasedJsonGenerator.java,886,RelationalOperatorReplacement,if (_outputTail >= _outputEnd) {,if (_outputTail < _outputEnd) {,620,
com/fasterxml/jackson/core/json/WriterBasedJsonGenerator.java,881,RelationalOperatorReplacement,if (_outputTail >= _outputEnd) {,if (_outputTail < _outputEnd) {,621,
com/fasterxml/jackson/core/json/WriterBasedJsonGenerator.java,791,RelationalOperatorReplacement,if ((_outputTail + 23) >= _outputEnd) {,if ((_outputTail + 23) < _outputEnd) {,625,
com/fasterxml/jackson/core/json/WriterBasedJsonGenerator.java,783,RelationalOperatorReplacement,if ((_outputTail + 21) >= _outputEnd) {,if ((_outputTail + 21) < _outputEnd) {,626,
com/fasterxml/jackson/core/json/WriterBasedJsonGenerator.java,767,RelationalOperatorReplacement,if ((_outputTail + 13) >= _outputEnd) {,if ((_outputTail + 13) < _outputEnd) {,627,
com/fasterxml/jackson/core/json/WriterBasedJsonGenerator.java,760,RelationalOperatorReplacement,if ((_outputTail + 11) >= _outputEnd) {,if ((_outputTail + 11) < _outputEnd) {,628,
com/fasterxml/jackson/core/json/WriterBasedJsonGenerator.java,743,RelationalOperatorReplacement,if ((_outputTail + 8) >= _outputEnd) {,if ((_outputTail + 8) < _outputEnd) {,629,
com/fasterxml/jackson/core/json/WriterBasedJsonGenerator.java,736,RelationalOperatorReplacement,if ((_outputTail + 6) >= _outputEnd) {,if ((_outputTail + 6) < _outputEnd) {,630,
com/fasterxml/jackson/core/json/WriterBasedJsonGenerator.java,714,RelationalOperatorReplacement,if (_outputTail >= _outputEnd) {,if (_outputTail < _outputEnd) {,631,
com/fasterxml/jackson/core/json/WriterBasedJsonGenerator.java,705,RelationalOperatorReplacement,if (missing > 0) {,if (missing <= 0) {,632,
com/fasterxml/jackson/core/json/WriterBasedJsonGenerator.java,701,RelationalOperatorReplacement,if (dataLength < 0) { // length unknown,if (dataLength >= 0) { // length unknown,633,
com/fasterxml/jackson/core/json/WriterBasedJsonGenerator.java,694,RelationalOperatorReplacement,if (_outputTail >= _outputEnd) {,if (_outputTail < _outputEnd) {,634,
com/fasterxml/jackson/core/json/WriterBasedJsonGenerator.java,681,RelationalOperatorReplacement,if (_outputTail >= _outputEnd) {,if (_outputTail < _outputEnd) {,635,
com/fasterxml/jackson/core/json/WriterBasedJsonGenerator.java,675,RelationalOperatorReplacement,if (_outputTail >= _outputEnd) {,if (_outputTail < _outputEnd) {,636,
com/fasterxml/jackson/core/json/WriterBasedJsonGenerator.java,646,RelationalOperatorReplacement,while (len > _outputEnd) {,while (len <= _outputEnd) {,637,
com/fasterxml/jackson/core/json/WriterBasedJsonGenerator.java,630,RelationalOperatorReplacement,if (_outputTail >= _outputEnd) {,if (_outputTail < _outputEnd) {,638,
com/fasterxml/jackson/core/json/WriterBasedJsonGenerator.java,615,RelationalOperatorReplacement,if (len > room) {,if (len <= room) {,639,
com/fasterxml/jackson/core/json/WriterBasedJsonGenerator.java,613,RelationalOperatorReplacement,if (len < SHORT_WRITE) {,if (len >= SHORT_WRITE) {,640,
com/fasterxml/jackson/core/json/WriterBasedJsonGenerator.java,600,RelationalOperatorReplacement,if (len < 0) {,if (len >= 0) {,641,
com/fasterxml/jackson/core/json/WriterBasedJsonGenerator.java,588,RelationalOperatorReplacement,if (room >= len) {,if (room < len) {,642,
com/fasterxml/jackson/core/json/WriterBasedJsonGenerator.java,583,RelationalOperatorReplacement,if (room < len) {,if (room >= len) {,643,
com/fasterxml/jackson/core/json/WriterBasedJsonGenerator.java,567,RelationalOperatorReplacement,if (room >= len) {,if (room < len) {,644,
com/fasterxml/jackson/core/json/WriterBasedJsonGenerator.java,531,RelationalOperatorReplacement,if (_outputTail >= _outputEnd) {,if (_outputTail < _outputEnd) {,646,
com/fasterxml/jackson/core/json/WriterBasedJsonGenerator.java,522,RelationalOperatorReplacement,if (len > room) {,if (len <= room) {,647,
com/fasterxml/jackson/core/json/WriterBasedJsonGenerator.java,520,RelationalOperatorReplacement,if (len < SHORT_WRITE) {,if (len >= SHORT_WRITE) {,648,
com/fasterxml/jackson/core/json/WriterBasedJsonGenerator.java,509,RelationalOperatorReplacement,if (_outputTail >= _outputEnd) {,if (_outputTail < _outputEnd) {,649,
com/fasterxml/jackson/core/json/WriterBasedJsonGenerator.java,504,RelationalOperatorReplacement,if (len < 0) {,if (len >= 0) {,650,
com/fasterxml/jackson/core/json/WriterBasedJsonGenerator.java,499,RelationalOperatorReplacement,if (_outputTail >= _outputEnd) {,if (_outputTail < _outputEnd) {,651,
com/fasterxml/jackson/core/json/WriterBasedJsonGenerator.java,489,RelationalOperatorReplacement,if (_outputTail >= _outputEnd) {,if (_outputTail < _outputEnd) {,652,
com/fasterxml/jackson/core/json/WriterBasedJsonGenerator.java,483,RelationalOperatorReplacement,if (_outputTail >= _outputEnd) {,if (_outputTail < _outputEnd) {,653,
com/fasterxml/jackson/core/json/WriterBasedJsonGenerator.java,474,RelationalOperatorReplacement,if (toRead > 0 && len >= 0) {,if (toRead > 0 && len < 0) {,654,
com/fasterxml/jackson/core/json/WriterBasedJsonGenerator.java,474,RelationalOperatorReplacement,if (toRead > 0 && len >= 0) {,if (toRead <= 0 && len >= 0) {,655,
com/fasterxml/jackson/core/json/WriterBasedJsonGenerator.java,469,RelationalOperatorReplacement,if (_outputTail >= _outputEnd) {,if (_outputTail < _outputEnd) {,656,
com/fasterxml/jackson/core/json/WriterBasedJsonGenerator.java,462,RelationalOperatorReplacement,if (numRead <= 0) {,if (numRead > 0) {,657,
com/fasterxml/jackson/core/json/WriterBasedJsonGenerator.java,459,RelationalOperatorReplacement,while (toRead > 0) {,while (toRead <= 0) {,658,
com/fasterxml/jackson/core/json/WriterBasedJsonGenerator.java,453,RelationalOperatorReplacement,if (_outputTail >= _outputEnd) {,if (_outputTail < _outputEnd) {,659,
com/fasterxml/jackson/core/json/WriterBasedJsonGenerator.java,451,RelationalOperatorReplacement,int toRead = (len >= 0) ? len : Integer.MAX_VALUE;,int toRead = (len < 0) ? len : Integer.MAX_VALUE;,660,
com/fasterxml/jackson/core/json/WriterBasedJsonGenerator.java,437,RelationalOperatorReplacement,if (_outputTail >= _outputEnd) {,if (_outputTail < _outputEnd) {,662,
com/fasterxml/jackson/core/json/WriterBasedJsonGenerator.java,431,RelationalOperatorReplacement,if (_outputTail >= _outputEnd) {,if (_outputTail < _outputEnd) {,663,
com/fasterxml/jackson/core/json/WriterBasedJsonGenerator.java,410,RelationalOperatorReplacement,if (_outputTail >= _outputEnd) {,if (_outputTail < _outputEnd) {,665,
com/fasterxml/jackson/core/json/WriterBasedJsonGenerator.java,405,RelationalOperatorReplacement,if (_outputTail >= _outputEnd) {,if (_outputTail < _outputEnd) {,666,
com/fasterxml/jackson/core/json/WriterBasedJsonGenerator.java,387,RelationalOperatorReplacement,if (_outputTail >= _outputEnd) {,if (_outputTail < _outputEnd) {,667,
com/fasterxml/jackson/core/json/WriterBasedJsonGenerator.java,382,RelationalOperatorReplacement,if (_outputTail >= _outputEnd) {,if (_outputTail < _outputEnd) {,668,
com/fasterxml/jackson/core/json/WriterBasedJsonGenerator.java,361,RelationalOperatorReplacement,if (_outputTail >= _outputEnd) {,if (_outputTail < _outputEnd) {,669,
com/fasterxml/jackson/core/json/WriterBasedJsonGenerator.java,340,RelationalOperatorReplacement,if (_outputTail >= _outputEnd) {,if (_outputTail < _outputEnd) {,671,
com/fasterxml/jackson/core/json/WriterBasedJsonGenerator.java,323,RelationalOperatorReplacement,if (_outputTail >= _outputEnd) {,if (_outputTail < _outputEnd) {,673,
com/fasterxml/jackson/core/json/WriterBasedJsonGenerator.java,306,RelationalOperatorReplacement,if (_outputTail >= _outputEnd) {,if (_outputTail < _outputEnd) {,675,
com/fasterxml/jackson/core/json/WriterBasedJsonGenerator.java,290,RelationalOperatorReplacement,if (_outputTail >= _outputEnd) {,if (_outputTail < _outputEnd) {,677,
com/fasterxml/jackson/core/json/WriterBasedJsonGenerator.java,274,RelationalOperatorReplacement,if (_outputTail >= _outputEnd) {,if (_outputTail < _outputEnd) {,679,
com/fasterxml/jackson/core/json/WriterBasedJsonGenerator.java,258,RelationalOperatorReplacement,if (_outputTail >= _outputEnd) {,if (_outputTail < _outputEnd) {,681,
com/fasterxml/jackson/core/json/WriterBasedJsonGenerator.java,237,RelationalOperatorReplacement,if (_outputTail >= _outputEnd) {,if (_outputTail < _outputEnd) {,683,
com/fasterxml/jackson/core/json/WriterBasedJsonGenerator.java,227,RelationalOperatorReplacement,if (_outputTail >= _outputEnd) {,if (_outputTail < _outputEnd) {,684,
com/fasterxml/jackson/core/json/WriterBasedJsonGenerator.java,222,RelationalOperatorReplacement,if (len < 0) {,if (len >= 0) {,685,
com/fasterxml/jackson/core/json/WriterBasedJsonGenerator.java,205,RelationalOperatorReplacement,if ((_outputTail + 1) >= _outputEnd) {,if ((_outputTail + 1) < _outputEnd) {,686,
com/fasterxml/jackson/core/json/WriterBasedJsonGenerator.java,192,RelationalOperatorReplacement,if (_outputTail >= _outputEnd) {,if (_outputTail < _outputEnd) {,688,
com/fasterxml/jackson/core/json/WriterBasedJsonGenerator.java,176,RelationalOperatorReplacement,if ((_outputTail + 1) >= _outputEnd) {,if ((_outputTail + 1) < _outputEnd) {,689,
com/fasterxml/jackson/core/json/async/NonBlockingByteBufferJsonParser.java,76,RelationalOperatorReplacement,if (avail > 0) {,if (avail <= 0) {,23,
com/fasterxml/jackson/core/json/async/NonBlockingByteBufferJsonParser.java,49,RelationalOperatorReplacement,if (end < start) {,if (end >= start) {,24,
com/fasterxml/jackson/core/json/async/NonBlockingByteBufferJsonParser.java,42,RelationalOperatorReplacement,if (_inputPtr < _inputEnd) {,if (_inputPtr >= _inputEnd) {,25,
com/fasterxml/jackson/core/json/async/NonBlockingByteBufferJsonParser.java,74,NullifyInputVariable,public int releaseBuffered(final OutputStream out) throws IOException {,public int releaseBuffered(final OutputStream out) throws IOException { out = null;,8,
com/fasterxml/jackson/core/json/async/NonBlockingByteBufferJsonParser.java,40,NullifyInputVariable,public void feedInput(final ByteBuffer byteBuffer) throws IOException {,public void feedInput(final ByteBuffer byteBuffer) throws IOException { byteBuffer = null;,9,
com/fasterxml/jackson/core/json/async/NonBlockingJsonParser.java,68,RelationalOperatorReplacement,if (avail > 0) {,if (avail <= 0) {,22,
com/fasterxml/jackson/core/json/async/NonBlockingJsonParser.java,41,RelationalOperatorReplacement,if (end < start) {,if (end >= start) {,23,
com/fasterxml/jackson/core/json/async/NonBlockingJsonParser.java,38,RelationalOperatorReplacement,if (_inputPtr < _inputEnd) {,if (_inputPtr >= _inputEnd) {,24,
com/fasterxml/jackson/core/json/async/NonBlockingJsonParser.java,66,NullifyInputVariable,public int releaseBuffered(final OutputStream out) throws IOException {,public int releaseBuffered(final OutputStream out) throws IOException { out = null;,8,
com/fasterxml/jackson/core/json/async/NonBlockingJsonParserBase.java,891,RelationalOperatorReplacement,if (c < INT_SPACE) {,if (c >= INT_SPACE) {,213,
com/fasterxml/jackson/core/json/async/NonBlockingJsonParserBase.java,804,RelationalOperatorReplacement,if (lastQuadBytes < 4) {,if (lastQuadBytes >= 4) {,215,
com/fasterxml/jackson/core/json/async/NonBlockingJsonParserBase.java,791,RelationalOperatorReplacement,if (cix >= cbuf.length) {,if (cix < cbuf.length) {,216,
com/fasterxml/jackson/core/json/async/NonBlockingJsonParserBase.java,784,RelationalOperatorReplacement,if (cix >= cbuf.length) {,if (cix < cbuf.length) {,217,
com/fasterxml/jackson/core/json/async/NonBlockingJsonParserBase.java,782,RelationalOperatorReplacement,"if (needed > 2) { // surrogate pair? once again, let's output one here, one later on","if (needed <= 2) { // surrogate pair? once again, let's output one here, one later on",218,
com/fasterxml/jackson/core/json/async/NonBlockingJsonParserBase.java,771,RelationalOperatorReplacement,if (needed > 2) { // 4 bytes? (need surrogates on output),if (needed <= 2) { // 4 bytes? (need surrogates on output),220,
com/fasterxml/jackson/core/json/async/NonBlockingJsonParserBase.java,761,RelationalOperatorReplacement,if (needed > 1) {,if (needed <= 1) {,222,
com/fasterxml/jackson/core/json/async/NonBlockingJsonParserBase.java,747,RelationalOperatorReplacement,if ((ix + needed) > byteLen) {,if ((ix + needed) <= byteLen) {,224,
com/fasterxml/jackson/core/json/async/NonBlockingJsonParserBase.java,732,RelationalOperatorReplacement,if (ch > 127) { // multi-byte,if (ch <= 127) { // multi-byte,228,
com/fasterxml/jackson/core/json/async/NonBlockingJsonParserBase.java,726,RelationalOperatorReplacement,for (int ix = 0; ix < byteLen; ) {,for (int ix = 0; ix >= byteLen; ) {,229,
com/fasterxml/jackson/core/json/async/NonBlockingJsonParserBase.java,714,RelationalOperatorReplacement,if (lastQuadBytes < 4) {,if (lastQuadBytes >= 4) {,230,
com/fasterxml/jackson/core/json/async/NonBlockingJsonParserBase.java,480,RelationalOperatorReplacement,} else if (_nameCopyBuffer.length < nameLen) {,} else if (_nameCopyBuffer.length >= nameLen) {,239,
com/fasterxml/jackson/core/json/async/NonBlockingUtf8JsonParserBase.java,1793,RelationalOperatorReplacement,if (_inputPtr >= _inputEnd) {,if (_inputPtr < _inputEnd) {,1000,
com/fasterxml/jackson/core/json/async/NonBlockingUtf8JsonParserBase.java,1789,RelationalOperatorReplacement,if (outPtr >= outBuf.length) {,if (outPtr < outBuf.length) {,1001,
com/fasterxml/jackson/core/json/async/NonBlockingUtf8JsonParserBase.java,1787,RelationalOperatorReplacement,while (ch >= INT_0 && ch <= INT_9) {,while (ch >= INT_0 && ch > INT_9) {,1002,
com/fasterxml/jackson/core/json/async/NonBlockingUtf8JsonParserBase.java,1787,RelationalOperatorReplacement,while (ch >= INT_0 && ch <= INT_9) {,while (ch < INT_0 && ch <= INT_9) {,1003,
com/fasterxml/jackson/core/json/async/NonBlockingUtf8JsonParserBase.java,1779,RelationalOperatorReplacement,if (_inputPtr >= _inputEnd) {,if (_inputPtr < _inputEnd) {,1004,
com/fasterxml/jackson/core/json/async/NonBlockingUtf8JsonParserBase.java,1775,RelationalOperatorReplacement,if (outPtr >= outBuf.length) {,if (outPtr < outBuf.length) {,1005,
com/fasterxml/jackson/core/json/async/NonBlockingUtf8JsonParserBase.java,1767,RelationalOperatorReplacement,if (_inputPtr >= _inputEnd) {,if (_inputPtr < _inputEnd) {,1008,
com/fasterxml/jackson/core/json/async/NonBlockingUtf8JsonParserBase.java,1763,RelationalOperatorReplacement,if (outPtr >= outBuf.length) {,if (outPtr < outBuf.length) {,1009,
com/fasterxml/jackson/core/json/async/NonBlockingUtf8JsonParserBase.java,1753,RelationalOperatorReplacement,if (outPtr >= outBuf.length) {,if (outPtr < outBuf.length) {,1011,
com/fasterxml/jackson/core/json/async/NonBlockingUtf8JsonParserBase.java,1743,RelationalOperatorReplacement,if (ch < INT_0 || ch > INT_9) {,if (ch < INT_0 || ch <= INT_9) {,1013,
com/fasterxml/jackson/core/json/async/NonBlockingUtf8JsonParserBase.java,1743,RelationalOperatorReplacement,if (ch < INT_0 || ch > INT_9) {,if (ch >= INT_0 || ch > INT_9) {,1014,
com/fasterxml/jackson/core/json/async/NonBlockingUtf8JsonParserBase.java,1736,RelationalOperatorReplacement,if (_inputPtr >= _inputEnd) {,if (_inputPtr < _inputEnd) {,1015,
com/fasterxml/jackson/core/json/async/NonBlockingUtf8JsonParserBase.java,1731,RelationalOperatorReplacement,if (outPtr >= outBuf.length) {,if (outPtr < outBuf.length) {,1016,
com/fasterxml/jackson/core/json/async/NonBlockingUtf8JsonParserBase.java,1715,RelationalOperatorReplacement,if (outPtr >= outBuf.length) {,if (outPtr < outBuf.length) {,1018,
com/fasterxml/jackson/core/json/async/NonBlockingUtf8JsonParserBase.java,1706,RelationalOperatorReplacement,if (ch > INT_9) {,if (ch <= INT_9) {,1020,
com/fasterxml/jackson/core/json/async/NonBlockingUtf8JsonParserBase.java,1698,RelationalOperatorReplacement,if (ch < INT_0) {,if (ch >= INT_0) {,1022,
com/fasterxml/jackson/core/json/async/NonBlockingUtf8JsonParserBase.java,1692,RelationalOperatorReplacement,if (_inputPtr >= _inputEnd) {,if (_inputPtr < _inputEnd) {,1023,
com/fasterxml/jackson/core/json/async/NonBlockingUtf8JsonParserBase.java,1652,RelationalOperatorReplacement,} else if (ch > INT_9) {,} else if (ch <= INT_9) {,1028,
com/fasterxml/jackson/core/json/async/NonBlockingUtf8JsonParserBase.java,1644,RelationalOperatorReplacement,if (ch < INT_0) {,if (ch >= INT_0) {,1030,
com/fasterxml/jackson/core/json/async/NonBlockingUtf8JsonParserBase.java,1639,RelationalOperatorReplacement,if (_inputPtr >= _inputEnd) {,if (_inputPtr < _inputEnd) {,1031,
com/fasterxml/jackson/core/json/async/NonBlockingUtf8JsonParserBase.java,1593,RelationalOperatorReplacement,} else if (ch > INT_9) {,} else if (ch <= INT_9) {,1036,
com/fasterxml/jackson/core/json/async/NonBlockingUtf8JsonParserBase.java,1586,RelationalOperatorReplacement,if (ch < INT_0) {,if (ch >= INT_0) {,1038,
com/fasterxml/jackson/core/json/async/NonBlockingUtf8JsonParserBase.java,1581,RelationalOperatorReplacement,if (_inputPtr >= _inputEnd) {,if (_inputPtr < _inputEnd) {,1039,
com/fasterxml/jackson/core/json/async/NonBlockingUtf8JsonParserBase.java,1556,RelationalOperatorReplacement,} else if (ch > INT_9) {,} else if (ch <= INT_9) {,1041,
com/fasterxml/jackson/core/json/async/NonBlockingUtf8JsonParserBase.java,1530,RelationalOperatorReplacement,if (ch <= INT_0) {,if (ch > INT_0) {,1044,
com/fasterxml/jackson/core/json/async/NonBlockingUtf8JsonParserBase.java,1495,RelationalOperatorReplacement,} else if (ch > INT_9) {,} else if (ch <= INT_9) {,1047,
com/fasterxml/jackson/core/json/async/NonBlockingUtf8JsonParserBase.java,1487,RelationalOperatorReplacement,if (ch < INT_0) {,if (ch >= INT_0) {,1049,
com/fasterxml/jackson/core/json/async/NonBlockingUtf8JsonParserBase.java,1476,RelationalOperatorReplacement,if (ptr >= _inputEnd) {,if (ptr < _inputEnd) {,1050,
com/fasterxml/jackson/core/json/async/NonBlockingUtf8JsonParserBase.java,1461,RelationalOperatorReplacement,if (++_inputPtr >= _inputEnd) {,if (++_inputPtr < _inputEnd) {,1051,
com/fasterxml/jackson/core/json/async/NonBlockingUtf8JsonParserBase.java,1456,RelationalOperatorReplacement,if (outPtr >= outBuf.length) {,if (outPtr < outBuf.length) {,1052,
com/fasterxml/jackson/core/json/async/NonBlockingUtf8JsonParserBase.java,1448,RelationalOperatorReplacement,if (ch > INT_9) {,if (ch <= INT_9) {,1054,
com/fasterxml/jackson/core/json/async/NonBlockingUtf8JsonParserBase.java,1440,RelationalOperatorReplacement,if (ch < INT_0) {,if (ch >= INT_0) {,1056,
com/fasterxml/jackson/core/json/async/NonBlockingUtf8JsonParserBase.java,1430,RelationalOperatorReplacement,if (_inputPtr >= _inputEnd) {,if (_inputPtr < _inputEnd) {,1057,
com/fasterxml/jackson/core/json/async/NonBlockingUtf8JsonParserBase.java,1418,RelationalOperatorReplacement,} else if (ch > INT_9) {,} else if (ch <= INT_9) {,1059,
com/fasterxml/jackson/core/json/async/NonBlockingUtf8JsonParserBase.java,1409,RelationalOperatorReplacement,if (ch <= INT_0) {,if (ch > INT_0) {,1061,
com/fasterxml/jackson/core/json/async/NonBlockingUtf8JsonParserBase.java,1404,RelationalOperatorReplacement,if (_inputPtr >= _inputEnd) {,if (_inputPtr < _inputEnd) {,1062,
com/fasterxml/jackson/core/json/async/NonBlockingUtf8JsonParserBase.java,1389,RelationalOperatorReplacement,if (++_inputPtr >= _inputEnd) {,if (++_inputPtr < _inputEnd) {,1063,
com/fasterxml/jackson/core/json/async/NonBlockingUtf8JsonParserBase.java,1384,RelationalOperatorReplacement,if (outPtr >= outBuf.length) {,if (outPtr < outBuf.length) {,1064,
com/fasterxml/jackson/core/json/async/NonBlockingUtf8JsonParserBase.java,1376,RelationalOperatorReplacement,if (ch > INT_9) {,if (ch <= INT_9) {,1066,
com/fasterxml/jackson/core/json/async/NonBlockingUtf8JsonParserBase.java,1368,RelationalOperatorReplacement,if (ch < INT_0) {,if (ch >= INT_0) {,1068,
com/fasterxml/jackson/core/json/async/NonBlockingUtf8JsonParserBase.java,1358,RelationalOperatorReplacement,if (_inputPtr >= _inputEnd) {,if (_inputPtr < _inputEnd) {,1069,
com/fasterxml/jackson/core/json/async/NonBlockingUtf8JsonParserBase.java,1349,RelationalOperatorReplacement,} else if (ch > INT_9) {,} else if (ch <= INT_9) {,1071,
com/fasterxml/jackson/core/json/async/NonBlockingUtf8JsonParserBase.java,1343,RelationalOperatorReplacement,if (ch <= INT_0) {,if (ch > INT_0) {,1073,
com/fasterxml/jackson/core/json/async/NonBlockingUtf8JsonParserBase.java,1338,RelationalOperatorReplacement,if (_inputPtr >= _inputEnd) {,if (_inputPtr < _inputEnd) {,1074,
com/fasterxml/jackson/core/json/async/NonBlockingUtf8JsonParserBase.java,1323,RelationalOperatorReplacement,if (++_inputPtr >= _inputEnd) {,if (++_inputPtr < _inputEnd) {,1075,
com/fasterxml/jackson/core/json/async/NonBlockingUtf8JsonParserBase.java,1317,RelationalOperatorReplacement,if (outPtr >= outBuf.length) {,if (outPtr < outBuf.length) {,1076,
com/fasterxml/jackson/core/json/async/NonBlockingUtf8JsonParserBase.java,1309,RelationalOperatorReplacement,if (ch > INT_9) {,if (ch <= INT_9) {,1078,
com/fasterxml/jackson/core/json/async/NonBlockingUtf8JsonParserBase.java,1301,RelationalOperatorReplacement,if (ch < INT_0) {,if (ch >= INT_0) {,1080,
com/fasterxml/jackson/core/json/async/NonBlockingUtf8JsonParserBase.java,1291,RelationalOperatorReplacement,if (_inputPtr >= _inputEnd) {,if (_inputPtr < _inputEnd) {,1081,
com/fasterxml/jackson/core/json/async/NonBlockingUtf8JsonParserBase.java,1248,RelationalOperatorReplacement,if (_textBuffer.size() < _ioContext.errorReportConfiguration().getMaxErrorTokenLength()) {,if (_textBuffer.size() >= _ioContext.errorReportConfiguration().getMaxErrorTokenLength()) {,1082,
com/fasterxml/jackson/core/json/async/NonBlockingUtf8JsonParserBase.java,1237,RelationalOperatorReplacement,while (_inputPtr < _inputEnd) {,while (_inputPtr >= _inputEnd) {,1083,
com/fasterxml/jackson/core/json/async/NonBlockingUtf8JsonParserBase.java,1209,RelationalOperatorReplacement,if (ch < INT_0 || (ch | 0x20) == INT_RCURLY) { // < '0' || ~ '}]' expected/allowed chars,if (ch >= INT_0 || (ch | 0x20) == INT_RCURLY) { // < '0' || ~ '}]' expected/allowed chars,1087,
com/fasterxml/jackson/core/json/async/NonBlockingUtf8JsonParserBase.java,1201,RelationalOperatorReplacement,if (_inputPtr >= _inputEnd) {,if (_inputPtr < _inputEnd) {,1089,
com/fasterxml/jackson/core/json/async/NonBlockingUtf8JsonParserBase.java,1169,RelationalOperatorReplacement,if (ch < INT_0 || (ch | 0x20) == INT_RCURLY) { // < '0' || ~ '}]' expected/allowed chars,if (ch >= INT_0 || (ch | 0x20) == INT_RCURLY) { // < '0' || ~ '}]' expected/allowed chars,1093,
com/fasterxml/jackson/core/json/async/NonBlockingUtf8JsonParserBase.java,1163,RelationalOperatorReplacement,if (_inputPtr >= _inputEnd) {,if (_inputPtr < _inputEnd) {,1095,
com/fasterxml/jackson/core/json/async/NonBlockingUtf8JsonParserBase.java,1147,RelationalOperatorReplacement,if (ch < INT_0 || (ch | 0x20) == INT_RCURLY) { // < '0' || ~ '}]' expected/allowed chars,if (ch >= INT_0 || (ch | 0x20) == INT_RCURLY) { // < '0' || ~ '}]' expected/allowed chars,1097,
com/fasterxml/jackson/core/json/async/NonBlockingUtf8JsonParserBase.java,1142,RelationalOperatorReplacement,"if ((ptr + 3) < _inputEnd) { // yes, can determine efficiently","if ((ptr + 3) >= _inputEnd) { // yes, can determine efficiently",1101,
com/fasterxml/jackson/core/json/async/NonBlockingUtf8JsonParserBase.java,1129,RelationalOperatorReplacement,if (ch < INT_0 || (ch | 0x20) == INT_RCURLY) { // < '0' || ~ '}]' expected/allowed chars,if (ch >= INT_0 || (ch | 0x20) == INT_RCURLY) { // < '0' || ~ '}]' expected/allowed chars,1103,
com/fasterxml/jackson/core/json/async/NonBlockingUtf8JsonParserBase.java,1124,RelationalOperatorReplacement,"if ((ptr + 3) < _inputEnd) { // yes, can determine efficiently","if ((ptr + 3) >= _inputEnd) { // yes, can determine efficiently",1107,
com/fasterxml/jackson/core/json/async/NonBlockingUtf8JsonParserBase.java,1111,RelationalOperatorReplacement,if (ch < INT_0 || (ch | 0x20) == INT_RCURLY) { // < '0' || ~ '}]' expected/allowed chars,if (ch >= INT_0 || (ch | 0x20) == INT_RCURLY) { // < '0' || ~ '}]' expected/allowed chars,1109,
com/fasterxml/jackson/core/json/async/NonBlockingUtf8JsonParserBase.java,1105,RelationalOperatorReplacement,"if ((ptr + 4) < _inputEnd) { // yes, can determine efficiently","if ((ptr + 4) >= _inputEnd) { // yes, can determine efficiently",1114,
com/fasterxml/jackson/core/json/async/NonBlockingUtf8JsonParserBase.java,1072,RelationalOperatorReplacement,if (_inputPtr >= _inputEnd) {,if (_inputPtr < _inputEnd) {,1115,
com/fasterxml/jackson/core/json/async/NonBlockingUtf8JsonParserBase.java,1046,RelationalOperatorReplacement,if (ch < 0x020) {,if (ch >= 0x020) {,1121,
com/fasterxml/jackson/core/json/async/NonBlockingUtf8JsonParserBase.java,1040,RelationalOperatorReplacement,if (_inputPtr >= _inputEnd) {,if (_inputPtr < _inputEnd) {,1122,
com/fasterxml/jackson/core/json/async/NonBlockingUtf8JsonParserBase.java,1020,RelationalOperatorReplacement,if (ch < 0x020) {,if (ch >= 0x020) {,1126,
com/fasterxml/jackson/core/json/async/NonBlockingUtf8JsonParserBase.java,1014,RelationalOperatorReplacement,if (_inputPtr >= _inputEnd) {,if (_inputPtr < _inputEnd) {,1127,
com/fasterxml/jackson/core/json/async/NonBlockingUtf8JsonParserBase.java,994,RelationalOperatorReplacement,if (ch < 0x020) {,if (ch >= 0x020) {,1131,
com/fasterxml/jackson/core/json/async/NonBlockingUtf8JsonParserBase.java,988,RelationalOperatorReplacement,if (_inputPtr >= _inputEnd) {,if (_inputPtr < _inputEnd) {,1132,
com/fasterxml/jackson/core/json/async/NonBlockingUtf8JsonParserBase.java,965,RelationalOperatorReplacement,if (_inputPtr >= _inputEnd) {,if (_inputPtr < _inputEnd) {,1136,
com/fasterxml/jackson/core/json/async/NonBlockingUtf8JsonParserBase.java,954,RelationalOperatorReplacement,} while (ch <= 0x0020);,} while (ch > 0x0020);,1138,
com/fasterxml/jackson/core/json/async/NonBlockingUtf8JsonParserBase.java,949,RelationalOperatorReplacement,if (_inputPtr >= _inputEnd) {,if (_inputPtr < _inputEnd) {,1139,
com/fasterxml/jackson/core/json/async/NonBlockingUtf8JsonParserBase.java,827,RelationalOperatorReplacement,if (ch <= 0) {,if (ch > 0) {,1149,
com/fasterxml/jackson/core/json/async/NonBlockingUtf8JsonParserBase.java,825,RelationalOperatorReplacement,if (ch <= 0x0020) {,if (ch > 0x0020) {,1150,
com/fasterxml/jackson/core/json/async/NonBlockingUtf8JsonParserBase.java,775,RelationalOperatorReplacement,if (ch <= 0) {,if (ch > 0) {,1152,
com/fasterxml/jackson/core/json/async/NonBlockingUtf8JsonParserBase.java,773,RelationalOperatorReplacement,if (ch <= 0x0020) {,if (ch > 0x0020) {,1153,
com/fasterxml/jackson/core/json/async/NonBlockingUtf8JsonParserBase.java,767,RelationalOperatorReplacement,if (ptr >= _inputEnd) {,if (ptr < _inputEnd) {,1154,
com/fasterxml/jackson/core/json/async/NonBlockingUtf8JsonParserBase.java,751,RelationalOperatorReplacement,if (ch <= 0) {,if (ch > 0) {,1158,
com/fasterxml/jackson/core/json/async/NonBlockingUtf8JsonParserBase.java,749,RelationalOperatorReplacement,if (ch <= 0x0020) {,if (ch > 0x0020) {,1159,
com/fasterxml/jackson/core/json/async/NonBlockingUtf8JsonParserBase.java,685,RelationalOperatorReplacement,if (ch <= 0) {,if (ch > 0) {,1163,
com/fasterxml/jackson/core/json/async/NonBlockingUtf8JsonParserBase.java,683,RelationalOperatorReplacement,if (ch <= 0x0020) {,if (ch > 0x0020) {,1164,
com/fasterxml/jackson/core/json/async/NonBlockingUtf8JsonParserBase.java,677,RelationalOperatorReplacement,if (ptr >= _inputEnd) {,if (ptr < _inputEnd) {,1165,
com/fasterxml/jackson/core/json/async/NonBlockingUtf8JsonParserBase.java,652,RelationalOperatorReplacement,if (ch <= 0) {,if (ch > 0) {,1171,
com/fasterxml/jackson/core/json/async/NonBlockingUtf8JsonParserBase.java,650,RelationalOperatorReplacement,if (ch <= 0x0020) {,if (ch > 0x0020) {,1172,
com/fasterxml/jackson/core/json/async/NonBlockingUtf8JsonParserBase.java,582,RelationalOperatorReplacement,if (ch <= 0) {,if (ch > 0) {,1174,
com/fasterxml/jackson/core/json/async/NonBlockingUtf8JsonParserBase.java,580,RelationalOperatorReplacement,if (ch <= 0x0020) {,if (ch > 0x0020) {,1175,
com/fasterxml/jackson/core/json/async/NonBlockingUtf8JsonParserBase.java,557,RelationalOperatorReplacement,"if ((_inputPtr + 13) <= _inputEnd) { // Need up to 12 chars, plus one trailing (quote)","if ((_inputPtr + 13) > _inputEnd) { // Need up to 12 chars, plus one trailing (quote)",1177,
com/fasterxml/jackson/core/json/async/NonBlockingUtf8JsonParserBase.java,542,RelationalOperatorReplacement,if (ch <= 0) {,if (ch > 0) {,1181,
com/fasterxml/jackson/core/json/async/NonBlockingUtf8JsonParserBase.java,540,RelationalOperatorReplacement,if (ch <= 0x0020) {,if (ch > 0x0020) {,1182,
com/fasterxml/jackson/core/json/async/NonBlockingUtf8JsonParserBase.java,534,RelationalOperatorReplacement,if (ptr >= _inputEnd) {,if (ptr < _inputEnd) {,1183,
com/fasterxml/jackson/core/json/async/NonBlockingUtf8JsonParserBase.java,516,RelationalOperatorReplacement,if (ch <= 0) {,if (ch > 0) {,1188,
com/fasterxml/jackson/core/json/async/NonBlockingUtf8JsonParserBase.java,514,RelationalOperatorReplacement,if (ch <= 0x0020) {,if (ch > 0x0020) {,1189,
com/fasterxml/jackson/core/json/async/NonBlockingUtf8JsonParserBase.java,502,RelationalOperatorReplacement,"if ((_inputPtr + 13) <= _inputEnd) { // Need up to 12 chars, plus one trailing (quote)","if ((_inputPtr + 13) > _inputEnd) { // Need up to 12 chars, plus one trailing (quote)",1191,
com/fasterxml/jackson/core/json/async/NonBlockingUtf8JsonParserBase.java,489,RelationalOperatorReplacement,if (ch <= 0) {,if (ch > 0) {,1194,
com/fasterxml/jackson/core/json/async/NonBlockingUtf8JsonParserBase.java,487,RelationalOperatorReplacement,if (ch <= 0x0020) {,if (ch > 0x0020) {,1195,
com/fasterxml/jackson/core/json/async/NonBlockingUtf8JsonParserBase.java,448,RelationalOperatorReplacement,while (_inputPtr < _inputEnd) {,while (_inputPtr >= _inputEnd) {,1198,
com/fasterxml/jackson/core/json/async/NonBlockingUtf8JsonParserBase.java,426,RelationalOperatorReplacement,if (_inputPtr >= _inputEnd) {,if (_inputPtr < _inputEnd) {,1199,
com/fasterxml/jackson/core/json/async/NonBlockingUtf8JsonParserBase.java,414,RelationalOperatorReplacement,while (ch <= 0x020) {,while (ch > 0x020) {,1204,
com/fasterxml/jackson/core/json/async/NonBlockingUtf8JsonParserBase.java,288,RelationalOperatorReplacement,if (c < 0) {,if (c >= 0) {,1208,
com/fasterxml/jackson/core/json/async/NonBlockingUtf8JsonParserBase.java,119,RelationalOperatorReplacement,if (_inputPtr >= _inputEnd) {,if (_inputPtr < _inputEnd) {,1214,
com/fasterxml/jackson/core/json/async/NonBlockingUtf8JsonParserBase.java,76,RelationalOperatorReplacement,return (_inputPtr >=_inputEnd) && !_endOfInput;,return (_inputPtr <_inputEnd) && !_endOfInput;,1215,
com/fasterxml/jackson/core/json/async/NonBlockingUtf8JsonParserBase.java,2941,RelationalOperatorReplacement,if (digit >= 0) {,if (digit < 0) {,852,
com/fasterxml/jackson/core/json/async/NonBlockingUtf8JsonParserBase.java,2937,RelationalOperatorReplacement,if (digit >= 0) {,if (digit < 0) {,853,
com/fasterxml/jackson/core/json/async/NonBlockingUtf8JsonParserBase.java,2933,RelationalOperatorReplacement,if (digit >= 0) {,if (digit < 0) {,854,
com/fasterxml/jackson/core/json/async/NonBlockingUtf8JsonParserBase.java,2930,RelationalOperatorReplacement,if (digit >= 0) {,if (digit < 0) {,855,
com/fasterxml/jackson/core/json/async/NonBlockingUtf8JsonParserBase.java,2886,RelationalOperatorReplacement,if (left < 5) { // offline boundary-checking case:,if (left >= 5) { // offline boundary-checking case:,856,
com/fasterxml/jackson/core/json/async/NonBlockingUtf8JsonParserBase.java,2857,RelationalOperatorReplacement,if (_inputPtr >= _inputEnd) {,if (_inputPtr < _inputEnd) {,858,
com/fasterxml/jackson/core/json/async/NonBlockingUtf8JsonParserBase.java,2843,RelationalOperatorReplacement,if (_inputPtr >= _inputEnd) {,if (_inputPtr < _inputEnd) {,861,
com/fasterxml/jackson/core/json/async/NonBlockingUtf8JsonParserBase.java,2818,RelationalOperatorReplacement,if (_inputPtr >= _inputEnd) {,if (_inputPtr < _inputEnd) {,865,
com/fasterxml/jackson/core/json/async/NonBlockingUtf8JsonParserBase.java,2798,RelationalOperatorReplacement,if (c < INT_SPACE) {,if (c >= INT_SPACE) {,868,
com/fasterxml/jackson/core/json/async/NonBlockingUtf8JsonParserBase.java,2763,RelationalOperatorReplacement,if (c < 0) {,if (c >= 0) {,869,
com/fasterxml/jackson/core/json/async/NonBlockingUtf8JsonParserBase.java,2748,RelationalOperatorReplacement,if (outPtr >= outBuf.length) {,if (outPtr < outBuf.length) {,870,
com/fasterxml/jackson/core/json/async/NonBlockingUtf8JsonParserBase.java,2739,RelationalOperatorReplacement,if (c < INT_SPACE) {,if (c >= INT_SPACE) {,871,
com/fasterxml/jackson/core/json/async/NonBlockingUtf8JsonParserBase.java,2731,RelationalOperatorReplacement,if (outPtr >= outBuf.length) {,if (outPtr < outBuf.length) {,872,
com/fasterxml/jackson/core/json/async/NonBlockingUtf8JsonParserBase.java,2704,RelationalOperatorReplacement,"if (!_decodeSplitMultiByte(c, codes[c], ptr < _inputEnd)) {","if (!_decodeSplitMultiByte(c, codes[c], ptr >= _inputEnd)) {",873,
com/fasterxml/jackson/core/json/async/NonBlockingUtf8JsonParserBase.java,2701,RelationalOperatorReplacement,if (ptr >= safeEnd) {,if (ptr < safeEnd) {,874,
com/fasterxml/jackson/core/json/async/NonBlockingUtf8JsonParserBase.java,2686,RelationalOperatorReplacement,while (ptr < max) {,while (ptr >= max) {,878,
com/fasterxml/jackson/core/json/async/NonBlockingUtf8JsonParserBase.java,2679,RelationalOperatorReplacement,if (outPtr >= outBuf.length) {,if (outPtr < outBuf.length) {,879,
com/fasterxml/jackson/core/json/async/NonBlockingUtf8JsonParserBase.java,2673,RelationalOperatorReplacement,if (ptr >= _inputEnd) {,if (ptr < _inputEnd) {,880,
com/fasterxml/jackson/core/json/async/NonBlockingUtf8JsonParserBase.java,2640,RelationalOperatorReplacement,while (ptr < max) {,while (ptr >= max) {,883,
com/fasterxml/jackson/core/json/async/NonBlockingUtf8JsonParserBase.java,2623,RelationalOperatorReplacement,if (outPtr >= outBuf.length) {,if (outPtr < outBuf.length) {,884,
com/fasterxml/jackson/core/json/async/NonBlockingUtf8JsonParserBase.java,2614,RelationalOperatorReplacement,if (c < INT_SPACE) {,if (c >= INT_SPACE) {,885,
com/fasterxml/jackson/core/json/async/NonBlockingUtf8JsonParserBase.java,2606,RelationalOperatorReplacement,if (outPtr >= outBuf.length) {,if (outPtr < outBuf.length) {,886,
com/fasterxml/jackson/core/json/async/NonBlockingUtf8JsonParserBase.java,2579,RelationalOperatorReplacement,"if (!_decodeSplitMultiByte(c, codes[c], ptr < _inputEnd)) {","if (!_decodeSplitMultiByte(c, codes[c], ptr >= _inputEnd)) {",887,
com/fasterxml/jackson/core/json/async/NonBlockingUtf8JsonParserBase.java,2576,RelationalOperatorReplacement,if (ptr >= safeEnd) {,if (ptr < safeEnd) {,888,
com/fasterxml/jackson/core/json/async/NonBlockingUtf8JsonParserBase.java,2561,RelationalOperatorReplacement,while (ptr < max) {,while (ptr >= max) {,891,
com/fasterxml/jackson/core/json/async/NonBlockingUtf8JsonParserBase.java,2554,RelationalOperatorReplacement,if (outPtr >= outBuf.length) {,if (outPtr < outBuf.length) {,892,
com/fasterxml/jackson/core/json/async/NonBlockingUtf8JsonParserBase.java,2548,RelationalOperatorReplacement,if (ptr >= _inputEnd) {,if (ptr < _inputEnd) {,893,
com/fasterxml/jackson/core/json/async/NonBlockingUtf8JsonParserBase.java,2513,RelationalOperatorReplacement,while (ptr < max) {,while (ptr >= max) {,896,
com/fasterxml/jackson/core/json/async/NonBlockingUtf8JsonParserBase.java,2490,RelationalOperatorReplacement,if (_inputPtr >= _inputEnd) {,if (_inputPtr < _inputEnd) {,897,
com/fasterxml/jackson/core/json/async/NonBlockingUtf8JsonParserBase.java,2483,RelationalOperatorReplacement,if (digit < 0) {,if (digit >= 0) {,899,
com/fasterxml/jackson/core/json/async/NonBlockingUtf8JsonParserBase.java,2472,RelationalOperatorReplacement,if (_inputPtr >= _inputEnd) {,if (_inputPtr < _inputEnd) {,900,
com/fasterxml/jackson/core/json/async/NonBlockingUtf8JsonParserBase.java,2435,RelationalOperatorReplacement,if (_inputPtr >= _inputEnd) {,if (_inputPtr < _inputEnd) {,902,
com/fasterxml/jackson/core/json/async/NonBlockingUtf8JsonParserBase.java,2419,RelationalOperatorReplacement,if (currQuadBytes < 4) {,if (currQuadBytes >= 4) {,904,
com/fasterxml/jackson/core/json/async/NonBlockingUtf8JsonParserBase.java,2408,RelationalOperatorReplacement,if (++currQuadBytes >= 4) {,if (++currQuadBytes < 4) {,905,
com/fasterxml/jackson/core/json/async/NonBlockingUtf8JsonParserBase.java,2401,RelationalOperatorReplacement,if (ch < 0x800) { // 2-byte,if (ch >= 0x800) { // 2-byte,906,
com/fasterxml/jackson/core/json/async/NonBlockingUtf8JsonParserBase.java,2396,RelationalOperatorReplacement,if (currQuadBytes >= 4) {,if (currQuadBytes < 4) {,907,
com/fasterxml/jackson/core/json/async/NonBlockingUtf8JsonParserBase.java,2394,RelationalOperatorReplacement,if (ch > 127) {,if (ch <= 127) {,908,
com/fasterxml/jackson/core/json/async/NonBlockingUtf8JsonParserBase.java,2389,RelationalOperatorReplacement,if (_quadLength >= _quadBuffer.length) {,if (_quadLength < _quadBuffer.length) {,909,
com/fasterxml/jackson/core/json/async/NonBlockingUtf8JsonParserBase.java,2385,RelationalOperatorReplacement,if (ch < 0) { // ... if possible,if (ch >= 0) { // ... if possible,910,
com/fasterxml/jackson/core/json/async/NonBlockingUtf8JsonParserBase.java,2367,RelationalOperatorReplacement,if (qlen >= quads.length) {,if (qlen < quads.length) {,913,
com/fasterxml/jackson/core/json/async/NonBlockingUtf8JsonParserBase.java,2366,RelationalOperatorReplacement,if (currQuadBytes > 0) {,if (currQuadBytes <= 0) {,914,
com/fasterxml/jackson/core/json/async/NonBlockingUtf8JsonParserBase.java,2357,RelationalOperatorReplacement,if (qlen >= quads.length) {,if (qlen < quads.length) {,915,
com/fasterxml/jackson/core/json/async/NonBlockingUtf8JsonParserBase.java,2353,RelationalOperatorReplacement,if (currQuadBytes < 4) {,if (currQuadBytes >= 4) {,916,
com/fasterxml/jackson/core/json/async/NonBlockingUtf8JsonParserBase.java,2338,RelationalOperatorReplacement,if (qlen >= quads.length) {,if (qlen < quads.length) {,917,
com/fasterxml/jackson/core/json/async/NonBlockingUtf8JsonParserBase.java,2337,RelationalOperatorReplacement,if (currQuadBytes >= 4) {,if (currQuadBytes < 4) {,918,
com/fasterxml/jackson/core/json/async/NonBlockingUtf8JsonParserBase.java,2329,RelationalOperatorReplacement,if (ch < 0x800) { // 2-byte,if (ch >= 0x800) { // 2-byte,919,
com/fasterxml/jackson/core/json/async/NonBlockingUtf8JsonParserBase.java,2322,RelationalOperatorReplacement,if (qlen >= quads.length) {,if (qlen < quads.length) {,920,
com/fasterxml/jackson/core/json/async/NonBlockingUtf8JsonParserBase.java,2321,RelationalOperatorReplacement,if (currQuadBytes >= 4) {,if (currQuadBytes < 4) {,921,
com/fasterxml/jackson/core/json/async/NonBlockingUtf8JsonParserBase.java,2319,RelationalOperatorReplacement,if (ch > 127) {,if (ch <= 127) {,922,
com/fasterxml/jackson/core/json/async/NonBlockingUtf8JsonParserBase.java,2310,RelationalOperatorReplacement,if (ch < 0) { // method has set up state about escape sequence,if (ch >= 0) { // method has set up state about escape sequence,923,
com/fasterxml/jackson/core/json/async/NonBlockingUtf8JsonParserBase.java,2291,RelationalOperatorReplacement,if (_inputPtr >= _inputEnd) {,if (_inputPtr < _inputEnd) {,928,
com/fasterxml/jackson/core/json/async/NonBlockingUtf8JsonParserBase.java,2272,RelationalOperatorReplacement,if (qlen >= quads.length) {,if (qlen < quads.length) {,930,
com/fasterxml/jackson/core/json/async/NonBlockingUtf8JsonParserBase.java,2271,RelationalOperatorReplacement,if (currQuadBytes > 0) {,if (currQuadBytes <= 0) {,931,
com/fasterxml/jackson/core/json/async/NonBlockingUtf8JsonParserBase.java,2262,RelationalOperatorReplacement,if (qlen >= quads.length) {,if (qlen < quads.length) {,932,
com/fasterxml/jackson/core/json/async/NonBlockingUtf8JsonParserBase.java,2258,RelationalOperatorReplacement,if (currQuadBytes < 4) {,if (currQuadBytes >= 4) {,933,
com/fasterxml/jackson/core/json/async/NonBlockingUtf8JsonParserBase.java,2245,RelationalOperatorReplacement,if (_inputPtr >= _inputEnd) {,if (_inputPtr < _inputEnd) {,935,
com/fasterxml/jackson/core/json/async/NonBlockingUtf8JsonParserBase.java,2172,RelationalOperatorReplacement,if (qlen >= quads.length) {,if (qlen < quads.length) {,942,
com/fasterxml/jackson/core/json/async/NonBlockingUtf8JsonParserBase.java,2171,RelationalOperatorReplacement,if (currQuadBytes > 0) {,if (currQuadBytes <= 0) {,943,
com/fasterxml/jackson/core/json/async/NonBlockingUtf8JsonParserBase.java,2161,RelationalOperatorReplacement,if (currQuadBytes < 4) {,if (currQuadBytes >= 4) {,944,
com/fasterxml/jackson/core/json/async/NonBlockingUtf8JsonParserBase.java,2150,RelationalOperatorReplacement,if (currQuadBytes >= 4) {,if (currQuadBytes < 4) {,945,
com/fasterxml/jackson/core/json/async/NonBlockingUtf8JsonParserBase.java,2142,RelationalOperatorReplacement,if (ch < 0x800) { // 2-byte,if (ch >= 0x800) { // 2-byte,946,
com/fasterxml/jackson/core/json/async/NonBlockingUtf8JsonParserBase.java,2137,RelationalOperatorReplacement,if (currQuadBytes >= 4) {,if (currQuadBytes < 4) {,947,
com/fasterxml/jackson/core/json/async/NonBlockingUtf8JsonParserBase.java,2135,RelationalOperatorReplacement,if (ch > 127) {,if (ch <= 127) {,948,
com/fasterxml/jackson/core/json/async/NonBlockingUtf8JsonParserBase.java,2132,RelationalOperatorReplacement,if (qlen >= quads.length) {,if (qlen < quads.length) {,949,
com/fasterxml/jackson/core/json/async/NonBlockingUtf8JsonParserBase.java,2119,RelationalOperatorReplacement,if (ch < 0) { // method has set up state about escape sequence,if (ch >= 0) { // method has set up state about escape sequence,950,
com/fasterxml/jackson/core/json/async/NonBlockingUtf8JsonParserBase.java,2099,RelationalOperatorReplacement,if (qlen >= quads.length) {,if (qlen < quads.length) {,953,
com/fasterxml/jackson/core/json/async/NonBlockingUtf8JsonParserBase.java,2094,RelationalOperatorReplacement,if (currQuadBytes < 4) {,if (currQuadBytes >= 4) {,954,
com/fasterxml/jackson/core/json/async/NonBlockingUtf8JsonParserBase.java,2085,RelationalOperatorReplacement,if (_inputPtr >= _inputEnd) {,if (_inputPtr < _inputEnd) {,956,
com/fasterxml/jackson/core/json/async/NonBlockingUtf8JsonParserBase.java,1901,RelationalOperatorReplacement,if (_inputPtr >= _inputEnd) {,if (_inputPtr < _inputEnd) {,983,
com/fasterxml/jackson/core/json/async/NonBlockingUtf8JsonParserBase.java,1897,RelationalOperatorReplacement,if (outPtr >= outBuf.length) {,if (outPtr < outBuf.length) {,984,
com/fasterxml/jackson/core/json/async/NonBlockingUtf8JsonParserBase.java,1895,RelationalOperatorReplacement,while (ch >= INT_0 && ch <= INT_9) {,while (ch >= INT_0 && ch > INT_9) {,985,
com/fasterxml/jackson/core/json/async/NonBlockingUtf8JsonParserBase.java,1895,RelationalOperatorReplacement,while (ch >= INT_0 && ch <= INT_9) {,while (ch < INT_0 && ch <= INT_9) {,986,
com/fasterxml/jackson/core/json/async/NonBlockingUtf8JsonParserBase.java,1882,RelationalOperatorReplacement,if (_inputPtr >= _inputEnd) {,if (_inputPtr < _inputEnd) {,987,
com/fasterxml/jackson/core/json/async/NonBlockingUtf8JsonParserBase.java,1860,RelationalOperatorReplacement,if (_inputPtr >= _inputEnd) {,if (_inputPtr < _inputEnd) {,990,
com/fasterxml/jackson/core/json/async/NonBlockingUtf8JsonParserBase.java,1831,RelationalOperatorReplacement,if (_inputPtr >= _inputEnd) {,if (_inputPtr < _inputEnd) {,995,
com/fasterxml/jackson/core/json/async/NonBlockingUtf8JsonParserBase.java,1827,RelationalOperatorReplacement,if (outPtr >= outBuf.length) {,if (outPtr < outBuf.length) {,996,
com/fasterxml/jackson/core/json/async/NonBlockingUtf8JsonParserBase.java,1825,RelationalOperatorReplacement,if (ch >= INT_0 && ch <= INT_9) {,if (ch >= INT_0 && ch > INT_9) {,997,
com/fasterxml/jackson/core/json/async/NonBlockingUtf8JsonParserBase.java,1825,RelationalOperatorReplacement,if (ch >= INT_0 && ch <= INT_9) {,if (ch < INT_0 && ch <= INT_9) {,998,
com/fasterxml/jackson/core/sym/ByteQuadsCanonicalizer.java,1385,RelationalOperatorReplacement,if (tertSlots <= 1024) { // buckets of 16 slots (up to 1024 == 64 x 16),if (tertSlots > 1024) { // buckets of 16 slots (up to 1024 == 64 x 16),466,
com/fasterxml/jackson/core/sym/ByteQuadsCanonicalizer.java,1382,RelationalOperatorReplacement,if (tertSlots <= 256) { // buckets of 8 slots (up to 256 == 32 x 8),if (tertSlots > 256) { // buckets of 8 slots (up to 256 == 32 x 8),467,
com/fasterxml/jackson/core/sym/ByteQuadsCanonicalizer.java,1379,RelationalOperatorReplacement,if (tertSlots < 64) {,if (tertSlots >= 64) {,468,
com/fasterxml/jackson/core/sym/ByteQuadsCanonicalizer.java,1364,RelationalOperatorReplacement,if (_hashSize <= 1024) { // would have spill-over area of 128 entries,if (_hashSize > 1024) { // would have spill-over area of 128 entries,469,
com/fasterxml/jackson/core/sym/ByteQuadsCanonicalizer.java,1311,RelationalOperatorReplacement,if (len > q.length) {,if (len <= q.length) {,471,
com/fasterxml/jackson/core/sym/ByteQuadsCanonicalizer.java,1287,RelationalOperatorReplacement,"for (int offset = 0, end = oldEnd; offset < end; offset += 4) {","for (int offset = 0, end = oldEnd; offset >= end; offset += 4) {",473,
com/fasterxml/jackson/core/sym/ByteQuadsCanonicalizer.java,1265,RelationalOperatorReplacement,if (newSize > MAX_T_SIZE) {,if (newSize <= MAX_T_SIZE) {,474,
com/fasterxml/jackson/core/sym/ByteQuadsCanonicalizer.java,1229,RelationalOperatorReplacement,for (int i = 3; i < qlen; ++i) {,for (int i = 3; i >= qlen; ++i) {,475,
com/fasterxml/jackson/core/sym/ByteQuadsCanonicalizer.java,1213,RelationalOperatorReplacement,if (qlen < 4) {,if (qlen >= 4) {,476,
com/fasterxml/jackson/core/sym/ByteQuadsCanonicalizer.java,1122,RelationalOperatorReplacement,if ((start + qlen) > _hashArea.length) {,if ((start + qlen) <= _hashArea.length) {,477,
com/fasterxml/jackson/core/sym/ByteQuadsCanonicalizer.java,1110,RelationalOperatorReplacement,|| (_count > multiplyByFourFifths(_hashSize))) {,|| (_count <= multiplyByFourFifths(_hashSize))) {,478,
com/fasterxml/jackson/core/sym/ByteQuadsCanonicalizer.java,1109,RelationalOperatorReplacement,if ((spillCount > (1 + _count >> 7)),if ((spillCount <= (1 + _count >> 7)),479,
com/fasterxml/jackson/core/sym/ByteQuadsCanonicalizer.java,1107,RelationalOperatorReplacement,if (_count > (_hashSize >> 1)) { // over 50%,if (_count <= (_hashSize >> 1)) { // over 50%,480,
com/fasterxml/jackson/core/sym/ByteQuadsCanonicalizer.java,1089,RelationalOperatorReplacement,for (int end = offset2 + bucketSize; offset2 < end; offset2 += 4) {,for (int end = offset2 + bucketSize; offset2 >= end; offset2 += 4) {,482,
com/fasterxml/jackson/core/sym/ByteQuadsCanonicalizer.java,1062,RelationalOperatorReplacement,if (_spilloverEnd >= end) {,if (_spilloverEnd < end) {,485,
com/fasterxml/jackson/core/sym/ByteQuadsCanonicalizer.java,1042,RelationalOperatorReplacement,for (int end = offset2 + bucketSize; offset2 < end; offset2 += 4) {,for (int end = offset2 + bucketSize; offset2 >= end; offset2 += 4) {,487,
com/fasterxml/jackson/core/sym/ByteQuadsCanonicalizer.java,856,RelationalOperatorReplacement,} while (ix < qlen);,} while (ix >= qlen);,496,
com/fasterxml/jackson/core/sym/ByteQuadsCanonicalizer.java,813,RelationalOperatorReplacement,for (offset = _spilloverStart(); offset < _spilloverEnd; offset += 4) {,for (offset = _spilloverStart(); offset >= _spilloverEnd; offset += 4) {,508,
com/fasterxml/jackson/core/sym/ByteQuadsCanonicalizer.java,802,RelationalOperatorReplacement,for (int end = offset + bucketSize; offset < end; offset += 4) {,for (int end = offset + bucketSize; offset >= end; offset += 4) {,512,
com/fasterxml/jackson/core/sym/ByteQuadsCanonicalizer.java,787,RelationalOperatorReplacement,for (offset = _spilloverStart(); offset < _spilloverEnd; offset += 4) {,for (offset = _spilloverStart(); offset >= _spilloverEnd; offset += 4) {,517,
com/fasterxml/jackson/core/sym/ByteQuadsCanonicalizer.java,778,RelationalOperatorReplacement,for (int end = offset + bucketSize; offset < end; offset += 4) {,for (int end = offset + bucketSize; offset >= end; offset += 4) {,523,
com/fasterxml/jackson/core/sym/ByteQuadsCanonicalizer.java,764,RelationalOperatorReplacement,for (offset = _spilloverStart(); offset < _spilloverEnd; offset += 4) {,for (offset = _spilloverStart(); offset >= _spilloverEnd; offset += 4) {,527,
com/fasterxml/jackson/core/sym/ByteQuadsCanonicalizer.java,755,RelationalOperatorReplacement,for (int end = offset + bucketSize; offset < end; offset += 4) {,for (int end = offset + bucketSize; offset >= end; offset += 4) {,532,
com/fasterxml/jackson/core/sym/ByteQuadsCanonicalizer.java,741,RelationalOperatorReplacement,for (offset = _spilloverStart(); offset < _spilloverEnd; offset += 4) {,for (offset = _spilloverStart(); offset >= _spilloverEnd; offset += 4) {,535,
com/fasterxml/jackson/core/sym/ByteQuadsCanonicalizer.java,729,RelationalOperatorReplacement,for (int end = offset + bucketSize; offset < end; offset += 4) {,for (int end = offset + bucketSize; offset >= end; offset += 4) {,539,
com/fasterxml/jackson/core/sym/ByteQuadsCanonicalizer.java,664,RelationalOperatorReplacement,if (qlen < 4) { // another sanity check,if (qlen >= 4) { // another sanity check,545,
com/fasterxml/jackson/core/sym/ByteQuadsCanonicalizer.java,542,RelationalOperatorReplacement,"for (int offset = 3, end = (_hashSize << 3); offset < end; offset += 4) {","for (int offset = 3, end = (_hashSize << 3); offset >= end; offset += 4) {",571,
com/fasterxml/jackson/core/sym/ByteQuadsCanonicalizer.java,520,RelationalOperatorReplacement,for (int end = offset + _hashSize; offset < end; offset += 4) {,for (int end = offset + _hashSize; offset >= end; offset += 4) {,573,
com/fasterxml/jackson/core/sym/ByteQuadsCanonicalizer.java,503,RelationalOperatorReplacement,for (int end = _tertiaryStart; offset < end; offset += 4) {,for (int end = _tertiaryStart; offset >= end; offset += 4) {,575,
com/fasterxml/jackson/core/sym/ByteQuadsCanonicalizer.java,486,RelationalOperatorReplacement,"for (int offset = 3, end = _secondaryStart; offset < end; offset += 4) {","for (int offset = 3, end = _secondaryStart; offset >= end; offset += 4) {",577,
com/fasterxml/jackson/core/sym/ByteQuadsCanonicalizer.java,424,RelationalOperatorReplacement,if (childCount > MAX_ENTRIES_FOR_REUSE) {,if (childCount <= MAX_ENTRIES_FOR_REUSE) {,580,
com/fasterxml/jackson/core/sym/ByteQuadsCanonicalizer.java,245,RelationalOperatorReplacement,while (curr < sz) {,while (curr >= sz) {,583,
com/fasterxml/jackson/core/sym/ByteQuadsCanonicalizer.java,238,RelationalOperatorReplacement,if (sz < MIN_HASH_SIZE) {,if (sz >= MIN_HASH_SIZE) {,585,
com/fasterxml/jackson/core/sym/CharsToNameCanonicalizer.java,902,RelationalOperatorReplacement,} while (++i < len);,} while (++i >= len);,151,
com/fasterxml/jackson/core/sym/CharsToNameCanonicalizer.java,810,RelationalOperatorReplacement,for (int i = 0; i < bucketSize; ++i) {,for (int i = 0; i >= bucketSize; ++i) {,157,
com/fasterxml/jackson/core/sym/CharsToNameCanonicalizer.java,802,RelationalOperatorReplacement,for (int i = 0; i < size; ++i) {,for (int i = 0; i >= size; ++i) {,159,
com/fasterxml/jackson/core/sym/CharsToNameCanonicalizer.java,754,RelationalOperatorReplacement,for (int i = 0; i < bucketSize; ++i) {,for (int i = 0; i >= bucketSize; ++i) {,163,
com/fasterxml/jackson/core/sym/CharsToNameCanonicalizer.java,737,RelationalOperatorReplacement,for (int i = 0; i < size; ++i) {,for (int i = 0; i >= size; ++i) {,166,
com/fasterxml/jackson/core/sym/CharsToNameCanonicalizer.java,711,RelationalOperatorReplacement,if (newSize > MAX_T_SIZE) {,if (newSize <= MAX_T_SIZE) {,167,
com/fasterxml/jackson/core/sym/CharsToNameCanonicalizer.java,672,RelationalOperatorReplacement,for (int i = 0; i < len; ++i) {,for (int i = 0; i >= len; ++i) {,169,
com/fasterxml/jackson/core/sym/CharsToNameCanonicalizer.java,660,RelationalOperatorReplacement,"for (int i = start, end = start+len; i < end; ++i) {","for (int i = start, end = start+len; i >= end; ++i) {",171,
com/fasterxml/jackson/core/sym/CharsToNameCanonicalizer.java,583,RelationalOperatorReplacement,if (collLen > MAX_COLL_CHAIN_LENGTH) {,if (collLen <= MAX_COLL_CHAIN_LENGTH) {,173,
com/fasterxml/jackson/core/sym/CharsToNameCanonicalizer.java,564,RelationalOperatorReplacement,} else if (_size >= _sizeThreshold) { // Need to expand?,} else if (_size < _sizeThreshold) { // Need to expand?,175,
com/fasterxml/jackson/core/sym/CharsToNameCanonicalizer.java,504,RelationalOperatorReplacement,if (len < 1) { // empty Strings are simplest to handle up front,if (len >= 1) { // empty Strings are simplest to handle up front,185,
com/fasterxml/jackson/core/sym/CharsToNameCanonicalizer.java,431,RelationalOperatorReplacement,if (childCount > MAX_ENTRIES_FOR_REUSE) {,if (childCount <= MAX_ENTRIES_FOR_REUSE) {,188,
com/fasterxml/jackson/core/sym/NameN.java,93,RelationalOperatorReplacement,for (int i = 0; i < end; ++i) {,for (int i = 0; i >= end; ++i) {,21,
com/fasterxml/jackson/core/sym/NameN.java,43,RelationalOperatorReplacement,if (rem > 0) {,if (rem <= 0) {,31,
com/fasterxml/jackson/core/sym/NameN.java,31,RelationalOperatorReplacement,if (qlen < 4) {,if (qlen >= 4) {,32,
com/fasterxml/jackson/core/util/BufferRecycler.java,205,RelationalOperatorReplacement,if ((oldBuffer == null) || buffer.length > oldBuffer.length) {,if ((oldBuffer == null) || buffer.length <= oldBuffer.length) {,41,
com/fasterxml/jackson/core/util/BufferRecycler.java,196,RelationalOperatorReplacement,if (buffer == null || buffer.length < minSize) {,if (buffer == null || buffer.length >= minSize) {,43,
com/fasterxml/jackson/core/util/BufferRecycler.java,192,RelationalOperatorReplacement,if (minSize < DEF_SIZE) {,if (minSize >= DEF_SIZE) {,45,
com/fasterxml/jackson/core/util/BufferRecycler.java,174,RelationalOperatorReplacement,if ((oldBuffer == null) || buffer.length > oldBuffer.length) {,if ((oldBuffer == null) || buffer.length <= oldBuffer.length) {,46,
com/fasterxml/jackson/core/util/BufferRecycler.java,165,RelationalOperatorReplacement,if (buffer == null || buffer.length < minSize) {,if (buffer == null || buffer.length >= minSize) {,48,
com/fasterxml/jackson/core/util/BufferRecycler.java,161,RelationalOperatorReplacement,if (minSize < DEF_SIZE) {,if (minSize >= DEF_SIZE) {,50,
com/fasterxml/jackson/core/util/ByteArrayBuilder.java,332,RelationalOperatorReplacement,if (newSize > MAX_BLOCK_SIZE) {,if (newSize <= MAX_BLOCK_SIZE) {,81,
com/fasterxml/jackson/core/util/ByteArrayBuilder.java,318,RelationalOperatorReplacement,if (newPastLen < 0) {,if (newPastLen >= 0) {,82,
com/fasterxml/jackson/core/util/ByteArrayBuilder.java,288,RelationalOperatorReplacement,if (len <= 0) break;,if (len > 0) break;,83,
com/fasterxml/jackson/core/util/ByteArrayBuilder.java,282,RelationalOperatorReplacement,if (toCopy > 0) {,if (toCopy <= 0) {,84,
com/fasterxml/jackson/core/util/ByteArrayBuilder.java,139,RelationalOperatorReplacement,if ((_currBlockPtr + 3) < _currBlock.length) {,if ((_currBlockPtr + 3) >= _currBlock.length) {,87,
com/fasterxml/jackson/core/util/ByteArrayBuilder.java,126,RelationalOperatorReplacement,if ((_currBlockPtr + 2) < _currBlock.length) {,if ((_currBlockPtr + 2) >= _currBlock.length) {,88,
com/fasterxml/jackson/core/util/ByteArrayBuilder.java,116,RelationalOperatorReplacement,if ((_currBlockPtr + 1) < _currBlock.length) {,if ((_currBlockPtr + 1) >= _currBlock.length) {,89,
com/fasterxml/jackson/core/util/ByteArrayBuilder.java,109,RelationalOperatorReplacement,if (_currBlockPtr >= _currBlock.length) {,if (_currBlockPtr < _currBlock.length) {,90,
com/fasterxml/jackson/core/util/ByteArrayBuilder.java,61,RelationalOperatorReplacement,if (firstBlockSize > MAX_BLOCK_SIZE) {,if (firstBlockSize <= MAX_BLOCK_SIZE) {,94,
com/fasterxml/jackson/core/util/DefaultIndenter.java,93,RelationalOperatorReplacement,while (level > indents.length) { // unlike to happen but just in case,while (level <= indents.length) { // unlike to happen but just in case,28,
com/fasterxml/jackson/core/util/DefaultIndenter.java,91,RelationalOperatorReplacement,if (level > 0) { // should we err on negative values (as there's some flaw?),if (level <= 0) { // should we err on negative values (as there's some flaw?),29,
com/fasterxml/jackson/core/util/DefaultIndenter.java,60,RelationalOperatorReplacement,for (int i=0; i<INDENT_LEVELS; i++) {,for (int i=0; i>=INDENT_LEVELS; i++) {,30,
com/fasterxml/jackson/core/util/DefaultPrettyPrinter.java,485,RelationalOperatorReplacement,if (nrOfValues > 0) {,if (nrOfValues <= 0) {,94,
com/fasterxml/jackson/core/util/DefaultPrettyPrinter.java,441,RelationalOperatorReplacement,if (nrOfEntries > 0) {,if (nrOfEntries <= 0) {,95,
com/fasterxml/jackson/core/util/InternCache.java,52,RelationalOperatorReplacement,if (size() >= DEFAULT_MAX_ENTRIES) {,if (size() < DEFAULT_MAX_ENTRIES) {,10,
com/fasterxml/jackson/core/util/InternCache.java,61,RelationalOperatorReplacement,if (size() >= DEFAULT_MAX_ENTRIES) {,if (size() < DEFAULT_MAX_ENTRIES) {,9,
com/fasterxml/jackson/core/util/InternalJacksonUtil.java,20,RelationalOperatorReplacement,if (result < 0) {,if (result >= 0) {,4,
com/fasterxml/jackson/core/util/JacksonFeatureSet.java,42,RelationalOperatorReplacement,if (allFeatures.length > 31) {,if (allFeatures.length <= 31) {,29,
com/fasterxml/jackson/core/util/JsonParserSequence.java,232,RelationalOperatorReplacement,while (_nextParserIndex < _parsers.length) {,while (_nextParserIndex >= _parsers.length) {,49,
com/fasterxml/jackson/core/util/JsonParserSequence.java,223,RelationalOperatorReplacement,if (_nextParserIndex < _parsers.length) {,if (_nextParserIndex >= _parsers.length) {,50,
com/fasterxml/jackson/core/util/JsonParserSequence.java,119,RelationalOperatorReplacement,"for (int i = _nextParserIndex-1, len = _parsers.length; i < len; ++i) {","for (int i = _nextParserIndex-1, len = _parsers.length; i >= len; ++i) {",57,
com/fasterxml/jackson/core/util/JsonRecyclerPools.java,274,RelationalOperatorReplacement,if (capacity <= 0) {,if (capacity > 0) {,58,
com/fasterxml/jackson/core/util/RecyclerPool.java,422,RelationalOperatorReplacement,capacity = (capacityAsId <= 0) ? DEFAULT_CAPACITY : capacityAsId;,capacity = (capacityAsId > 0) ? DEFAULT_CAPACITY : capacityAsId;,70,
com/fasterxml/jackson/core/util/RecyclerPool.java,362,RelationalOperatorReplacement,for (int i = 0; i < 3; i++) {,for (int i = 0; i >= 3; i++) {,72,
com/fasterxml/jackson/core/util/RecyclerPool.java,346,RelationalOperatorReplacement,for (int i = 0; i < 3; i++) {,for (int i = 0; i >= 3; i++) {,74,
com/fasterxml/jackson/core/util/TextBuffer.java,1224,RelationalOperatorReplacement,"for (int i = 0, len = _segments.size(); i < len; ++i) {","for (int i = 0, len = _segments.size(); i >= len; ++i) {",223,
com/fasterxml/jackson/core/util/TextBuffer.java,1215,RelationalOperatorReplacement,if (size < 0) {,if (size >= 0) {,225,
com/fasterxml/jackson/core/util/TextBuffer.java,1214,RelationalOperatorReplacement,if (size < 1) {,if (size >= 1) {,226,
com/fasterxml/jackson/core/util/TextBuffer.java,1202,RelationalOperatorReplacement,if (len < 1) {,if (len >= 1) {,228,
com/fasterxml/jackson/core/util/TextBuffer.java,1200,RelationalOperatorReplacement,if (_inputStart >= 0) {,if (_inputStart < 0) {,229,
com/fasterxml/jackson/core/util/TextBuffer.java,1188,RelationalOperatorReplacement,} else if (newLen > MAX_SEGMENT_LEN) {,} else if (newLen <= MAX_SEGMENT_LEN) {,231,
com/fasterxml/jackson/core/util/TextBuffer.java,1186,RelationalOperatorReplacement,if (newLen < MIN_SEGMENT_LEN) {,if (newLen >= MIN_SEGMENT_LEN) {,232,
com/fasterxml/jackson/core/util/TextBuffer.java,1178,RelationalOperatorReplacement,if (_segmentSize < 0) {,if (_segmentSize >= 0) {,233,
com/fasterxml/jackson/core/util/TextBuffer.java,1160,RelationalOperatorReplacement,if (sharedLen > 0) {,if (sharedLen <= 0) {,235,
com/fasterxml/jackson/core/util/TextBuffer.java,1157,RelationalOperatorReplacement,if (_currentSegment == null || needed > _currentSegment.length) {,if (_currentSegment == null || needed <= _currentSegment.length) {,236,
com/fasterxml/jackson/core/util/TextBuffer.java,1112,RelationalOperatorReplacement,if (curr.length >= minSize) return curr;,if (curr.length < minSize) return curr;,238,
com/fasterxml/jackson/core/util/TextBuffer.java,1093,RelationalOperatorReplacement,if (newLen > MAX_SEGMENT_LEN) {,if (newLen <= MAX_SEGMENT_LEN) {,239,
com/fasterxml/jackson/core/util/TextBuffer.java,1060,RelationalOperatorReplacement,"if (curr[ptr] > 0x0020) { // found the ending non-space char, all done:","if (curr[ptr] <= 0x0020) { // found the ending non-space char, all done:",241,
com/fasterxml/jackson/core/util/TextBuffer.java,1059,RelationalOperatorReplacement,while (--ptr >= 0) {,while (--ptr < 0) {,242,
com/fasterxml/jackson/core/util/TextBuffer.java,1046,RelationalOperatorReplacement,if (ptr < 0 || _currentSegment[ptr] <= 0x0020) {,if (ptr < 0 || _currentSegment[ptr] > 0x0020) {,243,
com/fasterxml/jackson/core/util/TextBuffer.java,1046,RelationalOperatorReplacement,if (ptr < 0 || _currentSegment[ptr] <= 0x0020) {,if (ptr >= 0 || _currentSegment[ptr] <= 0x0020) {,244,
com/fasterxml/jackson/core/util/TextBuffer.java,1023,RelationalOperatorReplacement,} else if (newLen > MAX_SEGMENT_LEN) {,} else if (newLen <= MAX_SEGMENT_LEN) {,245,
com/fasterxml/jackson/core/util/TextBuffer.java,1021,RelationalOperatorReplacement,if (newLen < MIN_SEGMENT_LEN) {,if (newLen >= MIN_SEGMENT_LEN) {,246,
com/fasterxml/jackson/core/util/TextBuffer.java,1013,RelationalOperatorReplacement,if (_segmentSize < 0) {,if (_segmentSize >= 0) {,247,
com/fasterxml/jackson/core/util/TextBuffer.java,990,RelationalOperatorReplacement,if (_segmentSize > 0) { // longer text; call main method,if (_segmentSize <= 0) { // longer text; call main method,250,
com/fasterxml/jackson/core/util/TextBuffer.java,941,RelationalOperatorReplacement,} else if (_currentSize >= curr.length) {,} else if (_currentSize < curr.length) {,252,
com/fasterxml/jackson/core/util/TextBuffer.java,935,RelationalOperatorReplacement,if (_inputStart >= 0) {,if (_inputStart < 0) {,254,
com/fasterxml/jackson/core/util/TextBuffer.java,917,RelationalOperatorReplacement,if (newTotalLength < 0) {,if (newTotalLength >= 0) {,255,
com/fasterxml/jackson/core/util/TextBuffer.java,911,RelationalOperatorReplacement,} while (len > 0);,} while (len <= 0);,256,
com/fasterxml/jackson/core/util/TextBuffer.java,897,RelationalOperatorReplacement,if (max > 0) {,if (max <= 0) {,257,
com/fasterxml/jackson/core/util/TextBuffer.java,888,RelationalOperatorReplacement,if (max >= len) {,if (max < len) {,258,
com/fasterxml/jackson/core/util/TextBuffer.java,879,RelationalOperatorReplacement,if (_inputStart >= 0) {,if (_inputStart < 0) {,259,
com/fasterxml/jackson/core/util/TextBuffer.java,867,RelationalOperatorReplacement,} while (len > 0);,} while (len <= 0);,260,
com/fasterxml/jackson/core/util/TextBuffer.java,853,RelationalOperatorReplacement,if (max > 0) {,if (max <= 0) {,261,
com/fasterxml/jackson/core/util/TextBuffer.java,844,RelationalOperatorReplacement,if (max >= len) {,if (max < len) {,262,
com/fasterxml/jackson/core/util/TextBuffer.java,834,RelationalOperatorReplacement,if (_inputStart >= 0) {,if (_inputStart < 0) {,263,
com/fasterxml/jackson/core/util/TextBuffer.java,817,RelationalOperatorReplacement,if (_currentSize >= curr.length) {,if (_currentSize < curr.length) {,264,
com/fasterxml/jackson/core/util/TextBuffer.java,809,RelationalOperatorReplacement,if (_inputStart >= 0) {,if (_inputStart < 0) {,265,
com/fasterxml/jackson/core/util/TextBuffer.java,798,RelationalOperatorReplacement,if (_inputStart >= 0) {,if (_inputStart < 0) {,266,
com/fasterxml/jackson/core/util/TextBuffer.java,780,RelationalOperatorReplacement,if (len > 0) {,if (len <= 0) {,267,
com/fasterxml/jackson/core/util/TextBuffer.java,772,RelationalOperatorReplacement,"for (int i = 0, end = _segments.size(); i < end; ++i) {","for (int i = 0, end = _segments.size(); i >= end; ++i) {",268,
com/fasterxml/jackson/core/util/TextBuffer.java,764,RelationalOperatorReplacement,if (len > 0) {,if (len <= 0) {,270,
com/fasterxml/jackson/core/util/TextBuffer.java,762,RelationalOperatorReplacement,if (_inputStart >= 0) {,if (_inputStart < 0) {,271,
com/fasterxml/jackson/core/util/TextBuffer.java,728,RelationalOperatorReplacement,if ((_inputStart >= 0) && (_inputBuffer != null)) {,if ((_inputStart < 0) && (_inputBuffer != null)) {,275,
com/fasterxml/jackson/core/util/TextBuffer.java,700,RelationalOperatorReplacement,if ((_inputStart >= 0) && (_inputBuffer != null)) {,if ((_inputStart < 0) && (_inputBuffer != null)) {,277,
com/fasterxml/jackson/core/util/TextBuffer.java,665,RelationalOperatorReplacement,if (_inputStart >= 0) { // shared?,if (_inputStart < 0) { // shared?,279,
com/fasterxml/jackson/core/util/TextBuffer.java,626,RelationalOperatorReplacement,if (_inputStart >= 0) { // shared?,if (_inputStart < 0) { // shared?,282,
com/fasterxml/jackson/core/util/TextBuffer.java,551,RelationalOperatorReplacement,if (_inputStart >= 0) { // shared?,if (_inputStart < 0) { // shared?,285,
com/fasterxml/jackson/core/util/TextBuffer.java,496,RelationalOperatorReplacement,"for (int i = 0, len = _segments.size(); i < len; ++i) {","for (int i = 0, len = _segments.size(); i >= len; ++i) {",288,
com/fasterxml/jackson/core/util/TextBuffer.java,488,RelationalOperatorReplacement,if (builderLen < 0) {,if (builderLen >= 0) {,290,
com/fasterxml/jackson/core/util/TextBuffer.java,469,RelationalOperatorReplacement,if (_inputLen < 1) {,if (_inputLen >= 1) {,293,
com/fasterxml/jackson/core/util/TextBuffer.java,468,RelationalOperatorReplacement,if (_inputStart >= 0) {,if (_inputStart < 0) {,294,
com/fasterxml/jackson/core/util/TextBuffer.java,432,RelationalOperatorReplacement,if (_inputStart >= 0) return _inputBuffer;,if (_inputStart < 0) return _inputBuffer;,300,
com/fasterxml/jackson/core/util/TextBuffer.java,415,RelationalOperatorReplacement,if (_inputStart >= 0 || _resultArray != null) return true;,if (_inputStart < 0 || _resultArray != null) return true;,303,
com/fasterxml/jackson/core/util/TextBuffer.java,402,RelationalOperatorReplacement,return (_inputStart >= 0) ? _inputStart : 0;,return (_inputStart < 0) ? _inputStart : 0;,304,
com/fasterxml/jackson/core/util/TextBuffer.java,384,RelationalOperatorReplacement,if (_inputStart >= 0) { // shared copy from input buf,if (_inputStart < 0) { // shared copy from input buf,307,
com/fasterxml/jackson/core/util/VersionUtil.java,158,RelationalOperatorReplacement,if (c > '9' || c < '0') break;,if (c > '9' || c >= '0') break;,42,
com/fasterxml/jackson/core/util/VersionUtil.java,158,RelationalOperatorReplacement,if (c > '9' || c < '0') break;,if (c <= '9' || c < '0') break;,43,
com/fasterxml/jackson/core/util/VersionUtil.java,156,RelationalOperatorReplacement,"for (int i = 0, len = s.length(); i < len; ++i) {","for (int i = 0, len = s.length(); i >= len; ++i) {",44,
com/fasterxml/jackson/core/util/VersionUtil.java,148,RelationalOperatorReplacement,"(parts.length > 3) ? parts[3] : null,","(parts.length <= 3) ? parts[3] : null,",45,
com/fasterxml/jackson/core/util/VersionUtil.java,147,RelationalOperatorReplacement,"(parts.length > 2) ? parseVersionPart(parts[2]) : 0,","(parts.length <= 2) ? parseVersionPart(parts[2]) : 0,",46,
com/fasterxml/jackson/core/util/VersionUtil.java,146,RelationalOperatorReplacement,"(parts.length > 1) ? parseVersionPart(parts[1]) : 0,","(parts.length <= 1) ? parseVersionPart(parts[1]) : 0,",47,
com/fasterxml/jackson/core/util/VersionUtil.java,143,RelationalOperatorReplacement,if (s != null && (s = s.trim()).length() > 0) {,if (s != null && (s = s.trim()).length() <= 0) {,48,
