file,line,operator,before,after,mutant_id,paper_category
com/fasterxml/jackson/core/Base64Variant.java,675,NullifyReturnValue,return b.toByteArray();,return null;,138,
com/fasterxml/jackson/core/Base64Variant.java,164,RelationalOperatorReplacement,for (int i = 0; i < alphaLen; ++i) {,for (int i = 0; i <= alphaLen; ++i) {,143,
com/fasterxml/jackson/core/Base64Variant.java,372,RelationalOperatorReplacement,return (ch <= 127) ? _asciiToBase64[ch] : BASE64_VALUE_INVALID;,return (ch < 127) ? _asciiToBase64[ch] : BASE64_VALUE_INVALID;,154,
com/fasterxml/jackson/core/Base64Variant.java,377,RelationalOperatorReplacement,return (ch <= 127) ? _asciiToBase64[ch] : BASE64_VALUE_INVALID;,return (ch < 127) ? _asciiToBase64[ch] : BASE64_VALUE_INVALID;,155,
com/fasterxml/jackson/core/Base64Variant.java,384,RelationalOperatorReplacement,if (ch < 0) {,if (ch <= 0) {,156,
com/fasterxml/jackson/core/Base64Variant.java,577,RelationalOperatorReplacement,while (inputPtr <= safeInputEnd) {,while (inputPtr < safeInputEnd) {,163,
com/fasterxml/jackson/core/Base64Variant.java,583,RelationalOperatorReplacement,if (--chunksBeforeLF <= 0) {,if (--chunksBeforeLF < 0) {,164,
com/fasterxml/jackson/core/Base64Variant.java,593,RelationalOperatorReplacement,"if (inputLeft > 0) { // yes, but do we have room for output?","if (inputLeft >= 0) { // yes, but do we have room for output?",165,
com/fasterxml/jackson/core/Base64Variant.java,633,RelationalOperatorReplacement,while (inputPtr <= safeInputEnd) {,while (inputPtr < safeInputEnd) {,167,
com/fasterxml/jackson/core/Base64Variant.java,638,RelationalOperatorReplacement,if (--chunksBeforeLF <= 0) {,if (--chunksBeforeLF < 0) {,168,
com/fasterxml/jackson/core/Base64Variant.java,644,RelationalOperatorReplacement,if (inputLeft > 0) {,if (inputLeft >= 0) {,169,
com/fasterxml/jackson/core/Base64Variant.java,704,RelationalOperatorReplacement,if (ptr >= len) {,if (ptr > len) {,171,
com/fasterxml/jackson/core/Base64Variant.java,708,RelationalOperatorReplacement,} while (ch <= INT_SPACE);,} while (ch < INT_SPACE);,172,
com/fasterxml/jackson/core/Base64Variant.java,710,RelationalOperatorReplacement,if (bits < 0) {,if (bits <= 0) {,173,
com/fasterxml/jackson/core/Base64Variant.java,715,RelationalOperatorReplacement,if (ptr >= len) {,if (ptr > len) {,174,
com/fasterxml/jackson/core/Base64Variant.java,720,RelationalOperatorReplacement,if (bits < 0) {,if (bits <= 0) {,175,
com/fasterxml/jackson/core/Base64Variant.java,725,RelationalOperatorReplacement,if (ptr >= len) {,if (ptr > len) {,176,
com/fasterxml/jackson/core/Base64Variant.java,738,RelationalOperatorReplacement,if (bits < 0) {,if (bits <= 0) {,177,
com/fasterxml/jackson/core/Base64Variant.java,746,RelationalOperatorReplacement,if (ptr >= len) {,if (ptr > len) {,179,
com/fasterxml/jackson/core/Base64Variant.java,761,RelationalOperatorReplacement,if (ptr >= len) {,if (ptr > len) {,180,
com/fasterxml/jackson/core/Base64Variant.java,772,RelationalOperatorReplacement,if (bits < 0) {,if (bits <= 0) {,181,
com/fasterxml/jackson/core/Base64Variant.java,835,RelationalOperatorReplacement,if (ch <= INT_SPACE) {,if (ch < INT_SPACE) {,190,
com/fasterxml/jackson/core/ErrorReportConfiguration.java,198,RelationalOperatorReplacement,if (maxErrorTokenLength < 0) {,if (maxErrorTokenLength <= 0) {,330,
com/fasterxml/jackson/core/ErrorReportConfiguration.java,205,RelationalOperatorReplacement,if (maxRawContentLength < 0) {,if (maxRawContentLength <= 0) {,331,
com/fasterxml/jackson/core/JsonFactory.java,1349,RelationalOperatorReplacement,if ((_inputDecorator != null) || (strLen > 0x8000) || !canUseCharArrays()) {,if ((_inputDecorator != null) || (strLen >= 0x8000) || !canUseCharArrays()) {,605,
com/fasterxml/jackson/core/JsonFactory.java,2016,RelationalOperatorReplacement,if (_maximumNonEscapedChar > 0) {,if (_maximumNonEscapedChar >= 0) {,609,
com/fasterxml/jackson/core/JsonFactory.java,2049,RelationalOperatorReplacement,if (_maximumNonEscapedChar > 0) {,if (_maximumNonEscapedChar >= 0) {,612,
com/fasterxml/jackson/core/JsonFactoryBuilder.java,195,RelationalOperatorReplacement,"_maximumNonEscapedChar = (maxNonEscaped <= 0) ? 0 : Math.max(127, maxNonEscaped);","_maximumNonEscapedChar = (maxNonEscaped < 0) ? 0 : Math.max(127, maxNonEscaped);",830,
com/fasterxml/jackson/core/JsonFactoryBuilder.java,217,RelationalOperatorReplacement,if (ch > 0x7F) {,if (ch >= 0x7F) {,831,
com/fasterxml/jackson/core/JsonGenerator.java,2928,RelationalOperatorReplacement,if ((offset < 0) || (offset + length) > arrayLength) {,if ((offset <= 0) || (offset + length) > arrayLength) {,1016,
com/fasterxml/jackson/core/JsonGenerator.java,2928,RelationalOperatorReplacement,if ((offset < 0) || (offset + length) > arrayLength) {,if ((offset < 0) || (offset + length) >= arrayLength) {,1017,
com/fasterxml/jackson/core/JsonGenerator.java,1185,RelationalOperatorReplacement,"for (int i = offset, end = offset+length; i < end; ++i) {","for (int i = offset, end = offset+length; i <= end; ++i) {",991,
com/fasterxml/jackson/core/JsonGenerator.java,1212,RelationalOperatorReplacement,"for (int i = offset, end = offset+length; i < end; ++i) {","for (int i = offset, end = offset+length; i <= end; ++i) {",993,
com/fasterxml/jackson/core/JsonGenerator.java,1239,RelationalOperatorReplacement,"for (int i = offset, end = offset+length; i < end; ++i) {","for (int i = offset, end = offset+length; i <= end; ++i) {",995,
com/fasterxml/jackson/core/JsonGenerator.java,1266,RelationalOperatorReplacement,"for (int i = offset, end = offset+length; i < end; ++i) {","for (int i = offset, end = offset+length; i <= end; ++i) {",997,
com/fasterxml/jackson/core/JsonLocation.java,225,RelationalOperatorReplacement,if (_lineNr >= 0) {,if (_lineNr > 0) {,1170,
com/fasterxml/jackson/core/JsonLocation.java,231,RelationalOperatorReplacement,if (_columnNr >= 0) { // same here,if (_columnNr > 0) { // same here,1171,
com/fasterxml/jackson/core/JsonLocation.java,240,RelationalOperatorReplacement,"if (_lineNr > 0) { // yes, require 1-based in case of allegedly binary content","if (_lineNr >= 0) { // yes, require 1-based in case of allegedly binary content",1172,
com/fasterxml/jackson/core/JsonLocation.java,242,RelationalOperatorReplacement,if (_columnNr > 0) {,if (_columnNr >= 0) {,1173,
com/fasterxml/jackson/core/JsonLocation.java,250,RelationalOperatorReplacement,if (_totalBytes >= 0) {,if (_totalBytes > 0) {,1174,
com/fasterxml/jackson/core/JsonParser.java,2093,NullifyReturnValue,return getBinaryValue(Base64Variants.getDefaultVariant());,return null;,1319,
com/fasterxml/jackson/core/JsonParser.java,1846,RelationalOperatorReplacement,if (value < MIN_BYTE_I || value > MAX_BYTE_I) {,if (value <= MIN_BYTE_I || value > MAX_BYTE_I) {,1355,
com/fasterxml/jackson/core/JsonParser.java,1846,RelationalOperatorReplacement,if (value < MIN_BYTE_I || value > MAX_BYTE_I) {,if (value < MIN_BYTE_I || value >= MAX_BYTE_I) {,1356,
com/fasterxml/jackson/core/JsonParser.java,1876,RelationalOperatorReplacement,if (value < MIN_SHORT_I || value > MAX_SHORT_I) {,if (value <= MIN_SHORT_I || value > MAX_SHORT_I) {,1357,
com/fasterxml/jackson/core/JsonParser.java,1876,RelationalOperatorReplacement,if (value < MIN_SHORT_I || value > MAX_SHORT_I) {,if (value < MIN_SHORT_I || value >= MAX_SHORT_I) {,1358,
com/fasterxml/jackson/core/JsonPointer.java,318,RelationalOperatorReplacement,"for (int i = 0, end = segment.length(); i < end; ++i) {","for (int i = 0, end = segment.length(); i <= end; ++i) {",1640,
com/fasterxml/jackson/core/JsonPointer.java,367,RelationalOperatorReplacement,public boolean mayMatchElement() { return _matchingElementIndex >= 0; },public boolean mayMatchElement() { return _matchingElementIndex > 0; },1645,
com/fasterxml/jackson/core/JsonPointer.java,476,RelationalOperatorReplacement,if (index < 0) {,if (index <= 0) {,1651,
com/fasterxml/jackson/core/JsonPointer.java,527,RelationalOperatorReplacement,return (index == _matchingElementIndex) && (index >= 0);,return (index == _matchingElementIndex) && (index > 0);,1655,
com/fasterxml/jackson/core/JsonPointer.java,544,RelationalOperatorReplacement,if ((index != _matchingElementIndex) || (index < 0)) {,if ((index != _matchingElementIndex) || (index <= 0)) {,1657,
com/fasterxml/jackson/core/JsonPointer.java,602,RelationalOperatorReplacement,if (_asStringOffset <= 0) {,if (_asStringOffset < 0) {,1660,
com/fasterxml/jackson/core/JsonPointer.java,622,RelationalOperatorReplacement,if (_asStringOffset <= 0) {,if (_asStringOffset < 0) {,1661,
com/fasterxml/jackson/core/JsonPointer.java,669,RelationalOperatorReplacement,for (; offset1 < end1; ) {,for (; offset1 <= end1; ) {,1667,
com/fasterxml/jackson/core/JsonPointer.java,688,RelationalOperatorReplacement,if (len == 0 || len > 10) {,if (len == 0 || len >= 10) {,1670,
com/fasterxml/jackson/core/JsonPointer.java,693,RelationalOperatorReplacement,if (c <= '0') {,if (c < '0') {,1671,
com/fasterxml/jackson/core/JsonPointer.java,696,RelationalOperatorReplacement,if (c > '9') {,if (c >= '9') {,1674,
com/fasterxml/jackson/core/JsonPointer.java,699,RelationalOperatorReplacement,for (int i = 1; i < len; ++i) {,for (int i = 1; i <= len; ++i) {,1675,
com/fasterxml/jackson/core/JsonPointer.java,701,RelationalOperatorReplacement,if (c > '9' || c < '0') {,if (c >= '9' || c < '0') {,1676,
com/fasterxml/jackson/core/JsonPointer.java,701,RelationalOperatorReplacement,if (c > '9' || c < '0') {,if (c > '9' || c <= '0') {,1677,
com/fasterxml/jackson/core/JsonPointer.java,707,RelationalOperatorReplacement,if (l > Integer.MAX_VALUE) {,if (l >= Integer.MAX_VALUE) {,1679,
com/fasterxml/jackson/core/JsonPointer.java,724,RelationalOperatorReplacement,while (i < end) {,while (i <= end) {,1680,
com/fasterxml/jackson/core/JsonPointer.java,735,RelationalOperatorReplacement,"if (c == ESC && i < end) { // possibly, quote","if (c == ESC && i <= end) { // possibly, quote",1683,
com/fasterxml/jackson/core/JsonPointer.java,741,RelationalOperatorReplacement,if (i < 0) { // end!,if (i <= 0) { // end!,1684,
com/fasterxml/jackson/core/JsonPointer.java,784,RelationalOperatorReplacement,if (toCopy > 0) {,if (toCopy >= 0) {,1686,
com/fasterxml/jackson/core/JsonPointer.java,788,RelationalOperatorReplacement,while (i < end) {,while (i <= end) {,1687,
com/fasterxml/jackson/core/JsonPointer.java,794,RelationalOperatorReplacement,if (c == ESC && i < end) {,if (c == ESC && i <= end) {,1690,
com/fasterxml/jackson/core/JsonStreamContext.java,182,RelationalOperatorReplacement,public final int getCurrentIndex() { return (_index < 0) ? 0 : _index; },public final int getCurrentIndex() { return (_index <= 0) ? 0 : _index; },1817,
com/fasterxml/jackson/core/JsonStreamContext.java,193,RelationalOperatorReplacement,public boolean hasCurrentIndex() { return _index >= 0; },public boolean hasCurrentIndex() { return _index > 0; },1818,
com/fasterxml/jackson/core/JsonToken.java,173,NullifyReturnValue,public final char[] asCharArray() { return _serializedChars; },public final char[] asCharArray() { return null; },1867,
com/fasterxml/jackson/core/JsonToken.java,174,NullifyReturnValue,public final byte[] asByteArray() { return _serializedBytes; },public final byte[] asByteArray() { return null; },1868,
com/fasterxml/jackson/core/JsonToken.java,153,RelationalOperatorReplacement,for (int i = 0; i < len; ++i) {,for (int i = 0; i <= len; ++i) {,1880,
com/fasterxml/jackson/core/JsonpCharacterEscapes.java,44,NullifyReturnValue,return asciiEscapes;,return null;,1920,
com/fasterxml/jackson/core/StreamReadConstraints.java,141,RelationalOperatorReplacement,if (maxNestingDepth < 0) {,if (maxNestingDepth <= 0) {,1968,
com/fasterxml/jackson/core/StreamReadConstraints.java,163,RelationalOperatorReplacement,if (maxDocLen <= 0L) {,if (maxDocLen < 0L) {,1969,
com/fasterxml/jackson/core/StreamReadConstraints.java,188,RelationalOperatorReplacement,if (maxTokenCount <= 0L) {,if (maxTokenCount < 0L) {,1970,
com/fasterxml/jackson/core/StreamReadConstraints.java,205,RelationalOperatorReplacement,if (maxNumLen < 0) {,if (maxNumLen <= 0) {,1971,
com/fasterxml/jackson/core/StreamReadConstraints.java,230,RelationalOperatorReplacement,if (maxStringLen < 0) {,if (maxStringLen <= 0) {,1972,
com/fasterxml/jackson/core/StreamReadConstraints.java,251,RelationalOperatorReplacement,if (maxNameLen < 0) {,if (maxNameLen <= 0) {,1973,
com/fasterxml/jackson/core/StreamReadConstraints.java,392,RelationalOperatorReplacement,return _maxDocLen > 0L;,return _maxDocLen >= 0L;,1974,
com/fasterxml/jackson/core/StreamReadConstraints.java,417,RelationalOperatorReplacement,return _maxTokenCount > 0L;,return _maxTokenCount >= 0L;,1975,
com/fasterxml/jackson/core/StreamReadConstraints.java,469,RelationalOperatorReplacement,if (depth > _maxNestingDepth) {,if (depth >= _maxNestingDepth) {,1976,
com/fasterxml/jackson/core/StreamReadConstraints.java,492,RelationalOperatorReplacement,if ((len > _maxDocLen),if ((len >= _maxDocLen),1977,
com/fasterxml/jackson/core/StreamReadConstraints.java,494,RelationalOperatorReplacement,&& (_maxDocLen > 0L)) {,&& (_maxDocLen >= 0L)) {,1978,
com/fasterxml/jackson/core/StreamReadConstraints.java,519,RelationalOperatorReplacement,if (count > _maxTokenCount) {,if (count >= _maxTokenCount) {,1979,
com/fasterxml/jackson/core/StreamReadConstraints.java,546,RelationalOperatorReplacement,if (length > _maxNumLen) {,if (length >= _maxNumLen) {,1980,
com/fasterxml/jackson/core/StreamReadConstraints.java,567,RelationalOperatorReplacement,if (length > _maxNumLen) {,if (length >= _maxNumLen) {,1981,
com/fasterxml/jackson/core/StreamReadConstraints.java,588,RelationalOperatorReplacement,if (length > _maxStringLen) {,if (length >= _maxStringLen) {,1982,
com/fasterxml/jackson/core/StreamReadConstraints.java,609,RelationalOperatorReplacement,if (length > _maxNameLen) {,if (length >= _maxNameLen) {,1983,
com/fasterxml/jackson/core/StreamReadConstraints.java,639,RelationalOperatorReplacement,if (absScale > limit) {,if (absScale >= limit) {,1984,
com/fasterxml/jackson/core/StreamWriteConstraints.java,72,RelationalOperatorReplacement,if (maxNestingDepth < 0) {,if (maxNestingDepth <= 0) {,2063,
com/fasterxml/jackson/core/StreamWriteConstraints.java,161,RelationalOperatorReplacement,if (depth > _maxNestingDepth) {,if (depth >= _maxNestingDepth) {,2064,
com/fasterxml/jackson/core/TokenStreamFactory.java,295,RelationalOperatorReplacement,if (path.indexOf('%') < 0) {,if (path.indexOf('%') <= 0) {,2278,
com/fasterxml/jackson/core/TokenStreamFactory.java,362,RelationalOperatorReplacement,if (anyNegs < 0) {,if (anyNegs <= 0) {,2280,
com/fasterxml/jackson/core/TokenStreamFactory.java,380,RelationalOperatorReplacement,if (anyNegs < 0) {,if (anyNegs <= 0) {,2282,
com/fasterxml/jackson/core/base/GeneratorBase.java,512,RelationalOperatorReplacement,if ((scale < -MAX_BIG_DECIMAL_SCALE) || (scale > MAX_BIG_DECIMAL_SCALE)) {,if ((scale <= -MAX_BIG_DECIMAL_SCALE) || (scale > MAX_BIG_DECIMAL_SCALE)) {,2463,
com/fasterxml/jackson/core/base/GeneratorBase.java,512,RelationalOperatorReplacement,if ((scale < -MAX_BIG_DECIMAL_SCALE) || (scale > MAX_BIG_DECIMAL_SCALE)) {,if ((scale < -MAX_BIG_DECIMAL_SCALE) || (scale >= MAX_BIG_DECIMAL_SCALE)) {,2464,
com/fasterxml/jackson/core/base/GeneratorBase.java,532,RelationalOperatorReplacement,if (surr2 < SURR2_FIRST || surr2 > SURR2_LAST) {,if (surr2 <= SURR2_FIRST || surr2 > SURR2_LAST) {,2465,
com/fasterxml/jackson/core/base/GeneratorBase.java,532,RelationalOperatorReplacement,if (surr2 < SURR2_FIRST || surr2 > SURR2_LAST) {,if (surr2 < SURR2_FIRST || surr2 >= SURR2_LAST) {,2466,
com/fasterxml/jackson/core/base/GeneratorBase.java,565,RelationalOperatorReplacement,if (anyNegs < 0) {,if (anyNegs <= 0) {,2468,
com/fasterxml/jackson/core/base/GeneratorBase.java,583,RelationalOperatorReplacement,if (anyNegs < 0) {,if (anyNegs <= 0) {,2470,
com/fasterxml/jackson/core/base/GeneratorBase.java,601,RelationalOperatorReplacement,if (anyNegs < 0) {,if (anyNegs <= 0) {,2472,
com/fasterxml/jackson/core/base/ParserBase.java,472,NullifyReturnValue,return _binaryValue;,return null;,2675,
com/fasterxml/jackson/core/base/ParserBase.java,1598,NullifyReturnValue,return new int[more];,return null;,2727,
com/fasterxml/jackson/core/base/ParserBase.java,1604,NullifyReturnValue,"return Arrays.copyOf(arr, len);",return null;,2728,
com/fasterxml/jackson/core/base/ParserBase.java,1614,NullifyReturnValue,"return growArrayBy(arr, more);",return null;,2729,
com/fasterxml/jackson/core/base/ParserBase.java,486,RelationalOperatorReplacement,return (col < 0) ? col : (col + 1);,return (col <= 0) ? col : (col + 1);,2747,
com/fasterxml/jackson/core/base/ParserBase.java,578,RelationalOperatorReplacement,if (fractLen < 1 && expLen < 1) { // integer,if (fractLen <= 1 && expLen < 1) { // integer,2750,
com/fasterxml/jackson/core/base/ParserBase.java,578,RelationalOperatorReplacement,if (fractLen < 1 && expLen < 1) { // integer,if (fractLen < 1 && expLen <= 1) { // integer,2751,
com/fasterxml/jackson/core/base/ParserBase.java,903,RelationalOperatorReplacement,if (len <= 9) {,if (len < 9) {,2806,
com/fasterxml/jackson/core/base/ParserBase.java,908,RelationalOperatorReplacement,if (len <= 18) { // definitely fits AND is easy to parse using 2 int parse calls,if (len < 18) { // definitely fits AND is easy to parse using 2 int parse calls,2807,
com/fasterxml/jackson/core/base/ParserBase.java,913,RelationalOperatorReplacement,if (l >= MIN_INT_L) {,if (l > MIN_INT_L) {,2809,
com/fasterxml/jackson/core/base/ParserBase.java,919,RelationalOperatorReplacement,if (l <= MAX_INT_L) {,if (l < MAX_INT_L) {,2810,
com/fasterxml/jackson/core/base/ParserBase.java,964,RelationalOperatorReplacement,if (_intLength <= 9) {,if (_intLength < 9) {,2814,
com/fasterxml/jackson/core/base/ParserBase.java,1057,RelationalOperatorReplacement,if (BI_MIN_INT.compareTo(bigInteger) > 0,if (BI_MIN_INT.compareTo(bigInteger) >= 0,2827,
com/fasterxml/jackson/core/base/ParserBase.java,1058,RelationalOperatorReplacement,|| BI_MAX_INT.compareTo(bigInteger) < 0) {,|| BI_MAX_INT.compareTo(bigInteger) <= 0) {,2828,
com/fasterxml/jackson/core/base/ParserBase.java,1065,RelationalOperatorReplacement,if (d < MIN_INT_D || d > MAX_INT_D) {,if (d <= MIN_INT_D || d > MAX_INT_D) {,2830,
com/fasterxml/jackson/core/base/ParserBase.java,1065,RelationalOperatorReplacement,if (d < MIN_INT_D || d > MAX_INT_D) {,if (d < MIN_INT_D || d >= MAX_INT_D) {,2831,
com/fasterxml/jackson/core/base/ParserBase.java,1071,RelationalOperatorReplacement,if (BD_MIN_INT.compareTo(bigDecimal) > 0,if (BD_MIN_INT.compareTo(bigDecimal) >= 0,2833,
com/fasterxml/jackson/core/base/ParserBase.java,1072,RelationalOperatorReplacement,|| BD_MAX_INT.compareTo(bigDecimal) < 0) {,|| BD_MAX_INT.compareTo(bigDecimal) <= 0) {,2834,
com/fasterxml/jackson/core/base/ParserBase.java,1088,RelationalOperatorReplacement,if (BI_MIN_LONG.compareTo(bigInteger) > 0,if (BI_MIN_LONG.compareTo(bigInteger) >= 0,2837,
com/fasterxml/jackson/core/base/ParserBase.java,1089,RelationalOperatorReplacement,|| BI_MAX_LONG.compareTo(bigInteger) < 0) {,|| BI_MAX_LONG.compareTo(bigInteger) <= 0) {,2838,
com/fasterxml/jackson/core/base/ParserBase.java,1096,RelationalOperatorReplacement,if (d < MIN_LONG_D || d > MAX_LONG_D) {,if (d <= MIN_LONG_D || d > MAX_LONG_D) {,2840,
com/fasterxml/jackson/core/base/ParserBase.java,1096,RelationalOperatorReplacement,if (d < MIN_LONG_D || d > MAX_LONG_D) {,if (d < MIN_LONG_D || d >= MAX_LONG_D) {,2841,
com/fasterxml/jackson/core/base/ParserBase.java,1102,RelationalOperatorReplacement,if (BD_MIN_LONG.compareTo(bigDecimal) > 0,if (BD_MIN_LONG.compareTo(bigDecimal) >= 0,2843,
com/fasterxml/jackson/core/base/ParserBase.java,1103,RelationalOperatorReplacement,|| BD_MAX_LONG.compareTo(bigDecimal) < 0) {,|| BD_MAX_LONG.compareTo(bigDecimal) <= 0) {,2844,
com/fasterxml/jackson/core/base/ParserBase.java,1406,RelationalOperatorReplacement,if (!isEnabled(Feature.ALLOW_UNQUOTED_CONTROL_CHARS) || i > INT_SPACE) {,if (!isEnabled(Feature.ALLOW_UNQUOTED_CONTROL_CHARS) || i >= INT_SPACE) {,2878,
com/fasterxml/jackson/core/base/ParserBase.java,1470,RelationalOperatorReplacement,if (unescaped <= INT_SPACE) {,if (unescaped < INT_SPACE) {,2880,
com/fasterxml/jackson/core/base/ParserBase.java,1477,RelationalOperatorReplacement,if (bits < 0) {,if (bits <= 0) {,2882,
com/fasterxml/jackson/core/base/ParserBase.java,1492,RelationalOperatorReplacement,if (unescaped <= INT_SPACE) {,if (unescaped < INT_SPACE) {,2885,
com/fasterxml/jackson/core/base/ParserBase.java,1499,RelationalOperatorReplacement,if (bits < 0) {,if (bits <= 0) {,2887,
com/fasterxml/jackson/core/base/ParserBase.java,1501,RelationalOperatorReplacement,if ((bits != Base64Variant.BASE64_VALUE_PADDING) || (index < 2)) {,if ((bits != Base64Variant.BASE64_VALUE_PADDING) || (index <= 2)) {,2889,
com/fasterxml/jackson/core/base/ParserBase.java,1518,RelationalOperatorReplacement,if (ch <= INT_SPACE) {,if (ch < INT_SPACE) {,2890,
com/fasterxml/jackson/core/base/ParserBase.java,1601,RelationalOperatorReplacement,if (len < 0) {,if (len <= 0) {,2893,
com/fasterxml/jackson/core/base/ParserMinimalBase.java,879,NullifyReturnValue,return b;,return null;,3105,
com/fasterxml/jackson/core/base/ParserMinimalBase.java,711,RelationalOperatorReplacement,if (rawLen < 1000) {,if (rawLen <= 1000) {,3146,
com/fasterxml/jackson/core/base/ParserMinimalBase.java,723,RelationalOperatorReplacement,if (rawLen < 1000) {,if (rawLen <= 1000) {,3147,
com/fasterxml/jackson/core/base/ParserMinimalBase.java,734,RelationalOperatorReplacement,if (ch < 0) { // sanity check,if (ch <= 0) { // sanity check,3148,
com/fasterxml/jackson/core/base/ParserMinimalBase.java,808,RelationalOperatorReplacement,if (ch > 255) {,if (ch >= 255) {,3151,
com/fasterxml/jackson/core/base/ParserMinimalBase.java,876,RelationalOperatorReplacement,"for (int i = 0, len = str.length(); i < len; ++i) {","for (int i = 0, len = str.length(); i <= len; ++i) {",3153,
com/fasterxml/jackson/core/filter/FilteringParserDelegate.java,974,NullifyReturnValue,return currentName().toCharArray();,return null;,3697,
com/fasterxml/jackson/core/filter/FilteringParserDelegate.java,976,NullifyReturnValue,return delegate.getTextCharacters();,return null;,3698,
com/fasterxml/jackson/core/filter/FilteringParserDelegate.java,1066,NullifyReturnValue,@Override public byte[] getBinaryValue(Base64Variant b64variant) throws IOException { return delegate.getBinaryValue(b64variant); },@Override public byte[] getBinaryValue(Base64Variant b64variant) throws IOException { return null; },3708,
com/fasterxml/jackson/core/format/DataFormatDetector.java,186,RelationalOperatorReplacement,if (len > 0) {,if (len >= 0) {,4250,
com/fasterxml/jackson/core/format/DataFormatDetector.java,188,RelationalOperatorReplacement,for (int i = 1; i < len; ++i) {,for (int i = 1; i <= len; ++i) {,4251,
com/fasterxml/jackson/core/format/DataFormatDetector.java,210,RelationalOperatorReplacement,if (strength == null || strength.ordinal() < _minimalMatch.ordinal()) {,if (strength == null || strength.ordinal() <= _minimalMatch.ordinal()) {,4253,
com/fasterxml/jackson/core/format/DataFormatDetector.java,215,RelationalOperatorReplacement,if (bestMatchStrength.ordinal() >= strength.ordinal()) {,if (bestMatchStrength.ordinal() > strength.ordinal()) {,4255,
com/fasterxml/jackson/core/format/DataFormatDetector.java,222,RelationalOperatorReplacement,if (strength.ordinal() >= _optimalMatch.ordinal()) {,if (strength.ordinal() > _optimalMatch.ordinal()) {,4256,
com/fasterxml/jackson/core/format/DataFormatMatcher.java,54,RelationalOperatorReplacement,if ((bufferedStart | bufferedLength) < 0,if ((bufferedStart | bufferedLength) <= 0,4282,
com/fasterxml/jackson/core/format/DataFormatMatcher.java,55,RelationalOperatorReplacement,|| (bufferedStart + bufferedLength) > buffered.length) {,|| (bufferedStart + bufferedLength) >= buffered.length) {,4283,
com/fasterxml/jackson/core/format/InputAccessor.java,99,RelationalOperatorReplacement,if (_ptr < _bufferedEnd) { // already got more,if (_ptr <= _bufferedEnd) { // already got more,4313,
com/fasterxml/jackson/core/format/InputAccessor.java,106,RelationalOperatorReplacement,if (amount < 1) { // can not load any more,if (amount <= 1) { // can not load any more,4315,
com/fasterxml/jackson/core/format/InputAccessor.java,110,RelationalOperatorReplacement,if (count <= 0) { // EOF,if (count < 0) { // EOF,4316,
com/fasterxml/jackson/core/format/InputAccessor.java,121,RelationalOperatorReplacement,if (_ptr >= _bufferedEnd) {,if (_ptr > _bufferedEnd) {,4317,
com/fasterxml/jackson/core/io/BigDecimalParser.java,45,RelationalOperatorReplacement,if (valueStr.length() < SIZE_FOR_SWITCH_TO_FASTDOUBLEPARSER) {,if (valueStr.length() <= SIZE_FOR_SWITCH_TO_FASTDOUBLEPARSER) {,4348,
com/fasterxml/jackson/core/io/BigDecimalParser.java,69,RelationalOperatorReplacement,if (len < SIZE_FOR_SWITCH_TO_FASTDOUBLEPARSER) {,if (len <= SIZE_FOR_SWITCH_TO_FASTDOUBLEPARSER) {,4349,
com/fasterxml/jackson/core/io/BigDecimalParser.java,158,RelationalOperatorReplacement,if (len <= MAX_CHARS_TO_REPORT) {,if (len < MAX_CHARS_TO_REPORT) {,4352,
com/fasterxml/jackson/core/io/BigDecimalParser.java,167,RelationalOperatorReplacement,if (len <= MAX_CHARS_TO_REPORT) {,if (len < MAX_CHARS_TO_REPORT) {,4353,
com/fasterxml/jackson/core/io/BigIntegerParser.java,23,RelationalOperatorReplacement,final String reportNum = valueStr.length() <= MAX_CHARS_TO_REPORT ?,final String reportNum = valueStr.length() < MAX_CHARS_TO_REPORT ?,4373,
com/fasterxml/jackson/core/io/BigIntegerParser.java,34,RelationalOperatorReplacement,final String reportNum = valueStr.length() <= MAX_CHARS_TO_REPORT ?,final String reportNum = valueStr.length() < MAX_CHARS_TO_REPORT ?,4374,
com/fasterxml/jackson/core/io/CharTypes.java,208,NullifyReturnValue,public static int[] getInputCodeLatin1() { return sInputCodes; },public static int[] getInputCodeLatin1() { return null; },4406,
com/fasterxml/jackson/core/io/CharTypes.java,209,NullifyReturnValue,public static int[] getInputCodeUtf8() { return sInputCodesUTF8; },public static int[] getInputCodeUtf8() { return null; },4407,
com/fasterxml/jackson/core/io/CharTypes.java,211,NullifyReturnValue,public static int[] getInputCodeLatin1JsNames() { return sInputCodesJsNames; },public static int[] getInputCodeLatin1JsNames() { return null; },4408,
com/fasterxml/jackson/core/io/CharTypes.java,212,NullifyReturnValue,public static int[] getInputCodeUtf8JsNames() { return sInputCodesUtf8JsNames; },public static int[] getInputCodeUtf8JsNames() { return null; },4409,
com/fasterxml/jackson/core/io/CharTypes.java,214,NullifyReturnValue,public static int[] getInputCodeComment() { return sInputCodesComment; },public static int[] getInputCodeComment() { return null; },4410,
com/fasterxml/jackson/core/io/CharTypes.java,215,NullifyReturnValue,public static int[] getInputCodeWS() { return sInputCodesWS; },public static int[] getInputCodeWS() { return null; },4411,
com/fasterxml/jackson/core/io/CharTypes.java,226,NullifyReturnValue,public static int[] get7BitOutputEscapes() { return sOutputEscapes128; },public static int[] get7BitOutputEscapes() { return null; },4412,
com/fasterxml/jackson/core/io/CharTypes.java,241,NullifyReturnValue,return sOutputEscapes128;,return null;,4413,
com/fasterxml/jackson/core/io/CharTypes.java,243,NullifyReturnValue,return AltEscapes.instance.escapesFor(quoteChar);,return null;,4414,
com/fasterxml/jackson/core/io/CharTypes.java,261,NullifyReturnValue,return sOutputEscapes128WithSlash;,return null;,4415,
com/fasterxml/jackson/core/io/CharTypes.java,263,NullifyReturnValue,return sOutputEscapes128;,return null;,4416,
com/fasterxml/jackson/core/io/CharTypes.java,265,NullifyReturnValue,"return AltEscapes.instance.escapesFor(quoteChar, escapeSlash);",return null;,4417,
com/fasterxml/jackson/core/io/CharTypes.java,329,NullifyReturnValue,return copyHexChars(true);,return null;,4418,
com/fasterxml/jackson/core/io/CharTypes.java,333,NullifyReturnValue,return (uppercase) ? HC.clone() : HClower.clone();,return null;,4419,
com/fasterxml/jackson/core/io/CharTypes.java,343,NullifyReturnValue,return copyHexBytes(true);,return null;,4420,
com/fasterxml/jackson/core/io/CharTypes.java,347,NullifyReturnValue,return (uppercase) ? HB.clone() : HBlower.clone();,return null;,4421,
com/fasterxml/jackson/core/io/CharTypes.java,375,NullifyReturnValue,return esc;,return null;,4422,
com/fasterxml/jackson/core/io/CharTypes.java,382,NullifyReturnValue,return escapesFor(quoteChar);,return null;,4423,
com/fasterxml/jackson/core/io/CharTypes.java,390,NullifyReturnValue,return esc;,return null;,4424,
com/fasterxml/jackson/core/io/CharTypes.java,15,RelationalOperatorReplacement,for (int i = 0; i < len; ++i) {,for (int i = 0; i <= len; ++i) {,4425,
com/fasterxml/jackson/core/io/CharTypes.java,33,RelationalOperatorReplacement,for (int i = 0; i < 32; ++i) {,for (int i = 0; i <= 32; ++i) {,4426,
com/fasterxml/jackson/core/io/CharTypes.java,50,RelationalOperatorReplacement,for (int c = 128; c < 256; ++c) {,for (int c = 128; c <= 256; ++c) {,4427,
com/fasterxml/jackson/core/io/CharTypes.java,82,RelationalOperatorReplacement,for (int i = 33; i < 256; ++i) {,for (int i = 33; i <= 256; ++i) {,4431,
com/fasterxml/jackson/core/io/CharTypes.java,163,RelationalOperatorReplacement,for (int i = 0; i < 32; ++i) {,for (int i = 0; i <= 32; ++i) {,4432,
com/fasterxml/jackson/core/io/CharTypes.java,199,RelationalOperatorReplacement,for (int i = 0; i < 10; ++i) {,for (int i = 0; i <= 10; ++i) {,4433,
com/fasterxml/jackson/core/io/CharTypes.java,202,RelationalOperatorReplacement,for (int i = 0; i < 6; ++i) {,for (int i = 0; i <= 6; ++i) {,4434,
com/fasterxml/jackson/core/io/CharTypes.java,293,RelationalOperatorReplacement,"for (int i = 0, len = content.length(); i < len; ++i) {","for (int i = 0, len = content.length(); i <= len; ++i) {",4437,
com/fasterxml/jackson/core/io/CharTypes.java,295,RelationalOperatorReplacement,if (c >= escLen || escCodes[c] == 0) {,if (c > escLen || escCodes[c] == 0) {,4438,
com/fasterxml/jackson/core/io/CharTypes.java,301,RelationalOperatorReplacement,if (escCode < 0) { // generic quoting (hex value),if (escCode <= 0) { // generic quoting (hex value),4440,
com/fasterxml/jackson/core/io/CharacterEscapes.java,76,NullifyReturnValue,"return Arrays.copyOf(esc, esc.length);",return null;,4469,
com/fasterxml/jackson/core/io/ContentReference.java,351,RelationalOperatorReplacement,if (offsets[1] > maxLen) {,if (offsets[1] >= maxLen) {,4538,
com/fasterxml/jackson/core/io/ContentReference.java,360,RelationalOperatorReplacement,if (length < 0) {,if (length <= 0) {,4539,
com/fasterxml/jackson/core/io/ContentReference.java,397,RelationalOperatorReplacement,"if (start < 0) { // means effectively ""start at beginning""","if (start <= 0) { // means effectively ""start at beginning""",4540,
com/fasterxml/jackson/core/io/ContentReference.java,399,RelationalOperatorReplacement,} else if (start >= actualLength) {,} else if (start > actualLength) {,4541,
com/fasterxml/jackson/core/io/ContentReference.java,407,RelationalOperatorReplacement,if ((length < 0) || (length > maxLength)) {,if ((length <= 0) || (length > maxLength)) {,4542,
com/fasterxml/jackson/core/io/ContentReference.java,407,RelationalOperatorReplacement,if ((length < 0) || (length > maxLength)) {,if ((length < 0) || (length >= maxLength)) {,4543,
com/fasterxml/jackson/core/io/ContentReference.java,415,RelationalOperatorReplacement,"for (int i = 0, end = content.length(); i < end; ++i) {","for (int i = 0, end = content.length(); i <= end; ++i) {",4544,
com/fasterxml/jackson/core/io/IOContext.java,313,NullifyReturnValue,return (_readIOBuffer = _bufferRecycler.allocByteBuffer(BufferRecycler.BYTE_READ_IO_BUFFER));,return null;,4626,
com/fasterxml/jackson/core/io/IOContext.java,328,NullifyReturnValue,"return (_readIOBuffer = _bufferRecycler.allocByteBuffer(BufferRecycler.BYTE_READ_IO_BUFFER, minSize));",return null;,4627,
com/fasterxml/jackson/core/io/IOContext.java,341,NullifyReturnValue,return (_writeEncodingBuffer = _bufferRecycler.allocByteBuffer(BufferRecycler.BYTE_WRITE_ENCODING_BUFFER));,return null;,4628,
com/fasterxml/jackson/core/io/IOContext.java,356,NullifyReturnValue,"return (_writeEncodingBuffer = _bufferRecycler.allocByteBuffer(BufferRecycler.BYTE_WRITE_ENCODING_BUFFER, minSize));",return null;,4629,
com/fasterxml/jackson/core/io/IOContext.java,369,NullifyReturnValue,return (_base64Buffer = _bufferRecycler.allocByteBuffer(BufferRecycler.BYTE_BASE64_CODEC_BUFFER));,return null;,4630,
com/fasterxml/jackson/core/io/IOContext.java,384,NullifyReturnValue,"return (_base64Buffer = _bufferRecycler.allocByteBuffer(BufferRecycler.BYTE_BASE64_CODEC_BUFFER, minSize));",return null;,4631,
com/fasterxml/jackson/core/io/IOContext.java,389,NullifyReturnValue,return (_tokenCBuffer = _bufferRecycler.allocCharBuffer(BufferRecycler.CHAR_TOKEN_BUFFER));,return null;,4632,
com/fasterxml/jackson/core/io/IOContext.java,395,NullifyReturnValue,"return (_tokenCBuffer = _bufferRecycler.allocCharBuffer(BufferRecycler.CHAR_TOKEN_BUFFER, minSize));",return null;,4633,
com/fasterxml/jackson/core/io/IOContext.java,400,NullifyReturnValue,return (_concatCBuffer = _bufferRecycler.allocCharBuffer(BufferRecycler.CHAR_CONCAT_BUFFER));,return null;,4634,
com/fasterxml/jackson/core/io/IOContext.java,405,NullifyReturnValue,"return (_nameCopyBuffer = _bufferRecycler.allocCharBuffer(BufferRecycler.CHAR_NAME_COPY_BUFFER, minSize));",return null;,4635,
com/fasterxml/jackson/core/io/IOContext.java,480,RelationalOperatorReplacement,if ((toRelease != src) && (toRelease.length < src.length)) { throw wrongBuf(); },if ((toRelease != src) && (toRelease.length <= src.length)) { throw wrongBuf(); },4645,
com/fasterxml/jackson/core/io/IOContext.java,485,RelationalOperatorReplacement,if ((toRelease != src) && (toRelease.length < src.length)) { throw wrongBuf(); },if ((toRelease != src) && (toRelease.length <= src.length)) { throw wrongBuf(); },4647,
com/fasterxml/jackson/core/io/JsonStringEncoder.java,148,NullifyReturnValue,"return Arrays.copyOfRange(outputBuffer, 0, outPtr);",return null;,4818,
com/fasterxml/jackson/core/io/JsonStringEncoder.java,152,NullifyReturnValue,return textBuffer.contentsAsArray();,return null;,4819,
com/fasterxml/jackson/core/io/JsonStringEncoder.java,172,NullifyReturnValue,return quoteAsString((String) input);,return null;,4820,
com/fasterxml/jackson/core/io/JsonStringEncoder.java,244,NullifyReturnValue,"return Arrays.copyOfRange(outputBuffer, 0, outPtr);",return null;,4821,
com/fasterxml/jackson/core/io/JsonStringEncoder.java,248,NullifyReturnValue,return textBuffer.contentsAsArray();,return null;,4822,
com/fasterxml/jackson/core/io/JsonStringEncoder.java,401,NullifyReturnValue,"return Arrays.copyOfRange(outputBuffer, 0, outputPtr);",return null;,4823,
com/fasterxml/jackson/core/io/JsonStringEncoder.java,403,NullifyReturnValue,return bb.completeAndCoalesce(outputPtr);,return null;,4824,
com/fasterxml/jackson/core/io/JsonStringEncoder.java,501,NullifyReturnValue,"return Arrays.copyOfRange(outputBuffer, 0, outputPtr);",return null;,4825,
com/fasterxml/jackson/core/io/JsonStringEncoder.java,503,NullifyReturnValue,return bb.completeAndCoalesce(outputPtr);,return null;,4826,
com/fasterxml/jackson/core/io/JsonStringEncoder.java,602,NullifyReturnValue,"return Arrays.copyOfRange(outputBuffer, 0, outputPtr);",return null;,4827,
com/fasterxml/jackson/core/io/JsonStringEncoder.java,604,NullifyReturnValue,return bb.completeAndCoalesce(outputPtr);,return null;,4828,
com/fasterxml/jackson/core/io/JsonStringEncoder.java,618,NullifyReturnValue,return qbuf;,return null;,4829,
com/fasterxml/jackson/core/io/JsonStringEncoder.java,90,RelationalOperatorReplacement,while (inPtr < inputLen) {,while (inPtr <= inputLen) {,4830,
com/fasterxml/jackson/core/io/JsonStringEncoder.java,94,RelationalOperatorReplacement,if (c < escCodeCount && escCodes[c] != 0) {,if (c <= escCodeCount && escCodes[c] != 0) {,4831,
com/fasterxml/jackson/core/io/JsonStringEncoder.java,97,RelationalOperatorReplacement,if (outPtr >= outputBuffer.length) {,if (outPtr > outputBuffer.length) {,4833,
com/fasterxml/jackson/core/io/JsonStringEncoder.java,110,RelationalOperatorReplacement,if (++inPtr >= inputLen) {,if (++inPtr > inputLen) {,4835,
com/fasterxml/jackson/core/io/JsonStringEncoder.java,120,RelationalOperatorReplacement,int length = (escCode < 0),int length = (escCode <= 0),4837,
com/fasterxml/jackson/core/io/JsonStringEncoder.java,124,RelationalOperatorReplacement,if ((outPtr + length) > outputBuffer.length) {,if ((outPtr + length) >= outputBuffer.length) {,4838,
com/fasterxml/jackson/core/io/JsonStringEncoder.java,126,RelationalOperatorReplacement,if (first > 0) {,if (first >= 0) {,4839,
com/fasterxml/jackson/core/io/JsonStringEncoder.java,186,RelationalOperatorReplacement,while (inPtr < inputLen) {,while (inPtr <= inputLen) {,4842,
com/fasterxml/jackson/core/io/JsonStringEncoder.java,190,RelationalOperatorReplacement,if (c < escCodeCount && escCodes[c] != 0) {,if (c <= escCodeCount && escCodes[c] != 0) {,4843,
com/fasterxml/jackson/core/io/JsonStringEncoder.java,193,RelationalOperatorReplacement,if (outPtr >= outputBuffer.length) {,if (outPtr > outputBuffer.length) {,4845,
com/fasterxml/jackson/core/io/JsonStringEncoder.java,206,RelationalOperatorReplacement,if (++inPtr >= inputLen) {,if (++inPtr > inputLen) {,4847,
com/fasterxml/jackson/core/io/JsonStringEncoder.java,216,RelationalOperatorReplacement,int length = (escCode < 0),int length = (escCode <= 0),4849,
com/fasterxml/jackson/core/io/JsonStringEncoder.java,220,RelationalOperatorReplacement,if ((outPtr + length) > outputBuffer.length) {,if ((outPtr + length) >= outputBuffer.length) {,4850,
com/fasterxml/jackson/core/io/JsonStringEncoder.java,222,RelationalOperatorReplacement,if (first > 0) {,if (first >= 0) {,4851,
com/fasterxml/jackson/core/io/JsonStringEncoder.java,274,RelationalOperatorReplacement,while (inPtr < inputLen) {,while (inPtr <= inputLen) {,4854,
com/fasterxml/jackson/core/io/JsonStringEncoder.java,278,RelationalOperatorReplacement,if (c < escCodeCount && escCodes[c] != 0) {,if (c <= escCodeCount && escCodes[c] != 0) {,4855,
com/fasterxml/jackson/core/io/JsonStringEncoder.java,282,RelationalOperatorReplacement,if (++inPtr >= inputLen) {,if (++inPtr > inputLen) {,4857,
com/fasterxml/jackson/core/io/JsonStringEncoder.java,292,RelationalOperatorReplacement,int length = (escCode < 0),int length = (escCode <= 0),4859,
com/fasterxml/jackson/core/io/JsonStringEncoder.java,318,RelationalOperatorReplacement,while (inputPtr < inputEnd) {,while (inputPtr <= inputEnd) {,4860,
com/fasterxml/jackson/core/io/JsonStringEncoder.java,324,RelationalOperatorReplacement,if (ch > 0x7F || escCodes[ch] != 0) {,if (ch >= 0x7F || escCodes[ch] != 0) {,4861,
com/fasterxml/jackson/core/io/JsonStringEncoder.java,327,RelationalOperatorReplacement,if (outputPtr >= outputBuffer.length) {,if (outputPtr > outputBuffer.length) {,4863,
com/fasterxml/jackson/core/io/JsonStringEncoder.java,335,RelationalOperatorReplacement,if (++inputPtr >= inputEnd) {,if (++inputPtr > inputEnd) {,4865,
com/fasterxml/jackson/core/io/JsonStringEncoder.java,342,RelationalOperatorReplacement,if (outputPtr >= outputBuffer.length) {,if (outputPtr > outputBuffer.length) {,4867,
com/fasterxml/jackson/core/io/JsonStringEncoder.java,348,RelationalOperatorReplacement,if (ch <= 0x7F) { // needs quoting,if (ch < 0x7F) { // needs quoting,4868,
com/fasterxml/jackson/core/io/JsonStringEncoder.java,355,RelationalOperatorReplacement,"if (ch <= 0x7FF) { // fine, just needs 2 byte output","if (ch < 0x7FF) { // fine, just needs 2 byte output",4869,
com/fasterxml/jackson/core/io/JsonStringEncoder.java,360,RelationalOperatorReplacement,if (ch < SURR1_FIRST || ch > SURR2_LAST) { // nope,if (ch <= SURR1_FIRST || ch > SURR2_LAST) { // nope,4870,
com/fasterxml/jackson/core/io/JsonStringEncoder.java,360,RelationalOperatorReplacement,if (ch < SURR1_FIRST || ch > SURR2_LAST) { // nope,if (ch < SURR1_FIRST || ch >= SURR2_LAST) { // nope,4871,
com/fasterxml/jackson/core/io/JsonStringEncoder.java,362,RelationalOperatorReplacement,if (outputPtr >= outputBuffer.length) {,if (outputPtr > outputBuffer.length) {,4872,
com/fasterxml/jackson/core/io/JsonStringEncoder.java,369,RelationalOperatorReplacement,if (ch > SURR1_LAST) { // must be from first range,if (ch >= SURR1_LAST) { // must be from first range,4873,
com/fasterxml/jackson/core/io/JsonStringEncoder.java,373,RelationalOperatorReplacement,if (inputPtr >= inputEnd) {,if (inputPtr > inputEnd) {,4874,
com/fasterxml/jackson/core/io/JsonStringEncoder.java,377,RelationalOperatorReplacement,"if (ch > 0x10FFFF) { // illegal, as per RFC 4627","if (ch >= 0x10FFFF) { // illegal, as per RFC 4627",4875,
com/fasterxml/jackson/core/io/JsonStringEncoder.java,381,RelationalOperatorReplacement,if (outputPtr >= outputBuffer.length) {,if (outputPtr > outputBuffer.length) {,4876,
com/fasterxml/jackson/core/io/JsonStringEncoder.java,386,RelationalOperatorReplacement,if (outputPtr >= outputBuffer.length) {,if (outputPtr > outputBuffer.length) {,4877,
com/fasterxml/jackson/core/io/JsonStringEncoder.java,394,RelationalOperatorReplacement,if (outputPtr >= outputBuffer.length) {,if (outputPtr > outputBuffer.length) {,4878,
com/fasterxml/jackson/core/io/JsonStringEncoder.java,425,RelationalOperatorReplacement,while (inputPtr < inputEnd) {,while (inputPtr <= inputEnd) {,4880,
com/fasterxml/jackson/core/io/JsonStringEncoder.java,429,RelationalOperatorReplacement,while (c <= 0x7F) {,while (c < 0x7F) {,4881,
com/fasterxml/jackson/core/io/JsonStringEncoder.java,430,RelationalOperatorReplacement,if (outputPtr >= outputEnd) {,if (outputPtr > outputEnd) {,4882,
com/fasterxml/jackson/core/io/JsonStringEncoder.java,439,RelationalOperatorReplacement,if (inputPtr >= inputEnd) {,if (inputPtr > inputEnd) {,4884,
com/fasterxml/jackson/core/io/JsonStringEncoder.java,449,RelationalOperatorReplacement,if (outputPtr >= outputEnd) {,if (outputPtr > outputEnd) {,4886,
com/fasterxml/jackson/core/io/JsonStringEncoder.java,454,RelationalOperatorReplacement,if (c < 0x800) { // 2-byte,if (c <= 0x800) { // 2-byte,4887,
com/fasterxml/jackson/core/io/JsonStringEncoder.java,458,RelationalOperatorReplacement,if (c < SURR1_FIRST || c > SURR2_LAST) { // nope,if (c <= SURR1_FIRST || c > SURR2_LAST) { // nope,4888,
com/fasterxml/jackson/core/io/JsonStringEncoder.java,458,RelationalOperatorReplacement,if (c < SURR1_FIRST || c > SURR2_LAST) { // nope,if (c < SURR1_FIRST || c >= SURR2_LAST) { // nope,4889,
com/fasterxml/jackson/core/io/JsonStringEncoder.java,460,RelationalOperatorReplacement,if (outputPtr >= outputEnd) {,if (outputPtr > outputEnd) {,4890,
com/fasterxml/jackson/core/io/JsonStringEncoder.java,467,RelationalOperatorReplacement,if (c > SURR1_LAST) { // must be from first range,if (c >= SURR1_LAST) { // must be from first range,4891,
com/fasterxml/jackson/core/io/JsonStringEncoder.java,471,RelationalOperatorReplacement,if (inputPtr >= inputEnd) {,if (inputPtr > inputEnd) {,4892,
com/fasterxml/jackson/core/io/JsonStringEncoder.java,475,RelationalOperatorReplacement,"if (c > 0x10FFFF) { // illegal, as per RFC 4627","if (c >= 0x10FFFF) { // illegal, as per RFC 4627",4893,
com/fasterxml/jackson/core/io/JsonStringEncoder.java,479,RelationalOperatorReplacement,if (outputPtr >= outputEnd) {,if (outputPtr > outputEnd) {,4894,
com/fasterxml/jackson/core/io/JsonStringEncoder.java,485,RelationalOperatorReplacement,if (outputPtr >= outputEnd) {,if (outputPtr > outputEnd) {,4895,
com/fasterxml/jackson/core/io/JsonStringEncoder.java,493,RelationalOperatorReplacement,if (outputPtr >= outputEnd) {,if (outputPtr > outputEnd) {,4896,
com/fasterxml/jackson/core/io/JsonStringEncoder.java,526,RelationalOperatorReplacement,while (inputPtr < inputEnd) {,while (inputPtr <= inputEnd) {,4898,
com/fasterxml/jackson/core/io/JsonStringEncoder.java,530,RelationalOperatorReplacement,while (c <= 0x7F) {,while (c < 0x7F) {,4899,
com/fasterxml/jackson/core/io/JsonStringEncoder.java,531,RelationalOperatorReplacement,if (outputPtr >= outputEnd) {,if (outputPtr > outputEnd) {,4900,
com/fasterxml/jackson/core/io/JsonStringEncoder.java,540,RelationalOperatorReplacement,if (inputPtr >= inputEnd) {,if (inputPtr > inputEnd) {,4902,
com/fasterxml/jackson/core/io/JsonStringEncoder.java,550,RelationalOperatorReplacement,if (outputPtr >= outputEnd) {,if (outputPtr > outputEnd) {,4904,
com/fasterxml/jackson/core/io/JsonStringEncoder.java,555,RelationalOperatorReplacement,if (c < 0x800) { // 2-byte,if (c <= 0x800) { // 2-byte,4905,
com/fasterxml/jackson/core/io/JsonStringEncoder.java,559,RelationalOperatorReplacement,if (c < SURR1_FIRST || c > SURR2_LAST) { // nope,if (c <= SURR1_FIRST || c > SURR2_LAST) { // nope,4906,
com/fasterxml/jackson/core/io/JsonStringEncoder.java,559,RelationalOperatorReplacement,if (c < SURR1_FIRST || c > SURR2_LAST) { // nope,if (c < SURR1_FIRST || c >= SURR2_LAST) { // nope,4907,
com/fasterxml/jackson/core/io/JsonStringEncoder.java,561,RelationalOperatorReplacement,if (outputPtr >= outputEnd) {,if (outputPtr > outputEnd) {,4908,
com/fasterxml/jackson/core/io/JsonStringEncoder.java,568,RelationalOperatorReplacement,if (c > SURR1_LAST) { // must be from first range,if (c >= SURR1_LAST) { // must be from first range,4909,
com/fasterxml/jackson/core/io/JsonStringEncoder.java,572,RelationalOperatorReplacement,if (inputPtr >= inputEnd) {,if (inputPtr > inputEnd) {,4910,
com/fasterxml/jackson/core/io/JsonStringEncoder.java,576,RelationalOperatorReplacement,"if (c > 0x10FFFF) { // illegal, as per RFC 4627","if (c >= 0x10FFFF) { // illegal, as per RFC 4627",4911,
com/fasterxml/jackson/core/io/JsonStringEncoder.java,580,RelationalOperatorReplacement,if (outputPtr >= outputEnd) {,if (outputPtr > outputEnd) {,4912,
com/fasterxml/jackson/core/io/JsonStringEncoder.java,586,RelationalOperatorReplacement,if (outputPtr >= outputEnd) {,if (outputPtr > outputEnd) {,4913,
com/fasterxml/jackson/core/io/JsonStringEncoder.java,594,RelationalOperatorReplacement,if (outputPtr >= outputEnd) {,if (outputPtr > outputEnd) {,4914,
com/fasterxml/jackson/core/io/JsonStringEncoder.java,638,RelationalOperatorReplacement,if (esc < 0) { // standard escape,if (esc <= 0) { // standard escape,4916,
com/fasterxml/jackson/core/io/JsonStringEncoder.java,640,RelationalOperatorReplacement,if (ch > 0xFF) {,if (ch >= 0xFF) {,4917,
com/fasterxml/jackson/core/io/JsonStringEncoder.java,659,RelationalOperatorReplacement,if (p2 < SURR2_FIRST || p2 > SURR2_LAST) {,if (p2 <= SURR2_FIRST || p2 > SURR2_LAST) {,4918,
com/fasterxml/jackson/core/io/JsonStringEncoder.java,659,RelationalOperatorReplacement,if (p2 < SURR2_FIRST || p2 > SURR2_LAST) {,if (p2 < SURR2_FIRST || p2 >= SURR2_LAST) {,4919,
com/fasterxml/jackson/core/io/MergedStream.java,58,RelationalOperatorReplacement,if (_ptr >= _end) {,if (_ptr > _end) {,4999,
com/fasterxml/jackson/core/io/MergedStream.java,74,RelationalOperatorReplacement,if (len > avail) {,if (len >= avail) {,5001,
com/fasterxml/jackson/core/io/MergedStream.java,79,RelationalOperatorReplacement,if (_ptr >= _end) {,if (_ptr > _end) {,5002,
com/fasterxml/jackson/core/io/MergedStream.java,99,RelationalOperatorReplacement,if (amount > n) { // all in pushed back segment?,if (amount >= n) { // all in pushed back segment?,5005,
com/fasterxml/jackson/core/io/MergedStream.java,108,RelationalOperatorReplacement,if (n > 0) { count += _in.skip(n); },if (n >= 0) { count += _in.skip(n); },5006,
com/fasterxml/jackson/core/io/NumberInput.java,70,RelationalOperatorReplacement,if (len > 0 && ch[off] == '+') {,if (len >= 0 && ch[off] == '+') {,5137,
com/fasterxml/jackson/core/io/NumberInput.java,124,RelationalOperatorReplacement,if (len == 1 || len > 10) {,if (len == 1 || len >= 10) {,5141,
com/fasterxml/jackson/core/io/NumberInput.java,129,RelationalOperatorReplacement,if (len > 9) {,if (len >= 9) {,5142,
com/fasterxml/jackson/core/io/NumberInput.java,133,RelationalOperatorReplacement,if (c > '9' || c < '0') {,if (c >= '9' || c < '0') {,5143,
com/fasterxml/jackson/core/io/NumberInput.java,133,RelationalOperatorReplacement,if (c > '9' || c < '0') {,if (c > '9' || c <= '0') {,5144,
com/fasterxml/jackson/core/io/NumberInput.java,137,RelationalOperatorReplacement,if (offset < len) {,if (offset <= len) {,5145,
com/fasterxml/jackson/core/io/NumberInput.java,139,RelationalOperatorReplacement,if (c > '9' || c < '0') {,if (c >= '9' || c < '0') {,5146,
com/fasterxml/jackson/core/io/NumberInput.java,139,RelationalOperatorReplacement,if (c > '9' || c < '0') {,if (c > '9' || c <= '0') {,5147,
com/fasterxml/jackson/core/io/NumberInput.java,143,RelationalOperatorReplacement,if (offset < len) {,if (offset <= len) {,5148,
com/fasterxml/jackson/core/io/NumberInput.java,145,RelationalOperatorReplacement,if (c > '9' || c < '0') {,if (c >= '9' || c < '0') {,5149,
com/fasterxml/jackson/core/io/NumberInput.java,145,RelationalOperatorReplacement,if (c > '9' || c < '0') {,if (c > '9' || c <= '0') {,5150,
com/fasterxml/jackson/core/io/NumberInput.java,150,RelationalOperatorReplacement,if (offset < len) {,if (offset <= len) {,5151,
com/fasterxml/jackson/core/io/NumberInput.java,153,RelationalOperatorReplacement,if (c > '9' || c < '0') {,if (c >= '9' || c < '0') {,5152,
com/fasterxml/jackson/core/io/NumberInput.java,153,RelationalOperatorReplacement,if (c > '9' || c < '0') {,if (c > '9' || c <= '0') {,5153,
com/fasterxml/jackson/core/io/NumberInput.java,157,RelationalOperatorReplacement,} while (offset < len);,} while (offset <= len);,5154,
com/fasterxml/jackson/core/io/NumberInput.java,193,RelationalOperatorReplacement,for (int i = 0; i < 19; i++) {,for (int i = 0; i <= 19; i++) {,5155,
com/fasterxml/jackson/core/io/NumberInput.java,212,RelationalOperatorReplacement,if (length <= 9) {,if (length < 9) {,5156,
com/fasterxml/jackson/core/io/NumberInput.java,239,RelationalOperatorReplacement,if (len < cmpLen) return true;,if (len <= cmpLen) return true;,5157,
com/fasterxml/jackson/core/io/NumberInput.java,240,RelationalOperatorReplacement,if (len > cmpLen) return false;,if (len >= cmpLen) return false;,5158,
com/fasterxml/jackson/core/io/NumberInput.java,242,RelationalOperatorReplacement,for (int i = 0; i < cmpLen; ++i) {,for (int i = 0; i <= cmpLen; ++i) {,5159,
com/fasterxml/jackson/core/io/NumberInput.java,245,RelationalOperatorReplacement,return (diff < 0);,return (diff <= 0);,5161,
com/fasterxml/jackson/core/io/NumberInput.java,267,RelationalOperatorReplacement,if (alen < cmpLen) return true;,if (alen <= cmpLen) return true;,5162,
com/fasterxml/jackson/core/io/NumberInput.java,268,RelationalOperatorReplacement,if (alen > cmpLen) return false;,if (alen >= cmpLen) return false;,5163,
com/fasterxml/jackson/core/io/NumberInput.java,271,RelationalOperatorReplacement,for (int i = 0; i < cmpLen; ++i) {,for (int i = 0; i <= cmpLen; ++i) {,5164,
com/fasterxml/jackson/core/io/NumberInput.java,274,RelationalOperatorReplacement,return (diff < 0);,return (diff <= 0);,5166,
com/fasterxml/jackson/core/io/NumberInput.java,300,RelationalOperatorReplacement,for (; i < len; ++i) {,for (; i <= len; ++i) {,5171,
com/fasterxml/jackson/core/io/NumberInput.java,303,RelationalOperatorReplacement,if (c > '9' || c < '0') {,if (c >= '9' || c < '0') {,5172,
com/fasterxml/jackson/core/io/NumberInput.java,303,RelationalOperatorReplacement,if (c > '9' || c < '0') {,if (c > '9' || c <= '0') {,5173,
com/fasterxml/jackson/core/io/NumberInput.java,339,RelationalOperatorReplacement,for (; i < len; ++i) {,for (; i <= len; ++i) {,5178,
com/fasterxml/jackson/core/io/NumberInput.java,342,RelationalOperatorReplacement,if (c > '9' || c < '0') {,if (c >= '9' || c < '0') {,5179,
com/fasterxml/jackson/core/io/NumberInput.java,342,RelationalOperatorReplacement,if (c > '9' || c < '0') {,if (c > '9' || c <= '0') {,5180,
com/fasterxml/jackson/core/io/NumberInput.java,653,RelationalOperatorReplacement,return (c <= '9') && (c >= '0');,return (c < '9') && (c >= '0');,5184,
com/fasterxml/jackson/core/io/NumberInput.java,653,RelationalOperatorReplacement,return (c <= '9') && (c >= '0');,return (c <= '9') && (c > '0');,5185,
com/fasterxml/jackson/core/io/NumberOutput.java,30,RelationalOperatorReplacement,for (int i1 = 0; i1 < 10; ++i1) {,for (int i1 = 0; i1 <= 10; ++i1) {,5405,
com/fasterxml/jackson/core/io/NumberOutput.java,31,RelationalOperatorReplacement,for (int i2 = 0; i2 < 10; ++i2) {,for (int i2 = 0; i2 <= 10; ++i2) {,5406,
com/fasterxml/jackson/core/io/NumberOutput.java,32,RelationalOperatorReplacement,for (int i3 = 0; i3 < 10; ++i3) {,for (int i3 = 0; i3 <= 10; ++i3) {,5407,
com/fasterxml/jackson/core/io/NumberOutput.java,70,RelationalOperatorReplacement,if (v < 0) {,if (v <= 0) {,5408,
com/fasterxml/jackson/core/io/NumberOutput.java,80,RelationalOperatorReplacement,if (v < MILLION) { // at most 2 triplets...,if (v <= MILLION) { // at most 2 triplets...,5410,
com/fasterxml/jackson/core/io/NumberOutput.java,81,RelationalOperatorReplacement,if (v < 1000) {,if (v <= 1000) {,5411,
com/fasterxml/jackson/core/io/NumberOutput.java,82,RelationalOperatorReplacement,if (v < 10) {,if (v <= 10) {,5412,
com/fasterxml/jackson/core/io/NumberOutput.java,100,RelationalOperatorReplacement,if (v >= BILLION) {,if (v > BILLION) {,5413,
com/fasterxml/jackson/core/io/NumberOutput.java,102,RelationalOperatorReplacement,if (v >= BILLION) {,if (v > BILLION) {,5414,
com/fasterxml/jackson/core/io/NumberOutput.java,123,RelationalOperatorReplacement,if (v < 0) {,if (v <= 0) {,5415,
com/fasterxml/jackson/core/io/NumberOutput.java,131,RelationalOperatorReplacement,if (v < MILLION) { // at most 2 triplets...,if (v <= MILLION) { // at most 2 triplets...,5417,
com/fasterxml/jackson/core/io/NumberOutput.java,132,RelationalOperatorReplacement,if (v < 1000) {,if (v <= 1000) {,5418,
com/fasterxml/jackson/core/io/NumberOutput.java,133,RelationalOperatorReplacement,if (v < 10) {,if (v <= 10) {,5419,
com/fasterxml/jackson/core/io/NumberOutput.java,146,RelationalOperatorReplacement,if (v >= BILLION) {,if (v > BILLION) {,5420,
com/fasterxml/jackson/core/io/NumberOutput.java,148,RelationalOperatorReplacement,if (v >= BILLION) {,if (v > BILLION) {,5421,
com/fasterxml/jackson/core/io/NumberOutput.java,182,RelationalOperatorReplacement,if (v < 0L) {,if (v <= 0L) {,5422,
com/fasterxml/jackson/core/io/NumberOutput.java,183,RelationalOperatorReplacement,if (v > MIN_INT_AS_LONG) {,if (v >= MIN_INT_AS_LONG) {,5423,
com/fasterxml/jackson/core/io/NumberOutput.java,192,RelationalOperatorReplacement,if (v <= MAX_INT_AS_LONG) {,if (v < MAX_INT_AS_LONG) {,5425,
com/fasterxml/jackson/core/io/NumberOutput.java,202,RelationalOperatorReplacement,if (upper < BILLION_L) {,if (upper <= BILLION_L) {,5426,
com/fasterxml/jackson/core/io/NumberOutput.java,216,RelationalOperatorReplacement,if (v < 0L) {,if (v <= 0L) {,5427,
com/fasterxml/jackson/core/io/NumberOutput.java,217,RelationalOperatorReplacement,if (v > MIN_INT_AS_LONG) {,if (v >= MIN_INT_AS_LONG) {,5428,
com/fasterxml/jackson/core/io/NumberOutput.java,226,RelationalOperatorReplacement,if (v <= MAX_INT_AS_LONG) {,if (v < MAX_INT_AS_LONG) {,5430,
com/fasterxml/jackson/core/io/NumberOutput.java,236,RelationalOperatorReplacement,if (upper < BILLION_L) {,if (upper <= BILLION_L) {,5431,
com/fasterxml/jackson/core/io/NumberOutput.java,270,RelationalOperatorReplacement,if (v < sSmallIntStrs.length) {,if (v <= sSmallIntStrs.length) {,5432,
com/fasterxml/jackson/core/io/NumberOutput.java,271,RelationalOperatorReplacement,if (v >= 0) {,if (v > 0) {,5433,
com/fasterxml/jackson/core/io/NumberOutput.java,275,RelationalOperatorReplacement,if (v2 < sSmallIntStrs2.length) {,if (v2 <= sSmallIntStrs2.length) {,5434,
com/fasterxml/jackson/core/io/NumberOutput.java,283,RelationalOperatorReplacement,if (v <= Integer.MAX_VALUE && v >= Integer.MIN_VALUE) {,if (v < Integer.MAX_VALUE && v >= Integer.MIN_VALUE) {,5435,
com/fasterxml/jackson/core/io/NumberOutput.java,283,RelationalOperatorReplacement,if (v <= Integer.MAX_VALUE && v >= Integer.MIN_VALUE) {,if (v <= Integer.MAX_VALUE && v > Integer.MIN_VALUE) {,5436,
com/fasterxml/jackson/core/io/NumberOutput.java,368,RelationalOperatorReplacement,if (v < MILLION) { // at most 2 triplets...,if (v <= MILLION) { // at most 2 triplets...,5437,
com/fasterxml/jackson/core/io/NumberOutput.java,369,RelationalOperatorReplacement,if (v < 1000) {,if (v <= 1000) {,5438,
com/fasterxml/jackson/core/io/NumberOutput.java,423,RelationalOperatorReplacement,if (v < MILLION) { // at most 2 triplets...,if (v <= MILLION) { // at most 2 triplets...,5439,
com/fasterxml/jackson/core/io/NumberOutput.java,424,RelationalOperatorReplacement,if (v < 1000) {,if (v <= 1000) {,5440,
com/fasterxml/jackson/core/io/NumberOutput.java,479,RelationalOperatorReplacement,if (thousands > 9) {,if (thousands >= 9) {,5441,
com/fasterxml/jackson/core/io/NumberOutput.java,480,RelationalOperatorReplacement,if (thousands > 99) {,if (thousands >= 99) {,5442,
com/fasterxml/jackson/core/io/NumberOutput.java,497,RelationalOperatorReplacement,if (thousands > 9) {,if (thousands >= 9) {,5443,
com/fasterxml/jackson/core/io/NumberOutput.java,498,RelationalOperatorReplacement,if (thousands > 99) {,if (thousands >= 99) {,5444,
com/fasterxml/jackson/core/io/NumberOutput.java,515,RelationalOperatorReplacement,if (t > 9) {,if (t >= 9) {,5445,
com/fasterxml/jackson/core/io/NumberOutput.java,516,RelationalOperatorReplacement,if (t > 99) {,if (t >= 99) {,5446,
com/fasterxml/jackson/core/io/NumberOutput.java,528,RelationalOperatorReplacement,if (t > 9) {,if (t >= 9) {,5447,
com/fasterxml/jackson/core/io/NumberOutput.java,529,RelationalOperatorReplacement,if (t > 99) {,if (t >= 99) {,5448,
com/fasterxml/jackson/core/io/NumberOutput.java,568,RelationalOperatorReplacement,for (int i = 0; i < len; ++i) {,for (int i = 0; i <= len; ++i) {,5449,
com/fasterxml/jackson/core/io/NumberOutput.java,584,RelationalOperatorReplacement,for (int i = 0; i < len; ++i) {,for (int i = 0; i <= len; ++i) {,5450,
com/fasterxml/jackson/core/io/SerializedString.java,107,NullifyReturnValue,return result;,return null;,5588,
com/fasterxml/jackson/core/io/SerializedString.java,121,NullifyReturnValue,return result;,return null;,5589,
com/fasterxml/jackson/core/io/SerializedString.java,134,NullifyReturnValue,return result;,return null;,5590,
com/fasterxml/jackson/core/io/SerializedString.java,150,RelationalOperatorReplacement,if ((offset + length) > buffer.length) {,if ((offset + length) >= buffer.length) {,5596,
com/fasterxml/jackson/core/io/SerializedString.java,164,RelationalOperatorReplacement,if ((offset + length) > buffer.length) {,if ((offset + length) >= buffer.length) {,5598,
com/fasterxml/jackson/core/io/SerializedString.java,175,RelationalOperatorReplacement,if ((offset + length) > buffer.length) {,if ((offset + length) >= buffer.length) {,5599,
com/fasterxml/jackson/core/io/SerializedString.java,189,RelationalOperatorReplacement,if ((offset + length) > buffer.length) {,if ((offset + length) >= buffer.length) {,5601,
com/fasterxml/jackson/core/io/SerializedString.java,225,RelationalOperatorReplacement,if (length > buffer.remaining()) {,if (length >= buffer.remaining()) {,5605,
com/fasterxml/jackson/core/io/SerializedString.java,239,RelationalOperatorReplacement,if (length > buffer.remaining()) {,if (length >= buffer.remaining()) {,5607,
com/fasterxml/jackson/core/io/UTF32Reader.java,96,RelationalOperatorReplacement,"if (read(_tmpBuf, 0, 1) < 1) {","if (read(_tmpBuf, 0, 1) <= 1) {",5711,
com/fasterxml/jackson/core/io/UTF32Reader.java,107,RelationalOperatorReplacement,if (len < 1) { return len; },if (len <= 1) { return len; },5713,
com/fasterxml/jackson/core/io/UTF32Reader.java,109,RelationalOperatorReplacement,if (start < 0 || (start+len) > cbuf.length) {,if (start <= 0 || (start+len) > cbuf.length) {,5714,
com/fasterxml/jackson/core/io/UTF32Reader.java,109,RelationalOperatorReplacement,if (start < 0 || (start+len) > cbuf.length) {,if (start < 0 || (start+len) >= cbuf.length) {,5715,
com/fasterxml/jackson/core/io/UTF32Reader.java,125,RelationalOperatorReplacement,if (left < 4) {,if (left <= 4) {,5717,
com/fasterxml/jackson/core/io/UTF32Reader.java,140,RelationalOperatorReplacement,while ((outPtr < outEnd) && (_ptr <= lastValidInputStart)) {,while ((outPtr <= outEnd) && (_ptr <= lastValidInputStart)) {,5719,
com/fasterxml/jackson/core/io/UTF32Reader.java,140,RelationalOperatorReplacement,while ((outPtr < outEnd) && (_ptr <= lastValidInputStart)) {,while ((outPtr < outEnd) && (_ptr < lastValidInputStart)) {,5720,
com/fasterxml/jackson/core/io/UTF32Reader.java,158,RelationalOperatorReplacement,if (hi > 0x10) { // last valid is 0x10FFFF,if (hi >= 0x10) { // last valid is 0x10FFFF,5722,
com/fasterxml/jackson/core/io/UTF32Reader.java,166,RelationalOperatorReplacement,if (outPtr >= outEnd) { // nope,if (outPtr > outEnd) { // nope,5723,
com/fasterxml/jackson/core/io/UTF32Reader.java,215,RelationalOperatorReplacement,if (available > 0) {,if (available >= 0) {,5726,
com/fasterxml/jackson/core/io/UTF32Reader.java,216,RelationalOperatorReplacement,if (_ptr > 0) {,if (_ptr >= 0) {,5727,
com/fasterxml/jackson/core/io/UTF32Reader.java,226,RelationalOperatorReplacement,if (count < 1) {,if (count <= 1) {,5728,
com/fasterxml/jackson/core/io/UTF32Reader.java,228,RelationalOperatorReplacement,if (count < 0) { // -1,if (count <= 0) { // -1,5729,
com/fasterxml/jackson/core/io/UTF32Reader.java,241,RelationalOperatorReplacement,while (_length < 4) {,while (_length <= 4) {,5730,
com/fasterxml/jackson/core/io/UTF32Reader.java,243,RelationalOperatorReplacement,if (count < 1) {,if (count <= 1) {,5731,
com/fasterxml/jackson/core/io/UTF32Reader.java,244,RelationalOperatorReplacement,"if (count < 0) { // -1, EOF... no good!","if (count <= 0) { // -1, EOF... no good!",5732,
com/fasterxml/jackson/core/io/UTF8Writer.java,61,RelationalOperatorReplacement,if (_outPtr > 0) {,if (_outPtr >= 0) {,5875,
com/fasterxml/jackson/core/io/UTF8Writer.java,80,RelationalOperatorReplacement,if (code > 0) {,if (code >= 0) {,5877,
com/fasterxml/jackson/core/io/UTF8Writer.java,92,RelationalOperatorReplacement,if (_outPtr > 0) {,if (_outPtr >= 0) {,5879,
com/fasterxml/jackson/core/io/UTF8Writer.java,111,RelationalOperatorReplacement,if (len < 2) {,if (len <= 2) {,5880,
com/fasterxml/jackson/core/io/UTF8Writer.java,119,RelationalOperatorReplacement,if (_surrogate > 0) {,if (_surrogate >= 0) {,5882,
com/fasterxml/jackson/core/io/UTF8Writer.java,134,RelationalOperatorReplacement,for (; off < len; ) {,for (; off <= len; ) {,5883,
com/fasterxml/jackson/core/io/UTF8Writer.java,138,RelationalOperatorReplacement,if (outPtr >= outBufLast) {,if (outPtr > outBufLast) {,5884,
com/fasterxml/jackson/core/io/UTF8Writer.java,145,RelationalOperatorReplacement,"if (c < 0x80) { // If so, can do a tight inner loop:","if (c <= 0x80) { // If so, can do a tight inner loop:",5885,
com/fasterxml/jackson/core/io/UTF8Writer.java,151,RelationalOperatorReplacement,if (maxInCount > maxOutCount) {,if (maxInCount >= maxOutCount) {,5886,
com/fasterxml/jackson/core/io/UTF8Writer.java,157,RelationalOperatorReplacement,if (off >= maxInCount) { // done with max. ascii seq,if (off > maxInCount) { // done with max. ascii seq,5887,
com/fasterxml/jackson/core/io/UTF8Writer.java,161,RelationalOperatorReplacement,if (c >= 0x80) {,if (c > 0x80) {,5888,
com/fasterxml/jackson/core/io/UTF8Writer.java,169,RelationalOperatorReplacement,if (c < 0x800) { // 2-byte,if (c <= 0x800) { // 2-byte,5889,
com/fasterxml/jackson/core/io/UTF8Writer.java,174,RelationalOperatorReplacement,if (c < SURR1_FIRST || c > SURR2_LAST) {,if (c <= SURR1_FIRST || c > SURR2_LAST) {,5890,
com/fasterxml/jackson/core/io/UTF8Writer.java,174,RelationalOperatorReplacement,if (c < SURR1_FIRST || c > SURR2_LAST) {,if (c < SURR1_FIRST || c >= SURR2_LAST) {,5891,
com/fasterxml/jackson/core/io/UTF8Writer.java,181,RelationalOperatorReplacement,if (c > SURR1_LAST) { // must be from first range,if (c >= SURR1_LAST) { // must be from first range,5892,
com/fasterxml/jackson/core/io/UTF8Writer.java,187,RelationalOperatorReplacement,if (off >= len) { // unless we hit the end?,if (off > len) { // unless we hit the end?,5893,
com/fasterxml/jackson/core/io/UTF8Writer.java,191,RelationalOperatorReplacement,if (c > 0x10FFFF) { // illegal in JSON as well as in XML,if (c >= 0x10FFFF) { // illegal in JSON as well as in XML,5894,
com/fasterxml/jackson/core/io/UTF8Writer.java,208,RelationalOperatorReplacement,if (_surrogate > 0) {,if (_surrogate >= 0) {,5895,
com/fasterxml/jackson/core/io/UTF8Writer.java,211,RelationalOperatorReplacement,} else if (c >= SURR1_FIRST && c <= SURR2_LAST) {,} else if (c > SURR1_FIRST && c <= SURR2_LAST) {,5896,
com/fasterxml/jackson/core/io/UTF8Writer.java,211,RelationalOperatorReplacement,} else if (c >= SURR1_FIRST && c <= SURR2_LAST) {,} else if (c >= SURR1_FIRST && c < SURR2_LAST) {,5897,
com/fasterxml/jackson/core/io/UTF8Writer.java,213,RelationalOperatorReplacement,if (c > SURR1_LAST) {,if (c >= SURR1_LAST) {,5898,
com/fasterxml/jackson/core/io/UTF8Writer.java,221,RelationalOperatorReplacement,"if (_outPtr >= _outBufferEnd) { // let's require enough room, first","if (_outPtr > _outBufferEnd) { // let's require enough room, first",5899,
com/fasterxml/jackson/core/io/UTF8Writer.java,226,RelationalOperatorReplacement,if (c < 0x80) { // ascii,if (c <= 0x80) { // ascii,5900,
com/fasterxml/jackson/core/io/UTF8Writer.java,230,RelationalOperatorReplacement,if (c < 0x800) { // 2-byte,if (c <= 0x800) { // 2-byte,5901,
com/fasterxml/jackson/core/io/UTF8Writer.java,233,RelationalOperatorReplacement,} else if (c <= 0xFFFF) { // 3 bytes,} else if (c < 0xFFFF) { // 3 bytes,5902,
com/fasterxml/jackson/core/io/UTF8Writer.java,238,RelationalOperatorReplacement,if (c > 0x10FFFF) { // illegal,if (c >= 0x10FFFF) { // illegal,5903,
com/fasterxml/jackson/core/io/UTF8Writer.java,259,RelationalOperatorReplacement,if (len < 2) {,if (len <= 2) {,5904,
com/fasterxml/jackson/core/io/UTF8Writer.java,267,RelationalOperatorReplacement,if (_surrogate > 0) {,if (_surrogate >= 0) {,5906,
com/fasterxml/jackson/core/io/UTF8Writer.java,282,RelationalOperatorReplacement,for (; off < len; ) {,for (; off <= len; ) {,5907,
com/fasterxml/jackson/core/io/UTF8Writer.java,286,RelationalOperatorReplacement,if (outPtr >= outBufLast) {,if (outPtr > outBufLast) {,5908,
com/fasterxml/jackson/core/io/UTF8Writer.java,293,RelationalOperatorReplacement,"if (c < 0x80) { // If so, can do a tight inner loop:","if (c <= 0x80) { // If so, can do a tight inner loop:",5909,
com/fasterxml/jackson/core/io/UTF8Writer.java,299,RelationalOperatorReplacement,if (maxInCount > maxOutCount) {,if (maxInCount >= maxOutCount) {,5910,
com/fasterxml/jackson/core/io/UTF8Writer.java,305,RelationalOperatorReplacement,if (off >= maxInCount) { // done with max. ascii seq,if (off > maxInCount) { // done with max. ascii seq,5911,
com/fasterxml/jackson/core/io/UTF8Writer.java,309,RelationalOperatorReplacement,if (c >= 0x80) {,if (c > 0x80) {,5912,
com/fasterxml/jackson/core/io/UTF8Writer.java,317,RelationalOperatorReplacement,if (c < 0x800) { // 2-byte,if (c <= 0x800) { // 2-byte,5913,
com/fasterxml/jackson/core/io/UTF8Writer.java,322,RelationalOperatorReplacement,if (c < SURR1_FIRST || c > SURR2_LAST) {,if (c <= SURR1_FIRST || c > SURR2_LAST) {,5914,
com/fasterxml/jackson/core/io/UTF8Writer.java,322,RelationalOperatorReplacement,if (c < SURR1_FIRST || c > SURR2_LAST) {,if (c < SURR1_FIRST || c >= SURR2_LAST) {,5915,
com/fasterxml/jackson/core/io/UTF8Writer.java,329,RelationalOperatorReplacement,if (c > SURR1_LAST) { // must be from first range,if (c >= SURR1_LAST) { // must be from first range,5916,
com/fasterxml/jackson/core/io/UTF8Writer.java,335,RelationalOperatorReplacement,if (off >= len) { // unless we hit the end?,if (off > len) { // unless we hit the end?,5917,
com/fasterxml/jackson/core/io/UTF8Writer.java,339,RelationalOperatorReplacement,"if (c > 0x10FFFF) { // illegal, as per RFC 4627","if (c >= 0x10FFFF) { // illegal, as per RFC 4627",5918,
com/fasterxml/jackson/core/io/UTF8Writer.java,374,RelationalOperatorReplacement,if (secondPart < SURR2_FIRST || secondPart > SURR2_LAST) {,if (secondPart <= SURR2_FIRST || secondPart > SURR2_LAST) {,5919,
com/fasterxml/jackson/core/io/UTF8Writer.java,374,RelationalOperatorReplacement,if (secondPart < SURR2_FIRST || secondPart > SURR2_LAST) {,if (secondPart < SURR2_FIRST || secondPart >= SURR2_LAST) {,5920,
com/fasterxml/jackson/core/io/UTF8Writer.java,386,RelationalOperatorReplacement,if (code > 0x10FFFF) { // over max?,if (code >= 0x10FFFF) { // over max?,5921,
com/fasterxml/jackson/core/io/UTF8Writer.java,389,RelationalOperatorReplacement,if (code >= SURR1_FIRST) {,if (code > SURR1_FIRST) {,5922,
com/fasterxml/jackson/core/io/UTF8Writer.java,390,RelationalOperatorReplacement,if (code <= SURR1_LAST) { // Unmatched first part (closing without second part?),if (code < SURR1_LAST) { // Unmatched first part (closing without second part?),5923,
com/fasterxml/jackson/core/io/schubfach/DoubleToDecimal.java,275,RelationalOperatorReplacement,if (bq < BQ_MASK) {,if (bq <= BQ_MASK) {,6067,
com/fasterxml/jackson/core/io/schubfach/DoubleToDecimal.java,277,RelationalOperatorReplacement,if (bits < 0) {,if (bits <= 0) {,6068,
com/fasterxml/jackson/core/io/schubfach/DoubleToDecimal.java,285,RelationalOperatorReplacement,if (0 < mq & mq < P) {,if (0 <= mq & mq < P) {,6070,
com/fasterxml/jackson/core/io/schubfach/DoubleToDecimal.java,285,RelationalOperatorReplacement,if (0 < mq & mq < P) {,if (0 < mq & mq <= P) {,6071,
com/fasterxml/jackson/core/io/schubfach/DoubleToDecimal.java,295,RelationalOperatorReplacement,return t < C_TINY,return t <= C_TINY,6074,
com/fasterxml/jackson/core/io/schubfach/DoubleToDecimal.java,304,RelationalOperatorReplacement,return bits > 0 ? PLUS_INF : MINUS_INF;,return bits >= 0 ? PLUS_INF : MINUS_INF;,6077,
com/fasterxml/jackson/core/io/schubfach/DoubleToDecimal.java,355,RelationalOperatorReplacement,if (s >= 100) {,if (s > 100) {,6080,
com/fasterxml/jackson/core/io/schubfach/DoubleToDecimal.java,369,RelationalOperatorReplacement,boolean upin = vbl + out <= sp10 << 2;,boolean upin = vbl + out < sp10 << 2;,6081,
com/fasterxml/jackson/core/io/schubfach/DoubleToDecimal.java,370,RelationalOperatorReplacement,boolean wpin = (tp10 << 2) + out <= vbr;,boolean wpin = (tp10 << 2) + out < vbr;,6082,
com/fasterxml/jackson/core/io/schubfach/DoubleToDecimal.java,383,RelationalOperatorReplacement,boolean uin = vbl + out <= s << 2;,boolean uin = vbl + out < s << 2;,6084,
com/fasterxml/jackson/core/io/schubfach/DoubleToDecimal.java,384,RelationalOperatorReplacement,boolean win = (t << 2) + out <= vbr;,boolean win = (t << 2) + out < vbr;,6085,
com/fasterxml/jackson/core/io/schubfach/DoubleToDecimal.java,394,RelationalOperatorReplacement,"return toChars(cmp < 0 || cmp == 0 && (s & 0x1) == 0 ? s : t, k + dk);","return toChars(cmp <= 0 || cmp == 0 && (s & 0x1) == 0 ? s : t, k + dk);",6087,
com/fasterxml/jackson/core/io/schubfach/DoubleToDecimal.java,421,RelationalOperatorReplacement,if (f >= pow10(len)) {,if (f > pow10(len)) {,6090,
com/fasterxml/jackson/core/io/schubfach/DoubleToDecimal.java,453,RelationalOperatorReplacement,if (0 < e && e <= 7) {,if (0 <= e && e <= 7) {,6091,
com/fasterxml/jackson/core/io/schubfach/DoubleToDecimal.java,453,RelationalOperatorReplacement,if (0 < e && e <= 7) {,if (0 < e && e < 7) {,6092,
com/fasterxml/jackson/core/io/schubfach/DoubleToDecimal.java,456,RelationalOperatorReplacement,if (-3 < e && e <= 0) {,if (-3 <= e && e <= 0) {,6093,
com/fasterxml/jackson/core/io/schubfach/DoubleToDecimal.java,456,RelationalOperatorReplacement,if (-3 < e && e <= 0) {,if (-3 < e && e < 0) {,6094,
com/fasterxml/jackson/core/io/schubfach/DoubleToDecimal.java,472,RelationalOperatorReplacement,for (; i < e; ++i) {,for (; i <= e; ++i) {,6095,
com/fasterxml/jackson/core/io/schubfach/DoubleToDecimal.java,478,RelationalOperatorReplacement,for (; i <= 8; ++i) {,for (; i < 8; ++i) {,6096,
com/fasterxml/jackson/core/io/schubfach/DoubleToDecimal.java,491,RelationalOperatorReplacement,for (; e < 0; ++e) {,for (; e <= 0; ++e) {,6097,
com/fasterxml/jackson/core/io/schubfach/DoubleToDecimal.java,523,RelationalOperatorReplacement,for (int i = 0; i < 8; ++i) {,for (int i = 0; i <= 8; ++i) {,6099,
com/fasterxml/jackson/core/io/schubfach/DoubleToDecimal.java,556,RelationalOperatorReplacement,if (e < 0) {,if (e <= 0) {,6102,
com/fasterxml/jackson/core/io/schubfach/DoubleToDecimal.java,560,RelationalOperatorReplacement,if (e < 10) {,if (e <= 10) {,6103,
com/fasterxml/jackson/core/io/schubfach/DoubleToDecimal.java,565,RelationalOperatorReplacement,if (e >= 100) {,if (e > 100) {,6104,
com/fasterxml/jackson/core/io/schubfach/FloatToDecimal.java,274,RelationalOperatorReplacement,if (bq < BQ_MASK) {,if (bq <= BQ_MASK) {,6267,
com/fasterxml/jackson/core/io/schubfach/FloatToDecimal.java,276,RelationalOperatorReplacement,if (bits < 0) {,if (bits <= 0) {,6268,
com/fasterxml/jackson/core/io/schubfach/FloatToDecimal.java,284,RelationalOperatorReplacement,if (0 < mq & mq < P) {,if (0 <= mq & mq < P) {,6270,
com/fasterxml/jackson/core/io/schubfach/FloatToDecimal.java,284,RelationalOperatorReplacement,if (0 < mq & mq < P) {,if (0 < mq & mq <= P) {,6271,
com/fasterxml/jackson/core/io/schubfach/FloatToDecimal.java,294,RelationalOperatorReplacement,return t < C_TINY,return t <= C_TINY,6274,
com/fasterxml/jackson/core/io/schubfach/FloatToDecimal.java,303,RelationalOperatorReplacement,return bits > 0 ? PLUS_INF : MINUS_INF;,return bits >= 0 ? PLUS_INF : MINUS_INF;,6277,
com/fasterxml/jackson/core/io/schubfach/FloatToDecimal.java,354,RelationalOperatorReplacement,if (s >= 100) {,if (s > 100) {,6280,
com/fasterxml/jackson/core/io/schubfach/FloatToDecimal.java,367,RelationalOperatorReplacement,boolean upin = vbl + out <= sp10 << 2;,boolean upin = vbl + out < sp10 << 2;,6281,
com/fasterxml/jackson/core/io/schubfach/FloatToDecimal.java,368,RelationalOperatorReplacement,boolean wpin = (tp10 << 2) + out <= vbr;,boolean wpin = (tp10 << 2) + out < vbr;,6282,
com/fasterxml/jackson/core/io/schubfach/FloatToDecimal.java,381,RelationalOperatorReplacement,boolean uin = vbl + out <= s << 2;,boolean uin = vbl + out < s << 2;,6284,
com/fasterxml/jackson/core/io/schubfach/FloatToDecimal.java,382,RelationalOperatorReplacement,boolean win = (t << 2) + out <= vbr;,boolean win = (t << 2) + out < vbr;,6285,
com/fasterxml/jackson/core/io/schubfach/FloatToDecimal.java,392,RelationalOperatorReplacement,"return toChars(cmp < 0 || cmp == 0 && (s & 0x1) == 0 ? s : t, k + dk);","return toChars(cmp <= 0 || cmp == 0 && (s & 0x1) == 0 ? s : t, k + dk);",6287,
com/fasterxml/jackson/core/io/schubfach/FloatToDecimal.java,416,RelationalOperatorReplacement,if (f >= pow10(len)) {,if (f > pow10(len)) {,6290,
com/fasterxml/jackson/core/io/schubfach/FloatToDecimal.java,442,RelationalOperatorReplacement,if (0 < e && e <= 7) {,if (0 <= e && e <= 7) {,6291,
com/fasterxml/jackson/core/io/schubfach/FloatToDecimal.java,442,RelationalOperatorReplacement,if (0 < e && e <= 7) {,if (0 < e && e < 7) {,6292,
com/fasterxml/jackson/core/io/schubfach/FloatToDecimal.java,445,RelationalOperatorReplacement,if (-3 < e && e <= 0) {,if (-3 <= e && e <= 0) {,6293,
com/fasterxml/jackson/core/io/schubfach/FloatToDecimal.java,445,RelationalOperatorReplacement,if (-3 < e && e <= 0) {,if (-3 < e && e < 0) {,6294,
com/fasterxml/jackson/core/io/schubfach/FloatToDecimal.java,461,RelationalOperatorReplacement,for (; i < e; ++i) {,for (; i <= e; ++i) {,6295,
com/fasterxml/jackson/core/io/schubfach/FloatToDecimal.java,467,RelationalOperatorReplacement,for (; i <= 8; ++i) {,for (; i < 8; ++i) {,6296,
com/fasterxml/jackson/core/io/schubfach/FloatToDecimal.java,480,RelationalOperatorReplacement,for (; e < 0; ++e) {,for (; e <= 0; ++e) {,6297,
com/fasterxml/jackson/core/io/schubfach/FloatToDecimal.java,505,RelationalOperatorReplacement,for (int i = 0; i < 8; ++i) {,for (int i = 0; i <= 8; ++i) {,6298,
com/fasterxml/jackson/core/io/schubfach/FloatToDecimal.java,538,RelationalOperatorReplacement,if (e < 0) {,if (e <= 0) {,6301,
com/fasterxml/jackson/core/io/schubfach/FloatToDecimal.java,542,RelationalOperatorReplacement,if (e < 10) {,if (e <= 10) {,6302,
com/fasterxml/jackson/core/json/ByteSourceJsonBootstrapper.java,239,RelationalOperatorReplacement,if (length <= STRING_READER_BYTE_ARRAY_LENGTH_LIMIT) {,if (length < STRING_READER_BYTE_ARRAY_LENGTH_LIMIT) {,6512,
com/fasterxml/jackson/core/json/ByteSourceJsonBootstrapper.java,248,RelationalOperatorReplacement,if (_inputPtr < _inputEnd) {,if (_inputPtr <= _inputEnd) {,6513,
com/fasterxml/jackson/core/json/ByteSourceJsonBootstrapper.java,330,RelationalOperatorReplacement,if (ch < 0) {,if (ch <= 0) {,6518,
com/fasterxml/jackson/core/json/ByteSourceJsonBootstrapper.java,337,RelationalOperatorReplacement,if (ch < 0) {,if (ch <= 0) {,6520,
com/fasterxml/jackson/core/json/ByteSourceJsonBootstrapper.java,350,RelationalOperatorReplacement,if (ch < 0) {,if (ch <= 0) {,6524,
com/fasterxml/jackson/core/json/ByteSourceJsonBootstrapper.java,366,RelationalOperatorReplacement,if (ch <= '9' && ch >= '0') { // number,if (ch < '9' && ch >= '0') { // number,6528,
com/fasterxml/jackson/core/json/ByteSourceJsonBootstrapper.java,366,RelationalOperatorReplacement,if (ch <= '9' && ch >= '0') { // number,if (ch <= '9' && ch > '0') { // number,6529,
com/fasterxml/jackson/core/json/ByteSourceJsonBootstrapper.java,371,RelationalOperatorReplacement,if (ch < 0) {,if (ch <= 0) {,6531,
com/fasterxml/jackson/core/json/ByteSourceJsonBootstrapper.java,374,RelationalOperatorReplacement,return (ch <= '9' && ch >= '0') ? strength : MatchStrength.NO_MATCH;,return (ch < '9' && ch >= '0') ? strength : MatchStrength.NO_MATCH;,6532,
com/fasterxml/jackson/core/json/ByteSourceJsonBootstrapper.java,374,RelationalOperatorReplacement,return (ch <= '9' && ch >= '0') ? strength : MatchStrength.NO_MATCH;,return (ch <= '9' && ch > '0') ? strength : MatchStrength.NO_MATCH;,6533,
com/fasterxml/jackson/core/json/ByteSourceJsonBootstrapper.java,392,RelationalOperatorReplacement,"for (int i = 0, len = matchStr.length(); i < len; ++i) {","for (int i = 0, len = matchStr.length(); i <= len; ++i) {",6537,
com/fasterxml/jackson/core/json/ByteSourceJsonBootstrapper.java,541,RelationalOperatorReplacement,while (gotten < minimum) {,while (gotten <= minimum) {,6552,
com/fasterxml/jackson/core/json/ByteSourceJsonBootstrapper.java,549,RelationalOperatorReplacement,if (count < 1) {,if (count <= 1) {,6554,
com/fasterxml/jackson/core/json/JsonGeneratorImpl.java,196,RelationalOperatorReplacement,_maximumNonEscapedChar = (charCode < 0) ? 0 : charCode;,_maximumNonEscapedChar = (charCode <= 0) ? 0 : charCode;,6634,
com/fasterxml/jackson/core/json/JsonReadContext.java,239,RelationalOperatorReplacement,return (_type != TYPE_ROOT && ix > 0);,return (_type != TYPE_ROOT && ix >= 0);,6708,
com/fasterxml/jackson/core/json/JsonWriteContext.java,256,RelationalOperatorReplacement,return (_index < 0) ? STATUS_OK_AS_IS : STATUS_OK_AFTER_COMMA;,return (_index <= 0) ? STATUS_OK_AS_IS : STATUS_OK_AFTER_COMMA;,6812,
com/fasterxml/jackson/core/json/JsonWriteContext.java,282,RelationalOperatorReplacement,return (ix < 0) ? STATUS_OK_AS_IS : STATUS_OK_AFTER_COMMA;,return (ix <= 0) ? STATUS_OK_AS_IS : STATUS_OK_AFTER_COMMA;,6815,
com/fasterxml/jackson/core/json/ReaderBasedJsonParser.java,399,NullifyReturnValue,return _nameCopyBuffer;,return null;,7277,
com/fasterxml/jackson/core/json/ReaderBasedJsonParser.java,408,NullifyReturnValue,return _textBuffer.getTextBuffer();,return null;,7278,
com/fasterxml/jackson/core/json/ReaderBasedJsonParser.java,410,NullifyReturnValue,return _currToken.asCharArray();,return null;,7279,
com/fasterxml/jackson/core/json/ReaderBasedJsonParser.java,413,NullifyReturnValue,return null;,return null;,7280,
com/fasterxml/jackson/core/json/ReaderBasedJsonParser.java,466,NullifyReturnValue,return _binaryValue;,return null;,7281,
com/fasterxml/jackson/core/json/ReaderBasedJsonParser.java,490,NullifyReturnValue,return _binaryValue;,return null;,7282,
com/fasterxml/jackson/core/json/ReaderBasedJsonParser.java,2834,NullifyReturnValue,return builder.toByteArray();,return null;,7360,
com/fasterxml/jackson/core/json/ReaderBasedJsonParser.java,2873,NullifyReturnValue,return builder.toByteArray();,return null;,7361,
com/fasterxml/jackson/core/json/ReaderBasedJsonParser.java,2913,NullifyReturnValue,return builder.toByteArray();,return null;,7362,
com/fasterxml/jackson/core/json/ReaderBasedJsonParser.java,168,RelationalOperatorReplacement,if (count < 1) { return 0; },if (count <= 1) { return 0; },7367,
com/fasterxml/jackson/core/json/ReaderBasedJsonParser.java,184,RelationalOperatorReplacement,if (_inputPtr >= _inputEnd) {,if (_inputPtr > _inputEnd) {,7368,
com/fasterxml/jackson/core/json/ReaderBasedJsonParser.java,251,RelationalOperatorReplacement,if (count > 0) {,if (count >= 0) {,7372,
com/fasterxml/jackson/core/json/ReaderBasedJsonParser.java,393,RelationalOperatorReplacement,} else if (_nameCopyBuffer.length < nameLen) {,} else if (_nameCopyBuffer.length <= nameLen) {,7385,
com/fasterxml/jackson/core/json/ReaderBasedJsonParser.java,521,RelationalOperatorReplacement,if (_inputPtr >= _inputEnd) {,if (_inputPtr > _inputEnd) {,7393,
com/fasterxml/jackson/core/json/ReaderBasedJsonParser.java,525,RelationalOperatorReplacement,} while (ch <= INT_SPACE);,} while (ch < INT_SPACE);,7394,
com/fasterxml/jackson/core/json/ReaderBasedJsonParser.java,527,RelationalOperatorReplacement,"if (bits < 0) { // reached the end, fair and square?","if (bits <= 0) { // reached the end, fair and square?",7395,
com/fasterxml/jackson/core/json/ReaderBasedJsonParser.java,532,RelationalOperatorReplacement,if (bits < 0) { // white space to skip,if (bits <= 0) { // white space to skip,7397,
com/fasterxml/jackson/core/json/ReaderBasedJsonParser.java,538,RelationalOperatorReplacement,if (outputPtr > outputEnd) {,if (outputPtr >= outputEnd) {,7398,
com/fasterxml/jackson/core/json/ReaderBasedJsonParser.java,548,RelationalOperatorReplacement,if (_inputPtr >= _inputEnd) {,if (_inputPtr > _inputEnd) {,7399,
com/fasterxml/jackson/core/json/ReaderBasedJsonParser.java,553,RelationalOperatorReplacement,if (bits < 0) {,if (bits <= 0) {,7400,
com/fasterxml/jackson/core/json/ReaderBasedJsonParser.java,559,RelationalOperatorReplacement,if (_inputPtr >= _inputEnd) {,if (_inputPtr > _inputEnd) {,7401,
com/fasterxml/jackson/core/json/ReaderBasedJsonParser.java,566,RelationalOperatorReplacement,if (bits < 0) {,if (bits <= 0) {,7402,
com/fasterxml/jackson/core/json/ReaderBasedJsonParser.java,582,RelationalOperatorReplacement,if (_inputPtr >= _inputEnd) {,if (_inputPtr > _inputEnd) {,7406,
com/fasterxml/jackson/core/json/ReaderBasedJsonParser.java,600,RelationalOperatorReplacement,if (_inputPtr >= _inputEnd) {,if (_inputPtr > _inputEnd) {,7408,
com/fasterxml/jackson/core/json/ReaderBasedJsonParser.java,605,RelationalOperatorReplacement,if (bits < 0) {,if (bits <= 0) {,7409,
com/fasterxml/jackson/core/json/ReaderBasedJsonParser.java,640,RelationalOperatorReplacement,if (outputPtr > 0) {,if (outputPtr >= 0) {,7413,
com/fasterxml/jackson/core/json/ReaderBasedJsonParser.java,674,RelationalOperatorReplacement,if (i < 0) { // end-of-input,if (i <= 0) { // end-of-input,7415,
com/fasterxml/jackson/core/json/ReaderBasedJsonParser.java,837,RelationalOperatorReplacement,if (i < 0) {,if (i <= 0) {,7423,
com/fasterxml/jackson/core/json/ReaderBasedJsonParser.java,875,RelationalOperatorReplacement,if ((_inputPtr + len + 4) < _inputEnd) { // maybe...,if ((_inputPtr + len + 4) <= _inputEnd) { // maybe...,7428,
com/fasterxml/jackson/core/json/ReaderBasedJsonParser.java,913,RelationalOperatorReplacement,if (i < 0) {,if (i <= 0) {,7433,
com/fasterxml/jackson/core/json/ReaderBasedJsonParser.java,1377,RelationalOperatorReplacement,if (ptr >= inputLen) {,if (ptr > inputLen) {,7467,
com/fasterxml/jackson/core/json/ReaderBasedJsonParser.java,1382,RelationalOperatorReplacement,if (ch < INT_0 || ch > INT_9) {,if (ch <= INT_0 || ch > INT_9) {,7468,
com/fasterxml/jackson/core/json/ReaderBasedJsonParser.java,1382,RelationalOperatorReplacement,if (ch < INT_0 || ch > INT_9) {,if (ch < INT_0 || ch >= INT_9) {,7469,
com/fasterxml/jackson/core/json/ReaderBasedJsonParser.java,1413,RelationalOperatorReplacement,if (ptr >= inputLen) {,if (ptr > inputLen) {,7473,
com/fasterxml/jackson/core/json/ReaderBasedJsonParser.java,1417,RelationalOperatorReplacement,if (ch < INT_0 || ch > INT_9) {,if (ch <= INT_0 || ch > INT_9) {,7474,
com/fasterxml/jackson/core/json/ReaderBasedJsonParser.java,1417,RelationalOperatorReplacement,if (ch < INT_0 || ch > INT_9) {,if (ch < INT_0 || ch >= INT_9) {,7475,
com/fasterxml/jackson/core/json/ReaderBasedJsonParser.java,1431,RelationalOperatorReplacement,if (ptr >= inputLen) {,if (ptr > inputLen) {,7478,
com/fasterxml/jackson/core/json/ReaderBasedJsonParser.java,1438,RelationalOperatorReplacement,if (ptr >= inputLen) {,if (ptr > inputLen) {,7481,
com/fasterxml/jackson/core/json/ReaderBasedJsonParser.java,1444,RelationalOperatorReplacement,while (ch <= INT_9 && ch >= INT_0) {,while (ch < INT_9 && ch >= INT_0) {,7482,
com/fasterxml/jackson/core/json/ReaderBasedJsonParser.java,1444,RelationalOperatorReplacement,while (ch <= INT_9 && ch >= INT_0) {,while (ch <= INT_9 && ch > INT_0) {,7483,
com/fasterxml/jackson/core/json/ReaderBasedJsonParser.java,1446,RelationalOperatorReplacement,if (ptr >= inputLen) {,if (ptr > inputLen) {,7484,
com/fasterxml/jackson/core/json/ReaderBasedJsonParser.java,1477,RelationalOperatorReplacement,if (ptr >= inputEnd) {,if (ptr > inputEnd) {,7486,
com/fasterxml/jackson/core/json/ReaderBasedJsonParser.java,1482,RelationalOperatorReplacement,if (ch > INT_9 || ch < INT_0) {,if (ch >= INT_9 || ch < INT_0) {,7487,
com/fasterxml/jackson/core/json/ReaderBasedJsonParser.java,1482,RelationalOperatorReplacement,if (ch > INT_9 || ch < INT_0) {,if (ch > INT_9 || ch <= INT_0) {,7488,
com/fasterxml/jackson/core/json/ReaderBasedJsonParser.java,1498,RelationalOperatorReplacement,if (ptr >= inputEnd) {,if (ptr > inputEnd) {,7491,
com/fasterxml/jackson/core/json/ReaderBasedJsonParser.java,1502,RelationalOperatorReplacement,if (ch < INT_0 || ch > INT_9) {,if (ch <= INT_0 || ch > INT_9) {,7492,
com/fasterxml/jackson/core/json/ReaderBasedJsonParser.java,1502,RelationalOperatorReplacement,if (ch < INT_0 || ch > INT_9) {,if (ch < INT_0 || ch >= INT_9) {,7493,
com/fasterxml/jackson/core/json/ReaderBasedJsonParser.java,1551,RelationalOperatorReplacement,char c = (_inputPtr < _inputEnd) ? _inputBuffer[_inputPtr++],char c = (_inputPtr <= _inputEnd) ? _inputBuffer[_inputPtr++],7496,
com/fasterxml/jackson/core/json/ReaderBasedJsonParser.java,1560,RelationalOperatorReplacement,while (c >= '0' && c <= '9') {,while (c > '0' && c <= '9') {,7498,
com/fasterxml/jackson/core/json/ReaderBasedJsonParser.java,1560,RelationalOperatorReplacement,while (c >= '0' && c <= '9') {,while (c >= '0' && c < '9') {,7499,
com/fasterxml/jackson/core/json/ReaderBasedJsonParser.java,1562,RelationalOperatorReplacement,if (outPtr >= outBuf.length) {,if (outPtr > outBuf.length) {,7500,
com/fasterxml/jackson/core/json/ReaderBasedJsonParser.java,1567,RelationalOperatorReplacement,if (_inputPtr >= _inputEnd && !_loadMore()) {,if (_inputPtr > _inputEnd && !_loadMore()) {,7501,
com/fasterxml/jackson/core/json/ReaderBasedJsonParser.java,1587,RelationalOperatorReplacement,if (outPtr >= outBuf.length) {,if (outPtr > outBuf.length) {,7505,
com/fasterxml/jackson/core/json/ReaderBasedJsonParser.java,1595,RelationalOperatorReplacement,if (_inputPtr >= _inputEnd && !_loadMore()) {,if (_inputPtr > _inputEnd && !_loadMore()) {,7506,
com/fasterxml/jackson/core/json/ReaderBasedJsonParser.java,1600,RelationalOperatorReplacement,if (c < INT_0 || c > INT_9) {,if (c <= INT_0 || c > INT_9) {,7507,
com/fasterxml/jackson/core/json/ReaderBasedJsonParser.java,1600,RelationalOperatorReplacement,if (c < INT_0 || c > INT_9) {,if (c < INT_0 || c >= INT_9) {,7508,
com/fasterxml/jackson/core/json/ReaderBasedJsonParser.java,1604,RelationalOperatorReplacement,if (outPtr >= outBuf.length) {,if (outPtr > outBuf.length) {,7509,
com/fasterxml/jackson/core/json/ReaderBasedJsonParser.java,1621,RelationalOperatorReplacement,if (outPtr >= outBuf.length) {,if (outPtr > outBuf.length) {,7512,
com/fasterxml/jackson/core/json/ReaderBasedJsonParser.java,1627,RelationalOperatorReplacement,c = (_inputPtr < _inputEnd) ? _inputBuffer[_inputPtr++],c = (_inputPtr <= _inputEnd) ? _inputBuffer[_inputPtr++],7513,
com/fasterxml/jackson/core/json/ReaderBasedJsonParser.java,1631,RelationalOperatorReplacement,if (outPtr >= outBuf.length) {,if (outPtr > outBuf.length) {,7516,
com/fasterxml/jackson/core/json/ReaderBasedJsonParser.java,1637,RelationalOperatorReplacement,c = (_inputPtr < _inputEnd) ? _inputBuffer[_inputPtr++],c = (_inputPtr <= _inputEnd) ? _inputBuffer[_inputPtr++],7517,
com/fasterxml/jackson/core/json/ReaderBasedJsonParser.java,1642,RelationalOperatorReplacement,while (c <= INT_9 && c >= INT_0) {,while (c < INT_9 && c >= INT_0) {,7518,
com/fasterxml/jackson/core/json/ReaderBasedJsonParser.java,1642,RelationalOperatorReplacement,while (c <= INT_9 && c >= INT_0) {,while (c <= INT_9 && c > INT_0) {,7519,
com/fasterxml/jackson/core/json/ReaderBasedJsonParser.java,1644,RelationalOperatorReplacement,if (outPtr >= outBuf.length) {,if (outPtr > outBuf.length) {,7520,
com/fasterxml/jackson/core/json/ReaderBasedJsonParser.java,1649,RelationalOperatorReplacement,if (_inputPtr >= _inputEnd && !_loadMore()) {,if (_inputPtr > _inputEnd && !_loadMore()) {,7521,
com/fasterxml/jackson/core/json/ReaderBasedJsonParser.java,1673,RelationalOperatorReplacement,if (fractLen < 0 && expLen < 0) { // integer,if (fractLen <= 0 && expLen < 0) { // integer,7523,
com/fasterxml/jackson/core/json/ReaderBasedJsonParser.java,1673,RelationalOperatorReplacement,if (fractLen < 0 && expLen < 0) { // integer,if (fractLen < 0 && expLen <= 0) { // integer,7524,
com/fasterxml/jackson/core/json/ReaderBasedJsonParser.java,1684,RelationalOperatorReplacement,if (_inputPtr < _inputEnd) {,if (_inputPtr <= _inputEnd) {,7525,
com/fasterxml/jackson/core/json/ReaderBasedJsonParser.java,1687,RelationalOperatorReplacement,if (ch < '0' || ch > '9') {,if (ch <= '0' || ch > '9') {,7526,
com/fasterxml/jackson/core/json/ReaderBasedJsonParser.java,1687,RelationalOperatorReplacement,if (ch < '0' || ch > '9') {,if (ch < '0' || ch >= '9') {,7527,
com/fasterxml/jackson/core/json/ReaderBasedJsonParser.java,1697,RelationalOperatorReplacement,if (_inputPtr >= _inputEnd && !_loadMore()) {,if (_inputPtr > _inputEnd && !_loadMore()) {,7528,
com/fasterxml/jackson/core/json/ReaderBasedJsonParser.java,1701,RelationalOperatorReplacement,if (ch < '0' || ch > '9') {,if (ch <= '0' || ch > '9') {,7529,
com/fasterxml/jackson/core/json/ReaderBasedJsonParser.java,1701,RelationalOperatorReplacement,if (ch < '0' || ch > '9') {,if (ch < '0' || ch >= '9') {,7530,
com/fasterxml/jackson/core/json/ReaderBasedJsonParser.java,1710,RelationalOperatorReplacement,while (_inputPtr < _inputEnd || _loadMore()) {,while (_inputPtr <= _inputEnd || _loadMore()) {,7533,
com/fasterxml/jackson/core/json/ReaderBasedJsonParser.java,1712,RelationalOperatorReplacement,if (ch < '0' || ch > '9') { // followed by non-number; retain one zero,if (ch <= '0' || ch > '9') { // followed by non-number; retain one zero,7534,
com/fasterxml/jackson/core/json/ReaderBasedJsonParser.java,1712,RelationalOperatorReplacement,if (ch < '0' || ch > '9') { // followed by non-number; retain one zero,if (ch < '0' || ch >= '9') { // followed by non-number; retain one zero,7535,
com/fasterxml/jackson/core/json/ReaderBasedJsonParser.java,1734,RelationalOperatorReplacement,if (_inputPtr >= _inputEnd) {,if (_inputPtr > _inputEnd) {,7538,
com/fasterxml/jackson/core/json/ReaderBasedJsonParser.java,1817,RelationalOperatorReplacement,while (ptr < _inputEnd) {,while (ptr <= _inputEnd) {,7543,
com/fasterxml/jackson/core/json/ReaderBasedJsonParser.java,1819,RelationalOperatorReplacement,if (ch < codes.length && codes[ch] != 0) {,if (ch <= codes.length && codes[ch] != 0) {,7544,
com/fasterxml/jackson/core/json/ReaderBasedJsonParser.java,1846,RelationalOperatorReplacement,if (_inputPtr >= _inputEnd) {,if (_inputPtr > _inputEnd) {,7547,
com/fasterxml/jackson/core/json/ReaderBasedJsonParser.java,1853,RelationalOperatorReplacement,if (i <= INT_BACKSLASH) {,if (i < INT_BACKSLASH) {,7548,
com/fasterxml/jackson/core/json/ReaderBasedJsonParser.java,1860,RelationalOperatorReplacement,} else if (i <= endChar) {,} else if (i < endChar) {,7550,
com/fasterxml/jackson/core/json/ReaderBasedJsonParser.java,1864,RelationalOperatorReplacement,if (i < INT_SPACE) {,if (i <= INT_SPACE) {,7552,
com/fasterxml/jackson/core/json/ReaderBasedJsonParser.java,1874,RelationalOperatorReplacement,if (outPtr >= outBuf.length) {,if (outPtr > outBuf.length) {,7553,
com/fasterxml/jackson/core/json/ReaderBasedJsonParser.java,1917,RelationalOperatorReplacement,"if (i < maxCode) { // identifier, or a number ([Issue#102])","if (i <= maxCode) { // identifier, or a number ([Issue#102])",7557,
com/fasterxml/jackson/core/json/ReaderBasedJsonParser.java,1929,RelationalOperatorReplacement,if (ptr < inputLen) {,if (ptr <= inputLen) {,7559,
com/fasterxml/jackson/core/json/ReaderBasedJsonParser.java,1932,RelationalOperatorReplacement,if (ch < maxCode) {,if (ch <= maxCode) {,7560,
com/fasterxml/jackson/core/json/ReaderBasedJsonParser.java,1945,RelationalOperatorReplacement,} while (ptr < inputLen);,} while (ptr <= inputLen);,7562,
com/fasterxml/jackson/core/json/ReaderBasedJsonParser.java,1959,RelationalOperatorReplacement,if (ptr < inputLen) {,if (ptr <= inputLen) {,7563,
com/fasterxml/jackson/core/json/ReaderBasedJsonParser.java,1970,RelationalOperatorReplacement,if (ch < maxCode && codes[ch] != 0) {,if (ch <= maxCode && codes[ch] != 0) {,7565,
com/fasterxml/jackson/core/json/ReaderBasedJsonParser.java,1975,RelationalOperatorReplacement,} while (ptr < inputLen);,} while (ptr <= inputLen);,7567,
com/fasterxml/jackson/core/json/ReaderBasedJsonParser.java,2042,RelationalOperatorReplacement,if (_inputPtr >= _inputEnd) {,if (_inputPtr > _inputEnd) {,7572,
com/fasterxml/jackson/core/json/ReaderBasedJsonParser.java,2064,RelationalOperatorReplacement,if (_inputPtr >= _inputEnd) {,if (_inputPtr > _inputEnd) {,7573,
com/fasterxml/jackson/core/json/ReaderBasedJsonParser.java,2072,RelationalOperatorReplacement,if (i <= '\\') {,if (i < '\\') {,7574,
com/fasterxml/jackson/core/json/ReaderBasedJsonParser.java,2078,RelationalOperatorReplacement,} else if (i <= '\'') {,} else if (i < '\'') {,7576,
com/fasterxml/jackson/core/json/ReaderBasedJsonParser.java,2082,RelationalOperatorReplacement,if (i < INT_SPACE) {,if (i <= INT_SPACE) {,7578,
com/fasterxml/jackson/core/json/ReaderBasedJsonParser.java,2088,RelationalOperatorReplacement,if (outPtr >= outBuf.length) {,if (outPtr > outBuf.length) {,7579,
com/fasterxml/jackson/core/json/ReaderBasedJsonParser.java,2107,RelationalOperatorReplacement,if (_inputPtr >= _inputEnd) {,if (_inputPtr > _inputEnd) {,7580,
com/fasterxml/jackson/core/json/ReaderBasedJsonParser.java,2114,RelationalOperatorReplacement,if (i < maxCode) {,if (i <= maxCode) {,7581,
com/fasterxml/jackson/core/json/ReaderBasedJsonParser.java,2127,RelationalOperatorReplacement,if (outPtr >= outBuf.length) {,if (outPtr > outBuf.length) {,7583,
com/fasterxml/jackson/core/json/ReaderBasedJsonParser.java,2151,RelationalOperatorReplacement,if (ptr < inputLen) {,if (ptr <= inputLen) {,7584,
com/fasterxml/jackson/core/json/ReaderBasedJsonParser.java,2157,RelationalOperatorReplacement,if (ch < maxCode && codes[ch] != 0) {,if (ch <= maxCode && codes[ch] != 0) {,7585,
com/fasterxml/jackson/core/json/ReaderBasedJsonParser.java,2167,RelationalOperatorReplacement,} while (ptr < inputLen);,} while (ptr <= inputLen);,7588,
com/fasterxml/jackson/core/json/ReaderBasedJsonParser.java,2184,RelationalOperatorReplacement,if (_inputPtr >= _inputEnd) {,if (_inputPtr > _inputEnd) {,7589,
com/fasterxml/jackson/core/json/ReaderBasedJsonParser.java,2192,RelationalOperatorReplacement,if (i < maxCode && codes[i] != 0) {,if (i <= maxCode && codes[i] != 0) {,7590,
com/fasterxml/jackson/core/json/ReaderBasedJsonParser.java,2201,RelationalOperatorReplacement,} else if (i < INT_SPACE) {,} else if (i <= INT_SPACE) {,7594,
com/fasterxml/jackson/core/json/ReaderBasedJsonParser.java,2206,RelationalOperatorReplacement,if (outPtr >= outBuf.length) {,if (outPtr > outBuf.length) {,7595,
com/fasterxml/jackson/core/json/ReaderBasedJsonParser.java,2233,RelationalOperatorReplacement,if (inPtr >= inLen) {,if (inPtr > inLen) {,7596,
com/fasterxml/jackson/core/json/ReaderBasedJsonParser.java,2244,RelationalOperatorReplacement,if (i <= INT_BACKSLASH) {,if (i < INT_BACKSLASH) {,7597,
com/fasterxml/jackson/core/json/ReaderBasedJsonParser.java,2252,RelationalOperatorReplacement,} else if (i <= INT_QUOTE) {,} else if (i < INT_QUOTE) {,7599,
com/fasterxml/jackson/core/json/ReaderBasedJsonParser.java,2257,RelationalOperatorReplacement,if (i < INT_SPACE) {,if (i <= INT_SPACE) {,7601,
com/fasterxml/jackson/core/json/ReaderBasedJsonParser.java,2275,RelationalOperatorReplacement,if (_inputPtr < _inputEnd || _loadMore()) {,if (_inputPtr <= _inputEnd || _loadMore()) {,7602,
com/fasterxml/jackson/core/json/ReaderBasedJsonParser.java,2286,RelationalOperatorReplacement,if ((_inputPtr + 4) >= _inputEnd) {,if ((_inputPtr + 4) > _inputEnd) {,7604,
com/fasterxml/jackson/core/json/ReaderBasedJsonParser.java,2292,RelationalOperatorReplacement,if (i > INT_SPACE) { // nor trailing,if (i >= INT_SPACE) { // nor trailing,7606,
com/fasterxml/jackson/core/json/ReaderBasedJsonParser.java,2301,RelationalOperatorReplacement,if (i > INT_SPACE) {,if (i >= INT_SPACE) {,7611,
com/fasterxml/jackson/core/json/ReaderBasedJsonParser.java,2316,RelationalOperatorReplacement,if (i > INT_SPACE) {,if (i >= INT_SPACE) {,7617,
com/fasterxml/jackson/core/json/ReaderBasedJsonParser.java,2325,RelationalOperatorReplacement,if (i > INT_SPACE) {,if (i >= INT_SPACE) {,7622,
com/fasterxml/jackson/core/json/ReaderBasedJsonParser.java,2340,RelationalOperatorReplacement,while (_inputPtr < _inputEnd || _loadMore()) {,while (_inputPtr <= _inputEnd || _loadMore()) {,7625,
com/fasterxml/jackson/core/json/ReaderBasedJsonParser.java,2342,RelationalOperatorReplacement,if (i > INT_SPACE) {,if (i >= INT_SPACE) {,7626,
com/fasterxml/jackson/core/json/ReaderBasedJsonParser.java,2361,RelationalOperatorReplacement,if (i < INT_SPACE) {,if (i <= INT_SPACE) {,7630,
com/fasterxml/jackson/core/json/ReaderBasedJsonParser.java,2383,RelationalOperatorReplacement,if (i > INT_SPACE) { // nor trailing,if (i >= INT_SPACE) { // nor trailing,7635,
com/fasterxml/jackson/core/json/ReaderBasedJsonParser.java,2390,RelationalOperatorReplacement,if (i > INT_SPACE) {,if (i >= INT_SPACE) {,7640,
com/fasterxml/jackson/core/json/ReaderBasedJsonParser.java,2406,RelationalOperatorReplacement,if (i > INT_SPACE) {,if (i >= INT_SPACE) {,7646,
com/fasterxml/jackson/core/json/ReaderBasedJsonParser.java,2413,RelationalOperatorReplacement,if (i > INT_SPACE) {,if (i >= INT_SPACE) {,7651,
com/fasterxml/jackson/core/json/ReaderBasedJsonParser.java,2431,RelationalOperatorReplacement,while (_inputPtr < _inputEnd) {,while (_inputPtr <= _inputEnd) {,7655,
com/fasterxml/jackson/core/json/ReaderBasedJsonParser.java,2433,RelationalOperatorReplacement,if (i > INT_SPACE) {,if (i >= INT_SPACE) {,7656,
com/fasterxml/jackson/core/json/ReaderBasedJsonParser.java,2440,RelationalOperatorReplacement,if (i < INT_SPACE) {,if (i <= INT_SPACE) {,7659,
com/fasterxml/jackson/core/json/ReaderBasedJsonParser.java,2456,RelationalOperatorReplacement,while (_inputPtr < _inputEnd || _loadMore()) {,while (_inputPtr <= _inputEnd || _loadMore()) {,7663,
com/fasterxml/jackson/core/json/ReaderBasedJsonParser.java,2458,RelationalOperatorReplacement,if (i > INT_SPACE) {,if (i >= INT_SPACE) {,7664,
com/fasterxml/jackson/core/json/ReaderBasedJsonParser.java,2470,RelationalOperatorReplacement,if (i < INT_SPACE) {,if (i <= INT_SPACE) {,7667,
com/fasterxml/jackson/core/json/ReaderBasedJsonParser.java,2488,RelationalOperatorReplacement,if (_inputPtr >= _inputEnd) {,if (_inputPtr > _inputEnd) {,7671,
com/fasterxml/jackson/core/json/ReaderBasedJsonParser.java,2494,RelationalOperatorReplacement,if (i > INT_SPACE) {,if (i >= INT_SPACE) {,7672,
com/fasterxml/jackson/core/json/ReaderBasedJsonParser.java,2512,RelationalOperatorReplacement,while (_inputPtr < _inputEnd) {,while (_inputPtr <= _inputEnd) {,7679,
com/fasterxml/jackson/core/json/ReaderBasedJsonParser.java,2514,RelationalOperatorReplacement,if (i > INT_SPACE) {,if (i >= INT_SPACE) {,7680,
com/fasterxml/jackson/core/json/ReaderBasedJsonParser.java,2538,RelationalOperatorReplacement,if (_inputPtr >= _inputEnd) {,if (_inputPtr > _inputEnd) {,7687,
com/fasterxml/jackson/core/json/ReaderBasedJsonParser.java,2544,RelationalOperatorReplacement,if (i > INT_SPACE) {,if (i >= INT_SPACE) {,7688,
com/fasterxml/jackson/core/json/ReaderBasedJsonParser.java,2574,RelationalOperatorReplacement,if (_inputPtr >= _inputEnd && !_loadMore()) {,if (_inputPtr > _inputEnd && !_loadMore()) {,7696,
com/fasterxml/jackson/core/json/ReaderBasedJsonParser.java,2590,RelationalOperatorReplacement,while ((_inputPtr < _inputEnd) || _loadMore()) {,while ((_inputPtr <= _inputEnd) || _loadMore()) {,7699,
com/fasterxml/jackson/core/json/ReaderBasedJsonParser.java,2592,RelationalOperatorReplacement,if (i <= '*') {,if (i < '*') {,7700,
com/fasterxml/jackson/core/json/ReaderBasedJsonParser.java,2594,RelationalOperatorReplacement,if ((_inputPtr >= _inputEnd) && !_loadMore()) {,if ((_inputPtr > _inputEnd) && !_loadMore()) {,7702,
com/fasterxml/jackson/core/json/ReaderBasedJsonParser.java,2603,RelationalOperatorReplacement,if (i < INT_SPACE) {,if (i <= INT_SPACE) {,7704,
com/fasterxml/jackson/core/json/ReaderBasedJsonParser.java,2630,RelationalOperatorReplacement,while ((_inputPtr < _inputEnd) || _loadMore()) {,while ((_inputPtr <= _inputEnd) || _loadMore()) {,7709,
com/fasterxml/jackson/core/json/ReaderBasedJsonParser.java,2632,RelationalOperatorReplacement,if (i < INT_SPACE) {,if (i <= INT_SPACE) {,7710,
com/fasterxml/jackson/core/json/ReaderBasedJsonParser.java,2650,RelationalOperatorReplacement,if (_inputPtr >= _inputEnd) {,if (_inputPtr > _inputEnd) {,7714,
com/fasterxml/jackson/core/json/ReaderBasedJsonParser.java,2685,RelationalOperatorReplacement,for (int i = 0; i < 4; ++i) {,for (int i = 0; i <= 4; ++i) {,7715,
com/fasterxml/jackson/core/json/ReaderBasedJsonParser.java,2686,RelationalOperatorReplacement,if (_inputPtr >= _inputEnd) {,if (_inputPtr > _inputEnd) {,7716,
com/fasterxml/jackson/core/json/ReaderBasedJsonParser.java,2693,RelationalOperatorReplacement,if (digit < 0) {,if (digit <= 0) {,7717,
com/fasterxml/jackson/core/json/ReaderBasedJsonParser.java,2703,RelationalOperatorReplacement,if ((ptr + 3) < _inputEnd) {,if ((ptr + 3) <= _inputEnd) {,7718,
com/fasterxml/jackson/core/json/ReaderBasedJsonParser.java,2707,RelationalOperatorReplacement,if (c < '0' || c == ']' || c == '}') { // expected/allowed chars,if (c <= '0' || c == ']' || c == '}') { // expected/allowed chars,7722,
com/fasterxml/jackson/core/json/ReaderBasedJsonParser.java,2719,RelationalOperatorReplacement,if ((ptr + 4) < _inputEnd) {,if ((ptr + 4) <= _inputEnd) {,7725,
com/fasterxml/jackson/core/json/ReaderBasedJsonParser.java,2723,RelationalOperatorReplacement,if (c < '0' || c == ']' || c == '}') { // expected/allowed chars,if (c <= '0' || c == ']' || c == '}') { // expected/allowed chars,7730,
com/fasterxml/jackson/core/json/ReaderBasedJsonParser.java,2735,RelationalOperatorReplacement,if ((ptr + 3) < _inputEnd) {,if ((ptr + 3) <= _inputEnd) {,7733,
com/fasterxml/jackson/core/json/ReaderBasedJsonParser.java,2739,RelationalOperatorReplacement,if (c < '0' || c == ']' || c == '}') { // expected/allowed chars,if (c <= '0' || c == ']' || c == '}') { // expected/allowed chars,7737,
com/fasterxml/jackson/core/json/ReaderBasedJsonParser.java,2753,RelationalOperatorReplacement,if ((_inputPtr + len) >= _inputEnd) {,if ((_inputPtr + len) > _inputEnd) {,7740,
com/fasterxml/jackson/core/json/ReaderBasedJsonParser.java,2763,RelationalOperatorReplacement,} while (++i < len);,} while (++i <= len);,7742,
com/fasterxml/jackson/core/json/ReaderBasedJsonParser.java,2765,RelationalOperatorReplacement,if (ch >= '0' && ch != ']' && ch != '}') { // expected/allowed chars,if (ch > '0' && ch != ']' && ch != '}') { // expected/allowed chars,7743,
com/fasterxml/jackson/core/json/ReaderBasedJsonParser.java,2774,RelationalOperatorReplacement,if (((_inputPtr >= _inputEnd) && !_loadMore()),if (((_inputPtr > _inputEnd) && !_loadMore()),7746,
com/fasterxml/jackson/core/json/ReaderBasedJsonParser.java,2779,RelationalOperatorReplacement,} while (++i < len);,} while (++i <= len);,7748,
com/fasterxml/jackson/core/json/ReaderBasedJsonParser.java,2782,RelationalOperatorReplacement,if (_inputPtr >= _inputEnd && !_loadMore()) {,if (_inputPtr > _inputEnd && !_loadMore()) {,7749,
com/fasterxml/jackson/core/json/ReaderBasedJsonParser.java,2786,RelationalOperatorReplacement,if (ch >= '0' && ch != ']' && ch != '}') { // expected/allowed chars,if (ch > '0' && ch != ']' && ch != '}') { // expected/allowed chars,7750,
com/fasterxml/jackson/core/json/ReaderBasedJsonParser.java,2826,RelationalOperatorReplacement,if (_inputPtr >= _inputEnd) {,if (_inputPtr > _inputEnd) {,7753,
com/fasterxml/jackson/core/json/ReaderBasedJsonParser.java,2830,RelationalOperatorReplacement,} while (ch <= INT_SPACE);,} while (ch < INT_SPACE);,7754,
com/fasterxml/jackson/core/json/ReaderBasedJsonParser.java,2832,RelationalOperatorReplacement,if (bits < 0) {,if (bits <= 0) {,7755,
com/fasterxml/jackson/core/json/ReaderBasedJsonParser.java,2837,RelationalOperatorReplacement,if (bits < 0) { // white space to skip,if (bits <= 0) { // white space to skip,7757,
com/fasterxml/jackson/core/json/ReaderBasedJsonParser.java,2845,RelationalOperatorReplacement,if (_inputPtr >= _inputEnd) {,if (_inputPtr > _inputEnd) {,7758,
com/fasterxml/jackson/core/json/ReaderBasedJsonParser.java,2850,RelationalOperatorReplacement,if (bits < 0) {,if (bits <= 0) {,7759,
com/fasterxml/jackson/core/json/ReaderBasedJsonParser.java,2856,RelationalOperatorReplacement,if (_inputPtr >= _inputEnd) {,if (_inputPtr > _inputEnd) {,7760,
com/fasterxml/jackson/core/json/ReaderBasedJsonParser.java,2863,RelationalOperatorReplacement,if (bits < 0) {,if (bits <= 0) {,7761,
com/fasterxml/jackson/core/json/ReaderBasedJsonParser.java,2879,RelationalOperatorReplacement,if (_inputPtr >= _inputEnd) {,if (_inputPtr > _inputEnd) {,7765,
com/fasterxml/jackson/core/json/ReaderBasedJsonParser.java,2898,RelationalOperatorReplacement,if (_inputPtr >= _inputEnd) {,if (_inputPtr > _inputEnd) {,7767,
com/fasterxml/jackson/core/json/ReaderBasedJsonParser.java,2903,RelationalOperatorReplacement,if (bits < 0) {,if (bits <= 0) {,7768,
com/fasterxml/jackson/core/json/ReaderBasedJsonParser.java,3005,RelationalOperatorReplacement,while ((_inputPtr < _inputEnd) || _loadMore()) {,while ((_inputPtr <= _inputEnd) || _loadMore()) {,7773,
com/fasterxml/jackson/core/json/ReaderBasedJsonParser.java,3012,RelationalOperatorReplacement,if (sb.length() >= _ioContext.errorReportConfiguration().getMaxErrorTokenLength()) {,if (sb.length() > _ioContext.errorReportConfiguration().getMaxErrorTokenLength()) {,7774,
com/fasterxml/jackson/core/json/UTF8DataInputJsonParser.java,297,NullifyReturnValue,return _nameCopyBuffer;,return null;,8261,
com/fasterxml/jackson/core/json/UTF8DataInputJsonParser.java,307,NullifyReturnValue,return _textBuffer.getTextBuffer();,return null;,8262,
com/fasterxml/jackson/core/json/UTF8DataInputJsonParser.java,310,NullifyReturnValue,return _currToken.asCharArray();,return null;,8263,
com/fasterxml/jackson/core/json/UTF8DataInputJsonParser.java,313,NullifyReturnValue,return null;,return null;,8264,
com/fasterxml/jackson/core/json/UTF8DataInputJsonParser.java,389,NullifyReturnValue,return _binaryValue;,return null;,8265,
com/fasterxml/jackson/core/json/UTF8DataInputJsonParser.java,2836,NullifyReturnValue,return builder.toByteArray();,return null;,8386,
com/fasterxml/jackson/core/json/UTF8DataInputJsonParser.java,2866,NullifyReturnValue,return builder.toByteArray();,return null;,8387,
com/fasterxml/jackson/core/json/UTF8DataInputJsonParser.java,2898,NullifyReturnValue,return builder.toByteArray();,return null;,8388,
com/fasterxml/jackson/core/json/UTF8DataInputJsonParser.java,291,RelationalOperatorReplacement,} else if (_nameCopyBuffer.length < nameLen) {,} else if (_nameCopyBuffer.length <= nameLen) {,8413,
com/fasterxml/jackson/core/json/UTF8DataInputJsonParser.java,422,RelationalOperatorReplacement,} while (ch <= INT_SPACE);,} while (ch < INT_SPACE);,8423,
com/fasterxml/jackson/core/json/UTF8DataInputJsonParser.java,424,RelationalOperatorReplacement,"if (bits < 0) { // reached the end, fair and square?","if (bits <= 0) { // reached the end, fair and square?",8424,
com/fasterxml/jackson/core/json/UTF8DataInputJsonParser.java,429,RelationalOperatorReplacement,if (bits < 0) { // white space to skip,if (bits <= 0) { // white space to skip,8426,
com/fasterxml/jackson/core/json/UTF8DataInputJsonParser.java,435,RelationalOperatorReplacement,if (outputPtr > outputEnd) {,if (outputPtr >= outputEnd) {,8427,
com/fasterxml/jackson/core/json/UTF8DataInputJsonParser.java,446,RelationalOperatorReplacement,if (bits < 0) {,if (bits <= 0) {,8428,
com/fasterxml/jackson/core/json/UTF8DataInputJsonParser.java,456,RelationalOperatorReplacement,if (bits < 0) {,if (bits <= 0) {,8429,
com/fasterxml/jackson/core/json/UTF8DataInputJsonParser.java,489,RelationalOperatorReplacement,if (bits < 0) {,if (bits <= 0) {,8435,
com/fasterxml/jackson/core/json/UTF8DataInputJsonParser.java,523,RelationalOperatorReplacement,if (outputPtr > 0) {,if (outputPtr >= 0) {,8439,
com/fasterxml/jackson/core/json/UTF8DataInputJsonParser.java,560,RelationalOperatorReplacement,if (i < 0) { // end-of-input,if (i <= 0) { // end-of-input,8441,
com/fasterxml/jackson/core/json/UTF8DataInputJsonParser.java,1011,RelationalOperatorReplacement,if (c <= INT_9 && c >= INT_0) { // skip if followed by digit,if (c < INT_9 && c >= INT_0) { // skip if followed by digit,8479,
com/fasterxml/jackson/core/json/UTF8DataInputJsonParser.java,1011,RelationalOperatorReplacement,if (c <= INT_9 && c >= INT_0) { // skip if followed by digit,if (c <= INT_9 && c > INT_0) { // skip if followed by digit,8480,
com/fasterxml/jackson/core/json/UTF8DataInputJsonParser.java,1027,RelationalOperatorReplacement,while (c <= INT_9 && c >= INT_0) {,while (c < INT_9 && c >= INT_0) {,8483,
com/fasterxml/jackson/core/json/UTF8DataInputJsonParser.java,1027,RelationalOperatorReplacement,while (c <= INT_9 && c >= INT_0) {,while (c <= INT_9 && c > INT_0) {,8484,
com/fasterxml/jackson/core/json/UTF8DataInputJsonParser.java,1029,RelationalOperatorReplacement,if (outPtr >= outBuf.length) {,if (outPtr > outBuf.length) {,8485,
com/fasterxml/jackson/core/json/UTF8DataInputJsonParser.java,1071,RelationalOperatorReplacement,if (c <= INT_0) {,if (c < INT_0) {,8488,
com/fasterxml/jackson/core/json/UTF8DataInputJsonParser.java,1081,RelationalOperatorReplacement,if (c > INT_9) {,if (c >= INT_9) {,8491,
com/fasterxml/jackson/core/json/UTF8DataInputJsonParser.java,1090,RelationalOperatorReplacement,while (c <= INT_9 && c >= INT_0) {,while (c < INT_9 && c >= INT_0) {,8492,
com/fasterxml/jackson/core/json/UTF8DataInputJsonParser.java,1090,RelationalOperatorReplacement,while (c <= INT_9 && c >= INT_0) {,while (c <= INT_9 && c > INT_0) {,8493,
com/fasterxml/jackson/core/json/UTF8DataInputJsonParser.java,1092,RelationalOperatorReplacement,if (outPtr >= outBuf.length) {,if (outPtr > outBuf.length) {,8494,
com/fasterxml/jackson/core/json/UTF8DataInputJsonParser.java,1126,RelationalOperatorReplacement,if (ch < INT_0 || ch > INT_9) {,if (ch <= INT_0 || ch > INT_9) {,8497,
com/fasterxml/jackson/core/json/UTF8DataInputJsonParser.java,1126,RelationalOperatorReplacement,if (ch < INT_0 || ch > INT_9) {,if (ch < INT_0 || ch >= INT_9) {,8498,
com/fasterxml/jackson/core/json/UTF8DataInputJsonParser.java,1148,RelationalOperatorReplacement,if (outPtr >= outBuf.length) {,if (outPtr > outBuf.length) {,8502,
com/fasterxml/jackson/core/json/UTF8DataInputJsonParser.java,1157,RelationalOperatorReplacement,if (c < INT_0 || c > INT_9) {,if (c <= INT_0 || c > INT_9) {,8503,
com/fasterxml/jackson/core/json/UTF8DataInputJsonParser.java,1157,RelationalOperatorReplacement,if (c < INT_0 || c > INT_9) {,if (c < INT_0 || c >= INT_9) {,8504,
com/fasterxml/jackson/core/json/UTF8DataInputJsonParser.java,1161,RelationalOperatorReplacement,if (outPtr >= outBuf.length) {,if (outPtr > outBuf.length) {,8505,
com/fasterxml/jackson/core/json/UTF8DataInputJsonParser.java,1177,RelationalOperatorReplacement,if (outPtr >= outBuf.length) {,if (outPtr > outBuf.length) {,8508,
com/fasterxml/jackson/core/json/UTF8DataInputJsonParser.java,1185,RelationalOperatorReplacement,if (outPtr >= outBuf.length) {,if (outPtr > outBuf.length) {,8511,
com/fasterxml/jackson/core/json/UTF8DataInputJsonParser.java,1192,RelationalOperatorReplacement,while (c <= INT_9 && c >= INT_0) {,while (c < INT_9 && c >= INT_0) {,8512,
com/fasterxml/jackson/core/json/UTF8DataInputJsonParser.java,1192,RelationalOperatorReplacement,while (c <= INT_9 && c >= INT_0) {,while (c <= INT_9 && c > INT_0) {,8513,
com/fasterxml/jackson/core/json/UTF8DataInputJsonParser.java,1194,RelationalOperatorReplacement,if (outPtr >= outBuf.length) {,if (outPtr > outBuf.length) {,8514,
com/fasterxml/jackson/core/json/UTF8DataInputJsonParser.java,1230,RelationalOperatorReplacement,if (ch <= INT_SPACE) {,if (ch < INT_SPACE) {,8516,
com/fasterxml/jackson/core/json/UTF8DataInputJsonParser.java,1427,RelationalOperatorReplacement,if (qlen >= _quadBuffer.length) {,if (qlen > _quadBuffer.length) {,8554,
com/fasterxml/jackson/core/json/UTF8DataInputJsonParser.java,1483,RelationalOperatorReplacement,if (ch > 127) {,if (ch >= 127) {,8558,
com/fasterxml/jackson/core/json/UTF8DataInputJsonParser.java,1485,RelationalOperatorReplacement,if (currQuadBytes >= 4) {,if (currQuadBytes > 4) {,8559,
com/fasterxml/jackson/core/json/UTF8DataInputJsonParser.java,1486,RelationalOperatorReplacement,if (qlen >= quads.length) {,if (qlen > quads.length) {,8560,
com/fasterxml/jackson/core/json/UTF8DataInputJsonParser.java,1493,RelationalOperatorReplacement,if (ch < 0x800) { // 2-byte,if (ch <= 0x800) { // 2-byte,8561,
com/fasterxml/jackson/core/json/UTF8DataInputJsonParser.java,1501,RelationalOperatorReplacement,if (currQuadBytes >= 4) {,if (currQuadBytes > 4) {,8562,
com/fasterxml/jackson/core/json/UTF8DataInputJsonParser.java,1502,RelationalOperatorReplacement,if (qlen >= quads.length) {,if (qlen > quads.length) {,8563,
com/fasterxml/jackson/core/json/UTF8DataInputJsonParser.java,1517,RelationalOperatorReplacement,if (currQuadBytes < 4) {,if (currQuadBytes <= 4) {,8564,
com/fasterxml/jackson/core/json/UTF8DataInputJsonParser.java,1521,RelationalOperatorReplacement,if (qlen >= quads.length) {,if (qlen > quads.length) {,8565,
com/fasterxml/jackson/core/json/UTF8DataInputJsonParser.java,1531,RelationalOperatorReplacement,if (currQuadBytes > 0) {,if (currQuadBytes >= 0) {,8566,
com/fasterxml/jackson/core/json/UTF8DataInputJsonParser.java,1532,RelationalOperatorReplacement,if (qlen >= quads.length) {,if (qlen > quads.length) {,8567,
com/fasterxml/jackson/core/json/UTF8DataInputJsonParser.java,1587,RelationalOperatorReplacement,if (currQuadBytes < 4) {,if (currQuadBytes <= 4) {,8573,
com/fasterxml/jackson/core/json/UTF8DataInputJsonParser.java,1591,RelationalOperatorReplacement,if (qlen >= quads.length) {,if (qlen > quads.length) {,8574,
com/fasterxml/jackson/core/json/UTF8DataInputJsonParser.java,1605,RelationalOperatorReplacement,if (currQuadBytes > 0) {,if (currQuadBytes >= 0) {,8576,
com/fasterxml/jackson/core/json/UTF8DataInputJsonParser.java,1606,RelationalOperatorReplacement,if (qlen >= quads.length) {,if (qlen > quads.length) {,8577,
com/fasterxml/jackson/core/json/UTF8DataInputJsonParser.java,1657,RelationalOperatorReplacement,if (ch > 127) {,if (ch >= 127) {,8584,
com/fasterxml/jackson/core/json/UTF8DataInputJsonParser.java,1659,RelationalOperatorReplacement,if (currQuadBytes >= 4) {,if (currQuadBytes > 4) {,8585,
com/fasterxml/jackson/core/json/UTF8DataInputJsonParser.java,1660,RelationalOperatorReplacement,if (qlen >= quads.length) {,if (qlen > quads.length) {,8586,
com/fasterxml/jackson/core/json/UTF8DataInputJsonParser.java,1667,RelationalOperatorReplacement,if (ch < 0x800) { // 2-byte,if (ch <= 0x800) { // 2-byte,8587,
com/fasterxml/jackson/core/json/UTF8DataInputJsonParser.java,1675,RelationalOperatorReplacement,if (currQuadBytes >= 4) {,if (currQuadBytes > 4) {,8588,
com/fasterxml/jackson/core/json/UTF8DataInputJsonParser.java,1676,RelationalOperatorReplacement,if (qlen >= quads.length) {,if (qlen > quads.length) {,8589,
com/fasterxml/jackson/core/json/UTF8DataInputJsonParser.java,1691,RelationalOperatorReplacement,if (currQuadBytes < 4) {,if (currQuadBytes <= 4) {,8590,
com/fasterxml/jackson/core/json/UTF8DataInputJsonParser.java,1695,RelationalOperatorReplacement,if (qlen >= quads.length) {,if (qlen > quads.length) {,8591,
com/fasterxml/jackson/core/json/UTF8DataInputJsonParser.java,1705,RelationalOperatorReplacement,if (currQuadBytes > 0) {,if (currQuadBytes >= 0) {,8592,
com/fasterxml/jackson/core/json/UTF8DataInputJsonParser.java,1706,RelationalOperatorReplacement,if (qlen >= quads.length) {,if (qlen > quads.length) {,8593,
com/fasterxml/jackson/core/json/UTF8DataInputJsonParser.java,1771,RelationalOperatorReplacement,if (qlen >= quads.length) {,if (qlen > quads.length) {,8598,
com/fasterxml/jackson/core/json/UTF8DataInputJsonParser.java,1805,RelationalOperatorReplacement,if (lastQuadBytes < 4) {,if (lastQuadBytes <= 4) {,8600,
com/fasterxml/jackson/core/json/UTF8DataInputJsonParser.java,1817,RelationalOperatorReplacement,for (int ix = 0; ix < byteLen; ) {,for (int ix = 0; ix <= byteLen; ) {,8601,
com/fasterxml/jackson/core/json/UTF8DataInputJsonParser.java,1823,RelationalOperatorReplacement,if (ch > 127) { // multi-byte,if (ch >= 127) { // multi-byte,8602,
com/fasterxml/jackson/core/json/UTF8DataInputJsonParser.java,1838,RelationalOperatorReplacement,if ((ix + needed) > byteLen) {,if ((ix + needed) >= byteLen) {,8606,
com/fasterxml/jackson/core/json/UTF8DataInputJsonParser.java,1852,RelationalOperatorReplacement,if (needed > 1) {,if (needed >= 1) {,8608,
com/fasterxml/jackson/core/json/UTF8DataInputJsonParser.java,1862,RelationalOperatorReplacement,if (needed > 2) { // 4 bytes? (need surrogates on output),if (needed >= 2) { // 4 bytes? (need surrogates on output),8610,
com/fasterxml/jackson/core/json/UTF8DataInputJsonParser.java,1873,RelationalOperatorReplacement,"if (needed > 2) { // surrogate pair? once again, let's output one here, one later on","if (needed >= 2) { // surrogate pair? once again, let's output one here, one later on",8612,
com/fasterxml/jackson/core/json/UTF8DataInputJsonParser.java,1875,RelationalOperatorReplacement,if (cix >= cbuf.length) {,if (cix > cbuf.length) {,8613,
com/fasterxml/jackson/core/json/UTF8DataInputJsonParser.java,1882,RelationalOperatorReplacement,if (cix >= cbuf.length) {,if (cix > cbuf.length) {,8614,
com/fasterxml/jackson/core/json/UTF8DataInputJsonParser.java,1895,RelationalOperatorReplacement,if (lastQuadBytes < 4) {,if (lastQuadBytes <= 4) {,8615,
com/fasterxml/jackson/core/json/UTF8DataInputJsonParser.java,1926,RelationalOperatorReplacement,} while (outPtr < outEnd);,} while (outPtr <= outEnd);,8618,
com/fasterxml/jackson/core/json/UTF8DataInputJsonParser.java,1947,RelationalOperatorReplacement,} while (outPtr < outEnd);,} while (outPtr <= outEnd);,8621,
com/fasterxml/jackson/core/json/UTF8DataInputJsonParser.java,1963,RelationalOperatorReplacement,if (outPtr >= outEnd) {,if (outPtr > outEnd) {,8623,
com/fasterxml/jackson/core/json/UTF8DataInputJsonParser.java,1988,RelationalOperatorReplacement,if (outPtr >= outBuf.length) {,if (outPtr > outBuf.length) {,8625,
com/fasterxml/jackson/core/json/UTF8DataInputJsonParser.java,1998,RelationalOperatorReplacement,if (c < INT_SPACE) {,if (c <= INT_SPACE) {,8626,
com/fasterxml/jackson/core/json/UTF8DataInputJsonParser.java,2006,RelationalOperatorReplacement,if (outPtr >= outBuf.length) {,if (outPtr > outBuf.length) {,8627,
com/fasterxml/jackson/core/json/UTF8DataInputJsonParser.java,2062,RelationalOperatorReplacement,if (c < INT_SPACE) {,if (c <= INT_SPACE) {,8630,
com/fasterxml/jackson/core/json/UTF8DataInputJsonParser.java,2157,RelationalOperatorReplacement,if (outPtr >= outBuf.length) {,if (outPtr > outBuf.length) {,8635,
com/fasterxml/jackson/core/json/UTF8DataInputJsonParser.java,2174,RelationalOperatorReplacement,} while (outPtr < outEnd);,} while (outPtr <= outEnd);,8639,
com/fasterxml/jackson/core/json/UTF8DataInputJsonParser.java,2190,RelationalOperatorReplacement,if (outPtr >= outBuf.length) {,if (outPtr > outBuf.length) {,8640,
com/fasterxml/jackson/core/json/UTF8DataInputJsonParser.java,2198,RelationalOperatorReplacement,if (c < INT_SPACE) {,if (c <= INT_SPACE) {,8641,
com/fasterxml/jackson/core/json/UTF8DataInputJsonParser.java,2205,RelationalOperatorReplacement,if (outPtr >= outBuf.length) {,if (outPtr > outBuf.length) {,8642,
com/fasterxml/jackson/core/json/UTF8DataInputJsonParser.java,2262,RelationalOperatorReplacement,} while (++i < len);,} while (++i <= len);,8648,
com/fasterxml/jackson/core/json/UTF8DataInputJsonParser.java,2265,RelationalOperatorReplacement,if (ch >= '0' && ch != ']' && ch != '}') { // expected/allowed chars,if (ch > '0' && ch != ']' && ch != '}') { // expected/allowed chars,8649,
com/fasterxml/jackson/core/json/UTF8DataInputJsonParser.java,2288,RelationalOperatorReplacement,if (i < 0) {,if (i <= 0) {,8652,
com/fasterxml/jackson/core/json/UTF8DataInputJsonParser.java,2294,RelationalOperatorReplacement,if (i > INT_SPACE) {,if (i >= INT_SPACE) {,8653,
com/fasterxml/jackson/core/json/UTF8DataInputJsonParser.java,2319,RelationalOperatorReplacement,if (i < 0) {,if (i <= 0) {,8658,
com/fasterxml/jackson/core/json/UTF8DataInputJsonParser.java,2329,RelationalOperatorReplacement,if (i > INT_SPACE) {,if (i >= INT_SPACE) {,8659,
com/fasterxml/jackson/core/json/UTF8DataInputJsonParser.java,2352,RelationalOperatorReplacement,if (i > INT_SPACE) {,if (i >= INT_SPACE) {,8664,
com/fasterxml/jackson/core/json/UTF8DataInputJsonParser.java,2381,RelationalOperatorReplacement,if (i < 0) {,if (i <= 0) {,8669,
com/fasterxml/jackson/core/json/UTF8DataInputJsonParser.java,2389,RelationalOperatorReplacement,if (i > INT_SPACE) { // nor trailing,if (i >= INT_SPACE) { // nor trailing,8671,
com/fasterxml/jackson/core/json/UTF8DataInputJsonParser.java,2397,RelationalOperatorReplacement,if (i > INT_SPACE) {,if (i >= INT_SPACE) {,8676,
com/fasterxml/jackson/core/json/UTF8DataInputJsonParser.java,2411,RelationalOperatorReplacement,if (i > INT_SPACE) {,if (i >= INT_SPACE) {,8682,
com/fasterxml/jackson/core/json/UTF8DataInputJsonParser.java,2419,RelationalOperatorReplacement,if (i > INT_SPACE) {,if (i >= INT_SPACE) {,8687,
com/fasterxml/jackson/core/json/UTF8DataInputJsonParser.java,2434,RelationalOperatorReplacement,if (i > INT_SPACE) {,if (i >= INT_SPACE) {,8690,
com/fasterxml/jackson/core/json/UTF8DataInputJsonParser.java,2554,RelationalOperatorReplacement,if (code < 0) {,if (code <= 0) {,8703,
com/fasterxml/jackson/core/json/UTF8DataInputJsonParser.java,2596,RelationalOperatorReplacement,for (int i = 0; i < 4; ++i) {,for (int i = 0; i <= 4; ++i) {,8704,
com/fasterxml/jackson/core/json/UTF8DataInputJsonParser.java,2599,RelationalOperatorReplacement,if (digit < 0) {,if (digit <= 0) {,8705,
com/fasterxml/jackson/core/json/UTF8DataInputJsonParser.java,2610,RelationalOperatorReplacement,"if (c > 0x7F) { // if >= 0, is ascii and fine as is","if (c >= 0x7F) { // if >= 0, is ascii and fine as is",8706,
com/fasterxml/jackson/core/json/UTF8DataInputJsonParser.java,2635,RelationalOperatorReplacement,if (needed > 1) { // needed == 1 means 2 bytes total,if (needed >= 1) { // needed == 1 means 2 bytes total,8711,
com/fasterxml/jackson/core/json/UTF8DataInputJsonParser.java,2641,RelationalOperatorReplacement,if (needed > 2) { // 4 bytes? (need surrogates),if (needed >= 2) { // 4 bytes? (need surrogates),8713,
com/fasterxml/jackson/core/json/UTF8DataInputJsonParser.java,2786,RelationalOperatorReplacement,if (c < INT_SPACE) {,if (c <= INT_SPACE) {,8727,
com/fasterxml/jackson/core/json/UTF8DataInputJsonParser.java,2832,RelationalOperatorReplacement,} while (ch <= INT_SPACE);,} while (ch < INT_SPACE);,8728,
com/fasterxml/jackson/core/json/UTF8DataInputJsonParser.java,2834,RelationalOperatorReplacement,"if (bits < 0) { // reached the end, fair and square?","if (bits <= 0) { // reached the end, fair and square?",8729,
com/fasterxml/jackson/core/json/UTF8DataInputJsonParser.java,2839,RelationalOperatorReplacement,if (bits < 0) { // white space to skip,if (bits <= 0) { // white space to skip,8731,
com/fasterxml/jackson/core/json/UTF8DataInputJsonParser.java,2848,RelationalOperatorReplacement,if (bits < 0) {,if (bits <= 0) {,8732,
com/fasterxml/jackson/core/json/UTF8DataInputJsonParser.java,2857,RelationalOperatorReplacement,if (bits < 0) {,if (bits <= 0) {,8733,
com/fasterxml/jackson/core/json/UTF8DataInputJsonParser.java,2889,RelationalOperatorReplacement,if (bits < 0) {,if (bits <= 0) {,8739,
com/fasterxml/jackson/core/json/UTF8JsonGenerator.java,2246,NullifyReturnValue,return _cfgWriteHexUppercase ? HEX_BYTES_UPPER : HEX_BYTES_LOWER;,return null;,9376,
com/fasterxml/jackson/core/json/UTF8JsonGenerator.java,220,RelationalOperatorReplacement,if (_outputTail >= _outputEnd) {,if (_outputTail > _outputEnd) {,9382,
com/fasterxml/jackson/core/json/UTF8JsonGenerator.java,234,RelationalOperatorReplacement,"if (len > _charBufferLength) { // no, offline","if (len >= _charBufferLength) { // no, offline",9383,
com/fasterxml/jackson/core/json/UTF8JsonGenerator.java,238,RelationalOperatorReplacement,if (_outputTail >= _outputEnd) {,if (_outputTail > _outputEnd) {,9384,
com/fasterxml/jackson/core/json/UTF8JsonGenerator.java,243,RelationalOperatorReplacement,if (len <= _outputMaxContiguous) {,if (len < _outputMaxContiguous) {,9385,
com/fasterxml/jackson/core/json/UTF8JsonGenerator.java,244,RelationalOperatorReplacement,if ((_outputTail + len) > _outputEnd) { // caller must ensure enough space,if ((_outputTail + len) >= _outputEnd) { // caller must ensure enough space,9386,
com/fasterxml/jackson/core/json/UTF8JsonGenerator.java,252,RelationalOperatorReplacement,if (_outputTail >= _outputEnd) {,if (_outputTail > _outputEnd) {,9387,
com/fasterxml/jackson/core/json/UTF8JsonGenerator.java,270,RelationalOperatorReplacement,if (_outputTail >= _outputEnd) {,if (_outputTail > _outputEnd) {,9391,
com/fasterxml/jackson/core/json/UTF8JsonGenerator.java,279,RelationalOperatorReplacement,if (_outputTail >= _outputEnd) {,if (_outputTail > _outputEnd) {,9392,
com/fasterxml/jackson/core/json/UTF8JsonGenerator.java,284,RelationalOperatorReplacement,"if (len < 0) { // couldn't append, bit longer processing","if (len <= 0) { // couldn't append, bit longer processing",9393,
com/fasterxml/jackson/core/json/UTF8JsonGenerator.java,289,RelationalOperatorReplacement,if (_outputTail >= _outputEnd) {,if (_outputTail > _outputEnd) {,9394,
com/fasterxml/jackson/core/json/UTF8JsonGenerator.java,297,RelationalOperatorReplacement,if (len < 0) {,if (len <= 0) {,9395,
com/fasterxml/jackson/core/json/UTF8JsonGenerator.java,319,RelationalOperatorReplacement,if (_outputTail >= _outputEnd) {,if (_outputTail > _outputEnd) {,9397,
com/fasterxml/jackson/core/json/UTF8JsonGenerator.java,335,RelationalOperatorReplacement,if (_outputTail >= _outputEnd) {,if (_outputTail > _outputEnd) {,9399,
com/fasterxml/jackson/core/json/UTF8JsonGenerator.java,351,RelationalOperatorReplacement,if (_outputTail >= _outputEnd) {,if (_outputTail > _outputEnd) {,9401,
com/fasterxml/jackson/core/json/UTF8JsonGenerator.java,367,RelationalOperatorReplacement,if (_outputTail >= _outputEnd) {,if (_outputTail > _outputEnd) {,9403,
com/fasterxml/jackson/core/json/UTF8JsonGenerator.java,384,RelationalOperatorReplacement,if (_outputTail >= _outputEnd) {,if (_outputTail > _outputEnd) {,9405,
com/fasterxml/jackson/core/json/UTF8JsonGenerator.java,401,RelationalOperatorReplacement,if (_outputTail >= _outputEnd) {,if (_outputTail > _outputEnd) {,9407,
com/fasterxml/jackson/core/json/UTF8JsonGenerator.java,422,RelationalOperatorReplacement,if (_outputTail >= _outputEnd) {,if (_outputTail > _outputEnd) {,9409,
com/fasterxml/jackson/core/json/UTF8JsonGenerator.java,448,RelationalOperatorReplacement,if (len > _charBufferLength) {,if (len >= _charBufferLength) {,9412,
com/fasterxml/jackson/core/json/UTF8JsonGenerator.java,452,RelationalOperatorReplacement,if (_outputTail >= _outputEnd) {,if (_outputTail > _outputEnd) {,9413,
com/fasterxml/jackson/core/json/UTF8JsonGenerator.java,458,RelationalOperatorReplacement,if (len <= _outputMaxContiguous) {,if (len < _outputMaxContiguous) {,9414,
com/fasterxml/jackson/core/json/UTF8JsonGenerator.java,459,RelationalOperatorReplacement,if ((_outputTail + len) > _outputEnd) { // caller must ensure enough space,if ((_outputTail + len) >= _outputEnd) { // caller must ensure enough space,9415,
com/fasterxml/jackson/core/json/UTF8JsonGenerator.java,466,RelationalOperatorReplacement,if (_outputTail >= _outputEnd) {,if (_outputTail > _outputEnd) {,9416,
com/fasterxml/jackson/core/json/UTF8JsonGenerator.java,486,RelationalOperatorReplacement,if (_outputTail >= _outputEnd) {,if (_outputTail > _outputEnd) {,9419,
com/fasterxml/jackson/core/json/UTF8JsonGenerator.java,492,RelationalOperatorReplacement,if (len < 0) {,if (len <= 0) {,9420,
com/fasterxml/jackson/core/json/UTF8JsonGenerator.java,498,RelationalOperatorReplacement,if (_outputTail >= _outputEnd) {,if (_outputTail > _outputEnd) {,9421,
com/fasterxml/jackson/core/json/UTF8JsonGenerator.java,521,RelationalOperatorReplacement,if (len > _outputMaxContiguous) { // nope: off-line handling,if (len >= _outputMaxContiguous) { // nope: off-line handling,9423,
com/fasterxml/jackson/core/json/UTF8JsonGenerator.java,525,RelationalOperatorReplacement,if ((_outputTail + len) >= _outputEnd) {,if ((_outputTail + len) > _outputEnd) {,9424,
com/fasterxml/jackson/core/json/UTF8JsonGenerator.java,530,RelationalOperatorReplacement,if (_outputTail >= _outputEnd) {,if (_outputTail > _outputEnd) {,9425,
com/fasterxml/jackson/core/json/UTF8JsonGenerator.java,544,RelationalOperatorReplacement,int toRead = (len >= 0) ? len : Integer.MAX_VALUE;,int toRead = (len > 0) ? len : Integer.MAX_VALUE;,9427,
com/fasterxml/jackson/core/json/UTF8JsonGenerator.java,548,RelationalOperatorReplacement,if (_outputTail >= _outputEnd) {,if (_outputTail > _outputEnd) {,9428,
com/fasterxml/jackson/core/json/UTF8JsonGenerator.java,554,RelationalOperatorReplacement,while (toRead > 0){,while (toRead >= 0){,9429,
com/fasterxml/jackson/core/json/UTF8JsonGenerator.java,557,RelationalOperatorReplacement,if(numRead <= 0){,if(numRead < 0){,9430,
com/fasterxml/jackson/core/json/UTF8JsonGenerator.java,560,RelationalOperatorReplacement,if ((_outputTail + len) >= _outputEnd) {,if ((_outputTail + len) > _outputEnd) {,9431,
com/fasterxml/jackson/core/json/UTF8JsonGenerator.java,569,RelationalOperatorReplacement,if (_outputTail >= _outputEnd) {,if (_outputTail > _outputEnd) {,9432,
com/fasterxml/jackson/core/json/UTF8JsonGenerator.java,574,RelationalOperatorReplacement,if (toRead > 0 && len >= 0){,if (toRead >= 0 && len >= 0){,9433,
com/fasterxml/jackson/core/json/UTF8JsonGenerator.java,574,RelationalOperatorReplacement,if (toRead > 0 && len >= 0){,if (toRead > 0 && len > 0){,9434,
com/fasterxml/jackson/core/json/UTF8JsonGenerator.java,583,RelationalOperatorReplacement,if (_outputTail >= _outputEnd) {,if (_outputTail > _outputEnd) {,9435,
com/fasterxml/jackson/core/json/UTF8JsonGenerator.java,588,RelationalOperatorReplacement,if (len <= _outputMaxContiguous) {,if (len < _outputMaxContiguous) {,9436,
com/fasterxml/jackson/core/json/UTF8JsonGenerator.java,589,RelationalOperatorReplacement,if ((_outputTail + len) > _outputEnd) { // caller must ensure enough space,if ((_outputTail + len) >= _outputEnd) { // caller must ensure enough space,9437,
com/fasterxml/jackson/core/json/UTF8JsonGenerator.java,597,RelationalOperatorReplacement,if (_outputTail >= _outputEnd) {,if (_outputTail > _outputEnd) {,9438,
com/fasterxml/jackson/core/json/UTF8JsonGenerator.java,607,RelationalOperatorReplacement,if (_outputTail >= _outputEnd) {,if (_outputTail > _outputEnd) {,9439,
com/fasterxml/jackson/core/json/UTF8JsonGenerator.java,612,RelationalOperatorReplacement,if (len < 0) {,if (len <= 0) {,9440,
com/fasterxml/jackson/core/json/UTF8JsonGenerator.java,617,RelationalOperatorReplacement,if (_outputTail >= _outputEnd) {,if (_outputTail > _outputEnd) {,9441,
com/fasterxml/jackson/core/json/UTF8JsonGenerator.java,628,RelationalOperatorReplacement,if (_outputTail >= _outputEnd) {,if (_outputTail > _outputEnd) {,9442,
com/fasterxml/jackson/core/json/UTF8JsonGenerator.java,633,RelationalOperatorReplacement,if (_outputTail >= _outputEnd) {,if (_outputTail > _outputEnd) {,9443,
com/fasterxml/jackson/core/json/UTF8JsonGenerator.java,644,RelationalOperatorReplacement,if (_outputTail >= _outputEnd) {,if (_outputTail > _outputEnd) {,9444,
com/fasterxml/jackson/core/json/UTF8JsonGenerator.java,649,RelationalOperatorReplacement,if (len <= _outputMaxContiguous) {,if (len < _outputMaxContiguous) {,9445,
com/fasterxml/jackson/core/json/UTF8JsonGenerator.java,654,RelationalOperatorReplacement,if (_outputTail >= _outputEnd) {,if (_outputTail > _outputEnd) {,9446,
com/fasterxml/jackson/core/json/UTF8JsonGenerator.java,670,RelationalOperatorReplacement,if (len <= buf.length) {,if (len < buf.length) {,9447,
com/fasterxml/jackson/core/json/UTF8JsonGenerator.java,686,RelationalOperatorReplacement,if (len <= cbufLen) {,if (len < cbufLen) {,9448,
com/fasterxml/jackson/core/json/UTF8JsonGenerator.java,699,RelationalOperatorReplacement,while (len > 0) {,while (len >= 0) {,9449,
com/fasterxml/jackson/core/json/UTF8JsonGenerator.java,702,RelationalOperatorReplacement,if ((_outputTail + maxBytes) > _outputEnd) {,if ((_outputTail + maxBytes) >= _outputEnd) {,9450,
com/fasterxml/jackson/core/json/UTF8JsonGenerator.java,711,RelationalOperatorReplacement,if (len2 > 1) {,if (len2 >= 1) {,9451,
com/fasterxml/jackson/core/json/UTF8JsonGenerator.java,713,RelationalOperatorReplacement,if ((ch >= SURR1_FIRST) && (ch <= SURR1_LAST)) {,if ((ch > SURR1_FIRST) && (ch <= SURR1_LAST)) {,9452,
com/fasterxml/jackson/core/json/UTF8JsonGenerator.java,713,RelationalOperatorReplacement,if ((ch >= SURR1_FIRST) && (ch <= SURR1_LAST)) {,if ((ch >= SURR1_FIRST) && (ch < SURR1_LAST)) {,9453,
com/fasterxml/jackson/core/json/UTF8JsonGenerator.java,727,RelationalOperatorReplacement,if (len < 0) {,if (len <= 0) {,9454,
com/fasterxml/jackson/core/json/UTF8JsonGenerator.java,739,RelationalOperatorReplacement,if (len < 0) {,if (len <= 0) {,9455,
com/fasterxml/jackson/core/json/UTF8JsonGenerator.java,755,RelationalOperatorReplacement,if ((_outputTail + len3) > _outputEnd) {,if ((_outputTail + len3) >= _outputEnd) {,9456,
com/fasterxml/jackson/core/json/UTF8JsonGenerator.java,757,RelationalOperatorReplacement,if (_outputEnd < len3) { // wouldn't be enough...,if (_outputEnd <= len3) { // wouldn't be enough...,9457,
com/fasterxml/jackson/core/json/UTF8JsonGenerator.java,769,RelationalOperatorReplacement,while (offset < len) {,while (offset <= len) {,9458,
com/fasterxml/jackson/core/json/UTF8JsonGenerator.java,773,RelationalOperatorReplacement,if (ch > 0x7F) {,if (ch >= 0x7F) {,9459,
com/fasterxml/jackson/core/json/UTF8JsonGenerator.java,777,RelationalOperatorReplacement,if (++offset >= len) {,if (++offset > len) {,9460,
com/fasterxml/jackson/core/json/UTF8JsonGenerator.java,782,RelationalOperatorReplacement,if (ch < 0x800) { // 2-byte?,if (ch <= 0x800) { // 2-byte?,9461,
com/fasterxml/jackson/core/json/UTF8JsonGenerator.java,794,RelationalOperatorReplacement,if ((_outputTail + 3) >= _outputEnd) {,if ((_outputTail + 3) > _outputEnd) {,9462,
com/fasterxml/jackson/core/json/UTF8JsonGenerator.java,798,RelationalOperatorReplacement,if (ch <= 0x7F) {,if (ch < 0x7F) {,9463,
com/fasterxml/jackson/core/json/UTF8JsonGenerator.java,800,RelationalOperatorReplacement,} else if (ch < 0x800) { // 2-byte?,} else if (ch <= 0x800) { // 2-byte?,9464,
com/fasterxml/jackson/core/json/UTF8JsonGenerator.java,819,RelationalOperatorReplacement,while (offset < inputEnd) {,while (offset <= inputEnd) {,9465,
com/fasterxml/jackson/core/json/UTF8JsonGenerator.java,823,RelationalOperatorReplacement,if (ch > 0x7F) {,if (ch >= 0x7F) {,9466,
com/fasterxml/jackson/core/json/UTF8JsonGenerator.java,827,RelationalOperatorReplacement,if (_outputTail >= end) {,if (_outputTail > end) {,9467,
com/fasterxml/jackson/core/json/UTF8JsonGenerator.java,831,RelationalOperatorReplacement,if (++offset >= inputEnd) {,if (++offset > inputEnd) {,9468,
com/fasterxml/jackson/core/json/UTF8JsonGenerator.java,835,RelationalOperatorReplacement,if ((_outputTail + 3) >= _outputEnd) {,if ((_outputTail + 3) > _outputEnd) {,9469,
com/fasterxml/jackson/core/json/UTF8JsonGenerator.java,839,RelationalOperatorReplacement,if (ch < 0x800) { // 2-byte?,if (ch <= 0x800) { // 2-byte?,9470,
com/fasterxml/jackson/core/json/UTF8JsonGenerator.java,860,RelationalOperatorReplacement,while (offset < end) {,while (offset <= end) {,9471,
com/fasterxml/jackson/core/json/UTF8JsonGenerator.java,864,RelationalOperatorReplacement,if (ch > 0x7F) {,if (ch >= 0x7F) {,9472,
com/fasterxml/jackson/core/json/UTF8JsonGenerator.java,868,RelationalOperatorReplacement,if (++offset >= end) {,if (++offset > end) {,9473,
com/fasterxml/jackson/core/json/UTF8JsonGenerator.java,873,RelationalOperatorReplacement,if (ch < 0x800) { // 2-byte?,if (ch <= 0x800) { // 2-byte?,9474,
com/fasterxml/jackson/core/json/UTF8JsonGenerator.java,897,RelationalOperatorReplacement,if (_outputTail >= _outputEnd) {,if (_outputTail > _outputEnd) {,9475,
com/fasterxml/jackson/core/json/UTF8JsonGenerator.java,903,RelationalOperatorReplacement,if (_outputTail >= _outputEnd) {,if (_outputTail > _outputEnd) {,9476,
com/fasterxml/jackson/core/json/UTF8JsonGenerator.java,916,RelationalOperatorReplacement,if (_outputTail >= _outputEnd) {,if (_outputTail > _outputEnd) {,9477,
com/fasterxml/jackson/core/json/UTF8JsonGenerator.java,923,RelationalOperatorReplacement,if (dataLength < 0) { // length unknown,if (dataLength <= 0) { // length unknown,9478,
com/fasterxml/jackson/core/json/UTF8JsonGenerator.java,927,RelationalOperatorReplacement,if (missing > 0) {,if (missing >= 0) {,9479,
com/fasterxml/jackson/core/json/UTF8JsonGenerator.java,936,RelationalOperatorReplacement,if (_outputTail >= _outputEnd) {,if (_outputTail > _outputEnd) {,9480,
com/fasterxml/jackson/core/json/UTF8JsonGenerator.java,954,RelationalOperatorReplacement,if ((_outputTail + 6) >= _outputEnd) {,if ((_outputTail + 6) > _outputEnd) {,9481,
com/fasterxml/jackson/core/json/UTF8JsonGenerator.java,965,RelationalOperatorReplacement,if ((_outputTail + 8) >= _outputEnd) {,if ((_outputTail + 8) > _outputEnd) {,9482,
com/fasterxml/jackson/core/json/UTF8JsonGenerator.java,978,RelationalOperatorReplacement,if ((_outputTail + 11) >= _outputEnd) {,if ((_outputTail + 11) > _outputEnd) {,9483,
com/fasterxml/jackson/core/json/UTF8JsonGenerator.java,990,RelationalOperatorReplacement,if ((_outputTail + 13) >= _outputEnd) {,if ((_outputTail + 13) > _outputEnd) {,9484,
com/fasterxml/jackson/core/json/UTF8JsonGenerator.java,1006,RelationalOperatorReplacement,if ((_outputTail + 21) >= _outputEnd) {,if ((_outputTail + 21) > _outputEnd) {,9485,
com/fasterxml/jackson/core/json/UTF8JsonGenerator.java,1015,RelationalOperatorReplacement,if ((_outputTail + 23) >= _outputEnd) {,if ((_outputTail + 23) > _outputEnd) {,9486,
com/fasterxml/jackson/core/json/UTF8JsonGenerator.java,1105,RelationalOperatorReplacement,if (_outputTail >= _outputEnd) {,if (_outputTail > _outputEnd) {,9490,
com/fasterxml/jackson/core/json/UTF8JsonGenerator.java,1110,RelationalOperatorReplacement,if (_outputTail >= _outputEnd) {,if (_outputTail > _outputEnd) {,9491,
com/fasterxml/jackson/core/json/UTF8JsonGenerator.java,1118,RelationalOperatorReplacement,if (_outputTail >= _outputEnd) {,if (_outputTail > _outputEnd) {,9492,
com/fasterxml/jackson/core/json/UTF8JsonGenerator.java,1123,RelationalOperatorReplacement,if (_outputTail >= _outputEnd) {,if (_outputTail > _outputEnd) {,9493,
com/fasterxml/jackson/core/json/UTF8JsonGenerator.java,1133,RelationalOperatorReplacement,if ((_outputTail + 5) >= _outputEnd) {,if ((_outputTail + 5) > _outputEnd) {,9494,
com/fasterxml/jackson/core/json/UTF8JsonGenerator.java,1178,RelationalOperatorReplacement,if (raw.length > 0) {,if (raw.length >= 0) {,9497,
com/fasterxml/jackson/core/json/UTF8JsonGenerator.java,1187,RelationalOperatorReplacement,if (_outputTail >= _outputEnd) {,if (_outputTail > _outputEnd) {,9498,
com/fasterxml/jackson/core/json/UTF8JsonGenerator.java,1294,RelationalOperatorReplacement,if ((_outputTail + len) > _outputEnd) {,if ((_outputTail + len) >= _outputEnd) {,9506,
com/fasterxml/jackson/core/json/UTF8JsonGenerator.java,1297,RelationalOperatorReplacement,if (len > MAX_BYTES_TO_BUFFER) {,if (len >= MAX_BYTES_TO_BUFFER) {,9507,
com/fasterxml/jackson/core/json/UTF8JsonGenerator.java,1308,RelationalOperatorReplacement,if ((_outputTail + len) > _outputEnd) {,if ((_outputTail + len) >= _outputEnd) {,9508,
com/fasterxml/jackson/core/json/UTF8JsonGenerator.java,1311,RelationalOperatorReplacement,if (len > MAX_BYTES_TO_BUFFER) {,if (len >= MAX_BYTES_TO_BUFFER) {,9509,
com/fasterxml/jackson/core/json/UTF8JsonGenerator.java,1336,RelationalOperatorReplacement,if (_outputTail >= _outputEnd) {,if (_outputTail > _outputEnd) {,9510,
com/fasterxml/jackson/core/json/UTF8JsonGenerator.java,1345,RelationalOperatorReplacement,while (left > 0) {,while (left >= 0) {,9511,
com/fasterxml/jackson/core/json/UTF8JsonGenerator.java,1347,RelationalOperatorReplacement,if ((_outputTail + len) > _outputEnd) { // caller must ensure enough space,if ((_outputTail + len) >= _outputEnd) { // caller must ensure enough space,9512,
com/fasterxml/jackson/core/json/UTF8JsonGenerator.java,1356,RelationalOperatorReplacement,if (_outputTail >= _outputEnd) {,if (_outputTail > _outputEnd) {,9513,
com/fasterxml/jackson/core/json/UTF8JsonGenerator.java,1373,RelationalOperatorReplacement,if ((_outputTail + len) > _outputEnd) { // caller must ensure enough space,if ((_outputTail + len) >= _outputEnd) { // caller must ensure enough space,9514,
com/fasterxml/jackson/core/json/UTF8JsonGenerator.java,1379,RelationalOperatorReplacement,} while (totalLen > 0);,} while (totalLen >= 0);,9515,
com/fasterxml/jackson/core/json/UTF8JsonGenerator.java,1386,RelationalOperatorReplacement,if ((_outputTail + len) > _outputEnd) { // caller must ensure enough space,if ((_outputTail + len) >= _outputEnd) { // caller must ensure enough space,9516,
com/fasterxml/jackson/core/json/UTF8JsonGenerator.java,1392,RelationalOperatorReplacement,} while (totalLen > 0);,} while (totalLen >= 0);,9517,
com/fasterxml/jackson/core/json/UTF8JsonGenerator.java,1421,RelationalOperatorReplacement,while (offset < len) {,while (offset <= len) {,9518,
com/fasterxml/jackson/core/json/UTF8JsonGenerator.java,1424,RelationalOperatorReplacement,if (ch > 0x7F || escCodes[ch] != 0) {,if (ch >= 0x7F || escCodes[ch] != 0) {,9519,
com/fasterxml/jackson/core/json/UTF8JsonGenerator.java,1431,RelationalOperatorReplacement,if (offset < len) {,if (offset <= len) {,9521,
com/fasterxml/jackson/core/json/UTF8JsonGenerator.java,1453,RelationalOperatorReplacement,while (offset < len) {,while (offset <= len) {,9524,
com/fasterxml/jackson/core/json/UTF8JsonGenerator.java,1456,RelationalOperatorReplacement,if (ch > 0x7F || escCodes[ch] != 0) {,if (ch >= 0x7F || escCodes[ch] != 0) {,9525,
com/fasterxml/jackson/core/json/UTF8JsonGenerator.java,1463,RelationalOperatorReplacement,if (offset < len) {,if (offset <= len) {,9527,
com/fasterxml/jackson/core/json/UTF8JsonGenerator.java,1481,RelationalOperatorReplacement,if ((_outputTail + 6 * (end - offset)) > _outputEnd) {,if ((_outputTail + 6 * (end - offset)) >= _outputEnd) {,9530,
com/fasterxml/jackson/core/json/UTF8JsonGenerator.java,1490,RelationalOperatorReplacement,while (offset < end) {,while (offset <= end) {,9531,
com/fasterxml/jackson/core/json/UTF8JsonGenerator.java,1492,RelationalOperatorReplacement,if (ch <= 0x7F) {,if (ch < 0x7F) {,9532,
com/fasterxml/jackson/core/json/UTF8JsonGenerator.java,1498,RelationalOperatorReplacement,"if (escape > 0) { // 2-char escape, fine","if (escape >= 0) { // 2-char escape, fine",9534,
com/fasterxml/jackson/core/json/UTF8JsonGenerator.java,1507,RelationalOperatorReplacement,"if (ch <= 0x7FF) { // fine, just needs 2 byte output","if (ch < 0x7FF) { // fine, just needs 2 byte output",9535,
com/fasterxml/jackson/core/json/UTF8JsonGenerator.java,1514,RelationalOperatorReplacement,if (combineSurrogates && offset < end) {,if (combineSurrogates && offset <= end) {,9536,
com/fasterxml/jackson/core/json/UTF8JsonGenerator.java,1529,RelationalOperatorReplacement,if ((_outputTail + 6 * (end - offset)) > _outputEnd) {,if ((_outputTail + 6 * (end - offset)) >= _outputEnd) {,9537,
com/fasterxml/jackson/core/json/UTF8JsonGenerator.java,1538,RelationalOperatorReplacement,while (offset < end) {,while (offset <= end) {,9538,
com/fasterxml/jackson/core/json/UTF8JsonGenerator.java,1540,RelationalOperatorReplacement,if (ch <= 0x7F) {,if (ch < 0x7F) {,9539,
com/fasterxml/jackson/core/json/UTF8JsonGenerator.java,1546,RelationalOperatorReplacement,"if (escape > 0) { // 2-char escape, fine","if (escape >= 0) { // 2-char escape, fine",9541,
com/fasterxml/jackson/core/json/UTF8JsonGenerator.java,1555,RelationalOperatorReplacement,"if (ch <= 0x7FF) { // fine, just needs 2 byte output","if (ch < 0x7FF) { // fine, just needs 2 byte output",9542,
com/fasterxml/jackson/core/json/UTF8JsonGenerator.java,1562,RelationalOperatorReplacement,if (combineSurrogates && offset < end) {,if (combineSurrogates && offset <= end) {,9543,
com/fasterxml/jackson/core/json/UTF8JsonGenerator.java,1589,RelationalOperatorReplacement,if ((_outputTail + 6 * (end - offset)) > _outputEnd) {,if ((_outputTail + 6 * (end - offset)) >= _outputEnd) {,9544,
com/fasterxml/jackson/core/json/UTF8JsonGenerator.java,1598,RelationalOperatorReplacement,while (offset < end) {,while (offset <= end) {,9545,
com/fasterxml/jackson/core/json/UTF8JsonGenerator.java,1600,RelationalOperatorReplacement,if (ch <= 0x7F) {,if (ch < 0x7F) {,9546,
com/fasterxml/jackson/core/json/UTF8JsonGenerator.java,1606,RelationalOperatorReplacement,"if (escape > 0) { // 2-char escape, fine","if (escape >= 0) { // 2-char escape, fine",9548,
com/fasterxml/jackson/core/json/UTF8JsonGenerator.java,1615,RelationalOperatorReplacement,if (ch > maxUnescaped) { // [JACKSON-102] Allow forced escaping if non-ASCII (etc) chars:,if (ch >= maxUnescaped) { // [JACKSON-102] Allow forced escaping if non-ASCII (etc) chars:,9549,
com/fasterxml/jackson/core/json/UTF8JsonGenerator.java,1619,RelationalOperatorReplacement,"if (ch <= 0x7FF) { // fine, just needs 2 byte output","if (ch < 0x7FF) { // fine, just needs 2 byte output",9550,
com/fasterxml/jackson/core/json/UTF8JsonGenerator.java,1632,RelationalOperatorReplacement,if ((_outputTail + 6 * (end - offset)) > _outputEnd) {,if ((_outputTail + 6 * (end - offset)) >= _outputEnd) {,9551,
com/fasterxml/jackson/core/json/UTF8JsonGenerator.java,1642,RelationalOperatorReplacement,while (offset < end) {,while (offset <= end) {,9552,
com/fasterxml/jackson/core/json/UTF8JsonGenerator.java,1644,RelationalOperatorReplacement,if (ch <= 0x7F) {,if (ch < 0x7F) {,9553,
com/fasterxml/jackson/core/json/UTF8JsonGenerator.java,1650,RelationalOperatorReplacement,"if (escape > 0) { // 2-char escape, fine","if (escape >= 0) { // 2-char escape, fine",9555,
com/fasterxml/jackson/core/json/UTF8JsonGenerator.java,1659,RelationalOperatorReplacement,if (ch > maxUnescaped) { // [JACKSON-102] Allow forced escaping if non-ASCII (etc) chars:,if (ch >= maxUnescaped) { // [JACKSON-102] Allow forced escaping if non-ASCII (etc) chars:,9556,
com/fasterxml/jackson/core/json/UTF8JsonGenerator.java,1663,RelationalOperatorReplacement,"if (ch <= 0x7FF) { // fine, just needs 2 byte output","if (ch < 0x7FF) { // fine, just needs 2 byte output",9557,
com/fasterxml/jackson/core/json/UTF8JsonGenerator.java,1687,RelationalOperatorReplacement,if ((_outputTail + 6 * (end - offset)) > _outputEnd) {,if ((_outputTail + 6 * (end - offset)) >= _outputEnd) {,9558,
com/fasterxml/jackson/core/json/UTF8JsonGenerator.java,1695,RelationalOperatorReplacement,final int maxUnescaped = (_maximumNonEscapedChar <= 0) ? 0xFFFF : _maximumNonEscapedChar;,final int maxUnescaped = (_maximumNonEscapedChar < 0) ? 0xFFFF : _maximumNonEscapedChar;,9559,
com/fasterxml/jackson/core/json/UTF8JsonGenerator.java,1698,RelationalOperatorReplacement,while (offset < end) {,while (offset <= end) {,9560,
com/fasterxml/jackson/core/json/UTF8JsonGenerator.java,1700,RelationalOperatorReplacement,if (ch <= 0x7F) {,if (ch < 0x7F) {,9561,
com/fasterxml/jackson/core/json/UTF8JsonGenerator.java,1706,RelationalOperatorReplacement,"if (escape > 0) { // 2-char escape, fine","if (escape >= 0) { // 2-char escape, fine",9563,
com/fasterxml/jackson/core/json/UTF8JsonGenerator.java,1722,RelationalOperatorReplacement,if (ch > maxUnescaped) { // [JACKSON-102] Allow forced escaping if non-ASCII (etc) chars:,if (ch >= maxUnescaped) { // [JACKSON-102] Allow forced escaping if non-ASCII (etc) chars:,9566,
com/fasterxml/jackson/core/json/UTF8JsonGenerator.java,1731,RelationalOperatorReplacement,"if (ch <= 0x7FF) { // fine, just needs 2 byte output","if (ch < 0x7FF) { // fine, just needs 2 byte output",9568,
com/fasterxml/jackson/core/json/UTF8JsonGenerator.java,1744,RelationalOperatorReplacement,if ((_outputTail + 6 * (end - offset)) > _outputEnd) {,if ((_outputTail + 6 * (end - offset)) >= _outputEnd) {,9569,
com/fasterxml/jackson/core/json/UTF8JsonGenerator.java,1752,RelationalOperatorReplacement,final int maxUnescaped = (_maximumNonEscapedChar <= 0) ? 0xFFFF : _maximumNonEscapedChar;,final int maxUnescaped = (_maximumNonEscapedChar < 0) ? 0xFFFF : _maximumNonEscapedChar;,9570,
com/fasterxml/jackson/core/json/UTF8JsonGenerator.java,1755,RelationalOperatorReplacement,while (offset < end) {,while (offset <= end) {,9571,
com/fasterxml/jackson/core/json/UTF8JsonGenerator.java,1757,RelationalOperatorReplacement,if (ch <= 0x7F) {,if (ch < 0x7F) {,9572,
com/fasterxml/jackson/core/json/UTF8JsonGenerator.java,1763,RelationalOperatorReplacement,"if (escape > 0) { // 2-char escape, fine","if (escape >= 0) { // 2-char escape, fine",9574,
com/fasterxml/jackson/core/json/UTF8JsonGenerator.java,1779,RelationalOperatorReplacement,if (ch > maxUnescaped) { // [JACKSON-102] Allow forced escaping if non-ASCII (etc) chars:,if (ch >= maxUnescaped) { // [JACKSON-102] Allow forced escaping if non-ASCII (etc) chars:,9577,
com/fasterxml/jackson/core/json/UTF8JsonGenerator.java,1788,RelationalOperatorReplacement,"if (ch <= 0x7FF) { // fine, just needs 2 byte output","if (ch < 0x7FF) { // fine, just needs 2 byte output",9579,
com/fasterxml/jackson/core/json/UTF8JsonGenerator.java,1803,RelationalOperatorReplacement,"if (len > 6) { // may violate constraints we have, do offline","if (len >= 6) { // may violate constraints we have, do offline",9580,
com/fasterxml/jackson/core/json/UTF8JsonGenerator.java,1816,RelationalOperatorReplacement,if ((outputPtr + len) > outputEnd) {,if ((outputPtr + len) >= outputEnd) {,9581,
com/fasterxml/jackson/core/json/UTF8JsonGenerator.java,1820,RelationalOperatorReplacement,"if (len > outputBuffer.length) { // very unlikely, but possible...","if (len >= outputBuffer.length) { // very unlikely, but possible...",9582,
com/fasterxml/jackson/core/json/UTF8JsonGenerator.java,1828,RelationalOperatorReplacement,if ((outputPtr + 6 * remainingChars) > outputEnd) {,if ((outputPtr + 6 * remainingChars) >= outputEnd) {,9583,
com/fasterxml/jackson/core/json/UTF8JsonGenerator.java,1855,RelationalOperatorReplacement,} while (totalLen > 0);,} while (totalLen >= 0);,9584,
com/fasterxml/jackson/core/json/UTF8JsonGenerator.java,1864,RelationalOperatorReplacement,"for (int ptr = offset, end = offset + len; ptr < end; ) {","for (int ptr = offset, end = offset + len; ptr <= end; ) {",9585,
com/fasterxml/jackson/core/json/UTF8JsonGenerator.java,1867,RelationalOperatorReplacement,if ((ch >= 0) && escCodes[ch] != 0) {,if ((ch > 0) && escCodes[ch] != 0) {,9586,
com/fasterxml/jackson/core/json/UTF8JsonGenerator.java,1874,RelationalOperatorReplacement,if ((_outputTail + len) > _outputEnd) { // enough room or need to flush?,if ((_outputTail + len) >= _outputEnd) { // enough room or need to flush?,9588,
com/fasterxml/jackson/core/json/UTF8JsonGenerator.java,1887,RelationalOperatorReplacement,if ((outputPtr + (len * 6)) > _outputEnd) {,if ((outputPtr + (len * 6)) >= _outputEnd) {,9589,
com/fasterxml/jackson/core/json/UTF8JsonGenerator.java,1896,RelationalOperatorReplacement,while (offset < len) {,while (offset <= len) {,9590,
com/fasterxml/jackson/core/json/UTF8JsonGenerator.java,1899,RelationalOperatorReplacement,if (ch < 0 || escCodes[ch] == 0) {,if (ch <= 0 || escCodes[ch] == 0) {,9591,
com/fasterxml/jackson/core/json/UTF8JsonGenerator.java,1904,RelationalOperatorReplacement,"if (escape > 0) { // 2-char escape, fine","if (escape >= 0) { // 2-char escape, fine",9593,
com/fasterxml/jackson/core/json/UTF8JsonGenerator.java,1932,RelationalOperatorReplacement,while (inputPtr <= safeInputEnd) {,while (inputPtr < safeInputEnd) {,9594,
com/fasterxml/jackson/core/json/UTF8JsonGenerator.java,1933,RelationalOperatorReplacement,if (_outputTail > safeOutputEnd) { // need to flush,if (_outputTail >= safeOutputEnd) { // need to flush,9595,
com/fasterxml/jackson/core/json/UTF8JsonGenerator.java,1941,RelationalOperatorReplacement,if (--chunksBeforeLF <= 0) {,if (--chunksBeforeLF < 0) {,9596,
com/fasterxml/jackson/core/json/UTF8JsonGenerator.java,1951,RelationalOperatorReplacement,"if (inputLeft > 0) { // yes, but do we have room for output?","if (inputLeft >= 0) { // yes, but do we have room for output?",9597,
com/fasterxml/jackson/core/json/UTF8JsonGenerator.java,1952,RelationalOperatorReplacement,if (_outputTail > safeOutputEnd) { // don't really need 6 bytes but...,if (_outputTail >= safeOutputEnd) { // don't really need 6 bytes but...,9598,
com/fasterxml/jackson/core/json/UTF8JsonGenerator.java,1976,RelationalOperatorReplacement,while (bytesLeft > 2) { // main loop for full triplets,while (bytesLeft >= 2) { // main loop for full triplets,9600,
com/fasterxml/jackson/core/json/UTF8JsonGenerator.java,1977,RelationalOperatorReplacement,if (inputPtr > lastFullOffset) {,if (inputPtr >= lastFullOffset) {,9601,
com/fasterxml/jackson/core/json/UTF8JsonGenerator.java,1980,RelationalOperatorReplacement,if (inputEnd < 3) { // required to try to read to have at least 3 bytes,if (inputEnd <= 3) { // required to try to read to have at least 3 bytes,9602,
com/fasterxml/jackson/core/json/UTF8JsonGenerator.java,1985,RelationalOperatorReplacement,if (_outputTail > safeOutputEnd) { // need to flush,if (_outputTail >= safeOutputEnd) { // need to flush,9603,
com/fasterxml/jackson/core/json/UTF8JsonGenerator.java,1993,RelationalOperatorReplacement,if (--chunksBeforeLF <= 0) {,if (--chunksBeforeLF < 0) {,9604,
com/fasterxml/jackson/core/json/UTF8JsonGenerator.java,2001,RelationalOperatorReplacement,if (bytesLeft > 0) {,if (bytesLeft >= 0) {,9605,
com/fasterxml/jackson/core/json/UTF8JsonGenerator.java,2004,RelationalOperatorReplacement,"if (inputEnd > 0) { // yes, but do we have room for output?","if (inputEnd >= 0) { // yes, but do we have room for output?",9606,
com/fasterxml/jackson/core/json/UTF8JsonGenerator.java,2005,RelationalOperatorReplacement,if (_outputTail > safeOutputEnd) { // don't really need 6 bytes but...,if (_outputTail >= safeOutputEnd) { // don't really need 6 bytes but...,9607,
com/fasterxml/jackson/core/json/UTF8JsonGenerator.java,2010,RelationalOperatorReplacement,if (inputPtr < inputEnd) {,if (inputPtr <= inputEnd) {,9608,
com/fasterxml/jackson/core/json/UTF8JsonGenerator.java,2039,RelationalOperatorReplacement,if (inputPtr > lastFullOffset) { // need to load more,if (inputPtr >= lastFullOffset) { // need to load more,9609,
com/fasterxml/jackson/core/json/UTF8JsonGenerator.java,2042,RelationalOperatorReplacement,if (inputEnd < 3) { // required to try to read to have at least 3 bytes,if (inputEnd <= 3) { // required to try to read to have at least 3 bytes,9610,
com/fasterxml/jackson/core/json/UTF8JsonGenerator.java,2047,RelationalOperatorReplacement,if (_outputTail > safeOutputEnd) { // need to flush,if (_outputTail >= safeOutputEnd) { // need to flush,9611,
com/fasterxml/jackson/core/json/UTF8JsonGenerator.java,2056,RelationalOperatorReplacement,if (--chunksBeforeLF <= 0) {,if (--chunksBeforeLF < 0) {,9612,
com/fasterxml/jackson/core/json/UTF8JsonGenerator.java,2064,RelationalOperatorReplacement,"if (inputPtr < inputEnd) { // yes, but do we have room for output?","if (inputPtr <= inputEnd) { // yes, but do we have room for output?",9613,
com/fasterxml/jackson/core/json/UTF8JsonGenerator.java,2065,RelationalOperatorReplacement,if (_outputTail > safeOutputEnd) { // don't really need 6 bytes but...,if (_outputTail >= safeOutputEnd) { // don't really need 6 bytes but...,9614,
com/fasterxml/jackson/core/json/UTF8JsonGenerator.java,2070,RelationalOperatorReplacement,if (inputPtr < inputEnd) {,if (inputPtr <= inputEnd) {,9615,
com/fasterxml/jackson/core/json/UTF8JsonGenerator.java,2086,RelationalOperatorReplacement,while (inputPtr < inputEnd) {,while (inputPtr <= inputEnd) {,9616,
com/fasterxml/jackson/core/json/UTF8JsonGenerator.java,2099,RelationalOperatorReplacement,if (count < 0) {,if (count <= 0) {,9618,
com/fasterxml/jackson/core/json/UTF8JsonGenerator.java,2103,RelationalOperatorReplacement,} while (inputEnd < 3);,} while (inputEnd <= 3);,9619,
com/fasterxml/jackson/core/json/UTF8JsonGenerator.java,2122,RelationalOperatorReplacement,if (ch >= SURR1_FIRST) {,if (ch > SURR1_FIRST) {,9620,
com/fasterxml/jackson/core/json/UTF8JsonGenerator.java,2123,RelationalOperatorReplacement,"if (ch <= SURR2_LAST) { // yes, outside of BMP","if (ch < SURR2_LAST) { // yes, outside of BMP",9621,
com/fasterxml/jackson/core/json/UTF8JsonGenerator.java,2125,RelationalOperatorReplacement,if (inputOffset >= inputEnd || cbuf == null) { // nope... have to note down,if (inputOffset > inputEnd || cbuf == null) { // nope... have to note down,9622,
com/fasterxml/jackson/core/json/UTF8JsonGenerator.java,2144,RelationalOperatorReplacement,if ((_outputTail + 4) > _outputEnd) {,if ((_outputTail + 4) >= _outputEnd) {,9624,
com/fasterxml/jackson/core/json/UTF8JsonGenerator.java,2180,RelationalOperatorReplacement,"if (ch >= SURR1_FIRST && ch <= SURR2_LAST) { // yes, outside of BMP; add an escape","if (ch > SURR1_FIRST && ch <= SURR2_LAST) { // yes, outside of BMP; add an escape",9625,
com/fasterxml/jackson/core/json/UTF8JsonGenerator.java,2180,RelationalOperatorReplacement,"if (ch >= SURR1_FIRST && ch <= SURR2_LAST) { // yes, outside of BMP; add an escape","if (ch >= SURR1_FIRST && ch < SURR2_LAST) { // yes, outside of BMP; add an escape",9626,
com/fasterxml/jackson/core/json/UTF8JsonGenerator.java,2203,RelationalOperatorReplacement,if ((_outputTail + 4) >= _outputEnd) {,if ((_outputTail + 4) > _outputEnd) {,9627,
com/fasterxml/jackson/core/json/UTF8JsonGenerator.java,2221,RelationalOperatorReplacement,if (charToEscape > 0xFF) {,if (charToEscape >= 0xFF) {,9628,
com/fasterxml/jackson/core/json/UTF8JsonGenerator.java,2239,RelationalOperatorReplacement,if (len > 0) {,if (len >= 0) {,9629,
com/fasterxml/jackson/core/json/UTF8StreamJsonParser.java,441,NullifyReturnValue,return _nameCopyBuffer;,return null;,10455,
com/fasterxml/jackson/core/json/UTF8StreamJsonParser.java,451,NullifyReturnValue,return _textBuffer.getTextBuffer();,return null;,10456,
com/fasterxml/jackson/core/json/UTF8StreamJsonParser.java,454,NullifyReturnValue,return _currToken.asCharArray();,return null;,10457,
com/fasterxml/jackson/core/json/UTF8StreamJsonParser.java,457,NullifyReturnValue,return null;,return null;,10458,
com/fasterxml/jackson/core/json/UTF8StreamJsonParser.java,532,NullifyReturnValue,return _binaryValue;,return null;,10459,
com/fasterxml/jackson/core/json/UTF8StreamJsonParser.java,3723,NullifyReturnValue,return builder.toByteArray();,return null;,10586,
com/fasterxml/jackson/core/json/UTF8StreamJsonParser.java,3762,NullifyReturnValue,return builder.toByteArray();,return null;,10587,
com/fasterxml/jackson/core/json/UTF8StreamJsonParser.java,3801,NullifyReturnValue,return builder.toByteArray();,return null;,10588,
com/fasterxml/jackson/core/json/UTF8StreamJsonParser.java,185,RelationalOperatorReplacement,if (count < 1) {,if (count <= 1) {,10595,
com/fasterxml/jackson/core/json/UTF8StreamJsonParser.java,221,RelationalOperatorReplacement,if (count > 0) {,if (count >= 0) {,10598,
com/fasterxml/jackson/core/json/UTF8StreamJsonParser.java,435,RelationalOperatorReplacement,} else if (_nameCopyBuffer.length < nameLen) {,} else if (_nameCopyBuffer.length <= nameLen) {,10624,
com/fasterxml/jackson/core/json/UTF8StreamJsonParser.java,564,RelationalOperatorReplacement,if (_inputPtr >= _inputEnd) {,if (_inputPtr > _inputEnd) {,10632,
com/fasterxml/jackson/core/json/UTF8StreamJsonParser.java,568,RelationalOperatorReplacement,} while (ch <= INT_SPACE);,} while (ch < INT_SPACE);,10633,
com/fasterxml/jackson/core/json/UTF8StreamJsonParser.java,570,RelationalOperatorReplacement,"if (bits < 0) { // reached the end, fair and square?","if (bits <= 0) { // reached the end, fair and square?",10634,
com/fasterxml/jackson/core/json/UTF8StreamJsonParser.java,575,RelationalOperatorReplacement,if (bits < 0) { // white space to skip,if (bits <= 0) { // white space to skip,10636,
com/fasterxml/jackson/core/json/UTF8StreamJsonParser.java,581,RelationalOperatorReplacement,if (outputPtr > outputEnd) {,if (outputPtr >= outputEnd) {,10637,
com/fasterxml/jackson/core/json/UTF8StreamJsonParser.java,591,RelationalOperatorReplacement,if (_inputPtr >= _inputEnd) {,if (_inputPtr > _inputEnd) {,10638,
com/fasterxml/jackson/core/json/UTF8StreamJsonParser.java,596,RelationalOperatorReplacement,if (bits < 0) {,if (bits <= 0) {,10639,
com/fasterxml/jackson/core/json/UTF8StreamJsonParser.java,602,RelationalOperatorReplacement,if (_inputPtr >= _inputEnd) {,if (_inputPtr > _inputEnd) {,10640,
com/fasterxml/jackson/core/json/UTF8StreamJsonParser.java,609,RelationalOperatorReplacement,if (bits < 0) {,if (bits <= 0) {,10641,
com/fasterxml/jackson/core/json/UTF8StreamJsonParser.java,625,RelationalOperatorReplacement,if (_inputPtr >= _inputEnd) {,if (_inputPtr > _inputEnd) {,10645,
com/fasterxml/jackson/core/json/UTF8StreamJsonParser.java,643,RelationalOperatorReplacement,if (_inputPtr >= _inputEnd) {,if (_inputPtr > _inputEnd) {,10647,
com/fasterxml/jackson/core/json/UTF8StreamJsonParser.java,648,RelationalOperatorReplacement,if (bits < 0) {,if (bits <= 0) {,10648,
com/fasterxml/jackson/core/json/UTF8StreamJsonParser.java,683,RelationalOperatorReplacement,if (outputPtr > 0) {,if (outputPtr >= 0) {,10652,
com/fasterxml/jackson/core/json/UTF8StreamJsonParser.java,717,RelationalOperatorReplacement,if (i < 0) { // end-of-input,if (i <= 0) { // end-of-input,10654,
com/fasterxml/jackson/core/json/UTF8StreamJsonParser.java,914,RelationalOperatorReplacement,if (i < 0) { // end-of-input,if (i <= 0) { // end-of-input,10666,
com/fasterxml/jackson/core/json/UTF8StreamJsonParser.java,962,RelationalOperatorReplacement,if ((_inputPtr + len + 4) < _inputEnd) { // maybe...,if ((_inputPtr + len + 4) <= _inputEnd) { // maybe...,10674,
com/fasterxml/jackson/core/json/UTF8StreamJsonParser.java,1000,RelationalOperatorReplacement,if (i < 0) {,if (i <= 0) {,10679,
com/fasterxml/jackson/core/json/UTF8StreamJsonParser.java,1110,RelationalOperatorReplacement,if (i > INT_SPACE) { // nor trailing,if (i >= INT_SPACE) { // nor trailing,10688,
com/fasterxml/jackson/core/json/UTF8StreamJsonParser.java,1117,RelationalOperatorReplacement,if (i > INT_SPACE) {,if (i >= INT_SPACE) {,10693,
com/fasterxml/jackson/core/json/UTF8StreamJsonParser.java,1132,RelationalOperatorReplacement,if (i > INT_SPACE) {,if (i >= INT_SPACE) {,10699,
com/fasterxml/jackson/core/json/UTF8StreamJsonParser.java,1139,RelationalOperatorReplacement,if (i > INT_SPACE) {,if (i >= INT_SPACE) {,10704,
com/fasterxml/jackson/core/json/UTF8StreamJsonParser.java,1453,RelationalOperatorReplacement,"if (_inputPtr >= end) { // split across boundary, offline","if (_inputPtr > end) { // split across boundary, offline",10731,
com/fasterxml/jackson/core/json/UTF8StreamJsonParser.java,1457,RelationalOperatorReplacement,if (c < INT_0 || c > INT_9) {,if (c <= INT_0 || c > INT_9) {,10732,
com/fasterxml/jackson/core/json/UTF8StreamJsonParser.java,1457,RelationalOperatorReplacement,if (c < INT_0 || c > INT_9) {,if (c < INT_0 || c >= INT_9) {,10733,
com/fasterxml/jackson/core/json/UTF8StreamJsonParser.java,1486,RelationalOperatorReplacement,if (_inputPtr >= _inputEnd) {,if (_inputPtr > _inputEnd) {,10736,
com/fasterxml/jackson/core/json/UTF8StreamJsonParser.java,1491,RelationalOperatorReplacement,if (c <= INT_0) {,if (c < INT_0) {,10737,
com/fasterxml/jackson/core/json/UTF8StreamJsonParser.java,1500,RelationalOperatorReplacement,} else if (c > INT_9) {,} else if (c >= INT_9) {,10740,
com/fasterxml/jackson/core/json/UTF8StreamJsonParser.java,1513,RelationalOperatorReplacement,if (_inputPtr >= end) {,if (_inputPtr > end) {,10741,
com/fasterxml/jackson/core/json/UTF8StreamJsonParser.java,1518,RelationalOperatorReplacement,if (c < INT_0 || c > INT_9) {,if (c <= INT_0 || c > INT_9) {,10742,
com/fasterxml/jackson/core/json/UTF8StreamJsonParser.java,1518,RelationalOperatorReplacement,if (c < INT_0 || c > INT_9) {,if (c < INT_0 || c >= INT_9) {,10743,
com/fasterxml/jackson/core/json/UTF8StreamJsonParser.java,1546,RelationalOperatorReplacement,if (_inputPtr >= _inputEnd && !_loadMore()) {,if (_inputPtr > _inputEnd && !_loadMore()) {,10746,
com/fasterxml/jackson/core/json/UTF8StreamJsonParser.java,1551,RelationalOperatorReplacement,if (c > INT_9 || c < INT_0) {,if (c >= INT_9 || c < INT_0) {,10747,
com/fasterxml/jackson/core/json/UTF8StreamJsonParser.java,1551,RelationalOperatorReplacement,if (c > INT_9 || c < INT_0) {,if (c > INT_9 || c <= INT_0) {,10748,
com/fasterxml/jackson/core/json/UTF8StreamJsonParser.java,1557,RelationalOperatorReplacement,if (outPtr >= outBuf.length) {,if (outPtr > outBuf.length) {,10751,
com/fasterxml/jackson/core/json/UTF8StreamJsonParser.java,1581,RelationalOperatorReplacement,if (_inputPtr >= _inputEnd && !_loadMore()) {,if (_inputPtr > _inputEnd && !_loadMore()) {,10752,
com/fasterxml/jackson/core/json/UTF8StreamJsonParser.java,1586,RelationalOperatorReplacement,if (ch < INT_0 || ch > INT_9) {,if (ch <= INT_0 || ch > INT_9) {,10753,
com/fasterxml/jackson/core/json/UTF8StreamJsonParser.java,1586,RelationalOperatorReplacement,if (ch < INT_0 || ch > INT_9) {,if (ch < INT_0 || ch >= INT_9) {,10754,
com/fasterxml/jackson/core/json/UTF8StreamJsonParser.java,1596,RelationalOperatorReplacement,while (_inputPtr < _inputEnd || _loadMore()) {,while (_inputPtr <= _inputEnd || _loadMore()) {,10757,
com/fasterxml/jackson/core/json/UTF8StreamJsonParser.java,1598,RelationalOperatorReplacement,if (ch < INT_0 || ch > INT_9) { // followed by non-number; retain one zero,if (ch <= INT_0 || ch > INT_9) { // followed by non-number; retain one zero,10758,
com/fasterxml/jackson/core/json/UTF8StreamJsonParser.java,1598,RelationalOperatorReplacement,if (ch < INT_0 || ch > INT_9) { // followed by non-number; retain one zero,if (ch < INT_0 || ch >= INT_9) { // followed by non-number; retain one zero,10759,
com/fasterxml/jackson/core/json/UTF8StreamJsonParser.java,1618,RelationalOperatorReplacement,if (outPtr >= outBuf.length) {,if (outPtr > outBuf.length) {,10762,
com/fasterxml/jackson/core/json/UTF8StreamJsonParser.java,1626,RelationalOperatorReplacement,if (_inputPtr >= _inputEnd && !_loadMore()) {,if (_inputPtr > _inputEnd && !_loadMore()) {,10763,
com/fasterxml/jackson/core/json/UTF8StreamJsonParser.java,1631,RelationalOperatorReplacement,if (c < INT_0 || c > INT_9) {,if (c <= INT_0 || c > INT_9) {,10764,
com/fasterxml/jackson/core/json/UTF8StreamJsonParser.java,1631,RelationalOperatorReplacement,if (c < INT_0 || c > INT_9) {,if (c < INT_0 || c >= INT_9) {,10765,
com/fasterxml/jackson/core/json/UTF8StreamJsonParser.java,1635,RelationalOperatorReplacement,if (outPtr >= outBuf.length) {,if (outPtr > outBuf.length) {,10766,
com/fasterxml/jackson/core/json/UTF8StreamJsonParser.java,1651,RelationalOperatorReplacement,if (outPtr >= outBuf.length) {,if (outPtr > outBuf.length) {,10769,
com/fasterxml/jackson/core/json/UTF8StreamJsonParser.java,1657,RelationalOperatorReplacement,if (_inputPtr >= _inputEnd) {,if (_inputPtr > _inputEnd) {,10770,
com/fasterxml/jackson/core/json/UTF8StreamJsonParser.java,1663,RelationalOperatorReplacement,if (outPtr >= outBuf.length) {,if (outPtr > outBuf.length) {,10773,
com/fasterxml/jackson/core/json/UTF8StreamJsonParser.java,1669,RelationalOperatorReplacement,if (_inputPtr >= _inputEnd) {,if (_inputPtr > _inputEnd) {,10774,
com/fasterxml/jackson/core/json/UTF8StreamJsonParser.java,1676,RelationalOperatorReplacement,while (c >= INT_0 && c <= INT_9) {,while (c > INT_0 && c <= INT_9) {,10775,
com/fasterxml/jackson/core/json/UTF8StreamJsonParser.java,1676,RelationalOperatorReplacement,while (c >= INT_0 && c <= INT_9) {,while (c >= INT_0 && c < INT_9) {,10776,
com/fasterxml/jackson/core/json/UTF8StreamJsonParser.java,1678,RelationalOperatorReplacement,if (outPtr >= outBuf.length) {,if (outPtr > outBuf.length) {,10777,
com/fasterxml/jackson/core/json/UTF8StreamJsonParser.java,1683,RelationalOperatorReplacement,if (_inputPtr >= _inputEnd && !_loadMore()) {,if (_inputPtr > _inputEnd && !_loadMore()) {,10778,
com/fasterxml/jackson/core/json/UTF8StreamJsonParser.java,1756,RelationalOperatorReplacement,"if ((_inputPtr + 13) > _inputEnd) { // Need up to 12 chars, plus one trailing (quote)","if ((_inputPtr + 13) >= _inputEnd) { // Need up to 12 chars, plus one trailing (quote)",10781,
com/fasterxml/jackson/core/json/UTF8StreamJsonParser.java,1904,RelationalOperatorReplacement,while ((_inputPtr + 4) <= _inputEnd) {,while ((_inputPtr + 4) < _inputEnd) {,10808,
com/fasterxml/jackson/core/json/UTF8StreamJsonParser.java,1941,RelationalOperatorReplacement,if (qlen >= _quadBuffer.length) {,if (qlen > _quadBuffer.length) {,10817,
com/fasterxml/jackson/core/json/UTF8StreamJsonParser.java,1960,RelationalOperatorReplacement,if (_inputPtr >= _inputEnd) {,if (_inputPtr > _inputEnd) {,10818,
com/fasterxml/jackson/core/json/UTF8StreamJsonParser.java,2015,RelationalOperatorReplacement,if (ch > 127) {,if (ch >= 127) {,10823,
com/fasterxml/jackson/core/json/UTF8StreamJsonParser.java,2017,RelationalOperatorReplacement,if (currQuadBytes >= 4) {,if (currQuadBytes > 4) {,10824,
com/fasterxml/jackson/core/json/UTF8StreamJsonParser.java,2018,RelationalOperatorReplacement,if (qlen >= quads.length) {,if (qlen > quads.length) {,10825,
com/fasterxml/jackson/core/json/UTF8StreamJsonParser.java,2025,RelationalOperatorReplacement,if (ch < 0x800) { // 2-byte,if (ch <= 0x800) { // 2-byte,10826,
com/fasterxml/jackson/core/json/UTF8StreamJsonParser.java,2033,RelationalOperatorReplacement,if (currQuadBytes >= 4) {,if (currQuadBytes > 4) {,10827,
com/fasterxml/jackson/core/json/UTF8StreamJsonParser.java,2034,RelationalOperatorReplacement,if (qlen >= quads.length) {,if (qlen > quads.length) {,10828,
com/fasterxml/jackson/core/json/UTF8StreamJsonParser.java,2049,RelationalOperatorReplacement,if (currQuadBytes < 4) {,if (currQuadBytes <= 4) {,10829,
com/fasterxml/jackson/core/json/UTF8StreamJsonParser.java,2053,RelationalOperatorReplacement,if (qlen >= quads.length) {,if (qlen > quads.length) {,10830,
com/fasterxml/jackson/core/json/UTF8StreamJsonParser.java,2060,RelationalOperatorReplacement,if (_inputPtr >= _inputEnd) {,if (_inputPtr > _inputEnd) {,10831,
com/fasterxml/jackson/core/json/UTF8StreamJsonParser.java,2068,RelationalOperatorReplacement,if (currQuadBytes > 0) {,if (currQuadBytes >= 0) {,10832,
com/fasterxml/jackson/core/json/UTF8StreamJsonParser.java,2069,RelationalOperatorReplacement,if (qlen >= quads.length) {,if (qlen > quads.length) {,10833,
com/fasterxml/jackson/core/json/UTF8StreamJsonParser.java,2125,RelationalOperatorReplacement,if (currQuadBytes < 4) {,if (currQuadBytes <= 4) {,10839,
com/fasterxml/jackson/core/json/UTF8StreamJsonParser.java,2129,RelationalOperatorReplacement,if (qlen >= quads.length) {,if (qlen > quads.length) {,10840,
com/fasterxml/jackson/core/json/UTF8StreamJsonParser.java,2136,RelationalOperatorReplacement,if (_inputPtr >= _inputEnd) {,if (_inputPtr > _inputEnd) {,10841,
com/fasterxml/jackson/core/json/UTF8StreamJsonParser.java,2148,RelationalOperatorReplacement,if (currQuadBytes > 0) {,if (currQuadBytes >= 0) {,10843,
com/fasterxml/jackson/core/json/UTF8StreamJsonParser.java,2149,RelationalOperatorReplacement,if (qlen >= quads.length) {,if (qlen > quads.length) {,10844,
com/fasterxml/jackson/core/json/UTF8StreamJsonParser.java,2167,RelationalOperatorReplacement,if (_inputPtr >= _inputEnd) {,if (_inputPtr > _inputEnd) {,10846,
com/fasterxml/jackson/core/json/UTF8StreamJsonParser.java,2200,RelationalOperatorReplacement,if (ch > 127) {,if (ch >= 127) {,10852,
com/fasterxml/jackson/core/json/UTF8StreamJsonParser.java,2202,RelationalOperatorReplacement,if (currQuadBytes >= 4) {,if (currQuadBytes > 4) {,10853,
com/fasterxml/jackson/core/json/UTF8StreamJsonParser.java,2203,RelationalOperatorReplacement,if (qlen >= quads.length) {,if (qlen > quads.length) {,10854,
com/fasterxml/jackson/core/json/UTF8StreamJsonParser.java,2210,RelationalOperatorReplacement,if (ch < 0x800) { // 2-byte,if (ch <= 0x800) { // 2-byte,10855,
com/fasterxml/jackson/core/json/UTF8StreamJsonParser.java,2218,RelationalOperatorReplacement,if (currQuadBytes >= 4) {,if (currQuadBytes > 4) {,10856,
com/fasterxml/jackson/core/json/UTF8StreamJsonParser.java,2219,RelationalOperatorReplacement,if (qlen >= quads.length) {,if (qlen > quads.length) {,10857,
com/fasterxml/jackson/core/json/UTF8StreamJsonParser.java,2234,RelationalOperatorReplacement,if (currQuadBytes < 4) {,if (currQuadBytes <= 4) {,10858,
com/fasterxml/jackson/core/json/UTF8StreamJsonParser.java,2238,RelationalOperatorReplacement,if (qlen >= quads.length) {,if (qlen > quads.length) {,10859,
com/fasterxml/jackson/core/json/UTF8StreamJsonParser.java,2245,RelationalOperatorReplacement,if (_inputPtr >= _inputEnd) {,if (_inputPtr > _inputEnd) {,10860,
com/fasterxml/jackson/core/json/UTF8StreamJsonParser.java,2253,RelationalOperatorReplacement,if (currQuadBytes > 0) {,if (currQuadBytes >= 0) {,10861,
com/fasterxml/jackson/core/json/UTF8StreamJsonParser.java,2254,RelationalOperatorReplacement,if (qlen >= quads.length) {,if (qlen > quads.length) {,10862,
com/fasterxml/jackson/core/json/UTF8StreamJsonParser.java,2319,RelationalOperatorReplacement,if (qlen >= quads.length) {,if (qlen > quads.length) {,10867,
com/fasterxml/jackson/core/json/UTF8StreamJsonParser.java,2353,RelationalOperatorReplacement,if (lastQuadBytes < 4) {,if (lastQuadBytes <= 4) {,10869,
com/fasterxml/jackson/core/json/UTF8StreamJsonParser.java,2365,RelationalOperatorReplacement,for (int ix = 0; ix < byteLen; ) {,for (int ix = 0; ix <= byteLen; ) {,10870,
com/fasterxml/jackson/core/json/UTF8StreamJsonParser.java,2371,RelationalOperatorReplacement,if (ch > 127) { // multi-byte,if (ch >= 127) { // multi-byte,10871,
com/fasterxml/jackson/core/json/UTF8StreamJsonParser.java,2386,RelationalOperatorReplacement,if ((ix + needed) > byteLen) {,if ((ix + needed) >= byteLen) {,10875,
com/fasterxml/jackson/core/json/UTF8StreamJsonParser.java,2400,RelationalOperatorReplacement,if (needed > 1) {,if (needed >= 1) {,10877,
com/fasterxml/jackson/core/json/UTF8StreamJsonParser.java,2410,RelationalOperatorReplacement,if (needed > 2) { // 4 bytes? (need surrogates on output),if (needed >= 2) { // 4 bytes? (need surrogates on output),10879,
com/fasterxml/jackson/core/json/UTF8StreamJsonParser.java,2421,RelationalOperatorReplacement,"if (needed > 2) { // surrogate pair? once again, let's output one here, one later on","if (needed >= 2) { // surrogate pair? once again, let's output one here, one later on",10881,
com/fasterxml/jackson/core/json/UTF8StreamJsonParser.java,2423,RelationalOperatorReplacement,if (cix >= cbuf.length) {,if (cix > cbuf.length) {,10882,
com/fasterxml/jackson/core/json/UTF8StreamJsonParser.java,2430,RelationalOperatorReplacement,if (cix >= cbuf.length) {,if (cix > cbuf.length) {,10883,
com/fasterxml/jackson/core/json/UTF8StreamJsonParser.java,2439,RelationalOperatorReplacement,if (lastQuadBytes < 4) {,if (lastQuadBytes <= 4) {,10884,
com/fasterxml/jackson/core/json/UTF8StreamJsonParser.java,2465,RelationalOperatorReplacement,if (ptr >= _inputEnd) {,if (ptr > _inputEnd) {,10886,
com/fasterxml/jackson/core/json/UTF8StreamJsonParser.java,2475,RelationalOperatorReplacement,while (ptr < max) {,while (ptr <= max) {,10887,
com/fasterxml/jackson/core/json/UTF8StreamJsonParser.java,2497,RelationalOperatorReplacement,if (ptr >= _inputEnd) {,if (ptr > _inputEnd) {,10890,
com/fasterxml/jackson/core/json/UTF8StreamJsonParser.java,2507,RelationalOperatorReplacement,while (ptr < max) {,while (ptr <= max) {,10891,
com/fasterxml/jackson/core/json/UTF8StreamJsonParser.java,2539,RelationalOperatorReplacement,if (ptr >= _inputEnd) {,if (ptr > _inputEnd) {,10894,
com/fasterxml/jackson/core/json/UTF8StreamJsonParser.java,2543,RelationalOperatorReplacement,if (outPtr >= outBuf.length) {,if (outPtr > outBuf.length) {,10895,
com/fasterxml/jackson/core/json/UTF8StreamJsonParser.java,2550,RelationalOperatorReplacement,while (ptr < max) {,while (ptr <= max) {,10896,
com/fasterxml/jackson/core/json/UTF8StreamJsonParser.java,2573,RelationalOperatorReplacement,if ((_inputEnd - _inputPtr) >= 2) {,if ((_inputEnd - _inputPtr) > 2) {,10899,
com/fasterxml/jackson/core/json/UTF8StreamJsonParser.java,2583,RelationalOperatorReplacement,if (outPtr >= outBuf.length) {,if (outPtr > outBuf.length) {,10900,
com/fasterxml/jackson/core/json/UTF8StreamJsonParser.java,2591,RelationalOperatorReplacement,if (c < INT_SPACE) {,if (c <= INT_SPACE) {,10901,
com/fasterxml/jackson/core/json/UTF8StreamJsonParser.java,2600,RelationalOperatorReplacement,if (outPtr >= outBuf.length) {,if (outPtr > outBuf.length) {,10902,
com/fasterxml/jackson/core/json/UTF8StreamJsonParser.java,2634,RelationalOperatorReplacement,if (ptr >= max) {,if (ptr > max) {,10903,
com/fasterxml/jackson/core/json/UTF8StreamJsonParser.java,2639,RelationalOperatorReplacement,while (ptr < max) {,while (ptr <= max) {,10904,
com/fasterxml/jackson/core/json/UTF8StreamJsonParser.java,2667,RelationalOperatorReplacement,if (c < INT_SPACE) {,if (c <= INT_SPACE) {,10907,
com/fasterxml/jackson/core/json/UTF8StreamJsonParser.java,2740,RelationalOperatorReplacement,if (_inputPtr >= _inputEnd) {,if (_inputPtr > _inputEnd) {,10912,
com/fasterxml/jackson/core/json/UTF8StreamJsonParser.java,2772,RelationalOperatorReplacement,if (_inputPtr >= _inputEnd) {,if (_inputPtr > _inputEnd) {,10913,
com/fasterxml/jackson/core/json/UTF8StreamJsonParser.java,2775,RelationalOperatorReplacement,if (outPtr >= outBuf.length) {,if (outPtr > outBuf.length) {,10914,
com/fasterxml/jackson/core/json/UTF8StreamJsonParser.java,2783,RelationalOperatorReplacement,if (max2 < max) {,if (max2 <= max) {,10915,
com/fasterxml/jackson/core/json/UTF8StreamJsonParser.java,2787,RelationalOperatorReplacement,while (_inputPtr < max) {,while (_inputPtr <= max) {,10916,
com/fasterxml/jackson/core/json/UTF8StreamJsonParser.java,2810,RelationalOperatorReplacement,if ((_inputEnd - _inputPtr) >= 2) {,if ((_inputEnd - _inputPtr) > 2) {,10920,
com/fasterxml/jackson/core/json/UTF8StreamJsonParser.java,2820,RelationalOperatorReplacement,if (outPtr >= outBuf.length) {,if (outPtr > outBuf.length) {,10921,
com/fasterxml/jackson/core/json/UTF8StreamJsonParser.java,2828,RelationalOperatorReplacement,if (c < INT_SPACE) {,if (c <= INT_SPACE) {,10922,
com/fasterxml/jackson/core/json/UTF8StreamJsonParser.java,2835,RelationalOperatorReplacement,if (outPtr >= outBuf.length) {,if (outPtr > outBuf.length) {,10923,
com/fasterxml/jackson/core/json/UTF8StreamJsonParser.java,2863,RelationalOperatorReplacement,if (_inputPtr >= _inputEnd) {,if (_inputPtr > _inputEnd) {,10925,
com/fasterxml/jackson/core/json/UTF8StreamJsonParser.java,2898,RelationalOperatorReplacement,if ((ptr + 3) < _inputEnd) {,if ((ptr + 3) <= _inputEnd) {,10929,
com/fasterxml/jackson/core/json/UTF8StreamJsonParser.java,2904,RelationalOperatorReplacement,if (ch < INT_0 || (ch | 0x20) == INT_RCURLY) { // < '0' || ~ '}]' expected/allowed chars,if (ch <= INT_0 || (ch | 0x20) == INT_RCURLY) { // < '0' || ~ '}]' expected/allowed chars,10933,
com/fasterxml/jackson/core/json/UTF8StreamJsonParser.java,2916,RelationalOperatorReplacement,if ((ptr + 4) < _inputEnd) {,if ((ptr + 4) <= _inputEnd) {,10935,
com/fasterxml/jackson/core/json/UTF8StreamJsonParser.java,2923,RelationalOperatorReplacement,if (ch < INT_0 || (ch | 0x20) == INT_RCURLY) { // < '0' || ~ '}]' expected/allowed chars,if (ch <= INT_0 || (ch | 0x20) == INT_RCURLY) { // < '0' || ~ '}]' expected/allowed chars,10940,
com/fasterxml/jackson/core/json/UTF8StreamJsonParser.java,2935,RelationalOperatorReplacement,if ((ptr + 3) < _inputEnd) {,if ((ptr + 3) <= _inputEnd) {,10942,
com/fasterxml/jackson/core/json/UTF8StreamJsonParser.java,2941,RelationalOperatorReplacement,if (ch < INT_0 || (ch | 0x20) == INT_RCURLY) { // < '0' || ~ '}]' expected/allowed chars,if (ch <= INT_0 || (ch | 0x20) == INT_RCURLY) { // < '0' || ~ '}]' expected/allowed chars,10946,
com/fasterxml/jackson/core/json/UTF8StreamJsonParser.java,2953,RelationalOperatorReplacement,if ((_inputPtr + len) >= _inputEnd) {,if ((_inputPtr + len) > _inputEnd) {,10948,
com/fasterxml/jackson/core/json/UTF8StreamJsonParser.java,2962,RelationalOperatorReplacement,} while (++i < len);,} while (++i <= len);,10950,
com/fasterxml/jackson/core/json/UTF8StreamJsonParser.java,2965,RelationalOperatorReplacement,if (ch >= '0' && ch != ']' && ch != '}') { // expected/allowed chars,if (ch > '0' && ch != ']' && ch != '}') { // expected/allowed chars,10951,
com/fasterxml/jackson/core/json/UTF8StreamJsonParser.java,2974,RelationalOperatorReplacement,if (((_inputPtr >= _inputEnd) && !_loadMore()),if (((_inputPtr > _inputEnd) && !_loadMore()),10954,
com/fasterxml/jackson/core/json/UTF8StreamJsonParser.java,2979,RelationalOperatorReplacement,} while (++i < len);,} while (++i <= len);,10956,
com/fasterxml/jackson/core/json/UTF8StreamJsonParser.java,2982,RelationalOperatorReplacement,if (_inputPtr >= _inputEnd && !_loadMore()) {,if (_inputPtr > _inputEnd && !_loadMore()) {,10957,
com/fasterxml/jackson/core/json/UTF8StreamJsonParser.java,2986,RelationalOperatorReplacement,if (ch >= '0' && ch != ']' && ch != '}') { // expected/allowed chars,if (ch > '0' && ch != ']' && ch != '}') { // expected/allowed chars,10958,
com/fasterxml/jackson/core/json/UTF8StreamJsonParser.java,3007,RelationalOperatorReplacement,while (_inputPtr < _inputEnd) {,while (_inputPtr <= _inputEnd) {,10961,
com/fasterxml/jackson/core/json/UTF8StreamJsonParser.java,3009,RelationalOperatorReplacement,if (i > INT_SPACE) {,if (i >= INT_SPACE) {,10962,
com/fasterxml/jackson/core/json/UTF8StreamJsonParser.java,3032,RelationalOperatorReplacement,while (_inputPtr < _inputEnd || _loadMore()) {,while (_inputPtr <= _inputEnd || _loadMore()) {,10969,
com/fasterxml/jackson/core/json/UTF8StreamJsonParser.java,3034,RelationalOperatorReplacement,if (i > INT_SPACE) {,if (i >= INT_SPACE) {,10970,
com/fasterxml/jackson/core/json/UTF8StreamJsonParser.java,3064,RelationalOperatorReplacement,if (_inputPtr >= _inputEnd) {,if (_inputPtr > _inputEnd) {,10977,
com/fasterxml/jackson/core/json/UTF8StreamJsonParser.java,3070,RelationalOperatorReplacement,if (i > INT_SPACE) {,if (i >= INT_SPACE) {,10978,
com/fasterxml/jackson/core/json/UTF8StreamJsonParser.java,3088,RelationalOperatorReplacement,while (_inputPtr < _inputEnd) {,while (_inputPtr <= _inputEnd) {,10985,
com/fasterxml/jackson/core/json/UTF8StreamJsonParser.java,3090,RelationalOperatorReplacement,if (i > INT_SPACE) {,if (i >= INT_SPACE) {,10986,
com/fasterxml/jackson/core/json/UTF8StreamJsonParser.java,3113,RelationalOperatorReplacement,while ((_inputPtr < _inputEnd) || _loadMore()) {,while ((_inputPtr <= _inputEnd) || _loadMore()) {,10993,
com/fasterxml/jackson/core/json/UTF8StreamJsonParser.java,3115,RelationalOperatorReplacement,if (i > INT_SPACE) {,if (i >= INT_SPACE) {,10994,
com/fasterxml/jackson/core/json/UTF8StreamJsonParser.java,3143,RelationalOperatorReplacement,if ((_inputPtr + 4) >= _inputEnd) {,if ((_inputPtr + 4) > _inputEnd) {,11001,
com/fasterxml/jackson/core/json/UTF8StreamJsonParser.java,3150,RelationalOperatorReplacement,if (i > INT_SPACE) { // nor trailing,if (i >= INT_SPACE) { // nor trailing,11003,
com/fasterxml/jackson/core/json/UTF8StreamJsonParser.java,3159,RelationalOperatorReplacement,if (i > INT_SPACE) {,if (i >= INT_SPACE) {,11008,
com/fasterxml/jackson/core/json/UTF8StreamJsonParser.java,3174,RelationalOperatorReplacement,if (i > INT_SPACE) {,if (i >= INT_SPACE) {,11014,
com/fasterxml/jackson/core/json/UTF8StreamJsonParser.java,3183,RelationalOperatorReplacement,if (i > INT_SPACE) {,if (i >= INT_SPACE) {,11019,
com/fasterxml/jackson/core/json/UTF8StreamJsonParser.java,3198,RelationalOperatorReplacement,while (_inputPtr < _inputEnd || _loadMore()) {,while (_inputPtr <= _inputEnd || _loadMore()) {,11022,
com/fasterxml/jackson/core/json/UTF8StreamJsonParser.java,3201,RelationalOperatorReplacement,if (i > INT_SPACE) {,if (i >= INT_SPACE) {,11023,
com/fasterxml/jackson/core/json/UTF8StreamJsonParser.java,3240,RelationalOperatorReplacement,if (_inputPtr >= _inputEnd && !_loadMore()) {,if (_inputPtr > _inputEnd && !_loadMore()) {,11032,
com/fasterxml/jackson/core/json/UTF8StreamJsonParser.java,3260,RelationalOperatorReplacement,while ((_inputPtr < _inputEnd) || _loadMore()) {,while ((_inputPtr <= _inputEnd) || _loadMore()) {,11035,
com/fasterxml/jackson/core/json/UTF8StreamJsonParser.java,3266,RelationalOperatorReplacement,if (_inputPtr >= _inputEnd && !_loadMore()) {,if (_inputPtr > _inputEnd && !_loadMore()) {,11037,
com/fasterxml/jackson/core/json/UTF8StreamJsonParser.java,3314,RelationalOperatorReplacement,while ((_inputPtr < _inputEnd) || _loadMore()) {,while ((_inputPtr <= _inputEnd) || _loadMore()) {,11040,
com/fasterxml/jackson/core/json/UTF8StreamJsonParser.java,3338,RelationalOperatorReplacement,if (code < 0) {,if (code <= 0) {,11042,
com/fasterxml/jackson/core/json/UTF8StreamJsonParser.java,3350,RelationalOperatorReplacement,if (_inputPtr >= _inputEnd) {,if (_inputPtr > _inputEnd) {,11043,
com/fasterxml/jackson/core/json/UTF8StreamJsonParser.java,3385,RelationalOperatorReplacement,for (int i = 0; i < 4; ++i) {,for (int i = 0; i <= 4; ++i) {,11044,
com/fasterxml/jackson/core/json/UTF8StreamJsonParser.java,3386,RelationalOperatorReplacement,if (_inputPtr >= _inputEnd) {,if (_inputPtr > _inputEnd) {,11045,
com/fasterxml/jackson/core/json/UTF8StreamJsonParser.java,3393,RelationalOperatorReplacement,if (digit < 0) {,if (digit <= 0) {,11046,
com/fasterxml/jackson/core/json/UTF8StreamJsonParser.java,3404,RelationalOperatorReplacement,"if (c > 0x7F) { // if >= 0, is ascii and fine as is","if (c >= 0x7F) { // if >= 0, is ascii and fine as is",11047,
com/fasterxml/jackson/core/json/UTF8StreamJsonParser.java,3429,RelationalOperatorReplacement,if (needed > 1) { // needed == 1 means 2 bytes total,if (needed >= 1) { // needed == 1 means 2 bytes total,11052,
com/fasterxml/jackson/core/json/UTF8StreamJsonParser.java,3435,RelationalOperatorReplacement,if (needed > 2) { // 4 bytes? (need surrogates),if (needed >= 2) { // 4 bytes? (need surrogates),11054,
com/fasterxml/jackson/core/json/UTF8StreamJsonParser.java,3455,RelationalOperatorReplacement,if (_inputPtr >= _inputEnd) {,if (_inputPtr > _inputEnd) {,11056,
com/fasterxml/jackson/core/json/UTF8StreamJsonParser.java,3467,RelationalOperatorReplacement,if (_inputPtr >= _inputEnd) {,if (_inputPtr > _inputEnd) {,11058,
com/fasterxml/jackson/core/json/UTF8StreamJsonParser.java,3476,RelationalOperatorReplacement,if (_inputPtr >= _inputEnd) {,if (_inputPtr > _inputEnd) {,11060,
com/fasterxml/jackson/core/json/UTF8StreamJsonParser.java,3507,RelationalOperatorReplacement,if (_inputPtr >= _inputEnd) {,if (_inputPtr > _inputEnd) {,11064,
com/fasterxml/jackson/core/json/UTF8StreamJsonParser.java,3516,RelationalOperatorReplacement,if (_inputPtr >= _inputEnd) {,if (_inputPtr > _inputEnd) {,11066,
com/fasterxml/jackson/core/json/UTF8StreamJsonParser.java,3524,RelationalOperatorReplacement,if (_inputPtr >= _inputEnd) {,if (_inputPtr > _inputEnd) {,11068,
com/fasterxml/jackson/core/json/UTF8StreamJsonParser.java,3540,RelationalOperatorReplacement,if (_inputPtr >= _inputEnd) {,if (_inputPtr > _inputEnd) {,11070,
com/fasterxml/jackson/core/json/UTF8StreamJsonParser.java,3554,RelationalOperatorReplacement,if (_inputPtr >= _inputEnd) {,if (_inputPtr > _inputEnd) {,11072,
com/fasterxml/jackson/core/json/UTF8StreamJsonParser.java,3562,RelationalOperatorReplacement,if (_inputPtr >= _inputEnd) {,if (_inputPtr > _inputEnd) {,11074,
com/fasterxml/jackson/core/json/UTF8StreamJsonParser.java,3573,RelationalOperatorReplacement,if (_inputPtr >= _inputEnd) {,if (_inputPtr > _inputEnd) {,11076,
com/fasterxml/jackson/core/json/UTF8StreamJsonParser.java,3580,RelationalOperatorReplacement,if (_inputPtr >= _inputEnd) {,if (_inputPtr > _inputEnd) {,11078,
com/fasterxml/jackson/core/json/UTF8StreamJsonParser.java,3587,RelationalOperatorReplacement,if (_inputPtr >= _inputEnd) {,if (_inputPtr > _inputEnd) {,11080,
com/fasterxml/jackson/core/json/UTF8StreamJsonParser.java,3606,RelationalOperatorReplacement,if (_inputPtr < _inputEnd || _loadMore()) {,if (_inputPtr <= _inputEnd || _loadMore()) {,11082,
com/fasterxml/jackson/core/json/UTF8StreamJsonParser.java,3617,RelationalOperatorReplacement,if (_inputPtr >= _inputEnd) {,if (_inputPtr > _inputEnd) {,11084,
com/fasterxml/jackson/core/json/UTF8StreamJsonParser.java,3645,RelationalOperatorReplacement,while ((_inputPtr < _inputEnd) || _loadMore()) {,while ((_inputPtr <= _inputEnd) || _loadMore()) {,11085,
com/fasterxml/jackson/core/json/UTF8StreamJsonParser.java,3657,RelationalOperatorReplacement,if (sb.length() >= _ioContext.errorReportConfiguration().getMaxErrorTokenLength()) {,if (sb.length() > _ioContext.errorReportConfiguration().getMaxErrorTokenLength()) {,11086,
com/fasterxml/jackson/core/json/UTF8StreamJsonParser.java,3668,RelationalOperatorReplacement,if (c < INT_SPACE) {,if (c <= INT_SPACE) {,11087,
com/fasterxml/jackson/core/json/UTF8StreamJsonParser.java,3715,RelationalOperatorReplacement,if (_inputPtr >= _inputEnd) {,if (_inputPtr > _inputEnd) {,11088,
com/fasterxml/jackson/core/json/UTF8StreamJsonParser.java,3719,RelationalOperatorReplacement,} while (ch <= INT_SPACE);,} while (ch < INT_SPACE);,11089,
com/fasterxml/jackson/core/json/UTF8StreamJsonParser.java,3721,RelationalOperatorReplacement,"if (bits < 0) { // reached the end, fair and square?","if (bits <= 0) { // reached the end, fair and square?",11090,
com/fasterxml/jackson/core/json/UTF8StreamJsonParser.java,3726,RelationalOperatorReplacement,if (bits < 0) { // white space to skip,if (bits <= 0) { // white space to skip,11092,
com/fasterxml/jackson/core/json/UTF8StreamJsonParser.java,3734,RelationalOperatorReplacement,if (_inputPtr >= _inputEnd) {,if (_inputPtr > _inputEnd) {,11093,
com/fasterxml/jackson/core/json/UTF8StreamJsonParser.java,3739,RelationalOperatorReplacement,if (bits < 0) {,if (bits <= 0) {,11094,
com/fasterxml/jackson/core/json/UTF8StreamJsonParser.java,3745,RelationalOperatorReplacement,if (_inputPtr >= _inputEnd) {,if (_inputPtr > _inputEnd) {,11095,
com/fasterxml/jackson/core/json/UTF8StreamJsonParser.java,3752,RelationalOperatorReplacement,if (bits < 0) {,if (bits <= 0) {,11096,
com/fasterxml/jackson/core/json/UTF8StreamJsonParser.java,3768,RelationalOperatorReplacement,if (_inputPtr >= _inputEnd) {,if (_inputPtr > _inputEnd) {,11100,
com/fasterxml/jackson/core/json/UTF8StreamJsonParser.java,3786,RelationalOperatorReplacement,if (_inputPtr >= _inputEnd) {,if (_inputPtr > _inputEnd) {,11102,
com/fasterxml/jackson/core/json/UTF8StreamJsonParser.java,3791,RelationalOperatorReplacement,if (bits < 0) {,if (bits <= 0) {,11103,
com/fasterxml/jackson/core/json/WriterBasedJsonGenerator.java,26,NullifyReturnValue,return _cfgWriteHexUppercase ? HEX_CHARS_UPPER : HEX_CHARS_LOWER;,return null;,11668,
com/fasterxml/jackson/core/json/WriterBasedJsonGenerator.java,2046,NullifyReturnValue,return buf;,return null;,11670,
com/fasterxml/jackson/core/json/WriterBasedJsonGenerator.java,2056,NullifyReturnValue,return _copyBuffer;,return null;,11671,
com/fasterxml/jackson/core/json/WriterBasedJsonGenerator.java,176,RelationalOperatorReplacement,if ((_outputTail + 1) >= _outputEnd) {,if ((_outputTail + 1) > _outputEnd) {,11678,
com/fasterxml/jackson/core/json/WriterBasedJsonGenerator.java,192,RelationalOperatorReplacement,if (_outputTail >= _outputEnd) {,if (_outputTail > _outputEnd) {,11679,
com/fasterxml/jackson/core/json/WriterBasedJsonGenerator.java,205,RelationalOperatorReplacement,if ((_outputTail + 1) >= _outputEnd) {,if ((_outputTail + 1) > _outputEnd) {,11681,
com/fasterxml/jackson/core/json/WriterBasedJsonGenerator.java,222,RelationalOperatorReplacement,if (len < 0) {,if (len <= 0) {,11682,
com/fasterxml/jackson/core/json/WriterBasedJsonGenerator.java,227,RelationalOperatorReplacement,if (_outputTail >= _outputEnd) {,if (_outputTail > _outputEnd) {,11683,
com/fasterxml/jackson/core/json/WriterBasedJsonGenerator.java,237,RelationalOperatorReplacement,if (_outputTail >= _outputEnd) {,if (_outputTail > _outputEnd) {,11684,
com/fasterxml/jackson/core/json/WriterBasedJsonGenerator.java,258,RelationalOperatorReplacement,if (_outputTail >= _outputEnd) {,if (_outputTail > _outputEnd) {,11686,
com/fasterxml/jackson/core/json/WriterBasedJsonGenerator.java,274,RelationalOperatorReplacement,if (_outputTail >= _outputEnd) {,if (_outputTail > _outputEnd) {,11688,
com/fasterxml/jackson/core/json/WriterBasedJsonGenerator.java,290,RelationalOperatorReplacement,if (_outputTail >= _outputEnd) {,if (_outputTail > _outputEnd) {,11690,
com/fasterxml/jackson/core/json/WriterBasedJsonGenerator.java,306,RelationalOperatorReplacement,if (_outputTail >= _outputEnd) {,if (_outputTail > _outputEnd) {,11692,
com/fasterxml/jackson/core/json/WriterBasedJsonGenerator.java,323,RelationalOperatorReplacement,if (_outputTail >= _outputEnd) {,if (_outputTail > _outputEnd) {,11694,
com/fasterxml/jackson/core/json/WriterBasedJsonGenerator.java,340,RelationalOperatorReplacement,if (_outputTail >= _outputEnd) {,if (_outputTail > _outputEnd) {,11696,
com/fasterxml/jackson/core/json/WriterBasedJsonGenerator.java,361,RelationalOperatorReplacement,if (_outputTail >= _outputEnd) {,if (_outputTail > _outputEnd) {,11698,
com/fasterxml/jackson/core/json/WriterBasedJsonGenerator.java,382,RelationalOperatorReplacement,if (_outputTail >= _outputEnd) {,if (_outputTail > _outputEnd) {,11699,
com/fasterxml/jackson/core/json/WriterBasedJsonGenerator.java,387,RelationalOperatorReplacement,if (_outputTail >= _outputEnd) {,if (_outputTail > _outputEnd) {,11700,
com/fasterxml/jackson/core/json/WriterBasedJsonGenerator.java,405,RelationalOperatorReplacement,if (_outputTail >= _outputEnd) {,if (_outputTail > _outputEnd) {,11701,
com/fasterxml/jackson/core/json/WriterBasedJsonGenerator.java,410,RelationalOperatorReplacement,if (_outputTail >= _outputEnd) {,if (_outputTail > _outputEnd) {,11702,
com/fasterxml/jackson/core/json/WriterBasedJsonGenerator.java,431,RelationalOperatorReplacement,if (_outputTail >= _outputEnd) {,if (_outputTail > _outputEnd) {,11704,
com/fasterxml/jackson/core/json/WriterBasedJsonGenerator.java,437,RelationalOperatorReplacement,if (_outputTail >= _outputEnd) {,if (_outputTail > _outputEnd) {,11705,
com/fasterxml/jackson/core/json/WriterBasedJsonGenerator.java,451,RelationalOperatorReplacement,int toRead = (len >= 0) ? len : Integer.MAX_VALUE;,int toRead = (len > 0) ? len : Integer.MAX_VALUE;,11707,
com/fasterxml/jackson/core/json/WriterBasedJsonGenerator.java,453,RelationalOperatorReplacement,if (_outputTail >= _outputEnd) {,if (_outputTail > _outputEnd) {,11708,
com/fasterxml/jackson/core/json/WriterBasedJsonGenerator.java,459,RelationalOperatorReplacement,while (toRead > 0) {,while (toRead >= 0) {,11709,
com/fasterxml/jackson/core/json/WriterBasedJsonGenerator.java,462,RelationalOperatorReplacement,if (numRead <= 0) {,if (numRead < 0) {,11710,
com/fasterxml/jackson/core/json/WriterBasedJsonGenerator.java,469,RelationalOperatorReplacement,if (_outputTail >= _outputEnd) {,if (_outputTail > _outputEnd) {,11711,
com/fasterxml/jackson/core/json/WriterBasedJsonGenerator.java,474,RelationalOperatorReplacement,if (toRead > 0 && len >= 0) {,if (toRead >= 0 && len >= 0) {,11712,
com/fasterxml/jackson/core/json/WriterBasedJsonGenerator.java,474,RelationalOperatorReplacement,if (toRead > 0 && len >= 0) {,if (toRead > 0 && len > 0) {,11713,
com/fasterxml/jackson/core/json/WriterBasedJsonGenerator.java,483,RelationalOperatorReplacement,if (_outputTail >= _outputEnd) {,if (_outputTail > _outputEnd) {,11714,
com/fasterxml/jackson/core/json/WriterBasedJsonGenerator.java,489,RelationalOperatorReplacement,if (_outputTail >= _outputEnd) {,if (_outputTail > _outputEnd) {,11715,
com/fasterxml/jackson/core/json/WriterBasedJsonGenerator.java,499,RelationalOperatorReplacement,if (_outputTail >= _outputEnd) {,if (_outputTail > _outputEnd) {,11716,
com/fasterxml/jackson/core/json/WriterBasedJsonGenerator.java,504,RelationalOperatorReplacement,if (len < 0) {,if (len <= 0) {,11717,
com/fasterxml/jackson/core/json/WriterBasedJsonGenerator.java,509,RelationalOperatorReplacement,if (_outputTail >= _outputEnd) {,if (_outputTail > _outputEnd) {,11718,
com/fasterxml/jackson/core/json/WriterBasedJsonGenerator.java,520,RelationalOperatorReplacement,if (len < SHORT_WRITE) {,if (len <= SHORT_WRITE) {,11719,
com/fasterxml/jackson/core/json/WriterBasedJsonGenerator.java,522,RelationalOperatorReplacement,if (len > room) {,if (len >= room) {,11720,
com/fasterxml/jackson/core/json/WriterBasedJsonGenerator.java,531,RelationalOperatorReplacement,if (_outputTail >= _outputEnd) {,if (_outputTail > _outputEnd) {,11721,
com/fasterxml/jackson/core/json/WriterBasedJsonGenerator.java,567,RelationalOperatorReplacement,if (room >= len) {,if (room > len) {,11723,
com/fasterxml/jackson/core/json/WriterBasedJsonGenerator.java,583,RelationalOperatorReplacement,if (room < len) {,if (room <= len) {,11724,
com/fasterxml/jackson/core/json/WriterBasedJsonGenerator.java,588,RelationalOperatorReplacement,if (room >= len) {,if (room > len) {,11725,
com/fasterxml/jackson/core/json/WriterBasedJsonGenerator.java,600,RelationalOperatorReplacement,if (len < 0) {,if (len <= 0) {,11726,
com/fasterxml/jackson/core/json/WriterBasedJsonGenerator.java,613,RelationalOperatorReplacement,if (len < SHORT_WRITE) {,if (len <= SHORT_WRITE) {,11727,
com/fasterxml/jackson/core/json/WriterBasedJsonGenerator.java,615,RelationalOperatorReplacement,if (len > room) {,if (len >= room) {,11728,
com/fasterxml/jackson/core/json/WriterBasedJsonGenerator.java,630,RelationalOperatorReplacement,if (_outputTail >= _outputEnd) {,if (_outputTail > _outputEnd) {,11729,
com/fasterxml/jackson/core/json/WriterBasedJsonGenerator.java,646,RelationalOperatorReplacement,while (len > _outputEnd) {,while (len >= _outputEnd) {,11730,
com/fasterxml/jackson/core/json/WriterBasedJsonGenerator.java,675,RelationalOperatorReplacement,if (_outputTail >= _outputEnd) {,if (_outputTail > _outputEnd) {,11731,
com/fasterxml/jackson/core/json/WriterBasedJsonGenerator.java,681,RelationalOperatorReplacement,if (_outputTail >= _outputEnd) {,if (_outputTail > _outputEnd) {,11732,
com/fasterxml/jackson/core/json/WriterBasedJsonGenerator.java,694,RelationalOperatorReplacement,if (_outputTail >= _outputEnd) {,if (_outputTail > _outputEnd) {,11733,
com/fasterxml/jackson/core/json/WriterBasedJsonGenerator.java,701,RelationalOperatorReplacement,if (dataLength < 0) { // length unknown,if (dataLength <= 0) { // length unknown,11734,
com/fasterxml/jackson/core/json/WriterBasedJsonGenerator.java,705,RelationalOperatorReplacement,if (missing > 0) {,if (missing >= 0) {,11735,
com/fasterxml/jackson/core/json/WriterBasedJsonGenerator.java,714,RelationalOperatorReplacement,if (_outputTail >= _outputEnd) {,if (_outputTail > _outputEnd) {,11736,
com/fasterxml/jackson/core/json/WriterBasedJsonGenerator.java,736,RelationalOperatorReplacement,if ((_outputTail + 6) >= _outputEnd) {,if ((_outputTail + 6) > _outputEnd) {,11737,
com/fasterxml/jackson/core/json/WriterBasedJsonGenerator.java,743,RelationalOperatorReplacement,if ((_outputTail + 8) >= _outputEnd) {,if ((_outputTail + 8) > _outputEnd) {,11738,
com/fasterxml/jackson/core/json/WriterBasedJsonGenerator.java,760,RelationalOperatorReplacement,if ((_outputTail + 11) >= _outputEnd) {,if ((_outputTail + 11) > _outputEnd) {,11739,
com/fasterxml/jackson/core/json/WriterBasedJsonGenerator.java,767,RelationalOperatorReplacement,if ((_outputTail + 13) >= _outputEnd) {,if ((_outputTail + 13) > _outputEnd) {,11740,
com/fasterxml/jackson/core/json/WriterBasedJsonGenerator.java,783,RelationalOperatorReplacement,if ((_outputTail + 21) >= _outputEnd) {,if ((_outputTail + 21) > _outputEnd) {,11741,
com/fasterxml/jackson/core/json/WriterBasedJsonGenerator.java,791,RelationalOperatorReplacement,if ((_outputTail + 23) >= _outputEnd) {,if ((_outputTail + 23) > _outputEnd) {,11742,
com/fasterxml/jackson/core/json/WriterBasedJsonGenerator.java,881,RelationalOperatorReplacement,if (_outputTail >= _outputEnd) {,if (_outputTail > _outputEnd) {,11746,
com/fasterxml/jackson/core/json/WriterBasedJsonGenerator.java,886,RelationalOperatorReplacement,if (_outputTail >= _outputEnd) {,if (_outputTail > _outputEnd) {,11747,
com/fasterxml/jackson/core/json/WriterBasedJsonGenerator.java,894,RelationalOperatorReplacement,if (_outputTail >= _outputEnd) {,if (_outputTail > _outputEnd) {,11748,
com/fasterxml/jackson/core/json/WriterBasedJsonGenerator.java,899,RelationalOperatorReplacement,if (_outputTail >= _outputEnd) {,if (_outputTail > _outputEnd) {,11749,
com/fasterxml/jackson/core/json/WriterBasedJsonGenerator.java,909,RelationalOperatorReplacement,if ((_outputTail + 5) >= _outputEnd) {,if ((_outputTail + 5) > _outputEnd) {,11750,
com/fasterxml/jackson/core/json/WriterBasedJsonGenerator.java,970,RelationalOperatorReplacement,if (_outputTail >= _outputEnd) {,if (_outputTail > _outputEnd) {,11753,
com/fasterxml/jackson/core/json/WriterBasedJsonGenerator.java,1082,RelationalOperatorReplacement,if (len > _outputEnd) { // Let's reserve space for entity at begin/end,if (len >= _outputEnd) { // Let's reserve space for entity at begin/end,11761,
com/fasterxml/jackson/core/json/WriterBasedJsonGenerator.java,1089,RelationalOperatorReplacement,if ((_outputTail + len) > _outputEnd) {,if ((_outputTail + len) >= _outputEnd) {,11762,
com/fasterxml/jackson/core/json/WriterBasedJsonGenerator.java,1111,RelationalOperatorReplacement,while (_outputTail < end) {,while (_outputTail <= end) {,11765,
com/fasterxml/jackson/core/json/WriterBasedJsonGenerator.java,1116,RelationalOperatorReplacement,if (c < escLen && escCodes[c] != 0) {,if (c <= escLen && escCodes[c] != 0) {,11766,
com/fasterxml/jackson/core/json/WriterBasedJsonGenerator.java,1119,RelationalOperatorReplacement,if (++_outputTail >= end) {,if (++_outputTail > end) {,11768,
com/fasterxml/jackson/core/json/WriterBasedJsonGenerator.java,1129,RelationalOperatorReplacement,if (flushLen > 0) {,if (flushLen >= 0) {,11769,
com/fasterxml/jackson/core/json/WriterBasedJsonGenerator.java,1154,RelationalOperatorReplacement,int segmentLen = ((offset + max) > textLen),int segmentLen = ((offset + max) >= textLen),11770,
com/fasterxml/jackson/core/json/WriterBasedJsonGenerator.java,1165,RelationalOperatorReplacement,} while (offset < textLen);,} while (offset <= textLen);,11773,
com/fasterxml/jackson/core/json/WriterBasedJsonGenerator.java,1186,RelationalOperatorReplacement,while (ptr < end) {,while (ptr <= end) {,11774,
com/fasterxml/jackson/core/json/WriterBasedJsonGenerator.java,1191,RelationalOperatorReplacement,if (c < escLen && escCodes[c] != 0) {,if (c <= escLen && escCodes[c] != 0) {,11775,
com/fasterxml/jackson/core/json/WriterBasedJsonGenerator.java,1194,RelationalOperatorReplacement,if (++ptr >= end) {,if (++ptr > end) {,11777,
com/fasterxml/jackson/core/json/WriterBasedJsonGenerator.java,1204,RelationalOperatorReplacement,if (flushLen > 0) {,if (flushLen >= 0) {,11778,
com/fasterxml/jackson/core/json/WriterBasedJsonGenerator.java,1206,RelationalOperatorReplacement,if (ptr >= end) {,if (ptr > end) {,11779,
com/fasterxml/jackson/core/json/WriterBasedJsonGenerator.java,1237,RelationalOperatorReplacement,while (offset < len) {,while (offset <= len) {,11782,
com/fasterxml/jackson/core/json/WriterBasedJsonGenerator.java,1242,RelationalOperatorReplacement,if (c < escLen && escCodes[c] != 0) {,if (c <= escLen && escCodes[c] != 0) {,11783,
com/fasterxml/jackson/core/json/WriterBasedJsonGenerator.java,1245,RelationalOperatorReplacement,if (++offset >= len) {,if (++offset > len) {,11785,
com/fasterxml/jackson/core/json/WriterBasedJsonGenerator.java,1252,RelationalOperatorReplacement,if (newAmount < SHORT_WRITE) {,if (newAmount <= SHORT_WRITE) {,11786,
com/fasterxml/jackson/core/json/WriterBasedJsonGenerator.java,1254,RelationalOperatorReplacement,if ((_outputTail + newAmount) > _outputEnd) {,if ((_outputTail + newAmount) >= _outputEnd) {,11787,
com/fasterxml/jackson/core/json/WriterBasedJsonGenerator.java,1257,RelationalOperatorReplacement,if (newAmount > 0) {,if (newAmount >= 0) {,11788,
com/fasterxml/jackson/core/json/WriterBasedJsonGenerator.java,1266,RelationalOperatorReplacement,if (offset >= len) { // yup,if (offset > len) { // yup,11789,
com/fasterxml/jackson/core/json/WriterBasedJsonGenerator.java,1295,RelationalOperatorReplacement,while (_outputTail < end) {,while (_outputTail <= end) {,11790,
com/fasterxml/jackson/core/json/WriterBasedJsonGenerator.java,1301,RelationalOperatorReplacement,if (c < escLimit) {,if (c <= escLimit) {,11791,
com/fasterxml/jackson/core/json/WriterBasedJsonGenerator.java,1306,RelationalOperatorReplacement,} else if (c > maxNonEscaped) {,} else if (c >= maxNonEscaped) {,11793,
com/fasterxml/jackson/core/json/WriterBasedJsonGenerator.java,1310,RelationalOperatorReplacement,if (++_outputTail >= end) {,if (++_outputTail > end) {,11794,
com/fasterxml/jackson/core/json/WriterBasedJsonGenerator.java,1315,RelationalOperatorReplacement,if (flushLen > 0) {,if (flushLen >= 0) {,11795,
com/fasterxml/jackson/core/json/WriterBasedJsonGenerator.java,1334,RelationalOperatorReplacement,while (ptr < end) {,while (ptr <= end) {,11796,
com/fasterxml/jackson/core/json/WriterBasedJsonGenerator.java,1339,RelationalOperatorReplacement,if (c < escLimit) {,if (c <= escLimit) {,11797,
com/fasterxml/jackson/core/json/WriterBasedJsonGenerator.java,1344,RelationalOperatorReplacement,} else if (c > maxNonEscaped) {,} else if (c >= maxNonEscaped) {,11799,
com/fasterxml/jackson/core/json/WriterBasedJsonGenerator.java,1348,RelationalOperatorReplacement,if (++ptr >= end) {,if (++ptr > end) {,11800,
com/fasterxml/jackson/core/json/WriterBasedJsonGenerator.java,1353,RelationalOperatorReplacement,if (flushLen > 0) {,if (flushLen >= 0) {,11801,
com/fasterxml/jackson/core/json/WriterBasedJsonGenerator.java,1355,RelationalOperatorReplacement,if (ptr >= end) {,if (ptr > end) {,11802,
com/fasterxml/jackson/core/json/WriterBasedJsonGenerator.java,1374,RelationalOperatorReplacement,while (offset < len) {,while (offset <= len) {,11803,
com/fasterxml/jackson/core/json/WriterBasedJsonGenerator.java,1380,RelationalOperatorReplacement,if (c < escLimit) {,if (c <= escLimit) {,11804,
com/fasterxml/jackson/core/json/WriterBasedJsonGenerator.java,1385,RelationalOperatorReplacement,} else if (c > maxNonEscaped) {,} else if (c >= maxNonEscaped) {,11806,
com/fasterxml/jackson/core/json/WriterBasedJsonGenerator.java,1389,RelationalOperatorReplacement,if (++offset >= len) {,if (++offset > len) {,11807,
com/fasterxml/jackson/core/json/WriterBasedJsonGenerator.java,1396,RelationalOperatorReplacement,if (newAmount < SHORT_WRITE) {,if (newAmount <= SHORT_WRITE) {,11808,
com/fasterxml/jackson/core/json/WriterBasedJsonGenerator.java,1398,RelationalOperatorReplacement,if ((_outputTail + newAmount) > _outputEnd) {,if ((_outputTail + newAmount) >= _outputEnd) {,11809,
com/fasterxml/jackson/core/json/WriterBasedJsonGenerator.java,1401,RelationalOperatorReplacement,if (newAmount > 0) {,if (newAmount >= 0) {,11810,
com/fasterxml/jackson/core/json/WriterBasedJsonGenerator.java,1410,RelationalOperatorReplacement,if (offset >= len) { // yup,if (offset > len) { // yup,11811,
com/fasterxml/jackson/core/json/WriterBasedJsonGenerator.java,1435,RelationalOperatorReplacement,final int maxNonEscaped = (_maximumNonEscapedChar < 1) ? 0xFFFF : _maximumNonEscapedChar;,final int maxNonEscaped = (_maximumNonEscapedChar <= 1) ? 0xFFFF : _maximumNonEscapedChar;,11812,
com/fasterxml/jackson/core/json/WriterBasedJsonGenerator.java,1441,RelationalOperatorReplacement,while (_outputTail < end) {,while (_outputTail <= end) {,11813,
com/fasterxml/jackson/core/json/WriterBasedJsonGenerator.java,1447,RelationalOperatorReplacement,if (c < escLimit) {,if (c <= escLimit) {,11814,
com/fasterxml/jackson/core/json/WriterBasedJsonGenerator.java,1452,RelationalOperatorReplacement,} else if (c > maxNonEscaped) {,} else if (c >= maxNonEscaped) {,11816,
com/fasterxml/jackson/core/json/WriterBasedJsonGenerator.java,1461,RelationalOperatorReplacement,if (++_outputTail >= end) {,if (++_outputTail > end) {,11818,
com/fasterxml/jackson/core/json/WriterBasedJsonGenerator.java,1466,RelationalOperatorReplacement,if (flushLen > 0) {,if (flushLen >= 0) {,11819,
com/fasterxml/jackson/core/json/WriterBasedJsonGenerator.java,1478,RelationalOperatorReplacement,final int maxNonEscaped = (_maximumNonEscapedChar < 1) ? 0xFFFF : _maximumNonEscapedChar;,final int maxNonEscaped = (_maximumNonEscapedChar <= 1) ? 0xFFFF : _maximumNonEscapedChar;,11820,
com/fasterxml/jackson/core/json/WriterBasedJsonGenerator.java,1487,RelationalOperatorReplacement,while (ptr < end) {,while (ptr <= end) {,11821,
com/fasterxml/jackson/core/json/WriterBasedJsonGenerator.java,1492,RelationalOperatorReplacement,if (c < escLimit) {,if (c <= escLimit) {,11822,
com/fasterxml/jackson/core/json/WriterBasedJsonGenerator.java,1497,RelationalOperatorReplacement,} else if (c > maxNonEscaped) {,} else if (c >= maxNonEscaped) {,11824,
com/fasterxml/jackson/core/json/WriterBasedJsonGenerator.java,1506,RelationalOperatorReplacement,if (++ptr >= end) {,if (++ptr > end) {,11826,
com/fasterxml/jackson/core/json/WriterBasedJsonGenerator.java,1511,RelationalOperatorReplacement,if (flushLen > 0) {,if (flushLen >= 0) {,11827,
com/fasterxml/jackson/core/json/WriterBasedJsonGenerator.java,1513,RelationalOperatorReplacement,if (ptr >= end) {,if (ptr > end) {,11828,
com/fasterxml/jackson/core/json/WriterBasedJsonGenerator.java,1527,RelationalOperatorReplacement,final int maxNonEscaped = (_maximumNonEscapedChar < 1) ? 0xFFFF : _maximumNonEscapedChar;,final int maxNonEscaped = (_maximumNonEscapedChar <= 1) ? 0xFFFF : _maximumNonEscapedChar;,11829,
com/fasterxml/jackson/core/json/WriterBasedJsonGenerator.java,1533,RelationalOperatorReplacement,while (offset < len) {,while (offset <= len) {,11830,
com/fasterxml/jackson/core/json/WriterBasedJsonGenerator.java,1539,RelationalOperatorReplacement,if (c < escLimit) {,if (c <= escLimit) {,11831,
com/fasterxml/jackson/core/json/WriterBasedJsonGenerator.java,1544,RelationalOperatorReplacement,} else if (c > maxNonEscaped) {,} else if (c >= maxNonEscaped) {,11833,
com/fasterxml/jackson/core/json/WriterBasedJsonGenerator.java,1553,RelationalOperatorReplacement,if (++offset >= len) {,if (++offset > len) {,11835,
com/fasterxml/jackson/core/json/WriterBasedJsonGenerator.java,1560,RelationalOperatorReplacement,if (newAmount < SHORT_WRITE) {,if (newAmount <= SHORT_WRITE) {,11836,
com/fasterxml/jackson/core/json/WriterBasedJsonGenerator.java,1562,RelationalOperatorReplacement,if ((_outputTail + newAmount) > _outputEnd) {,if ((_outputTail + newAmount) >= _outputEnd) {,11837,
com/fasterxml/jackson/core/json/WriterBasedJsonGenerator.java,1565,RelationalOperatorReplacement,if (newAmount > 0) {,if (newAmount >= 0) {,11838,
com/fasterxml/jackson/core/json/WriterBasedJsonGenerator.java,1574,RelationalOperatorReplacement,if (offset >= len) { // yup,if (offset > len) { // yup,11839,
com/fasterxml/jackson/core/json/WriterBasedJsonGenerator.java,1599,RelationalOperatorReplacement,while (inputPtr <= safeInputEnd) {,while (inputPtr < safeInputEnd) {,11840,
com/fasterxml/jackson/core/json/WriterBasedJsonGenerator.java,1600,RelationalOperatorReplacement,if (_outputTail > safeOutputEnd) { // need to flush,if (_outputTail >= safeOutputEnd) { // need to flush,11841,
com/fasterxml/jackson/core/json/WriterBasedJsonGenerator.java,1608,RelationalOperatorReplacement,if (--chunksBeforeLF <= 0) {,if (--chunksBeforeLF < 0) {,11842,
com/fasterxml/jackson/core/json/WriterBasedJsonGenerator.java,1618,RelationalOperatorReplacement,"if (inputLeft > 0) { // yes, but do we have room for output?","if (inputLeft >= 0) { // yes, but do we have room for output?",11843,
com/fasterxml/jackson/core/json/WriterBasedJsonGenerator.java,1619,RelationalOperatorReplacement,if (_outputTail > safeOutputEnd) { // don't really need 6 bytes but...,if (_outputTail >= safeOutputEnd) { // don't really need 6 bytes but...,11844,
com/fasterxml/jackson/core/json/WriterBasedJsonGenerator.java,1643,RelationalOperatorReplacement,while (bytesLeft > 2) { // main loop for full triplets,while (bytesLeft >= 2) { // main loop for full triplets,11846,
com/fasterxml/jackson/core/json/WriterBasedJsonGenerator.java,1644,RelationalOperatorReplacement,if (inputPtr > lastFullOffset) {,if (inputPtr >= lastFullOffset) {,11847,
com/fasterxml/jackson/core/json/WriterBasedJsonGenerator.java,1647,RelationalOperatorReplacement,if (inputEnd < 3) { // required to try to read to have at least 3 bytes,if (inputEnd <= 3) { // required to try to read to have at least 3 bytes,11848,
com/fasterxml/jackson/core/json/WriterBasedJsonGenerator.java,1652,RelationalOperatorReplacement,if (_outputTail > safeOutputEnd) { // need to flush,if (_outputTail >= safeOutputEnd) { // need to flush,11849,
com/fasterxml/jackson/core/json/WriterBasedJsonGenerator.java,1660,RelationalOperatorReplacement,if (--chunksBeforeLF <= 0) {,if (--chunksBeforeLF < 0) {,11850,
com/fasterxml/jackson/core/json/WriterBasedJsonGenerator.java,1668,RelationalOperatorReplacement,if (bytesLeft > 0) {,if (bytesLeft >= 0) {,11851,
com/fasterxml/jackson/core/json/WriterBasedJsonGenerator.java,1671,RelationalOperatorReplacement,"if (inputEnd > 0) { // yes, but do we have room for output?","if (inputEnd >= 0) { // yes, but do we have room for output?",11852,
com/fasterxml/jackson/core/json/WriterBasedJsonGenerator.java,1672,RelationalOperatorReplacement,if (_outputTail > safeOutputEnd) { // don't really need 6 bytes but...,if (_outputTail >= safeOutputEnd) { // don't really need 6 bytes but...,11853,
com/fasterxml/jackson/core/json/WriterBasedJsonGenerator.java,1677,RelationalOperatorReplacement,if (inputPtr < inputEnd) {,if (inputPtr <= inputEnd) {,11854,
com/fasterxml/jackson/core/json/WriterBasedJsonGenerator.java,1706,RelationalOperatorReplacement,if (inputPtr > lastFullOffset) { // need to load more,if (inputPtr >= lastFullOffset) { // need to load more,11855,
com/fasterxml/jackson/core/json/WriterBasedJsonGenerator.java,1709,RelationalOperatorReplacement,if (inputEnd < 3) { // required to try to read to have at least 3 bytes,if (inputEnd <= 3) { // required to try to read to have at least 3 bytes,11856,
com/fasterxml/jackson/core/json/WriterBasedJsonGenerator.java,1714,RelationalOperatorReplacement,if (_outputTail > safeOutputEnd) { // need to flush,if (_outputTail >= safeOutputEnd) { // need to flush,11857,
com/fasterxml/jackson/core/json/WriterBasedJsonGenerator.java,1723,RelationalOperatorReplacement,if (--chunksBeforeLF <= 0) {,if (--chunksBeforeLF < 0) {,11858,
com/fasterxml/jackson/core/json/WriterBasedJsonGenerator.java,1731,RelationalOperatorReplacement,"if (inputPtr < inputEnd) { // yes, but do we have room for output?","if (inputPtr <= inputEnd) { // yes, but do we have room for output?",11859,
com/fasterxml/jackson/core/json/WriterBasedJsonGenerator.java,1732,RelationalOperatorReplacement,if (_outputTail > safeOutputEnd) { // don't really need 6 bytes but...,if (_outputTail >= safeOutputEnd) { // don't really need 6 bytes but...,11860,
com/fasterxml/jackson/core/json/WriterBasedJsonGenerator.java,1737,RelationalOperatorReplacement,if (inputPtr < inputEnd) {,if (inputPtr <= inputEnd) {,11861,
com/fasterxml/jackson/core/json/WriterBasedJsonGenerator.java,1753,RelationalOperatorReplacement,while (inputPtr < inputEnd) {,while (inputPtr <= inputEnd) {,11862,
com/fasterxml/jackson/core/json/WriterBasedJsonGenerator.java,1766,RelationalOperatorReplacement,if (count < 0) {,if (count <= 0) {,11864,
com/fasterxml/jackson/core/json/WriterBasedJsonGenerator.java,1770,RelationalOperatorReplacement,} while (inputEnd < 3);,} while (inputEnd <= 3);,11865,
com/fasterxml/jackson/core/json/WriterBasedJsonGenerator.java,1782,RelationalOperatorReplacement,if ((_outputTail + 4) >= _outputEnd) {,if ((_outputTail + 4) > _outputEnd) {,11866,
com/fasterxml/jackson/core/json/WriterBasedJsonGenerator.java,1808,RelationalOperatorReplacement,if (escCode >= 0) { // \\N (2 char),if (escCode > 0) { // \\N (2 char),11867,
com/fasterxml/jackson/core/json/WriterBasedJsonGenerator.java,1809,RelationalOperatorReplacement,"if (_outputTail >= 2) { // fits, just prepend","if (_outputTail > 2) { // fits, just prepend",11868,
com/fasterxml/jackson/core/json/WriterBasedJsonGenerator.java,1828,RelationalOperatorReplacement,"if (_outputTail >= 6) { // fits, prepend to buffer","if (_outputTail > 6) { // fits, prepend to buffer",11871,
com/fasterxml/jackson/core/json/WriterBasedJsonGenerator.java,1835,RelationalOperatorReplacement,if (ch > 0xFF) { // beyond 8 bytes,if (ch >= 0xFF) { // beyond 8 bytes,11872,
com/fasterxml/jackson/core/json/WriterBasedJsonGenerator.java,1854,RelationalOperatorReplacement,if (ch > 0xFF) { // beyond 8 bytes,if (ch >= 0xFF) { // beyond 8 bytes,11874,
com/fasterxml/jackson/core/json/WriterBasedJsonGenerator.java,1878,RelationalOperatorReplacement,"if (_outputTail >= len) { // fits in, prepend","if (_outputTail > len) { // fits in, prepend",11876,
com/fasterxml/jackson/core/json/WriterBasedJsonGenerator.java,1900,RelationalOperatorReplacement,if (escCode >= 0) { // \\N (2 char),if (escCode > 0) { // \\N (2 char),11877,
com/fasterxml/jackson/core/json/WriterBasedJsonGenerator.java,1901,RelationalOperatorReplacement,"if (ptr > 1 && ptr < end) { // fits, just prepend","if (ptr >= 1 && ptr < end) { // fits, just prepend",11878,
com/fasterxml/jackson/core/json/WriterBasedJsonGenerator.java,1901,RelationalOperatorReplacement,"if (ptr > 1 && ptr < end) { // fits, just prepend","if (ptr > 1 && ptr <= end) { // fits, just prepend",11879,
com/fasterxml/jackson/core/json/WriterBasedJsonGenerator.java,1917,RelationalOperatorReplacement,"if (ptr > 5 && ptr < end) { // fits, prepend to buffer","if (ptr >= 5 && ptr < end) { // fits, prepend to buffer",11882,
com/fasterxml/jackson/core/json/WriterBasedJsonGenerator.java,1917,RelationalOperatorReplacement,"if (ptr > 5 && ptr < end) { // fits, prepend to buffer","if (ptr > 5 && ptr <= end) { // fits, prepend to buffer",11883,
com/fasterxml/jackson/core/json/WriterBasedJsonGenerator.java,1922,RelationalOperatorReplacement,if (ch > 0xFF) { // beyond 8 bytes,if (ch >= 0xFF) { // beyond 8 bytes,11884,
com/fasterxml/jackson/core/json/WriterBasedJsonGenerator.java,1941,RelationalOperatorReplacement,if (ch > 0xFF) { // beyond 8 bytes,if (ch >= 0xFF) { // beyond 8 bytes,11886,
com/fasterxml/jackson/core/json/WriterBasedJsonGenerator.java,1965,RelationalOperatorReplacement,"if (ptr >= len && ptr < end) { // fits in, prepend","if (ptr > len && ptr < end) { // fits in, prepend",11888,
com/fasterxml/jackson/core/json/WriterBasedJsonGenerator.java,1965,RelationalOperatorReplacement,"if (ptr >= len && ptr < end) { // fits in, prepend","if (ptr >= len && ptr <= end) { // fits in, prepend",11889,
com/fasterxml/jackson/core/json/WriterBasedJsonGenerator.java,1981,RelationalOperatorReplacement,if (escCode >= 0) { // \\N (2 char),if (escCode > 0) { // \\N (2 char),11890,
com/fasterxml/jackson/core/json/WriterBasedJsonGenerator.java,1982,RelationalOperatorReplacement,if ((_outputTail + 2) > _outputEnd) {,if ((_outputTail + 2) >= _outputEnd) {,11891,
com/fasterxml/jackson/core/json/WriterBasedJsonGenerator.java,1990,RelationalOperatorReplacement,if ((_outputTail + 5) >= _outputEnd) {,if ((_outputTail + 5) > _outputEnd) {,11893,
com/fasterxml/jackson/core/json/WriterBasedJsonGenerator.java,1999,RelationalOperatorReplacement,if (ch > 0xFF) { // beyond 8 bytes,if (ch >= 0xFF) { // beyond 8 bytes,11894,
com/fasterxml/jackson/core/json/WriterBasedJsonGenerator.java,2021,RelationalOperatorReplacement,if ((_outputTail + len) > _outputEnd) {,if ((_outputTail + len) >= _outputEnd) {,11896,
com/fasterxml/jackson/core/json/WriterBasedJsonGenerator.java,2023,RelationalOperatorReplacement,if (len > _outputEnd) { // very very long escape; unlikely but theoretically possible,if (len >= _outputEnd) { // very very long escape; unlikely but theoretically possible,11897,
com/fasterxml/jackson/core/json/WriterBasedJsonGenerator.java,2062,RelationalOperatorReplacement,if (len > 0) {,if (len >= 0) {,11899,
com/fasterxml/jackson/core/json/async/NonBlockingByteBufferJsonParser.java,42,RelationalOperatorReplacement,if (_inputPtr < _inputEnd) {,if (_inputPtr <= _inputEnd) {,12065,
com/fasterxml/jackson/core/json/async/NonBlockingByteBufferJsonParser.java,49,RelationalOperatorReplacement,if (end < start) {,if (end <= start) {,12066,
com/fasterxml/jackson/core/json/async/NonBlockingByteBufferJsonParser.java,76,RelationalOperatorReplacement,if (avail > 0) {,if (avail >= 0) {,12067,
com/fasterxml/jackson/core/json/async/NonBlockingJsonParser.java,38,RelationalOperatorReplacement,if (_inputPtr < _inputEnd) {,if (_inputPtr <= _inputEnd) {,12088,
com/fasterxml/jackson/core/json/async/NonBlockingJsonParser.java,41,RelationalOperatorReplacement,if (end < start) {,if (end <= start) {,12089,
com/fasterxml/jackson/core/json/async/NonBlockingJsonParser.java,68,RelationalOperatorReplacement,if (avail > 0) {,if (avail >= 0) {,12090,
com/fasterxml/jackson/core/json/async/NonBlockingJsonParserBase.java,486,NullifyReturnValue,return _nameCopyBuffer;,return null;,12203,
com/fasterxml/jackson/core/json/async/NonBlockingJsonParserBase.java,492,NullifyReturnValue,return _textBuffer.getTextBuffer();,return null;,12204,
com/fasterxml/jackson/core/json/async/NonBlockingJsonParserBase.java,495,NullifyReturnValue,return _currToken.asCharArray();,return null;,12205,
com/fasterxml/jackson/core/json/async/NonBlockingJsonParserBase.java,498,NullifyReturnValue,return null;,return null;,12206,
com/fasterxml/jackson/core/json/async/NonBlockingJsonParserBase.java,560,NullifyReturnValue,return _binaryValue;,return null;,12207,
com/fasterxml/jackson/core/json/async/NonBlockingJsonParserBase.java,480,RelationalOperatorReplacement,} else if (_nameCopyBuffer.length < nameLen) {,} else if (_nameCopyBuffer.length <= nameLen) {,12242,
com/fasterxml/jackson/core/json/async/NonBlockingJsonParserBase.java,714,RelationalOperatorReplacement,if (lastQuadBytes < 4) {,if (lastQuadBytes <= 4) {,12251,
com/fasterxml/jackson/core/json/async/NonBlockingJsonParserBase.java,726,RelationalOperatorReplacement,for (int ix = 0; ix < byteLen; ) {,for (int ix = 0; ix <= byteLen; ) {,12252,
com/fasterxml/jackson/core/json/async/NonBlockingJsonParserBase.java,732,RelationalOperatorReplacement,if (ch > 127) { // multi-byte,if (ch >= 127) { // multi-byte,12253,
com/fasterxml/jackson/core/json/async/NonBlockingJsonParserBase.java,747,RelationalOperatorReplacement,if ((ix + needed) > byteLen) {,if ((ix + needed) >= byteLen) {,12257,
com/fasterxml/jackson/core/json/async/NonBlockingJsonParserBase.java,761,RelationalOperatorReplacement,if (needed > 1) {,if (needed >= 1) {,12259,
com/fasterxml/jackson/core/json/async/NonBlockingJsonParserBase.java,771,RelationalOperatorReplacement,if (needed > 2) { // 4 bytes? (need surrogates on output),if (needed >= 2) { // 4 bytes? (need surrogates on output),12261,
com/fasterxml/jackson/core/json/async/NonBlockingJsonParserBase.java,782,RelationalOperatorReplacement,"if (needed > 2) { // surrogate pair? once again, let's output one here, one later on","if (needed >= 2) { // surrogate pair? once again, let's output one here, one later on",12263,
com/fasterxml/jackson/core/json/async/NonBlockingJsonParserBase.java,784,RelationalOperatorReplacement,if (cix >= cbuf.length) {,if (cix > cbuf.length) {,12264,
com/fasterxml/jackson/core/json/async/NonBlockingJsonParserBase.java,791,RelationalOperatorReplacement,if (cix >= cbuf.length) {,if (cix > cbuf.length) {,12265,
com/fasterxml/jackson/core/json/async/NonBlockingJsonParserBase.java,804,RelationalOperatorReplacement,if (lastQuadBytes < 4) {,if (lastQuadBytes <= 4) {,12266,
com/fasterxml/jackson/core/json/async/NonBlockingJsonParserBase.java,891,RelationalOperatorReplacement,if (c < INT_SPACE) {,if (c <= INT_SPACE) {,12268,
com/fasterxml/jackson/core/json/async/NonBlockingUtf8JsonParserBase.java,76,RelationalOperatorReplacement,return (_inputPtr >=_inputEnd) && !_endOfInput;,return (_inputPtr >_inputEnd) && !_endOfInput;,13064,
com/fasterxml/jackson/core/json/async/NonBlockingUtf8JsonParserBase.java,119,RelationalOperatorReplacement,if (_inputPtr >= _inputEnd) {,if (_inputPtr > _inputEnd) {,13065,
com/fasterxml/jackson/core/json/async/NonBlockingUtf8JsonParserBase.java,288,RelationalOperatorReplacement,if (c < 0) {,if (c <= 0) {,13071,
com/fasterxml/jackson/core/json/async/NonBlockingUtf8JsonParserBase.java,414,RelationalOperatorReplacement,while (ch <= 0x020) {,while (ch < 0x020) {,13075,
com/fasterxml/jackson/core/json/async/NonBlockingUtf8JsonParserBase.java,426,RelationalOperatorReplacement,if (_inputPtr >= _inputEnd) {,if (_inputPtr > _inputEnd) {,13080,
com/fasterxml/jackson/core/json/async/NonBlockingUtf8JsonParserBase.java,448,RelationalOperatorReplacement,while (_inputPtr < _inputEnd) {,while (_inputPtr <= _inputEnd) {,13081,
com/fasterxml/jackson/core/json/async/NonBlockingUtf8JsonParserBase.java,487,RelationalOperatorReplacement,if (ch <= 0x0020) {,if (ch < 0x0020) {,13084,
com/fasterxml/jackson/core/json/async/NonBlockingUtf8JsonParserBase.java,489,RelationalOperatorReplacement,if (ch <= 0) {,if (ch < 0) {,13085,
com/fasterxml/jackson/core/json/async/NonBlockingUtf8JsonParserBase.java,502,RelationalOperatorReplacement,"if ((_inputPtr + 13) <= _inputEnd) { // Need up to 12 chars, plus one trailing (quote)","if ((_inputPtr + 13) < _inputEnd) { // Need up to 12 chars, plus one trailing (quote)",13088,
com/fasterxml/jackson/core/json/async/NonBlockingUtf8JsonParserBase.java,514,RelationalOperatorReplacement,if (ch <= 0x0020) {,if (ch < 0x0020) {,13090,
com/fasterxml/jackson/core/json/async/NonBlockingUtf8JsonParserBase.java,516,RelationalOperatorReplacement,if (ch <= 0) {,if (ch < 0) {,13091,
com/fasterxml/jackson/core/json/async/NonBlockingUtf8JsonParserBase.java,534,RelationalOperatorReplacement,if (ptr >= _inputEnd) {,if (ptr > _inputEnd) {,13096,
com/fasterxml/jackson/core/json/async/NonBlockingUtf8JsonParserBase.java,540,RelationalOperatorReplacement,if (ch <= 0x0020) {,if (ch < 0x0020) {,13097,
com/fasterxml/jackson/core/json/async/NonBlockingUtf8JsonParserBase.java,542,RelationalOperatorReplacement,if (ch <= 0) {,if (ch < 0) {,13098,
com/fasterxml/jackson/core/json/async/NonBlockingUtf8JsonParserBase.java,557,RelationalOperatorReplacement,"if ((_inputPtr + 13) <= _inputEnd) { // Need up to 12 chars, plus one trailing (quote)","if ((_inputPtr + 13) < _inputEnd) { // Need up to 12 chars, plus one trailing (quote)",13102,
com/fasterxml/jackson/core/json/async/NonBlockingUtf8JsonParserBase.java,580,RelationalOperatorReplacement,if (ch <= 0x0020) {,if (ch < 0x0020) {,13104,
com/fasterxml/jackson/core/json/async/NonBlockingUtf8JsonParserBase.java,582,RelationalOperatorReplacement,if (ch <= 0) {,if (ch < 0) {,13105,
com/fasterxml/jackson/core/json/async/NonBlockingUtf8JsonParserBase.java,650,RelationalOperatorReplacement,if (ch <= 0x0020) {,if (ch < 0x0020) {,13107,
com/fasterxml/jackson/core/json/async/NonBlockingUtf8JsonParserBase.java,652,RelationalOperatorReplacement,if (ch <= 0) {,if (ch < 0) {,13108,
com/fasterxml/jackson/core/json/async/NonBlockingUtf8JsonParserBase.java,677,RelationalOperatorReplacement,if (ptr >= _inputEnd) {,if (ptr > _inputEnd) {,13114,
com/fasterxml/jackson/core/json/async/NonBlockingUtf8JsonParserBase.java,683,RelationalOperatorReplacement,if (ch <= 0x0020) {,if (ch < 0x0020) {,13115,
com/fasterxml/jackson/core/json/async/NonBlockingUtf8JsonParserBase.java,685,RelationalOperatorReplacement,if (ch <= 0) {,if (ch < 0) {,13116,
com/fasterxml/jackson/core/json/async/NonBlockingUtf8JsonParserBase.java,749,RelationalOperatorReplacement,if (ch <= 0x0020) {,if (ch < 0x0020) {,13120,
com/fasterxml/jackson/core/json/async/NonBlockingUtf8JsonParserBase.java,751,RelationalOperatorReplacement,if (ch <= 0) {,if (ch < 0) {,13121,
com/fasterxml/jackson/core/json/async/NonBlockingUtf8JsonParserBase.java,767,RelationalOperatorReplacement,if (ptr >= _inputEnd) {,if (ptr > _inputEnd) {,13125,
com/fasterxml/jackson/core/json/async/NonBlockingUtf8JsonParserBase.java,773,RelationalOperatorReplacement,if (ch <= 0x0020) {,if (ch < 0x0020) {,13126,
com/fasterxml/jackson/core/json/async/NonBlockingUtf8JsonParserBase.java,775,RelationalOperatorReplacement,if (ch <= 0) {,if (ch < 0) {,13127,
com/fasterxml/jackson/core/json/async/NonBlockingUtf8JsonParserBase.java,825,RelationalOperatorReplacement,if (ch <= 0x0020) {,if (ch < 0x0020) {,13129,
com/fasterxml/jackson/core/json/async/NonBlockingUtf8JsonParserBase.java,827,RelationalOperatorReplacement,if (ch <= 0) {,if (ch < 0) {,13130,
com/fasterxml/jackson/core/json/async/NonBlockingUtf8JsonParserBase.java,949,RelationalOperatorReplacement,if (_inputPtr >= _inputEnd) {,if (_inputPtr > _inputEnd) {,13140,
com/fasterxml/jackson/core/json/async/NonBlockingUtf8JsonParserBase.java,954,RelationalOperatorReplacement,} while (ch <= 0x0020);,} while (ch < 0x0020);,13141,
com/fasterxml/jackson/core/json/async/NonBlockingUtf8JsonParserBase.java,965,RelationalOperatorReplacement,if (_inputPtr >= _inputEnd) {,if (_inputPtr > _inputEnd) {,13143,
com/fasterxml/jackson/core/json/async/NonBlockingUtf8JsonParserBase.java,988,RelationalOperatorReplacement,if (_inputPtr >= _inputEnd) {,if (_inputPtr > _inputEnd) {,13147,
com/fasterxml/jackson/core/json/async/NonBlockingUtf8JsonParserBase.java,994,RelationalOperatorReplacement,if (ch < 0x020) {,if (ch <= 0x020) {,13148,
com/fasterxml/jackson/core/json/async/NonBlockingUtf8JsonParserBase.java,1014,RelationalOperatorReplacement,if (_inputPtr >= _inputEnd) {,if (_inputPtr > _inputEnd) {,13152,
com/fasterxml/jackson/core/json/async/NonBlockingUtf8JsonParserBase.java,1020,RelationalOperatorReplacement,if (ch < 0x020) {,if (ch <= 0x020) {,13153,
com/fasterxml/jackson/core/json/async/NonBlockingUtf8JsonParserBase.java,1040,RelationalOperatorReplacement,if (_inputPtr >= _inputEnd) {,if (_inputPtr > _inputEnd) {,13157,
com/fasterxml/jackson/core/json/async/NonBlockingUtf8JsonParserBase.java,1046,RelationalOperatorReplacement,if (ch < 0x020) {,if (ch <= 0x020) {,13158,
com/fasterxml/jackson/core/json/async/NonBlockingUtf8JsonParserBase.java,1072,RelationalOperatorReplacement,if (_inputPtr >= _inputEnd) {,if (_inputPtr > _inputEnd) {,13164,
com/fasterxml/jackson/core/json/async/NonBlockingUtf8JsonParserBase.java,1105,RelationalOperatorReplacement,"if ((ptr + 4) < _inputEnd) { // yes, can determine efficiently","if ((ptr + 4) <= _inputEnd) { // yes, can determine efficiently",13165,
com/fasterxml/jackson/core/json/async/NonBlockingUtf8JsonParserBase.java,1111,RelationalOperatorReplacement,if (ch < INT_0 || (ch | 0x20) == INT_RCURLY) { // < '0' || ~ '}]' expected/allowed chars,if (ch <= INT_0 || (ch | 0x20) == INT_RCURLY) { // < '0' || ~ '}]' expected/allowed chars,13170,
com/fasterxml/jackson/core/json/async/NonBlockingUtf8JsonParserBase.java,1124,RelationalOperatorReplacement,"if ((ptr + 3) < _inputEnd) { // yes, can determine efficiently","if ((ptr + 3) <= _inputEnd) { // yes, can determine efficiently",13172,
com/fasterxml/jackson/core/json/async/NonBlockingUtf8JsonParserBase.java,1129,RelationalOperatorReplacement,if (ch < INT_0 || (ch | 0x20) == INT_RCURLY) { // < '0' || ~ '}]' expected/allowed chars,if (ch <= INT_0 || (ch | 0x20) == INT_RCURLY) { // < '0' || ~ '}]' expected/allowed chars,13176,
com/fasterxml/jackson/core/json/async/NonBlockingUtf8JsonParserBase.java,1142,RelationalOperatorReplacement,"if ((ptr + 3) < _inputEnd) { // yes, can determine efficiently","if ((ptr + 3) <= _inputEnd) { // yes, can determine efficiently",13178,
com/fasterxml/jackson/core/json/async/NonBlockingUtf8JsonParserBase.java,1147,RelationalOperatorReplacement,if (ch < INT_0 || (ch | 0x20) == INT_RCURLY) { // < '0' || ~ '}]' expected/allowed chars,if (ch <= INT_0 || (ch | 0x20) == INT_RCURLY) { // < '0' || ~ '}]' expected/allowed chars,13182,
com/fasterxml/jackson/core/json/async/NonBlockingUtf8JsonParserBase.java,1163,RelationalOperatorReplacement,if (_inputPtr >= _inputEnd) {,if (_inputPtr > _inputEnd) {,13184,
com/fasterxml/jackson/core/json/async/NonBlockingUtf8JsonParserBase.java,1169,RelationalOperatorReplacement,if (ch < INT_0 || (ch | 0x20) == INT_RCURLY) { // < '0' || ~ '}]' expected/allowed chars,if (ch <= INT_0 || (ch | 0x20) == INT_RCURLY) { // < '0' || ~ '}]' expected/allowed chars,13186,
com/fasterxml/jackson/core/json/async/NonBlockingUtf8JsonParserBase.java,1201,RelationalOperatorReplacement,if (_inputPtr >= _inputEnd) {,if (_inputPtr > _inputEnd) {,13190,
com/fasterxml/jackson/core/json/async/NonBlockingUtf8JsonParserBase.java,1209,RelationalOperatorReplacement,if (ch < INT_0 || (ch | 0x20) == INT_RCURLY) { // < '0' || ~ '}]' expected/allowed chars,if (ch <= INT_0 || (ch | 0x20) == INT_RCURLY) { // < '0' || ~ '}]' expected/allowed chars,13192,
com/fasterxml/jackson/core/json/async/NonBlockingUtf8JsonParserBase.java,1237,RelationalOperatorReplacement,while (_inputPtr < _inputEnd) {,while (_inputPtr <= _inputEnd) {,13196,
com/fasterxml/jackson/core/json/async/NonBlockingUtf8JsonParserBase.java,1248,RelationalOperatorReplacement,if (_textBuffer.size() < _ioContext.errorReportConfiguration().getMaxErrorTokenLength()) {,if (_textBuffer.size() <= _ioContext.errorReportConfiguration().getMaxErrorTokenLength()) {,13197,
com/fasterxml/jackson/core/json/async/NonBlockingUtf8JsonParserBase.java,1291,RelationalOperatorReplacement,if (_inputPtr >= _inputEnd) {,if (_inputPtr > _inputEnd) {,13198,
com/fasterxml/jackson/core/json/async/NonBlockingUtf8JsonParserBase.java,1301,RelationalOperatorReplacement,if (ch < INT_0) {,if (ch <= INT_0) {,13199,
com/fasterxml/jackson/core/json/async/NonBlockingUtf8JsonParserBase.java,1309,RelationalOperatorReplacement,if (ch > INT_9) {,if (ch >= INT_9) {,13201,
com/fasterxml/jackson/core/json/async/NonBlockingUtf8JsonParserBase.java,1317,RelationalOperatorReplacement,if (outPtr >= outBuf.length) {,if (outPtr > outBuf.length) {,13203,
com/fasterxml/jackson/core/json/async/NonBlockingUtf8JsonParserBase.java,1323,RelationalOperatorReplacement,if (++_inputPtr >= _inputEnd) {,if (++_inputPtr > _inputEnd) {,13204,
com/fasterxml/jackson/core/json/async/NonBlockingUtf8JsonParserBase.java,1338,RelationalOperatorReplacement,if (_inputPtr >= _inputEnd) {,if (_inputPtr > _inputEnd) {,13205,
com/fasterxml/jackson/core/json/async/NonBlockingUtf8JsonParserBase.java,1343,RelationalOperatorReplacement,if (ch <= INT_0) {,if (ch < INT_0) {,13206,
com/fasterxml/jackson/core/json/async/NonBlockingUtf8JsonParserBase.java,1349,RelationalOperatorReplacement,} else if (ch > INT_9) {,} else if (ch >= INT_9) {,13208,
com/fasterxml/jackson/core/json/async/NonBlockingUtf8JsonParserBase.java,1358,RelationalOperatorReplacement,if (_inputPtr >= _inputEnd) {,if (_inputPtr > _inputEnd) {,13210,
com/fasterxml/jackson/core/json/async/NonBlockingUtf8JsonParserBase.java,1368,RelationalOperatorReplacement,if (ch < INT_0) {,if (ch <= INT_0) {,13211,
com/fasterxml/jackson/core/json/async/NonBlockingUtf8JsonParserBase.java,1376,RelationalOperatorReplacement,if (ch > INT_9) {,if (ch >= INT_9) {,13213,
com/fasterxml/jackson/core/json/async/NonBlockingUtf8JsonParserBase.java,1384,RelationalOperatorReplacement,if (outPtr >= outBuf.length) {,if (outPtr > outBuf.length) {,13215,
com/fasterxml/jackson/core/json/async/NonBlockingUtf8JsonParserBase.java,1389,RelationalOperatorReplacement,if (++_inputPtr >= _inputEnd) {,if (++_inputPtr > _inputEnd) {,13216,
com/fasterxml/jackson/core/json/async/NonBlockingUtf8JsonParserBase.java,1404,RelationalOperatorReplacement,if (_inputPtr >= _inputEnd) {,if (_inputPtr > _inputEnd) {,13217,
com/fasterxml/jackson/core/json/async/NonBlockingUtf8JsonParserBase.java,1409,RelationalOperatorReplacement,if (ch <= INT_0) {,if (ch < INT_0) {,13218,
com/fasterxml/jackson/core/json/async/NonBlockingUtf8JsonParserBase.java,1418,RelationalOperatorReplacement,} else if (ch > INT_9) {,} else if (ch >= INT_9) {,13220,
com/fasterxml/jackson/core/json/async/NonBlockingUtf8JsonParserBase.java,1430,RelationalOperatorReplacement,if (_inputPtr >= _inputEnd) {,if (_inputPtr > _inputEnd) {,13222,
com/fasterxml/jackson/core/json/async/NonBlockingUtf8JsonParserBase.java,1440,RelationalOperatorReplacement,if (ch < INT_0) {,if (ch <= INT_0) {,13223,
com/fasterxml/jackson/core/json/async/NonBlockingUtf8JsonParserBase.java,1448,RelationalOperatorReplacement,if (ch > INT_9) {,if (ch >= INT_9) {,13225,
com/fasterxml/jackson/core/json/async/NonBlockingUtf8JsonParserBase.java,1456,RelationalOperatorReplacement,if (outPtr >= outBuf.length) {,if (outPtr > outBuf.length) {,13227,
com/fasterxml/jackson/core/json/async/NonBlockingUtf8JsonParserBase.java,1461,RelationalOperatorReplacement,if (++_inputPtr >= _inputEnd) {,if (++_inputPtr > _inputEnd) {,13228,
com/fasterxml/jackson/core/json/async/NonBlockingUtf8JsonParserBase.java,1476,RelationalOperatorReplacement,if (ptr >= _inputEnd) {,if (ptr > _inputEnd) {,13229,
com/fasterxml/jackson/core/json/async/NonBlockingUtf8JsonParserBase.java,1487,RelationalOperatorReplacement,if (ch < INT_0) {,if (ch <= INT_0) {,13230,
com/fasterxml/jackson/core/json/async/NonBlockingUtf8JsonParserBase.java,1495,RelationalOperatorReplacement,} else if (ch > INT_9) {,} else if (ch >= INT_9) {,13232,
com/fasterxml/jackson/core/json/async/NonBlockingUtf8JsonParserBase.java,1530,RelationalOperatorReplacement,if (ch <= INT_0) {,if (ch < INT_0) {,13235,
com/fasterxml/jackson/core/json/async/NonBlockingUtf8JsonParserBase.java,1556,RelationalOperatorReplacement,} else if (ch > INT_9) {,} else if (ch >= INT_9) {,13238,
com/fasterxml/jackson/core/json/async/NonBlockingUtf8JsonParserBase.java,1581,RelationalOperatorReplacement,if (_inputPtr >= _inputEnd) {,if (_inputPtr > _inputEnd) {,13240,
com/fasterxml/jackson/core/json/async/NonBlockingUtf8JsonParserBase.java,1586,RelationalOperatorReplacement,if (ch < INT_0) {,if (ch <= INT_0) {,13241,
com/fasterxml/jackson/core/json/async/NonBlockingUtf8JsonParserBase.java,1593,RelationalOperatorReplacement,} else if (ch > INT_9) {,} else if (ch >= INT_9) {,13243,
com/fasterxml/jackson/core/json/async/NonBlockingUtf8JsonParserBase.java,1639,RelationalOperatorReplacement,if (_inputPtr >= _inputEnd) {,if (_inputPtr > _inputEnd) {,13248,
com/fasterxml/jackson/core/json/async/NonBlockingUtf8JsonParserBase.java,1644,RelationalOperatorReplacement,if (ch < INT_0) {,if (ch <= INT_0) {,13249,
com/fasterxml/jackson/core/json/async/NonBlockingUtf8JsonParserBase.java,1652,RelationalOperatorReplacement,} else if (ch > INT_9) {,} else if (ch >= INT_9) {,13251,
com/fasterxml/jackson/core/json/async/NonBlockingUtf8JsonParserBase.java,1692,RelationalOperatorReplacement,if (_inputPtr >= _inputEnd) {,if (_inputPtr > _inputEnd) {,13256,
com/fasterxml/jackson/core/json/async/NonBlockingUtf8JsonParserBase.java,1698,RelationalOperatorReplacement,if (ch < INT_0) {,if (ch <= INT_0) {,13257,
com/fasterxml/jackson/core/json/async/NonBlockingUtf8JsonParserBase.java,1706,RelationalOperatorReplacement,if (ch > INT_9) {,if (ch >= INT_9) {,13259,
com/fasterxml/jackson/core/json/async/NonBlockingUtf8JsonParserBase.java,1715,RelationalOperatorReplacement,if (outPtr >= outBuf.length) {,if (outPtr > outBuf.length) {,13261,
com/fasterxml/jackson/core/json/async/NonBlockingUtf8JsonParserBase.java,1731,RelationalOperatorReplacement,if (outPtr >= outBuf.length) {,if (outPtr > outBuf.length) {,13263,
com/fasterxml/jackson/core/json/async/NonBlockingUtf8JsonParserBase.java,1736,RelationalOperatorReplacement,if (_inputPtr >= _inputEnd) {,if (_inputPtr > _inputEnd) {,13264,
com/fasterxml/jackson/core/json/async/NonBlockingUtf8JsonParserBase.java,1743,RelationalOperatorReplacement,if (ch < INT_0 || ch > INT_9) {,if (ch <= INT_0 || ch > INT_9) {,13265,
com/fasterxml/jackson/core/json/async/NonBlockingUtf8JsonParserBase.java,1743,RelationalOperatorReplacement,if (ch < INT_0 || ch > INT_9) {,if (ch < INT_0 || ch >= INT_9) {,13266,
com/fasterxml/jackson/core/json/async/NonBlockingUtf8JsonParserBase.java,1753,RelationalOperatorReplacement,if (outPtr >= outBuf.length) {,if (outPtr > outBuf.length) {,13268,
com/fasterxml/jackson/core/json/async/NonBlockingUtf8JsonParserBase.java,1763,RelationalOperatorReplacement,if (outPtr >= outBuf.length) {,if (outPtr > outBuf.length) {,13270,
com/fasterxml/jackson/core/json/async/NonBlockingUtf8JsonParserBase.java,1767,RelationalOperatorReplacement,if (_inputPtr >= _inputEnd) {,if (_inputPtr > _inputEnd) {,13271,
com/fasterxml/jackson/core/json/async/NonBlockingUtf8JsonParserBase.java,1775,RelationalOperatorReplacement,if (outPtr >= outBuf.length) {,if (outPtr > outBuf.length) {,13274,
com/fasterxml/jackson/core/json/async/NonBlockingUtf8JsonParserBase.java,1779,RelationalOperatorReplacement,if (_inputPtr >= _inputEnd) {,if (_inputPtr > _inputEnd) {,13275,
com/fasterxml/jackson/core/json/async/NonBlockingUtf8JsonParserBase.java,1787,RelationalOperatorReplacement,while (ch >= INT_0 && ch <= INT_9) {,while (ch > INT_0 && ch <= INT_9) {,13276,
com/fasterxml/jackson/core/json/async/NonBlockingUtf8JsonParserBase.java,1787,RelationalOperatorReplacement,while (ch >= INT_0 && ch <= INT_9) {,while (ch >= INT_0 && ch < INT_9) {,13277,
com/fasterxml/jackson/core/json/async/NonBlockingUtf8JsonParserBase.java,1789,RelationalOperatorReplacement,if (outPtr >= outBuf.length) {,if (outPtr > outBuf.length) {,13278,
com/fasterxml/jackson/core/json/async/NonBlockingUtf8JsonParserBase.java,1793,RelationalOperatorReplacement,if (_inputPtr >= _inputEnd) {,if (_inputPtr > _inputEnd) {,13279,
com/fasterxml/jackson/core/json/async/NonBlockingUtf8JsonParserBase.java,1825,RelationalOperatorReplacement,if (ch >= INT_0 && ch <= INT_9) {,if (ch > INT_0 && ch <= INT_9) {,13281,
com/fasterxml/jackson/core/json/async/NonBlockingUtf8JsonParserBase.java,1825,RelationalOperatorReplacement,if (ch >= INT_0 && ch <= INT_9) {,if (ch >= INT_0 && ch < INT_9) {,13282,
com/fasterxml/jackson/core/json/async/NonBlockingUtf8JsonParserBase.java,1827,RelationalOperatorReplacement,if (outPtr >= outBuf.length) {,if (outPtr > outBuf.length) {,13283,
com/fasterxml/jackson/core/json/async/NonBlockingUtf8JsonParserBase.java,1831,RelationalOperatorReplacement,if (_inputPtr >= _inputEnd) {,if (_inputPtr > _inputEnd) {,13284,
com/fasterxml/jackson/core/json/async/NonBlockingUtf8JsonParserBase.java,1860,RelationalOperatorReplacement,if (_inputPtr >= _inputEnd) {,if (_inputPtr > _inputEnd) {,13289,
com/fasterxml/jackson/core/json/async/NonBlockingUtf8JsonParserBase.java,1882,RelationalOperatorReplacement,if (_inputPtr >= _inputEnd) {,if (_inputPtr > _inputEnd) {,13292,
com/fasterxml/jackson/core/json/async/NonBlockingUtf8JsonParserBase.java,1895,RelationalOperatorReplacement,while (ch >= INT_0 && ch <= INT_9) {,while (ch > INT_0 && ch <= INT_9) {,13293,
com/fasterxml/jackson/core/json/async/NonBlockingUtf8JsonParserBase.java,1895,RelationalOperatorReplacement,while (ch >= INT_0 && ch <= INT_9) {,while (ch >= INT_0 && ch < INT_9) {,13294,
com/fasterxml/jackson/core/json/async/NonBlockingUtf8JsonParserBase.java,1897,RelationalOperatorReplacement,if (outPtr >= outBuf.length) {,if (outPtr > outBuf.length) {,13295,
com/fasterxml/jackson/core/json/async/NonBlockingUtf8JsonParserBase.java,1901,RelationalOperatorReplacement,if (_inputPtr >= _inputEnd) {,if (_inputPtr > _inputEnd) {,13296,
com/fasterxml/jackson/core/json/async/NonBlockingUtf8JsonParserBase.java,2085,RelationalOperatorReplacement,if (_inputPtr >= _inputEnd) {,if (_inputPtr > _inputEnd) {,13323,
com/fasterxml/jackson/core/json/async/NonBlockingUtf8JsonParserBase.java,2094,RelationalOperatorReplacement,if (currQuadBytes < 4) {,if (currQuadBytes <= 4) {,13325,
com/fasterxml/jackson/core/json/async/NonBlockingUtf8JsonParserBase.java,2099,RelationalOperatorReplacement,if (qlen >= quads.length) {,if (qlen > quads.length) {,13326,
com/fasterxml/jackson/core/json/async/NonBlockingUtf8JsonParserBase.java,2119,RelationalOperatorReplacement,if (ch < 0) { // method has set up state about escape sequence,if (ch <= 0) { // method has set up state about escape sequence,13329,
com/fasterxml/jackson/core/json/async/NonBlockingUtf8JsonParserBase.java,2132,RelationalOperatorReplacement,if (qlen >= quads.length) {,if (qlen > quads.length) {,13330,
com/fasterxml/jackson/core/json/async/NonBlockingUtf8JsonParserBase.java,2135,RelationalOperatorReplacement,if (ch > 127) {,if (ch >= 127) {,13331,
com/fasterxml/jackson/core/json/async/NonBlockingUtf8JsonParserBase.java,2137,RelationalOperatorReplacement,if (currQuadBytes >= 4) {,if (currQuadBytes > 4) {,13332,
com/fasterxml/jackson/core/json/async/NonBlockingUtf8JsonParserBase.java,2142,RelationalOperatorReplacement,if (ch < 0x800) { // 2-byte,if (ch <= 0x800) { // 2-byte,13333,
com/fasterxml/jackson/core/json/async/NonBlockingUtf8JsonParserBase.java,2150,RelationalOperatorReplacement,if (currQuadBytes >= 4) {,if (currQuadBytes > 4) {,13334,
com/fasterxml/jackson/core/json/async/NonBlockingUtf8JsonParserBase.java,2161,RelationalOperatorReplacement,if (currQuadBytes < 4) {,if (currQuadBytes <= 4) {,13335,
com/fasterxml/jackson/core/json/async/NonBlockingUtf8JsonParserBase.java,2171,RelationalOperatorReplacement,if (currQuadBytes > 0) {,if (currQuadBytes >= 0) {,13336,
com/fasterxml/jackson/core/json/async/NonBlockingUtf8JsonParserBase.java,2172,RelationalOperatorReplacement,if (qlen >= quads.length) {,if (qlen > quads.length) {,13337,
com/fasterxml/jackson/core/json/async/NonBlockingUtf8JsonParserBase.java,2245,RelationalOperatorReplacement,if (_inputPtr >= _inputEnd) {,if (_inputPtr > _inputEnd) {,13344,
com/fasterxml/jackson/core/json/async/NonBlockingUtf8JsonParserBase.java,2258,RelationalOperatorReplacement,if (currQuadBytes < 4) {,if (currQuadBytes <= 4) {,13346,
com/fasterxml/jackson/core/json/async/NonBlockingUtf8JsonParserBase.java,2262,RelationalOperatorReplacement,if (qlen >= quads.length) {,if (qlen > quads.length) {,13347,
com/fasterxml/jackson/core/json/async/NonBlockingUtf8JsonParserBase.java,2271,RelationalOperatorReplacement,if (currQuadBytes > 0) {,if (currQuadBytes >= 0) {,13348,
com/fasterxml/jackson/core/json/async/NonBlockingUtf8JsonParserBase.java,2272,RelationalOperatorReplacement,if (qlen >= quads.length) {,if (qlen > quads.length) {,13349,
com/fasterxml/jackson/core/json/async/NonBlockingUtf8JsonParserBase.java,2291,RelationalOperatorReplacement,if (_inputPtr >= _inputEnd) {,if (_inputPtr > _inputEnd) {,13351,
com/fasterxml/jackson/core/json/async/NonBlockingUtf8JsonParserBase.java,2310,RelationalOperatorReplacement,if (ch < 0) { // method has set up state about escape sequence,if (ch <= 0) { // method has set up state about escape sequence,13356,
com/fasterxml/jackson/core/json/async/NonBlockingUtf8JsonParserBase.java,2319,RelationalOperatorReplacement,if (ch > 127) {,if (ch >= 127) {,13357,
com/fasterxml/jackson/core/json/async/NonBlockingUtf8JsonParserBase.java,2321,RelationalOperatorReplacement,if (currQuadBytes >= 4) {,if (currQuadBytes > 4) {,13358,
com/fasterxml/jackson/core/json/async/NonBlockingUtf8JsonParserBase.java,2322,RelationalOperatorReplacement,if (qlen >= quads.length) {,if (qlen > quads.length) {,13359,
com/fasterxml/jackson/core/json/async/NonBlockingUtf8JsonParserBase.java,2329,RelationalOperatorReplacement,if (ch < 0x800) { // 2-byte,if (ch <= 0x800) { // 2-byte,13360,
com/fasterxml/jackson/core/json/async/NonBlockingUtf8JsonParserBase.java,2337,RelationalOperatorReplacement,if (currQuadBytes >= 4) {,if (currQuadBytes > 4) {,13361,
com/fasterxml/jackson/core/json/async/NonBlockingUtf8JsonParserBase.java,2338,RelationalOperatorReplacement,if (qlen >= quads.length) {,if (qlen > quads.length) {,13362,
com/fasterxml/jackson/core/json/async/NonBlockingUtf8JsonParserBase.java,2353,RelationalOperatorReplacement,if (currQuadBytes < 4) {,if (currQuadBytes <= 4) {,13363,
com/fasterxml/jackson/core/json/async/NonBlockingUtf8JsonParserBase.java,2357,RelationalOperatorReplacement,if (qlen >= quads.length) {,if (qlen > quads.length) {,13364,
com/fasterxml/jackson/core/json/async/NonBlockingUtf8JsonParserBase.java,2366,RelationalOperatorReplacement,if (currQuadBytes > 0) {,if (currQuadBytes >= 0) {,13365,
com/fasterxml/jackson/core/json/async/NonBlockingUtf8JsonParserBase.java,2367,RelationalOperatorReplacement,if (qlen >= quads.length) {,if (qlen > quads.length) {,13366,
com/fasterxml/jackson/core/json/async/NonBlockingUtf8JsonParserBase.java,2385,RelationalOperatorReplacement,if (ch < 0) { // ... if possible,if (ch <= 0) { // ... if possible,13369,
com/fasterxml/jackson/core/json/async/NonBlockingUtf8JsonParserBase.java,2389,RelationalOperatorReplacement,if (_quadLength >= _quadBuffer.length) {,if (_quadLength > _quadBuffer.length) {,13370,
com/fasterxml/jackson/core/json/async/NonBlockingUtf8JsonParserBase.java,2394,RelationalOperatorReplacement,if (ch > 127) {,if (ch >= 127) {,13371,
com/fasterxml/jackson/core/json/async/NonBlockingUtf8JsonParserBase.java,2396,RelationalOperatorReplacement,if (currQuadBytes >= 4) {,if (currQuadBytes > 4) {,13372,
com/fasterxml/jackson/core/json/async/NonBlockingUtf8JsonParserBase.java,2401,RelationalOperatorReplacement,if (ch < 0x800) { // 2-byte,if (ch <= 0x800) { // 2-byte,13373,
com/fasterxml/jackson/core/json/async/NonBlockingUtf8JsonParserBase.java,2408,RelationalOperatorReplacement,if (++currQuadBytes >= 4) {,if (++currQuadBytes > 4) {,13374,
com/fasterxml/jackson/core/json/async/NonBlockingUtf8JsonParserBase.java,2419,RelationalOperatorReplacement,if (currQuadBytes < 4) {,if (currQuadBytes <= 4) {,13375,
com/fasterxml/jackson/core/json/async/NonBlockingUtf8JsonParserBase.java,2435,RelationalOperatorReplacement,if (_inputPtr >= _inputEnd) {,if (_inputPtr > _inputEnd) {,13377,
com/fasterxml/jackson/core/json/async/NonBlockingUtf8JsonParserBase.java,2472,RelationalOperatorReplacement,if (_inputPtr >= _inputEnd) {,if (_inputPtr > _inputEnd) {,13379,
com/fasterxml/jackson/core/json/async/NonBlockingUtf8JsonParserBase.java,2483,RelationalOperatorReplacement,if (digit < 0) {,if (digit <= 0) {,13380,
com/fasterxml/jackson/core/json/async/NonBlockingUtf8JsonParserBase.java,2490,RelationalOperatorReplacement,if (_inputPtr >= _inputEnd) {,if (_inputPtr > _inputEnd) {,13382,
com/fasterxml/jackson/core/json/async/NonBlockingUtf8JsonParserBase.java,2513,RelationalOperatorReplacement,while (ptr < max) {,while (ptr <= max) {,13383,
com/fasterxml/jackson/core/json/async/NonBlockingUtf8JsonParserBase.java,2548,RelationalOperatorReplacement,if (ptr >= _inputEnd) {,if (ptr > _inputEnd) {,13386,
com/fasterxml/jackson/core/json/async/NonBlockingUtf8JsonParserBase.java,2554,RelationalOperatorReplacement,if (outPtr >= outBuf.length) {,if (outPtr > outBuf.length) {,13387,
com/fasterxml/jackson/core/json/async/NonBlockingUtf8JsonParserBase.java,2561,RelationalOperatorReplacement,while (ptr < max) {,while (ptr <= max) {,13388,
com/fasterxml/jackson/core/json/async/NonBlockingUtf8JsonParserBase.java,2576,RelationalOperatorReplacement,if (ptr >= safeEnd) {,if (ptr > safeEnd) {,13391,
com/fasterxml/jackson/core/json/async/NonBlockingUtf8JsonParserBase.java,2579,RelationalOperatorReplacement,"if (!_decodeSplitMultiByte(c, codes[c], ptr < _inputEnd)) {","if (!_decodeSplitMultiByte(c, codes[c], ptr <= _inputEnd)) {",13392,
com/fasterxml/jackson/core/json/async/NonBlockingUtf8JsonParserBase.java,2606,RelationalOperatorReplacement,if (outPtr >= outBuf.length) {,if (outPtr > outBuf.length) {,13393,
com/fasterxml/jackson/core/json/async/NonBlockingUtf8JsonParserBase.java,2614,RelationalOperatorReplacement,if (c < INT_SPACE) {,if (c <= INT_SPACE) {,13394,
com/fasterxml/jackson/core/json/async/NonBlockingUtf8JsonParserBase.java,2623,RelationalOperatorReplacement,if (outPtr >= outBuf.length) {,if (outPtr > outBuf.length) {,13395,
com/fasterxml/jackson/core/json/async/NonBlockingUtf8JsonParserBase.java,2640,RelationalOperatorReplacement,while (ptr < max) {,while (ptr <= max) {,13396,
com/fasterxml/jackson/core/json/async/NonBlockingUtf8JsonParserBase.java,2673,RelationalOperatorReplacement,if (ptr >= _inputEnd) {,if (ptr > _inputEnd) {,13399,
com/fasterxml/jackson/core/json/async/NonBlockingUtf8JsonParserBase.java,2679,RelationalOperatorReplacement,if (outPtr >= outBuf.length) {,if (outPtr > outBuf.length) {,13400,
com/fasterxml/jackson/core/json/async/NonBlockingUtf8JsonParserBase.java,2686,RelationalOperatorReplacement,while (ptr < max) {,while (ptr <= max) {,13401,
com/fasterxml/jackson/core/json/async/NonBlockingUtf8JsonParserBase.java,2701,RelationalOperatorReplacement,if (ptr >= safeEnd) {,if (ptr > safeEnd) {,13405,
com/fasterxml/jackson/core/json/async/NonBlockingUtf8JsonParserBase.java,2704,RelationalOperatorReplacement,"if (!_decodeSplitMultiByte(c, codes[c], ptr < _inputEnd)) {","if (!_decodeSplitMultiByte(c, codes[c], ptr <= _inputEnd)) {",13406,
com/fasterxml/jackson/core/json/async/NonBlockingUtf8JsonParserBase.java,2731,RelationalOperatorReplacement,if (outPtr >= outBuf.length) {,if (outPtr > outBuf.length) {,13407,
com/fasterxml/jackson/core/json/async/NonBlockingUtf8JsonParserBase.java,2739,RelationalOperatorReplacement,if (c < INT_SPACE) {,if (c <= INT_SPACE) {,13408,
com/fasterxml/jackson/core/json/async/NonBlockingUtf8JsonParserBase.java,2748,RelationalOperatorReplacement,if (outPtr >= outBuf.length) {,if (outPtr > outBuf.length) {,13409,
com/fasterxml/jackson/core/json/async/NonBlockingUtf8JsonParserBase.java,2763,RelationalOperatorReplacement,if (c < 0) {,if (c <= 0) {,13410,
com/fasterxml/jackson/core/json/async/NonBlockingUtf8JsonParserBase.java,2798,RelationalOperatorReplacement,if (c < INT_SPACE) {,if (c <= INT_SPACE) {,13411,
com/fasterxml/jackson/core/json/async/NonBlockingUtf8JsonParserBase.java,2818,RelationalOperatorReplacement,if (_inputPtr >= _inputEnd) {,if (_inputPtr > _inputEnd) {,13414,
com/fasterxml/jackson/core/json/async/NonBlockingUtf8JsonParserBase.java,2843,RelationalOperatorReplacement,if (_inputPtr >= _inputEnd) {,if (_inputPtr > _inputEnd) {,13418,
com/fasterxml/jackson/core/json/async/NonBlockingUtf8JsonParserBase.java,2857,RelationalOperatorReplacement,if (_inputPtr >= _inputEnd) {,if (_inputPtr > _inputEnd) {,13421,
com/fasterxml/jackson/core/json/async/NonBlockingUtf8JsonParserBase.java,2886,RelationalOperatorReplacement,if (left < 5) { // offline boundary-checking case:,if (left <= 5) { // offline boundary-checking case:,13423,
com/fasterxml/jackson/core/json/async/NonBlockingUtf8JsonParserBase.java,2930,RelationalOperatorReplacement,if (digit >= 0) {,if (digit > 0) {,13424,
com/fasterxml/jackson/core/json/async/NonBlockingUtf8JsonParserBase.java,2933,RelationalOperatorReplacement,if (digit >= 0) {,if (digit > 0) {,13425,
com/fasterxml/jackson/core/json/async/NonBlockingUtf8JsonParserBase.java,2937,RelationalOperatorReplacement,if (digit >= 0) {,if (digit > 0) {,13426,
com/fasterxml/jackson/core/json/async/NonBlockingUtf8JsonParserBase.java,2941,RelationalOperatorReplacement,if (digit >= 0) {,if (digit > 0) {,13427,
com/fasterxml/jackson/core/sym/ByteQuadsCanonicalizer.java,238,RelationalOperatorReplacement,if (sz < MIN_HASH_SIZE) {,if (sz <= MIN_HASH_SIZE) {,13853,
com/fasterxml/jackson/core/sym/ByteQuadsCanonicalizer.java,245,RelationalOperatorReplacement,while (curr < sz) {,while (curr <= sz) {,13855,
com/fasterxml/jackson/core/sym/ByteQuadsCanonicalizer.java,424,RelationalOperatorReplacement,if (childCount > MAX_ENTRIES_FOR_REUSE) {,if (childCount >= MAX_ENTRIES_FOR_REUSE) {,13858,
com/fasterxml/jackson/core/sym/ByteQuadsCanonicalizer.java,486,RelationalOperatorReplacement,"for (int offset = 3, end = _secondaryStart; offset < end; offset += 4) {","for (int offset = 3, end = _secondaryStart; offset <= end; offset += 4) {",13861,
com/fasterxml/jackson/core/sym/ByteQuadsCanonicalizer.java,503,RelationalOperatorReplacement,for (int end = _tertiaryStart; offset < end; offset += 4) {,for (int end = _tertiaryStart; offset <= end; offset += 4) {,13863,
com/fasterxml/jackson/core/sym/ByteQuadsCanonicalizer.java,520,RelationalOperatorReplacement,for (int end = offset + _hashSize; offset < end; offset += 4) {,for (int end = offset + _hashSize; offset <= end; offset += 4) {,13865,
com/fasterxml/jackson/core/sym/ByteQuadsCanonicalizer.java,542,RelationalOperatorReplacement,"for (int offset = 3, end = (_hashSize << 3); offset < end; offset += 4) {","for (int offset = 3, end = (_hashSize << 3); offset <= end; offset += 4) {",13867,
com/fasterxml/jackson/core/sym/ByteQuadsCanonicalizer.java,664,RelationalOperatorReplacement,if (qlen < 4) { // another sanity check,if (qlen <= 4) { // another sanity check,13893,
com/fasterxml/jackson/core/sym/ByteQuadsCanonicalizer.java,729,RelationalOperatorReplacement,for (int end = offset + bucketSize; offset < end; offset += 4) {,for (int end = offset + bucketSize; offset <= end; offset += 4) {,13899,
com/fasterxml/jackson/core/sym/ByteQuadsCanonicalizer.java,741,RelationalOperatorReplacement,for (offset = _spilloverStart(); offset < _spilloverEnd; offset += 4) {,for (offset = _spilloverStart(); offset <= _spilloverEnd; offset += 4) {,13903,
com/fasterxml/jackson/core/sym/ByteQuadsCanonicalizer.java,755,RelationalOperatorReplacement,for (int end = offset + bucketSize; offset < end; offset += 4) {,for (int end = offset + bucketSize; offset <= end; offset += 4) {,13906,
com/fasterxml/jackson/core/sym/ByteQuadsCanonicalizer.java,764,RelationalOperatorReplacement,for (offset = _spilloverStart(); offset < _spilloverEnd; offset += 4) {,for (offset = _spilloverStart(); offset <= _spilloverEnd; offset += 4) {,13911,
com/fasterxml/jackson/core/sym/ByteQuadsCanonicalizer.java,778,RelationalOperatorReplacement,for (int end = offset + bucketSize; offset < end; offset += 4) {,for (int end = offset + bucketSize; offset <= end; offset += 4) {,13915,
com/fasterxml/jackson/core/sym/ByteQuadsCanonicalizer.java,787,RelationalOperatorReplacement,for (offset = _spilloverStart(); offset < _spilloverEnd; offset += 4) {,for (offset = _spilloverStart(); offset <= _spilloverEnd; offset += 4) {,13921,
com/fasterxml/jackson/core/sym/ByteQuadsCanonicalizer.java,802,RelationalOperatorReplacement,for (int end = offset + bucketSize; offset < end; offset += 4) {,for (int end = offset + bucketSize; offset <= end; offset += 4) {,13926,
com/fasterxml/jackson/core/sym/ByteQuadsCanonicalizer.java,813,RelationalOperatorReplacement,for (offset = _spilloverStart(); offset < _spilloverEnd; offset += 4) {,for (offset = _spilloverStart(); offset <= _spilloverEnd; offset += 4) {,13930,
com/fasterxml/jackson/core/sym/ByteQuadsCanonicalizer.java,856,RelationalOperatorReplacement,} while (ix < qlen);,} while (ix <= qlen);,13942,
com/fasterxml/jackson/core/sym/ByteQuadsCanonicalizer.java,1042,RelationalOperatorReplacement,for (int end = offset2 + bucketSize; offset2 < end; offset2 += 4) {,for (int end = offset2 + bucketSize; offset2 <= end; offset2 += 4) {,13951,
com/fasterxml/jackson/core/sym/ByteQuadsCanonicalizer.java,1062,RelationalOperatorReplacement,if (_spilloverEnd >= end) {,if (_spilloverEnd > end) {,13953,
com/fasterxml/jackson/core/sym/ByteQuadsCanonicalizer.java,1089,RelationalOperatorReplacement,for (int end = offset2 + bucketSize; offset2 < end; offset2 += 4) {,for (int end = offset2 + bucketSize; offset2 <= end; offset2 += 4) {,13956,
com/fasterxml/jackson/core/sym/ByteQuadsCanonicalizer.java,1107,RelationalOperatorReplacement,if (_count > (_hashSize >> 1)) { // over 50%,if (_count >= (_hashSize >> 1)) { // over 50%,13958,
com/fasterxml/jackson/core/sym/ByteQuadsCanonicalizer.java,1109,RelationalOperatorReplacement,if ((spillCount > (1 + _count >> 7)),if ((spillCount >= (1 + _count >> 7)),13959,
com/fasterxml/jackson/core/sym/ByteQuadsCanonicalizer.java,1110,RelationalOperatorReplacement,|| (_count > multiplyByFourFifths(_hashSize))) {,|| (_count >= multiplyByFourFifths(_hashSize))) {,13960,
com/fasterxml/jackson/core/sym/ByteQuadsCanonicalizer.java,1122,RelationalOperatorReplacement,if ((start + qlen) > _hashArea.length) {,if ((start + qlen) >= _hashArea.length) {,13961,
com/fasterxml/jackson/core/sym/ByteQuadsCanonicalizer.java,1213,RelationalOperatorReplacement,if (qlen < 4) {,if (qlen <= 4) {,13962,
com/fasterxml/jackson/core/sym/ByteQuadsCanonicalizer.java,1229,RelationalOperatorReplacement,for (int i = 3; i < qlen; ++i) {,for (int i = 3; i <= qlen; ++i) {,13963,
com/fasterxml/jackson/core/sym/ByteQuadsCanonicalizer.java,1265,RelationalOperatorReplacement,if (newSize > MAX_T_SIZE) {,if (newSize >= MAX_T_SIZE) {,13964,
com/fasterxml/jackson/core/sym/ByteQuadsCanonicalizer.java,1287,RelationalOperatorReplacement,"for (int offset = 0, end = oldEnd; offset < end; offset += 4) {","for (int offset = 0, end = oldEnd; offset <= end; offset += 4) {",13965,
com/fasterxml/jackson/core/sym/ByteQuadsCanonicalizer.java,1311,RelationalOperatorReplacement,if (len > q.length) {,if (len >= q.length) {,13967,
com/fasterxml/jackson/core/sym/ByteQuadsCanonicalizer.java,1364,RelationalOperatorReplacement,if (_hashSize <= 1024) { // would have spill-over area of 128 entries,if (_hashSize < 1024) { // would have spill-over area of 128 entries,13969,
com/fasterxml/jackson/core/sym/ByteQuadsCanonicalizer.java,1379,RelationalOperatorReplacement,if (tertSlots < 64) {,if (tertSlots <= 64) {,13970,
com/fasterxml/jackson/core/sym/ByteQuadsCanonicalizer.java,1382,RelationalOperatorReplacement,if (tertSlots <= 256) { // buckets of 8 slots (up to 256 == 32 x 8),if (tertSlots < 256) { // buckets of 8 slots (up to 256 == 32 x 8),13971,
com/fasterxml/jackson/core/sym/ByteQuadsCanonicalizer.java,1385,RelationalOperatorReplacement,if (tertSlots <= 1024) { // buckets of 16 slots (up to 1024 == 64 x 16),if (tertSlots < 1024) { // buckets of 16 slots (up to 1024 == 64 x 16),13972,
com/fasterxml/jackson/core/sym/CharsToNameCanonicalizer.java,431,RelationalOperatorReplacement,if (childCount > MAX_ENTRIES_FOR_REUSE) {,if (childCount >= MAX_ENTRIES_FOR_REUSE) {,14237,
com/fasterxml/jackson/core/sym/CharsToNameCanonicalizer.java,504,RelationalOperatorReplacement,if (len < 1) { // empty Strings are simplest to handle up front,if (len <= 1) { // empty Strings are simplest to handle up front,14240,
com/fasterxml/jackson/core/sym/CharsToNameCanonicalizer.java,564,RelationalOperatorReplacement,} else if (_size >= _sizeThreshold) { // Need to expand?,} else if (_size > _sizeThreshold) { // Need to expand?,14250,
com/fasterxml/jackson/core/sym/CharsToNameCanonicalizer.java,583,RelationalOperatorReplacement,if (collLen > MAX_COLL_CHAIN_LENGTH) {,if (collLen >= MAX_COLL_CHAIN_LENGTH) {,14252,
com/fasterxml/jackson/core/sym/CharsToNameCanonicalizer.java,660,RelationalOperatorReplacement,"for (int i = start, end = start+len; i < end; ++i) {","for (int i = start, end = start+len; i <= end; ++i) {",14254,
com/fasterxml/jackson/core/sym/CharsToNameCanonicalizer.java,672,RelationalOperatorReplacement,for (int i = 0; i < len; ++i) {,for (int i = 0; i <= len; ++i) {,14256,
com/fasterxml/jackson/core/sym/CharsToNameCanonicalizer.java,711,RelationalOperatorReplacement,if (newSize > MAX_T_SIZE) {,if (newSize >= MAX_T_SIZE) {,14258,
com/fasterxml/jackson/core/sym/CharsToNameCanonicalizer.java,737,RelationalOperatorReplacement,for (int i = 0; i < size; ++i) {,for (int i = 0; i <= size; ++i) {,14259,
com/fasterxml/jackson/core/sym/CharsToNameCanonicalizer.java,754,RelationalOperatorReplacement,for (int i = 0; i < bucketSize; ++i) {,for (int i = 0; i <= bucketSize; ++i) {,14262,
com/fasterxml/jackson/core/sym/CharsToNameCanonicalizer.java,802,RelationalOperatorReplacement,for (int i = 0; i < size; ++i) {,for (int i = 0; i <= size; ++i) {,14266,
com/fasterxml/jackson/core/sym/CharsToNameCanonicalizer.java,810,RelationalOperatorReplacement,for (int i = 0; i < bucketSize; ++i) {,for (int i = 0; i <= bucketSize; ++i) {,14268,
com/fasterxml/jackson/core/sym/CharsToNameCanonicalizer.java,902,RelationalOperatorReplacement,} while (++i < len);,} while (++i <= len);,14274,
com/fasterxml/jackson/core/sym/NameN.java,31,RelationalOperatorReplacement,if (qlen < 4) {,if (qlen <= 4) {,14423,
com/fasterxml/jackson/core/sym/NameN.java,43,RelationalOperatorReplacement,if (rem > 0) {,if (rem >= 0) {,14424,
com/fasterxml/jackson/core/sym/NameN.java,93,RelationalOperatorReplacement,for (int i = 0; i < end; ++i) {,for (int i = 0; i <= end; ++i) {,14434,
com/fasterxml/jackson/core/util/BufferRecycler.java,156,NullifyReturnValue,"return allocByteBuffer(ix, 0);",return null;,14472,
com/fasterxml/jackson/core/util/BufferRecycler.java,168,NullifyReturnValue,return buffer;,return null;,14473,
com/fasterxml/jackson/core/util/BufferRecycler.java,187,NullifyReturnValue,"return allocCharBuffer(ix, 0);",return null;,14474,
com/fasterxml/jackson/core/util/BufferRecycler.java,199,NullifyReturnValue,return buffer;,return null;,14475,
com/fasterxml/jackson/core/util/BufferRecycler.java,231,NullifyReturnValue,protected byte[] balloc(int size) { return new byte[size]; },protected byte[] balloc(int size) { return null; },14476,
com/fasterxml/jackson/core/util/BufferRecycler.java,232,NullifyReturnValue,protected char[] calloc(int size) { return new char[size]; },protected char[] calloc(int size) { return null; },14477,
com/fasterxml/jackson/core/util/BufferRecycler.java,161,RelationalOperatorReplacement,if (minSize < DEF_SIZE) {,if (minSize <= DEF_SIZE) {,14480,
com/fasterxml/jackson/core/util/BufferRecycler.java,165,RelationalOperatorReplacement,if (buffer == null || buffer.length < minSize) {,if (buffer == null || buffer.length <= minSize) {,14482,
com/fasterxml/jackson/core/util/BufferRecycler.java,174,RelationalOperatorReplacement,if ((oldBuffer == null) || buffer.length > oldBuffer.length) {,if ((oldBuffer == null) || buffer.length >= oldBuffer.length) {,14484,
com/fasterxml/jackson/core/util/BufferRecycler.java,192,RelationalOperatorReplacement,if (minSize < DEF_SIZE) {,if (minSize <= DEF_SIZE) {,14485,
com/fasterxml/jackson/core/util/BufferRecycler.java,196,RelationalOperatorReplacement,if (buffer == null || buffer.length < minSize) {,if (buffer == null || buffer.length <= minSize) {,14487,
com/fasterxml/jackson/core/util/BufferRecycler.java,205,RelationalOperatorReplacement,if ((oldBuffer == null) || buffer.length > oldBuffer.length) {,if ((oldBuffer == null) || buffer.length >= oldBuffer.length) {,14489,
com/fasterxml/jackson/core/util/BufferRecyclers.java,143,NullifyReturnValue,return JsonStringEncoder.getInstance().encodeAsUTF8(text);,return null;,14526,
com/fasterxml/jackson/core/util/BufferRecyclers.java,160,NullifyReturnValue,return JsonStringEncoder.getInstance().quoteAsString(rawText);,return null;,14527,
com/fasterxml/jackson/core/util/BufferRecyclers.java,193,NullifyReturnValue,return JsonStringEncoder.getInstance().quoteAsUTF8(rawText);,return null;,14528,
com/fasterxml/jackson/core/util/ByteArrayBuilder.java,163,NullifyReturnValue,return NO_BYTES;,return null;,14576,
com/fasterxml/jackson/core/util/ByteArrayBuilder.java,182,NullifyReturnValue,return result;,return null;,14577,
com/fasterxml/jackson/core/util/ByteArrayBuilder.java,204,NullifyReturnValue,return result;,return null;,14578,
com/fasterxml/jackson/core/util/ByteArrayBuilder.java,232,NullifyReturnValue,return _currBlock;,return null;,14580,
com/fasterxml/jackson/core/util/ByteArrayBuilder.java,244,NullifyReturnValue,return _currBlock;,return null;,14581,
com/fasterxml/jackson/core/util/ByteArrayBuilder.java,258,NullifyReturnValue,return toByteArray();,return null;,14582,
com/fasterxml/jackson/core/util/ByteArrayBuilder.java,261,NullifyReturnValue,public byte[] getCurrentSegment() { return _currBlock; },public byte[] getCurrentSegment() { return null; },14583,
com/fasterxml/jackson/core/util/ByteArrayBuilder.java,61,RelationalOperatorReplacement,if (firstBlockSize > MAX_BLOCK_SIZE) {,if (firstBlockSize >= MAX_BLOCK_SIZE) {,14584,
com/fasterxml/jackson/core/util/ByteArrayBuilder.java,109,RelationalOperatorReplacement,if (_currBlockPtr >= _currBlock.length) {,if (_currBlockPtr > _currBlock.length) {,14588,
com/fasterxml/jackson/core/util/ByteArrayBuilder.java,116,RelationalOperatorReplacement,if ((_currBlockPtr + 1) < _currBlock.length) {,if ((_currBlockPtr + 1) <= _currBlock.length) {,14589,
com/fasterxml/jackson/core/util/ByteArrayBuilder.java,126,RelationalOperatorReplacement,if ((_currBlockPtr + 2) < _currBlock.length) {,if ((_currBlockPtr + 2) <= _currBlock.length) {,14590,
com/fasterxml/jackson/core/util/ByteArrayBuilder.java,139,RelationalOperatorReplacement,if ((_currBlockPtr + 3) < _currBlock.length) {,if ((_currBlockPtr + 3) <= _currBlock.length) {,14591,
com/fasterxml/jackson/core/util/ByteArrayBuilder.java,282,RelationalOperatorReplacement,if (toCopy > 0) {,if (toCopy >= 0) {,14594,
com/fasterxml/jackson/core/util/ByteArrayBuilder.java,288,RelationalOperatorReplacement,if (len <= 0) break;,if (len < 0) break;,14595,
com/fasterxml/jackson/core/util/ByteArrayBuilder.java,318,RelationalOperatorReplacement,if (newPastLen < 0) {,if (newPastLen <= 0) {,14596,
com/fasterxml/jackson/core/util/ByteArrayBuilder.java,332,RelationalOperatorReplacement,if (newSize > MAX_BLOCK_SIZE) {,if (newSize >= MAX_BLOCK_SIZE) {,14597,
com/fasterxml/jackson/core/util/DefaultIndenter.java,60,RelationalOperatorReplacement,for (int i=0; i<INDENT_LEVELS; i++) {,for (int i=0; i<=INDENT_LEVELS; i++) {,14658,
com/fasterxml/jackson/core/util/DefaultIndenter.java,91,RelationalOperatorReplacement,if (level > 0) { // should we err on negative values (as there's some flaw?),if (level >= 0) { // should we err on negative values (as there's some flaw?),14659,
com/fasterxml/jackson/core/util/DefaultIndenter.java,93,RelationalOperatorReplacement,while (level > indents.length) { // unlike to happen but just in case,while (level >= indents.length) { // unlike to happen but just in case,14660,
com/fasterxml/jackson/core/util/DefaultPrettyPrinter.java,441,RelationalOperatorReplacement,if (nrOfEntries > 0) {,if (nrOfEntries >= 0) {,14741,
com/fasterxml/jackson/core/util/DefaultPrettyPrinter.java,485,RelationalOperatorReplacement,if (nrOfValues > 0) {,if (nrOfValues >= 0) {,14742,
com/fasterxml/jackson/core/util/InternCache.java,52,RelationalOperatorReplacement,if (size() >= DEFAULT_MAX_ENTRIES) {,if (size() > DEFAULT_MAX_ENTRIES) {,14787,
com/fasterxml/jackson/core/util/InternCache.java,61,RelationalOperatorReplacement,if (size() >= DEFAULT_MAX_ENTRIES) {,if (size() > DEFAULT_MAX_ENTRIES) {,14788,
com/fasterxml/jackson/core/util/InternalJacksonUtil.java,20,RelationalOperatorReplacement,if (result < 0) {,if (result <= 0) {,14793,
com/fasterxml/jackson/core/util/JacksonFeatureSet.java,42,RelationalOperatorReplacement,if (allFeatures.length > 31) {,if (allFeatures.length >= 31) {,14813,
com/fasterxml/jackson/core/util/JsonParserDelegate.java,209,NullifyReturnValue,@Override public char[] getTextCharacters() throws IOException { return delegate.getTextCharacters(); },@Override public char[] getTextCharacters() throws IOException { return null; },15045,
com/fasterxml/jackson/core/util/JsonParserDelegate.java,286,NullifyReturnValue,@Override public byte[] getBinaryValue(Base64Variant b64variant) throws IOException { return delegate.getBinaryValue(b64variant); },@Override public byte[] getBinaryValue(Base64Variant b64variant) throws IOException { return null; },15056,
com/fasterxml/jackson/core/util/JsonParserSequence.java,119,RelationalOperatorReplacement,"for (int i = _nextParserIndex-1, len = _parsers.length; i < len; ++i) {","for (int i = _nextParserIndex-1, len = _parsers.length; i <= len; ++i) {",15227,
com/fasterxml/jackson/core/util/JsonParserSequence.java,223,RelationalOperatorReplacement,if (_nextParserIndex < _parsers.length) {,if (_nextParserIndex <= _parsers.length) {,15234,
com/fasterxml/jackson/core/util/JsonParserSequence.java,232,RelationalOperatorReplacement,while (_nextParserIndex < _parsers.length) {,while (_nextParserIndex <= _parsers.length) {,15235,
com/fasterxml/jackson/core/util/JsonRecyclerPools.java,274,RelationalOperatorReplacement,if (capacity <= 0) {,if (capacity < 0) {,15287,
com/fasterxml/jackson/core/util/RecyclerPool.java,346,RelationalOperatorReplacement,for (int i = 0; i < 3; i++) {,for (int i = 0; i <= 3; i++) {,15366,
com/fasterxml/jackson/core/util/RecyclerPool.java,362,RelationalOperatorReplacement,for (int i = 0; i < 3; i++) {,for (int i = 0; i <= 3; i++) {,15368,
com/fasterxml/jackson/core/util/RecyclerPool.java,422,RelationalOperatorReplacement,capacity = (capacityAsId <= 0) ? DEFAULT_CAPACITY : capacityAsId;,capacity = (capacityAsId < 0) ? DEFAULT_CAPACITY : capacityAsId;,15370,
com/fasterxml/jackson/core/util/TextBuffer.java,341,NullifyReturnValue,return _currentSegment;,return null;,15599,
com/fasterxml/jackson/core/util/TextBuffer.java,349,NullifyReturnValue,"return _allocator.allocCharBuffer(BufferRecycler.CHAR_TEXT_BUFFER, needed);",return null;,15600,
com/fasterxml/jackson/core/util/TextBuffer.java,351,NullifyReturnValue,"return new char[Math.max(needed, MIN_SEGMENT_LEN)];",return null;,15601,
com/fasterxml/jackson/core/util/TextBuffer.java,432,NullifyReturnValue,if (_inputStart >= 0) return _inputBuffer;,if (_inputStart >= 0) return null;,15603,
com/fasterxml/jackson/core/util/TextBuffer.java,433,NullifyReturnValue,if (_resultArray != null) return _resultArray;,if (_resultArray != null) return null;,15604,
com/fasterxml/jackson/core/util/TextBuffer.java,435,NullifyReturnValue,return (_resultArray = _resultString.toCharArray());,return null;,15605,
com/fasterxml/jackson/core/util/TextBuffer.java,439,NullifyReturnValue,return (_currentSegment == null) ? NO_CHARS : _currentSegment;,return null;,15606,
com/fasterxml/jackson/core/util/TextBuffer.java,442,NullifyReturnValue,return contentsAsArray();,return null;,15607,
com/fasterxml/jackson/core/util/TextBuffer.java,521,NullifyReturnValue,return result;,return null;,15610,
com/fasterxml/jackson/core/util/TextBuffer.java,946,NullifyReturnValue,return _currentSegment;,return null;,15617,
com/fasterxml/jackson/core/util/TextBuffer.java,968,NullifyReturnValue,return curr;,return null;,15618,
com/fasterxml/jackson/core/util/TextBuffer.java,1028,NullifyReturnValue,return curr;,return null;,15621,
com/fasterxml/jackson/core/util/TextBuffer.java,1096,NullifyReturnValue,"return (_currentSegment = Arrays.copyOf(curr, newLen));",return null;,15626,
com/fasterxml/jackson/core/util/TextBuffer.java,1112,NullifyReturnValue,if (curr.length >= minSize) return curr;,if (curr.length >= minSize) return null;,15627,
com/fasterxml/jackson/core/util/TextBuffer.java,1114,NullifyReturnValue,return curr;,return null;,15628,
com/fasterxml/jackson/core/util/TextBuffer.java,1197,NullifyReturnValue,return _resultString.toCharArray();,return null;,15631,
com/fasterxml/jackson/core/util/TextBuffer.java,1203,NullifyReturnValue,return NO_CHARS;,return null;,15632,
com/fasterxml/jackson/core/util/TextBuffer.java,1208,NullifyReturnValue,"return Arrays.copyOf(_inputBuffer, len);",return null;,15633,
com/fasterxml/jackson/core/util/TextBuffer.java,1210,NullifyReturnValue,"return Arrays.copyOfRange(_inputBuffer, start, start+len);",return null;,15634,
com/fasterxml/jackson/core/util/TextBuffer.java,1218,NullifyReturnValue,return NO_CHARS;,return null;,15635,
com/fasterxml/jackson/core/util/TextBuffer.java,1232,NullifyReturnValue,return result;,return null;,15636,
com/fasterxml/jackson/core/util/TextBuffer.java,1235,NullifyReturnValue,private char[] carr(int len) { return new char[len]; },private char[] carr(int len) { return null; },15637,
com/fasterxml/jackson/core/util/TextBuffer.java,384,RelationalOperatorReplacement,if (_inputStart >= 0) { // shared copy from input buf,if (_inputStart > 0) { // shared copy from input buf,15644,
com/fasterxml/jackson/core/util/TextBuffer.java,402,RelationalOperatorReplacement,return (_inputStart >= 0) ? _inputStart : 0;,return (_inputStart > 0) ? _inputStart : 0;,15647,
com/fasterxml/jackson/core/util/TextBuffer.java,415,RelationalOperatorReplacement,if (_inputStart >= 0 || _resultArray != null) return true;,if (_inputStart > 0 || _resultArray != null) return true;,15648,
com/fasterxml/jackson/core/util/TextBuffer.java,432,RelationalOperatorReplacement,if (_inputStart >= 0) return _inputBuffer;,if (_inputStart > 0) return _inputBuffer;,15651,
com/fasterxml/jackson/core/util/TextBuffer.java,468,RelationalOperatorReplacement,if (_inputStart >= 0) {,if (_inputStart > 0) {,15657,
com/fasterxml/jackson/core/util/TextBuffer.java,469,RelationalOperatorReplacement,if (_inputLen < 1) {,if (_inputLen <= 1) {,15658,
com/fasterxml/jackson/core/util/TextBuffer.java,488,RelationalOperatorReplacement,if (builderLen < 0) {,if (builderLen <= 0) {,15661,
com/fasterxml/jackson/core/util/TextBuffer.java,496,RelationalOperatorReplacement,"for (int i = 0, len = _segments.size(); i < len; ++i) {","for (int i = 0, len = _segments.size(); i <= len; ++i) {",15663,
com/fasterxml/jackson/core/util/TextBuffer.java,551,RelationalOperatorReplacement,if (_inputStart >= 0) { // shared?,if (_inputStart > 0) { // shared?,15666,
com/fasterxml/jackson/core/util/TextBuffer.java,626,RelationalOperatorReplacement,if (_inputStart >= 0) { // shared?,if (_inputStart > 0) { // shared?,15669,
com/fasterxml/jackson/core/util/TextBuffer.java,665,RelationalOperatorReplacement,if (_inputStart >= 0) { // shared?,if (_inputStart > 0) { // shared?,15672,
com/fasterxml/jackson/core/util/TextBuffer.java,700,RelationalOperatorReplacement,if ((_inputStart >= 0) && (_inputBuffer != null)) {,if ((_inputStart > 0) && (_inputBuffer != null)) {,15674,
com/fasterxml/jackson/core/util/TextBuffer.java,728,RelationalOperatorReplacement,if ((_inputStart >= 0) && (_inputBuffer != null)) {,if ((_inputStart > 0) && (_inputBuffer != null)) {,15676,
com/fasterxml/jackson/core/util/TextBuffer.java,762,RelationalOperatorReplacement,if (_inputStart >= 0) {,if (_inputStart > 0) {,15680,
com/fasterxml/jackson/core/util/TextBuffer.java,764,RelationalOperatorReplacement,if (len > 0) {,if (len >= 0) {,15681,
com/fasterxml/jackson/core/util/TextBuffer.java,772,RelationalOperatorReplacement,"for (int i = 0, end = _segments.size(); i < end; ++i) {","for (int i = 0, end = _segments.size(); i <= end; ++i) {",15683,
com/fasterxml/jackson/core/util/TextBuffer.java,780,RelationalOperatorReplacement,if (len > 0) {,if (len >= 0) {,15684,
com/fasterxml/jackson/core/util/TextBuffer.java,798,RelationalOperatorReplacement,if (_inputStart >= 0) {,if (_inputStart > 0) {,15685,
com/fasterxml/jackson/core/util/TextBuffer.java,809,RelationalOperatorReplacement,if (_inputStart >= 0) {,if (_inputStart > 0) {,15686,
com/fasterxml/jackson/core/util/TextBuffer.java,817,RelationalOperatorReplacement,if (_currentSize >= curr.length) {,if (_currentSize > curr.length) {,15687,
com/fasterxml/jackson/core/util/TextBuffer.java,834,RelationalOperatorReplacement,if (_inputStart >= 0) {,if (_inputStart > 0) {,15688,
com/fasterxml/jackson/core/util/TextBuffer.java,844,RelationalOperatorReplacement,if (max >= len) {,if (max > len) {,15689,
com/fasterxml/jackson/core/util/TextBuffer.java,853,RelationalOperatorReplacement,if (max > 0) {,if (max >= 0) {,15690,
com/fasterxml/jackson/core/util/TextBuffer.java,867,RelationalOperatorReplacement,} while (len > 0);,} while (len >= 0);,15691,
com/fasterxml/jackson/core/util/TextBuffer.java,879,RelationalOperatorReplacement,if (_inputStart >= 0) {,if (_inputStart > 0) {,15692,
com/fasterxml/jackson/core/util/TextBuffer.java,888,RelationalOperatorReplacement,if (max >= len) {,if (max > len) {,15693,
com/fasterxml/jackson/core/util/TextBuffer.java,897,RelationalOperatorReplacement,if (max > 0) {,if (max >= 0) {,15694,
com/fasterxml/jackson/core/util/TextBuffer.java,911,RelationalOperatorReplacement,} while (len > 0);,} while (len >= 0);,15695,
com/fasterxml/jackson/core/util/TextBuffer.java,917,RelationalOperatorReplacement,if (newTotalLength < 0) {,if (newTotalLength <= 0) {,15696,
com/fasterxml/jackson/core/util/TextBuffer.java,935,RelationalOperatorReplacement,if (_inputStart >= 0) {,if (_inputStart > 0) {,15697,
com/fasterxml/jackson/core/util/TextBuffer.java,941,RelationalOperatorReplacement,} else if (_currentSize >= curr.length) {,} else if (_currentSize > curr.length) {,15699,
com/fasterxml/jackson/core/util/TextBuffer.java,990,RelationalOperatorReplacement,if (_segmentSize > 0) { // longer text; call main method,if (_segmentSize >= 0) { // longer text; call main method,15701,
com/fasterxml/jackson/core/util/TextBuffer.java,1013,RelationalOperatorReplacement,if (_segmentSize < 0) {,if (_segmentSize <= 0) {,15704,
com/fasterxml/jackson/core/util/TextBuffer.java,1021,RelationalOperatorReplacement,if (newLen < MIN_SEGMENT_LEN) {,if (newLen <= MIN_SEGMENT_LEN) {,15705,
com/fasterxml/jackson/core/util/TextBuffer.java,1023,RelationalOperatorReplacement,} else if (newLen > MAX_SEGMENT_LEN) {,} else if (newLen >= MAX_SEGMENT_LEN) {,15706,
com/fasterxml/jackson/core/util/TextBuffer.java,1046,RelationalOperatorReplacement,if (ptr < 0 || _currentSegment[ptr] <= 0x0020) {,if (ptr <= 0 || _currentSegment[ptr] <= 0x0020) {,15707,
com/fasterxml/jackson/core/util/TextBuffer.java,1046,RelationalOperatorReplacement,if (ptr < 0 || _currentSegment[ptr] <= 0x0020) {,if (ptr < 0 || _currentSegment[ptr] < 0x0020) {,15708,
com/fasterxml/jackson/core/util/TextBuffer.java,1059,RelationalOperatorReplacement,while (--ptr >= 0) {,while (--ptr > 0) {,15709,
com/fasterxml/jackson/core/util/TextBuffer.java,1060,RelationalOperatorReplacement,"if (curr[ptr] > 0x0020) { // found the ending non-space char, all done:","if (curr[ptr] >= 0x0020) { // found the ending non-space char, all done:",15710,
com/fasterxml/jackson/core/util/TextBuffer.java,1093,RelationalOperatorReplacement,if (newLen > MAX_SEGMENT_LEN) {,if (newLen >= MAX_SEGMENT_LEN) {,15712,
com/fasterxml/jackson/core/util/TextBuffer.java,1112,RelationalOperatorReplacement,if (curr.length >= minSize) return curr;,if (curr.length > minSize) return curr;,15713,
com/fasterxml/jackson/core/util/TextBuffer.java,1157,RelationalOperatorReplacement,if (_currentSegment == null || needed > _currentSegment.length) {,if (_currentSegment == null || needed >= _currentSegment.length) {,15715,
com/fasterxml/jackson/core/util/TextBuffer.java,1160,RelationalOperatorReplacement,if (sharedLen > 0) {,if (sharedLen >= 0) {,15716,
com/fasterxml/jackson/core/util/TextBuffer.java,1178,RelationalOperatorReplacement,if (_segmentSize < 0) {,if (_segmentSize <= 0) {,15718,
com/fasterxml/jackson/core/util/TextBuffer.java,1186,RelationalOperatorReplacement,if (newLen < MIN_SEGMENT_LEN) {,if (newLen <= MIN_SEGMENT_LEN) {,15719,
com/fasterxml/jackson/core/util/TextBuffer.java,1188,RelationalOperatorReplacement,} else if (newLen > MAX_SEGMENT_LEN) {,} else if (newLen >= MAX_SEGMENT_LEN) {,15720,
com/fasterxml/jackson/core/util/TextBuffer.java,1200,RelationalOperatorReplacement,if (_inputStart >= 0) {,if (_inputStart > 0) {,15722,
com/fasterxml/jackson/core/util/TextBuffer.java,1202,RelationalOperatorReplacement,if (len < 1) {,if (len <= 1) {,15723,
com/fasterxml/jackson/core/util/TextBuffer.java,1214,RelationalOperatorReplacement,if (size < 1) {,if (size <= 1) {,15725,
com/fasterxml/jackson/core/util/TextBuffer.java,1215,RelationalOperatorReplacement,if (size < 0) {,if (size <= 0) {,15726,
com/fasterxml/jackson/core/util/TextBuffer.java,1224,RelationalOperatorReplacement,"for (int i = 0, len = _segments.size(); i < len; ++i) {","for (int i = 0, len = _segments.size(); i <= len; ++i) {",15728,
com/fasterxml/jackson/core/util/VersionUtil.java,143,RelationalOperatorReplacement,if (s != null && (s = s.trim()).length() > 0) {,if (s != null && (s = s.trim()).length() >= 0) {,15881,
com/fasterxml/jackson/core/util/VersionUtil.java,146,RelationalOperatorReplacement,"(parts.length > 1) ? parseVersionPart(parts[1]) : 0,","(parts.length >= 1) ? parseVersionPart(parts[1]) : 0,",15882,
com/fasterxml/jackson/core/util/VersionUtil.java,147,RelationalOperatorReplacement,"(parts.length > 2) ? parseVersionPart(parts[2]) : 0,","(parts.length >= 2) ? parseVersionPart(parts[2]) : 0,",15883,
com/fasterxml/jackson/core/util/VersionUtil.java,148,RelationalOperatorReplacement,"(parts.length > 3) ? parts[3] : null,","(parts.length >= 3) ? parts[3] : null,",15884,
com/fasterxml/jackson/core/util/VersionUtil.java,156,RelationalOperatorReplacement,"for (int i = 0, len = s.length(); i < len; ++i) {","for (int i = 0, len = s.length(); i <= len; ++i) {",15885,
com/fasterxml/jackson/core/util/VersionUtil.java,158,RelationalOperatorReplacement,if (c > '9' || c < '0') break;,if (c >= '9' || c < '0') break;,15886,
com/fasterxml/jackson/core/util/VersionUtil.java,158,RelationalOperatorReplacement,if (c > '9' || c < '0') break;,if (c > '9' || c <= '0') break;,15887,
