file,line,operator,before,after,mutant_id,paper_category
com/fasterxml/jackson/databind/AnnotationIntrospector.java,1311,NullifyInputVariable,{,{ baseType = null;,110,
com/fasterxml/jackson/databind/AnnotationIntrospector.java,1311,NullifyInputVariable,{,{ a = null;,111,
com/fasterxml/jackson/databind/AnnotationIntrospector.java,1311,NullifyInputVariable,{,{ config = null;,112,
com/fasterxml/jackson/databind/AnnotationIntrospector.java,930,NullifyInputVariable,{,{ baseType = null;,148,
com/fasterxml/jackson/databind/AnnotationIntrospector.java,930,NullifyInputVariable,{,{ a = null;,149,
com/fasterxml/jackson/databind/AnnotationIntrospector.java,930,NullifyInputVariable,{,{ config = null;,150,
com/fasterxml/jackson/databind/DatabindContext.java,231,RelationalOperatorReplacement,if (ltIndex > 0) {,if (ltIndex <= 0) {,21,
com/fasterxml/jackson/databind/DatabindContext.java,191,RelationalOperatorReplacement,if (subClassName.indexOf('<') > 0) {,if (subClassName.indexOf('<') <= 0) {,22,
com/fasterxml/jackson/databind/DatabindContext.java,446,RelationalOperatorReplacement,if (desc.length() <= MAX_ERROR_STR_LEN) {,if (desc.length() > MAX_ERROR_STR_LEN) {,4,
com/fasterxml/jackson/databind/DatabindContext.java,433,RelationalOperatorReplacement,if (msgArgs.length > 0) {,if (msgArgs.length <= 0) {,6,
com/fasterxml/jackson/databind/DeserializationConfig.java,644,RelationalOperatorReplacement,if (features.length > 0 && (features[0] instanceof JsonReadFeature)) {,if (features.length <= 0 && (features[0] instanceof JsonReadFeature)) {,30,
com/fasterxml/jackson/databind/DeserializationConfig.java,599,RelationalOperatorReplacement,if (features.length > 0 && (features[0] instanceof JsonReadFeature)) {,if (features.length <= 0 && (features[0] instanceof JsonReadFeature)) {,35,
com/fasterxml/jackson/databind/DeserializationContext.java,795,RelationalOperatorReplacement,|| buf.initialCapacity() >= _objectBuffer.initialCapacity()) {,|| buf.initialCapacity() < _objectBuffer.initialCapacity()) {,45,
com/fasterxml/jackson/databind/EnumNamingStrategies.java,115,RelationalOperatorReplacement,for (int i = 0; i < length; i++) {,for (int i = 0; i >= length; i++) {,1,
com/fasterxml/jackson/databind/EnumNamingStrategies.java,93,RelationalOperatorReplacement,for (int i = start; i < length; i++) {,for (int i = start; i >= length; i++) {,4,
com/fasterxml/jackson/databind/JavaType.java,434,RelationalOperatorReplacement,public boolean hasGenericTypes() { return containedTypeCount() > 0; },public boolean hasGenericTypes() { return containedTypeCount() <= 0; },5,
com/fasterxml/jackson/databind/JsonMappingException.java,148,RelationalOperatorReplacement,} else if (_index >= 0) {,} else if (_index < 0) {,10,
com/fasterxml/jackson/databind/JsonMappingException.java,139,RelationalOperatorReplacement,while (--arrays >= 0) {,while (--arrays < 0) {,12,
com/fasterxml/jackson/databind/JsonMappingException.java,475,RelationalOperatorReplacement,if (_path.size() < MAX_REFS_TO_LIST) {,if (_path.size() >= MAX_REFS_TO_LIST) {,4,
com/fasterxml/jackson/databind/JsonNode.java,890,NullifyInputVariable,public final JsonNode requiredAt(final JsonPointer path) throws IllegalArgumentException {,public final JsonNode requiredAt(final JsonPointer path) throws IllegalArgumentException { path = null;,93,
com/fasterxml/jackson/databind/ObjectMapper.java,1166,NullifyInputVariable,"private static <T> ServiceLoader<T> secureGetServiceLoader(final Class<T> clazz, final ClassLoader classLoader) {","private static <T> ServiceLoader<T> secureGetServiceLoader(final Class<T> clazz, final ClassLoader classLoader) { classLoader = null;",664,
com/fasterxml/jackson/databind/ObjectMapper.java,1166,NullifyInputVariable,"private static <T> ServiceLoader<T> secureGetServiceLoader(final Class<T> clazz, final ClassLoader classLoader) {","private static <T> ServiceLoader<T> secureGetServiceLoader(final Class<T> clazz, final ClassLoader classLoader) { clazz = null;",665,
com/fasterxml/jackson/databind/ObjectReader.java,2233,NullifyInputVariable,"protected JsonParser _considerFilter(final JsonParser p, boolean multiValue) {","protected JsonParser _considerFilter(final JsonParser p, boolean multiValue) { p = null;",323,
com/fasterxml/jackson/databind/ObjectReader.java,637,NullifyInputVariable,public ObjectReader at(final JsonPointer pointer) {,public ObjectReader at(final JsonPointer pointer) { pointer = null;,432,
com/fasterxml/jackson/databind/ObjectReader.java,627,NullifyInputVariable,public ObjectReader at(final String pointerExpr) {,public ObjectReader at(final String pointerExpr) { pointerExpr = null;,433,
com/fasterxml/jackson/databind/PropertyNamingStrategies.java,238,RelationalOperatorReplacement,for (int i = 0; i < length; i++),for (int i = 0; i >= length; i++),10,
com/fasterxml/jackson/databind/PropertyNamingStrategies.java,154,RelationalOperatorReplacement,if ((upperCount == 0) && (i > 0)) {,if ((upperCount == 0) && (i <= 0)) {,12,
com/fasterxml/jackson/databind/PropertyNamingStrategies.java,147,RelationalOperatorReplacement,if (upperCount > 1) {,if (upperCount <= 1) {,14,
com/fasterxml/jackson/databind/PropertyNamingStrategies.java,140,RelationalOperatorReplacement,for (int i = 0; i < length; ++i) {,for (int i = 0; i >= length; ++i) {,16,
com/fasterxml/jackson/databind/PropertyNamingStrategies.java,261,RelationalOperatorReplacement,return resultLength > 0 ? result.toString() : input;,return resultLength <= 0 ? result.toString() : input;,5,
com/fasterxml/jackson/databind/PropertyNamingStrategies.java,132,NullifyInputVariable,{,{ input = null;,61,
com/fasterxml/jackson/databind/PropertyNamingStrategies.java,245,RelationalOperatorReplacement,if (!wasPrevTranslated && resultLength > 0 && result.charAt(resultLength - 1) != '_'),if (!wasPrevTranslated && resultLength <= 0 && result.charAt(resultLength - 1) != '_'),7,
com/fasterxml/jackson/databind/PropertyNamingStrategies.java,241,RelationalOperatorReplacement,if (i > 0 || c != '_') // skip first starting underscore,if (i <= 0 || c != '_') // skip first starting underscore,9,
com/fasterxml/jackson/databind/PropertyNamingStrategy.java,270,RelationalOperatorReplacement,if ((upperCount == 0) && (i > 0)) {,if ((upperCount == 0) && (i <= 0)) {,10,
com/fasterxml/jackson/databind/PropertyNamingStrategy.java,263,RelationalOperatorReplacement,if (upperCount > 1) {,if (upperCount <= 1) {,12,
com/fasterxml/jackson/databind/PropertyNamingStrategy.java,256,RelationalOperatorReplacement,for (int i = 0; i < length; ++i) {,for (int i = 0; i >= length; ++i) {,14,
com/fasterxml/jackson/databind/PropertyNamingStrategy.java,330,RelationalOperatorReplacement,return resultLength > 0 ? result.toString() : input;,return resultLength <= 0 ? result.toString() : input;,3,
com/fasterxml/jackson/databind/PropertyNamingStrategy.java,314,RelationalOperatorReplacement,if (!wasPrevTranslated && resultLength > 0 && result.charAt(resultLength - 1) != '_'),if (!wasPrevTranslated && resultLength <= 0 && result.charAt(resultLength - 1) != '_'),5,
com/fasterxml/jackson/databind/PropertyNamingStrategy.java,245,NullifyInputVariable,{,{ input = null;,55,
com/fasterxml/jackson/databind/PropertyNamingStrategy.java,310,RelationalOperatorReplacement,if (i > 0 || c != '_') // skip first starting underscore,if (i <= 0 || c != '_') // skip first starting underscore,7,
com/fasterxml/jackson/databind/PropertyNamingStrategy.java,307,RelationalOperatorReplacement,for (int i = 0; i < length; i++),for (int i = 0; i >= length; i++),8,
com/fasterxml/jackson/databind/SequenceWriter.java,197,RelationalOperatorReplacement,"for (int i = 0, len = value.length; i < len; ++i) {","for (int i = 0, len = value.length; i >= len; ++i) {",8,
com/fasterxml/jackson/databind/SerializationConfig.java,659,RelationalOperatorReplacement,if (features.length > 0 && (features[0] instanceof JsonWriteFeature)) {,if (features.length <= 0 && (features[0] instanceof JsonWriteFeature)) {,27,
com/fasterxml/jackson/databind/SerializationConfig.java,615,RelationalOperatorReplacement,if (features.length > 0 && (features[0] instanceof JsonWriteFeature)) {,if (features.length <= 0 && (features[0] instanceof JsonWriteFeature)) {,32,
com/fasterxml/jackson/databind/cfg/CoercionConfigs.java,79,RelationalOperatorReplacement,for (int i = 0; i < size; ++i) {,for (int i = 0; i >= size; ++i) {,37,
com/fasterxml/jackson/databind/cfg/DefaultCacheProvider.java,201,RelationalOperatorReplacement,if (maxTypeFactoryCacheSize < 0) {,if (maxTypeFactoryCacheSize >= 0) {,1,
com/fasterxml/jackson/databind/cfg/DefaultCacheProvider.java,183,RelationalOperatorReplacement,if (maxSerializerCacheSize < 0) {,if (maxSerializerCacheSize >= 0) {,2,
com/fasterxml/jackson/databind/cfg/DefaultCacheProvider.java,164,RelationalOperatorReplacement,if (maxDeserializerCacheSize < 0) {,if (maxDeserializerCacheSize >= 0) {,3,
com/fasterxml/jackson/databind/cfg/DeserializerFactoryConfig.java,186,RelationalOperatorReplacement,public boolean hasValueInstantiators() { return _valueInstantiators.length > 0; },public boolean hasValueInstantiators() { return _valueInstantiators.length <= 0; },1,
com/fasterxml/jackson/databind/cfg/DeserializerFactoryConfig.java,184,RelationalOperatorReplacement,public boolean hasAbstractTypeResolvers() { return _abstractTypeResolvers.length > 0; },public boolean hasAbstractTypeResolvers() { return _abstractTypeResolvers.length <= 0; },2,
com/fasterxml/jackson/databind/cfg/DeserializerFactoryConfig.java,182,RelationalOperatorReplacement,public boolean hasDeserializerModifiers() { return _modifiers.length > 0; },public boolean hasDeserializerModifiers() { return _modifiers.length <= 0; },3,
com/fasterxml/jackson/databind/cfg/DeserializerFactoryConfig.java,180,RelationalOperatorReplacement,public boolean hasKeyDeserializers() { return _additionalKeyDeserializers.length > 0; },public boolean hasKeyDeserializers() { return _additionalKeyDeserializers.length <= 0; },4,
com/fasterxml/jackson/databind/cfg/DeserializerFactoryConfig.java,178,RelationalOperatorReplacement,public boolean hasDeserializers() { return _additionalDeserializers.length > 0; },public boolean hasDeserializers() { return _additionalDeserializers.length <= 0; },5,
com/fasterxml/jackson/databind/cfg/MapperBuilder.java,394,NullifyInputVariable,"private static <T> ServiceLoader<T> secureGetServiceLoader(final Class<T> clazz, final ClassLoader classLoader) {","private static <T> ServiceLoader<T> secureGetServiceLoader(final Class<T> clazz, final ClassLoader classLoader) { classLoader = null;",132,
com/fasterxml/jackson/databind/cfg/MapperBuilder.java,394,NullifyInputVariable,"private static <T> ServiceLoader<T> secureGetServiceLoader(final Class<T> clazz, final ClassLoader classLoader) {","private static <T> ServiceLoader<T> secureGetServiceLoader(final Class<T> clazz, final ClassLoader classLoader) { clazz = null;",133,
com/fasterxml/jackson/databind/cfg/SerializerFactoryConfig.java,85,RelationalOperatorReplacement,public boolean hasSerializerModifiers() { return _modifiers.length > 0; },public boolean hasSerializerModifiers() { return _modifiers.length <= 0; },1,
com/fasterxml/jackson/databind/cfg/SerializerFactoryConfig.java,84,RelationalOperatorReplacement,public boolean hasKeySerializers() { return _additionalKeySerializers.length > 0; },public boolean hasKeySerializers() { return _additionalKeySerializers.length <= 0; },2,
com/fasterxml/jackson/databind/cfg/SerializerFactoryConfig.java,83,RelationalOperatorReplacement,public boolean hasSerializers() { return _additionalSerializers.length > 0; },public boolean hasSerializers() { return _additionalSerializers.length <= 0; },3,
com/fasterxml/jackson/databind/deser/BasicDeserializerFactory.java,533,RelationalOperatorReplacement,if (anySetterIx >= 0) {,if (anySetterIx < 0) {,135,
com/fasterxml/jackson/databind/deser/BasicDeserializerFactory.java,527,RelationalOperatorReplacement,for (int i = 0; i < paramCount; ++i) {,for (int i = 0; i >= paramCount; ++i) {,136,
com/fasterxml/jackson/databind/deser/BasicDeserializerFactory.java,502,RelationalOperatorReplacement,if (ix < 0) {,if (ix >= 0) {,138,
com/fasterxml/jackson/databind/deser/BasicDeserializerFactory.java,492,RelationalOperatorReplacement,if (ix < 0) {,if (ix >= 0) {,139,
com/fasterxml/jackson/databind/deser/BasicDeserializerFactory.java,485,RelationalOperatorReplacement,for (int i = 0; i < argCount; ++i) {,for (int i = 0; i >= argCount; ++i) {,141,
com/fasterxml/jackson/databind/deser/BasicDeserializerFactory.java,405,RelationalOperatorReplacement,for (int i = 0; i < argCount; ++i) {,for (int i = 0; i >= argCount; ++i) {,147,
com/fasterxml/jackson/databind/deser/BasicDeserializerFactory.java,1039,NullifyInputVariable,{,{ beanDesc = null;,508,
com/fasterxml/jackson/databind/deser/BasicDeserializerFactory.java,886,NullifyInputVariable,{,{ beanDesc = null;,516,
com/fasterxml/jackson/databind/deser/BasicDeserializerFactory.java,750,NullifyInputVariable,{,{ beanDesc = null;,524,
com/fasterxml/jackson/databind/deser/BeanDeserializer.java,422,NullifyInputVariable,{,{ ctxt = null;,283,
com/fasterxml/jackson/databind/deser/BeanDeserializer.java,422,NullifyInputVariable,{,{ p = null;,284,
com/fasterxml/jackson/databind/deser/BeanDeserializerBase.java,680,RelationalOperatorReplacement,"for (int i = 0, len = creatorProps.length; i < len; ++i) {","for (int i = 0, len = creatorProps.length; i >= len; ++i) {",119,
com/fasterxml/jackson/databind/deser/BeanDeserializerBase.java,527,RelationalOperatorReplacement,"for (int i = 0, end = creatorProps.length; i < end; ++i) {","for (int i = 0, end = creatorProps.length; i >= end; ++i) {",135,
com/fasterxml/jackson/databind/deser/BeanDeserializerBuilder.java,187,RelationalOperatorReplacement,"for (int i = 0, len = _propsBasedCreatorParams.length; i < len; ++i) {","for (int i = 0, len = _propsBasedCreatorParams.length; i >= len; ++i) {",22,
com/fasterxml/jackson/databind/deser/BuilderBasedDeserializer.java,364,NullifyInputVariable,{,{ ctxt = null;,196,
com/fasterxml/jackson/databind/deser/BuilderBasedDeserializer.java,364,NullifyInputVariable,{,{ p = null;,197,
com/fasterxml/jackson/databind/deser/DataFormatReaders.java,200,RelationalOperatorReplacement,for (int i = 1; i < len; ++i) {,for (int i = 1; i >= len; ++i) {,11,
com/fasterxml/jackson/databind/deser/DataFormatReaders.java,198,RelationalOperatorReplacement,if (len > 0) {,if (len <= 0) {,12,
com/fasterxml/jackson/databind/deser/DataFormatReaders.java,135,RelationalOperatorReplacement,for (int i = 0; i < len; ++i) {,for (int i = 0; i >= len; ++i) {,13,
com/fasterxml/jackson/databind/deser/DataFormatReaders.java,125,RelationalOperatorReplacement,for (int i = 0; i < len; ++i) {,for (int i = 0; i >= len; ++i) {,14,
com/fasterxml/jackson/databind/deser/DataFormatReaders.java,235,RelationalOperatorReplacement,if (strength.ordinal() >= _optimalMatch.ordinal()) {,if (strength.ordinal() < _optimalMatch.ordinal()) {,6,
com/fasterxml/jackson/databind/deser/DataFormatReaders.java,228,RelationalOperatorReplacement,if (bestMatchStrength.ordinal() >= strength.ordinal()) {,if (bestMatchStrength.ordinal() < strength.ordinal()) {,7,
com/fasterxml/jackson/databind/deser/DataFormatReaders.java,223,RelationalOperatorReplacement,if (strength == null || strength.ordinal() < _minimalMatch.ordinal()) {,if (strength == null || strength.ordinal() >= _minimalMatch.ordinal()) {,9,
com/fasterxml/jackson/databind/deser/DeserializerCache.java,287,RelationalOperatorReplacement,if (count == 0 && _incompleteDeserializers.size() > 0) {,if (count == 0 && _incompleteDeserializers.size() <= 0) {,27,
com/fasterxml/jackson/databind/deser/DeserializerCache.java,276,RelationalOperatorReplacement,if (count > 0) {,if (count <= 0) {,30,
com/fasterxml/jackson/databind/deser/impl/BeanAsArrayBuilderDeserializer.java,270,NullifyInputVariable,{,{ ctxt = null;,64,
com/fasterxml/jackson/databind/deser/impl/BeanAsArrayBuilderDeserializer.java,270,NullifyInputVariable,{,{ p = null;,65,
com/fasterxml/jackson/databind/deser/impl/BeanAsArrayBuilderDeserializer.java,281,RelationalOperatorReplacement,SettableBeanProperty prop = (i < propCount) ? props[i] : null;,SettableBeanProperty prop = (i >= propCount) ? props[i] : null;,8,
com/fasterxml/jackson/databind/deser/impl/BeanAsArrayDeserializer.java,286,NullifyInputVariable,{,{ ctxt = null;,71,
com/fasterxml/jackson/databind/deser/impl/BeanAsArrayDeserializer.java,286,NullifyInputVariable,{,{ p = null;,72,
com/fasterxml/jackson/databind/deser/impl/BeanAsArrayDeserializer.java,297,RelationalOperatorReplacement,SettableBeanProperty prop = (i < propCount) ? props[i] : null;,SettableBeanProperty prop = (i >= propCount) ? props[i] : null;,8,
com/fasterxml/jackson/databind/deser/impl/BeanPropertyMap.java,637,RelationalOperatorReplacement,for (int end = i + _spillCount; i < end; i += 2) {,for (int end = i + _spillCount; i >= end; i += 2) {,12,
com/fasterxml/jackson/databind/deser/impl/BeanPropertyMap.java,596,RelationalOperatorReplacement,for (int end = i + _spillCount; i < end; i += 2) {,for (int end = i + _spillCount; i >= end; i += 2) {,17,
com/fasterxml/jackson/databind/deser/impl/BeanPropertyMap.java,550,RelationalOperatorReplacement,"for (int i = 1, end = _hashArea.length; i < end; i += 2) {","for (int i = 1, end = _hashArea.length; i >= end; i += 2) {",24,
com/fasterxml/jackson/databind/deser/impl/BeanPropertyMap.java,510,RelationalOperatorReplacement,"for (int i = 1, end = _hashArea.length; i < end; i += 2) {","for (int i = 1, end = _hashArea.length; i >= end; i += 2) {",26,
com/fasterxml/jackson/databind/deser/impl/BeanPropertyMap.java,455,RelationalOperatorReplacement,"for (int i = 1, end = _hashArea.length; i < end; i += 2) {","for (int i = 1, end = _hashArea.length; i >= end; i += 2) {",28,
com/fasterxml/jackson/databind/deser/impl/BeanPropertyMap.java,793,RelationalOperatorReplacement,"for (int i = 0, end = _propsInOrder.length; i < end; ++i) {","for (int i = 0, end = _propsInOrder.length; i >= end; ++i) {",3,
com/fasterxml/jackson/databind/deser/impl/BeanPropertyMap.java,434,RelationalOperatorReplacement,if (i >= end) {,if (i < end) {,30,
com/fasterxml/jackson/databind/deser/impl/BeanPropertyMap.java,406,RelationalOperatorReplacement,for (int i = 0; i < len; ++i) {,for (int i = 0; i >= len; ++i) {,32,
com/fasterxml/jackson/databind/deser/impl/BeanPropertyMap.java,357,RelationalOperatorReplacement,for (int i = 0; i < len; ++i) {,for (int i = 0; i >= len; ++i) {,36,
com/fasterxml/jackson/databind/deser/impl/BeanPropertyMap.java,335,RelationalOperatorReplacement,"for (int i = 1, end = _hashArea.length; i < end; i += 2) {","for (int i = 1, end = _hashArea.length; i >= end; i += 2) {",40,
com/fasterxml/jackson/databind/deser/impl/BeanPropertyMap.java,319,RelationalOperatorReplacement,"for (int i = 1, end = _hashArea.length; i < end; i += 2) {","for (int i = 1, end = _hashArea.length; i >= end; i += 2) {",42,
com/fasterxml/jackson/databind/deser/impl/BeanPropertyMap.java,267,RelationalOperatorReplacement,while (result < needed) {,while (result >= needed) {,43,
com/fasterxml/jackson/databind/deser/impl/BeanPropertyMap.java,262,RelationalOperatorReplacement,if (size <= 12) {,if (size > 12) {,44,
com/fasterxml/jackson/databind/deser/impl/BeanPropertyMap.java,259,RelationalOperatorReplacement,if (size <= 5) {,if (size > 5) {,45,
com/fasterxml/jackson/databind/deser/impl/BeanPropertyMap.java,243,RelationalOperatorReplacement,if (ix >= hashed.length) {,if (ix < hashed.length) {,46,
com/fasterxml/jackson/databind/deser/impl/BeanPropertyMap.java,174,RelationalOperatorReplacement,if (ix >= _hashArea.length) {,if (ix < _hashArea.length) {,51,
com/fasterxml/jackson/databind/deser/impl/BeanPropertyMap.java,693,RelationalOperatorReplacement,if (count++ > 0) {,if (count++ <= 0) {,9,
com/fasterxml/jackson/databind/deser/impl/CreatorCandidate.java,30,RelationalOperatorReplacement,for (int i = 0; i < pcount; ++i) {,for (int i = 0; i >= pcount; ++i) {,10,
com/fasterxml/jackson/databind/deser/impl/CreatorCandidate.java,77,RelationalOperatorReplacement,if (missing >= 0) {,if (missing < 0) {,3,
com/fasterxml/jackson/databind/deser/impl/CreatorCandidate.java,75,RelationalOperatorReplacement,for (int i = 0; i < _paramCount; ++i) {,for (int i = 0; i >= _paramCount; ++i) {,5,
com/fasterxml/jackson/databind/deser/impl/CreatorCollector.java,244,RelationalOperatorReplacement,"for (int i = 0, len = delegateArgs.length; i < len; ++i) {","for (int i = 0, len = delegateArgs.length; i >= len; ++i) {",10,
com/fasterxml/jackson/databind/deser/impl/CreatorCollector.java,181,RelationalOperatorReplacement,"for (int i = 0, len = properties.length; i < len; ++i) {","for (int i = 0, len = properties.length; i >= len; ++i) {",18,
com/fasterxml/jackson/databind/deser/impl/CreatorCollector.java,179,RelationalOperatorReplacement,if (properties.length > 1) {,if (properties.length <= 1) {,19,
com/fasterxml/jackson/databind/deser/impl/ExternalTypeHandler.java,313,RelationalOperatorReplacement,if ((typeProp != null) && (typeProp.getCreatorIndex() >= 0)) {,if ((typeProp != null) && (typeProp.getCreatorIndex() < 0)) {,10,
com/fasterxml/jackson/databind/deser/impl/ExternalTypeHandler.java,307,RelationalOperatorReplacement,if (prop.getCreatorIndex() >= 0) {,if (prop.getCreatorIndex() < 0) {,12,
com/fasterxml/jackson/databind/deser/impl/ExternalTypeHandler.java,267,RelationalOperatorReplacement,for (int i = 0; i < len; ++i) {,for (int i = 0; i >= len; ++i) {,17,
com/fasterxml/jackson/databind/deser/impl/ExternalTypeHandler.java,204,RelationalOperatorReplacement,"for (int i = 0, len = _properties.length; i < len; ++i) {","for (int i = 0, len = _properties.length; i >= len; ++i) {",23,
com/fasterxml/jackson/databind/deser/impl/ExternalTypeHandler.java,460,RelationalOperatorReplacement,for (int i = 0; i < len; ++i) {,for (int i = 0; i >= len; ++i) {,3,
com/fasterxml/jackson/databind/deser/impl/ExternalTypeHandler.java,333,RelationalOperatorReplacement,if (prop.getCreatorIndex() < 0) {,if (prop.getCreatorIndex() >= 0) {,8,
com/fasterxml/jackson/databind/deser/impl/ExternalTypeHandler.java,331,RelationalOperatorReplacement,for (int i = 0; i < len; ++i) {,for (int i = 0; i >= len; ++i) {,9,
com/fasterxml/jackson/databind/deser/impl/PropertyBasedCreator.java,142,RelationalOperatorReplacement,for (int i = 0; i < len; ++i) {,for (int i = 0; i >= len; ++i) {,4,
com/fasterxml/jackson/databind/deser/impl/PropertyBasedCreator.java,109,RelationalOperatorReplacement,for (int i = 0; i < len; ++i) {,for (int i = 0; i >= len; ++i) {,5,
com/fasterxml/jackson/databind/deser/impl/PropertyBasedCreator.java,86,RelationalOperatorReplacement,for (int i = 0; i < len; ++i) {,for (int i = 0; i >= len; ++i) {,6,
com/fasterxml/jackson/databind/deser/impl/PropertyValueBuffer.java,378,RelationalOperatorReplacement,if (--_paramsNeeded <= 0) {,if (--_paramsNeeded > 0) {,1,
com/fasterxml/jackson/databind/deser/impl/PropertyValueBuffer.java,223,RelationalOperatorReplacement,for (int ix = 0; ix < props.length; ++ix) {,for (int ix = 0; ix >= props.length; ++ix) {,20,
com/fasterxml/jackson/databind/deser/impl/PropertyValueBuffer.java,213,RelationalOperatorReplacement,for (int ix = 0; (ix = _paramsSeenBig.nextClearBit(ix)) < len; ++ix) {,for (int ix = 0; (ix = _paramsSeenBig.nextClearBit(ix)) >= len; ++ix) {,22,
com/fasterxml/jackson/databind/deser/impl/PropertyValueBuffer.java,206,RelationalOperatorReplacement,"for (int ix = 0, len = _creatorParameters.length; ix < len; ++ix, mask >>= 1) {","for (int ix = 0, len = _creatorParameters.length; ix >= len; ++ix, mask >>= 1) {",24,
com/fasterxml/jackson/databind/deser/impl/PropertyValueBuffer.java,201,RelationalOperatorReplacement,if (_paramsNeeded > 0) {,if (_paramsNeeded <= 0) {,26,
com/fasterxml/jackson/databind/deser/impl/PropertyValueBuffer.java,116,RelationalOperatorReplacement,if ((anyParamSetter == null) || (anyParamSetter.getParameterIndex() < 0)) {,if ((anyParamSetter == null) || (anyParamSetter.getParameterIndex() >= 0)) {,35,
com/fasterxml/jackson/databind/deser/impl/PropertyValueBuffer.java,110,RelationalOperatorReplacement,if (paramCount < 32) {,if (paramCount >= 32) {,37,
com/fasterxml/jackson/databind/deser/impl/PropertyValueBuffer.java,370,RelationalOperatorReplacement,if (--_paramsNeeded <= 0) {,if (--_paramsNeeded > 0) {,4,
com/fasterxml/jackson/databind/deser/impl/PropertyValueBuffer.java,351,RelationalOperatorReplacement,public boolean isComplete() { return _paramsNeeded <= 0; },public boolean isComplete() { return _paramsNeeded > 0; },7,
com/fasterxml/jackson/databind/deser/impl/PropertyValueBuffer.java,331,NullifyInputVariable,{,{ ctxt = null;,94,
com/fasterxml/jackson/databind/deser/impl/UnwrappedPropertyHandler.java,59,RelationalOperatorReplacement,"for (int i = 0, len = _properties.size(); i < len; ++i) {","for (int i = 0, len = _properties.size(); i >= len; ++i) {",1,
com/fasterxml/jackson/databind/deser/std/EnumDeserializer.java,417,RelationalOperatorReplacement,if (c >= '0' && c <= '9') {,if (c >= '0' && c > '9') {,10,
com/fasterxml/jackson/databind/deser/std/EnumDeserializer.java,417,RelationalOperatorReplacement,if (c >= '0' && c <= '9') {,if (c < '0' && c <= '9') {,11,
com/fasterxml/jackson/databind/deser/std/EnumDeserializer.java,348,RelationalOperatorReplacement,if (index >= 0 && index < _enumsByIndex.length) {,if (index >= 0 && index >= _enumsByIndex.length) {,13,
com/fasterxml/jackson/databind/deser/std/EnumDeserializer.java,348,RelationalOperatorReplacement,if (index >= 0 && index < _enumsByIndex.length) {,if (index < 0 && index < _enumsByIndex.length) {,14,
com/fasterxml/jackson/databind/deser/std/EnumDeserializer.java,431,RelationalOperatorReplacement,if (index >= 0 && index < _enumsByIndex.length) {,if (index >= 0 && index >= _enumsByIndex.length) {,6,
com/fasterxml/jackson/databind/deser/std/EnumDeserializer.java,431,RelationalOperatorReplacement,if (index >= 0 && index < _enumsByIndex.length) {,if (index < 0 && index < _enumsByIndex.length) {,7,
com/fasterxml/jackson/databind/deser/std/EnumDeserializer.java,421,RelationalOperatorReplacement,if (c == '0' && name.length() > 1) {,if (c == '0' && name.length() <= 1) {,8,
com/fasterxml/jackson/databind/deser/std/FactoryBasedEnumDeserializer.java,224,NullifyInputVariable,{,{ creator = null;,65,
com/fasterxml/jackson/databind/deser/std/FactoryBasedEnumDeserializer.java,224,NullifyInputVariable,{,{ ctxt = null;,66,
com/fasterxml/jackson/databind/deser/std/FactoryBasedEnumDeserializer.java,224,NullifyInputVariable,{,{ p = null;,67,
com/fasterxml/jackson/databind/deser/std/FromStringDeserializer.java,428,RelationalOperatorReplacement,if (ix < 0) { // single argument,if (ix >= 0) { // single argument,10,
com/fasterxml/jackson/databind/deser/std/FromStringDeserializer.java,415,RelationalOperatorReplacement,"for (int i = 0, end = str.length(); i < end; ++i) {","for (int i = 0, end = str.length(); i >= end; ++i) {",13,
com/fasterxml/jackson/databind/deser/std/FromStringDeserializer.java,371,RelationalOperatorReplacement,"if (ix >= 0 && value.indexOf(':', ix + 1) < 0) {","if (ix >= 0 && value.indexOf(':', ix + 1) >= 0) {",15,
com/fasterxml/jackson/databind/deser/std/FromStringDeserializer.java,371,RelationalOperatorReplacement,"if (ix >= 0 && value.indexOf(':', ix + 1) < 0) {","if (ix < 0 && value.indexOf(':', ix + 1) < 0) {",16,
com/fasterxml/jackson/databind/deser/std/FromStringDeserializer.java,367,RelationalOperatorReplacement,int port = j > -1 ? Integer.parseInt(value.substring(j + 1)) : 0;,int port = j <= -1 ? Integer.parseInt(value.substring(j + 1)) : 0;,17,
com/fasterxml/jackson/databind/deser/std/FromStringDeserializer.java,479,RelationalOperatorReplacement,if ((underscoreIx + 1) < len) {,if ((underscoreIx + 1) >= len) {,3,
com/fasterxml/jackson/databind/deser/std/FromStringDeserializer.java,462,RelationalOperatorReplacement,if (hyphenIx < 0) {,if (hyphenIx >= 0) {,4,
com/fasterxml/jackson/databind/deser/std/FromStringDeserializer.java,460,RelationalOperatorReplacement,if (underscoreIx < 0) {,if (underscoreIx >= 0) {,5,
com/fasterxml/jackson/databind/deser/std/FromStringDeserializer.java,454,RelationalOperatorReplacement,if (extMarkerIx > 0 && extMarkerIx > ix) {,if (extMarkerIx > 0 && extMarkerIx <= ix) {,6,
com/fasterxml/jackson/databind/deser/std/FromStringDeserializer.java,454,RelationalOperatorReplacement,if (extMarkerIx > 0 && extMarkerIx > ix) {,if (extMarkerIx <= 0 && extMarkerIx > ix) {,7,
com/fasterxml/jackson/databind/deser/std/FromStringDeserializer.java,440,RelationalOperatorReplacement,if (extMarkerIx < 0) {,if (extMarkerIx >= 0) {,8,
com/fasterxml/jackson/databind/deser/std/FromStringDeserializer.java,434,RelationalOperatorReplacement,if (ix < 0) { // two pieces,if (ix >= 0) { // two pieces,9,
com/fasterxml/jackson/databind/deser/std/JsonNodeDeserializer.java,528,NullifyInputVariable,{,{ root = null;,150,
com/fasterxml/jackson/databind/deser/std/JsonNodeDeserializer.java,434,NullifyInputVariable,{,{ stack = null;,155,
com/fasterxml/jackson/databind/deser/std/JsonNodeDeserializer.java,434,NullifyInputVariable,{,{ node = null;,156,
com/fasterxml/jackson/databind/deser/std/JsonNodeDeserializer.java,396,NullifyInputVariable,{,{ stack = null;,159,
com/fasterxml/jackson/databind/deser/std/JsonNodeDeserializer.java,396,NullifyInputVariable,{,{ nodeFactory = null;,160,
com/fasterxml/jackson/databind/deser/std/JsonNodeDeserializer.java,880,RelationalOperatorReplacement,if (_top < _end) {,if (_top >= _end) {,3,
com/fasterxml/jackson/databind/deser/std/MapDeserializer.java,864,NullifyInputVariable,{,{ newValue = null;,190,
com/fasterxml/jackson/databind/deser/std/MapDeserializer.java,864,NullifyInputVariable,{,{ oldValue = null;,191,
com/fasterxml/jackson/databind/deser/std/MapDeserializer.java,864,NullifyInputVariable,{,{ key = null;,192,
com/fasterxml/jackson/databind/deser/std/MapDeserializer.java,864,NullifyInputVariable,{,{ result = null;,193,
com/fasterxml/jackson/databind/deser/std/MapDeserializer.java,864,NullifyInputVariable,{,{ ctxt = null;,194,
com/fasterxml/jackson/databind/deser/std/NumberDeserializers.java,860,RelationalOperatorReplacement,if (value <= Integer.MAX_VALUE && value >= Integer.MIN_VALUE) {,if (value > Integer.MAX_VALUE && value >= Integer.MIN_VALUE) {,10,
com/fasterxml/jackson/databind/deser/std/NumberDeserializers.java,467,RelationalOperatorReplacement,if (value >= 0 && value <= 0xFFFF) {,if (value >= 0 && value > 0xFFFF) {,26,
com/fasterxml/jackson/databind/deser/std/NumberDeserializers.java,467,RelationalOperatorReplacement,if (value >= 0 && value <= 0xFFFF) {,if (value < 0 && value <= 0xFFFF) {,27,
com/fasterxml/jackson/databind/deser/std/NumberDeserializers.java,860,RelationalOperatorReplacement,if (value <= Integer.MAX_VALUE && value >= Integer.MIN_VALUE) {,if (value <= Integer.MAX_VALUE && value < Integer.MIN_VALUE) {,9,
com/fasterxml/jackson/databind/deser/std/ObjectArrayDeserializer.java,222,RelationalOperatorReplacement,if (ix >= chunk.length) {,if (ix < chunk.length) {,13,
com/fasterxml/jackson/databind/deser/std/ObjectArrayDeserializer.java,323,RelationalOperatorReplacement,"for (int i = 0, len = b.length; i < len; ++i) {","for (int i = 0, len = b.length; i >= len; ++i) {",7,
com/fasterxml/jackson/databind/deser/std/ObjectArrayDeserializer.java,289,RelationalOperatorReplacement,if (ix >= chunk.length) {,if (ix < chunk.length) {,8,
com/fasterxml/jackson/databind/deser/std/PrimitiveArrayDeserializers.java,906,RelationalOperatorReplacement,if (ix >= chunk.length) {,if (ix < chunk.length) {,1,
com/fasterxml/jackson/databind/deser/std/PrimitiveArrayDeserializers.java,687,RelationalOperatorReplacement,if (ix >= chunk.length) {,if (ix < chunk.length) {,14,
com/fasterxml/jackson/databind/deser/std/PrimitiveArrayDeserializers.java,609,RelationalOperatorReplacement,if (ix >= chunk.length) {,if (ix < chunk.length) {,19,
com/fasterxml/jackson/databind/deser/std/PrimitiveArrayDeserializers.java,517,RelationalOperatorReplacement,if (ix >= chunk.length) {,if (ix < chunk.length) {,26,
com/fasterxml/jackson/databind/deser/std/PrimitiveArrayDeserializers.java,401,RelationalOperatorReplacement,if (ix >= chunk.length) {,if (ix < chunk.length) {,34,
com/fasterxml/jackson/databind/deser/std/PrimitiveArrayDeserializers.java,836,RelationalOperatorReplacement,if (ix >= chunk.length) {,if (ix < chunk.length) {,5,
com/fasterxml/jackson/databind/deser/std/PrimitiveArrayDeserializers.java,765,RelationalOperatorReplacement,if (ix >= chunk.length) {,if (ix < chunk.length) {,9,
com/fasterxml/jackson/databind/deser/std/StdDeserializer.java,2316,RelationalOperatorReplacement,return (value < Integer.MIN_VALUE || value > Integer.MAX_VALUE);,return (value < Integer.MIN_VALUE || value <= Integer.MAX_VALUE);,2,
com/fasterxml/jackson/databind/deser/std/StdDeserializer.java,2316,RelationalOperatorReplacement,return (value < Integer.MIN_VALUE || value > Integer.MAX_VALUE);,return (value >= Integer.MIN_VALUE || value > Integer.MAX_VALUE);,3,
com/fasterxml/jackson/databind/deser/std/StdDeserializer.java,1987,RelationalOperatorReplacement,if (ch > '9' || ch < '0') {,if (ch > '9' || ch >= '0') {,32,
com/fasterxml/jackson/databind/deser/std/StdDeserializer.java,1987,RelationalOperatorReplacement,if (ch > '9' || ch < '0') {,if (ch <= '9' || ch < '0') {,33,
com/fasterxml/jackson/databind/deser/std/StdDeserializer.java,1985,RelationalOperatorReplacement,for (; i < len; ++i) {,for (; i >= len; ++i) {,34,
com/fasterxml/jackson/databind/deser/std/StdDeserializer.java,1971,RelationalOperatorReplacement,if (len > 0) {,if (len <= 0) {,38,
com/fasterxml/jackson/databind/deser/std/StdDeserializer.java,2309,RelationalOperatorReplacement,return (value < Short.MIN_VALUE || value > Short.MAX_VALUE);,return (value < Short.MIN_VALUE || value <= Short.MAX_VALUE);,4,
com/fasterxml/jackson/databind/deser/std/StdDeserializer.java,1247,NullifyInputVariable,{,{ numStr = null;,463,
com/fasterxml/jackson/databind/deser/std/StdDeserializer.java,1236,NullifyInputVariable,{,{ numStr = null;,464,
com/fasterxml/jackson/databind/deser/std/StdDeserializer.java,1502,RelationalOperatorReplacement,if (text.charAt(i) > 0x0020) {,if (text.charAt(i) <= 0x0020) {,47,
com/fasterxml/jackson/databind/deser/std/StdDeserializer.java,1501,RelationalOperatorReplacement,for (int i = 0; i < len; ++i) {,for (int i = 0; i >= len; ++i) {,48,
com/fasterxml/jackson/databind/deser/std/StdDeserializer.java,2309,RelationalOperatorReplacement,return (value < Short.MIN_VALUE || value > Short.MAX_VALUE);,return (value >= Short.MIN_VALUE || value > Short.MAX_VALUE);,5,
com/fasterxml/jackson/databind/deser/std/StdDeserializer.java,2302,RelationalOperatorReplacement,return (value < Byte.MIN_VALUE || value > 255);,return (value < Byte.MIN_VALUE || value <= 255);,6,
com/fasterxml/jackson/databind/deser/std/StdDeserializer.java,2302,RelationalOperatorReplacement,return (value < Byte.MIN_VALUE || value > 255);,return (value >= Byte.MIN_VALUE || value > 255);,7,
com/fasterxml/jackson/databind/deser/std/StdDeserializer.java,836,RelationalOperatorReplacement,if (text.length() > 9) {,if (text.length() <= 9) {,77,
com/fasterxml/jackson/databind/deser/std/StdDeserializer.java,762,RelationalOperatorReplacement,if (text.length() > 9) {,if (text.length() <= 9) {,82,
com/fasterxml/jackson/databind/deser/std/StdKeyDeserializer.java,175,RelationalOperatorReplacement,if (value < Short.MIN_VALUE || value > Short.MAX_VALUE) {,if (value < Short.MIN_VALUE || value <= Short.MAX_VALUE) {,15,
com/fasterxml/jackson/databind/deser/std/StdKeyDeserializer.java,175,RelationalOperatorReplacement,if (value < Short.MIN_VALUE || value > Short.MAX_VALUE) {,if (value >= Short.MIN_VALUE || value > Short.MAX_VALUE) {,16,
com/fasterxml/jackson/databind/deser/std/StdKeyDeserializer.java,167,RelationalOperatorReplacement,if (value < Byte.MIN_VALUE || value > 255) {,if (value < Byte.MIN_VALUE || value <= 255) {,17,
com/fasterxml/jackson/databind/deser/std/StdKeyDeserializer.java,167,RelationalOperatorReplacement,if (value < Byte.MIN_VALUE || value > 255) {,if (value >= Byte.MIN_VALUE || value > 255) {,18,
com/fasterxml/jackson/databind/deser/std/StdValueInstantiator.java,671,RelationalOperatorReplacement,for (int i = 0; i < len; ++i) {,for (int i = 0; i >= len; ++i) {,2,
com/fasterxml/jackson/databind/deser/std/StringArrayDeserializer.java,230,RelationalOperatorReplacement,if (ix >= chunk.length) {,if (ix < chunk.length) {,11,
com/fasterxml/jackson/databind/deser/std/StringArrayDeserializer.java,171,RelationalOperatorReplacement,if (ix >= chunk.length) {,if (ix < chunk.length) {,16,
com/fasterxml/jackson/databind/deser/std/StringArrayDeserializer.java,292,RelationalOperatorReplacement,if (ix >= chunk.length) {,if (ix < chunk.length) {,5,
com/fasterxml/jackson/databind/deser/std/StringCollectionDeserializer.java,230,NullifyInputVariable,{,{ deser = null;,72,
com/fasterxml/jackson/databind/deser/std/ThrowableDeserializer.java,198,RelationalOperatorReplacement,"for (int i = 0, len = pendingIx; i < len; i += 2) {","for (int i = 0, len = pendingIx; i >= len; i += 2) {",4,
com/fasterxml/jackson/databind/deser/std/UUIDDeserializer.java,21,RelationalOperatorReplacement,for (int i = 0; i < 6; ++i) {,for (int i = 0; i >= 6; ++i) {,14,
com/fasterxml/jackson/databind/deser/std/UUIDDeserializer.java,20,RelationalOperatorReplacement,for (int i = 0; i < 10; ++i) { HEX_DIGITS['0' + i] = i; },for (int i = 0; i >= 10; ++i) { HEX_DIGITS['0' + i] = i; },15,
com/fasterxml/jackson/databind/deser/std/UUIDDeserializer.java,118,RelationalOperatorReplacement,if (c1 > 127 || HEX_DIGITS[c1] < 0) {,if (c1 > 127 || HEX_DIGITS[c1] >= 0) {,2,
com/fasterxml/jackson/databind/deser/std/UUIDDeserializer.java,118,RelationalOperatorReplacement,if (c1 > 127 || HEX_DIGITS[c1] < 0) {,if (c1 <= 127 || HEX_DIGITS[c1] < 0) {,3,
com/fasterxml/jackson/databind/deser/std/UUIDDeserializer.java,114,RelationalOperatorReplacement,if (hex >= 0) {,if (hex < 0) {,4,
com/fasterxml/jackson/databind/deser/std/UUIDDeserializer.java,112,RelationalOperatorReplacement,if (c1 <= 127 && c2 <= 127) {,if (c1 <= 127 && c2 > 127) {,5,
com/fasterxml/jackson/databind/deser/std/UUIDDeserializer.java,112,RelationalOperatorReplacement,if (c1 <= 127 && c2 <= 127) {,if (c1 > 127 && c2 <= 127) {,6,
com/fasterxml/jackson/databind/deser/std/UntypedObjectDeserializer.java,987,NullifyInputVariable,{,{ result = null;,248,
com/fasterxml/jackson/databind/deser/std/UntypedObjectDeserializer.java,963,NullifyInputVariable,{,{ result = null;,253,
com/fasterxml/jackson/databind/deser/std/UntypedObjectDeserializer.java,572,NullifyInputVariable,{,{ result = null;,283,
com/fasterxml/jackson/databind/deser/std/UntypedObjectDeserializer.java,549,NullifyInputVariable,{,{ result = null;,288,
com/fasterxml/jackson/databind/deser/std/UntypedObjectDeserializer.java,598,RelationalOperatorReplacement,if (ptr >= values.length) {,if (ptr < values.length) {,29,
com/fasterxml/jackson/databind/deser/std/UntypedObjectDeserializer.java,454,RelationalOperatorReplacement,if (ptr >= values.length) {,if (ptr < values.length) {,45,
com/fasterxml/jackson/databind/deser/std/UntypedObjectDeserializer.java,918,RelationalOperatorReplacement,if (ptr >= values.length) {,if (ptr < values.length) {,7,
com/fasterxml/jackson/databind/deser/std/UntypedObjectDeserializer.java,899,RelationalOperatorReplacement,if (ptr >= values.length) {,if (ptr < values.length) {,9,
com/fasterxml/jackson/databind/deser/std/UntypedObjectDeserializerNR.java,402,NullifyInputVariable,{,{ result = null;,138,
com/fasterxml/jackson/databind/deser/std/UntypedObjectDeserializerNR.java,378,NullifyInputVariable,{,{ result = null;,143,
com/fasterxml/jackson/databind/exc/PropertyBindingException.java,102,RelationalOperatorReplacement,if (sb.length() > MAX_DESC_LENGTH) {,if (sb.length() <= MAX_DESC_LENGTH) {,2,
com/fasterxml/jackson/databind/ext/DOMSerializer.java,73,NullifyInputVariable,"final String name, final Object value) {","final String name, final Object value) { value = null;",4,
com/fasterxml/jackson/databind/ext/DOMSerializer.java,73,NullifyInputVariable,"final String name, final Object value) {","final String name, final Object value) { name = null;",5,
com/fasterxml/jackson/databind/ext/DOMSerializer.java,73,NullifyInputVariable,"final String name, final Object value) {","final String name, final Object value) { transformerFactory = null;",6,
com/fasterxml/jackson/databind/ext/Java7SupportImpl.java,56,RelationalOperatorReplacement,if (ix < names.length) {,if (ix >= names.length) {,1,
com/fasterxml/jackson/databind/ext/NioPathDeserializer.java,58,RelationalOperatorReplacement,if (value.length() >= 2 && isLetter(value.charAt(0)) && value.charAt(1) == ':') {,if (value.length() < 2 && isLetter(value.charAt(0)) && value.charAt(1) == ':') {,2,
com/fasterxml/jackson/databind/ext/NioPathDeserializer.java,53,RelationalOperatorReplacement,if (value.indexOf(':') < 0) {,if (value.indexOf(':') >= 0) {,3,
com/fasterxml/jackson/databind/ext/NioPathDeserializer.java,33,RelationalOperatorReplacement,if (path.length() >= 2 && isLetter(path.charAt(0)) && path.charAt(1) == ':') {,if (path.length() < 2 && isLetter(path.charAt(0)) && path.charAt(1) == ':') {,5,
com/fasterxml/jackson/databind/introspect/AnnotatedClass.java,299,RelationalOperatorReplacement,return _classAnnotations.size() > 0;,return _classAnnotations.size() <= 0;,10,
com/fasterxml/jackson/databind/introspect/AnnotatedClassResolver.java,203,RelationalOperatorReplacement,"for (int i = 0, end = found.size(); i < end; ++i) {","for (int i = 0, end = found.size(); i >= end; ++i) {",7,
com/fasterxml/jackson/databind/introspect/AnnotatedConstructor.java,111,RelationalOperatorReplacement,if (index >= types.length) {,if (index < types.length) {,3,
com/fasterxml/jackson/databind/introspect/AnnotatedConstructor.java,101,RelationalOperatorReplacement,if (index >= types.length) {,if (index < types.length) {,4,
com/fasterxml/jackson/databind/introspect/AnnotatedConstructor.java,95,RelationalOperatorReplacement,return (index >= types.length) ? null : types[index];,return (index < types.length) ? null : types[index];,5,
com/fasterxml/jackson/databind/introspect/AnnotatedCreatorCollector.java,261,RelationalOperatorReplacement,for (int i = 0; i < factoryCount; ++i) {,for (int i = 0; i >= factoryCount; ++i) {,16,
com/fasterxml/jackson/databind/introspect/AnnotatedCreatorCollector.java,250,RelationalOperatorReplacement,for (int i = 0; i < factoryCount; ++i) {,for (int i = 0; i >= factoryCount; ++i) {,17,
com/fasterxml/jackson/databind/introspect/AnnotatedCreatorCollector.java,245,RelationalOperatorReplacement,for (int i = 0; i < factoryCount; ++i) {,for (int i = 0; i >= factoryCount; ++i) {,18,
com/fasterxml/jackson/databind/introspect/AnnotatedCreatorCollector.java,233,RelationalOperatorReplacement,for (int i = 0; i < factoryCount; ++i) {,for (int i = 0; i >= factoryCount; ++i) {,21,
com/fasterxml/jackson/databind/introspect/AnnotatedCreatorCollector.java,181,RelationalOperatorReplacement,for (int i = 0; i < ctorCount; ++i) {,for (int i = 0; i >= ctorCount; ++i) {,25,
com/fasterxml/jackson/databind/introspect/AnnotatedCreatorCollector.java,167,RelationalOperatorReplacement,for (int i = 0; i < ctorCount; ++i) {,for (int i = 0; i >= ctorCount; ++i) {,27,
com/fasterxml/jackson/databind/introspect/AnnotatedCreatorCollector.java,161,RelationalOperatorReplacement,for (int i = 0; i < ctorCount; ++i) {,for (int i = 0; i >= ctorCount; ++i) {,28,
com/fasterxml/jackson/databind/introspect/AnnotatedCreatorCollector.java,142,RelationalOperatorReplacement,for (int i = 0; i < ctorCount; ++i) {,for (int i = 0; i >= ctorCount; ++i) {,34,
com/fasterxml/jackson/databind/introspect/AnnotatedCreatorCollector.java,89,RelationalOperatorReplacement,for (int i = factories.size(); --i >= 0; ) {,for (int i = factories.size(); --i < 0; ) {,39,
com/fasterxml/jackson/databind/introspect/AnnotatedCreatorCollector.java,375,RelationalOperatorReplacement,for (int i = 0; i < count; ++i) {,for (int i = 0; i >= count; ++i) {,4,
com/fasterxml/jackson/databind/introspect/AnnotatedCreatorCollector.java,84,RelationalOperatorReplacement,for (int i = constructors.size(); --i >= 0; ) {,for (int i = constructors.size(); --i < 0; ) {,40,
com/fasterxml/jackson/databind/introspect/AnnotatedMethod.java,152,RelationalOperatorReplacement,if (index >= types.length) {,if (index < types.length) {,4,
com/fasterxml/jackson/databind/introspect/AnnotatedMethod.java,142,RelationalOperatorReplacement,if (index >= types.length) {,if (index < types.length) {,5,
com/fasterxml/jackson/databind/introspect/AnnotatedMethod.java,136,RelationalOperatorReplacement,return (index >= types.length) ? null : types[index];,return (index < types.length) ? null : types[index];,6,
com/fasterxml/jackson/databind/introspect/AnnotatedMethodCollector.java,185,RelationalOperatorReplacement,return (m.getParameterCount() <= 2);,return (m.getParameterCount() > 2);,2,
com/fasterxml/jackson/databind/introspect/AnnotatedWithParams.java,78,RelationalOperatorReplacement,if (index >= 0 && index < _paramAnnotations.length) {,if (index >= 0 && index >= _paramAnnotations.length) {,1,
com/fasterxml/jackson/databind/introspect/AnnotatedWithParams.java,78,RelationalOperatorReplacement,if (index >= 0 && index < _paramAnnotations.length) {,if (index < 0 && index < _paramAnnotations.length) {,2,
com/fasterxml/jackson/databind/introspect/AnnotationMap.java,64,RelationalOperatorReplacement,"for (int i = 0, end = annoClasses.length; i < end; ++i) {","for (int i = 0, end = annoClasses.length; i >= end; ++i) {",12,
com/fasterxml/jackson/databind/introspect/BasicClassIntrospector.java,264,RelationalOperatorReplacement,if (raw.toString().indexOf('$') > 0) {,if (raw.toString().indexOf('$') <= 0) {,1,
com/fasterxml/jackson/databind/introspect/CollectorBase.java,118,RelationalOperatorReplacement,for (int i = 0; i < count; ++i) {,for (int i = 0; i >= count; ++i) {,1,
com/fasterxml/jackson/databind/introspect/CollectorBase.java,88,RelationalOperatorReplacement,"for (int i = 0, end = anns.length; i < end; ++i) {","for (int i = 0, end = anns.length; i >= end; ++i) {",3,
com/fasterxml/jackson/databind/introspect/CollectorBase.java,73,RelationalOperatorReplacement,"for (int i = 0, end = anns.length; i < end; ++i) {","for (int i = 0, end = anns.length; i >= end; ++i) {",4,
com/fasterxml/jackson/databind/introspect/CollectorBase.java,49,RelationalOperatorReplacement,"for (int i = 0, end = anns.length; i < end; ++i) {","for (int i = 0, end = anns.length; i >= end; ++i) {",5,
com/fasterxml/jackson/databind/introspect/CollectorBase.java,37,RelationalOperatorReplacement,"for (int i = 0, end = anns.length; i < end; ++i) {","for (int i = 0, end = anns.length; i >= end; ++i) {",6,
com/fasterxml/jackson/databind/introspect/CollectorBase.java,26,RelationalOperatorReplacement,"for (int i = 0, end = anns.length; i < end; ++i) {","for (int i = 0, end = anns.length; i >= end; ++i) {",7,
com/fasterxml/jackson/databind/introspect/DefaultAccessorNamingStrategy.java,221,RelationalOperatorReplacement,if ((offset + 1) < end) {,if ((offset + 1) >= end) {,4,
com/fasterxml/jackson/databind/introspect/DefaultAccessorNamingStrategy.java,186,RelationalOperatorReplacement,for (; i < end; ++i) {,for (; i >= end; ++i) {,9,
com/fasterxml/jackson/databind/introspect/DefaultAccessorNamingStrategy.java,199,NullifyInputVariable,{,{ basename = null;,92,
com/fasterxml/jackson/databind/introspect/DefaultAccessorNamingStrategy.java,162,NullifyInputVariable,{,{ basename = null;,93,
com/fasterxml/jackson/databind/introspect/JacksonAnnotationIntrospector.java,471,RelationalOperatorReplacement,for (int i = 0; i < len; ++i) {,for (int i = 0; i >= len; ++i) {,116,
com/fasterxml/jackson/databind/introspect/JacksonAnnotationIntrospector.java,307,RelationalOperatorReplacement,"for (int i = 0, end = enumValues.length; i < end; ++i) {","for (int i = 0, end = enumValues.length; i >= end; ++i) {",131,
com/fasterxml/jackson/databind/introspect/JacksonAnnotationIntrospector.java,284,RelationalOperatorReplacement,"for (int i = 0, end = enumValues.length; i < end; ++i) {","for (int i = 0, end = enumValues.length; i >= end; ++i) {",133,
com/fasterxml/jackson/databind/introspect/JacksonAnnotationIntrospector.java,260,RelationalOperatorReplacement,"for (int i = 0, end = enumValues.length; i < end; ++i) {","for (int i = 0, end = enumValues.length; i >= end; ++i) {",137,
com/fasterxml/jackson/databind/introspect/JacksonAnnotationIntrospector.java,233,RelationalOperatorReplacement,"for (int i = 0, end = enumValues.length; i < end; ++i) {","for (int i = 0, end = enumValues.length; i >= end; ++i) {",141,
com/fasterxml/jackson/databind/introspect/JacksonAnnotationIntrospector.java,1310,NullifyInputVariable,{,{ baseType = null;,491,
com/fasterxml/jackson/databind/introspect/JacksonAnnotationIntrospector.java,1310,NullifyInputVariable,{,{ a = null;,492,
com/fasterxml/jackson/databind/introspect/JacksonAnnotationIntrospector.java,1310,NullifyInputVariable,{,{ config = null;,493,
com/fasterxml/jackson/databind/introspect/JacksonAnnotationIntrospector.java,935,NullifyInputVariable,{,{ baseType = null;,519,
com/fasterxml/jackson/databind/introspect/JacksonAnnotationIntrospector.java,935,NullifyInputVariable,{,{ a = null;,520,
com/fasterxml/jackson/databind/introspect/JacksonAnnotationIntrospector.java,935,NullifyInputVariable,{,{ config = null;,521,
com/fasterxml/jackson/databind/introspect/JacksonAnnotationIntrospector.java,1101,RelationalOperatorReplacement,"for (int i = 0, len = props.length; i < len; ++i) {","for (int i = 0, len = props.length; i >= len; ++i) {",63,
com/fasterxml/jackson/databind/introspect/JacksonAnnotationIntrospector.java,1086,RelationalOperatorReplacement,"for (int i = 0, len = attrs.length; i < len; ++i) {","for (int i = 0, len = attrs.length; i >= len; ++i) {",65,
com/fasterxml/jackson/databind/introspect/MemberKey.java,69,RelationalOperatorReplacement,for (int i = 0; i < len; ++i) {,for (int i = 0; i >= len; ++i) {,2,
com/fasterxml/jackson/databind/introspect/MemberKey.java,25,RelationalOperatorReplacement,"this("""", ctor.getParameterCount() > 0 ? ctor.getParameterTypes() : NO_CLASSES);","this("""", ctor.getParameterCount() <= 0 ? ctor.getParameterTypes() : NO_CLASSES);",8,
com/fasterxml/jackson/databind/introspect/MemberKey.java,20,RelationalOperatorReplacement,"this(m.getName(), m.getParameterCount() > 0 ? m.getParameterTypes() : NO_CLASSES);","this(m.getName(), m.getParameterCount() <= 0 ? m.getParameterTypes() : NO_CLASSES);",9,
com/fasterxml/jackson/databind/introspect/MethodGenericTypeResolver.java,84,RelationalOperatorReplacement,for (int i = 0; i < methodReturnTypeArguments.length; i++) {,for (int i = 0; i >= methodReturnTypeArguments.length; i++) {,15,
com/fasterxml/jackson/databind/introspect/MethodGenericTypeResolver.java,202,RelationalOperatorReplacement,for (int i = 0; i < bindings.size(); i++) {,for (int i = 0; i >= bindings.size(); i++) {,3,
com/fasterxml/jackson/databind/introspect/POJOPropertiesCollector.java,1721,RelationalOperatorReplacement,if (args.length > 0) {,if (args.length <= 0) {,11,
com/fasterxml/jackson/databind/introspect/POJOPropertiesCollector.java,355,RelationalOperatorReplacement,if (_anySetters.size() > 1) {,if (_anySetters.size() <= 1) {,114,
com/fasterxml/jackson/databind/introspect/POJOPropertiesCollector.java,340,RelationalOperatorReplacement,if (_anySetterField.size() > 1) {,if (_anySetterField.size() <= 1) {,116,
com/fasterxml/jackson/databind/introspect/POJOPropertiesCollector.java,325,RelationalOperatorReplacement,if (_anyGetters.size() > 1) {,if (_anyGetters.size() <= 1) {,118,
com/fasterxml/jackson/databind/introspect/POJOPropertiesCollector.java,1710,RelationalOperatorReplacement,} while (accessors.size() > 1);,} while (accessors.size() <= 1);,12,
com/fasterxml/jackson/databind/introspect/POJOPropertiesCollector.java,307,RelationalOperatorReplacement,if (_anyGetterField.size() > 1) {,if (_anyGetterField.size() <= 1) {,120,
com/fasterxml/jackson/databind/introspect/POJOPropertiesCollector.java,274,RelationalOperatorReplacement,if (_jsonValueAccessors.size() > 1) {,if (_jsonValueAccessors.size() <= 1) {,122,
com/fasterxml/jackson/databind/introspect/POJOPropertiesCollector.java,250,RelationalOperatorReplacement,if (_jsonKeyAccessors.size() > 1) {,if (_jsonKeyAccessors.size() <= 1) {,124,
com/fasterxml/jackson/databind/introspect/POJOPropertiesCollector.java,1796,RelationalOperatorReplacement,"for (int i = 0, len = creatorProperties.size(); i < len; ++i) {","for (int i = 0, len = creatorProperties.size(); i >= len; ++i) {",3,
com/fasterxml/jackson/databind/introspect/POJOPropertiesCollector.java,1036,RelationalOperatorReplacement,for (int i = 0; i < paramCount; ++i) {,for (int i = 0; i >= paramCount; ++i) {,70,
com/fasterxml/jackson/databind/introspect/POJOPropertyBuilder.java,760,RelationalOperatorReplacement,"if (name.startsWith(""set"") && name.length() > 3) {","if (name.startsWith(""set"") && name.length() <= 3) {",100,
com/fasterxml/jackson/databind/introspect/POJOPropertyBuilder.java,751,RelationalOperatorReplacement,"if (name.startsWith(""is"") && name.length() > 2) {","if (name.startsWith(""is"") && name.length() <= 2) {",101,
com/fasterxml/jackson/databind/introspect/POJOPropertyBuilder.java,747,RelationalOperatorReplacement,"if (name.startsWith(""get"") && name.length() > 3) {","if (name.startsWith(""get"") && name.length() <= 3) {",102,
com/fasterxml/jackson/databind/introspect/POJOPropertyBuilder.java,592,RelationalOperatorReplacement,if (priNext < priCurr) {,if (priNext >= priCurr) {,119,
com/fasterxml/jackson/databind/introspect/POJOPropertyBuilder.java,442,RelationalOperatorReplacement,if (priNext < priCurr) {,if (priNext >= priCurr) {,132,
com/fasterxml/jackson/databind/introspect/POJOPropertyBuilder.java,1454,RelationalOperatorReplacement,if (meh.getParameterCount() > 0) {,if (meh.getParameterCount() <= 0) {,19,
com/fasterxml/jackson/databind/introspect/POJOPropertyBuilder.java,1048,RelationalOperatorReplacement,while (++index < nodes.length) {,while (++index >= nodes.length) {,80,
com/fasterxml/jackson/databind/introspect/PotentialCreator.java,123,RelationalOperatorReplacement,for (int i = 0; i < paramCount; ++i) {,for (int i = 0; i >= paramCount; ++i) {,12,
com/fasterxml/jackson/databind/introspect/PotentialCreator.java,88,RelationalOperatorReplacement,for (int i = 0; i < paramCount; ++i) {,for (int i = 0; i >= paramCount; ++i) {,17,
com/fasterxml/jackson/databind/introspect/PotentialCreator.java,192,RelationalOperatorReplacement,"for (int i = 0, end = _implicitParamNames.length; i < end; ++i) {","for (int i = 0, end = _implicitParamNames.length; i >= end; ++i) {",5,
com/fasterxml/jackson/databind/introspect/PotentialCreator.java,176,RelationalOperatorReplacement,"for (int i = 0, end = _explicitParamNames.length; i < end; ++i) {","for (int i = 0, end = _explicitParamNames.length; i >= end; ++i) {",9,
com/fasterxml/jackson/databind/jdk14/JDK14Util.java,162,RelationalOperatorReplacement,for (int i = 0; i < components.length; i++) {,for (int i = 0; i >= components.length; i++) {,11,
com/fasterxml/jackson/databind/jdk14/JDK14Util.java,142,RelationalOperatorReplacement,for (int i = 0; i < components.length; i++) {,for (int i = 0; i >= components.length; i++) {,13,
com/fasterxml/jackson/databind/jdk14/JDK14Util.java,71,RelationalOperatorReplacement,for (int i = 0; i < argCount; ++i) {,for (int i = 0; i >= argCount; ++i) {,16,
com/fasterxml/jackson/databind/jdk14/JDK14Util.java,64,RelationalOperatorReplacement,for (int i = 0; i < argCount; ++i) {,for (int i = 0; i >= argCount; ++i) {,17,
com/fasterxml/jackson/databind/jdk14/JDK14Util.java,250,RelationalOperatorReplacement,for (int i = 0; i < argCount; ++i) {,for (int i = 0; i >= argCount; ++i) {,7,
com/fasterxml/jackson/databind/jsontype/BasicPolymorphicTypeValidator.java,272,NullifyInputVariable,public Builder allowIfSubType(final TypeMatcher matcher) {,public Builder allowIfSubType(final TypeMatcher matcher) { matcher = null;,58,
com/fasterxml/jackson/databind/jsontype/BasicPolymorphicTypeValidator.java,252,NullifyInputVariable,public Builder allowIfSubType(final String prefixForSubType) {,public Builder allowIfSubType(final String prefixForSubType) { prefixForSubType = null;,59,
com/fasterxml/jackson/databind/jsontype/BasicPolymorphicTypeValidator.java,232,NullifyInputVariable,public Builder allowIfSubType(final Pattern patternForSubType) {,public Builder allowIfSubType(final Pattern patternForSubType) { patternForSubType = null;,62,
com/fasterxml/jackson/databind/jsontype/BasicPolymorphicTypeValidator.java,207,NullifyInputVariable,public Builder allowIfSubType(final Class<?> subTypeBase) {,public Builder allowIfSubType(final Class<?> subTypeBase) { subTypeBase = null;,65,
com/fasterxml/jackson/databind/jsontype/BasicPolymorphicTypeValidator.java,186,NullifyInputVariable,public Builder denyForExactBaseType(final Class<?> baseTypeToDeny) {,public Builder denyForExactBaseType(final Class<?> baseTypeToDeny) { baseTypeToDeny = null;,68,
com/fasterxml/jackson/databind/jsontype/BasicPolymorphicTypeValidator.java,170,NullifyInputVariable,public Builder allowIfBaseType(final TypeMatcher matcher) {,public Builder allowIfBaseType(final TypeMatcher matcher) { matcher = null;,69,
com/fasterxml/jackson/databind/jsontype/BasicPolymorphicTypeValidator.java,150,NullifyInputVariable,public Builder allowIfBaseType(final String prefixForBase) {,public Builder allowIfBaseType(final String prefixForBase) { prefixForBase = null;,70,
com/fasterxml/jackson/databind/jsontype/BasicPolymorphicTypeValidator.java,130,NullifyInputVariable,public Builder allowIfBaseType(final Pattern patternForBase) {,public Builder allowIfBaseType(final Pattern patternForBase) { patternForBase = null;,73,
com/fasterxml/jackson/databind/jsontype/BasicPolymorphicTypeValidator.java,104,NullifyInputVariable,public Builder allowIfBaseType(final Class<?> baseOfBase) {,public Builder allowIfBaseType(final Class<?> baseOfBase) { baseOfBase = null;,76,
com/fasterxml/jackson/databind/jsontype/impl/ClassNameIdResolver.java,115,RelationalOperatorReplacement,} else if (str.indexOf('$') >= 0) {,} else if (str.indexOf('$') < 0) {,3,
com/fasterxml/jackson/databind/jsontype/impl/MinimalClassNameIdResolver.java,40,RelationalOperatorReplacement,if (ix < 0) { // can this ever occur?,if (ix >= 0) { // can this ever occur?,1,
com/fasterxml/jackson/databind/jsontype/impl/SimpleNameIdResolver.java,206,RelationalOperatorReplacement,return (ix < 0) ? n : n.substring(ix+1);,return (ix >= 0) ? n : n.substring(ix+1);,1,
com/fasterxml/jackson/databind/jsontype/impl/StdSubtypeResolver.java,58,RelationalOperatorReplacement,"for (int i = 0, len = classes.length; i < len; ++i) {","for (int i = 0, len = classes.length; i >= len; ++i) {",16,
com/fasterxml/jackson/databind/jsontype/impl/TypeNameIdResolver.java,210,RelationalOperatorReplacement,return (ix < 0) ? n : n.substring(ix+1);,return (ix >= 0) ? n : n.substring(ix+1);,1,
com/fasterxml/jackson/databind/module/SimpleModule.java,585,RelationalOperatorReplacement,if (_subtypes != null && _subtypes.size() > 0) {,if (_subtypes != null && _subtypes.size() <= 0) {,4,
com/fasterxml/jackson/databind/node/ArrayNode.java,1216,RelationalOperatorReplacement,} else if (index >= _children.size()) {,} else if (index < _children.size()) {,1,
com/fasterxml/jackson/databind/node/ArrayNode.java,1214,RelationalOperatorReplacement,if (index < 0) {,if (index >= 0) {,2,
com/fasterxml/jackson/databind/node/ArrayNode.java,1200,RelationalOperatorReplacement,if (index < 0 || index >= _children.size()) {,if (index < 0 || index < _children.size()) {,3,
com/fasterxml/jackson/databind/node/ArrayNode.java,1200,RelationalOperatorReplacement,if (index < 0 || index >= _children.size()) {,if (index >= 0 || index >= _children.size()) {,4,
com/fasterxml/jackson/databind/node/ArrayNode.java,499,RelationalOperatorReplacement,if (index >= 0 && index < _children.size()) {,if (index >= 0 && index >= _children.size()) {,43,
com/fasterxml/jackson/databind/node/ArrayNode.java,499,RelationalOperatorReplacement,if (index >= 0 && index < _children.size()) {,if (index < 0 && index < _children.size()) {,44,
com/fasterxml/jackson/databind/node/ArrayNode.java,423,RelationalOperatorReplacement,if (index < 0 || index >= _children.size()) {,if (index < 0 || index < _children.size()) {,47,
com/fasterxml/jackson/databind/node/ArrayNode.java,423,RelationalOperatorReplacement,if (index < 0 || index >= _children.size()) {,if (index >= 0 || index >= _children.size()) {,48,
com/fasterxml/jackson/databind/node/ArrayNode.java,325,RelationalOperatorReplacement,for (int i = 0; i < size; ++i) { // we'll typically have array list,for (int i = 0; i >= size; ++i) { // we'll typically have array list,52,
com/fasterxml/jackson/databind/node/ArrayNode.java,305,RelationalOperatorReplacement,for (int i = 0; i < len; ++i) {,for (int i = 0; i >= len; ++i) {,53,
com/fasterxml/jackson/databind/node/ArrayNode.java,285,RelationalOperatorReplacement,if ((index >= 0) && (index < _children.size())) {,if ((index >= 0) && (index >= _children.size())) {,55,
com/fasterxml/jackson/databind/node/ArrayNode.java,285,RelationalOperatorReplacement,if ((index >= 0) && (index < _children.size())) {,if ((index < 0) && (index < _children.size())) {,56,
com/fasterxml/jackson/databind/node/ArrayNode.java,277,RelationalOperatorReplacement,if (index >= 0 && index < _children.size()) {,if (index >= 0 && index >= _children.size()) {,57,
com/fasterxml/jackson/databind/node/ArrayNode.java,277,RelationalOperatorReplacement,if (index >= 0 && index < _children.size()) {,if (index < 0 && index < _children.size()) {,58,
com/fasterxml/jackson/databind/node/ArrayNode.java,263,RelationalOperatorReplacement,if ((index >= 0) && (index < _children.size())) {,if ((index >= 0) && (index >= _children.size())) {,59,
com/fasterxml/jackson/databind/node/ArrayNode.java,263,RelationalOperatorReplacement,if ((index >= 0) && (index < _children.size())) {,if ((index < 0) && (index < _children.size())) {,60,
com/fasterxml/jackson/databind/node/ArrayNode.java,205,RelationalOperatorReplacement,while (index >= this.size()) {,while (index < this.size()) {,61,
com/fasterxml/jackson/databind/node/ArrayNode.java,201,RelationalOperatorReplacement,if (index > max) {,if (index <= max) {,62,
com/fasterxml/jackson/databind/node/ArrayNode.java,199,RelationalOperatorReplacement,if (index >= size()) {,if (index < size()) {,63,
com/fasterxml/jackson/databind/node/ArrayNode.java,173,RelationalOperatorReplacement,if (index < 0) {,if (index >= 0) {,64,
com/fasterxml/jackson/databind/node/ArrayNode.java,146,RelationalOperatorReplacement,if (index < 0) {,if (index >= 0) {,65,
com/fasterxml/jackson/databind/node/BigIntegerNode.java,57,RelationalOperatorReplacement,return (_value.compareTo(MIN_LONG) >= 0) && (_value.compareTo(MAX_LONG) <= 0);,return (_value.compareTo(MIN_LONG) >= 0) && (_value.compareTo(MAX_LONG) > 0);,3,
com/fasterxml/jackson/databind/node/BigIntegerNode.java,57,RelationalOperatorReplacement,return (_value.compareTo(MIN_LONG) >= 0) && (_value.compareTo(MAX_LONG) <= 0);,return (_value.compareTo(MIN_LONG) < 0) && (_value.compareTo(MAX_LONG) <= 0);,4,
com/fasterxml/jackson/databind/node/BigIntegerNode.java,54,RelationalOperatorReplacement,return (_value.compareTo(MIN_INTEGER) >= 0) && (_value.compareTo(MAX_INTEGER) <= 0);,return (_value.compareTo(MIN_INTEGER) >= 0) && (_value.compareTo(MAX_INTEGER) > 0);,5,
com/fasterxml/jackson/databind/node/BigIntegerNode.java,54,RelationalOperatorReplacement,return (_value.compareTo(MIN_INTEGER) >= 0) && (_value.compareTo(MAX_INTEGER) <= 0);,return (_value.compareTo(MIN_INTEGER) < 0) && (_value.compareTo(MAX_INTEGER) <= 0);,6,
com/fasterxml/jackson/databind/node/DecimalNode.java,64,RelationalOperatorReplacement,return (_value.compareTo(MIN_LONG) >= 0) && (_value.compareTo(MAX_LONG) <= 0);,return (_value.compareTo(MIN_LONG) >= 0) && (_value.compareTo(MAX_LONG) > 0);,11,
com/fasterxml/jackson/databind/node/DecimalNode.java,64,RelationalOperatorReplacement,return (_value.compareTo(MIN_LONG) >= 0) && (_value.compareTo(MAX_LONG) <= 0);,return (_value.compareTo(MIN_LONG) < 0) && (_value.compareTo(MAX_LONG) <= 0);,12,
com/fasterxml/jackson/databind/node/DecimalNode.java,61,RelationalOperatorReplacement,return (_value.compareTo(MIN_INTEGER) >= 0) && (_value.compareTo(MAX_INTEGER) <= 0);,return (_value.compareTo(MIN_INTEGER) >= 0) && (_value.compareTo(MAX_INTEGER) > 0);,13,
com/fasterxml/jackson/databind/node/DecimalNode.java,61,RelationalOperatorReplacement,return (_value.compareTo(MIN_INTEGER) >= 0) && (_value.compareTo(MAX_INTEGER) <= 0);,return (_value.compareTo(MIN_INTEGER) < 0) && (_value.compareTo(MAX_INTEGER) <= 0);,14,
com/fasterxml/jackson/databind/node/DecimalNode.java,71,RelationalOperatorReplacement,|| (_value.stripTrailingZeros().scale() <= 0);,|| (_value.stripTrailingZeros().scale() > 0);,8,
com/fasterxml/jackson/databind/node/DecimalNode.java,70,RelationalOperatorReplacement,|| (_value.scale() <= 0),|| (_value.scale() > 0),9,
com/fasterxml/jackson/databind/node/DoubleNode.java,59,RelationalOperatorReplacement,return (_value >= Long.MIN_VALUE && _value <= Long.MAX_VALUE);,return (_value >= Long.MIN_VALUE && _value > Long.MAX_VALUE);,5,
com/fasterxml/jackson/databind/node/DoubleNode.java,59,RelationalOperatorReplacement,return (_value >= Long.MIN_VALUE && _value <= Long.MAX_VALUE);,return (_value < Long.MIN_VALUE && _value <= Long.MAX_VALUE);,6,
com/fasterxml/jackson/databind/node/DoubleNode.java,56,RelationalOperatorReplacement,return (_value >= Integer.MIN_VALUE && _value <= Integer.MAX_VALUE);,return (_value >= Integer.MIN_VALUE && _value > Integer.MAX_VALUE);,7,
com/fasterxml/jackson/databind/node/DoubleNode.java,56,RelationalOperatorReplacement,return (_value >= Integer.MIN_VALUE && _value <= Integer.MAX_VALUE);,return (_value < Integer.MIN_VALUE && _value <= Integer.MAX_VALUE);,8,
com/fasterxml/jackson/databind/node/FloatNode.java,61,RelationalOperatorReplacement,return (_value >= Long.MIN_VALUE && _value <= Long.MAX_VALUE);,return (_value >= Long.MIN_VALUE && _value > Long.MAX_VALUE);,5,
com/fasterxml/jackson/databind/node/FloatNode.java,61,RelationalOperatorReplacement,return (_value >= Long.MIN_VALUE && _value <= Long.MAX_VALUE);,return (_value < Long.MIN_VALUE && _value <= Long.MAX_VALUE);,6,
com/fasterxml/jackson/databind/node/FloatNode.java,57,RelationalOperatorReplacement,return (_value >= Integer.MIN_VALUE && _value <= Integer.MAX_VALUE);,return (_value >= Integer.MIN_VALUE && _value > Integer.MAX_VALUE);,7,
com/fasterxml/jackson/databind/node/FloatNode.java,57,RelationalOperatorReplacement,return (_value >= Integer.MIN_VALUE && _value <= Integer.MAX_VALUE);,return (_value < Integer.MIN_VALUE && _value <= Integer.MAX_VALUE);,8,
com/fasterxml/jackson/databind/node/IntNode.java,47,RelationalOperatorReplacement,if (i > MAX_CANONICAL || i < MIN_CANONICAL) return new IntNode(i);,if (i > MAX_CANONICAL || i >= MIN_CANONICAL) return new IntNode(i);,5,
com/fasterxml/jackson/databind/node/IntNode.java,47,RelationalOperatorReplacement,if (i > MAX_CANONICAL || i < MIN_CANONICAL) return new IntNode(i);,if (i <= MAX_CANONICAL || i < MIN_CANONICAL) return new IntNode(i);,6,
com/fasterxml/jackson/databind/node/IntNode.java,28,RelationalOperatorReplacement,for (int i = 0; i < count; ++i) {,for (int i = 0; i >= count; ++i) {,7,
com/fasterxml/jackson/databind/node/InternalNodeMapper.java,112,NullifyInputVariable,{,{ rootIterator = null;,16,
com/fasterxml/jackson/databind/node/InternalNodeMapper.java,176,RelationalOperatorReplacement,if (_top < _end) {,if (_top >= _end) {,3,
com/fasterxml/jackson/databind/node/LongNode.java,50,RelationalOperatorReplacement,return (_value >= Integer.MIN_VALUE && _value <= Integer.MAX_VALUE);,return (_value >= Integer.MIN_VALUE && _value > Integer.MAX_VALUE);,5,
com/fasterxml/jackson/databind/node/LongNode.java,50,RelationalOperatorReplacement,return (_value >= Integer.MIN_VALUE && _value <= Integer.MAX_VALUE);,return (_value < Integer.MIN_VALUE && _value <= Integer.MAX_VALUE);,6,
com/fasterxml/jackson/databind/node/NodeSerialization.java,58,RelationalOperatorReplacement,if (expLen <= LONGEST_EAGER_ALLOC) {,if (expLen > LONGEST_EAGER_ALLOC) {,3,
com/fasterxml/jackson/databind/node/ObjectNode.java,518,NullifyInputVariable,{,{ ctxt = null;,246,
com/fasterxml/jackson/databind/node/ObjectNode.java,518,NullifyInputVariable,{,{ g = null;,247,
com/fasterxml/jackson/databind/ser/BeanSerializerBuilder.java,210,RelationalOperatorReplacement,"for (int i = 0, end = properties.length; i < end; ++i) {","for (int i = 0, end = properties.length; i >= end; ++i) {",3,
com/fasterxml/jackson/databind/ser/BeanSerializerBuilder.java,161,RelationalOperatorReplacement,return (_properties != null) && (_properties.size() > 0);,return (_properties != null) && (_properties.size() <= 0);,9,
com/fasterxml/jackson/databind/ser/BeanSerializerFactory.java,732,RelationalOperatorReplacement,for (int i = 0; i < propCount; ++i) {,for (int i = 0; i >= propCount; ++i) {,14,
com/fasterxml/jackson/databind/ser/BeanSerializerFactory.java,529,RelationalOperatorReplacement,if (i > 0) {,if (i <= 0) {,24,
com/fasterxml/jackson/databind/ser/BeanSerializerFactory.java,820,RelationalOperatorReplacement,"for (int i = 0, end = props.size(); i < end; ++i) {","for (int i = 0, end = props.size(); i >= end; ++i) {",6,
com/fasterxml/jackson/databind/ser/DefaultSerializerProvider.java,222,RelationalOperatorReplacement,"for (int i = 0, len = _objectIdGenerators.size(); i < len; ++i) {","for (int i = 0, len = _objectIdGenerators.size(); i >= len; ++i) {",22,
com/fasterxml/jackson/databind/ser/impl/BeanAsArraySerializer.java,210,RelationalOperatorReplacement,for (final int len = props.length; i < len; ++i) {,for (final int len = props.length; i >= len; ++i) {,2,
com/fasterxml/jackson/databind/ser/impl/FilteredBeanPropertyWriter.java,166,RelationalOperatorReplacement,for (int i = 0; i < len; ++i) {,for (int i = 0; i >= len; ++i) {,1,
com/fasterxml/jackson/databind/ser/impl/IndexedListSerializer.java,102,RelationalOperatorReplacement,for (; i < len; ++i) {,for (; i >= len; ++i) {,11,
com/fasterxml/jackson/databind/ser/impl/IndexedListSerializer.java,164,RelationalOperatorReplacement,for (; i < len; ++i) {,for (; i >= len; ++i) {,3,
com/fasterxml/jackson/databind/ser/impl/IndexedListSerializer.java,136,RelationalOperatorReplacement,for (int i = 0; i < len; ++i) {,for (int i = 0; i >= len; ++i) {,7,
com/fasterxml/jackson/databind/ser/impl/IndexedStringListSerializer.java,98,RelationalOperatorReplacement,for (; i < len; ++i) {,for (; i >= len; ++i) {,2,
com/fasterxml/jackson/databind/ser/impl/ReadOnlyClassToSerializerMap.java,42,RelationalOperatorReplacement,while (result < needed) {,while (result >= needed) {,11,
com/fasterxml/jackson/databind/ser/impl/ReadOnlyClassToSerializerMap.java,40,RelationalOperatorReplacement,int needed = (size <= 64) ? (size + size) : (size + (size >> 2));,int needed = (size > 64) ? (size + size) : (size + (size >> 2));,12,
com/fasterxml/jackson/databind/ser/impl/SimpleBeanPropertyFilter.java,97,NullifyInputVariable,{,{ src = null;,44,
com/fasterxml/jackson/databind/ser/impl/StringArraySerializer.java,203,RelationalOperatorReplacement,"for (int i = 0, len = value.length; i < len; ++i) {","for (int i = 0, len = value.length; i >= len; ++i) {",2,
com/fasterxml/jackson/databind/ser/impl/StringArraySerializer.java,190,RelationalOperatorReplacement,for (int i = 0; i < len; ++i) {,for (int i = 0; i >= len; ++i) {,4,
com/fasterxml/jackson/databind/ser/impl/UnwrappingBeanPropertyWriter.java,159,NullifyInputVariable,{,{ visitor = null;,34,
com/fasterxml/jackson/databind/ser/std/BeanSerializerBase.java,867,RelationalOperatorReplacement,for (int i = 0; i < _props.length; i++) {,for (int i = 0; i >= _props.length; i++) {,11,
com/fasterxml/jackson/databind/ser/std/BeanSerializerBase.java,818,RelationalOperatorReplacement,for (final int len = props.length; i < len; ++i) {,for (final int len = props.length; i >= len; ++i) {,19,
com/fasterxml/jackson/databind/ser/std/BeanSerializerBase.java,909,RelationalOperatorReplacement,"for (int i = 0, end = props.length; i < end; ++i) {","for (int i = 0, end = props.length; i >= end; ++i) {",2,
com/fasterxml/jackson/databind/ser/std/BeanSerializerBase.java,767,RelationalOperatorReplacement,for (final int len = props.length; i < len; ++i) {,for (final int len = props.length; i >= len; ++i) {,27,
com/fasterxml/jackson/databind/ser/std/BeanSerializerBase.java,562,RelationalOperatorReplacement,if (idPropOrigIndex > 0) { // note: must shuffle both regular properties and filtered,if (idPropOrigIndex <= 0) { // note: must shuffle both regular properties and filtered,46,
com/fasterxml/jackson/databind/ser/std/BeanSerializerBase.java,896,RelationalOperatorReplacement,"for (int i = 0, end = _props.length; i < end; ++i) {","for (int i = 0, end = _props.length; i >= end; ++i) {",6,
com/fasterxml/jackson/databind/ser/std/BeanSerializerBase.java,391,RelationalOperatorReplacement,if (i < filteredCount) {,if (i >= filteredCount) {,65,
com/fasterxml/jackson/databind/ser/std/BeanSerializerBase.java,368,RelationalOperatorReplacement,if (type.isContainerType() || type.containedTypeCount() > 0) {,if (type.isContainerType() || type.containedTypeCount() <= 0) {,67,
com/fasterxml/jackson/databind/ser/std/BeanSerializerBase.java,345,RelationalOperatorReplacement,if (i < filteredCount) {,if (i >= filteredCount) {,71,
com/fasterxml/jackson/databind/ser/std/BeanSerializerBase.java,337,RelationalOperatorReplacement,"for (int i = 0, len = _props.length; i < len; ++i) {","for (int i = 0, len = _props.length; i >= len; ++i) {",73,
com/fasterxml/jackson/databind/ser/std/BeanSerializerBase.java,313,RelationalOperatorReplacement,for (int i = 0; i < len; ++i) {,for (int i = 0; i >= len; ++i) {,76,
com/fasterxml/jackson/databind/ser/std/BeanSerializerBase.java,198,RelationalOperatorReplacement,for (int i = 0; i < len; ++i) {,for (int i = 0; i >= len; ++i) {,83,
com/fasterxml/jackson/databind/ser/std/InetAddressSerializer.java,77,RelationalOperatorReplacement,if (ix >= 0) {,if (ix < 0) {,2,
com/fasterxml/jackson/databind/ser/std/InetSocketAddressSerializer.java,27,RelationalOperatorReplacement,if (ix >= 0) {,if (ix < 0) {,2,
com/fasterxml/jackson/databind/ser/std/NumberSerializer.java,173,RelationalOperatorReplacement,return ((scale >= -MAX_BIG_DECIMAL_SCALE) && (scale <= MAX_BIG_DECIMAL_SCALE));,return ((scale >= -MAX_BIG_DECIMAL_SCALE) && (scale > MAX_BIG_DECIMAL_SCALE));,1,
com/fasterxml/jackson/databind/ser/std/NumberSerializer.java,173,RelationalOperatorReplacement,return ((scale >= -MAX_BIG_DECIMAL_SCALE) && (scale <= MAX_BIG_DECIMAL_SCALE));,return ((scale < -MAX_BIG_DECIMAL_SCALE) && (scale <= MAX_BIG_DECIMAL_SCALE));,2,
com/fasterxml/jackson/databind/ser/std/ObjectArraySerializer.java,269,RelationalOperatorReplacement,for (; i < len; ++i) {,for (; i >= len; ++i) {,10,
com/fasterxml/jackson/databind/ser/std/ObjectArraySerializer.java,237,RelationalOperatorReplacement,for (; i < len; ++i) {,for (; i >= len; ++i) {,13,
com/fasterxml/jackson/databind/ser/std/ObjectArraySerializer.java,294,RelationalOperatorReplacement,for (; i < len; ++i) {,for (; i >= len; ++i) {,7,
com/fasterxml/jackson/databind/ser/std/StdArraySerializers.java,653,RelationalOperatorReplacement,"for (int i = 0, len = value.length; i < len; ++i) {","for (int i = 0, len = value.length; i >= len; ++i) {",1,
com/fasterxml/jackson/databind/ser/std/StdArraySerializers.java,407,RelationalOperatorReplacement,"for (int i = 0, len = value.length; i < len; ++i) {","for (int i = 0, len = value.length; i >= len; ++i) {",13,
com/fasterxml/jackson/databind/ser/std/StdArraySerializers.java,313,RelationalOperatorReplacement,"for (int i = 0, len = value.length; i < len; ++i) {","for (int i = 0, len = value.length; i >= len; ++i) {",17,
com/fasterxml/jackson/databind/ser/std/StdArraySerializers.java,234,RelationalOperatorReplacement,"for (int i = 0, len = value.length; i < len; ++i) {","for (int i = 0, len = value.length; i >= len; ++i) {",19,
com/fasterxml/jackson/databind/ser/std/StdArraySerializers.java,153,RelationalOperatorReplacement,"for (int i = 0, len = value.length; i < len; ++i) {","for (int i = 0, len = value.length; i >= len; ++i) {",23,
com/fasterxml/jackson/databind/ser/std/StdArraySerializers.java,565,RelationalOperatorReplacement,"for (int i = 0, len = value.length; i < len; ++i) {","for (int i = 0, len = value.length; i >= len; ++i) {",5,
com/fasterxml/jackson/databind/ser/std/StdArraySerializers.java,483,RelationalOperatorReplacement,"for (int i = 0, len = value.length; i < len; ++i) {","for (int i = 0, len = value.length; i >= len; ++i) {",9,
com/fasterxml/jackson/databind/type/SimpleType.java,183,RelationalOperatorReplacement,for (int i = 0; i < count; ++i) {,for (int i = 0; i >= count; ++i) {,10,
com/fasterxml/jackson/databind/type/SimpleType.java,181,RelationalOperatorReplacement,if ((count > 0) && _hasNTypeParameters(count)) {,if ((count <= 0) && _hasNTypeParameters(count)) {,11,
com/fasterxml/jackson/databind/type/SimpleType.java,220,RelationalOperatorReplacement,for (int i = 0; i < count; ++i) {,for (int i = 0; i >= count; ++i) {,7,
com/fasterxml/jackson/databind/type/SimpleType.java,218,RelationalOperatorReplacement,if (count > 0) {,if (count <= 0) {,8,
com/fasterxml/jackson/databind/type/SimpleType.java,185,RelationalOperatorReplacement,if (i > 0) {,if (i <= 0) {,9,
com/fasterxml/jackson/databind/type/TypeBase.java,135,RelationalOperatorReplacement,"for (int i = 0, count = _superInterfaces.length; i < count; ++i) {","for (int i = 0, count = _superInterfaces.length; i >= count; ++i) {",18,
com/fasterxml/jackson/databind/type/TypeBase.java,231,RelationalOperatorReplacement,"for (int i = 0, len = name.length(); i < len; ++i) {","for (int i = 0, len = name.length(); i >= len; ++i) {",4,
com/fasterxml/jackson/databind/type/TypeBindings.java,538,RelationalOperatorReplacement,for (int i = 0; i < len; ++i) {,for (int i = 0; i >= len; ++i) {,1,
com/fasterxml/jackson/databind/type/TypeBindings.java,406,RelationalOperatorReplacement,if (i > 0) {,if (i <= 0) {,19,
com/fasterxml/jackson/databind/type/TypeBindings.java,405,RelationalOperatorReplacement,"for (int i = 0, len = _types.length; i < len; ++i) {","for (int i = 0, len = _types.length; i >= len; ++i) {",20,
com/fasterxml/jackson/databind/type/TypeBindings.java,365,RelationalOperatorReplacement,for (int i = _unboundVariables.length; --i >= 0; ) {,for (int i = _unboundVariables.length; --i < 0; ) {,22,
com/fasterxml/jackson/databind/type/TypeBindings.java,351,RelationalOperatorReplacement,for (int i = 0; i < list.size(); i++) {,for (int i = 0; i >= list.size(); i++) {,25,
com/fasterxml/jackson/databind/type/TypeBindings.java,333,RelationalOperatorReplacement,if (index < 0 || index >= _types.length) {,if (index < 0 || index < _types.length) {,27,
com/fasterxml/jackson/databind/type/TypeBindings.java,333,RelationalOperatorReplacement,if (index < 0 || index >= _types.length) {,if (index >= 0 || index >= _types.length) {,28,
com/fasterxml/jackson/databind/type/TypeBindings.java,315,RelationalOperatorReplacement,if (index < 0 || index >= _types.length) {,if (index < 0 || index < _types.length) {,30,
com/fasterxml/jackson/databind/type/TypeBindings.java,315,RelationalOperatorReplacement,if (index < 0 || index >= _types.length) {,if (index >= 0 || index >= _types.length) {,31,
com/fasterxml/jackson/databind/type/TypeBindings.java,302,RelationalOperatorReplacement,if (index < 0 || index >= _names.length) {,if (index < 0 || index < _names.length) {,32,
com/fasterxml/jackson/databind/type/TypeBindings.java,302,RelationalOperatorReplacement,if (index < 0 || index >= _names.length) {,if (index >= 0 || index >= _names.length) {,33,
com/fasterxml/jackson/databind/type/TypeBindings.java,245,RelationalOperatorReplacement,"for (int i = 0, len = _names.length; i < len; ++i) {","for (int i = 0, len = _names.length; i >= len; ++i) {",36,
com/fasterxml/jackson/databind/type/TypeBindings.java,190,RelationalOperatorReplacement,for (int i = 0; i < len; ++i) {,for (int i = 0; i >= len; ++i) {,42,
com/fasterxml/jackson/databind/type/TypeBindings.java,104,RelationalOperatorReplacement,for (int i = 0; i < len; ++i) {,for (int i = 0; i >= len; ++i) {,57,
com/fasterxml/jackson/databind/type/TypeFactory.java,1606,RelationalOperatorReplacement,for (int i = 0; i < len; ++i) {,for (int i = 0; i >= len; ++i) {,16,
com/fasterxml/jackson/databind/type/TypeFactory.java,1710,RelationalOperatorReplacement,for (int i = 0; i < paramCount; ++i) {,for (int i = 0; i >= paramCount; ++i) {,3,
com/fasterxml/jackson/databind/type/TypeFactory.java,1139,RelationalOperatorReplacement,for (int i = 0; i < len; ++i) {,for (int i = 0; i >= len; ++i) {,49,
com/fasterxml/jackson/databind/type/TypeFactory.java,633,RelationalOperatorReplacement,"for (int i = 0, len = expectedTypes.size(); i < len; ++i) {","for (int i = 0, len = expectedTypes.size(); i >= len; ++i) {",64,
com/fasterxml/jackson/databind/type/TypeFactory.java,583,RelationalOperatorReplacement,JavaType act = (i < actCount) ? actualTypes.get(i) : unknownType();,JavaType act = (i >= actCount) ? actualTypes.get(i) : unknownType();,67,
com/fasterxml/jackson/databind/type/TypeFactory.java,581,RelationalOperatorReplacement,"for (int i = 0, expCount = expectedTypes.size(); i < expCount; ++i) {","for (int i = 0, expCount = expectedTypes.size(); i >= expCount; ++i) {",68,
com/fasterxml/jackson/databind/type/TypeFactory.java,560,RelationalOperatorReplacement,for (int i = 0; i < typeParamCount; ++i) {,for (int i = 0; i >= typeParamCount; ++i) {,70,
com/fasterxml/jackson/databind/type/TypeFactory.java,535,RelationalOperatorReplacement,for (int i = 0; i < typeParamCount; ++i) {,for (int i = 0; i >= typeParamCount; ++i) {,73,
com/fasterxml/jackson/databind/type/TypeFactory.java,1671,RelationalOperatorReplacement,for (int i = 0; i < intCount; ++i) {,for (int i = 0; i >= intCount; ++i) {,9,
com/fasterxml/jackson/databind/type/TypeFactory.java,360,RelationalOperatorReplacement,if (className.indexOf('.') < 0) {,if (className.indexOf('.') >= 0) {,90,
com/fasterxml/jackson/databind/type/TypeParser.java,126,RelationalOperatorReplacement,if (str.length() <= 1000) {,if (str.length() > 1000) {,3,
com/fasterxml/jackson/databind/type/TypeParser.java,90,RelationalOperatorReplacement,if (nestingAllowed < 0) {,if (nestingAllowed >= 0) {,4,
com/fasterxml/jackson/databind/type/TypeParser.java,48,RelationalOperatorReplacement,if (canonical.length() > MAX_TYPE_LENGTH) {,if (canonical.length() <= MAX_TYPE_LENGTH) {,5,
com/fasterxml/jackson/databind/util/ArrayBuilders.java,233,RelationalOperatorReplacement,if (len > 0) {,if (len <= 0) {,1,
com/fasterxml/jackson/databind/util/ArrayBuilders.java,170,RelationalOperatorReplacement,for (int i = 0; i < length; ++i) {,for (int i = 0; i >= length; ++i) {,10,
com/fasterxml/jackson/databind/util/ArrayBuilders.java,224,RelationalOperatorReplacement,if (left > 0) {,if (left <= 0) {,2,
com/fasterxml/jackson/databind/util/ArrayBuilders.java,158,NullifyInputVariable,{,{ defaultValue = null;,49,
com/fasterxml/jackson/databind/util/ArrayBuilders.java,212,RelationalOperatorReplacement,for (int ix = 0; ix < len; ++ix) {,for (int ix = 0; ix >= len; ++ix) {,5,
com/fasterxml/jackson/databind/util/ArrayBuilders.java,190,RelationalOperatorReplacement,for (int i = 0; i < len; ++i) {,for (int i = 0; i >= len; ++i) {,6,
com/fasterxml/jackson/databind/util/ArrayIterator.java,27,RelationalOperatorReplacement,if (_index >= _a.length) {,if (_index < _a.length) {,1,
com/fasterxml/jackson/databind/util/ArrayIterator.java,23,RelationalOperatorReplacement,public boolean hasNext() { return _index < _a.length; },public boolean hasNext() { return _index >= _a.length; },2,
com/fasterxml/jackson/databind/util/BeanUtil.java,304,RelationalOperatorReplacement,"if (className.indexOf('.', 10) >= 0) {","if (className.indexOf('.', 10) < 0) {",1,
com/fasterxml/jackson/databind/util/BeanUtil.java,271,RelationalOperatorReplacement,if ((offset + 1) < end) {,if ((offset + 1) >= end) {,2,
com/fasterxml/jackson/databind/util/BeanUtil.java,239,RelationalOperatorReplacement,for (; i < end; ++i) {,for (; i >= end; ++i) {,6,
com/fasterxml/jackson/databind/util/BeanUtil.java,257,NullifyInputVariable,{,{ basename = null;,60,
com/fasterxml/jackson/databind/util/BeanUtil.java,223,NullifyInputVariable,{,{ basename = null;,61,
com/fasterxml/jackson/databind/util/ClassUtil.java,1224,RelationalOperatorReplacement,"String cleaned = (dotIndex < 0) ? version : version.substring(0, dotIndex);","String cleaned = (dotIndex >= 0) ? version : version.substring(0, dotIndex);",12,
com/fasterxml/jackson/databind/util/ClassUtil.java,1195,RelationalOperatorReplacement,return getJDKMajorVersion() >= 17;,return getJDKMajorVersion() < 17;,13,
com/fasterxml/jackson/databind/util/ClassUtil.java,1515,RelationalOperatorReplacement,if (c < 0) {,if (c >= 0) {,3,
com/fasterxml/jackson/databind/util/ClassUtil.java,747,RelationalOperatorReplacement,} while (--index > 0);,} while (--index <= 0);,48,
com/fasterxml/jackson/databind/util/ClassUtil.java,743,RelationalOperatorReplacement,if (index > 0) {,if (index <= 0) {,49,
com/fasterxml/jackson/databind/util/ClassUtil.java,706,RelationalOperatorReplacement,while (arrays-- > 0) {,while (arrays-- <= 0) {,52,
com/fasterxml/jackson/databind/util/ClassUtil.java,1348,RelationalOperatorReplacement,for (int i = 0; i < len; ++i) {,for (int i = 0; i >= len; ++i) {,7,
com/fasterxml/jackson/databind/util/CompactStringObjectMap.java,93,RelationalOperatorReplacement,while (result < needed) {,while (result >= needed) {,10,
com/fasterxml/jackson/databind/util/CompactStringObjectMap.java,88,RelationalOperatorReplacement,if (size <= 12) {,if (size > 12) {,11,
com/fasterxml/jackson/databind/util/CompactStringObjectMap.java,85,RelationalOperatorReplacement,if (size <= 5) {,if (size > 5) {,12,
com/fasterxml/jackson/databind/util/CompactStringObjectMap.java,72,RelationalOperatorReplacement,if (ix >= hashArea.length) {,if (ix < hashArea.length) {,13,
com/fasterxml/jackson/databind/util/CompactStringObjectMap.java,149,RelationalOperatorReplacement,for (int i = 0; i < end; i += 2) {,for (int i = 0; i >= end; i += 2) {,2,
com/fasterxml/jackson/databind/util/CompactStringObjectMap.java,134,RelationalOperatorReplacement,"for (int i = 0, end = _hashArea.length; i < end; i += 2) {","for (int i = 0, end = _hashArea.length; i >= end; i += 2) {",4,
com/fasterxml/jackson/databind/util/CompactStringObjectMap.java,122,RelationalOperatorReplacement,for (int end = i + _spillCount; i < end; i += 2) {,for (int end = i + _spillCount; i >= end; i += 2) {,6,
com/fasterxml/jackson/databind/util/EnumResolver.java,547,RelationalOperatorReplacement,if (index < 0 || index >= _enums.length) {,if (index < 0 || index < _enums.length) {,1,
com/fasterxml/jackson/databind/util/EnumResolver.java,455,RelationalOperatorReplacement,for (int i = enumConstants.length; --i >= 0; ) {,for (int i = enumConstants.length; --i < 0; ) {,12,
com/fasterxml/jackson/databind/util/EnumResolver.java,417,RelationalOperatorReplacement,for (int i = enumConstants.length; --i >= 0; ) {,for (int i = enumConstants.length; --i < 0; ) {,14,
com/fasterxml/jackson/databind/util/EnumResolver.java,378,RelationalOperatorReplacement,for (int i = enumConstants.length; --i >= 0; ) {,for (int i = enumConstants.length; --i < 0; ) {,17,
com/fasterxml/jackson/databind/util/EnumResolver.java,547,RelationalOperatorReplacement,if (index < 0 || index >= _enums.length) {,if (index >= 0 || index >= _enums.length) {,2,
com/fasterxml/jackson/databind/util/EnumResolver.java,331,RelationalOperatorReplacement,for (int i = enumConstants.length; --i >= 0; ) {,for (int i = enumConstants.length; --i < 0; ) {,21,
com/fasterxml/jackson/databind/util/EnumResolver.java,293,RelationalOperatorReplacement,for (int i = enumConstants.length; --i >= 0; ) {,for (int i = enumConstants.length; --i < 0; ) {,23,
com/fasterxml/jackson/databind/util/EnumResolver.java,266,RelationalOperatorReplacement,for (int i = enumConstants.length; --i >= 0; ) {,for (int i = enumConstants.length; --i < 0; ) {,24,
com/fasterxml/jackson/databind/util/EnumResolver.java,231,RelationalOperatorReplacement,for (int i = enumConstants.length; --i >= 0; ) {,for (int i = enumConstants.length; --i < 0; ) {,26,
com/fasterxml/jackson/databind/util/EnumResolver.java,189,RelationalOperatorReplacement,for (int i = enumConstants.length; --i >= 0; ) {,for (int i = enumConstants.length; --i < 0; ) {,30,
com/fasterxml/jackson/databind/util/EnumResolver.java,142,RelationalOperatorReplacement,"for (int i = 0, len = enumConstants.length; i < len; ++i) {","for (int i = 0, len = enumConstants.length; i >= len; ++i) {",34,
com/fasterxml/jackson/databind/util/EnumResolver.java,103,RelationalOperatorReplacement,"for (int i = 0, len = enumConstants.length; i < len; ++i) {","for (int i = 0, len = enumConstants.length; i >= len; ++i) {",37,
com/fasterxml/jackson/databind/util/EnumResolver.java,537,NullifyInputVariable,protected Enum<?> _findEnumCaseInsensitive(final String key) {,protected Enum<?> _findEnumCaseInsensitive(final String key) { key = null;,90,
com/fasterxml/jackson/databind/util/EnumResolver.java,526,NullifyInputVariable,public Enum<?> findEnum(final String key) {,public Enum<?> findEnum(final String key) { key = null;,91,
com/fasterxml/jackson/databind/util/EnumValues.java,116,RelationalOperatorReplacement,for (int i = 0; i < enumConstants.length; i++) {,for (int i = 0; i >= enumConstants.length; i++) {,10,
com/fasterxml/jackson/databind/util/EnumValues.java,88,RelationalOperatorReplacement,"for (int i = 0, len = enumConstants.length; i < len; ++i) {","for (int i = 0, len = enumConstants.length; i >= len; ++i) {",12,
com/fasterxml/jackson/databind/util/EnumValues.java,62,RelationalOperatorReplacement,"for (int i = 0, len = enumValues.length; i < len; ++i) {","for (int i = 0, len = enumValues.length; i >= len; ++i) {",13,
com/fasterxml/jackson/databind/util/EnumValues.java,209,RelationalOperatorReplacement,for (int i = 0; i < len; ++i) {,for (int i = 0; i >= len; ++i) {,4,
com/fasterxml/jackson/databind/util/EnumValues.java,171,RelationalOperatorReplacement,"for (int i = 0, len = enumConstants.length; i < len; i++) {","for (int i = 0, len = enumConstants.length; i >= len; i++) {",6,
com/fasterxml/jackson/databind/util/ISO8601Utils.java,317,RelationalOperatorReplacement,if (c < '0' || c > '9') return i;,if (c < '0' || c <= '9') return i;,1,
com/fasterxml/jackson/databind/util/ISO8601Utils.java,286,RelationalOperatorReplacement,if (beginIndex < 0 || endIndex > value.length() || beginIndex > endIndex) {,if (beginIndex >= 0 || endIndex > value.length() || beginIndex > endIndex) {,10,
com/fasterxml/jackson/databind/util/ISO8601Utils.java,273,RelationalOperatorReplacement,return (offset < value.length()) && (value.charAt(offset) == expected);,return (offset >= value.length()) && (value.charAt(offset) == expected);,12,
com/fasterxml/jackson/databind/util/ISO8601Utils.java,193,RelationalOperatorReplacement,if (date.length() <= offset) {,if (date.length() > offset) {,18,
com/fasterxml/jackson/databind/util/ISO8601Utils.java,168,RelationalOperatorReplacement,if (seconds > 59 && seconds < 63) seconds = 59; // truncate up to 3 leap seconds,if (seconds > 59 && seconds >= 63) seconds = 59; // truncate up to 3 leap seconds,19,
com/fasterxml/jackson/databind/util/ISO8601Utils.java,317,RelationalOperatorReplacement,if (c < '0' || c > '9') return i;,if (c >= '0' || c > '9') return i;,2,
com/fasterxml/jackson/databind/util/ISO8601Utils.java,168,RelationalOperatorReplacement,if (seconds > 59 && seconds < 63) seconds = 59; // truncate up to 3 leap seconds,if (seconds <= 59 && seconds < 63) seconds = 59; // truncate up to 3 leap seconds,20,
com/fasterxml/jackson/databind/util/ISO8601Utils.java,164,RelationalOperatorReplacement,if (date.length() > offset) {,if (date.length() <= offset) {,24,
com/fasterxml/jackson/databind/util/ISO8601Utils.java,144,RelationalOperatorReplacement,if (!hasT && (date.length() <= offset)) {,if (!hasT && (date.length() > offset)) {,25,
com/fasterxml/jackson/databind/util/ISO8601Utils.java,92,RelationalOperatorReplacement,"(offset < 0 ? '-' : '+'),","(offset >= 0 ? '-' : '+'),",26,
com/fasterxml/jackson/databind/util/ISO8601Utils.java,315,RelationalOperatorReplacement,for (int i = offset; i < string.length(); i++) {,for (int i = offset; i >= string.length(); i++) {,3,
com/fasterxml/jackson/databind/util/ISO8601Utils.java,302,RelationalOperatorReplacement,if (digit < 0) {,if (digit >= 0) {,4,
com/fasterxml/jackson/databind/util/ISO8601Utils.java,300,RelationalOperatorReplacement,while (i < endIndex) {,while (i >= endIndex) {,5,
com/fasterxml/jackson/databind/util/ISO8601Utils.java,295,RelationalOperatorReplacement,if (digit < 0) {,if (digit >= 0) {,6,
com/fasterxml/jackson/databind/util/ISO8601Utils.java,293,RelationalOperatorReplacement,if (i < endIndex) {,if (i >= endIndex) {,7,
com/fasterxml/jackson/databind/util/ISO8601Utils.java,286,RelationalOperatorReplacement,if (beginIndex < 0 || endIndex > value.length() || beginIndex > endIndex) {,if (beginIndex < 0 || endIndex > value.length() || beginIndex <= endIndex) {,8,
com/fasterxml/jackson/databind/util/ISO8601Utils.java,286,RelationalOperatorReplacement,if (beginIndex < 0 || endIndex > value.length() || beginIndex > endIndex) {,if (beginIndex < 0 || endIndex <= value.length() || beginIndex > endIndex) {,9,
com/fasterxml/jackson/databind/util/NameTransformer.java,40,NullifyInputVariable,{,{ suffix = null;,43,
com/fasterxml/jackson/databind/util/NameTransformer.java,40,NullifyInputVariable,{,{ prefix = null;,44,
com/fasterxml/jackson/databind/util/ObjectBuffer.java,81,RelationalOperatorReplacement,if ((_freeBuffer == null) || (_freeBuffer.length < count)) {,if ((_freeBuffer == null) || (_freeBuffer.length >= count)) {,11,
com/fasterxml/jackson/databind/util/ObjectBuffer.java,168,RelationalOperatorReplacement,for (int i = 0; i < lastChunkEntries; ++i) {,for (int i = 0; i >= lastChunkEntries; ++i) {,5,
com/fasterxml/jackson/databind/util/ObjectBuffer.java,163,RelationalOperatorReplacement,"for (int i = 0, len = curr.length; i < len; ++i) {","for (int i = 0, len = curr.length; i >= len; ++i) {",6,
com/fasterxml/jackson/databind/util/ObjectBuffer.java,116,RelationalOperatorReplacement,} else if (len < MAX_CHUNK) { // but by +25% for larger (to limit overhead),} else if (len >= MAX_CHUNK) { // but by +25% for larger (to limit overhead),8,
com/fasterxml/jackson/databind/util/ObjectBuffer.java,114,RelationalOperatorReplacement,if (len < SMALL_CHUNK) {,if (len >= SMALL_CHUNK) {,9,
com/fasterxml/jackson/databind/util/PrimitiveArrayBuilder.java,77,RelationalOperatorReplacement,if (nextLen < SMALL_CHUNK_SIZE) {,if (nextLen >= SMALL_CHUNK_SIZE) {,5,
com/fasterxml/jackson/databind/util/StdConverter.java,38,RelationalOperatorReplacement,if (convType == null || convType.containedTypeCount() < 2) {,if (convType == null || convType.containedTypeCount() >= 2) {,1,
com/fasterxml/jackson/databind/util/StdDateFormat.java,704,RelationalOperatorReplacement,if ((totalLen > 16) && dateStr.charAt(16) == ':') {,if ((totalLen <= 16) && dateStr.charAt(16) == ':') {,11,
com/fasterxml/jackson/databind/util/StdDateFormat.java,681,RelationalOperatorReplacement,if (len >= 5) {,if (len < 5) {,13,
com/fasterxml/jackson/databind/util/StdDateFormat.java,678,RelationalOperatorReplacement,"if (len > 1) { // 0 -> none, 1 -> 'Z'","if (len <= 1) { // 0 -> none, 1 -> 'Z'",14,
com/fasterxml/jackson/databind/util/StdDateFormat.java,658,RelationalOperatorReplacement,if (totalLen <= 10) {,if (totalLen > 10) {,15,
com/fasterxml/jackson/databind/util/StdDateFormat.java,610,RelationalOperatorReplacement,"if (dateStr.length() >= 7 // really need 10, but...","if (dateStr.length() < 7 // really need 10, but...",19,
com/fasterxml/jackson/databind/util/StdDateFormat.java,552,RelationalOperatorReplacement,if (h > 99) { // [databind#2167]: handle above 9999 correctly,if (h <= 99) { // [databind#2167]: handle above 9999 correctly,21,
com/fasterxml/jackson/databind/util/StdDateFormat.java,490,RelationalOperatorReplacement,buffer.append(offset < 0 ? '-' : '+');,buffer.append(offset >= 0 ? '-' : '+');,26,
com/fasterxml/jackson/databind/util/StdDateFormat.java,463,RelationalOperatorReplacement,if (year > 9999) {,if (year <= 9999) {,28,
com/fasterxml/jackson/databind/util/StdDateFormat.java,424,RelationalOperatorReplacement,if ((i < 0),if ((i >= 0),32,
com/fasterxml/jackson/databind/util/StdDateFormat.java,419,RelationalOperatorReplacement,if (i > 0 || ch != '-') {,if (i <= 0 || ch != '-') {,34,
com/fasterxml/jackson/databind/util/StdDateFormat.java,417,RelationalOperatorReplacement,if (ch < '0' || ch > '9') {,if (ch < '0' || ch <= '9') {,35,
com/fasterxml/jackson/databind/util/StdDateFormat.java,417,RelationalOperatorReplacement,if (ch < '0' || ch > '9') {,if (ch >= '0' || ch > '9') {,36,
com/fasterxml/jackson/databind/util/StdDateFormat.java,415,RelationalOperatorReplacement,while (--i >= 0) {,while (--i < 0) {,37,
com/fasterxml/jackson/databind/util/StdDateFormat.java,383,RelationalOperatorReplacement,if (sb.length() > 0) {,if (sb.length() <= 0) {,38,
com/fasterxml/jackson/databind/util/StdDateFormat.java,724,RelationalOperatorReplacement,if (fractLen > 9) { // only allow up to nanos,if (fractLen <= 9) { // only allow up to nanos,8,
com/fasterxml/jackson/databind/util/StdDateFormat.java,715,RelationalOperatorReplacement,if (start >= end) { // no fractional,if (start < end) { // no fractional,9,
com/fasterxml/jackson/databind/util/TokenBuffer.java,2277,RelationalOperatorReplacement,if (index < TOKENS_PER_SEGMENT) {,if (index >= TOKENS_PER_SEGMENT) {,10,
com/fasterxml/jackson/databind/util/TokenBuffer.java,575,RelationalOperatorReplacement,if (count >= MAX_COUNT) {,if (count < MAX_COUNT) {,103,
com/fasterxml/jackson/databind/util/TokenBuffer.java,559,RelationalOperatorReplacement,if (count > 0) {,if (count <= 0) {,105,
com/fasterxml/jackson/databind/util/TokenBuffer.java,558,RelationalOperatorReplacement,if (count < MAX_COUNT) {,if (count >= MAX_COUNT) {,106,
com/fasterxml/jackson/databind/util/TokenBuffer.java,2265,RelationalOperatorReplacement,if (index < TOKENS_PER_SEGMENT) {,if (index >= TOKENS_PER_SEGMENT) {,11,
com/fasterxml/jackson/databind/util/TokenBuffer.java,380,RelationalOperatorReplacement,if (++ptr >= Segment.TOKENS_PER_SEGMENT) {,if (++ptr < Segment.TOKENS_PER_SEGMENT) {,115,
com/fasterxml/jackson/databind/util/TokenBuffer.java,2254,RelationalOperatorReplacement,if (index < TOKENS_PER_SEGMENT) {,if (index >= TOKENS_PER_SEGMENT) {,12,
com/fasterxml/jackson/databind/util/TokenBuffer.java,2242,RelationalOperatorReplacement,if (index < TOKENS_PER_SEGMENT) {,if (index >= TOKENS_PER_SEGMENT) {,13,
com/fasterxml/jackson/databind/util/TokenBuffer.java,2218,RelationalOperatorReplacement,if (index > 0) {,if (index <= 0) {,15,
com/fasterxml/jackson/databind/util/TokenBuffer.java,2208,RelationalOperatorReplacement,if (index > 0) {,if (index <= 0) {,16,
com/fasterxml/jackson/databind/util/TokenBuffer.java,2041,RelationalOperatorReplacement,|| BD_MAX_LONG.compareTo(big) < 0) {,|| BD_MAX_LONG.compareTo(big) >= 0) {,24,
com/fasterxml/jackson/databind/util/TokenBuffer.java,2040,RelationalOperatorReplacement,if (BD_MIN_LONG.compareTo(big) > 0,if (BD_MIN_LONG.compareTo(big) <= 0,25,
com/fasterxml/jackson/databind/util/TokenBuffer.java,2034,RelationalOperatorReplacement,if (d < MIN_LONG_D || d > MAX_LONG_D) {,if (d < MIN_LONG_D || d <= MAX_LONG_D) {,26,
com/fasterxml/jackson/databind/util/TokenBuffer.java,2034,RelationalOperatorReplacement,if (d < MIN_LONG_D || d > MAX_LONG_D) {,if (d >= MIN_LONG_D || d > MAX_LONG_D) {,27,
com/fasterxml/jackson/databind/util/TokenBuffer.java,2028,RelationalOperatorReplacement,|| BI_MAX_LONG.compareTo(big) < 0) {,|| BI_MAX_LONG.compareTo(big) >= 0) {,28,
com/fasterxml/jackson/databind/util/TokenBuffer.java,2027,RelationalOperatorReplacement,if (BI_MIN_LONG.compareTo(big) > 0,if (BI_MIN_LONG.compareTo(big) <= 0,29,
com/fasterxml/jackson/databind/util/TokenBuffer.java,2014,RelationalOperatorReplacement,|| BD_MAX_INT.compareTo(big) < 0) {,|| BD_MAX_INT.compareTo(big) >= 0) {,30,
com/fasterxml/jackson/databind/util/TokenBuffer.java,2013,RelationalOperatorReplacement,if (BD_MIN_INT.compareTo(big) > 0,if (BD_MIN_INT.compareTo(big) <= 0,31,
com/fasterxml/jackson/databind/util/TokenBuffer.java,2007,RelationalOperatorReplacement,if (d < MIN_INT_D || d > MAX_INT_D) {,if (d < MIN_INT_D || d <= MAX_INT_D) {,32,
com/fasterxml/jackson/databind/util/TokenBuffer.java,2007,RelationalOperatorReplacement,if (d < MIN_INT_D || d > MAX_INT_D) {,if (d >= MIN_INT_D || d > MAX_INT_D) {,33,
com/fasterxml/jackson/databind/util/TokenBuffer.java,2001,RelationalOperatorReplacement,|| BI_MAX_INT.compareTo(big) < 0) {,|| BI_MAX_INT.compareTo(big) >= 0) {,34,
com/fasterxml/jackson/databind/util/TokenBuffer.java,2000,RelationalOperatorReplacement,if (BI_MIN_INT.compareTo(big) > 0,if (BI_MIN_INT.compareTo(big) <= 0,35,
com/fasterxml/jackson/databind/util/TokenBuffer.java,1958,RelationalOperatorReplacement,if (len >= 10) {,if (len < 10) {,38,
com/fasterxml/jackson/databind/util/TokenBuffer.java,1953,RelationalOperatorReplacement,|| (len >= 19)) {,|| (len < 19)) {,39,
com/fasterxml/jackson/databind/util/TokenBuffer.java,1688,RelationalOperatorReplacement,if ((ptr < Segment.TOKENS_PER_SEGMENT) && (_segment.type(ptr) == JsonToken.FIELD_NAME)) {,if ((ptr >= Segment.TOKENS_PER_SEGMENT) && (_segment.type(ptr) == JsonToken.FIELD_NAME)) {,56,
com/fasterxml/jackson/databind/util/TokenBuffer.java,2370,RelationalOperatorReplacement,if (index > 0) {,if (index <= 0) {,6,
com/fasterxml/jackson/databind/util/TokenBuffer.java,1652,RelationalOperatorReplacement,if (++_segmentPtr >= Segment.TOKENS_PER_SEGMENT) {,if (++_segmentPtr < Segment.TOKENS_PER_SEGMENT) {,64,
com/fasterxml/jackson/databind/util/TokenBuffer.java,1619,RelationalOperatorReplacement,if (ptr >= Segment.TOKENS_PER_SEGMENT) {,if (ptr < Segment.TOKENS_PER_SEGMENT) {,68,
com/fasterxml/jackson/databind/util/TokenBuffer.java,2359,RelationalOperatorReplacement,if (index > 0) {,if (index <= 0) {,7,
com/fasterxml/jackson/databind/util/TokenBuffer.java,2348,RelationalOperatorReplacement,if (index > 0) {,if (index <= 0) {,8,
com/fasterxml/jackson/databind/util/TokenBuffer.java,889,RelationalOperatorReplacement,if (offset > 0 || len != text.length()) {,if (offset <= 0 || len != text.length()) {,89,
com/fasterxml/jackson/databind/util/TokenBuffer.java,2338,RelationalOperatorReplacement,if (index > 0) {,if (index <= 0) {,9,
com/fasterxml/jackson/databind/util/TokenBuffer.java,837,RelationalOperatorReplacement,if (toRead > 0 && len >= 0) {,if (toRead > 0 && len < 0) {,90,
com/fasterxml/jackson/databind/util/TokenBuffer.java,837,RelationalOperatorReplacement,if (toRead > 0 && len >= 0) {,if (toRead <= 0 && len >= 0) {,91,
com/fasterxml/jackson/databind/util/TokenBuffer.java,831,RelationalOperatorReplacement,if (numRead <= 0) {,if (numRead > 0) {,92,
com/fasterxml/jackson/databind/util/TokenBuffer.java,828,RelationalOperatorReplacement,while (toRead > 0) {,while (toRead <= 0) {,93,
com/fasterxml/jackson/databind/util/TokenBuffer.java,821,RelationalOperatorReplacement,int toRead = (len >= 0) ? len : Integer.MAX_VALUE;,int toRead = (len < 0) ? len : Integer.MAX_VALUE;,94,
com/fasterxml/jackson/databind/util/ViewMatcher.java,59,RelationalOperatorReplacement,"for (int i = 0, len = _views.length; i < len; ++i) {","for (int i = 0, len = _views.length; i >= len; ++i) {",2,
com/fasterxml/jackson/databind/util/internal/LinkedDeque.java,93,NullifyInputVariable,void linkLast(final E e) {,void linkLast(final E e) { e = null;,73,
com/fasterxml/jackson/databind/util/internal/LinkedDeque.java,75,NullifyInputVariable,void linkFirst(final E e) {,void linkFirst(final E e) { e = null;,74,
com/fasterxml/jackson/databind/util/internal/PrivateMaxEntriesMap.java,1221,RelationalOperatorReplacement,checkState(capacity >= 0);,checkState(capacity < 0);,1,
com/fasterxml/jackson/databind/util/internal/PrivateMaxEntriesMap.java,851,RelationalOperatorReplacement,return weight > 0;,return weight <= 0;,10,
com/fasterxml/jackson/databind/util/internal/PrivateMaxEntriesMap.java,1209,RelationalOperatorReplacement,checkArgument(concurrencyLevel > 0);,checkArgument(concurrencyLevel <= 0);,2,
com/fasterxml/jackson/databind/util/internal/PrivateMaxEntriesMap.java,585,RelationalOperatorReplacement,for (int i = 0; i < readBuffers.length(); i++) {,for (int i = 0; i >= readBuffers.length(); i++) {,26,
com/fasterxml/jackson/databind/util/internal/PrivateMaxEntriesMap.java,440,RelationalOperatorReplacement,for (int i = 0; i < WRITE_BUFFER_DRAIN_THRESHOLD; i++) {,for (int i = 0; i >= WRITE_BUFFER_DRAIN_THRESHOLD; i++) {,29,
com/fasterxml/jackson/databind/util/internal/PrivateMaxEntriesMap.java,1193,RelationalOperatorReplacement,checkArgument(capacity >= 0);,checkArgument(capacity < 0);,3,
com/fasterxml/jackson/databind/util/internal/PrivateMaxEntriesMap.java,410,RelationalOperatorReplacement,for (int i = 0; i < READ_BUFFER_DRAIN_THRESHOLD; i++) {,for (int i = 0; i >= READ_BUFFER_DRAIN_THRESHOLD; i++) {,31,
com/fasterxml/jackson/databind/util/internal/PrivateMaxEntriesMap.java,401,RelationalOperatorReplacement,for (int i = start; i < end; i++) {,for (int i = start; i >= end; i++) {,32,
com/fasterxml/jackson/databind/util/internal/PrivateMaxEntriesMap.java,355,RelationalOperatorReplacement,final boolean delayable = (pending < READ_BUFFER_THRESHOLD);,final boolean delayable = (pending >= READ_BUFFER_THRESHOLD);,33,
com/fasterxml/jackson/databind/util/internal/PrivateMaxEntriesMap.java,277,RelationalOperatorReplacement,return weightedSize.get() > capacity.get();,return weightedSize.get() <= capacity.get();,35,
com/fasterxml/jackson/databind/util/internal/PrivateMaxEntriesMap.java,263,RelationalOperatorReplacement,checkArgument(capacity >= 0);,checkArgument(capacity < 0);,36,
com/fasterxml/jackson/databind/util/internal/PrivateMaxEntriesMap.java,1180,RelationalOperatorReplacement,checkArgument(initialCapacity >= 0);,checkArgument(initialCapacity < 0);,4,
