file,line,operator,before,after,mutant_id,paper_category
com/fasterxml/jackson/databind/DatabindContext.java,191,RelationalOperatorReplacement,if (subClassName.indexOf('<') > 0) {,if (subClassName.indexOf('<') >= 0) {,547,
com/fasterxml/jackson/databind/DatabindContext.java,231,RelationalOperatorReplacement,if (ltIndex > 0) {,if (ltIndex >= 0) {,548,
com/fasterxml/jackson/databind/DatabindContext.java,433,RelationalOperatorReplacement,if (msgArgs.length > 0) {,if (msgArgs.length >= 0) {,563,
com/fasterxml/jackson/databind/DatabindContext.java,446,RelationalOperatorReplacement,if (desc.length() <= MAX_ERROR_STR_LEN) {,if (desc.length() < MAX_ERROR_STR_LEN) {,565,
com/fasterxml/jackson/databind/DeserializationConfig.java,599,RelationalOperatorReplacement,if (features.length > 0 && (features[0] instanceof JsonReadFeature)) {,if (features.length >= 0 && (features[0] instanceof JsonReadFeature)) {,802,
com/fasterxml/jackson/databind/DeserializationConfig.java,644,RelationalOperatorReplacement,if (features.length > 0 && (features[0] instanceof JsonReadFeature)) {,if (features.length >= 0 && (features[0] instanceof JsonReadFeature)) {,807,
com/fasterxml/jackson/databind/DeserializationContext.java,795,RelationalOperatorReplacement,|| buf.initialCapacity() >= _objectBuffer.initialCapacity()) {,|| buf.initialCapacity() > _objectBuffer.initialCapacity()) {,1217,
com/fasterxml/jackson/databind/EnumNamingStrategies.java,93,RelationalOperatorReplacement,for (int i = start; i < length; i++) {,for (int i = start; i <= length; i++) {,1456,
com/fasterxml/jackson/databind/EnumNamingStrategies.java,115,RelationalOperatorReplacement,for (int i = 0; i < length; i++) {,for (int i = 0; i <= length; i++) {,1459,
com/fasterxml/jackson/databind/JavaType.java,434,RelationalOperatorReplacement,public boolean hasGenericTypes() { return containedTypeCount() > 0; },public boolean hasGenericTypes() { return containedTypeCount() >= 0; },1535,
com/fasterxml/jackson/databind/JsonMappingException.java,139,RelationalOperatorReplacement,while (--arrays >= 0) {,while (--arrays > 0) {,1763,
com/fasterxml/jackson/databind/JsonMappingException.java,148,RelationalOperatorReplacement,} else if (_index >= 0) {,} else if (_index > 0) {,1765,
com/fasterxml/jackson/databind/JsonMappingException.java,475,RelationalOperatorReplacement,if (_path.size() < MAX_REFS_TO_LIST) {,if (_path.size() <= MAX_REFS_TO_LIST) {,1771,
com/fasterxml/jackson/databind/JsonNode.java,512,NullifyReturnValue,return null;,return null;,1883,
com/fasterxml/jackson/databind/ObjectMapper.java,4080,NullifyReturnValue,return result;,return null;,2841,
com/fasterxml/jackson/databind/ObjectWriter.java,1166,NullifyReturnValue,return bb.getClearAndRelease();,return null;,4192,
com/fasterxml/jackson/databind/PropertyNamingStrategies.java,140,RelationalOperatorReplacement,for (int i = 0; i < length; ++i) {,for (int i = 0; i <= length; ++i) {,4738,
com/fasterxml/jackson/databind/PropertyNamingStrategies.java,147,RelationalOperatorReplacement,if (upperCount > 1) {,if (upperCount >= 1) {,4740,
com/fasterxml/jackson/databind/PropertyNamingStrategies.java,154,RelationalOperatorReplacement,if ((upperCount == 0) && (i > 0)) {,if ((upperCount == 0) && (i >= 0)) {,4742,
com/fasterxml/jackson/databind/PropertyNamingStrategies.java,238,RelationalOperatorReplacement,for (int i = 0; i < length; i++),for (int i = 0; i <= length; i++),4744,
com/fasterxml/jackson/databind/PropertyNamingStrategies.java,241,RelationalOperatorReplacement,if (i > 0 || c != '_') // skip first starting underscore,if (i >= 0 || c != '_') // skip first starting underscore,4745,
com/fasterxml/jackson/databind/PropertyNamingStrategies.java,245,RelationalOperatorReplacement,if (!wasPrevTranslated && resultLength > 0 && result.charAt(resultLength - 1) != '_'),if (!wasPrevTranslated && resultLength >= 0 && result.charAt(resultLength - 1) != '_'),4747,
com/fasterxml/jackson/databind/PropertyNamingStrategies.java,261,RelationalOperatorReplacement,return resultLength > 0 ? result.toString() : input;,return resultLength >= 0 ? result.toString() : input;,4749,
com/fasterxml/jackson/databind/PropertyNamingStrategy.java,256,RelationalOperatorReplacement,for (int i = 0; i < length; ++i) {,for (int i = 0; i <= length; ++i) {,4858,
com/fasterxml/jackson/databind/PropertyNamingStrategy.java,263,RelationalOperatorReplacement,if (upperCount > 1) {,if (upperCount >= 1) {,4860,
com/fasterxml/jackson/databind/PropertyNamingStrategy.java,270,RelationalOperatorReplacement,if ((upperCount == 0) && (i > 0)) {,if ((upperCount == 0) && (i >= 0)) {,4862,
com/fasterxml/jackson/databind/PropertyNamingStrategy.java,307,RelationalOperatorReplacement,for (int i = 0; i < length; i++),for (int i = 0; i <= length; i++),4864,
com/fasterxml/jackson/databind/PropertyNamingStrategy.java,310,RelationalOperatorReplacement,if (i > 0 || c != '_') // skip first starting underscore,if (i >= 0 || c != '_') // skip first starting underscore,4865,
com/fasterxml/jackson/databind/PropertyNamingStrategy.java,314,RelationalOperatorReplacement,if (!wasPrevTranslated && resultLength > 0 && result.charAt(resultLength - 1) != '_'),if (!wasPrevTranslated && resultLength >= 0 && result.charAt(resultLength - 1) != '_'),4867,
com/fasterxml/jackson/databind/PropertyNamingStrategy.java,330,RelationalOperatorReplacement,return resultLength > 0 ? result.toString() : input;,return resultLength >= 0 ? result.toString() : input;,4869,
com/fasterxml/jackson/databind/SequenceWriter.java,197,RelationalOperatorReplacement,"for (int i = 0, len = value.length; i < len; ++i) {","for (int i = 0, len = value.length; i <= len; ++i) {",4942,
com/fasterxml/jackson/databind/SerializationConfig.java,615,RelationalOperatorReplacement,if (features.length > 0 && (features[0] instanceof JsonWriteFeature)) {,if (features.length >= 0 && (features[0] instanceof JsonWriteFeature)) {,5159,
com/fasterxml/jackson/databind/SerializationConfig.java,659,RelationalOperatorReplacement,if (features.length > 0 && (features[0] instanceof JsonWriteFeature)) {,if (features.length >= 0 && (features[0] instanceof JsonWriteFeature)) {,5164,
com/fasterxml/jackson/databind/cfg/CoercionConfigs.java,79,RelationalOperatorReplacement,for (int i = 0; i < size; ++i) {,for (int i = 0; i <= size; ++i) {,5797,
com/fasterxml/jackson/databind/cfg/DefaultCacheProvider.java,164,RelationalOperatorReplacement,if (maxDeserializerCacheSize < 0) {,if (maxDeserializerCacheSize <= 0) {,6145,
com/fasterxml/jackson/databind/cfg/DefaultCacheProvider.java,183,RelationalOperatorReplacement,if (maxSerializerCacheSize < 0) {,if (maxSerializerCacheSize <= 0) {,6146,
com/fasterxml/jackson/databind/cfg/DefaultCacheProvider.java,201,RelationalOperatorReplacement,if (maxTypeFactoryCacheSize < 0) {,if (maxTypeFactoryCacheSize <= 0) {,6147,
com/fasterxml/jackson/databind/cfg/DeserializerFactoryConfig.java,178,RelationalOperatorReplacement,public boolean hasDeserializers() { return _additionalDeserializers.length > 0; },public boolean hasDeserializers() { return _additionalDeserializers.length >= 0; },6200,
com/fasterxml/jackson/databind/cfg/DeserializerFactoryConfig.java,180,RelationalOperatorReplacement,public boolean hasKeyDeserializers() { return _additionalKeyDeserializers.length > 0; },public boolean hasKeyDeserializers() { return _additionalKeyDeserializers.length >= 0; },6201,
com/fasterxml/jackson/databind/cfg/DeserializerFactoryConfig.java,182,RelationalOperatorReplacement,public boolean hasDeserializerModifiers() { return _modifiers.length > 0; },public boolean hasDeserializerModifiers() { return _modifiers.length >= 0; },6202,
com/fasterxml/jackson/databind/cfg/DeserializerFactoryConfig.java,184,RelationalOperatorReplacement,public boolean hasAbstractTypeResolvers() { return _abstractTypeResolvers.length > 0; },public boolean hasAbstractTypeResolvers() { return _abstractTypeResolvers.length >= 0; },6203,
com/fasterxml/jackson/databind/cfg/DeserializerFactoryConfig.java,186,RelationalOperatorReplacement,public boolean hasValueInstantiators() { return _valueInstantiators.length > 0; },public boolean hasValueInstantiators() { return _valueInstantiators.length >= 0; },6204,
com/fasterxml/jackson/databind/cfg/SerializerFactoryConfig.java,83,RelationalOperatorReplacement,public boolean hasSerializers() { return _additionalSerializers.length > 0; },public boolean hasSerializers() { return _additionalSerializers.length >= 0; },6925,
com/fasterxml/jackson/databind/cfg/SerializerFactoryConfig.java,84,RelationalOperatorReplacement,public boolean hasKeySerializers() { return _additionalKeySerializers.length > 0; },public boolean hasKeySerializers() { return _additionalKeySerializers.length >= 0; },6926,
com/fasterxml/jackson/databind/cfg/SerializerFactoryConfig.java,85,RelationalOperatorReplacement,public boolean hasSerializerModifiers() { return _modifiers.length > 0; },public boolean hasSerializerModifiers() { return _modifiers.length >= 0; },6927,
com/fasterxml/jackson/databind/deser/BasicDeserializerFactory.java,405,RelationalOperatorReplacement,for (int i = 0; i < argCount; ++i) {,for (int i = 0; i <= argCount; ++i) {,7381,
com/fasterxml/jackson/databind/deser/BasicDeserializerFactory.java,485,RelationalOperatorReplacement,for (int i = 0; i < argCount; ++i) {,for (int i = 0; i <= argCount; ++i) {,7387,
com/fasterxml/jackson/databind/deser/BasicDeserializerFactory.java,492,RelationalOperatorReplacement,if (ix < 0) {,if (ix <= 0) {,7389,
com/fasterxml/jackson/databind/deser/BasicDeserializerFactory.java,502,RelationalOperatorReplacement,if (ix < 0) {,if (ix <= 0) {,7390,
com/fasterxml/jackson/databind/deser/BasicDeserializerFactory.java,527,RelationalOperatorReplacement,for (int i = 0; i < paramCount; ++i) {,for (int i = 0; i <= paramCount; ++i) {,7392,
com/fasterxml/jackson/databind/deser/BasicDeserializerFactory.java,533,RelationalOperatorReplacement,if (anySetterIx >= 0) {,if (anySetterIx > 0) {,7393,
com/fasterxml/jackson/databind/deser/BeanDeserializerBase.java,527,RelationalOperatorReplacement,"for (int i = 0, end = creatorProps.length; i < end; ++i) {","for (int i = 0, end = creatorProps.length; i <= end; ++i) {",8329,
com/fasterxml/jackson/databind/deser/BeanDeserializerBase.java,680,RelationalOperatorReplacement,"for (int i = 0, len = creatorProps.length; i < len; ++i) {","for (int i = 0, len = creatorProps.length; i <= len; ++i) {",8345,
com/fasterxml/jackson/databind/deser/BeanDeserializerBuilder.java,187,RelationalOperatorReplacement,"for (int i = 0, len = _propsBasedCreatorParams.length; i < len; ++i) {","for (int i = 0, len = _propsBasedCreatorParams.length; i <= len; ++i) {",8731,
com/fasterxml/jackson/databind/deser/DataFormatReaders.java,125,RelationalOperatorReplacement,for (int i = 0; i < len; ++i) {,for (int i = 0; i <= len; ++i) {,9558,
com/fasterxml/jackson/databind/deser/DataFormatReaders.java,135,RelationalOperatorReplacement,for (int i = 0; i < len; ++i) {,for (int i = 0; i <= len; ++i) {,9559,
com/fasterxml/jackson/databind/deser/DataFormatReaders.java,198,RelationalOperatorReplacement,if (len > 0) {,if (len >= 0) {,9560,
com/fasterxml/jackson/databind/deser/DataFormatReaders.java,200,RelationalOperatorReplacement,for (int i = 1; i < len; ++i) {,for (int i = 1; i <= len; ++i) {,9561,
com/fasterxml/jackson/databind/deser/DataFormatReaders.java,223,RelationalOperatorReplacement,if (strength == null || strength.ordinal() < _minimalMatch.ordinal()) {,if (strength == null || strength.ordinal() <= _minimalMatch.ordinal()) {,9563,
com/fasterxml/jackson/databind/deser/DataFormatReaders.java,228,RelationalOperatorReplacement,if (bestMatchStrength.ordinal() >= strength.ordinal()) {,if (bestMatchStrength.ordinal() > strength.ordinal()) {,9565,
com/fasterxml/jackson/databind/deser/DataFormatReaders.java,235,RelationalOperatorReplacement,if (strength.ordinal() >= _optimalMatch.ordinal()) {,if (strength.ordinal() > _optimalMatch.ordinal()) {,9566,
com/fasterxml/jackson/databind/deser/DeserializerCache.java,276,RelationalOperatorReplacement,if (count > 0) {,if (count >= 0) {,9909,
com/fasterxml/jackson/databind/deser/DeserializerCache.java,287,RelationalOperatorReplacement,if (count == 0 && _incompleteDeserializers.size() > 0) {,if (count == 0 && _incompleteDeserializers.size() >= 0) {,9912,
com/fasterxml/jackson/databind/deser/impl/BeanAsArrayBuilderDeserializer.java,281,RelationalOperatorReplacement,SettableBeanProperty prop = (i < propCount) ? props[i] : null;,SettableBeanProperty prop = (i <= propCount) ? props[i] : null;,10786,
com/fasterxml/jackson/databind/deser/impl/BeanAsArrayDeserializer.java,297,RelationalOperatorReplacement,SettableBeanProperty prop = (i < propCount) ? props[i] : null;,SettableBeanProperty prop = (i <= propCount) ? props[i] : null;,10890,
com/fasterxml/jackson/databind/deser/impl/BeanPropertyMap.java,174,RelationalOperatorReplacement,if (ix >= _hashArea.length) {,if (ix > _hashArea.length) {,11086,
com/fasterxml/jackson/databind/deser/impl/BeanPropertyMap.java,243,RelationalOperatorReplacement,if (ix >= hashed.length) {,if (ix > hashed.length) {,11091,
com/fasterxml/jackson/databind/deser/impl/BeanPropertyMap.java,259,RelationalOperatorReplacement,if (size <= 5) {,if (size < 5) {,11092,
com/fasterxml/jackson/databind/deser/impl/BeanPropertyMap.java,262,RelationalOperatorReplacement,if (size <= 12) {,if (size < 12) {,11093,
com/fasterxml/jackson/databind/deser/impl/BeanPropertyMap.java,267,RelationalOperatorReplacement,while (result < needed) {,while (result <= needed) {,11094,
com/fasterxml/jackson/databind/deser/impl/BeanPropertyMap.java,319,RelationalOperatorReplacement,"for (int i = 1, end = _hashArea.length; i < end; i += 2) {","for (int i = 1, end = _hashArea.length; i <= end; i += 2) {",11095,
com/fasterxml/jackson/databind/deser/impl/BeanPropertyMap.java,335,RelationalOperatorReplacement,"for (int i = 1, end = _hashArea.length; i < end; i += 2) {","for (int i = 1, end = _hashArea.length; i <= end; i += 2) {",11097,
com/fasterxml/jackson/databind/deser/impl/BeanPropertyMap.java,357,RelationalOperatorReplacement,for (int i = 0; i < len; ++i) {,for (int i = 0; i <= len; ++i) {,11101,
com/fasterxml/jackson/databind/deser/impl/BeanPropertyMap.java,406,RelationalOperatorReplacement,for (int i = 0; i < len; ++i) {,for (int i = 0; i <= len; ++i) {,11105,
com/fasterxml/jackson/databind/deser/impl/BeanPropertyMap.java,434,RelationalOperatorReplacement,if (i >= end) {,if (i > end) {,11107,
com/fasterxml/jackson/databind/deser/impl/BeanPropertyMap.java,455,RelationalOperatorReplacement,"for (int i = 1, end = _hashArea.length; i < end; i += 2) {","for (int i = 1, end = _hashArea.length; i <= end; i += 2) {",11109,
com/fasterxml/jackson/databind/deser/impl/BeanPropertyMap.java,510,RelationalOperatorReplacement,"for (int i = 1, end = _hashArea.length; i < end; i += 2) {","for (int i = 1, end = _hashArea.length; i <= end; i += 2) {",11111,
com/fasterxml/jackson/databind/deser/impl/BeanPropertyMap.java,550,RelationalOperatorReplacement,"for (int i = 1, end = _hashArea.length; i < end; i += 2) {","for (int i = 1, end = _hashArea.length; i <= end; i += 2) {",11113,
com/fasterxml/jackson/databind/deser/impl/BeanPropertyMap.java,596,RelationalOperatorReplacement,for (int end = i + _spillCount; i < end; i += 2) {,for (int end = i + _spillCount; i <= end; i += 2) {,11120,
com/fasterxml/jackson/databind/deser/impl/BeanPropertyMap.java,637,RelationalOperatorReplacement,for (int end = i + _spillCount; i < end; i += 2) {,for (int end = i + _spillCount; i <= end; i += 2) {,11125,
com/fasterxml/jackson/databind/deser/impl/BeanPropertyMap.java,693,RelationalOperatorReplacement,if (count++ > 0) {,if (count++ >= 0) {,11128,
com/fasterxml/jackson/databind/deser/impl/BeanPropertyMap.java,793,RelationalOperatorReplacement,"for (int i = 0, end = _propsInOrder.length; i < end; ++i) {","for (int i = 0, end = _propsInOrder.length; i <= end; ++i) {",11134,
com/fasterxml/jackson/databind/deser/impl/CreatorCandidate.java,30,RelationalOperatorReplacement,for (int i = 0; i < pcount; ++i) {,for (int i = 0; i <= pcount; ++i) {,11252,
com/fasterxml/jackson/databind/deser/impl/CreatorCandidate.java,75,RelationalOperatorReplacement,for (int i = 0; i < _paramCount; ++i) {,for (int i = 0; i <= _paramCount; ++i) {,11257,
com/fasterxml/jackson/databind/deser/impl/CreatorCandidate.java,77,RelationalOperatorReplacement,if (missing >= 0) {,if (missing > 0) {,11259,
com/fasterxml/jackson/databind/deser/impl/CreatorCollector.java,179,RelationalOperatorReplacement,if (properties.length > 1) {,if (properties.length >= 1) {,11328,
com/fasterxml/jackson/databind/deser/impl/CreatorCollector.java,181,RelationalOperatorReplacement,"for (int i = 0, len = properties.length; i < len; ++i) {","for (int i = 0, len = properties.length; i <= len; ++i) {",11329,
com/fasterxml/jackson/databind/deser/impl/CreatorCollector.java,244,RelationalOperatorReplacement,"for (int i = 0, len = delegateArgs.length; i < len; ++i) {","for (int i = 0, len = delegateArgs.length; i <= len; ++i) {",11337,
com/fasterxml/jackson/databind/deser/impl/ExternalTypeHandler.java,204,RelationalOperatorReplacement,"for (int i = 0, len = _properties.length; i < len; ++i) {","for (int i = 0, len = _properties.length; i <= len; ++i) {",11467,
com/fasterxml/jackson/databind/deser/impl/ExternalTypeHandler.java,267,RelationalOperatorReplacement,for (int i = 0; i < len; ++i) {,for (int i = 0; i <= len; ++i) {,11473,
com/fasterxml/jackson/databind/deser/impl/ExternalTypeHandler.java,307,RelationalOperatorReplacement,if (prop.getCreatorIndex() >= 0) {,if (prop.getCreatorIndex() > 0) {,11478,
com/fasterxml/jackson/databind/deser/impl/ExternalTypeHandler.java,313,RelationalOperatorReplacement,if ((typeProp != null) && (typeProp.getCreatorIndex() >= 0)) {,if ((typeProp != null) && (typeProp.getCreatorIndex() > 0)) {,11480,
com/fasterxml/jackson/databind/deser/impl/ExternalTypeHandler.java,331,RelationalOperatorReplacement,for (int i = 0; i < len; ++i) {,for (int i = 0; i <= len; ++i) {,11481,
com/fasterxml/jackson/databind/deser/impl/ExternalTypeHandler.java,333,RelationalOperatorReplacement,if (prop.getCreatorIndex() < 0) {,if (prop.getCreatorIndex() <= 0) {,11482,
com/fasterxml/jackson/databind/deser/impl/ExternalTypeHandler.java,460,RelationalOperatorReplacement,for (int i = 0; i < len; ++i) {,for (int i = 0; i <= len; ++i) {,11487,
com/fasterxml/jackson/databind/deser/impl/PropertyBasedCreator.java,86,RelationalOperatorReplacement,for (int i = 0; i < len; ++i) {,for (int i = 0; i <= len; ++i) {,12178,
com/fasterxml/jackson/databind/deser/impl/PropertyBasedCreator.java,109,RelationalOperatorReplacement,for (int i = 0; i < len; ++i) {,for (int i = 0; i <= len; ++i) {,12179,
com/fasterxml/jackson/databind/deser/impl/PropertyBasedCreator.java,142,RelationalOperatorReplacement,for (int i = 0; i < len; ++i) {,for (int i = 0; i <= len; ++i) {,12180,
com/fasterxml/jackson/databind/deser/impl/PropertyValueBuffer.java,110,RelationalOperatorReplacement,if (paramCount < 32) {,if (paramCount <= 32) {,12279,
com/fasterxml/jackson/databind/deser/impl/PropertyValueBuffer.java,116,RelationalOperatorReplacement,if ((anyParamSetter == null) || (anyParamSetter.getParameterIndex() < 0)) {,if ((anyParamSetter == null) || (anyParamSetter.getParameterIndex() <= 0)) {,12281,
com/fasterxml/jackson/databind/deser/impl/PropertyValueBuffer.java,201,RelationalOperatorReplacement,if (_paramsNeeded > 0) {,if (_paramsNeeded >= 0) {,12290,
com/fasterxml/jackson/databind/deser/impl/PropertyValueBuffer.java,206,RelationalOperatorReplacement,"for (int ix = 0, len = _creatorParameters.length; ix < len; ++ix, mask >>= 1) {","for (int ix = 0, len = _creatorParameters.length; ix <= len; ++ix, mask >>= 1) {",12292,
com/fasterxml/jackson/databind/deser/impl/PropertyValueBuffer.java,213,RelationalOperatorReplacement,for (int ix = 0; (ix = _paramsSeenBig.nextClearBit(ix)) < len; ++ix) {,for (int ix = 0; (ix = _paramsSeenBig.nextClearBit(ix)) <= len; ++ix) {,12294,
com/fasterxml/jackson/databind/deser/impl/PropertyValueBuffer.java,223,RelationalOperatorReplacement,for (int ix = 0; ix < props.length; ++ix) {,for (int ix = 0; ix <= props.length; ++ix) {,12296,
com/fasterxml/jackson/databind/deser/impl/PropertyValueBuffer.java,351,RelationalOperatorReplacement,public boolean isComplete() { return _paramsNeeded <= 0; },public boolean isComplete() { return _paramsNeeded < 0; },12309,
com/fasterxml/jackson/databind/deser/impl/PropertyValueBuffer.java,370,RelationalOperatorReplacement,if (--_paramsNeeded <= 0) {,if (--_paramsNeeded < 0) {,12312,
com/fasterxml/jackson/databind/deser/impl/PropertyValueBuffer.java,378,RelationalOperatorReplacement,if (--_paramsNeeded <= 0) {,if (--_paramsNeeded < 0) {,12315,
com/fasterxml/jackson/databind/deser/impl/UnwrappedPropertyHandler.java,59,RelationalOperatorReplacement,"for (int i = 0, len = _properties.size(); i < len; ++i) {","for (int i = 0, len = _properties.size(); i <= len; ++i) {",12497,
com/fasterxml/jackson/databind/deser/std/EnumDeserializer.java,348,RelationalOperatorReplacement,if (index >= 0 && index < _enumsByIndex.length) {,if (index > 0 && index < _enumsByIndex.length) {,13114,
com/fasterxml/jackson/databind/deser/std/EnumDeserializer.java,348,RelationalOperatorReplacement,if (index >= 0 && index < _enumsByIndex.length) {,if (index >= 0 && index <= _enumsByIndex.length) {,13115,
com/fasterxml/jackson/databind/deser/std/EnumDeserializer.java,417,RelationalOperatorReplacement,if (c >= '0' && c <= '9') {,if (c > '0' && c <= '9') {,13117,
com/fasterxml/jackson/databind/deser/std/EnumDeserializer.java,417,RelationalOperatorReplacement,if (c >= '0' && c <= '9') {,if (c >= '0' && c < '9') {,13118,
com/fasterxml/jackson/databind/deser/std/EnumDeserializer.java,421,RelationalOperatorReplacement,if (c == '0' && name.length() > 1) {,if (c == '0' && name.length() >= 1) {,13120,
com/fasterxml/jackson/databind/deser/std/EnumDeserializer.java,431,RelationalOperatorReplacement,if (index >= 0 && index < _enumsByIndex.length) {,if (index > 0 && index < _enumsByIndex.length) {,13121,
com/fasterxml/jackson/databind/deser/std/EnumDeserializer.java,431,RelationalOperatorReplacement,if (index >= 0 && index < _enumsByIndex.length) {,if (index >= 0 && index <= _enumsByIndex.length) {,13122,
com/fasterxml/jackson/databind/deser/std/FromStringDeserializer.java,367,RelationalOperatorReplacement,int port = j > -1 ? Integer.parseInt(value.substring(j + 1)) : 0;,int port = j >= -1 ? Integer.parseInt(value.substring(j + 1)) : 0;,13620,
com/fasterxml/jackson/databind/deser/std/FromStringDeserializer.java,371,RelationalOperatorReplacement,"if (ix >= 0 && value.indexOf(':', ix + 1) < 0) {","if (ix > 0 && value.indexOf(':', ix + 1) < 0) {",13621,
com/fasterxml/jackson/databind/deser/std/FromStringDeserializer.java,371,RelationalOperatorReplacement,"if (ix >= 0 && value.indexOf(':', ix + 1) < 0) {","if (ix >= 0 && value.indexOf(':', ix + 1) <= 0) {",13622,
com/fasterxml/jackson/databind/deser/std/FromStringDeserializer.java,415,RelationalOperatorReplacement,"for (int i = 0, end = str.length(); i < end; ++i) {","for (int i = 0, end = str.length(); i <= end; ++i) {",13624,
com/fasterxml/jackson/databind/deser/std/FromStringDeserializer.java,428,RelationalOperatorReplacement,if (ix < 0) { // single argument,if (ix <= 0) { // single argument,13627,
com/fasterxml/jackson/databind/deser/std/FromStringDeserializer.java,434,RelationalOperatorReplacement,if (ix < 0) { // two pieces,if (ix <= 0) { // two pieces,13628,
com/fasterxml/jackson/databind/deser/std/FromStringDeserializer.java,440,RelationalOperatorReplacement,if (extMarkerIx < 0) {,if (extMarkerIx <= 0) {,13629,
com/fasterxml/jackson/databind/deser/std/FromStringDeserializer.java,454,RelationalOperatorReplacement,if (extMarkerIx > 0 && extMarkerIx > ix) {,if (extMarkerIx >= 0 && extMarkerIx > ix) {,13630,
com/fasterxml/jackson/databind/deser/std/FromStringDeserializer.java,454,RelationalOperatorReplacement,if (extMarkerIx > 0 && extMarkerIx > ix) {,if (extMarkerIx > 0 && extMarkerIx >= ix) {,13631,
com/fasterxml/jackson/databind/deser/std/FromStringDeserializer.java,460,RelationalOperatorReplacement,if (underscoreIx < 0) {,if (underscoreIx <= 0) {,13632,
com/fasterxml/jackson/databind/deser/std/FromStringDeserializer.java,462,RelationalOperatorReplacement,if (hyphenIx < 0) {,if (hyphenIx <= 0) {,13633,
com/fasterxml/jackson/databind/deser/std/FromStringDeserializer.java,479,RelationalOperatorReplacement,if ((underscoreIx + 1) < len) {,if ((underscoreIx + 1) <= len) {,13634,
com/fasterxml/jackson/databind/deser/std/JsonNodeDeserializer.java,880,RelationalOperatorReplacement,if (_top < _end) {,if (_top <= _end) {,13913,
com/fasterxml/jackson/databind/deser/std/NumberDeserializers.java,467,RelationalOperatorReplacement,if (value >= 0 && value <= 0xFFFF) {,if (value > 0 && value <= 0xFFFF) {,14597,
com/fasterxml/jackson/databind/deser/std/NumberDeserializers.java,467,RelationalOperatorReplacement,if (value >= 0 && value <= 0xFFFF) {,if (value >= 0 && value < 0xFFFF) {,14598,
com/fasterxml/jackson/databind/deser/std/NumberDeserializers.java,860,RelationalOperatorReplacement,if (value <= Integer.MAX_VALUE && value >= Integer.MIN_VALUE) {,if (value < Integer.MAX_VALUE && value >= Integer.MIN_VALUE) {,14614,
com/fasterxml/jackson/databind/deser/std/NumberDeserializers.java,860,RelationalOperatorReplacement,if (value <= Integer.MAX_VALUE && value >= Integer.MIN_VALUE) {,if (value <= Integer.MAX_VALUE && value > Integer.MIN_VALUE) {,14615,
com/fasterxml/jackson/databind/deser/std/ObjectArrayDeserializer.java,222,RelationalOperatorReplacement,if (ix >= chunk.length) {,if (ix > chunk.length) {,14730,
com/fasterxml/jackson/databind/deser/std/ObjectArrayDeserializer.java,289,RelationalOperatorReplacement,if (ix >= chunk.length) {,if (ix > chunk.length) {,14735,
com/fasterxml/jackson/databind/deser/std/ObjectArrayDeserializer.java,323,RelationalOperatorReplacement,"for (int i = 0, len = b.length; i < len; ++i) {","for (int i = 0, len = b.length; i <= len; ++i) {",14736,
com/fasterxml/jackson/databind/deser/std/PrimitiveArrayDeserializers.java,261,NullifyReturnValue,return new char[0];,return null;,14900,
com/fasterxml/jackson/databind/deser/std/PrimitiveArrayDeserializers.java,279,NullifyReturnValue,return result;,return null;,14901,
com/fasterxml/jackson/databind/deser/std/PrimitiveArrayDeserializers.java,306,NullifyReturnValue,return sb.toString().toCharArray();,return null;,14902,
com/fasterxml/jackson/databind/deser/std/PrimitiveArrayDeserializers.java,311,NullifyReturnValue,if (ob == null) return null;,if (ob == null) return null;,14903,
com/fasterxml/jackson/databind/deser/std/PrimitiveArrayDeserializers.java,313,NullifyReturnValue,return (char[]) ob;,return null;,14904,
com/fasterxml/jackson/databind/deser/std/PrimitiveArrayDeserializers.java,316,NullifyReturnValue,return ((String) ob).toCharArray();,return null;,14905,
com/fasterxml/jackson/databind/deser/std/PrimitiveArrayDeserializers.java,320,NullifyReturnValue,"return Base64Variants.getDefaultVariant().encode((byte[]) ob, false).toCharArray();",return null;,14906,
com/fasterxml/jackson/databind/deser/std/PrimitiveArrayDeserializers.java,324,NullifyReturnValue,"return (char[]) ctxt.handleUnexpectedToken(_valueClass, p);",return null;,14907,
com/fasterxml/jackson/databind/deser/std/PrimitiveArrayDeserializers.java,331,NullifyReturnValue,"return (char[]) ctxt.handleUnexpectedToken(_valueClass, p);",return null;,14908,
com/fasterxml/jackson/databind/deser/std/PrimitiveArrayDeserializers.java,340,NullifyReturnValue,return result;,return null;,14909,
com/fasterxml/jackson/databind/deser/std/PrimitiveArrayDeserializers.java,369,NullifyReturnValue,return new boolean[0];,return null;,14911,
com/fasterxml/jackson/databind/deser/std/PrimitiveArrayDeserializers.java,377,NullifyReturnValue,"return handleNonArray(p, ctxt);",return null;,14912,
com/fasterxml/jackson/databind/deser/std/PrimitiveArrayDeserializers.java,410,NullifyReturnValue,"return builder.completeAndClearBuffer(chunk, ix);",return null;,14913,
com/fasterxml/jackson/databind/deser/std/PrimitiveArrayDeserializers.java,416,NullifyReturnValue,"return new boolean[] { _parseBooleanPrimitive(p, ctxt) };",return null;,14914,
com/fasterxml/jackson/databind/deser/std/PrimitiveArrayDeserializers.java,425,NullifyReturnValue,return result;,return null;,14915,
com/fasterxml/jackson/databind/deser/std/PrimitiveArrayDeserializers.java,452,NullifyReturnValue,return new byte[0];,return null;,14917,
com/fasterxml/jackson/databind/deser/std/PrimitiveArrayDeserializers.java,470,NullifyReturnValue,return p.getBinaryValue(ctxt.getBase64Variant());,return null;,14919,
com/fasterxml/jackson/databind/deser/std/PrimitiveArrayDeserializers.java,478,NullifyReturnValue,"return (byte[]) ctxt.handleWeirdStringValue(byte[].class,",return null;,14920,
com/fasterxml/jackson/databind/deser/std/PrimitiveArrayDeserializers.java,486,NullifyReturnValue,if (ob == null) return null;,if (ob == null) return null;,14921,
com/fasterxml/jackson/databind/deser/std/PrimitiveArrayDeserializers.java,488,NullifyReturnValue,return (byte[]) ob;,return null;,14922,
com/fasterxml/jackson/databind/deser/std/PrimitiveArrayDeserializers.java,492,NullifyReturnValue,"return handleNonArray(p, ctxt);",return null;,14923,
com/fasterxml/jackson/databind/deser/std/PrimitiveArrayDeserializers.java,526,NullifyReturnValue,"return builder.completeAndClearBuffer(chunk, ix);",return null;,14924,
com/fasterxml/jackson/databind/deser/std/PrimitiveArrayDeserializers.java,542,NullifyReturnValue,return (byte[]) getEmptyValue(ctxt);,return null;,14925,
com/fasterxml/jackson/databind/deser/std/PrimitiveArrayDeserializers.java,545,NullifyReturnValue,return null;,return null;,14926,
com/fasterxml/jackson/databind/deser/std/PrimitiveArrayDeserializers.java,550,NullifyReturnValue,return new byte[] { value };,return null;,14927,
com/fasterxml/jackson/databind/deser/std/PrimitiveArrayDeserializers.java,559,NullifyReturnValue,return result;,return null;,14928,
com/fasterxml/jackson/databind/deser/std/PrimitiveArrayDeserializers.java,582,NullifyReturnValue,return new short[0];,return null;,14930,
com/fasterxml/jackson/databind/deser/std/PrimitiveArrayDeserializers.java,589,NullifyReturnValue,"return handleNonArray(p, ctxt);",return null;,14931,
com/fasterxml/jackson/databind/deser/std/PrimitiveArrayDeserializers.java,618,NullifyReturnValue,"return builder.completeAndClearBuffer(chunk, ix);",return null;,14932,
com/fasterxml/jackson/databind/deser/std/PrimitiveArrayDeserializers.java,624,NullifyReturnValue,"return new short[] { _parseShortPrimitive(p, ctxt) };",return null;,14933,
com/fasterxml/jackson/databind/deser/std/PrimitiveArrayDeserializers.java,633,NullifyReturnValue,return result;,return null;,14934,
com/fasterxml/jackson/databind/deser/std/PrimitiveArrayDeserializers.java,658,NullifyReturnValue,return new int[0];,return null;,14936,
com/fasterxml/jackson/databind/deser/std/PrimitiveArrayDeserializers.java,665,NullifyReturnValue,"return handleNonArray(p, ctxt);",return null;,14937,
com/fasterxml/jackson/databind/deser/std/PrimitiveArrayDeserializers.java,696,NullifyReturnValue,"return builder.completeAndClearBuffer(chunk, ix);",return null;,14938,
com/fasterxml/jackson/databind/deser/std/PrimitiveArrayDeserializers.java,702,NullifyReturnValue,"return new int[] { _parseIntPrimitive(p, ctxt) };",return null;,14939,
com/fasterxml/jackson/databind/deser/std/PrimitiveArrayDeserializers.java,711,NullifyReturnValue,return result;,return null;,14940,
com/fasterxml/jackson/databind/deser/std/PrimitiveArrayDeserializers.java,736,NullifyReturnValue,return new long[0];,return null;,14942,
com/fasterxml/jackson/databind/deser/std/PrimitiveArrayDeserializers.java,743,NullifyReturnValue,"return handleNonArray(p, ctxt);",return null;,14943,
com/fasterxml/jackson/databind/deser/std/PrimitiveArrayDeserializers.java,774,NullifyReturnValue,"return builder.completeAndClearBuffer(chunk, ix);",return null;,14944,
com/fasterxml/jackson/databind/deser/std/PrimitiveArrayDeserializers.java,780,NullifyReturnValue,"return new long[] { _parseLongPrimitive(p, ctxt) };",return null;,14945,
com/fasterxml/jackson/databind/deser/std/PrimitiveArrayDeserializers.java,789,NullifyReturnValue,return result;,return null;,14946,
com/fasterxml/jackson/databind/deser/std/PrimitiveArrayDeserializers.java,812,NullifyReturnValue,return new float[0];,return null;,14948,
com/fasterxml/jackson/databind/deser/std/PrimitiveArrayDeserializers.java,819,NullifyReturnValue,"return handleNonArray(p, ctxt);",return null;,14949,
com/fasterxml/jackson/databind/deser/std/PrimitiveArrayDeserializers.java,845,NullifyReturnValue,"return builder.completeAndClearBuffer(chunk, ix);",return null;,14950,
com/fasterxml/jackson/databind/deser/std/PrimitiveArrayDeserializers.java,851,NullifyReturnValue,"return new float[] { _parseFloatPrimitive(p, ctxt) };",return null;,14951,
com/fasterxml/jackson/databind/deser/std/PrimitiveArrayDeserializers.java,860,NullifyReturnValue,return result;,return null;,14952,
com/fasterxml/jackson/databind/deser/std/PrimitiveArrayDeserializers.java,883,NullifyReturnValue,return new double[0];,return null;,14954,
com/fasterxml/jackson/databind/deser/std/PrimitiveArrayDeserializers.java,890,NullifyReturnValue,"return handleNonArray(p, ctxt);",return null;,14955,
com/fasterxml/jackson/databind/deser/std/PrimitiveArrayDeserializers.java,915,NullifyReturnValue,"return builder.completeAndClearBuffer(chunk, ix);",return null;,14956,
com/fasterxml/jackson/databind/deser/std/PrimitiveArrayDeserializers.java,921,NullifyReturnValue,"return new double[] { _parseDoublePrimitive(p, ctxt) };",return null;,14957,
com/fasterxml/jackson/databind/deser/std/PrimitiveArrayDeserializers.java,930,NullifyReturnValue,return result;,return null;,14958,
com/fasterxml/jackson/databind/deser/std/PrimitiveArrayDeserializers.java,401,RelationalOperatorReplacement,if (ix >= chunk.length) {,if (ix > chunk.length) {,14987,
com/fasterxml/jackson/databind/deser/std/PrimitiveArrayDeserializers.java,517,RelationalOperatorReplacement,if (ix >= chunk.length) {,if (ix > chunk.length) {,14995,
com/fasterxml/jackson/databind/deser/std/PrimitiveArrayDeserializers.java,609,RelationalOperatorReplacement,if (ix >= chunk.length) {,if (ix > chunk.length) {,15002,
com/fasterxml/jackson/databind/deser/std/PrimitiveArrayDeserializers.java,687,RelationalOperatorReplacement,if (ix >= chunk.length) {,if (ix > chunk.length) {,15007,
com/fasterxml/jackson/databind/deser/std/PrimitiveArrayDeserializers.java,765,RelationalOperatorReplacement,if (ix >= chunk.length) {,if (ix > chunk.length) {,15012,
com/fasterxml/jackson/databind/deser/std/PrimitiveArrayDeserializers.java,836,RelationalOperatorReplacement,if (ix >= chunk.length) {,if (ix > chunk.length) {,15016,
com/fasterxml/jackson/databind/deser/std/PrimitiveArrayDeserializers.java,906,RelationalOperatorReplacement,if (ix >= chunk.length) {,if (ix > chunk.length) {,15020,
com/fasterxml/jackson/databind/deser/std/StdDeserializer.java,762,RelationalOperatorReplacement,if (text.length() > 9) {,if (text.length() >= 9) {,15724,
com/fasterxml/jackson/databind/deser/std/StdDeserializer.java,836,RelationalOperatorReplacement,if (text.length() > 9) {,if (text.length() >= 9) {,15729,
com/fasterxml/jackson/databind/deser/std/StdDeserializer.java,1501,RelationalOperatorReplacement,for (int i = 0; i < len; ++i) {,for (int i = 0; i <= len; ++i) {,15758,
com/fasterxml/jackson/databind/deser/std/StdDeserializer.java,1502,RelationalOperatorReplacement,if (text.charAt(i) > 0x0020) {,if (text.charAt(i) >= 0x0020) {,15759,
com/fasterxml/jackson/databind/deser/std/StdDeserializer.java,1971,RelationalOperatorReplacement,if (len > 0) {,if (len >= 0) {,15768,
com/fasterxml/jackson/databind/deser/std/StdDeserializer.java,1985,RelationalOperatorReplacement,for (; i < len; ++i) {,for (; i <= len; ++i) {,15772,
com/fasterxml/jackson/databind/deser/std/StdDeserializer.java,1987,RelationalOperatorReplacement,if (ch > '9' || ch < '0') {,if (ch >= '9' || ch < '0') {,15773,
com/fasterxml/jackson/databind/deser/std/StdDeserializer.java,1987,RelationalOperatorReplacement,if (ch > '9' || ch < '0') {,if (ch > '9' || ch <= '0') {,15774,
com/fasterxml/jackson/databind/deser/std/StdDeserializer.java,2302,RelationalOperatorReplacement,return (value < Byte.MIN_VALUE || value > 255);,return (value <= Byte.MIN_VALUE || value > 255);,15799,
com/fasterxml/jackson/databind/deser/std/StdDeserializer.java,2302,RelationalOperatorReplacement,return (value < Byte.MIN_VALUE || value > 255);,return (value < Byte.MIN_VALUE || value >= 255);,15800,
com/fasterxml/jackson/databind/deser/std/StdDeserializer.java,2309,RelationalOperatorReplacement,return (value < Short.MIN_VALUE || value > Short.MAX_VALUE);,return (value <= Short.MIN_VALUE || value > Short.MAX_VALUE);,15801,
com/fasterxml/jackson/databind/deser/std/StdDeserializer.java,2309,RelationalOperatorReplacement,return (value < Short.MIN_VALUE || value > Short.MAX_VALUE);,return (value < Short.MIN_VALUE || value >= Short.MAX_VALUE);,15802,
com/fasterxml/jackson/databind/deser/std/StdDeserializer.java,2316,RelationalOperatorReplacement,return (value < Integer.MIN_VALUE || value > Integer.MAX_VALUE);,return (value <= Integer.MIN_VALUE || value > Integer.MAX_VALUE);,15803,
com/fasterxml/jackson/databind/deser/std/StdDeserializer.java,2316,RelationalOperatorReplacement,return (value < Integer.MIN_VALUE || value > Integer.MAX_VALUE);,return (value < Integer.MIN_VALUE || value >= Integer.MAX_VALUE);,15804,
com/fasterxml/jackson/databind/deser/std/StdKeyDeserializer.java,167,RelationalOperatorReplacement,if (value < Byte.MIN_VALUE || value > 255) {,if (value <= Byte.MIN_VALUE || value > 255) {,16098,
com/fasterxml/jackson/databind/deser/std/StdKeyDeserializer.java,167,RelationalOperatorReplacement,if (value < Byte.MIN_VALUE || value > 255) {,if (value < Byte.MIN_VALUE || value >= 255) {,16099,
com/fasterxml/jackson/databind/deser/std/StdKeyDeserializer.java,175,RelationalOperatorReplacement,if (value < Short.MIN_VALUE || value > Short.MAX_VALUE) {,if (value <= Short.MIN_VALUE || value > Short.MAX_VALUE) {,16100,
com/fasterxml/jackson/databind/deser/std/StdKeyDeserializer.java,175,RelationalOperatorReplacement,if (value < Short.MIN_VALUE || value > Short.MAX_VALUE) {,if (value < Short.MIN_VALUE || value >= Short.MAX_VALUE) {,16101,
com/fasterxml/jackson/databind/deser/std/StdValueInstantiator.java,671,RelationalOperatorReplacement,for (int i = 0; i < len; ++i) {,for (int i = 0; i <= len; ++i) {,16440,
com/fasterxml/jackson/databind/deser/std/StringArrayDeserializer.java,171,RelationalOperatorReplacement,if (ix >= chunk.length) {,if (ix > chunk.length) {,16607,
com/fasterxml/jackson/databind/deser/std/StringArrayDeserializer.java,230,RelationalOperatorReplacement,if (ix >= chunk.length) {,if (ix > chunk.length) {,16612,
com/fasterxml/jackson/databind/deser/std/StringArrayDeserializer.java,292,RelationalOperatorReplacement,if (ix >= chunk.length) {,if (ix > chunk.length) {,16618,
com/fasterxml/jackson/databind/deser/std/ThrowableDeserializer.java,198,RelationalOperatorReplacement,"for (int i = 0, len = pendingIx; i < len; i += 2) {","for (int i = 0, len = pendingIx; i <= len; i += 2) {",16807,
com/fasterxml/jackson/databind/deser/std/UUIDDeserializer.java,20,RelationalOperatorReplacement,for (int i = 0; i < 10; ++i) { HEX_DIGITS['0' + i] = i; },for (int i = 0; i <= 10; ++i) { HEX_DIGITS['0' + i] = i; },16907,
com/fasterxml/jackson/databind/deser/std/UUIDDeserializer.java,21,RelationalOperatorReplacement,for (int i = 0; i < 6; ++i) {,for (int i = 0; i <= 6; ++i) {,16908,
com/fasterxml/jackson/databind/deser/std/UUIDDeserializer.java,112,RelationalOperatorReplacement,if (c1 <= 127 && c2 <= 127) {,if (c1 < 127 && c2 <= 127) {,16916,
com/fasterxml/jackson/databind/deser/std/UUIDDeserializer.java,112,RelationalOperatorReplacement,if (c1 <= 127 && c2 <= 127) {,if (c1 <= 127 && c2 < 127) {,16917,
com/fasterxml/jackson/databind/deser/std/UUIDDeserializer.java,114,RelationalOperatorReplacement,if (hex >= 0) {,if (hex > 0) {,16918,
com/fasterxml/jackson/databind/deser/std/UUIDDeserializer.java,118,RelationalOperatorReplacement,if (c1 > 127 || HEX_DIGITS[c1] < 0) {,if (c1 >= 127 || HEX_DIGITS[c1] < 0) {,16919,
com/fasterxml/jackson/databind/deser/std/UUIDDeserializer.java,118,RelationalOperatorReplacement,if (c1 > 127 || HEX_DIGITS[c1] < 0) {,if (c1 > 127 || HEX_DIGITS[c1] <= 0) {,16920,
com/fasterxml/jackson/databind/deser/std/UntypedObjectDeserializer.java,454,RelationalOperatorReplacement,if (ptr >= values.length) {,if (ptr > values.length) {,17212,
com/fasterxml/jackson/databind/deser/std/UntypedObjectDeserializer.java,598,RelationalOperatorReplacement,if (ptr >= values.length) {,if (ptr > values.length) {,17228,
com/fasterxml/jackson/databind/deser/std/UntypedObjectDeserializer.java,899,RelationalOperatorReplacement,if (ptr >= values.length) {,if (ptr > values.length) {,17248,
com/fasterxml/jackson/databind/deser/std/UntypedObjectDeserializer.java,918,RelationalOperatorReplacement,if (ptr >= values.length) {,if (ptr > values.length) {,17250,
com/fasterxml/jackson/databind/exc/PropertyBindingException.java,102,RelationalOperatorReplacement,if (sb.length() > MAX_DESC_LENGTH) {,if (sb.length() >= MAX_DESC_LENGTH) {,17643,
com/fasterxml/jackson/databind/ext/Java7SupportImpl.java,56,RelationalOperatorReplacement,if (ix < names.length) {,if (ix <= names.length) {,17834,
com/fasterxml/jackson/databind/ext/NioPathDeserializer.java,33,RelationalOperatorReplacement,if (path.length() >= 2 && isLetter(path.charAt(0)) && path.charAt(1) == ':') {,if (path.length() > 2 && isLetter(path.charAt(0)) && path.charAt(1) == ':') {,17859,
com/fasterxml/jackson/databind/ext/NioPathDeserializer.java,53,RelationalOperatorReplacement,if (value.indexOf(':') < 0) {,if (value.indexOf(':') <= 0) {,17861,
com/fasterxml/jackson/databind/ext/NioPathDeserializer.java,58,RelationalOperatorReplacement,if (value.length() >= 2 && isLetter(value.charAt(0)) && value.charAt(1) == ':') {,if (value.length() > 2 && isLetter(value.charAt(0)) && value.charAt(1) == ':') {,17862,
com/fasterxml/jackson/databind/introspect/AnnotatedClass.java,299,RelationalOperatorReplacement,return _classAnnotations.size() > 0;,return _classAnnotations.size() >= 0;,18045,
com/fasterxml/jackson/databind/introspect/AnnotatedClassResolver.java,203,RelationalOperatorReplacement,"for (int i = 0, end = found.size(); i < end; ++i) {","for (int i = 0, end = found.size(); i <= end; ++i) {",18193,
com/fasterxml/jackson/databind/introspect/AnnotatedConstructor.java,95,RelationalOperatorReplacement,return (index >= types.length) ? null : types[index];,return (index > types.length) ? null : types[index];,18265,
com/fasterxml/jackson/databind/introspect/AnnotatedConstructor.java,101,RelationalOperatorReplacement,if (index >= types.length) {,if (index > types.length) {,18266,
com/fasterxml/jackson/databind/introspect/AnnotatedConstructor.java,111,RelationalOperatorReplacement,if (index >= types.length) {,if (index > types.length) {,18267,
com/fasterxml/jackson/databind/introspect/AnnotatedCreatorCollector.java,84,RelationalOperatorReplacement,for (int i = constructors.size(); --i >= 0; ) {,for (int i = constructors.size(); --i > 0; ) {,18388,
com/fasterxml/jackson/databind/introspect/AnnotatedCreatorCollector.java,89,RelationalOperatorReplacement,for (int i = factories.size(); --i >= 0; ) {,for (int i = factories.size(); --i > 0; ) {,18389,
com/fasterxml/jackson/databind/introspect/AnnotatedCreatorCollector.java,142,RelationalOperatorReplacement,for (int i = 0; i < ctorCount; ++i) {,for (int i = 0; i <= ctorCount; ++i) {,18394,
com/fasterxml/jackson/databind/introspect/AnnotatedCreatorCollector.java,161,RelationalOperatorReplacement,for (int i = 0; i < ctorCount; ++i) {,for (int i = 0; i <= ctorCount; ++i) {,18400,
com/fasterxml/jackson/databind/introspect/AnnotatedCreatorCollector.java,167,RelationalOperatorReplacement,for (int i = 0; i < ctorCount; ++i) {,for (int i = 0; i <= ctorCount; ++i) {,18401,
com/fasterxml/jackson/databind/introspect/AnnotatedCreatorCollector.java,181,RelationalOperatorReplacement,for (int i = 0; i < ctorCount; ++i) {,for (int i = 0; i <= ctorCount; ++i) {,18403,
com/fasterxml/jackson/databind/introspect/AnnotatedCreatorCollector.java,233,RelationalOperatorReplacement,for (int i = 0; i < factoryCount; ++i) {,for (int i = 0; i <= factoryCount; ++i) {,18407,
com/fasterxml/jackson/databind/introspect/AnnotatedCreatorCollector.java,245,RelationalOperatorReplacement,for (int i = 0; i < factoryCount; ++i) {,for (int i = 0; i <= factoryCount; ++i) {,18410,
com/fasterxml/jackson/databind/introspect/AnnotatedCreatorCollector.java,250,RelationalOperatorReplacement,for (int i = 0; i < factoryCount; ++i) {,for (int i = 0; i <= factoryCount; ++i) {,18411,
com/fasterxml/jackson/databind/introspect/AnnotatedCreatorCollector.java,261,RelationalOperatorReplacement,for (int i = 0; i < factoryCount; ++i) {,for (int i = 0; i <= factoryCount; ++i) {,18412,
com/fasterxml/jackson/databind/introspect/AnnotatedCreatorCollector.java,375,RelationalOperatorReplacement,for (int i = 0; i < count; ++i) {,for (int i = 0; i <= count; ++i) {,18424,
com/fasterxml/jackson/databind/introspect/AnnotatedMethod.java,136,RelationalOperatorReplacement,return (index >= types.length) ? null : types[index];,return (index > types.length) ? null : types[index];,18649,
com/fasterxml/jackson/databind/introspect/AnnotatedMethod.java,142,RelationalOperatorReplacement,if (index >= types.length) {,if (index > types.length) {,18650,
com/fasterxml/jackson/databind/introspect/AnnotatedMethod.java,152,RelationalOperatorReplacement,if (index >= types.length) {,if (index > types.length) {,18651,
com/fasterxml/jackson/databind/introspect/AnnotatedMethodCollector.java,185,RelationalOperatorReplacement,return (m.getParameterCount() <= 2);,return (m.getParameterCount() < 2);,18756,
com/fasterxml/jackson/databind/introspect/AnnotatedWithParams.java,78,RelationalOperatorReplacement,if (index >= 0 && index < _paramAnnotations.length) {,if (index > 0 && index < _paramAnnotations.length) {,18860,
com/fasterxml/jackson/databind/introspect/AnnotatedWithParams.java,78,RelationalOperatorReplacement,if (index >= 0 && index < _paramAnnotations.length) {,if (index >= 0 && index <= _paramAnnotations.length) {,18861,
com/fasterxml/jackson/databind/introspect/AnnotationMap.java,64,RelationalOperatorReplacement,"for (int i = 0, end = annoClasses.length; i < end; ++i) {","for (int i = 0, end = annoClasses.length; i <= end; ++i) {",19476,
com/fasterxml/jackson/databind/introspect/BasicClassIntrospector.java,264,RelationalOperatorReplacement,if (raw.toString().indexOf('$') > 0) {,if (raw.toString().indexOf('$') >= 0) {,19855,
com/fasterxml/jackson/databind/introspect/CollectorBase.java,26,RelationalOperatorReplacement,"for (int i = 0, end = anns.length; i < end; ++i) {","for (int i = 0, end = anns.length; i <= end; ++i) {",19955,
com/fasterxml/jackson/databind/introspect/CollectorBase.java,37,RelationalOperatorReplacement,"for (int i = 0, end = anns.length; i < end; ++i) {","for (int i = 0, end = anns.length; i <= end; ++i) {",19956,
com/fasterxml/jackson/databind/introspect/CollectorBase.java,49,RelationalOperatorReplacement,"for (int i = 0, end = anns.length; i < end; ++i) {","for (int i = 0, end = anns.length; i <= end; ++i) {",19957,
com/fasterxml/jackson/databind/introspect/CollectorBase.java,73,RelationalOperatorReplacement,"for (int i = 0, end = anns.length; i < end; ++i) {","for (int i = 0, end = anns.length; i <= end; ++i) {",19958,
com/fasterxml/jackson/databind/introspect/CollectorBase.java,88,RelationalOperatorReplacement,"for (int i = 0, end = anns.length; i < end; ++i) {","for (int i = 0, end = anns.length; i <= end; ++i) {",19959,
com/fasterxml/jackson/databind/introspect/CollectorBase.java,118,RelationalOperatorReplacement,for (int i = 0; i < count; ++i) {,for (int i = 0; i <= count; ++i) {,19961,
com/fasterxml/jackson/databind/introspect/DefaultAccessorNamingStrategy.java,186,RelationalOperatorReplacement,for (; i < end; ++i) {,for (; i <= end; ++i) {,20123,
com/fasterxml/jackson/databind/introspect/DefaultAccessorNamingStrategy.java,221,RelationalOperatorReplacement,if ((offset + 1) < end) {,if ((offset + 1) <= end) {,20128,
com/fasterxml/jackson/databind/introspect/JacksonAnnotationIntrospector.java,233,RelationalOperatorReplacement,"for (int i = 0, end = enumValues.length; i < end; ++i) {","for (int i = 0, end = enumValues.length; i <= end; ++i) {",20554,
com/fasterxml/jackson/databind/introspect/JacksonAnnotationIntrospector.java,260,RelationalOperatorReplacement,"for (int i = 0, end = enumValues.length; i < end; ++i) {","for (int i = 0, end = enumValues.length; i <= end; ++i) {",20558,
com/fasterxml/jackson/databind/introspect/JacksonAnnotationIntrospector.java,284,RelationalOperatorReplacement,"for (int i = 0, end = enumValues.length; i < end; ++i) {","for (int i = 0, end = enumValues.length; i <= end; ++i) {",20562,
com/fasterxml/jackson/databind/introspect/JacksonAnnotationIntrospector.java,307,RelationalOperatorReplacement,"for (int i = 0, end = enumValues.length; i < end; ++i) {","for (int i = 0, end = enumValues.length; i <= end; ++i) {",20564,
com/fasterxml/jackson/databind/introspect/JacksonAnnotationIntrospector.java,471,RelationalOperatorReplacement,for (int i = 0; i < len; ++i) {,for (int i = 0; i <= len; ++i) {,20579,
com/fasterxml/jackson/databind/introspect/JacksonAnnotationIntrospector.java,1086,RelationalOperatorReplacement,"for (int i = 0, len = attrs.length; i < len; ++i) {","for (int i = 0, len = attrs.length; i <= len; ++i) {",20630,
com/fasterxml/jackson/databind/introspect/JacksonAnnotationIntrospector.java,1101,RelationalOperatorReplacement,"for (int i = 0, len = props.length; i < len; ++i) {","for (int i = 0, len = props.length; i <= len; ++i) {",20632,
com/fasterxml/jackson/databind/introspect/MemberKey.java,20,RelationalOperatorReplacement,"this(m.getName(), m.getParameterCount() > 0 ? m.getParameterTypes() : NO_CLASSES);","this(m.getName(), m.getParameterCount() >= 0 ? m.getParameterTypes() : NO_CLASSES);",20935,
com/fasterxml/jackson/databind/introspect/MemberKey.java,25,RelationalOperatorReplacement,"this("""", ctor.getParameterCount() > 0 ? ctor.getParameterTypes() : NO_CLASSES);","this("""", ctor.getParameterCount() >= 0 ? ctor.getParameterTypes() : NO_CLASSES);",20936,
com/fasterxml/jackson/databind/introspect/MemberKey.java,69,RelationalOperatorReplacement,for (int i = 0; i < len; ++i) {,for (int i = 0; i <= len; ++i) {,20942,
com/fasterxml/jackson/databind/introspect/MethodGenericTypeResolver.java,84,RelationalOperatorReplacement,for (int i = 0; i < methodReturnTypeArguments.length; i++) {,for (int i = 0; i <= methodReturnTypeArguments.length; i++) {,21015,
com/fasterxml/jackson/databind/introspect/MethodGenericTypeResolver.java,202,RelationalOperatorReplacement,for (int i = 0; i < bindings.size(); i++) {,for (int i = 0; i <= bindings.size(); i++) {,21027,
com/fasterxml/jackson/databind/introspect/POJOPropertiesCollector.java,250,RelationalOperatorReplacement,if (_jsonKeyAccessors.size() > 1) {,if (_jsonKeyAccessors.size() >= 1) {,21291,
com/fasterxml/jackson/databind/introspect/POJOPropertiesCollector.java,274,RelationalOperatorReplacement,if (_jsonValueAccessors.size() > 1) {,if (_jsonValueAccessors.size() >= 1) {,21293,
com/fasterxml/jackson/databind/introspect/POJOPropertiesCollector.java,307,RelationalOperatorReplacement,if (_anyGetterField.size() > 1) {,if (_anyGetterField.size() >= 1) {,21295,
com/fasterxml/jackson/databind/introspect/POJOPropertiesCollector.java,325,RelationalOperatorReplacement,if (_anyGetters.size() > 1) {,if (_anyGetters.size() >= 1) {,21297,
com/fasterxml/jackson/databind/introspect/POJOPropertiesCollector.java,340,RelationalOperatorReplacement,if (_anySetterField.size() > 1) {,if (_anySetterField.size() >= 1) {,21299,
com/fasterxml/jackson/databind/introspect/POJOPropertiesCollector.java,355,RelationalOperatorReplacement,if (_anySetters.size() > 1) {,if (_anySetters.size() >= 1) {,21301,
com/fasterxml/jackson/databind/introspect/POJOPropertiesCollector.java,1036,RelationalOperatorReplacement,for (int i = 0; i < paramCount; ++i) {,for (int i = 0; i <= paramCount; ++i) {,21345,
com/fasterxml/jackson/databind/introspect/POJOPropertiesCollector.java,1710,RelationalOperatorReplacement,} while (accessors.size() > 1);,} while (accessors.size() >= 1);,21403,
com/fasterxml/jackson/databind/introspect/POJOPropertiesCollector.java,1721,RelationalOperatorReplacement,if (args.length > 0) {,if (args.length >= 0) {,21404,
com/fasterxml/jackson/databind/introspect/POJOPropertiesCollector.java,1796,RelationalOperatorReplacement,"for (int i = 0, len = creatorProperties.size(); i < len; ++i) {","for (int i = 0, len = creatorProperties.size(); i <= len; ++i) {",21412,
com/fasterxml/jackson/databind/introspect/POJOPropertyBuilder.java,442,RelationalOperatorReplacement,if (priNext < priCurr) {,if (priNext <= priCurr) {,21891,
com/fasterxml/jackson/databind/introspect/POJOPropertyBuilder.java,592,RelationalOperatorReplacement,if (priNext < priCurr) {,if (priNext <= priCurr) {,21904,
com/fasterxml/jackson/databind/introspect/POJOPropertyBuilder.java,747,RelationalOperatorReplacement,"if (name.startsWith(""get"") && name.length() > 3) {","if (name.startsWith(""get"") && name.length() >= 3) {",21921,
com/fasterxml/jackson/databind/introspect/POJOPropertyBuilder.java,751,RelationalOperatorReplacement,"if (name.startsWith(""is"") && name.length() > 2) {","if (name.startsWith(""is"") && name.length() >= 2) {",21922,
com/fasterxml/jackson/databind/introspect/POJOPropertyBuilder.java,760,RelationalOperatorReplacement,"if (name.startsWith(""set"") && name.length() > 3) {","if (name.startsWith(""set"") && name.length() >= 3) {",21923,
com/fasterxml/jackson/databind/introspect/POJOPropertyBuilder.java,1048,RelationalOperatorReplacement,while (++index < nodes.length) {,while (++index <= nodes.length) {,21943,
com/fasterxml/jackson/databind/introspect/POJOPropertyBuilder.java,1454,RelationalOperatorReplacement,if (meh.getParameterCount() > 0) {,if (meh.getParameterCount() >= 0) {,22004,
com/fasterxml/jackson/databind/introspect/PotentialCreator.java,88,RelationalOperatorReplacement,for (int i = 0; i < paramCount; ++i) {,for (int i = 0; i <= paramCount; ++i) {,22338,
com/fasterxml/jackson/databind/introspect/PotentialCreator.java,123,RelationalOperatorReplacement,for (int i = 0; i < paramCount; ++i) {,for (int i = 0; i <= paramCount; ++i) {,22343,
com/fasterxml/jackson/databind/introspect/PotentialCreator.java,176,RelationalOperatorReplacement,"for (int i = 0, end = _explicitParamNames.length; i < end; ++i) {","for (int i = 0, end = _explicitParamNames.length; i <= end; ++i) {",22346,
com/fasterxml/jackson/databind/introspect/PotentialCreator.java,192,RelationalOperatorReplacement,"for (int i = 0, end = _implicitParamNames.length; i < end; ++i) {","for (int i = 0, end = _implicitParamNames.length; i <= end; ++i) {",22350,
com/fasterxml/jackson/databind/jdk14/JDK14Util.java,64,RelationalOperatorReplacement,for (int i = 0; i < argCount; ++i) {,for (int i = 0; i <= argCount; ++i) {,22721,
com/fasterxml/jackson/databind/jdk14/JDK14Util.java,71,RelationalOperatorReplacement,for (int i = 0; i < argCount; ++i) {,for (int i = 0; i <= argCount; ++i) {,22722,
com/fasterxml/jackson/databind/jdk14/JDK14Util.java,142,RelationalOperatorReplacement,for (int i = 0; i < components.length; i++) {,for (int i = 0; i <= components.length; i++) {,22725,
com/fasterxml/jackson/databind/jdk14/JDK14Util.java,162,RelationalOperatorReplacement,for (int i = 0; i < components.length; i++) {,for (int i = 0; i <= components.length; i++) {,22727,
com/fasterxml/jackson/databind/jdk14/JDK14Util.java,250,RelationalOperatorReplacement,for (int i = 0; i < argCount; ++i) {,for (int i = 0; i <= argCount; ++i) {,22731,
com/fasterxml/jackson/databind/jsontype/impl/ClassNameIdResolver.java,115,RelationalOperatorReplacement,} else if (str.indexOf('$') >= 0) {,} else if (str.indexOf('$') > 0) {,23559,
com/fasterxml/jackson/databind/jsontype/impl/MinimalClassNameIdResolver.java,40,RelationalOperatorReplacement,if (ix < 0) { // can this ever occur?,if (ix <= 0) { // can this ever occur?,23612,
com/fasterxml/jackson/databind/jsontype/impl/SimpleNameIdResolver.java,206,RelationalOperatorReplacement,return (ix < 0) ? n : n.substring(ix+1);,return (ix <= 0) ? n : n.substring(ix+1);,23657,
com/fasterxml/jackson/databind/jsontype/impl/StdSubtypeResolver.java,58,RelationalOperatorReplacement,"for (int i = 0, len = classes.length; i < len; ++i) {","for (int i = 0, len = classes.length; i <= len; ++i) {",23747,
com/fasterxml/jackson/databind/jsontype/impl/TypeNameIdResolver.java,210,RelationalOperatorReplacement,return (ix < 0) ? n : n.substring(ix+1);,return (ix <= 0) ? n : n.substring(ix+1);,24100,
com/fasterxml/jackson/databind/module/SimpleModule.java,585,RelationalOperatorReplacement,if (_subtypes != null && _subtypes.size() > 0) {,if (_subtypes != null && _subtypes.size() >= 0) {,24407,
com/fasterxml/jackson/databind/node/ArrayNode.java,146,RelationalOperatorReplacement,if (index < 0) {,if (index <= 0) {,24792,
com/fasterxml/jackson/databind/node/ArrayNode.java,173,RelationalOperatorReplacement,if (index < 0) {,if (index <= 0) {,24793,
com/fasterxml/jackson/databind/node/ArrayNode.java,199,RelationalOperatorReplacement,if (index >= size()) {,if (index > size()) {,24794,
com/fasterxml/jackson/databind/node/ArrayNode.java,201,RelationalOperatorReplacement,if (index > max) {,if (index >= max) {,24795,
com/fasterxml/jackson/databind/node/ArrayNode.java,205,RelationalOperatorReplacement,while (index >= this.size()) {,while (index > this.size()) {,24796,
com/fasterxml/jackson/databind/node/ArrayNode.java,263,RelationalOperatorReplacement,if ((index >= 0) && (index < _children.size())) {,if ((index > 0) && (index < _children.size())) {,24797,
com/fasterxml/jackson/databind/node/ArrayNode.java,263,RelationalOperatorReplacement,if ((index >= 0) && (index < _children.size())) {,if ((index >= 0) && (index <= _children.size())) {,24798,
com/fasterxml/jackson/databind/node/ArrayNode.java,277,RelationalOperatorReplacement,if (index >= 0 && index < _children.size()) {,if (index > 0 && index < _children.size()) {,24799,
com/fasterxml/jackson/databind/node/ArrayNode.java,277,RelationalOperatorReplacement,if (index >= 0 && index < _children.size()) {,if (index >= 0 && index <= _children.size()) {,24800,
com/fasterxml/jackson/databind/node/ArrayNode.java,285,RelationalOperatorReplacement,if ((index >= 0) && (index < _children.size())) {,if ((index > 0) && (index < _children.size())) {,24801,
com/fasterxml/jackson/databind/node/ArrayNode.java,285,RelationalOperatorReplacement,if ((index >= 0) && (index < _children.size())) {,if ((index >= 0) && (index <= _children.size())) {,24802,
com/fasterxml/jackson/databind/node/ArrayNode.java,305,RelationalOperatorReplacement,for (int i = 0; i < len; ++i) {,for (int i = 0; i <= len; ++i) {,24804,
com/fasterxml/jackson/databind/node/ArrayNode.java,325,RelationalOperatorReplacement,for (int i = 0; i < size; ++i) { // we'll typically have array list,for (int i = 0; i <= size; ++i) { // we'll typically have array list,24805,
com/fasterxml/jackson/databind/node/ArrayNode.java,423,RelationalOperatorReplacement,if (index < 0 || index >= _children.size()) {,if (index <= 0 || index >= _children.size()) {,24809,
com/fasterxml/jackson/databind/node/ArrayNode.java,423,RelationalOperatorReplacement,if (index < 0 || index >= _children.size()) {,if (index < 0 || index > _children.size()) {,24810,
com/fasterxml/jackson/databind/node/ArrayNode.java,499,RelationalOperatorReplacement,if (index >= 0 && index < _children.size()) {,if (index > 0 && index < _children.size()) {,24813,
com/fasterxml/jackson/databind/node/ArrayNode.java,499,RelationalOperatorReplacement,if (index >= 0 && index < _children.size()) {,if (index >= 0 && index <= _children.size()) {,24814,
com/fasterxml/jackson/databind/node/ArrayNode.java,1200,RelationalOperatorReplacement,if (index < 0 || index >= _children.size()) {,if (index <= 0 || index >= _children.size()) {,24853,
com/fasterxml/jackson/databind/node/ArrayNode.java,1200,RelationalOperatorReplacement,if (index < 0 || index >= _children.size()) {,if (index < 0 || index > _children.size()) {,24854,
com/fasterxml/jackson/databind/node/ArrayNode.java,1214,RelationalOperatorReplacement,if (index < 0) {,if (index <= 0) {,24855,
com/fasterxml/jackson/databind/node/ArrayNode.java,1216,RelationalOperatorReplacement,} else if (index >= _children.size()) {,} else if (index > _children.size()) {,24856,
com/fasterxml/jackson/databind/node/BigIntegerNode.java,54,RelationalOperatorReplacement,return (_value.compareTo(MIN_INTEGER) >= 0) && (_value.compareTo(MAX_INTEGER) <= 0);,return (_value.compareTo(MIN_INTEGER) > 0) && (_value.compareTo(MAX_INTEGER) <= 0);,25112,
com/fasterxml/jackson/databind/node/BigIntegerNode.java,54,RelationalOperatorReplacement,return (_value.compareTo(MIN_INTEGER) >= 0) && (_value.compareTo(MAX_INTEGER) <= 0);,return (_value.compareTo(MIN_INTEGER) >= 0) && (_value.compareTo(MAX_INTEGER) < 0);,25113,
com/fasterxml/jackson/databind/node/BigIntegerNode.java,57,RelationalOperatorReplacement,return (_value.compareTo(MIN_LONG) >= 0) && (_value.compareTo(MAX_LONG) <= 0);,return (_value.compareTo(MIN_LONG) > 0) && (_value.compareTo(MAX_LONG) <= 0);,25114,
com/fasterxml/jackson/databind/node/BigIntegerNode.java,57,RelationalOperatorReplacement,return (_value.compareTo(MIN_LONG) >= 0) && (_value.compareTo(MAX_LONG) <= 0);,return (_value.compareTo(MIN_LONG) >= 0) && (_value.compareTo(MAX_LONG) < 0);,25115,
com/fasterxml/jackson/databind/node/BinaryNode.java,81,NullifyReturnValue,public byte[] binaryValue() { return _data; },public byte[] binaryValue() { return null; },25169,
com/fasterxml/jackson/databind/node/DecimalNode.java,61,RelationalOperatorReplacement,return (_value.compareTo(MIN_INTEGER) >= 0) && (_value.compareTo(MAX_INTEGER) <= 0);,return (_value.compareTo(MIN_INTEGER) > 0) && (_value.compareTo(MAX_INTEGER) <= 0);,25326,
com/fasterxml/jackson/databind/node/DecimalNode.java,61,RelationalOperatorReplacement,return (_value.compareTo(MIN_INTEGER) >= 0) && (_value.compareTo(MAX_INTEGER) <= 0);,return (_value.compareTo(MIN_INTEGER) >= 0) && (_value.compareTo(MAX_INTEGER) < 0);,25327,
com/fasterxml/jackson/databind/node/DecimalNode.java,64,RelationalOperatorReplacement,return (_value.compareTo(MIN_LONG) >= 0) && (_value.compareTo(MAX_LONG) <= 0);,return (_value.compareTo(MIN_LONG) > 0) && (_value.compareTo(MAX_LONG) <= 0);,25328,
com/fasterxml/jackson/databind/node/DecimalNode.java,64,RelationalOperatorReplacement,return (_value.compareTo(MIN_LONG) >= 0) && (_value.compareTo(MAX_LONG) <= 0);,return (_value.compareTo(MIN_LONG) >= 0) && (_value.compareTo(MAX_LONG) < 0);,25329,
com/fasterxml/jackson/databind/node/DecimalNode.java,70,RelationalOperatorReplacement,|| (_value.scale() <= 0),|| (_value.scale() < 0),25331,
com/fasterxml/jackson/databind/node/DecimalNode.java,71,RelationalOperatorReplacement,|| (_value.stripTrailingZeros().scale() <= 0);,|| (_value.stripTrailingZeros().scale() < 0);,25332,
com/fasterxml/jackson/databind/node/DoubleNode.java,56,RelationalOperatorReplacement,return (_value >= Integer.MIN_VALUE && _value <= Integer.MAX_VALUE);,return (_value > Integer.MIN_VALUE && _value <= Integer.MAX_VALUE);,25397,
com/fasterxml/jackson/databind/node/DoubleNode.java,56,RelationalOperatorReplacement,return (_value >= Integer.MIN_VALUE && _value <= Integer.MAX_VALUE);,return (_value >= Integer.MIN_VALUE && _value < Integer.MAX_VALUE);,25398,
com/fasterxml/jackson/databind/node/DoubleNode.java,59,RelationalOperatorReplacement,return (_value >= Long.MIN_VALUE && _value <= Long.MAX_VALUE);,return (_value > Long.MIN_VALUE && _value <= Long.MAX_VALUE);,25399,
com/fasterxml/jackson/databind/node/DoubleNode.java,59,RelationalOperatorReplacement,return (_value >= Long.MIN_VALUE && _value <= Long.MAX_VALUE);,return (_value >= Long.MIN_VALUE && _value < Long.MAX_VALUE);,25400,
com/fasterxml/jackson/databind/node/FloatNode.java,57,RelationalOperatorReplacement,return (_value >= Integer.MIN_VALUE && _value <= Integer.MAX_VALUE);,return (_value > Integer.MIN_VALUE && _value <= Integer.MAX_VALUE);,25460,
com/fasterxml/jackson/databind/node/FloatNode.java,57,RelationalOperatorReplacement,return (_value >= Integer.MIN_VALUE && _value <= Integer.MAX_VALUE);,return (_value >= Integer.MIN_VALUE && _value < Integer.MAX_VALUE);,25461,
com/fasterxml/jackson/databind/node/FloatNode.java,61,RelationalOperatorReplacement,return (_value >= Long.MIN_VALUE && _value <= Long.MAX_VALUE);,return (_value > Long.MIN_VALUE && _value <= Long.MAX_VALUE);,25462,
com/fasterxml/jackson/databind/node/FloatNode.java,61,RelationalOperatorReplacement,return (_value >= Long.MIN_VALUE && _value <= Long.MAX_VALUE);,return (_value >= Long.MIN_VALUE && _value < Long.MAX_VALUE);,25463,
com/fasterxml/jackson/databind/node/IntNode.java,28,RelationalOperatorReplacement,for (int i = 0; i < count; ++i) {,for (int i = 0; i <= count; ++i) {,25524,
com/fasterxml/jackson/databind/node/IntNode.java,47,RelationalOperatorReplacement,if (i > MAX_CANONICAL || i < MIN_CANONICAL) return new IntNode(i);,if (i >= MAX_CANONICAL || i < MIN_CANONICAL) return new IntNode(i);,25525,
com/fasterxml/jackson/databind/node/IntNode.java,47,RelationalOperatorReplacement,if (i > MAX_CANONICAL || i < MIN_CANONICAL) return new IntNode(i);,if (i > MAX_CANONICAL || i <= MIN_CANONICAL) return new IntNode(i);,25526,
com/fasterxml/jackson/databind/node/InternalNodeMapper.java,51,NullifyReturnValue,return JSON_MAPPER.writeValueAsBytes(value);,return null;,25591,
com/fasterxml/jackson/databind/node/InternalNodeMapper.java,176,RelationalOperatorReplacement,if (_top < _end) {,if (_top <= _end) {,25597,
com/fasterxml/jackson/databind/node/LongNode.java,50,RelationalOperatorReplacement,return (_value >= Integer.MIN_VALUE && _value <= Integer.MAX_VALUE);,return (_value > Integer.MIN_VALUE && _value <= Integer.MAX_VALUE);,25726,
com/fasterxml/jackson/databind/node/LongNode.java,50,RelationalOperatorReplacement,return (_value >= Integer.MIN_VALUE && _value <= Integer.MAX_VALUE);,return (_value >= Integer.MIN_VALUE && _value < Integer.MAX_VALUE);,25727,
com/fasterxml/jackson/databind/node/NodeSerialization.java,61,NullifyReturnValue,return result;,return null;,25890,
com/fasterxml/jackson/databind/node/NodeSerialization.java,75,NullifyReturnValue,return bb.completeAndCoalesce(outOffset);,return null;,25891,
com/fasterxml/jackson/databind/node/NodeSerialization.java,58,RelationalOperatorReplacement,if (expLen <= LONGEST_EAGER_ALLOC) {,if (expLen < LONGEST_EAGER_ALLOC) {,25892,
com/fasterxml/jackson/databind/node/POJONode.java,46,NullifyReturnValue,return (byte[]) _value;,return null;,26321,
com/fasterxml/jackson/databind/node/POJONode.java,48,NullifyReturnValue,return super.binaryValue();,return null;,26322,
com/fasterxml/jackson/databind/node/TextNode.java,85,NullifyReturnValue,return builder.toByteArray();,return null;,26432,
com/fasterxml/jackson/databind/node/TextNode.java,90,NullifyReturnValue,return getBinaryValue(Base64Variants.getDefaultVariant());,return null;,26433,
com/fasterxml/jackson/databind/node/TreeTraversingParser.java,235,NullifyReturnValue,return getText().toCharArray();,return null;,26509,
com/fasterxml/jackson/databind/node/TreeTraversingParser.java,371,NullifyReturnValue,return ((TextNode) n).getBinaryValue(b64variant);,return null;,26521,
com/fasterxml/jackson/databind/node/TreeTraversingParser.java,373,NullifyReturnValue,return n.binaryValue();,return null;,26522,
com/fasterxml/jackson/databind/node/TreeTraversingParser.java,376,NullifyReturnValue,return null;,return null;,26523,
com/fasterxml/jackson/databind/ser/BeanSerializerBuilder.java,161,RelationalOperatorReplacement,return (_properties != null) && (_properties.size() > 0);,return (_properties != null) && (_properties.size() >= 0);,27392,
com/fasterxml/jackson/databind/ser/BeanSerializerBuilder.java,210,RelationalOperatorReplacement,"for (int i = 0, end = properties.length; i < end; ++i) {","for (int i = 0, end = properties.length; i <= end; ++i) {",27398,
com/fasterxml/jackson/databind/ser/BeanSerializerFactory.java,529,RelationalOperatorReplacement,if (i > 0) {,if (i >= 0) {,27605,
com/fasterxml/jackson/databind/ser/BeanSerializerFactory.java,732,RelationalOperatorReplacement,for (int i = 0; i < propCount; ++i) {,for (int i = 0; i <= propCount; ++i) {,27615,
com/fasterxml/jackson/databind/ser/BeanSerializerFactory.java,820,RelationalOperatorReplacement,"for (int i = 0, end = props.size(); i < end; ++i) {","for (int i = 0, end = props.size(); i <= end; ++i) {",27623,
com/fasterxml/jackson/databind/ser/DefaultSerializerProvider.java,222,RelationalOperatorReplacement,"for (int i = 0, len = _objectIdGenerators.size(); i < len; ++i) {","for (int i = 0, len = _objectIdGenerators.size(); i <= len; ++i) {",27858,
com/fasterxml/jackson/databind/ser/impl/BeanAsArraySerializer.java,210,RelationalOperatorReplacement,for (final int len = props.length; i < len; ++i) {,for (final int len = props.length; i <= len; ++i) {,28277,
com/fasterxml/jackson/databind/ser/impl/FilteredBeanPropertyWriter.java,166,RelationalOperatorReplacement,for (int i = 0; i < len; ++i) {,for (int i = 0; i <= len; ++i) {,28346,
com/fasterxml/jackson/databind/ser/impl/IndexedListSerializer.java,102,RelationalOperatorReplacement,for (; i < len; ++i) {,for (; i <= len; ++i) {,28403,
com/fasterxml/jackson/databind/ser/impl/IndexedListSerializer.java,136,RelationalOperatorReplacement,for (int i = 0; i < len; ++i) {,for (int i = 0; i <= len; ++i) {,28407,
com/fasterxml/jackson/databind/ser/impl/IndexedListSerializer.java,164,RelationalOperatorReplacement,for (; i < len; ++i) {,for (; i <= len; ++i) {,28411,
com/fasterxml/jackson/databind/ser/impl/IndexedStringListSerializer.java,98,RelationalOperatorReplacement,for (; i < len; ++i) {,for (; i <= len; ++i) {,28456,
com/fasterxml/jackson/databind/ser/impl/ReadOnlyClassToSerializerMap.java,40,RelationalOperatorReplacement,int needed = (size <= 64) ? (size + size) : (size + (size >> 2));,int needed = (size < 64) ? (size + size) : (size + (size >> 2));,28828,
com/fasterxml/jackson/databind/ser/impl/ReadOnlyClassToSerializerMap.java,42,RelationalOperatorReplacement,while (result < needed) {,while (result <= needed) {,28829,
com/fasterxml/jackson/databind/ser/impl/StringArraySerializer.java,190,RelationalOperatorReplacement,for (int i = 0; i < len; ++i) {,for (int i = 0; i <= len; ++i) {,29074,
com/fasterxml/jackson/databind/ser/impl/StringArraySerializer.java,203,RelationalOperatorReplacement,"for (int i = 0, len = value.length; i < len; ++i) {","for (int i = 0, len = value.length; i <= len; ++i) {",29076,
com/fasterxml/jackson/databind/ser/std/BeanSerializerBase.java,198,RelationalOperatorReplacement,for (int i = 0; i < len; ++i) {,for (int i = 0; i <= len; ++i) {,29514,
com/fasterxml/jackson/databind/ser/std/BeanSerializerBase.java,313,RelationalOperatorReplacement,for (int i = 0; i < len; ++i) {,for (int i = 0; i <= len; ++i) {,29521,
com/fasterxml/jackson/databind/ser/std/BeanSerializerBase.java,337,RelationalOperatorReplacement,"for (int i = 0, len = _props.length; i < len; ++i) {","for (int i = 0, len = _props.length; i <= len; ++i) {",29524,
com/fasterxml/jackson/databind/ser/std/BeanSerializerBase.java,345,RelationalOperatorReplacement,if (i < filteredCount) {,if (i <= filteredCount) {,29526,
com/fasterxml/jackson/databind/ser/std/BeanSerializerBase.java,368,RelationalOperatorReplacement,if (type.isContainerType() || type.containedTypeCount() > 0) {,if (type.isContainerType() || type.containedTypeCount() >= 0) {,29530,
com/fasterxml/jackson/databind/ser/std/BeanSerializerBase.java,391,RelationalOperatorReplacement,if (i < filteredCount) {,if (i <= filteredCount) {,29532,
com/fasterxml/jackson/databind/ser/std/BeanSerializerBase.java,562,RelationalOperatorReplacement,if (idPropOrigIndex > 0) { // note: must shuffle both regular properties and filtered,if (idPropOrigIndex >= 0) { // note: must shuffle both regular properties and filtered,29551,
com/fasterxml/jackson/databind/ser/std/BeanSerializerBase.java,767,RelationalOperatorReplacement,for (final int len = props.length; i < len; ++i) {,for (final int len = props.length; i <= len; ++i) {,29570,
com/fasterxml/jackson/databind/ser/std/BeanSerializerBase.java,818,RelationalOperatorReplacement,for (final int len = props.length; i < len; ++i) {,for (final int len = props.length; i <= len; ++i) {,29578,
com/fasterxml/jackson/databind/ser/std/BeanSerializerBase.java,867,RelationalOperatorReplacement,for (int i = 0; i < _props.length; i++) {,for (int i = 0; i <= _props.length; i++) {,29586,
com/fasterxml/jackson/databind/ser/std/BeanSerializerBase.java,896,RelationalOperatorReplacement,"for (int i = 0, end = _props.length; i < end; ++i) {","for (int i = 0, end = _props.length; i <= end; ++i) {",29591,
com/fasterxml/jackson/databind/ser/std/BeanSerializerBase.java,909,RelationalOperatorReplacement,"for (int i = 0, end = props.length; i < end; ++i) {","for (int i = 0, end = props.length; i <= end; ++i) {",29595,
com/fasterxml/jackson/databind/ser/std/InetAddressSerializer.java,77,RelationalOperatorReplacement,if (ix >= 0) {,if (ix > 0) {,30045,
com/fasterxml/jackson/databind/ser/std/InetSocketAddressSerializer.java,27,RelationalOperatorReplacement,if (ix >= 0) {,if (ix > 0) {,30060,
com/fasterxml/jackson/databind/ser/std/NumberSerializer.java,173,RelationalOperatorReplacement,return ((scale >= -MAX_BIG_DECIMAL_SCALE) && (scale <= MAX_BIG_DECIMAL_SCALE));,return ((scale > -MAX_BIG_DECIMAL_SCALE) && (scale <= MAX_BIG_DECIMAL_SCALE));,30776,
com/fasterxml/jackson/databind/ser/std/NumberSerializer.java,173,RelationalOperatorReplacement,return ((scale >= -MAX_BIG_DECIMAL_SCALE) && (scale <= MAX_BIG_DECIMAL_SCALE));,return ((scale >= -MAX_BIG_DECIMAL_SCALE) && (scale < MAX_BIG_DECIMAL_SCALE));,30777,
com/fasterxml/jackson/databind/ser/std/ObjectArraySerializer.java,237,RelationalOperatorReplacement,for (; i < len; ++i) {,for (; i <= len; ++i) {,30933,
com/fasterxml/jackson/databind/ser/std/ObjectArraySerializer.java,269,RelationalOperatorReplacement,for (; i < len; ++i) {,for (; i <= len; ++i) {,30936,
com/fasterxml/jackson/databind/ser/std/ObjectArraySerializer.java,294,RelationalOperatorReplacement,for (; i < len; ++i) {,for (; i <= len; ++i) {,30939,
com/fasterxml/jackson/databind/ser/std/StdArraySerializers.java,153,RelationalOperatorReplacement,"for (int i = 0, len = value.length; i < len; ++i) {","for (int i = 0, len = value.length; i <= len; ++i) {",31334,
com/fasterxml/jackson/databind/ser/std/StdArraySerializers.java,234,RelationalOperatorReplacement,"for (int i = 0, len = value.length; i < len; ++i) {","for (int i = 0, len = value.length; i <= len; ++i) {",31338,
com/fasterxml/jackson/databind/ser/std/StdArraySerializers.java,313,RelationalOperatorReplacement,"for (int i = 0, len = value.length; i < len; ++i) {","for (int i = 0, len = value.length; i <= len; ++i) {",31340,
com/fasterxml/jackson/databind/ser/std/StdArraySerializers.java,407,RelationalOperatorReplacement,"for (int i = 0, len = value.length; i < len; ++i) {","for (int i = 0, len = value.length; i <= len; ++i) {",31344,
com/fasterxml/jackson/databind/ser/std/StdArraySerializers.java,483,RelationalOperatorReplacement,"for (int i = 0, len = value.length; i < len; ++i) {","for (int i = 0, len = value.length; i <= len; ++i) {",31348,
com/fasterxml/jackson/databind/ser/std/StdArraySerializers.java,565,RelationalOperatorReplacement,"for (int i = 0, len = value.length; i < len; ++i) {","for (int i = 0, len = value.length; i <= len; ++i) {",31352,
com/fasterxml/jackson/databind/ser/std/StdArraySerializers.java,653,RelationalOperatorReplacement,"for (int i = 0, len = value.length; i < len; ++i) {","for (int i = 0, len = value.length; i <= len; ++i) {",31356,
com/fasterxml/jackson/databind/ser/std/UUIDSerializer.java,158,NullifyReturnValue,return buffer;,return null;,31970,
com/fasterxml/jackson/databind/type/SimpleType.java,181,RelationalOperatorReplacement,if ((count > 0) && _hasNTypeParameters(count)) {,if ((count >= 0) && _hasNTypeParameters(count)) {,32831,
com/fasterxml/jackson/databind/type/SimpleType.java,183,RelationalOperatorReplacement,for (int i = 0; i < count; ++i) {,for (int i = 0; i <= count; ++i) {,32832,
com/fasterxml/jackson/databind/type/SimpleType.java,185,RelationalOperatorReplacement,if (i > 0) {,if (i >= 0) {,32833,
com/fasterxml/jackson/databind/type/SimpleType.java,218,RelationalOperatorReplacement,if (count > 0) {,if (count >= 0) {,32834,
com/fasterxml/jackson/databind/type/SimpleType.java,220,RelationalOperatorReplacement,for (int i = 0; i < count; ++i) {,for (int i = 0; i <= count; ++i) {,32835,
com/fasterxml/jackson/databind/type/TypeBase.java,135,RelationalOperatorReplacement,"for (int i = 0, count = _superInterfaces.length; i < count; ++i) {","for (int i = 0, count = _superInterfaces.length; i <= count; ++i) {",32906,
com/fasterxml/jackson/databind/type/TypeBase.java,231,RelationalOperatorReplacement,"for (int i = 0, len = name.length(); i < len; ++i) {","for (int i = 0, len = name.length(); i <= len; ++i) {",32920,
com/fasterxml/jackson/databind/type/TypeBindings.java,104,RelationalOperatorReplacement,for (int i = 0; i < len; ++i) {,for (int i = 0; i <= len; ++i) {,33073,
com/fasterxml/jackson/databind/type/TypeBindings.java,190,RelationalOperatorReplacement,for (int i = 0; i < len; ++i) {,for (int i = 0; i <= len; ++i) {,33088,
com/fasterxml/jackson/databind/type/TypeBindings.java,245,RelationalOperatorReplacement,"for (int i = 0, len = _names.length; i < len; ++i) {","for (int i = 0, len = _names.length; i <= len; ++i) {",33094,
com/fasterxml/jackson/databind/type/TypeBindings.java,302,RelationalOperatorReplacement,if (index < 0 || index >= _names.length) {,if (index <= 0 || index >= _names.length) {,33097,
com/fasterxml/jackson/databind/type/TypeBindings.java,302,RelationalOperatorReplacement,if (index < 0 || index >= _names.length) {,if (index < 0 || index > _names.length) {,33098,
com/fasterxml/jackson/databind/type/TypeBindings.java,315,RelationalOperatorReplacement,if (index < 0 || index >= _types.length) {,if (index <= 0 || index >= _types.length) {,33099,
com/fasterxml/jackson/databind/type/TypeBindings.java,315,RelationalOperatorReplacement,if (index < 0 || index >= _types.length) {,if (index < 0 || index > _types.length) {,33100,
com/fasterxml/jackson/databind/type/TypeBindings.java,333,RelationalOperatorReplacement,if (index < 0 || index >= _types.length) {,if (index <= 0 || index >= _types.length) {,33102,
com/fasterxml/jackson/databind/type/TypeBindings.java,333,RelationalOperatorReplacement,if (index < 0 || index >= _types.length) {,if (index < 0 || index > _types.length) {,33103,
com/fasterxml/jackson/databind/type/TypeBindings.java,351,RelationalOperatorReplacement,for (int i = 0; i < list.size(); i++) {,for (int i = 0; i <= list.size(); i++) {,33105,
com/fasterxml/jackson/databind/type/TypeBindings.java,365,RelationalOperatorReplacement,for (int i = _unboundVariables.length; --i >= 0; ) {,for (int i = _unboundVariables.length; --i > 0; ) {,33108,
com/fasterxml/jackson/databind/type/TypeBindings.java,405,RelationalOperatorReplacement,"for (int i = 0, len = _types.length; i < len; ++i) {","for (int i = 0, len = _types.length; i <= len; ++i) {",33110,
com/fasterxml/jackson/databind/type/TypeBindings.java,406,RelationalOperatorReplacement,if (i > 0) {,if (i >= 0) {,33111,
com/fasterxml/jackson/databind/type/TypeBindings.java,538,RelationalOperatorReplacement,for (int i = 0; i < len; ++i) {,for (int i = 0; i <= len; ++i) {,33129,
com/fasterxml/jackson/databind/type/TypeFactory.java,360,RelationalOperatorReplacement,if (className.indexOf('.') < 0) {,if (className.indexOf('.') <= 0) {,33546,
com/fasterxml/jackson/databind/type/TypeFactory.java,535,RelationalOperatorReplacement,for (int i = 0; i < typeParamCount; ++i) {,for (int i = 0; i <= typeParamCount; ++i) {,33563,
com/fasterxml/jackson/databind/type/TypeFactory.java,560,RelationalOperatorReplacement,for (int i = 0; i < typeParamCount; ++i) {,for (int i = 0; i <= typeParamCount; ++i) {,33566,
com/fasterxml/jackson/databind/type/TypeFactory.java,581,RelationalOperatorReplacement,"for (int i = 0, expCount = expectedTypes.size(); i < expCount; ++i) {","for (int i = 0, expCount = expectedTypes.size(); i <= expCount; ++i) {",33568,
com/fasterxml/jackson/databind/type/TypeFactory.java,583,RelationalOperatorReplacement,JavaType act = (i < actCount) ? actualTypes.get(i) : unknownType();,JavaType act = (i <= actCount) ? actualTypes.get(i) : unknownType();,33569,
com/fasterxml/jackson/databind/type/TypeFactory.java,633,RelationalOperatorReplacement,"for (int i = 0, len = expectedTypes.size(); i < len; ++i) {","for (int i = 0, len = expectedTypes.size(); i <= len; ++i) {",33572,
com/fasterxml/jackson/databind/type/TypeFactory.java,1139,RelationalOperatorReplacement,for (int i = 0; i < len; ++i) {,for (int i = 0; i <= len; ++i) {,33587,
com/fasterxml/jackson/databind/type/TypeFactory.java,1606,RelationalOperatorReplacement,for (int i = 0; i < len; ++i) {,for (int i = 0; i <= len; ++i) {,33620,
com/fasterxml/jackson/databind/type/TypeFactory.java,1671,RelationalOperatorReplacement,for (int i = 0; i < intCount; ++i) {,for (int i = 0; i <= intCount; ++i) {,33627,
com/fasterxml/jackson/databind/type/TypeFactory.java,1710,RelationalOperatorReplacement,for (int i = 0; i < paramCount; ++i) {,for (int i = 0; i <= paramCount; ++i) {,33633,
com/fasterxml/jackson/databind/type/TypeParser.java,48,RelationalOperatorReplacement,if (canonical.length() > MAX_TYPE_LENGTH) {,if (canonical.length() >= MAX_TYPE_LENGTH) {,33790,
com/fasterxml/jackson/databind/type/TypeParser.java,90,RelationalOperatorReplacement,if (nestingAllowed < 0) {,if (nestingAllowed <= 0) {,33791,
com/fasterxml/jackson/databind/type/TypeParser.java,126,RelationalOperatorReplacement,if (str.length() <= 1000) {,if (str.length() < 1000) {,33792,
com/fasterxml/jackson/databind/util/ArrayBuilders.java,94,NullifyReturnValue,public final boolean[] _constructArray(int len) { return new boolean[len]; },public final boolean[] _constructArray(int len) { return null; },33842,
com/fasterxml/jackson/databind/util/ArrayBuilders.java,102,NullifyReturnValue,public final byte[] _constructArray(int len) { return new byte[len]; },public final byte[] _constructArray(int len) { return null; },33843,
com/fasterxml/jackson/databind/util/ArrayBuilders.java,109,NullifyReturnValue,public final short[] _constructArray(int len) { return new short[len]; },public final short[] _constructArray(int len) { return null; },33844,
com/fasterxml/jackson/databind/util/ArrayBuilders.java,116,NullifyReturnValue,public final int[] _constructArray(int len) { return new int[len]; },public final int[] _constructArray(int len) { return null; },33845,
com/fasterxml/jackson/databind/util/ArrayBuilders.java,123,NullifyReturnValue,public final long[] _constructArray(int len) { return new long[len]; },public final long[] _constructArray(int len) { return null; },33846,
com/fasterxml/jackson/databind/util/ArrayBuilders.java,131,NullifyReturnValue,public final float[] _constructArray(int len) { return new float[len]; },public final float[] _constructArray(int len) { return null; },33847,
com/fasterxml/jackson/databind/util/ArrayBuilders.java,138,NullifyReturnValue,public final double[] _constructArray(int len) { return new double[len]; },public final double[] _constructArray(int len) { return null; },33848,
com/fasterxml/jackson/databind/util/ArrayBuilders.java,170,RelationalOperatorReplacement,for (int i = 0; i < length; ++i) {,for (int i = 0; i <= length; ++i) {,33864,
com/fasterxml/jackson/databind/util/ArrayBuilders.java,190,RelationalOperatorReplacement,for (int i = 0; i < len; ++i) {,for (int i = 0; i <= len; ++i) {,33868,
com/fasterxml/jackson/databind/util/ArrayBuilders.java,212,RelationalOperatorReplacement,for (int ix = 0; ix < len; ++ix) {,for (int ix = 0; ix <= len; ++ix) {,33869,
com/fasterxml/jackson/databind/util/ArrayBuilders.java,224,RelationalOperatorReplacement,if (left > 0) {,if (left >= 0) {,33872,
com/fasterxml/jackson/databind/util/ArrayBuilders.java,233,RelationalOperatorReplacement,if (len > 0) {,if (len >= 0) {,33873,
com/fasterxml/jackson/databind/util/ArrayIterator.java,23,RelationalOperatorReplacement,public boolean hasNext() { return _index < _a.length; },public boolean hasNext() { return _index <= _a.length; },33907,
com/fasterxml/jackson/databind/util/ArrayIterator.java,27,RelationalOperatorReplacement,if (_index >= _a.length) {,if (_index > _a.length) {,33908,
com/fasterxml/jackson/databind/util/BeanUtil.java,239,RelationalOperatorReplacement,for (; i < end; ++i) {,for (; i <= end; ++i) {,33981,
com/fasterxml/jackson/databind/util/BeanUtil.java,271,RelationalOperatorReplacement,if ((offset + 1) < end) {,if ((offset + 1) <= end) {,33985,
com/fasterxml/jackson/databind/util/BeanUtil.java,304,RelationalOperatorReplacement,"if (className.indexOf('.', 10) >= 0) {","if (className.indexOf('.', 10) > 0) {",33986,
com/fasterxml/jackson/databind/util/ClassUtil.java,706,RelationalOperatorReplacement,while (arrays-- > 0) {,while (arrays-- >= 0) {,34381,
com/fasterxml/jackson/databind/util/ClassUtil.java,743,RelationalOperatorReplacement,if (index > 0) {,if (index >= 0) {,34384,
com/fasterxml/jackson/databind/util/ClassUtil.java,747,RelationalOperatorReplacement,} while (--index > 0);,} while (--index >= 0);,34385,
com/fasterxml/jackson/databind/util/ClassUtil.java,1195,RelationalOperatorReplacement,return getJDKMajorVersion() >= 17;,return getJDKMajorVersion() > 17;,34420,
com/fasterxml/jackson/databind/util/ClassUtil.java,1224,RelationalOperatorReplacement,"String cleaned = (dotIndex < 0) ? version : version.substring(0, dotIndex);","String cleaned = (dotIndex <= 0) ? version : version.substring(0, dotIndex);",34421,
com/fasterxml/jackson/databind/util/ClassUtil.java,1348,RelationalOperatorReplacement,for (int i = 0; i < len; ++i) {,for (int i = 0; i <= len; ++i) {,34426,
com/fasterxml/jackson/databind/util/ClassUtil.java,1515,RelationalOperatorReplacement,if (c < 0) {,if (c <= 0) {,34430,
com/fasterxml/jackson/databind/util/CompactStringObjectMap.java,72,RelationalOperatorReplacement,if (ix >= hashArea.length) {,if (ix > hashArea.length) {,34646,
com/fasterxml/jackson/databind/util/CompactStringObjectMap.java,85,RelationalOperatorReplacement,if (size <= 5) {,if (size < 5) {,34647,
com/fasterxml/jackson/databind/util/CompactStringObjectMap.java,88,RelationalOperatorReplacement,if (size <= 12) {,if (size < 12) {,34648,
com/fasterxml/jackson/databind/util/CompactStringObjectMap.java,93,RelationalOperatorReplacement,while (result < needed) {,while (result <= needed) {,34649,
com/fasterxml/jackson/databind/util/CompactStringObjectMap.java,122,RelationalOperatorReplacement,for (int end = i + _spillCount; i < end; i += 2) {,for (int end = i + _spillCount; i <= end; i += 2) {,34653,
com/fasterxml/jackson/databind/util/CompactStringObjectMap.java,134,RelationalOperatorReplacement,"for (int i = 0, end = _hashArea.length; i < end; i += 2) {","for (int i = 0, end = _hashArea.length; i <= end; i += 2) {",34655,
com/fasterxml/jackson/databind/util/CompactStringObjectMap.java,149,RelationalOperatorReplacement,for (int i = 0; i < end; i += 2) {,for (int i = 0; i <= end; i += 2) {,34657,
com/fasterxml/jackson/databind/util/EnumResolver.java,103,RelationalOperatorReplacement,"for (int i = 0, len = enumConstants.length; i < len; ++i) {","for (int i = 0, len = enumConstants.length; i <= len; ++i) {",34782,
com/fasterxml/jackson/databind/util/EnumResolver.java,142,RelationalOperatorReplacement,"for (int i = 0, len = enumConstants.length; i < len; ++i) {","for (int i = 0, len = enumConstants.length; i <= len; ++i) {",34785,
com/fasterxml/jackson/databind/util/EnumResolver.java,189,RelationalOperatorReplacement,for (int i = enumConstants.length; --i >= 0; ) {,for (int i = enumConstants.length; --i > 0; ) {,34789,
com/fasterxml/jackson/databind/util/EnumResolver.java,231,RelationalOperatorReplacement,for (int i = enumConstants.length; --i >= 0; ) {,for (int i = enumConstants.length; --i > 0; ) {,34793,
com/fasterxml/jackson/databind/util/EnumResolver.java,266,RelationalOperatorReplacement,for (int i = enumConstants.length; --i >= 0; ) {,for (int i = enumConstants.length; --i > 0; ) {,34795,
com/fasterxml/jackson/databind/util/EnumResolver.java,293,RelationalOperatorReplacement,for (int i = enumConstants.length; --i >= 0; ) {,for (int i = enumConstants.length; --i > 0; ) {,34796,
com/fasterxml/jackson/databind/util/EnumResolver.java,331,RelationalOperatorReplacement,for (int i = enumConstants.length; --i >= 0; ) {,for (int i = enumConstants.length; --i > 0; ) {,34798,
com/fasterxml/jackson/databind/util/EnumResolver.java,378,RelationalOperatorReplacement,for (int i = enumConstants.length; --i >= 0; ) {,for (int i = enumConstants.length; --i > 0; ) {,34802,
com/fasterxml/jackson/databind/util/EnumResolver.java,417,RelationalOperatorReplacement,for (int i = enumConstants.length; --i >= 0; ) {,for (int i = enumConstants.length; --i > 0; ) {,34805,
com/fasterxml/jackson/databind/util/EnumResolver.java,455,RelationalOperatorReplacement,for (int i = enumConstants.length; --i >= 0; ) {,for (int i = enumConstants.length; --i > 0; ) {,34807,
com/fasterxml/jackson/databind/util/EnumResolver.java,547,RelationalOperatorReplacement,if (index < 0 || index >= _enums.length) {,if (index <= 0 || index >= _enums.length) {,34817,
com/fasterxml/jackson/databind/util/EnumResolver.java,547,RelationalOperatorReplacement,if (index < 0 || index >= _enums.length) {,if (index < 0 || index > _enums.length) {,34818,
com/fasterxml/jackson/databind/util/EnumValues.java,62,RelationalOperatorReplacement,"for (int i = 0, len = enumValues.length; i < len; ++i) {","for (int i = 0, len = enumValues.length; i <= len; ++i) {",34930,
com/fasterxml/jackson/databind/util/EnumValues.java,88,RelationalOperatorReplacement,"for (int i = 0, len = enumConstants.length; i < len; ++i) {","for (int i = 0, len = enumConstants.length; i <= len; ++i) {",34931,
com/fasterxml/jackson/databind/util/EnumValues.java,116,RelationalOperatorReplacement,for (int i = 0; i < enumConstants.length; i++) {,for (int i = 0; i <= enumConstants.length; i++) {,34933,
com/fasterxml/jackson/databind/util/EnumValues.java,171,RelationalOperatorReplacement,"for (int i = 0, len = enumConstants.length; i < len; i++) {","for (int i = 0, len = enumConstants.length; i <= len; i++) {",34937,
com/fasterxml/jackson/databind/util/EnumValues.java,209,RelationalOperatorReplacement,for (int i = 0; i < len; ++i) {,for (int i = 0; i <= len; ++i) {,34939,
com/fasterxml/jackson/databind/util/ISO8601Utils.java,92,RelationalOperatorReplacement,"(offset < 0 ? '-' : '+'),","(offset <= 0 ? '-' : '+'),",35087,
com/fasterxml/jackson/databind/util/ISO8601Utils.java,144,RelationalOperatorReplacement,if (!hasT && (date.length() <= offset)) {,if (!hasT && (date.length() < offset)) {,35088,
com/fasterxml/jackson/databind/util/ISO8601Utils.java,164,RelationalOperatorReplacement,if (date.length() > offset) {,if (date.length() >= offset) {,35089,
com/fasterxml/jackson/databind/util/ISO8601Utils.java,168,RelationalOperatorReplacement,if (seconds > 59 && seconds < 63) seconds = 59; // truncate up to 3 leap seconds,if (seconds >= 59 && seconds < 63) seconds = 59; // truncate up to 3 leap seconds,35093,
com/fasterxml/jackson/databind/util/ISO8601Utils.java,168,RelationalOperatorReplacement,if (seconds > 59 && seconds < 63) seconds = 59; // truncate up to 3 leap seconds,if (seconds > 59 && seconds <= 63) seconds = 59; // truncate up to 3 leap seconds,35094,
com/fasterxml/jackson/databind/util/ISO8601Utils.java,193,RelationalOperatorReplacement,if (date.length() <= offset) {,if (date.length() < offset) {,35095,
com/fasterxml/jackson/databind/util/ISO8601Utils.java,273,RelationalOperatorReplacement,return (offset < value.length()) && (value.charAt(offset) == expected);,return (offset <= value.length()) && (value.charAt(offset) == expected);,35101,
com/fasterxml/jackson/databind/util/ISO8601Utils.java,286,RelationalOperatorReplacement,if (beginIndex < 0 || endIndex > value.length() || beginIndex > endIndex) {,if (beginIndex <= 0 || endIndex > value.length() || beginIndex > endIndex) {,35103,
com/fasterxml/jackson/databind/util/ISO8601Utils.java,286,RelationalOperatorReplacement,if (beginIndex < 0 || endIndex > value.length() || beginIndex > endIndex) {,if (beginIndex < 0 || endIndex >= value.length() || beginIndex > endIndex) {,35104,
com/fasterxml/jackson/databind/util/ISO8601Utils.java,286,RelationalOperatorReplacement,if (beginIndex < 0 || endIndex > value.length() || beginIndex > endIndex) {,if (beginIndex < 0 || endIndex > value.length() || beginIndex >= endIndex) {,35105,
com/fasterxml/jackson/databind/util/ISO8601Utils.java,293,RelationalOperatorReplacement,if (i < endIndex) {,if (i <= endIndex) {,35106,
com/fasterxml/jackson/databind/util/ISO8601Utils.java,295,RelationalOperatorReplacement,if (digit < 0) {,if (digit <= 0) {,35107,
com/fasterxml/jackson/databind/util/ISO8601Utils.java,300,RelationalOperatorReplacement,while (i < endIndex) {,while (i <= endIndex) {,35108,
com/fasterxml/jackson/databind/util/ISO8601Utils.java,302,RelationalOperatorReplacement,if (digit < 0) {,if (digit <= 0) {,35109,
com/fasterxml/jackson/databind/util/ISO8601Utils.java,315,RelationalOperatorReplacement,for (int i = offset; i < string.length(); i++) {,for (int i = offset; i <= string.length(); i++) {,35110,
com/fasterxml/jackson/databind/util/ISO8601Utils.java,317,RelationalOperatorReplacement,if (c < '0' || c > '9') return i;,if (c <= '0' || c > '9') return i;,35111,
com/fasterxml/jackson/databind/util/ISO8601Utils.java,317,RelationalOperatorReplacement,if (c < '0' || c > '9') return i;,if (c < '0' || c >= '9') return i;,35112,
com/fasterxml/jackson/databind/util/ObjectBuffer.java,81,RelationalOperatorReplacement,if ((_freeBuffer == null) || (_freeBuffer.length < count)) {,if ((_freeBuffer == null) || (_freeBuffer.length <= count)) {,35410,
com/fasterxml/jackson/databind/util/ObjectBuffer.java,114,RelationalOperatorReplacement,if (len < SMALL_CHUNK) {,if (len <= SMALL_CHUNK) {,35412,
com/fasterxml/jackson/databind/util/ObjectBuffer.java,116,RelationalOperatorReplacement,} else if (len < MAX_CHUNK) { // but by +25% for larger (to limit overhead),} else if (len <= MAX_CHUNK) { // but by +25% for larger (to limit overhead),35413,
com/fasterxml/jackson/databind/util/ObjectBuffer.java,163,RelationalOperatorReplacement,"for (int i = 0, len = curr.length; i < len; ++i) {","for (int i = 0, len = curr.length; i <= len; ++i) {",35415,
com/fasterxml/jackson/databind/util/ObjectBuffer.java,168,RelationalOperatorReplacement,for (int i = 0; i < lastChunkEntries; ++i) {,for (int i = 0; i <= lastChunkEntries; ++i) {,35416,
com/fasterxml/jackson/databind/util/PrimitiveArrayBuilder.java,77,RelationalOperatorReplacement,if (nextLen < SMALL_CHUNK_SIZE) {,if (nextLen <= SMALL_CHUNK_SIZE) {,35463,
com/fasterxml/jackson/databind/util/StdConverter.java,38,RelationalOperatorReplacement,if (convType == null || convType.containedTypeCount() < 2) {,if (convType == null || convType.containedTypeCount() <= 2) {,35678,
com/fasterxml/jackson/databind/util/StdDateFormat.java,383,RelationalOperatorReplacement,if (sb.length() > 0) {,if (sb.length() >= 0) {,35861,
com/fasterxml/jackson/databind/util/StdDateFormat.java,415,RelationalOperatorReplacement,while (--i >= 0) {,while (--i > 0) {,35862,
com/fasterxml/jackson/databind/util/StdDateFormat.java,417,RelationalOperatorReplacement,if (ch < '0' || ch > '9') {,if (ch <= '0' || ch > '9') {,35863,
com/fasterxml/jackson/databind/util/StdDateFormat.java,417,RelationalOperatorReplacement,if (ch < '0' || ch > '9') {,if (ch < '0' || ch >= '9') {,35864,
com/fasterxml/jackson/databind/util/StdDateFormat.java,419,RelationalOperatorReplacement,if (i > 0 || ch != '-') {,if (i >= 0 || ch != '-') {,35865,
com/fasterxml/jackson/databind/util/StdDateFormat.java,424,RelationalOperatorReplacement,if ((i < 0),if ((i <= 0),35867,
com/fasterxml/jackson/databind/util/StdDateFormat.java,463,RelationalOperatorReplacement,if (year > 9999) {,if (year >= 9999) {,35871,
com/fasterxml/jackson/databind/util/StdDateFormat.java,490,RelationalOperatorReplacement,buffer.append(offset < 0 ? '-' : '+');,buffer.append(offset <= 0 ? '-' : '+');,35873,
com/fasterxml/jackson/databind/util/StdDateFormat.java,552,RelationalOperatorReplacement,if (h > 99) { // [databind#2167]: handle above 9999 correctly,if (h >= 99) { // [databind#2167]: handle above 9999 correctly,35878,
com/fasterxml/jackson/databind/util/StdDateFormat.java,610,RelationalOperatorReplacement,"if (dateStr.length() >= 7 // really need 10, but...","if (dateStr.length() > 7 // really need 10, but...",35880,
com/fasterxml/jackson/databind/util/StdDateFormat.java,658,RelationalOperatorReplacement,if (totalLen <= 10) {,if (totalLen < 10) {,35884,
com/fasterxml/jackson/databind/util/StdDateFormat.java,678,RelationalOperatorReplacement,"if (len > 1) { // 0 -> none, 1 -> 'Z'","if (len >= 1) { // 0 -> none, 1 -> 'Z'",35885,
com/fasterxml/jackson/databind/util/StdDateFormat.java,681,RelationalOperatorReplacement,if (len >= 5) {,if (len > 5) {,35886,
com/fasterxml/jackson/databind/util/StdDateFormat.java,704,RelationalOperatorReplacement,if ((totalLen > 16) && dateStr.charAt(16) == ':') {,if ((totalLen >= 16) && dateStr.charAt(16) == ':') {,35888,
com/fasterxml/jackson/databind/util/StdDateFormat.java,715,RelationalOperatorReplacement,if (start >= end) { // no fractional,if (start > end) { // no fractional,35890,
com/fasterxml/jackson/databind/util/StdDateFormat.java,724,RelationalOperatorReplacement,if (fractLen > 9) { // only allow up to nanos,if (fractLen >= 9) { // only allow up to nanos,35891,
com/fasterxml/jackson/databind/util/TokenBuffer.java,1791,NullifyReturnValue,return (str == null) ? null : str.toCharArray();,return null;,36203,
com/fasterxml/jackson/databind/util/TokenBuffer.java,2074,NullifyReturnValue,return (byte[]) ob;,return null;,36235,
com/fasterxml/jackson/databind/util/TokenBuffer.java,2083,NullifyReturnValue,return null;,return null;,36236,
com/fasterxml/jackson/databind/util/TokenBuffer.java,2092,NullifyReturnValue,return builder.toByteArray();,return null;,36237,
com/fasterxml/jackson/databind/util/TokenBuffer.java,380,RelationalOperatorReplacement,if (++ptr >= Segment.TOKENS_PER_SEGMENT) {,if (++ptr > Segment.TOKENS_PER_SEGMENT) {,36258,
com/fasterxml/jackson/databind/util/TokenBuffer.java,558,RelationalOperatorReplacement,if (count < MAX_COUNT) {,if (count <= MAX_COUNT) {,36267,
com/fasterxml/jackson/databind/util/TokenBuffer.java,559,RelationalOperatorReplacement,if (count > 0) {,if (count >= 0) {,36268,
com/fasterxml/jackson/databind/util/TokenBuffer.java,575,RelationalOperatorReplacement,if (count >= MAX_COUNT) {,if (count > MAX_COUNT) {,36270,
com/fasterxml/jackson/databind/util/TokenBuffer.java,821,RelationalOperatorReplacement,int toRead = (len >= 0) ? len : Integer.MAX_VALUE;,int toRead = (len > 0) ? len : Integer.MAX_VALUE;,36279,
com/fasterxml/jackson/databind/util/TokenBuffer.java,828,RelationalOperatorReplacement,while (toRead > 0) {,while (toRead >= 0) {,36280,
com/fasterxml/jackson/databind/util/TokenBuffer.java,831,RelationalOperatorReplacement,if (numRead <= 0) {,if (numRead < 0) {,36281,
com/fasterxml/jackson/databind/util/TokenBuffer.java,837,RelationalOperatorReplacement,if (toRead > 0 && len >= 0) {,if (toRead >= 0 && len >= 0) {,36282,
com/fasterxml/jackson/databind/util/TokenBuffer.java,837,RelationalOperatorReplacement,if (toRead > 0 && len >= 0) {,if (toRead > 0 && len > 0) {,36283,
com/fasterxml/jackson/databind/util/TokenBuffer.java,889,RelationalOperatorReplacement,if (offset > 0 || len != text.length()) {,if (offset >= 0 || len != text.length()) {,36284,
com/fasterxml/jackson/databind/util/TokenBuffer.java,1619,RelationalOperatorReplacement,if (ptr >= Segment.TOKENS_PER_SEGMENT) {,if (ptr > Segment.TOKENS_PER_SEGMENT) {,36305,
com/fasterxml/jackson/databind/util/TokenBuffer.java,1652,RelationalOperatorReplacement,if (++_segmentPtr >= Segment.TOKENS_PER_SEGMENT) {,if (++_segmentPtr > Segment.TOKENS_PER_SEGMENT) {,36309,
com/fasterxml/jackson/databind/util/TokenBuffer.java,1688,RelationalOperatorReplacement,if ((ptr < Segment.TOKENS_PER_SEGMENT) && (_segment.type(ptr) == JsonToken.FIELD_NAME)) {,if ((ptr <= Segment.TOKENS_PER_SEGMENT) && (_segment.type(ptr) == JsonToken.FIELD_NAME)) {,36317,
com/fasterxml/jackson/databind/util/TokenBuffer.java,1953,RelationalOperatorReplacement,|| (len >= 19)) {,|| (len > 19)) {,36334,
com/fasterxml/jackson/databind/util/TokenBuffer.java,1958,RelationalOperatorReplacement,if (len >= 10) {,if (len > 10) {,36335,
com/fasterxml/jackson/databind/util/TokenBuffer.java,2000,RelationalOperatorReplacement,if (BI_MIN_INT.compareTo(big) > 0,if (BI_MIN_INT.compareTo(big) >= 0,36338,
com/fasterxml/jackson/databind/util/TokenBuffer.java,2001,RelationalOperatorReplacement,|| BI_MAX_INT.compareTo(big) < 0) {,|| BI_MAX_INT.compareTo(big) <= 0) {,36339,
com/fasterxml/jackson/databind/util/TokenBuffer.java,2007,RelationalOperatorReplacement,if (d < MIN_INT_D || d > MAX_INT_D) {,if (d <= MIN_INT_D || d > MAX_INT_D) {,36340,
com/fasterxml/jackson/databind/util/TokenBuffer.java,2007,RelationalOperatorReplacement,if (d < MIN_INT_D || d > MAX_INT_D) {,if (d < MIN_INT_D || d >= MAX_INT_D) {,36341,
com/fasterxml/jackson/databind/util/TokenBuffer.java,2013,RelationalOperatorReplacement,if (BD_MIN_INT.compareTo(big) > 0,if (BD_MIN_INT.compareTo(big) >= 0,36342,
com/fasterxml/jackson/databind/util/TokenBuffer.java,2014,RelationalOperatorReplacement,|| BD_MAX_INT.compareTo(big) < 0) {,|| BD_MAX_INT.compareTo(big) <= 0) {,36343,
com/fasterxml/jackson/databind/util/TokenBuffer.java,2027,RelationalOperatorReplacement,if (BI_MIN_LONG.compareTo(big) > 0,if (BI_MIN_LONG.compareTo(big) >= 0,36344,
com/fasterxml/jackson/databind/util/TokenBuffer.java,2028,RelationalOperatorReplacement,|| BI_MAX_LONG.compareTo(big) < 0) {,|| BI_MAX_LONG.compareTo(big) <= 0) {,36345,
com/fasterxml/jackson/databind/util/TokenBuffer.java,2034,RelationalOperatorReplacement,if (d < MIN_LONG_D || d > MAX_LONG_D) {,if (d <= MIN_LONG_D || d > MAX_LONG_D) {,36346,
com/fasterxml/jackson/databind/util/TokenBuffer.java,2034,RelationalOperatorReplacement,if (d < MIN_LONG_D || d > MAX_LONG_D) {,if (d < MIN_LONG_D || d >= MAX_LONG_D) {,36347,
com/fasterxml/jackson/databind/util/TokenBuffer.java,2040,RelationalOperatorReplacement,if (BD_MIN_LONG.compareTo(big) > 0,if (BD_MIN_LONG.compareTo(big) >= 0,36348,
com/fasterxml/jackson/databind/util/TokenBuffer.java,2041,RelationalOperatorReplacement,|| BD_MAX_LONG.compareTo(big) < 0) {,|| BD_MAX_LONG.compareTo(big) <= 0) {,36349,
com/fasterxml/jackson/databind/util/TokenBuffer.java,2208,RelationalOperatorReplacement,if (index > 0) {,if (index >= 0) {,36357,
com/fasterxml/jackson/databind/util/TokenBuffer.java,2218,RelationalOperatorReplacement,if (index > 0) {,if (index >= 0) {,36358,
com/fasterxml/jackson/databind/util/TokenBuffer.java,2242,RelationalOperatorReplacement,if (index < TOKENS_PER_SEGMENT) {,if (index <= TOKENS_PER_SEGMENT) {,36360,
com/fasterxml/jackson/databind/util/TokenBuffer.java,2254,RelationalOperatorReplacement,if (index < TOKENS_PER_SEGMENT) {,if (index <= TOKENS_PER_SEGMENT) {,36361,
com/fasterxml/jackson/databind/util/TokenBuffer.java,2265,RelationalOperatorReplacement,if (index < TOKENS_PER_SEGMENT) {,if (index <= TOKENS_PER_SEGMENT) {,36362,
com/fasterxml/jackson/databind/util/TokenBuffer.java,2277,RelationalOperatorReplacement,if (index < TOKENS_PER_SEGMENT) {,if (index <= TOKENS_PER_SEGMENT) {,36363,
com/fasterxml/jackson/databind/util/TokenBuffer.java,2338,RelationalOperatorReplacement,if (index > 0) {,if (index >= 0) {,36364,
com/fasterxml/jackson/databind/util/TokenBuffer.java,2348,RelationalOperatorReplacement,if (index > 0) {,if (index >= 0) {,36365,
com/fasterxml/jackson/databind/util/TokenBuffer.java,2359,RelationalOperatorReplacement,if (index > 0) {,if (index >= 0) {,36366,
com/fasterxml/jackson/databind/util/TokenBuffer.java,2370,RelationalOperatorReplacement,if (index > 0) {,if (index >= 0) {,36367,
com/fasterxml/jackson/databind/util/ViewMatcher.java,59,RelationalOperatorReplacement,"for (int i = 0, len = _views.length; i < len; ++i) {","for (int i = 0, len = _views.length; i <= len; ++i) {",36726,
com/fasterxml/jackson/databind/util/internal/PrivateMaxEntriesMap.java,263,RelationalOperatorReplacement,checkArgument(capacity >= 0);,checkArgument(capacity > 0);,37031,
com/fasterxml/jackson/databind/util/internal/PrivateMaxEntriesMap.java,277,RelationalOperatorReplacement,return weightedSize.get() > capacity.get();,return weightedSize.get() >= capacity.get();,37032,
com/fasterxml/jackson/databind/util/internal/PrivateMaxEntriesMap.java,355,RelationalOperatorReplacement,final boolean delayable = (pending < READ_BUFFER_THRESHOLD);,final boolean delayable = (pending <= READ_BUFFER_THRESHOLD);,37034,
com/fasterxml/jackson/databind/util/internal/PrivateMaxEntriesMap.java,401,RelationalOperatorReplacement,for (int i = start; i < end; i++) {,for (int i = start; i <= end; i++) {,37035,
com/fasterxml/jackson/databind/util/internal/PrivateMaxEntriesMap.java,410,RelationalOperatorReplacement,for (int i = 0; i < READ_BUFFER_DRAIN_THRESHOLD; i++) {,for (int i = 0; i <= READ_BUFFER_DRAIN_THRESHOLD; i++) {,37036,
com/fasterxml/jackson/databind/util/internal/PrivateMaxEntriesMap.java,440,RelationalOperatorReplacement,for (int i = 0; i < WRITE_BUFFER_DRAIN_THRESHOLD; i++) {,for (int i = 0; i <= WRITE_BUFFER_DRAIN_THRESHOLD; i++) {,37038,
com/fasterxml/jackson/databind/util/internal/PrivateMaxEntriesMap.java,585,RelationalOperatorReplacement,for (int i = 0; i < readBuffers.length(); i++) {,for (int i = 0; i <= readBuffers.length(); i++) {,37041,
com/fasterxml/jackson/databind/util/internal/PrivateMaxEntriesMap.java,851,RelationalOperatorReplacement,return weight > 0;,return weight >= 0;,37057,
com/fasterxml/jackson/databind/util/internal/PrivateMaxEntriesMap.java,1180,RelationalOperatorReplacement,checkArgument(initialCapacity >= 0);,checkArgument(initialCapacity > 0);,37063,
com/fasterxml/jackson/databind/util/internal/PrivateMaxEntriesMap.java,1193,RelationalOperatorReplacement,checkArgument(capacity >= 0);,checkArgument(capacity > 0);,37064,
com/fasterxml/jackson/databind/util/internal/PrivateMaxEntriesMap.java,1209,RelationalOperatorReplacement,checkArgument(concurrencyLevel > 0);,checkArgument(concurrencyLevel >= 0);,37065,
com/fasterxml/jackson/databind/util/internal/PrivateMaxEntriesMap.java,1221,RelationalOperatorReplacement,checkState(capacity >= 0);,checkState(capacity > 0);,37066,
