file,line,operator,before,after,mutant_id,paper_category
com/fasterxml/jackson/dataformat/xml/DefaultingXmlTypeResolverBuilder.java,68,RelationalOperatorReplacement,if (_customIdResolver != null) {,if (_customIdResolver == null) {,1,
com/fasterxml/jackson/dataformat/xml/DefaultingXmlTypeResolverBuilder.java,49,NullifyReturnValue,return this;,return null;,10,
com/fasterxml/jackson/dataformat/xml/DefaultingXmlTypeResolverBuilder.java,68,RemoveNullCheck,if (_customIdResolver != null) {,if (true) {,11,
com/fasterxml/jackson/dataformat/xml/DefaultingXmlTypeResolverBuilder.java,56,RemoveNullCheck,if (typeIdPropName == null || typeIdPropName.length() == 0) {,if (false || typeIdPropName.length() == 0) {,12,
com/fasterxml/jackson/dataformat/xml/DefaultingXmlTypeResolverBuilder.java,46,RemoveNullCheck,if (_typeProperty != null) {,if (true) {,13,
com/fasterxml/jackson/dataformat/xml/DefaultingXmlTypeResolverBuilder.java,56,ConditionalOperatorReplacement,if (typeIdPropName == null || typeIdPropName.length() == 0) {,if (typeIdPropName == null && typeIdPropName.length() == 0) {,14,
com/fasterxml/jackson/dataformat/xml/DefaultingXmlTypeResolverBuilder.java,67,NullifyInputVariable,{,{ subtypes = null;,15,
com/fasterxml/jackson/dataformat/xml/DefaultingXmlTypeResolverBuilder.java,67,NullifyInputVariable,{,{ subtypeValidator = null;,16,
com/fasterxml/jackson/dataformat/xml/DefaultingXmlTypeResolverBuilder.java,67,NullifyInputVariable,{,{ baseType = null;,17,
com/fasterxml/jackson/dataformat/xml/DefaultingXmlTypeResolverBuilder.java,67,NullifyInputVariable,{,{ config = null;,18,
com/fasterxml/jackson/dataformat/xml/DefaultingXmlTypeResolverBuilder.java,54,NullifyInputVariable,{,{ typeIdPropName = null;,19,
com/fasterxml/jackson/dataformat/xml/DefaultingXmlTypeResolverBuilder.java,56,RelationalOperatorReplacement,if (typeIdPropName == null || typeIdPropName.length() == 0) {,if (typeIdPropName == null || typeIdPropName.length() != 0) {,2,
com/fasterxml/jackson/dataformat/xml/DefaultingXmlTypeResolverBuilder.java,44,NullifyInputVariable,{,{ idRes = null;,20,
com/fasterxml/jackson/dataformat/xml/DefaultingXmlTypeResolverBuilder.java,44,NullifyInputVariable,{,{ idType = null;,21,
com/fasterxml/jackson/dataformat/xml/DefaultingXmlTypeResolverBuilder.java,77,NullifyObjectInitialization,"return new XmlTypeResolverBuilder.XmlMinimalClassNameIdResolver(baseType, config.getTypeFactory(),",return null;,22,
com/fasterxml/jackson/dataformat/xml/DefaultingXmlTypeResolverBuilder.java,74,NullifyObjectInitialization,"return new XmlTypeResolverBuilder.XmlClassNameIdResolver(baseType, config.getTypeFactory(),",return null;,23,
com/fasterxml/jackson/dataformat/xml/DefaultingXmlTypeResolverBuilder.java,67,RemoveMethod,{,{,24,
com/fasterxml/jackson/dataformat/xml/DefaultingXmlTypeResolverBuilder.java,54,RemoveMethod,{,{,25,
com/fasterxml/jackson/dataformat/xml/DefaultingXmlTypeResolverBuilder.java,44,RemoveMethod,{,{,26,
com/fasterxml/jackson/dataformat/xml/DefaultingXmlTypeResolverBuilder.java,56,RelationalOperatorReplacement,if (typeIdPropName == null || typeIdPropName.length() == 0) {,if (typeIdPropName != null || typeIdPropName.length() == 0) {,3,
com/fasterxml/jackson/dataformat/xml/DefaultingXmlTypeResolverBuilder.java,46,RelationalOperatorReplacement,if (_typeProperty != null) {,if (_typeProperty == null) {,4,
com/fasterxml/jackson/dataformat/xml/DefaultingXmlTypeResolverBuilder.java,81,NullifyReturnValue,"return super.idResolver(config, baseType, subtypeValidator, subtypes, forSer, forDeser);",return null;,5,
com/fasterxml/jackson/dataformat/xml/DefaultingXmlTypeResolverBuilder.java,77,NullifyReturnValue,"return new XmlTypeResolverBuilder.XmlMinimalClassNameIdResolver(baseType, config.getTypeFactory(),",return null;,6,
com/fasterxml/jackson/dataformat/xml/DefaultingXmlTypeResolverBuilder.java,74,NullifyReturnValue,"return new XmlTypeResolverBuilder.XmlClassNameIdResolver(baseType, config.getTypeFactory(),",return null;,7,
com/fasterxml/jackson/dataformat/xml/DefaultingXmlTypeResolverBuilder.java,69,NullifyReturnValue,return _customIdResolver;,return null;,8,
com/fasterxml/jackson/dataformat/xml/DefaultingXmlTypeResolverBuilder.java,60,NullifyReturnValue,return this;,return null;,9,
com/fasterxml/jackson/dataformat/xml/JacksonXmlAnnotationIntrospector.java,252,RelationalOperatorReplacement,if (pann != null) {,if (pann == null) {,1,
com/fasterxml/jackson/dataformat/xml/JacksonXmlAnnotationIntrospector.java,122,RelationalOperatorReplacement,if (xmlProp != null) {,if (xmlProp == null) {,10,
com/fasterxml/jackson/dataformat/xml/JacksonXmlAnnotationIntrospector.java,103,RelationalOperatorReplacement,if (local.length() == 0 && ns.length() == 0) {,if (local.length() == 0 && ns.length() != 0) {,11,
com/fasterxml/jackson/dataformat/xml/JacksonXmlAnnotationIntrospector.java,103,RelationalOperatorReplacement,if (local.length() == 0 && ns.length() == 0) {,if (local.length() != 0 && ns.length() == 0) {,12,
com/fasterxml/jackson/dataformat/xml/JacksonXmlAnnotationIntrospector.java,99,RelationalOperatorReplacement,if (root != null) {,if (root == null) {,13,
com/fasterxml/jackson/dataformat/xml/JacksonXmlAnnotationIntrospector.java,82,RelationalOperatorReplacement,if (localName == null || localName.length() == 0) {,if (localName == null || localName.length() != 0) {,14,
com/fasterxml/jackson/dataformat/xml/JacksonXmlAnnotationIntrospector.java,82,RelationalOperatorReplacement,if (localName == null || localName.length() == 0) {,if (localName != null || localName.length() == 0) {,15,
com/fasterxml/jackson/dataformat/xml/JacksonXmlAnnotationIntrospector.java,75,RelationalOperatorReplacement,if (w != null) {,if (w == null) {,16,
com/fasterxml/jackson/dataformat/xml/JacksonXmlAnnotationIntrospector.java,255,NullifyReturnValue,return null;,return null;,17,
com/fasterxml/jackson/dataformat/xml/JacksonXmlAnnotationIntrospector.java,253,NullifyReturnValue,"return PropertyName.construct(pann.localName(), pann.namespace());",return null;,18,
com/fasterxml/jackson/dataformat/xml/JacksonXmlAnnotationIntrospector.java,240,NullifyReturnValue,return new XmlTypeResolverBuilder(typeInfo);,return null;,19,
com/fasterxml/jackson/dataformat/xml/JacksonXmlAnnotationIntrospector.java,215,RelationalOperatorReplacement,if (pn == null) {,if (pn != null) {,2,
com/fasterxml/jackson/dataformat/xml/JacksonXmlAnnotationIntrospector.java,235,NullifyReturnValue,return new XmlTypeResolverBuilder();,return null;,20,
com/fasterxml/jackson/dataformat/xml/JacksonXmlAnnotationIntrospector.java,220,NullifyReturnValue,return pn;,return null;,21,
com/fasterxml/jackson/dataformat/xml/JacksonXmlAnnotationIntrospector.java,217,NullifyReturnValue,return PropertyName.USE_DEFAULT;,return null;,22,
com/fasterxml/jackson/dataformat/xml/JacksonXmlAnnotationIntrospector.java,207,NullifyReturnValue,return pn;,return null;,23,
com/fasterxml/jackson/dataformat/xml/JacksonXmlAnnotationIntrospector.java,204,NullifyReturnValue,return PropertyName.USE_DEFAULT;,return null;,24,
com/fasterxml/jackson/dataformat/xml/JacksonXmlAnnotationIntrospector.java,188,NullifyReturnValue,return null;,return null;,25,
com/fasterxml/jackson/dataformat/xml/JacksonXmlAnnotationIntrospector.java,186,NullifyReturnValue,return prop.value() ? Boolean.TRUE : Boolean.FALSE;,return null;,26,
com/fasterxml/jackson/dataformat/xml/JacksonXmlAnnotationIntrospector.java,179,NullifyReturnValue,return null;,return null;,27,
com/fasterxml/jackson/dataformat/xml/JacksonXmlAnnotationIntrospector.java,177,NullifyReturnValue,return prop.value() ? Boolean.TRUE : Boolean.FALSE;,return null;,28,
com/fasterxml/jackson/dataformat/xml/JacksonXmlAnnotationIntrospector.java,169,NullifyReturnValue,return null;,return null;,29,
com/fasterxml/jackson/dataformat/xml/JacksonXmlAnnotationIntrospector.java,202,RelationalOperatorReplacement,if (pn == null) {,if (pn != null) {,3,
com/fasterxml/jackson/dataformat/xml/JacksonXmlAnnotationIntrospector.java,167,NullifyReturnValue,return prop.isAttribute() ? Boolean.TRUE : Boolean.FALSE;,return null;,30,
com/fasterxml/jackson/dataformat/xml/JacksonXmlAnnotationIntrospector.java,140,NullifyReturnValue,return ns1;,return null;,31,
com/fasterxml/jackson/dataformat/xml/JacksonXmlAnnotationIntrospector.java,138,NullifyReturnValue,return ns2;,return null;,32,
com/fasterxml/jackson/dataformat/xml/JacksonXmlAnnotationIntrospector.java,135,NullifyReturnValue,return ns1;,return null;,33,
com/fasterxml/jackson/dataformat/xml/JacksonXmlAnnotationIntrospector.java,132,NullifyReturnValue,return ns2;,return null;,34,
com/fasterxml/jackson/dataformat/xml/JacksonXmlAnnotationIntrospector.java,108,NullifyReturnValue,return super.findRootName(ac);,return null;,35,
com/fasterxml/jackson/dataformat/xml/JacksonXmlAnnotationIntrospector.java,106,NullifyReturnValue,"return new PropertyName(local, ns);",return null;,36,
com/fasterxml/jackson/dataformat/xml/JacksonXmlAnnotationIntrospector.java,104,NullifyReturnValue,return PropertyName.USE_DEFAULT;,return null;,37,
com/fasterxml/jackson/dataformat/xml/JacksonXmlAnnotationIntrospector.java,92,NullifyReturnValue,return null;,return null;,38,
com/fasterxml/jackson/dataformat/xml/JacksonXmlAnnotationIntrospector.java,90,NullifyReturnValue,return PropertyName.USE_DEFAULT;,return null;,39,
com/fasterxml/jackson/dataformat/xml/JacksonXmlAnnotationIntrospector.java,185,RelationalOperatorReplacement,if (prop != null) {,if (prop == null) {,4,
com/fasterxml/jackson/dataformat/xml/JacksonXmlAnnotationIntrospector.java,85,NullifyReturnValue,"return PropertyName.construct(w.localName(), w.namespace());",return null;,40,
com/fasterxml/jackson/dataformat/xml/JacksonXmlAnnotationIntrospector.java,83,NullifyReturnValue,return PropertyName.USE_DEFAULT;,return null;,41,
com/fasterxml/jackson/dataformat/xml/JacksonXmlAnnotationIntrospector.java,78,NullifyReturnValue,return PropertyName.NO_NAME;,return null;,42,
com/fasterxml/jackson/dataformat/xml/JacksonXmlAnnotationIntrospector.java,252,RemoveNullCheck,if (pann != null) {,if (true) {,43,
com/fasterxml/jackson/dataformat/xml/JacksonXmlAnnotationIntrospector.java,215,RemoveNullCheck,if (pn == null) {,if (false) {,44,
com/fasterxml/jackson/dataformat/xml/JacksonXmlAnnotationIntrospector.java,202,RemoveNullCheck,if (pn == null) {,if (false) {,45,
com/fasterxml/jackson/dataformat/xml/JacksonXmlAnnotationIntrospector.java,185,RemoveNullCheck,if (prop != null) {,if (true) {,46,
com/fasterxml/jackson/dataformat/xml/JacksonXmlAnnotationIntrospector.java,176,RemoveNullCheck,if (prop != null) {,if (true) {,47,
com/fasterxml/jackson/dataformat/xml/JacksonXmlAnnotationIntrospector.java,166,RemoveNullCheck,if (prop != null) {,if (true) {,48,
com/fasterxml/jackson/dataformat/xml/JacksonXmlAnnotationIntrospector.java,134,RemoveNullCheck,if (ns2 == null) {,if (false) {,49,
com/fasterxml/jackson/dataformat/xml/JacksonXmlAnnotationIntrospector.java,176,RelationalOperatorReplacement,if (prop != null) {,if (prop == null) {,5,
com/fasterxml/jackson/dataformat/xml/JacksonXmlAnnotationIntrospector.java,131,RemoveNullCheck,if (ns1 == null) {,if (false) {,50,
com/fasterxml/jackson/dataformat/xml/JacksonXmlAnnotationIntrospector.java,128,RemoveNullCheck,if (jprop != null) {,if (true) {,51,
com/fasterxml/jackson/dataformat/xml/JacksonXmlAnnotationIntrospector.java,122,RemoveNullCheck,if (xmlProp != null) {,if (true) {,52,
com/fasterxml/jackson/dataformat/xml/JacksonXmlAnnotationIntrospector.java,99,RemoveNullCheck,if (root != null) {,if (true) {,53,
com/fasterxml/jackson/dataformat/xml/JacksonXmlAnnotationIntrospector.java,82,RemoveNullCheck,if (localName == null || localName.length() == 0) {,if (false || localName.length() == 0) {,54,
com/fasterxml/jackson/dataformat/xml/JacksonXmlAnnotationIntrospector.java,75,RemoveNullCheck,if (w != null) {,if (true) {,55,
com/fasterxml/jackson/dataformat/xml/JacksonXmlAnnotationIntrospector.java,77,ConditionalOperatorDeletion,if (!w.useWrapping()) {,if ( w.useWrapping()) {,56,
com/fasterxml/jackson/dataformat/xml/JacksonXmlAnnotationIntrospector.java,103,ConditionalOperatorReplacement,if (local.length() == 0 && ns.length() == 0) {,if (local.length() == 0 || ns.length() == 0) {,57,
com/fasterxml/jackson/dataformat/xml/JacksonXmlAnnotationIntrospector.java,82,ConditionalOperatorReplacement,if (localName == null || localName.length() == 0) {,if (localName == null && localName.length() == 0) {,58,
com/fasterxml/jackson/dataformat/xml/JacksonXmlAnnotationIntrospector.java,250,NullifyInputVariable,{,{ a = null;,59,
com/fasterxml/jackson/dataformat/xml/JacksonXmlAnnotationIntrospector.java,166,RelationalOperatorReplacement,if (prop != null) {,if (prop == null) {,6,
com/fasterxml/jackson/dataformat/xml/JacksonXmlAnnotationIntrospector.java,239,NullifyInputVariable,"protected TypeResolverBuilder<?> _constructStdTypeResolverBuilder(MapperConfig<?> config, JsonTypeInfo.Value typeInfo, JavaType baseType) {","protected TypeResolverBuilder<?> _constructStdTypeResolverBuilder(MapperConfig<?> config, JsonTypeInfo.Value typeInfo, JavaType baseType) { baseType = null;",60,
com/fasterxml/jackson/dataformat/xml/JacksonXmlAnnotationIntrospector.java,239,NullifyInputVariable,"protected TypeResolverBuilder<?> _constructStdTypeResolverBuilder(MapperConfig<?> config, JsonTypeInfo.Value typeInfo, JavaType baseType) {","protected TypeResolverBuilder<?> _constructStdTypeResolverBuilder(MapperConfig<?> config, JsonTypeInfo.Value typeInfo, JavaType baseType) { typeInfo = null;",61,
com/fasterxml/jackson/dataformat/xml/JacksonXmlAnnotationIntrospector.java,239,NullifyInputVariable,"protected TypeResolverBuilder<?> _constructStdTypeResolverBuilder(MapperConfig<?> config, JsonTypeInfo.Value typeInfo, JavaType baseType) {","protected TypeResolverBuilder<?> _constructStdTypeResolverBuilder(MapperConfig<?> config, JsonTypeInfo.Value typeInfo, JavaType baseType) { config = null;",62,
com/fasterxml/jackson/dataformat/xml/JacksonXmlAnnotationIntrospector.java,212,NullifyInputVariable,{,{ a = null;,63,
com/fasterxml/jackson/dataformat/xml/JacksonXmlAnnotationIntrospector.java,199,NullifyInputVariable,{,{ a = null;,64,
com/fasterxml/jackson/dataformat/xml/JacksonXmlAnnotationIntrospector.java,183,NullifyInputVariable,"public Boolean isOutputAsCData(MapperConfig<?> config, Annotated ann) {","public Boolean isOutputAsCData(MapperConfig<?> config, Annotated ann) { ann = null;",65,
com/fasterxml/jackson/dataformat/xml/JacksonXmlAnnotationIntrospector.java,183,NullifyInputVariable,"public Boolean isOutputAsCData(MapperConfig<?> config, Annotated ann) {","public Boolean isOutputAsCData(MapperConfig<?> config, Annotated ann) { config = null;",66,
com/fasterxml/jackson/dataformat/xml/JacksonXmlAnnotationIntrospector.java,174,NullifyInputVariable,{,{ ann = null;,67,
com/fasterxml/jackson/dataformat/xml/JacksonXmlAnnotationIntrospector.java,174,NullifyInputVariable,{,{ config = null;,68,
com/fasterxml/jackson/dataformat/xml/JacksonXmlAnnotationIntrospector.java,164,NullifyInputVariable,{,{ ann = null;,69,
com/fasterxml/jackson/dataformat/xml/JacksonXmlAnnotationIntrospector.java,134,RelationalOperatorReplacement,if (ns2 == null) {,if (ns2 != null) {,7,
com/fasterxml/jackson/dataformat/xml/JacksonXmlAnnotationIntrospector.java,164,NullifyInputVariable,{,{ config = null;,70,
com/fasterxml/jackson/dataformat/xml/JacksonXmlAnnotationIntrospector.java,152,NullifyInputVariable,List<BeanPropertyWriter> properties) {,List<BeanPropertyWriter> properties) { properties = null;,71,
com/fasterxml/jackson/dataformat/xml/JacksonXmlAnnotationIntrospector.java,152,NullifyInputVariable,List<BeanPropertyWriter> properties) {,List<BeanPropertyWriter> properties) { ac = null;,72,
com/fasterxml/jackson/dataformat/xml/JacksonXmlAnnotationIntrospector.java,152,NullifyInputVariable,List<BeanPropertyWriter> properties) {,List<BeanPropertyWriter> properties) { config = null;,73,
com/fasterxml/jackson/dataformat/xml/JacksonXmlAnnotationIntrospector.java,119,NullifyInputVariable,{,{ ann = null;,74,
com/fasterxml/jackson/dataformat/xml/JacksonXmlAnnotationIntrospector.java,119,NullifyInputVariable,{,{ config = null;,75,
com/fasterxml/jackson/dataformat/xml/JacksonXmlAnnotationIntrospector.java,97,NullifyInputVariable,{,{ ac = null;,76,
com/fasterxml/jackson/dataformat/xml/JacksonXmlAnnotationIntrospector.java,73,NullifyInputVariable,{,{ ann = null;,77,
com/fasterxml/jackson/dataformat/xml/JacksonXmlAnnotationIntrospector.java,240,NullifyObjectInitialization,return new XmlTypeResolverBuilder(typeInfo);,return null;,78,
com/fasterxml/jackson/dataformat/xml/JacksonXmlAnnotationIntrospector.java,235,NullifyObjectInitialization,return new XmlTypeResolverBuilder();,return null;,79,
com/fasterxml/jackson/dataformat/xml/JacksonXmlAnnotationIntrospector.java,131,RelationalOperatorReplacement,if (ns1 == null) {,if (ns1 != null) {,8,
com/fasterxml/jackson/dataformat/xml/JacksonXmlAnnotationIntrospector.java,106,NullifyObjectInitialization,"return new PropertyName(local, ns);",return null;,80,
com/fasterxml/jackson/dataformat/xml/JacksonXmlAnnotationIntrospector.java,250,RemoveMethod,{,{,81,
com/fasterxml/jackson/dataformat/xml/JacksonXmlAnnotationIntrospector.java,239,RemoveMethod,"protected TypeResolverBuilder<?> _constructStdTypeResolverBuilder(MapperConfig<?> config, JsonTypeInfo.Value typeInfo, JavaType baseType) {","protected TypeResolverBuilder<?> _constructStdTypeResolverBuilder(MapperConfig<?> config, JsonTypeInfo.Value typeInfo, JavaType baseType) {",82,
com/fasterxml/jackson/dataformat/xml/JacksonXmlAnnotationIntrospector.java,234,RemoveMethod,protected StdTypeResolverBuilder _constructStdTypeResolverBuilder() {,protected StdTypeResolverBuilder _constructStdTypeResolverBuilder() {,83,
com/fasterxml/jackson/dataformat/xml/JacksonXmlAnnotationIntrospector.java,212,RemoveMethod,{,{,84,
com/fasterxml/jackson/dataformat/xml/JacksonXmlAnnotationIntrospector.java,199,RemoveMethod,{,{,85,
com/fasterxml/jackson/dataformat/xml/JacksonXmlAnnotationIntrospector.java,183,RemoveMethod,"public Boolean isOutputAsCData(MapperConfig<?> config, Annotated ann) {","public Boolean isOutputAsCData(MapperConfig<?> config, Annotated ann) {",86,
com/fasterxml/jackson/dataformat/xml/JacksonXmlAnnotationIntrospector.java,174,RemoveMethod,{,{,87,
com/fasterxml/jackson/dataformat/xml/JacksonXmlAnnotationIntrospector.java,164,RemoveMethod,{,{,88,
com/fasterxml/jackson/dataformat/xml/JacksonXmlAnnotationIntrospector.java,152,RemoveMethod,List<BeanPropertyWriter> properties) {,List<BeanPropertyWriter> properties) {,89,
com/fasterxml/jackson/dataformat/xml/JacksonXmlAnnotationIntrospector.java,128,RelationalOperatorReplacement,if (jprop != null) {,if (jprop == null) {,9,
com/fasterxml/jackson/dataformat/xml/JacksonXmlAnnotationIntrospector.java,119,RemoveMethod,{,{,90,
com/fasterxml/jackson/dataformat/xml/JacksonXmlAnnotationIntrospector.java,119,RemoveMethod,{,{,91,
com/fasterxml/jackson/dataformat/xml/JacksonXmlAnnotationIntrospector.java,97,RemoveMethod,{,{,92,
com/fasterxml/jackson/dataformat/xml/JacksonXmlAnnotationIntrospector.java,73,RemoveMethod,{,{,93,
com/fasterxml/jackson/dataformat/xml/JacksonXmlAnnotationIntrospector.java,61,RemoveMethod,public void setDefaultUseWrapper(boolean b) {,public void setDefaultUseWrapper(boolean b) {,94,
com/fasterxml/jackson/dataformat/xml/JacksonXmlModule.java,81,RelationalOperatorReplacement,if (_cfgNameForTextElement != FromXmlParser.DEFAULT_UNNAMED_TEXT_PROPERTY) {,if (_cfgNameForTextElement == FromXmlParser.DEFAULT_UNNAMED_TEXT_PROPERTY) {,1,
com/fasterxml/jackson/dataformat/xml/JacksonXmlModule.java,74,NullifyObjectInitialization,context.addBeanSerializerModifier(new XmlBeanSerializerModifier());,context.addBeanSerializerModifier(null);,10,
com/fasterxml/jackson/dataformat/xml/JacksonXmlModule.java,161,RemoveMethod,protected AnnotationIntrospector _constructIntrospector() {,protected AnnotationIntrospector _constructIntrospector() {,11,
com/fasterxml/jackson/dataformat/xml/JacksonXmlModule.java,151,RemoveMethod,public SerializerFactory serializerFactoryOverride() {,public SerializerFactory serializerFactoryOverride() {,12,
com/fasterxml/jackson/dataformat/xml/JacksonXmlModule.java,137,RemoveMethod,public JacksonXmlModule overrideSerializerFactory(SerializerFactory factory) {,public JacksonXmlModule overrideSerializerFactory(SerializerFactory factory) {,13,
com/fasterxml/jackson/dataformat/xml/JacksonXmlModule.java,128,RemoveMethod,public void setXMLTextElementName(String name) {,public void setXMLTextElementName(String name) {,14,
com/fasterxml/jackson/dataformat/xml/JacksonXmlModule.java,111,RemoveMethod,public void setDefaultUseWrapper(boolean state) {,public void setDefaultUseWrapper(boolean state) {,15,
com/fasterxml/jackson/dataformat/xml/JacksonXmlModule.java,72,RemoveMethod,{,{,16,
com/fasterxml/jackson/dataformat/xml/JacksonXmlModule.java,162,NullifyReturnValue,return new JacksonXmlAnnotationIntrospector(_cfgDefaultUseWrapper);,return null;,2,
com/fasterxml/jackson/dataformat/xml/JacksonXmlModule.java,152,NullifyReturnValue,return _serializerFactoryOverride;,return null;,3,
com/fasterxml/jackson/dataformat/xml/JacksonXmlModule.java,139,NullifyReturnValue,return this;,return null;,4,
com/fasterxml/jackson/dataformat/xml/JacksonXmlModule.java,137,NullifyInputVariable,public JacksonXmlModule overrideSerializerFactory(SerializerFactory factory) {,public JacksonXmlModule overrideSerializerFactory(SerializerFactory factory) { factory = null;,5,
com/fasterxml/jackson/dataformat/xml/JacksonXmlModule.java,128,NullifyInputVariable,public void setXMLTextElementName(String name) {,public void setXMLTextElementName(String name) { name = null;,6,
com/fasterxml/jackson/dataformat/xml/JacksonXmlModule.java,72,NullifyInputVariable,{,{ context = null;,7,
com/fasterxml/jackson/dataformat/xml/JacksonXmlModule.java,162,NullifyObjectInitialization,return new JacksonXmlAnnotationIntrospector(_cfgDefaultUseWrapper);,return null;,8,
com/fasterxml/jackson/dataformat/xml/JacksonXmlModule.java,75,NullifyObjectInitialization,context.addBeanDeserializerModifier(new XmlBeanDeserializerModifier(_cfgNameForTextElement));,context.addBeanDeserializerModifier(null);,9,
com/fasterxml/jackson/dataformat/xml/XmlAnnotationIntrospector.java,87,RelationalOperatorReplacement,if ((value == null) && (_xmlSecondary != null)) {,if ((value == null) && (_xmlSecondary == null)) {,1,
com/fasterxml/jackson/dataformat/xml/XmlAnnotationIntrospector.java,58,RelationalOperatorReplacement,if ((value == null) && (_xmlSecondary != null)) {,if ((value == null) && (_xmlSecondary == null)) {,10,
com/fasterxml/jackson/dataformat/xml/XmlAnnotationIntrospector.java,58,RelationalOperatorReplacement,if ((value == null) && (_xmlSecondary != null)) {,if ((value != null) && (_xmlSecondary != null)) {,11,
com/fasterxml/jackson/dataformat/xml/XmlAnnotationIntrospector.java,57,RelationalOperatorReplacement,"String value = (_xmlPrimary == null) ? null : _xmlPrimary.findNamespace(config, ann);","String value = (_xmlPrimary != null) ? null : _xmlPrimary.findNamespace(config, ann);",12,
com/fasterxml/jackson/dataformat/xml/XmlAnnotationIntrospector.java,90,NullifyReturnValue,return value;,return null;,13,
com/fasterxml/jackson/dataformat/xml/XmlAnnotationIntrospector.java,81,NullifyReturnValue,return value;,return null;,14,
com/fasterxml/jackson/dataformat/xml/XmlAnnotationIntrospector.java,71,NullifyReturnValue,return value;,return null;,15,
com/fasterxml/jackson/dataformat/xml/XmlAnnotationIntrospector.java,61,NullifyReturnValue,return value;,return null;,16,
com/fasterxml/jackson/dataformat/xml/XmlAnnotationIntrospector.java,51,NullifyReturnValue,"return new XmlAnnotationIntrospector.Pair(a1, a2);",return null;,17,
com/fasterxml/jackson/dataformat/xml/XmlAnnotationIntrospector.java,87,RemoveNullCheck,if ((value == null) && (_xmlSecondary != null)) {,if ((value == null) && (true)) {,18,
com/fasterxml/jackson/dataformat/xml/XmlAnnotationIntrospector.java,87,RemoveNullCheck,if ((value == null) && (_xmlSecondary != null)) {,if ((false) && (_xmlSecondary != null)) {,19,
com/fasterxml/jackson/dataformat/xml/XmlAnnotationIntrospector.java,87,RelationalOperatorReplacement,if ((value == null) && (_xmlSecondary != null)) {,if ((value != null) && (_xmlSecondary != null)) {,2,
com/fasterxml/jackson/dataformat/xml/XmlAnnotationIntrospector.java,86,RemoveNullCheck,"Boolean value = (_xmlPrimary == null) ? null : _xmlPrimary.isOutputAsCData(config, ann);","Boolean value = (false) ? null : _xmlPrimary.isOutputAsCData(config, ann);",20,
com/fasterxml/jackson/dataformat/xml/XmlAnnotationIntrospector.java,78,RemoveNullCheck,if ((value == null) && (_xmlSecondary != null)) {,if ((value == null) && (true)) {,21,
com/fasterxml/jackson/dataformat/xml/XmlAnnotationIntrospector.java,78,RemoveNullCheck,if ((value == null) && (_xmlSecondary != null)) {,if ((false) && (_xmlSecondary != null)) {,22,
com/fasterxml/jackson/dataformat/xml/XmlAnnotationIntrospector.java,77,RemoveNullCheck,"Boolean value = (_xmlPrimary == null) ? null : _xmlPrimary.isOutputAsText(config, ann);","Boolean value = (false) ? null : _xmlPrimary.isOutputAsText(config, ann);",23,
com/fasterxml/jackson/dataformat/xml/XmlAnnotationIntrospector.java,68,RemoveNullCheck,if ((value == null) && (_xmlSecondary != null)) {,if ((value == null) && (true)) {,24,
com/fasterxml/jackson/dataformat/xml/XmlAnnotationIntrospector.java,68,RemoveNullCheck,if ((value == null) && (_xmlSecondary != null)) {,if ((false) && (_xmlSecondary != null)) {,25,
com/fasterxml/jackson/dataformat/xml/XmlAnnotationIntrospector.java,67,RemoveNullCheck,"Boolean value = (_xmlPrimary == null) ? null : _xmlPrimary.isOutputAsAttribute(config, ann);","Boolean value = (false) ? null : _xmlPrimary.isOutputAsAttribute(config, ann);",26,
com/fasterxml/jackson/dataformat/xml/XmlAnnotationIntrospector.java,58,RemoveNullCheck,if ((value == null) && (_xmlSecondary != null)) {,if ((value == null) && (true)) {,27,
com/fasterxml/jackson/dataformat/xml/XmlAnnotationIntrospector.java,58,RemoveNullCheck,if ((value == null) && (_xmlSecondary != null)) {,if ((false) && (_xmlSecondary != null)) {,28,
com/fasterxml/jackson/dataformat/xml/XmlAnnotationIntrospector.java,57,RemoveNullCheck,"String value = (_xmlPrimary == null) ? null : _xmlPrimary.findNamespace(config, ann);","String value = (false) ? null : _xmlPrimary.findNamespace(config, ann);",29,
com/fasterxml/jackson/dataformat/xml/XmlAnnotationIntrospector.java,86,RelationalOperatorReplacement,"Boolean value = (_xmlPrimary == null) ? null : _xmlPrimary.isOutputAsCData(config, ann);","Boolean value = (_xmlPrimary != null) ? null : _xmlPrimary.isOutputAsCData(config, ann);",3,
com/fasterxml/jackson/dataformat/xml/XmlAnnotationIntrospector.java,87,ConditionalOperatorReplacement,if ((value == null) && (_xmlSecondary != null)) {,if ((value == null) || (_xmlSecondary != null)) {,30,
com/fasterxml/jackson/dataformat/xml/XmlAnnotationIntrospector.java,78,ConditionalOperatorReplacement,if ((value == null) && (_xmlSecondary != null)) {,if ((value == null) || (_xmlSecondary != null)) {,31,
com/fasterxml/jackson/dataformat/xml/XmlAnnotationIntrospector.java,68,ConditionalOperatorReplacement,if ((value == null) && (_xmlSecondary != null)) {,if ((value == null) || (_xmlSecondary != null)) {,32,
com/fasterxml/jackson/dataformat/xml/XmlAnnotationIntrospector.java,58,ConditionalOperatorReplacement,if ((value == null) && (_xmlSecondary != null)) {,if ((value == null) || (_xmlSecondary != null)) {,33,
com/fasterxml/jackson/dataformat/xml/XmlAnnotationIntrospector.java,85,NullifyInputVariable,"public Boolean isOutputAsCData(MapperConfig<?> config, Annotated ann) {","public Boolean isOutputAsCData(MapperConfig<?> config, Annotated ann) { ann = null;",34,
com/fasterxml/jackson/dataformat/xml/XmlAnnotationIntrospector.java,85,NullifyInputVariable,"public Boolean isOutputAsCData(MapperConfig<?> config, Annotated ann) {","public Boolean isOutputAsCData(MapperConfig<?> config, Annotated ann) { config = null;",35,
com/fasterxml/jackson/dataformat/xml/XmlAnnotationIntrospector.java,76,NullifyInputVariable,{,{ ann = null;,36,
com/fasterxml/jackson/dataformat/xml/XmlAnnotationIntrospector.java,76,NullifyInputVariable,{,{ config = null;,37,
com/fasterxml/jackson/dataformat/xml/XmlAnnotationIntrospector.java,66,NullifyInputVariable,{,{ ann = null;,38,
com/fasterxml/jackson/dataformat/xml/XmlAnnotationIntrospector.java,66,NullifyInputVariable,{,{ config = null;,39,
com/fasterxml/jackson/dataformat/xml/XmlAnnotationIntrospector.java,78,RelationalOperatorReplacement,if ((value == null) && (_xmlSecondary != null)) {,if ((value == null) && (_xmlSecondary == null)) {,4,
com/fasterxml/jackson/dataformat/xml/XmlAnnotationIntrospector.java,56,NullifyInputVariable,{,{ ann = null;,40,
com/fasterxml/jackson/dataformat/xml/XmlAnnotationIntrospector.java,56,NullifyInputVariable,{,{ config = null;,41,
com/fasterxml/jackson/dataformat/xml/XmlAnnotationIntrospector.java,50,NullifyInputVariable,"public static XmlAnnotationIntrospector.Pair instance(AnnotationIntrospector a1, AnnotationIntrospector a2) {","public static XmlAnnotationIntrospector.Pair instance(AnnotationIntrospector a1, AnnotationIntrospector a2) { a2 = null;",42,
com/fasterxml/jackson/dataformat/xml/XmlAnnotationIntrospector.java,50,NullifyInputVariable,"public static XmlAnnotationIntrospector.Pair instance(AnnotationIntrospector a1, AnnotationIntrospector a2) {","public static XmlAnnotationIntrospector.Pair instance(AnnotationIntrospector a1, AnnotationIntrospector a2) { a1 = null;",43,
com/fasterxml/jackson/dataformat/xml/XmlAnnotationIntrospector.java,51,NullifyObjectInitialization,"return new XmlAnnotationIntrospector.Pair(a1, a2);",return null;,44,
com/fasterxml/jackson/dataformat/xml/XmlAnnotationIntrospector.java,85,RemoveMethod,"public Boolean isOutputAsCData(MapperConfig<?> config, Annotated ann) {","public Boolean isOutputAsCData(MapperConfig<?> config, Annotated ann) {",45,
com/fasterxml/jackson/dataformat/xml/XmlAnnotationIntrospector.java,76,RemoveMethod,{,{,46,
com/fasterxml/jackson/dataformat/xml/XmlAnnotationIntrospector.java,66,RemoveMethod,{,{,47,
com/fasterxml/jackson/dataformat/xml/XmlAnnotationIntrospector.java,56,RemoveMethod,{,{,48,
com/fasterxml/jackson/dataformat/xml/XmlAnnotationIntrospector.java,56,RemoveMethod,{,{,49,
com/fasterxml/jackson/dataformat/xml/XmlAnnotationIntrospector.java,78,RelationalOperatorReplacement,if ((value == null) && (_xmlSecondary != null)) {,if ((value != null) && (_xmlSecondary != null)) {,5,
com/fasterxml/jackson/dataformat/xml/XmlAnnotationIntrospector.java,50,RemoveMethod,"public static XmlAnnotationIntrospector.Pair instance(AnnotationIntrospector a1, AnnotationIntrospector a2) {","public static XmlAnnotationIntrospector.Pair instance(AnnotationIntrospector a1, AnnotationIntrospector a2) {",50,
com/fasterxml/jackson/dataformat/xml/XmlAnnotationIntrospector.java,77,RelationalOperatorReplacement,"Boolean value = (_xmlPrimary == null) ? null : _xmlPrimary.isOutputAsText(config, ann);","Boolean value = (_xmlPrimary != null) ? null : _xmlPrimary.isOutputAsText(config, ann);",6,
com/fasterxml/jackson/dataformat/xml/XmlAnnotationIntrospector.java,68,RelationalOperatorReplacement,if ((value == null) && (_xmlSecondary != null)) {,if ((value == null) && (_xmlSecondary == null)) {,7,
com/fasterxml/jackson/dataformat/xml/XmlAnnotationIntrospector.java,68,RelationalOperatorReplacement,if ((value == null) && (_xmlSecondary != null)) {,if ((value != null) && (_xmlSecondary != null)) {,8,
com/fasterxml/jackson/dataformat/xml/XmlAnnotationIntrospector.java,67,RelationalOperatorReplacement,"Boolean value = (_xmlPrimary == null) ? null : _xmlPrimary.isOutputAsAttribute(config, ann);","Boolean value = (_xmlPrimary != null) ? null : _xmlPrimary.isOutputAsAttribute(config, ann);",9,
com/fasterxml/jackson/dataformat/xml/XmlFactory.java,906,LogicalOperatorReplacement,ch = (int) b & 0xFF;,ch = (int) b | 0xFF;,1,
com/fasterxml/jackson/dataformat/xml/XmlFactory.java,899,RelationalOperatorReplacement,if (!(ch == ' ' || ch == '\r' || ch == '\n' || ch == '\t')) {,if (!(ch == ' ' || ch == '\r' || ch == '\n' || ch != '\t')) {,10,
com/fasterxml/jackson/dataformat/xml/XmlFactory.java,317,NullifyReturnValue,return this;,return null;,100,
com/fasterxml/jackson/dataformat/xml/XmlFactory.java,309,NullifyReturnValue,return this;,return null;,101,
com/fasterxml/jackson/dataformat/xml/XmlFactory.java,301,NullifyReturnValue,return this;,return null;,102,
com/fasterxml/jackson/dataformat/xml/XmlFactory.java,282,NullifyReturnValue,return _cfgNameForTextElement;,return null;,103,
com/fasterxml/jackson/dataformat/xml/XmlFactory.java,239,NullifyReturnValue,"return new XmlFactory(_objectCodec, _xmlParserFeatures, _xmlGeneratorFeatures,",return null;,104,
com/fasterxml/jackson/dataformat/xml/XmlFactory.java,200,NullifyReturnValue,return PackageVersion.VERSION;,return null;,105,
com/fasterxml/jackson/dataformat/xml/XmlFactory.java,195,NullifyReturnValue,"return new XmlFactory(this, null);",return null;,106,
com/fasterxml/jackson/dataformat/xml/XmlFactory.java,176,NullifyReturnValue,return new XmlFactoryBuilder(this);,return null;,107,
com/fasterxml/jackson/dataformat/xml/XmlFactory.java,171,NullifyReturnValue,return new XmlFactoryBuilder();,return null;,108,
com/fasterxml/jackson/dataformat/xml/XmlFactory.java,931,RemoveNullCheck,if (out2 != null) {,if (true) {,109,
com/fasterxml/jackson/dataformat/xml/XmlFactory.java,899,RelationalOperatorReplacement,if (!(ch == ' ' || ch == '\r' || ch == '\n' || ch == '\t')) {,if (!(ch == ' ' || ch == '\r' || ch != '\n' || ch == '\t')) {,11,
com/fasterxml/jackson/dataformat/xml/XmlFactory.java,929,RemoveNullCheck,if (_outputDecorator != null) {,if (true) {,110,
com/fasterxml/jackson/dataformat/xml/XmlFactory.java,920,RemoveNullCheck,if (out2 != null) {,if (true) {,111,
com/fasterxml/jackson/dataformat/xml/XmlFactory.java,918,RemoveNullCheck,if (_outputDecorator != null) {,if (true) {,112,
com/fasterxml/jackson/dataformat/xml/XmlFactory.java,682,RemoveNullCheck,if (_cfgNameForTextElement != null) {,if (true) {,113,
com/fasterxml/jackson/dataformat/xml/XmlFactory.java,648,RemoveNullCheck,if (_cfgNameForTextElement != null) {,if (true) {,114,
com/fasterxml/jackson/dataformat/xml/XmlFactory.java,621,RemoveNullCheck,if (_cfgNameForTextElement != null) {,if (true) {,115,
com/fasterxml/jackson/dataformat/xml/XmlFactory.java,603,RemoveNullCheck,if (_cfgNameForTextElement != null) {,if (true) {,116,
com/fasterxml/jackson/dataformat/xml/XmlFactory.java,564,RemoveNullCheck,if (_cfgNameForTextElement != null) {,if (true) {,117,
com/fasterxml/jackson/dataformat/xml/XmlFactory.java,493,RemoveNullCheck,if (_inputDecorator != null) {,if (true) {,118,
com/fasterxml/jackson/dataformat/xml/XmlFactory.java,228,RemoveNullCheck,if (_jdkXmlOutFactory == null) {,if (false) {,119,
com/fasterxml/jackson/dataformat/xml/XmlFactory.java,899,RelationalOperatorReplacement,if (!(ch == ' ' || ch == '\r' || ch == '\n' || ch == '\t')) {,if (!(ch == ' ' || ch != '\r' || ch == '\n' || ch == '\t')) {,12,
com/fasterxml/jackson/dataformat/xml/XmlFactory.java,225,RemoveNullCheck,if (_jdkXmlInFactory == null) {,if (false) {,120,
com/fasterxml/jackson/dataformat/xml/XmlFactory.java,129,RemoveNullCheck,if (xmlOut == null) {,if (false) {,121,
com/fasterxml/jackson/dataformat/xml/XmlFactory.java,122,RemoveNullCheck,if (xmlIn == null) {,if (false) {,122,
com/fasterxml/jackson/dataformat/xml/XmlFactory.java,902,ConditionalOperatorDeletion,if (!acc.hasMoreBytes()) {,if ( acc.hasMoreBytes()) {,123,
com/fasterxml/jackson/dataformat/xml/XmlFactory.java,899,ConditionalOperatorDeletion,if (!(ch == ' ' || ch == '\r' || ch == '\n' || ch == '\t')) {,if ( (ch == ' ' || ch == '\r' || ch == '\n' || ch == '\t')) {,124,
com/fasterxml/jackson/dataformat/xml/XmlFactory.java,885,ConditionalOperatorDeletion,if (!acc.hasMoreBytes()) {,if ( acc.hasMoreBytes()) {,125,
com/fasterxml/jackson/dataformat/xml/XmlFactory.java,849,ConditionalOperatorDeletion,if (!acc.hasMoreBytes()) {,if ( acc.hasMoreBytes()) {,126,
com/fasterxml/jackson/dataformat/xml/XmlFactory.java,844,ConditionalOperatorDeletion,if (!acc.hasMoreBytes()) {,if ( acc.hasMoreBytes()) {,127,
com/fasterxml/jackson/dataformat/xml/XmlFactory.java,818,ConditionalOperatorDeletion,if (!acc.hasMoreBytes()) {,if ( acc.hasMoreBytes()) {,128,
com/fasterxml/jackson/dataformat/xml/XmlFactory.java,807,ConditionalOperatorDeletion,if (!maybeXmlDecl) {,if ( maybeXmlDecl) {,129,
com/fasterxml/jackson/dataformat/xml/XmlFactory.java,899,RelationalOperatorReplacement,if (!(ch == ' ' || ch == '\r' || ch == '\n' || ch == '\t')) {,if (!(ch != ' ' || ch == '\r' || ch == '\n' || ch == '\t')) {,13,
com/fasterxml/jackson/dataformat/xml/XmlFactory.java,800,ConditionalOperatorDeletion,if (!acc.hasMoreBytes()) {,if ( acc.hasMoreBytes()) {,130,
com/fasterxml/jackson/dataformat/xml/XmlFactory.java,794,ConditionalOperatorDeletion,if (!acc.hasMoreBytes()) {,if ( acc.hasMoreBytes()) {,131,
com/fasterxml/jackson/dataformat/xml/XmlFactory.java,788,ConditionalOperatorDeletion,if (!acc.hasMoreBytes()) {,if ( acc.hasMoreBytes()) {,132,
com/fasterxml/jackson/dataformat/xml/XmlFactory.java,782,ConditionalOperatorDeletion,if (!acc.hasMoreBytes()) {,if ( acc.hasMoreBytes()) {,133,
com/fasterxml/jackson/dataformat/xml/XmlFactory.java,375,AssignmentOperatorReplacementShortcut,_xmlGeneratorFeatures &= ~f.getMask();,_xmlGeneratorFeatures |= ~f.getMask();,134,
com/fasterxml/jackson/dataformat/xml/XmlFactory.java,367,AssignmentOperatorReplacementShortcut,_xmlGeneratorFeatures |= f.getMask();,_xmlGeneratorFeatures ^= f.getMask();,135,
com/fasterxml/jackson/dataformat/xml/XmlFactory.java,316,AssignmentOperatorReplacementShortcut,_xmlParserFeatures &= ~f.getMask();,_xmlParserFeatures |= ~f.getMask();,136,
com/fasterxml/jackson/dataformat/xml/XmlFactory.java,308,AssignmentOperatorReplacementShortcut,_xmlParserFeatures |= f.getMask();,_xmlParserFeatures ^= f.getMask();,137,
com/fasterxml/jackson/dataformat/xml/XmlFactory.java,899,ConditionalOperatorReplacement,if (!(ch == ' ' || ch == '\r' || ch == '\n' || ch == '\t')) {,if (!(ch == ' ' || ch == '\r' || ch == '\n' && ch == '\t')) {,138,
com/fasterxml/jackson/dataformat/xml/XmlFactory.java,899,ConditionalOperatorReplacement,if (!(ch == ' ' || ch == '\r' || ch == '\n' || ch == '\t')) {,if (!(ch == ' ' || ch == '\r' && ch == '\n' || ch == '\t')) {,139,
com/fasterxml/jackson/dataformat/xml/XmlFactory.java,888,RelationalOperatorReplacement,if (acc.nextByte() != matchStr.charAt(i)) {,if (acc.nextByte() == matchStr.charAt(i)) {,14,
com/fasterxml/jackson/dataformat/xml/XmlFactory.java,899,ConditionalOperatorReplacement,if (!(ch == ' ' || ch == '\r' || ch == '\n' || ch == '\t')) {,if (!(ch == ' ' && ch == '\r' || ch == '\n' || ch == '\t')) {,140,
com/fasterxml/jackson/dataformat/xml/XmlFactory.java,828,ConditionalOperatorReplacement,if (acc.hasMoreBytes() && acc.nextByte() == BYTE_l) {,if (acc.hasMoreBytes() || acc.nextByte() == BYTE_l) {,141,
com/fasterxml/jackson/dataformat/xml/XmlFactory.java,827,ConditionalOperatorReplacement,if (acc.hasMoreBytes() && acc.nextByte() == BYTE_m) {,if (acc.hasMoreBytes() || acc.nextByte() == BYTE_m) {,142,
com/fasterxml/jackson/dataformat/xml/XmlFactory.java,928,NullifyInputVariable,{,{ out = null;,143,
com/fasterxml/jackson/dataformat/xml/XmlFactory.java,928,NullifyInputVariable,{,{ ioCtxt = null;,144,
com/fasterxml/jackson/dataformat/xml/XmlFactory.java,917,NullifyInputVariable,{,{ out = null;,145,
com/fasterxml/jackson/dataformat/xml/XmlFactory.java,917,NullifyInputVariable,{,{ ioCtxt = null;,146,
com/fasterxml/jackson/dataformat/xml/XmlFactory.java,896,NullifyInputVariable,{,{ acc = null;,147,
com/fasterxml/jackson/dataformat/xml/XmlFactory.java,883,NullifyInputVariable,{,{ fullMatchStrength = null;,148,
com/fasterxml/jackson/dataformat/xml/XmlFactory.java,883,NullifyInputVariable,{,{ matchStr = null;,149,
com/fasterxml/jackson/dataformat/xml/XmlFactory.java,884,RelationalOperatorReplacement,"for (int i = 0, len = matchStr.length(); i < len; ++i) {","for (int i = 0, len = matchStr.length(); i >= len; ++i) {",15,
com/fasterxml/jackson/dataformat/xml/XmlFactory.java,883,NullifyInputVariable,{,{ acc = null;,150,
com/fasterxml/jackson/dataformat/xml/XmlFactory.java,869,NullifyInputVariable,{,{ acc = null;,151,
com/fasterxml/jackson/dataformat/xml/XmlFactory.java,778,NullifyInputVariable,{,{ acc = null;,152,
com/fasterxml/jackson/dataformat/xml/XmlFactory.java,736,NullifyInputVariable,{,{ sr = null;,153,
com/fasterxml/jackson/dataformat/xml/XmlFactory.java,724,NullifyInputVariable,{,{ sw = null;,154,
com/fasterxml/jackson/dataformat/xml/XmlFactory.java,713,NullifyInputVariable,{,{ w = null;,155,
com/fasterxml/jackson/dataformat/xml/XmlFactory.java,713,NullifyInputVariable,{,{ ctxt = null;,156,
com/fasterxml/jackson/dataformat/xml/XmlFactory.java,702,NullifyInputVariable,{,{ out = null;,157,
com/fasterxml/jackson/dataformat/xml/XmlFactory.java,702,NullifyInputVariable,{,{ ctxt = null;,158,
com/fasterxml/jackson/dataformat/xml/XmlFactory.java,689,NullifyInputVariable,"protected JsonGenerator _createGenerator(Writer out, IOContext ctxt) throws IOException {","protected JsonGenerator _createGenerator(Writer out, IOContext ctxt) throws IOException { ctxt = null;",159,
com/fasterxml/jackson/dataformat/xml/XmlFactory.java,874,RelationalOperatorReplacement,"if (ch >= 'A') { // in theory, colon could be; in practice it should never be valid (wrt namespace)","if (ch < 'A') { // in theory, colon could be; in practice it should never be valid (wrt namespace)",16,
com/fasterxml/jackson/dataformat/xml/XmlFactory.java,689,NullifyInputVariable,"protected JsonGenerator _createGenerator(Writer out, IOContext ctxt) throws IOException {","protected JsonGenerator _createGenerator(Writer out, IOContext ctxt) throws IOException { out = null;",160,
com/fasterxml/jackson/dataformat/xml/XmlFactory.java,656,NullifyInputVariable,{,{ ctxt = null;,161,
com/fasterxml/jackson/dataformat/xml/XmlFactory.java,630,NullifyInputVariable,{,{ ctxt = null;,162,
com/fasterxml/jackson/dataformat/xml/XmlFactory.java,611,NullifyInputVariable,{,{ ctxt = null;,163,
com/fasterxml/jackson/dataformat/xml/XmlFactory.java,611,NullifyInputVariable,{,{ r = null;,164,
com/fasterxml/jackson/dataformat/xml/XmlFactory.java,593,NullifyInputVariable,{,{ ctxt = null;,165,
com/fasterxml/jackson/dataformat/xml/XmlFactory.java,593,NullifyInputVariable,{,{ in = null;,166,
com/fasterxml/jackson/dataformat/xml/XmlFactory.java,578,NullifyInputVariable,{,{ sw = null;,167,
com/fasterxml/jackson/dataformat/xml/XmlFactory.java,555,NullifyInputVariable,{,{ sr = null;,168,
com/fasterxml/jackson/dataformat/xml/XmlFactory.java,533,NullifyInputVariable,{,{ enc = null;,169,
com/fasterxml/jackson/dataformat/xml/XmlFactory.java,855,RelationalOperatorReplacement,} else if (b == BYTE_D) {,} else if (b != BYTE_D) {,17,
com/fasterxml/jackson/dataformat/xml/XmlFactory.java,533,NullifyInputVariable,{,{ f = null;,170,
com/fasterxml/jackson/dataformat/xml/XmlFactory.java,523,NullifyInputVariable,{,{ out = null;,171,
com/fasterxml/jackson/dataformat/xml/XmlFactory.java,512,NullifyInputVariable,{,{ enc = null;,172,
com/fasterxml/jackson/dataformat/xml/XmlFactory.java,512,NullifyInputVariable,{,{ out = null;,173,
com/fasterxml/jackson/dataformat/xml/XmlFactory.java,506,NullifyInputVariable,public ToXmlGenerator createGenerator(OutputStream out) throws IOException {,public ToXmlGenerator createGenerator(OutputStream out) throws IOException { out = null;,174,
com/fasterxml/jackson/dataformat/xml/XmlFactory.java,490,NullifyInputVariable,public JsonParser createParser(String content) throws IOException {,public JsonParser createParser(String content) throws IOException { content = null;,175,
com/fasterxml/jackson/dataformat/xml/XmlFactory.java,439,NullifyInputVariable,public MatchStrength hasFormat(InputAccessor acc) throws IOException {,public MatchStrength hasFormat(InputAccessor acc) throws IOException { acc = null;,176,
com/fasterxml/jackson/dataformat/xml/XmlFactory.java,416,NullifyInputVariable,public void setXMLOutputFactory(XMLOutputFactory f) {,public void setXMLOutputFactory(XMLOutputFactory f) { f = null;,177,
com/fasterxml/jackson/dataformat/xml/XmlFactory.java,402,NullifyInputVariable,public void setXMLInputFactory(XMLInputFactory f) {,public void setXMLInputFactory(XMLInputFactory f) { f = null;,178,
com/fasterxml/jackson/dataformat/xml/XmlFactory.java,382,NullifyInputVariable,public final boolean isEnabled(ToXmlGenerator.Feature f) {,public final boolean isEnabled(ToXmlGenerator.Feature f) { f = null;,179,
com/fasterxml/jackson/dataformat/xml/XmlFactory.java,852,RelationalOperatorReplacement,if (acc.nextByte() == BYTE_HYPHEN) {,if (acc.nextByte() != BYTE_HYPHEN) {,18,
com/fasterxml/jackson/dataformat/xml/XmlFactory.java,374,NullifyInputVariable,public XmlFactory disable(ToXmlGenerator.Feature f) {,public XmlFactory disable(ToXmlGenerator.Feature f) { f = null;,180,
com/fasterxml/jackson/dataformat/xml/XmlFactory.java,366,NullifyInputVariable,public XmlFactory enable(ToXmlGenerator.Feature f) {,public XmlFactory enable(ToXmlGenerator.Feature f) { f = null;,181,
com/fasterxml/jackson/dataformat/xml/XmlFactory.java,354,NullifyInputVariable,"public final XmlFactory configure(ToXmlGenerator.Feature f, boolean state) {","public final XmlFactory configure(ToXmlGenerator.Feature f, boolean state) { f = null;",182,
com/fasterxml/jackson/dataformat/xml/XmlFactory.java,341,NullifyInputVariable,public void setXmlNameProcessor(XmlNameProcessor processor) {,public void setXmlNameProcessor(XmlNameProcessor processor) { processor = null;,183,
com/fasterxml/jackson/dataformat/xml/XmlFactory.java,323,NullifyInputVariable,public final boolean isEnabled(FromXmlParser.Feature f) {,public final boolean isEnabled(FromXmlParser.Feature f) { f = null;,184,
com/fasterxml/jackson/dataformat/xml/XmlFactory.java,315,NullifyInputVariable,public XmlFactory disable(FromXmlParser.Feature f) {,public XmlFactory disable(FromXmlParser.Feature f) { f = null;,185,
com/fasterxml/jackson/dataformat/xml/XmlFactory.java,307,NullifyInputVariable,public XmlFactory enable(FromXmlParser.Feature f) {,public XmlFactory enable(FromXmlParser.Feature f) { f = null;,186,
com/fasterxml/jackson/dataformat/xml/XmlFactory.java,295,NullifyInputVariable,{,{ f = null;,187,
com/fasterxml/jackson/dataformat/xml/XmlFactory.java,274,NullifyInputVariable,public void setXMLTextElementName(String name) {,public void setXMLTextElementName(String name) { name = null;,188,
com/fasterxml/jackson/dataformat/xml/XmlFactory.java,259,NullifyInputVariable,private void writeObject(ObjectOutputStream out) throws IOException {,private void writeObject(ObjectOutputStream out) throws IOException { out = null;,189,
com/fasterxml/jackson/dataformat/xml/XmlFactory.java,848,RelationalOperatorReplacement,if (b == BYTE_HYPHEN) {,if (b != BYTE_HYPHEN) {,19,
com/fasterxml/jackson/dataformat/xml/XmlFactory.java,249,NullifyInputVariable,{,{ in = null;,190,
com/fasterxml/jackson/dataformat/xml/XmlFactory.java,180,NullifyInputVariable,{,{ xmlOut = null;,191,
com/fasterxml/jackson/dataformat/xml/XmlFactory.java,180,NullifyInputVariable,{,{ xmlIn = null;,192,
com/fasterxml/jackson/dataformat/xml/XmlFactory.java,744,NullifyObjectInitialization,"throw new JsonParseException(null, e.getMessage(), e);",throw null;,193,
com/fasterxml/jackson/dataformat/xml/XmlFactory.java,730,NullifyObjectInitialization,"throw new JsonGenerationException(e.getMessage(), e, null);",throw null;,194,
com/fasterxml/jackson/dataformat/xml/XmlFactory.java,718,NullifyObjectInitialization,"throw new JsonGenerationException(e.getMessage(), e, null);",throw null;,195,
com/fasterxml/jackson/dataformat/xml/XmlFactory.java,707,NullifyObjectInitialization,"throw new JsonGenerationException(e.getMessage(), e, null);",throw null;,196,
com/fasterxml/jackson/dataformat/xml/XmlFactory.java,680,NullifyObjectInitialization,"FromXmlParser xp = new FromXmlParser(ctxt, _parserFeatures, _xmlParserFeatures,",FromXmlParser xp = null;,197,
com/fasterxml/jackson/dataformat/xml/XmlFactory.java,669,NullifyObjectInitialization,"throw new JsonParseException(null,",throw null;,198,
com/fasterxml/jackson/dataformat/xml/XmlFactory.java,667,NullifyObjectInitialization,"sr = _xmlInputFactory.createXMLStreamReader(new ByteArrayInputStream(data, offset, len));",sr = _xmlInputFactory.createXMLStreamReader(null);,199,
com/fasterxml/jackson/dataformat/xml/XmlFactory.java,898,LogicalOperatorReplacement,int ch = (int) b & 0xFF;,int ch = (int) b | 0xFF;,2,
com/fasterxml/jackson/dataformat/xml/XmlFactory.java,840,RelationalOperatorReplacement,} else if (b == BYTE_EXCL) {,} else if (b != BYTE_EXCL) {,20,
com/fasterxml/jackson/dataformat/xml/XmlFactory.java,662,NullifyObjectInitialization,"sr = _xmlInputFactory.createXMLStreamReader(new Stax2ByteArraySource(data, offset, len));",sr = _xmlInputFactory.createXMLStreamReader(null);,200,
com/fasterxml/jackson/dataformat/xml/XmlFactory.java,646,NullifyObjectInitialization,"FromXmlParser xp = new FromXmlParser(ctxt, _parserFeatures, _xmlParserFeatures,",FromXmlParser xp = null;,201,
com/fasterxml/jackson/dataformat/xml/XmlFactory.java,640,NullifyObjectInitialization,"sr = _xmlInputFactory.createXMLStreamReader(new CharArrayReader(data, offset, len));",sr = _xmlInputFactory.createXMLStreamReader(null);,202,
com/fasterxml/jackson/dataformat/xml/XmlFactory.java,638,NullifyObjectInitialization,"sr = _xmlInputFactory.createXMLStreamReader(new Stax2CharArraySource(data, offset, len));",sr = _xmlInputFactory.createXMLStreamReader(null);,203,
com/fasterxml/jackson/dataformat/xml/XmlFactory.java,619,NullifyObjectInitialization,"FromXmlParser xp = new FromXmlParser(ctxt, _parserFeatures, _xmlParserFeatures,",FromXmlParser xp = null;,204,
com/fasterxml/jackson/dataformat/xml/XmlFactory.java,601,NullifyObjectInitialization,"FromXmlParser xp = new FromXmlParser(ctxt, _parserFeatures, _xmlParserFeatures,",FromXmlParser xp = null;,205,
com/fasterxml/jackson/dataformat/xml/XmlFactory.java,581,NullifyObjectInitialization,"return new ToXmlGenerator(ctxt, _generatorFeatures, _xmlGeneratorFeatures,",return null;,206,
com/fasterxml/jackson/dataformat/xml/XmlFactory.java,562,NullifyObjectInitialization,"FromXmlParser xp = new FromXmlParser(_createContext(_createContentReference(sr), false),",FromXmlParser xp = null;,207,
com/fasterxml/jackson/dataformat/xml/XmlFactory.java,538,NullifyObjectInitialization,"return new ToXmlGenerator(ctxt, _generatorFeatures, _xmlGeneratorFeatures,",return null;,208,
com/fasterxml/jackson/dataformat/xml/XmlFactory.java,534,NullifyObjectInitialization,OutputStream out = new FileOutputStream(f);,OutputStream out = null;,209,
com/fasterxml/jackson/dataformat/xml/XmlFactory.java,828,RelationalOperatorReplacement,if (acc.hasMoreBytes() && acc.nextByte() == BYTE_l) {,if (acc.hasMoreBytes() && acc.nextByte() != BYTE_l) {,21,
com/fasterxml/jackson/dataformat/xml/XmlFactory.java,525,NullifyObjectInitialization,"return new ToXmlGenerator(ctxt,",return null;,210,
com/fasterxml/jackson/dataformat/xml/XmlFactory.java,516,NullifyObjectInitialization,"return new ToXmlGenerator(ctxt,",return null;,211,
com/fasterxml/jackson/dataformat/xml/XmlFactory.java,491,NullifyObjectInitialization,Reader r = new StringReader(content);,Reader r = null;,212,
com/fasterxml/jackson/dataformat/xml/XmlFactory.java,239,NullifyObjectInitialization,"return new XmlFactory(_objectCodec, _xmlParserFeatures, _xmlGeneratorFeatures,",return null;,213,
com/fasterxml/jackson/dataformat/xml/XmlFactory.java,237,NullifyObjectInitialization,throw new IllegalArgumentException(e);,throw null;,214,
com/fasterxml/jackson/dataformat/xml/XmlFactory.java,229,NullifyObjectInitialization,"throw new IllegalStateException(""No XMLOutputFactory class name read during JDK deserialization"");",throw null;,215,
com/fasterxml/jackson/dataformat/xml/XmlFactory.java,226,NullifyObjectInitialization,"throw new IllegalStateException(""No XMLInputFactory class name read during JDK deserialization"");",throw null;,216,
com/fasterxml/jackson/dataformat/xml/XmlFactory.java,195,NullifyObjectInitialization,"return new XmlFactory(this, null);",return null;,217,
com/fasterxml/jackson/dataformat/xml/XmlFactory.java,176,NullifyObjectInitialization,return new XmlFactoryBuilder(this);,return null;,218,
com/fasterxml/jackson/dataformat/xml/XmlFactory.java,171,NullifyObjectInitialization,return new XmlFactoryBuilder();,return null;,219,
com/fasterxml/jackson/dataformat/xml/XmlFactory.java,827,RelationalOperatorReplacement,if (acc.hasMoreBytes() && acc.nextByte() == BYTE_m) {,if (acc.hasMoreBytes() && acc.nextByte() != BYTE_m) {,22,
com/fasterxml/jackson/dataformat/xml/XmlFactory.java,928,RemoveMethod,{,{,220,
com/fasterxml/jackson/dataformat/xml/XmlFactory.java,917,RemoveMethod,{,{,221,
com/fasterxml/jackson/dataformat/xml/XmlFactory.java,896,RemoveMethod,{,{,222,
com/fasterxml/jackson/dataformat/xml/XmlFactory.java,896,RemoveMethod,{,{,223,
com/fasterxml/jackson/dataformat/xml/XmlFactory.java,883,RemoveMethod,{,{,224,
com/fasterxml/jackson/dataformat/xml/XmlFactory.java,869,RemoveMethod,{,{,225,
com/fasterxml/jackson/dataformat/xml/XmlFactory.java,869,RemoveMethod,{,{,226,
com/fasterxml/jackson/dataformat/xml/XmlFactory.java,778,RemoveMethod,{,{,227,
com/fasterxml/jackson/dataformat/xml/XmlFactory.java,736,RemoveMethod,{,{,228,
com/fasterxml/jackson/dataformat/xml/XmlFactory.java,724,RemoveMethod,{,{,229,
com/fasterxml/jackson/dataformat/xml/XmlFactory.java,825,RelationalOperatorReplacement,if (b == BYTE_x) {,if (b != BYTE_x) {,23,
com/fasterxml/jackson/dataformat/xml/XmlFactory.java,713,RemoveMethod,{,{,230,
com/fasterxml/jackson/dataformat/xml/XmlFactory.java,702,RemoveMethod,{,{,231,
com/fasterxml/jackson/dataformat/xml/XmlFactory.java,689,RemoveMethod,"protected JsonGenerator _createGenerator(Writer out, IOContext ctxt) throws IOException {","protected JsonGenerator _createGenerator(Writer out, IOContext ctxt) throws IOException {",232,
com/fasterxml/jackson/dataformat/xml/XmlFactory.java,656,RemoveMethod,{,{,233,
com/fasterxml/jackson/dataformat/xml/XmlFactory.java,630,RemoveMethod,{,{,234,
com/fasterxml/jackson/dataformat/xml/XmlFactory.java,611,RemoveMethod,{,{,235,
com/fasterxml/jackson/dataformat/xml/XmlFactory.java,593,RemoveMethod,{,{,236,
com/fasterxml/jackson/dataformat/xml/XmlFactory.java,578,RemoveMethod,{,{,237,
com/fasterxml/jackson/dataformat/xml/XmlFactory.java,555,RemoveMethod,{,{,238,
com/fasterxml/jackson/dataformat/xml/XmlFactory.java,533,RemoveMethod,{,{,239,
com/fasterxml/jackson/dataformat/xml/XmlFactory.java,823,RelationalOperatorReplacement,if (b == BYTE_QMARK) { // <?,if (b != BYTE_QMARK) { // <?,24,
com/fasterxml/jackson/dataformat/xml/XmlFactory.java,523,RemoveMethod,{,{,240,
com/fasterxml/jackson/dataformat/xml/XmlFactory.java,512,RemoveMethod,{,{,241,
com/fasterxml/jackson/dataformat/xml/XmlFactory.java,506,RemoveMethod,public ToXmlGenerator createGenerator(OutputStream out) throws IOException {,public ToXmlGenerator createGenerator(OutputStream out) throws IOException {,242,
com/fasterxml/jackson/dataformat/xml/XmlFactory.java,490,RemoveMethod,public JsonParser createParser(String content) throws IOException {,public JsonParser createParser(String content) throws IOException {,243,
com/fasterxml/jackson/dataformat/xml/XmlFactory.java,473,RemoveMethod,public Class<ToXmlGenerator.Feature> getFormatWriteFeatureType() {,public Class<ToXmlGenerator.Feature> getFormatWriteFeatureType() {,244,
com/fasterxml/jackson/dataformat/xml/XmlFactory.java,468,RemoveMethod,public Class<FromXmlParser.Feature> getFormatReadFeatureType() {,public Class<FromXmlParser.Feature> getFormatReadFeatureType() {,245,
com/fasterxml/jackson/dataformat/xml/XmlFactory.java,465,RemoveMethod,public boolean canUseCharArrays() { return false; },public boolean canUseCharArrays() {,246,
com/fasterxml/jackson/dataformat/xml/XmlFactory.java,465,RemoveMethod,public boolean canUseCharArrays() { return false; },public boolean canUseCharArrays() {,247,
com/fasterxml/jackson/dataformat/xml/XmlFactory.java,450,RemoveMethod,public boolean requiresCustomCodec() { return true; },public boolean requiresCustomCodec() {,248,
com/fasterxml/jackson/dataformat/xml/XmlFactory.java,450,RemoveMethod,public boolean requiresCustomCodec() { return true; },public boolean requiresCustomCodec() {,249,
com/fasterxml/jackson/dataformat/xml/XmlFactory.java,814,RelationalOperatorReplacement,if (b != BYTE_LT) {,if (b == BYTE_LT) {,25,
com/fasterxml/jackson/dataformat/xml/XmlFactory.java,439,RemoveMethod,public MatchStrength hasFormat(InputAccessor acc) throws IOException {,public MatchStrength hasFormat(InputAccessor acc) throws IOException {,250,
com/fasterxml/jackson/dataformat/xml/XmlFactory.java,434,RemoveMethod,public String getFormatName() {,public String getFormatName() {,251,
com/fasterxml/jackson/dataformat/xml/XmlFactory.java,434,RemoveMethod,public String getFormatName() {,public String getFormatName() {,252,
com/fasterxml/jackson/dataformat/xml/XmlFactory.java,416,RemoveMethod,public void setXMLOutputFactory(XMLOutputFactory f) {,public void setXMLOutputFactory(XMLOutputFactory f) {,253,
com/fasterxml/jackson/dataformat/xml/XmlFactory.java,407,RemoveMethod,public XMLOutputFactory getXMLOutputFactory() {,public XMLOutputFactory getXMLOutputFactory() {,254,
com/fasterxml/jackson/dataformat/xml/XmlFactory.java,402,RemoveMethod,public void setXMLInputFactory(XMLInputFactory f) {,public void setXMLInputFactory(XMLInputFactory f) {,255,
com/fasterxml/jackson/dataformat/xml/XmlFactory.java,393,RemoveMethod,public XMLInputFactory getXMLInputFactory() {,public XMLInputFactory getXMLInputFactory() {,256,
com/fasterxml/jackson/dataformat/xml/XmlFactory.java,382,RemoveMethod,public final boolean isEnabled(ToXmlGenerator.Feature f) {,public final boolean isEnabled(ToXmlGenerator.Feature f) {,257,
com/fasterxml/jackson/dataformat/xml/XmlFactory.java,382,RemoveMethod,public final boolean isEnabled(ToXmlGenerator.Feature f) {,public final boolean isEnabled(ToXmlGenerator.Feature f) {,258,
com/fasterxml/jackson/dataformat/xml/XmlFactory.java,374,RemoveMethod,public XmlFactory disable(ToXmlGenerator.Feature f) {,public XmlFactory disable(ToXmlGenerator.Feature f) {,259,
com/fasterxml/jackson/dataformat/xml/XmlFactory.java,809,RelationalOperatorReplacement,if (ch < 0) {,if (ch >= 0) {,26,
com/fasterxml/jackson/dataformat/xml/XmlFactory.java,366,RemoveMethod,public XmlFactory enable(ToXmlGenerator.Feature f) {,public XmlFactory enable(ToXmlGenerator.Feature f) {,260,
com/fasterxml/jackson/dataformat/xml/XmlFactory.java,354,RemoveMethod,"public final XmlFactory configure(ToXmlGenerator.Feature f, boolean state) {","public final XmlFactory configure(ToXmlGenerator.Feature f, boolean state) {",261,
com/fasterxml/jackson/dataformat/xml/XmlFactory.java,341,RemoveMethod,public void setXmlNameProcessor(XmlNameProcessor processor) {,public void setXmlNameProcessor(XmlNameProcessor processor) {,262,
com/fasterxml/jackson/dataformat/xml/XmlFactory.java,337,RemoveMethod,public XmlNameProcessor getXmlNameProcessor() {,public XmlNameProcessor getXmlNameProcessor() {,263,
com/fasterxml/jackson/dataformat/xml/XmlFactory.java,333,RemoveMethod,public int getFormatGeneratorFeatures() {,public int getFormatGeneratorFeatures() {,264,
com/fasterxml/jackson/dataformat/xml/XmlFactory.java,333,RemoveMethod,public int getFormatGeneratorFeatures() {,public int getFormatGeneratorFeatures() {,265,
com/fasterxml/jackson/dataformat/xml/XmlFactory.java,328,RemoveMethod,public int getFormatParserFeatures() {,public int getFormatParserFeatures() {,266,
com/fasterxml/jackson/dataformat/xml/XmlFactory.java,328,RemoveMethod,public int getFormatParserFeatures() {,public int getFormatParserFeatures() {,267,
com/fasterxml/jackson/dataformat/xml/XmlFactory.java,323,RemoveMethod,public final boolean isEnabled(FromXmlParser.Feature f) {,public final boolean isEnabled(FromXmlParser.Feature f) {,268,
com/fasterxml/jackson/dataformat/xml/XmlFactory.java,323,RemoveMethod,public final boolean isEnabled(FromXmlParser.Feature f) {,public final boolean isEnabled(FromXmlParser.Feature f) {,269,
com/fasterxml/jackson/dataformat/xml/XmlFactory.java,806,RelationalOperatorReplacement,boolean maybeXmlDecl = (b == BYTE_LT);,boolean maybeXmlDecl = (b != BYTE_LT);,27,
com/fasterxml/jackson/dataformat/xml/XmlFactory.java,315,RemoveMethod,public XmlFactory disable(FromXmlParser.Feature f) {,public XmlFactory disable(FromXmlParser.Feature f) {,270,
com/fasterxml/jackson/dataformat/xml/XmlFactory.java,307,RemoveMethod,public XmlFactory enable(FromXmlParser.Feature f) {,public XmlFactory enable(FromXmlParser.Feature f) {,271,
com/fasterxml/jackson/dataformat/xml/XmlFactory.java,295,RemoveMethod,{,{,272,
com/fasterxml/jackson/dataformat/xml/XmlFactory.java,281,RemoveMethod,public String getXMLTextElementName() {,public String getXMLTextElementName() {,273,
com/fasterxml/jackson/dataformat/xml/XmlFactory.java,281,RemoveMethod,public String getXMLTextElementName() {,public String getXMLTextElementName() {,274,
com/fasterxml/jackson/dataformat/xml/XmlFactory.java,274,RemoveMethod,public void setXMLTextElementName(String name) {,public void setXMLTextElementName(String name) {,275,
com/fasterxml/jackson/dataformat/xml/XmlFactory.java,259,RemoveMethod,private void writeObject(ObjectOutputStream out) throws IOException {,private void writeObject(ObjectOutputStream out) throws IOException {,276,
com/fasterxml/jackson/dataformat/xml/XmlFactory.java,249,RemoveMethod,{,{,277,
com/fasterxml/jackson/dataformat/xml/XmlFactory.java,224,RemoveMethod,protected Object readResolve() {,protected Object readResolve() {,278,
com/fasterxml/jackson/dataformat/xml/XmlFactory.java,199,RemoveMethod,public Version version() {,public Version version() {,279,
com/fasterxml/jackson/dataformat/xml/XmlFactory.java,797,RelationalOperatorReplacement,if (acc.nextByte() != UTF8_BOM_3) {,if (acc.nextByte() == UTF8_BOM_3) {,28,
com/fasterxml/jackson/dataformat/xml/XmlFactory.java,193,RemoveMethod,public XmlFactory copy() {,public XmlFactory copy() {,280,
com/fasterxml/jackson/dataformat/xml/XmlFactory.java,180,RemoveMethod,{,{,281,
com/fasterxml/jackson/dataformat/xml/XmlFactory.java,175,RemoveMethod,public XmlFactoryBuilder rebuild() {,public XmlFactoryBuilder rebuild() {,282,
com/fasterxml/jackson/dataformat/xml/XmlFactory.java,170,RemoveMethod,public static XmlFactoryBuilder builder() {,public static XmlFactoryBuilder builder() {,283,
com/fasterxml/jackson/dataformat/xml/XmlFactory.java,884,ArithmeticOperatorReplacementShortcut,"for (int i = 0, len = matchStr.length(); i < len; ++i) {","for (int i = 0, len = matchStr.length(); i < len; --i) {",284,
com/fasterxml/jackson/dataformat/xml/XmlFactory.java,903,ArithmeticOperatorReplacementUnary,return -1;,return +1;,285,
com/fasterxml/jackson/dataformat/xml/XmlFactory.java,791,RelationalOperatorReplacement,if (acc.nextByte() != UTF8_BOM_2) {,if (acc.nextByte() == UTF8_BOM_2) {,29,
com/fasterxml/jackson/dataformat/xml/XmlFactory.java,873,LogicalOperatorReplacement,int ch = (int) b & 0xFF;,int ch = (int) b | 0xFF;,3,
com/fasterxml/jackson/dataformat/xml/XmlFactory.java,787,RelationalOperatorReplacement,"if (b == UTF8_BOM_1) { // yes, looks like UTF-8 BOM","if (b != UTF8_BOM_1) { // yes, looks like UTF-8 BOM",30,
com/fasterxml/jackson/dataformat/xml/XmlFactory.java,739,RelationalOperatorReplacement,while (sr.next() != XMLStreamConstants.START_ELEMENT) {,while (sr.next() == XMLStreamConstants.START_ELEMENT) {,31,
com/fasterxml/jackson/dataformat/xml/XmlFactory.java,682,RelationalOperatorReplacement,if (_cfgNameForTextElement != null) {,if (_cfgNameForTextElement == null) {,32,
com/fasterxml/jackson/dataformat/xml/XmlFactory.java,648,RelationalOperatorReplacement,if (_cfgNameForTextElement != null) {,if (_cfgNameForTextElement == null) {,33,
com/fasterxml/jackson/dataformat/xml/XmlFactory.java,621,RelationalOperatorReplacement,if (_cfgNameForTextElement != null) {,if (_cfgNameForTextElement == null) {,34,
com/fasterxml/jackson/dataformat/xml/XmlFactory.java,603,RelationalOperatorReplacement,if (_cfgNameForTextElement != null) {,if (_cfgNameForTextElement == null) {,35,
com/fasterxml/jackson/dataformat/xml/XmlFactory.java,564,RelationalOperatorReplacement,if (_cfgNameForTextElement != null) {,if (_cfgNameForTextElement == null) {,36,
com/fasterxml/jackson/dataformat/xml/XmlFactory.java,557,RelationalOperatorReplacement,if (sr.getEventType() != XMLStreamConstants.START_ELEMENT) {,if (sr.getEventType() == XMLStreamConstants.START_ELEMENT) {,37,
com/fasterxml/jackson/dataformat/xml/XmlFactory.java,493,RelationalOperatorReplacement,if (_inputDecorator != null) {,if (_inputDecorator == null) {,38,
com/fasterxml/jackson/dataformat/xml/XmlFactory.java,383,RelationalOperatorReplacement,return (_xmlGeneratorFeatures & f.getMask()) != 0;,return (_xmlGeneratorFeatures & f.getMask()) == 0;,39,
com/fasterxml/jackson/dataformat/xml/XmlFactory.java,383,LogicalOperatorReplacement,return (_xmlGeneratorFeatures & f.getMask()) != 0;,return (_xmlGeneratorFeatures | f.getMask()) != 0;,4,
com/fasterxml/jackson/dataformat/xml/XmlFactory.java,324,RelationalOperatorReplacement,return (_xmlParserFeatures & f.getMask()) != 0;,return (_xmlParserFeatures & f.getMask()) == 0;,40,
com/fasterxml/jackson/dataformat/xml/XmlFactory.java,228,RelationalOperatorReplacement,if (_jdkXmlOutFactory == null) {,if (_jdkXmlOutFactory != null) {,41,
com/fasterxml/jackson/dataformat/xml/XmlFactory.java,225,RelationalOperatorReplacement,if (_jdkXmlInFactory == null) {,if (_jdkXmlInFactory != null) {,42,
com/fasterxml/jackson/dataformat/xml/XmlFactory.java,129,RelationalOperatorReplacement,if (xmlOut == null) {,if (xmlOut != null) {,43,
com/fasterxml/jackson/dataformat/xml/XmlFactory.java,122,RelationalOperatorReplacement,if (xmlIn == null) {,if (xmlIn != null) {,44,
com/fasterxml/jackson/dataformat/xml/XmlFactory.java,935,NullifyReturnValue,return out;,return null;,45,
com/fasterxml/jackson/dataformat/xml/XmlFactory.java,932,NullifyReturnValue,return out2;,return null;,46,
com/fasterxml/jackson/dataformat/xml/XmlFactory.java,924,NullifyReturnValue,return out;,return null;,47,
com/fasterxml/jackson/dataformat/xml/XmlFactory.java,921,NullifyReturnValue,return out2;,return null;,48,
com/fasterxml/jackson/dataformat/xml/XmlFactory.java,892,NullifyReturnValue,return fullMatchStrength;,return null;,49,
com/fasterxml/jackson/dataformat/xml/XmlFactory.java,324,LogicalOperatorReplacement,return (_xmlParserFeatures & f.getMask()) != 0;,return (_xmlParserFeatures | f.getMask()) != 0;,5,
com/fasterxml/jackson/dataformat/xml/XmlFactory.java,889,NullifyReturnValue,return MatchStrength.NO_MATCH;,return null;,50,
com/fasterxml/jackson/dataformat/xml/XmlFactory.java,886,NullifyReturnValue,return MatchStrength.INCONCLUSIVE;,return null;,51,
com/fasterxml/jackson/dataformat/xml/XmlFactory.java,864,NullifyReturnValue,return MatchStrength.NO_MATCH;,return null;,52,
com/fasterxml/jackson/dataformat/xml/XmlFactory.java,861,NullifyReturnValue,return MatchStrength.SOLID_MATCH;,return null;,53,
com/fasterxml/jackson/dataformat/xml/XmlFactory.java,856,NullifyReturnValue,"return tryMatch(acc, ""OCTYPE"", MatchStrength.SOLID_MATCH);",return null;,54,
com/fasterxml/jackson/dataformat/xml/XmlFactory.java,853,NullifyReturnValue,return MatchStrength.SOLID_MATCH;,return null;,55,
com/fasterxml/jackson/dataformat/xml/XmlFactory.java,850,NullifyReturnValue,return MatchStrength.INCONCLUSIVE;,return null;,56,
com/fasterxml/jackson/dataformat/xml/XmlFactory.java,845,NullifyReturnValue,return MatchStrength.INCONCLUSIVE;,return null;,57,
com/fasterxml/jackson/dataformat/xml/XmlFactory.java,838,NullifyReturnValue,return MatchStrength.SOLID_MATCH;,return null;,58,
com/fasterxml/jackson/dataformat/xml/XmlFactory.java,834,NullifyReturnValue,return MatchStrength.SOLID_MATCH;,return null;,59,
com/fasterxml/jackson/dataformat/xml/XmlFactory.java,931,RelationalOperatorReplacement,if (out2 != null) {,if (out2 == null) {,6,
com/fasterxml/jackson/dataformat/xml/XmlFactory.java,829,NullifyReturnValue,return MatchStrength.FULL_MATCH;,return null;,60,
com/fasterxml/jackson/dataformat/xml/XmlFactory.java,819,NullifyReturnValue,return MatchStrength.INCONCLUSIVE;,return null;,61,
com/fasterxml/jackson/dataformat/xml/XmlFactory.java,815,NullifyReturnValue,return MatchStrength.NO_MATCH;,return null;,62,
com/fasterxml/jackson/dataformat/xml/XmlFactory.java,810,NullifyReturnValue,return MatchStrength.INCONCLUSIVE;,return null;,63,
com/fasterxml/jackson/dataformat/xml/XmlFactory.java,801,NullifyReturnValue,return MatchStrength.INCONCLUSIVE;,return null;,64,
com/fasterxml/jackson/dataformat/xml/XmlFactory.java,798,NullifyReturnValue,return MatchStrength.NO_MATCH;,return null;,65,
com/fasterxml/jackson/dataformat/xml/XmlFactory.java,795,NullifyReturnValue,return MatchStrength.INCONCLUSIVE;,return null;,66,
com/fasterxml/jackson/dataformat/xml/XmlFactory.java,792,NullifyReturnValue,return MatchStrength.NO_MATCH;,return null;,67,
com/fasterxml/jackson/dataformat/xml/XmlFactory.java,789,NullifyReturnValue,return MatchStrength.INCONCLUSIVE;,return null;,68,
com/fasterxml/jackson/dataformat/xml/XmlFactory.java,783,NullifyReturnValue,return MatchStrength.INCONCLUSIVE;,return null;,69,
com/fasterxml/jackson/dataformat/xml/XmlFactory.java,929,RelationalOperatorReplacement,if (_outputDecorator != null) {,if (_outputDecorator == null) {,7,
com/fasterxml/jackson/dataformat/xml/XmlFactory.java,746,NullifyReturnValue,return sr;,return null;,70,
com/fasterxml/jackson/dataformat/xml/XmlFactory.java,732,NullifyReturnValue,return sw;,return null;,71,
com/fasterxml/jackson/dataformat/xml/XmlFactory.java,720,NullifyReturnValue,return _initializeXmlWriter(sw);,return null;,72,
com/fasterxml/jackson/dataformat/xml/XmlFactory.java,709,NullifyReturnValue,return _initializeXmlWriter(sw);,return null;,73,
com/fasterxml/jackson/dataformat/xml/XmlFactory.java,692,NullifyReturnValue,return null;,return null;,74,
com/fasterxml/jackson/dataformat/xml/XmlFactory.java,685,NullifyReturnValue,return xp;,return null;,75,
com/fasterxml/jackson/dataformat/xml/XmlFactory.java,677,NullifyReturnValue,"return StaxUtil.throwAsParseException(e, null);",return null;,76,
com/fasterxml/jackson/dataformat/xml/XmlFactory.java,651,NullifyReturnValue,return xp;,return null;,77,
com/fasterxml/jackson/dataformat/xml/XmlFactory.java,643,NullifyReturnValue,"return StaxUtil.throwAsParseException(e, null);",return null;,78,
com/fasterxml/jackson/dataformat/xml/XmlFactory.java,624,NullifyReturnValue,return xp;,return null;,79,
com/fasterxml/jackson/dataformat/xml/XmlFactory.java,920,RelationalOperatorReplacement,if (out2 != null) {,if (out2 == null) {,8,
com/fasterxml/jackson/dataformat/xml/XmlFactory.java,616,NullifyReturnValue,"return StaxUtil.throwAsParseException(e, null);",return null;,80,
com/fasterxml/jackson/dataformat/xml/XmlFactory.java,606,NullifyReturnValue,return xp;,return null;,81,
com/fasterxml/jackson/dataformat/xml/XmlFactory.java,598,NullifyReturnValue,"return StaxUtil.throwAsParseException(e, null);",return null;,82,
com/fasterxml/jackson/dataformat/xml/XmlFactory.java,581,NullifyReturnValue,"return new ToXmlGenerator(ctxt, _generatorFeatures, _xmlGeneratorFeatures,",return null;,83,
com/fasterxml/jackson/dataformat/xml/XmlFactory.java,567,NullifyReturnValue,return xp;,return null;,84,
com/fasterxml/jackson/dataformat/xml/XmlFactory.java,538,NullifyReturnValue,"return new ToXmlGenerator(ctxt, _generatorFeatures, _xmlGeneratorFeatures,",return null;,85,
com/fasterxml/jackson/dataformat/xml/XmlFactory.java,525,NullifyReturnValue,"return new ToXmlGenerator(ctxt,",return null;,86,
com/fasterxml/jackson/dataformat/xml/XmlFactory.java,516,NullifyReturnValue,"return new ToXmlGenerator(ctxt,",return null;,87,
com/fasterxml/jackson/dataformat/xml/XmlFactory.java,507,NullifyReturnValue,"return createGenerator(out, JsonEncoding.UTF8);",return null;,88,
com/fasterxml/jackson/dataformat/xml/XmlFactory.java,496,NullifyReturnValue,"return _createParser(r, ctxt);",return null;,89,
com/fasterxml/jackson/dataformat/xml/XmlFactory.java,918,RelationalOperatorReplacement,if (_outputDecorator != null) {,if (_outputDecorator == null) {,9,
com/fasterxml/jackson/dataformat/xml/XmlFactory.java,474,NullifyReturnValue,return ToXmlGenerator.Feature.class;,return null;,90,
com/fasterxml/jackson/dataformat/xml/XmlFactory.java,469,NullifyReturnValue,return FromXmlParser.Feature.class;,return null;,91,
com/fasterxml/jackson/dataformat/xml/XmlFactory.java,440,NullifyReturnValue,return hasXMLFormat(acc);,return null;,92,
com/fasterxml/jackson/dataformat/xml/XmlFactory.java,435,NullifyReturnValue,return FORMAT_NAME_XML;,return null;,93,
com/fasterxml/jackson/dataformat/xml/XmlFactory.java,408,NullifyReturnValue,return _xmlOutputFactory;,return null;,94,
com/fasterxml/jackson/dataformat/xml/XmlFactory.java,394,NullifyReturnValue,return _xmlInputFactory;,return null;,95,
com/fasterxml/jackson/dataformat/xml/XmlFactory.java,376,NullifyReturnValue,return this;,return null;,96,
com/fasterxml/jackson/dataformat/xml/XmlFactory.java,368,NullifyReturnValue,return this;,return null;,97,
com/fasterxml/jackson/dataformat/xml/XmlFactory.java,360,NullifyReturnValue,return this;,return null;,98,
com/fasterxml/jackson/dataformat/xml/XmlFactory.java,338,NullifyReturnValue,return _nameProcessor;,return null;,99,
com/fasterxml/jackson/dataformat/xml/XmlFactoryBuilder.java,137,RelationalOperatorReplacement,return (_classLoaderForStax == null) ?,return (_classLoaderForStax != null) ?,1,
com/fasterxml/jackson/dataformat/xml/XmlFactoryBuilder.java,221,NullifyReturnValue,return _this();,return null;,10,
com/fasterxml/jackson/dataformat/xml/XmlFactoryBuilder.java,213,NullifyReturnValue,return _this();,return null;,11,
com/fasterxml/jackson/dataformat/xml/XmlFactoryBuilder.java,206,NullifyReturnValue,return state ? enable(f) : disable(f);,return null;,12,
com/fasterxml/jackson/dataformat/xml/XmlFactoryBuilder.java,202,NullifyReturnValue,return _this();,return null;,13,
com/fasterxml/jackson/dataformat/xml/XmlFactoryBuilder.java,194,NullifyReturnValue,return _this();,return null;,14,
com/fasterxml/jackson/dataformat/xml/XmlFactoryBuilder.java,189,NullifyReturnValue,return _this();,return null;,15,
com/fasterxml/jackson/dataformat/xml/XmlFactoryBuilder.java,181,NullifyReturnValue,return _this();,return null;,16,
com/fasterxml/jackson/dataformat/xml/XmlFactoryBuilder.java,174,NullifyReturnValue,return state ? enable(f) : disable(f);,return null;,17,
com/fasterxml/jackson/dataformat/xml/XmlFactoryBuilder.java,170,NullifyReturnValue,return _this();,return null;,18,
com/fasterxml/jackson/dataformat/xml/XmlFactoryBuilder.java,162,NullifyReturnValue,return _this();,return null;,19,
com/fasterxml/jackson/dataformat/xml/XmlFactoryBuilder.java,122,RelationalOperatorReplacement,if (_xmlOutputFactory == null) {,if (_xmlOutputFactory != null) {,2,
com/fasterxml/jackson/dataformat/xml/XmlFactoryBuilder.java,157,NullifyReturnValue,return _this();,return null;,20,
com/fasterxml/jackson/dataformat/xml/XmlFactoryBuilder.java,149,NullifyReturnValue,return _this();,return null;,21,
com/fasterxml/jackson/dataformat/xml/XmlFactoryBuilder.java,142,NullifyReturnValue,return _nameProcessor;,return null;,22,
com/fasterxml/jackson/dataformat/xml/XmlFactoryBuilder.java,137,NullifyReturnValue,return (_classLoaderForStax == null) ?,return null;,23,
com/fasterxml/jackson/dataformat/xml/XmlFactoryBuilder.java,132,NullifyReturnValue,return xmlOut;,return null;,24,
com/fasterxml/jackson/dataformat/xml/XmlFactoryBuilder.java,125,NullifyReturnValue,return _xmlOutputFactory;,return null;,25,
com/fasterxml/jackson/dataformat/xml/XmlFactoryBuilder.java,123,NullifyReturnValue,return defaultOutputFactory();,return null;,26,
com/fasterxml/jackson/dataformat/xml/XmlFactoryBuilder.java,118,NullifyReturnValue,return xmlIn;,return null;,27,
com/fasterxml/jackson/dataformat/xml/XmlFactoryBuilder.java,109,NullifyReturnValue,return _xmlInputFactory;,return null;,28,
com/fasterxml/jackson/dataformat/xml/XmlFactoryBuilder.java,107,NullifyReturnValue,return defaultInputFactory();,return null;,29,
com/fasterxml/jackson/dataformat/xml/XmlFactoryBuilder.java,106,RelationalOperatorReplacement,if (_xmlInputFactory == null) {,if (_xmlInputFactory != null) {,3,
com/fasterxml/jackson/dataformat/xml/XmlFactoryBuilder.java,103,NullifyReturnValue,public String nameForTextElement() { return _nameForTextElement; },public String nameForTextElement() { return null; },30,
com/fasterxml/jackson/dataformat/xml/XmlFactoryBuilder.java,137,RemoveNullCheck,return (_classLoaderForStax == null) ?,return (false) ?,31,
com/fasterxml/jackson/dataformat/xml/XmlFactoryBuilder.java,122,RemoveNullCheck,if (_xmlOutputFactory == null) {,if (false) {,32,
com/fasterxml/jackson/dataformat/xml/XmlFactoryBuilder.java,106,RemoveNullCheck,if (_xmlInputFactory == null) {,if (false) {,33,
com/fasterxml/jackson/dataformat/xml/XmlFactoryBuilder.java,200,AssignmentOperatorReplacementShortcut,_formatGeneratorFeatures &= ~f.getMask();,_formatGeneratorFeatures |= ~f.getMask();,34,
com/fasterxml/jackson/dataformat/xml/XmlFactoryBuilder.java,198,AssignmentOperatorReplacementShortcut,_formatGeneratorFeatures &= ~first.getMask();,_formatGeneratorFeatures |= ~first.getMask();,35,
com/fasterxml/jackson/dataformat/xml/XmlFactoryBuilder.java,193,AssignmentOperatorReplacementShortcut,_formatGeneratorFeatures &= ~f.getMask();,_formatGeneratorFeatures |= ~f.getMask();,36,
com/fasterxml/jackson/dataformat/xml/XmlFactoryBuilder.java,187,AssignmentOperatorReplacementShortcut,_formatGeneratorFeatures |= f.getMask();,_formatGeneratorFeatures ^= f.getMask();,37,
com/fasterxml/jackson/dataformat/xml/XmlFactoryBuilder.java,185,AssignmentOperatorReplacementShortcut,_formatGeneratorFeatures |= first.getMask();,_formatGeneratorFeatures ^= first.getMask();,38,
com/fasterxml/jackson/dataformat/xml/XmlFactoryBuilder.java,180,AssignmentOperatorReplacementShortcut,_formatGeneratorFeatures |= f.getMask();,_formatGeneratorFeatures ^= f.getMask();,39,
com/fasterxml/jackson/dataformat/xml/XmlFactoryBuilder.java,278,NullifyReturnValue,return new XmlFactory(this);,return null;,4,
com/fasterxml/jackson/dataformat/xml/XmlFactoryBuilder.java,168,AssignmentOperatorReplacementShortcut,_formatParserFeatures &= ~f.getMask();,_formatParserFeatures |= ~f.getMask();,40,
com/fasterxml/jackson/dataformat/xml/XmlFactoryBuilder.java,166,AssignmentOperatorReplacementShortcut,_formatParserFeatures &= ~first.getMask();,_formatParserFeatures |= ~first.getMask();,41,
com/fasterxml/jackson/dataformat/xml/XmlFactoryBuilder.java,161,AssignmentOperatorReplacementShortcut,_formatParserFeatures &= ~f.getMask();,_formatParserFeatures |= ~f.getMask();,42,
com/fasterxml/jackson/dataformat/xml/XmlFactoryBuilder.java,155,AssignmentOperatorReplacementShortcut,_formatParserFeatures |= f.getMask();,_formatParserFeatures ^= f.getMask();,43,
com/fasterxml/jackson/dataformat/xml/XmlFactoryBuilder.java,153,AssignmentOperatorReplacementShortcut,_formatParserFeatures |= first.getMask();,_formatParserFeatures ^= first.getMask();,44,
com/fasterxml/jackson/dataformat/xml/XmlFactoryBuilder.java,148,AssignmentOperatorReplacementShortcut,_formatParserFeatures |= f.getMask();,_formatParserFeatures ^= f.getMask();,45,
com/fasterxml/jackson/dataformat/xml/XmlFactoryBuilder.java,269,NullifyInputVariable,public XmlFactoryBuilder xmlNameProcessor(XmlNameProcessor nameProcessor) {,public XmlFactoryBuilder xmlNameProcessor(XmlNameProcessor nameProcessor) { nameProcessor = null;,46,
com/fasterxml/jackson/dataformat/xml/XmlFactoryBuilder.java,261,NullifyInputVariable,public XmlFactoryBuilder staxClassLoader(ClassLoader cl) {,public XmlFactoryBuilder staxClassLoader(ClassLoader cl) { cl = null;,47,
com/fasterxml/jackson/dataformat/xml/XmlFactoryBuilder.java,245,NullifyInputVariable,public XmlFactoryBuilder outputFactory(XMLOutputFactory xmlOut) {,public XmlFactoryBuilder outputFactory(XMLOutputFactory xmlOut) { xmlOut = null;,48,
com/fasterxml/jackson/dataformat/xml/XmlFactoryBuilder.java,237,NullifyInputVariable,public XmlFactoryBuilder inputFactory(XMLInputFactory xmlIn) {,public XmlFactoryBuilder inputFactory(XMLInputFactory xmlIn) { xmlIn = null;,49,
com/fasterxml/jackson/dataformat/xml/XmlFactoryBuilder.java,271,NullifyReturnValue,return _this();,return null;,5,
com/fasterxml/jackson/dataformat/xml/XmlFactoryBuilder.java,228,NullifyInputVariable,{,{ xmlOut = null;,50,
com/fasterxml/jackson/dataformat/xml/XmlFactoryBuilder.java,219,NullifyInputVariable,public XmlFactoryBuilder xmlInputFactory(XMLInputFactory xmlIn) {,public XmlFactoryBuilder xmlInputFactory(XMLInputFactory xmlIn) { xmlIn = null;,51,
com/fasterxml/jackson/dataformat/xml/XmlFactoryBuilder.java,211,NullifyInputVariable,public XmlFactoryBuilder nameForTextElement(String name) {,public XmlFactoryBuilder nameForTextElement(String name) { name = null;,52,
com/fasterxml/jackson/dataformat/xml/XmlFactoryBuilder.java,205,NullifyInputVariable,"public XmlFactoryBuilder configure(ToXmlGenerator.Feature f, boolean state) {","public XmlFactoryBuilder configure(ToXmlGenerator.Feature f, boolean state) { f = null;",53,
com/fasterxml/jackson/dataformat/xml/XmlFactoryBuilder.java,197,NullifyInputVariable,"public XmlFactoryBuilder disable(ToXmlGenerator.Feature first, ToXmlGenerator.Feature... other) {","public XmlFactoryBuilder disable(ToXmlGenerator.Feature first, ToXmlGenerator.Feature... other) { other = null;",54,
com/fasterxml/jackson/dataformat/xml/XmlFactoryBuilder.java,197,NullifyInputVariable,"public XmlFactoryBuilder disable(ToXmlGenerator.Feature first, ToXmlGenerator.Feature... other) {","public XmlFactoryBuilder disable(ToXmlGenerator.Feature first, ToXmlGenerator.Feature... other) { first = null;",55,
com/fasterxml/jackson/dataformat/xml/XmlFactoryBuilder.java,192,NullifyInputVariable,public XmlFactoryBuilder disable(ToXmlGenerator.Feature f) {,public XmlFactoryBuilder disable(ToXmlGenerator.Feature f) { f = null;,56,
com/fasterxml/jackson/dataformat/xml/XmlFactoryBuilder.java,184,NullifyInputVariable,"public XmlFactoryBuilder enable(ToXmlGenerator.Feature first, ToXmlGenerator.Feature... other) {","public XmlFactoryBuilder enable(ToXmlGenerator.Feature first, ToXmlGenerator.Feature... other) { other = null;",57,
com/fasterxml/jackson/dataformat/xml/XmlFactoryBuilder.java,184,NullifyInputVariable,"public XmlFactoryBuilder enable(ToXmlGenerator.Feature first, ToXmlGenerator.Feature... other) {","public XmlFactoryBuilder enable(ToXmlGenerator.Feature first, ToXmlGenerator.Feature... other) { first = null;",58,
com/fasterxml/jackson/dataformat/xml/XmlFactoryBuilder.java,179,NullifyInputVariable,public XmlFactoryBuilder enable(ToXmlGenerator.Feature f) {,public XmlFactoryBuilder enable(ToXmlGenerator.Feature f) { f = null;,59,
com/fasterxml/jackson/dataformat/xml/XmlFactoryBuilder.java,263,NullifyReturnValue,return _this();,return null;,6,
com/fasterxml/jackson/dataformat/xml/XmlFactoryBuilder.java,173,NullifyInputVariable,"public XmlFactoryBuilder configure(FromXmlParser.Feature f, boolean state) {","public XmlFactoryBuilder configure(FromXmlParser.Feature f, boolean state) { f = null;",60,
com/fasterxml/jackson/dataformat/xml/XmlFactoryBuilder.java,165,NullifyInputVariable,"public XmlFactoryBuilder disable(FromXmlParser.Feature first, FromXmlParser.Feature... other) {","public XmlFactoryBuilder disable(FromXmlParser.Feature first, FromXmlParser.Feature... other) { other = null;",61,
com/fasterxml/jackson/dataformat/xml/XmlFactoryBuilder.java,165,NullifyInputVariable,"public XmlFactoryBuilder disable(FromXmlParser.Feature first, FromXmlParser.Feature... other) {","public XmlFactoryBuilder disable(FromXmlParser.Feature first, FromXmlParser.Feature... other) { first = null;",62,
com/fasterxml/jackson/dataformat/xml/XmlFactoryBuilder.java,160,NullifyInputVariable,public XmlFactoryBuilder disable(FromXmlParser.Feature f) {,public XmlFactoryBuilder disable(FromXmlParser.Feature f) { f = null;,63,
com/fasterxml/jackson/dataformat/xml/XmlFactoryBuilder.java,152,NullifyInputVariable,"public XmlFactoryBuilder enable(FromXmlParser.Feature first, FromXmlParser.Feature... other) {","public XmlFactoryBuilder enable(FromXmlParser.Feature first, FromXmlParser.Feature... other) { other = null;",64,
com/fasterxml/jackson/dataformat/xml/XmlFactoryBuilder.java,152,NullifyInputVariable,"public XmlFactoryBuilder enable(FromXmlParser.Feature first, FromXmlParser.Feature... other) {","public XmlFactoryBuilder enable(FromXmlParser.Feature first, FromXmlParser.Feature... other) { first = null;",65,
com/fasterxml/jackson/dataformat/xml/XmlFactoryBuilder.java,147,NullifyInputVariable,public XmlFactoryBuilder enable(FromXmlParser.Feature f) {,public XmlFactoryBuilder enable(FromXmlParser.Feature f) { f = null;,66,
com/fasterxml/jackson/dataformat/xml/XmlFactoryBuilder.java,278,NullifyObjectInitialization,return new XmlFactory(this);,return null;,67,
com/fasterxml/jackson/dataformat/xml/XmlFactoryBuilder.java,277,RemoveMethod,public XmlFactory build() {,public XmlFactory build() {,68,
com/fasterxml/jackson/dataformat/xml/XmlFactoryBuilder.java,269,RemoveMethod,public XmlFactoryBuilder xmlNameProcessor(XmlNameProcessor nameProcessor) {,public XmlFactoryBuilder xmlNameProcessor(XmlNameProcessor nameProcessor) {,69,
com/fasterxml/jackson/dataformat/xml/XmlFactoryBuilder.java,246,NullifyReturnValue,return xmlOutputFactory(xmlOut);,return null;,7,
com/fasterxml/jackson/dataformat/xml/XmlFactoryBuilder.java,261,RemoveMethod,public XmlFactoryBuilder staxClassLoader(ClassLoader cl) {,public XmlFactoryBuilder staxClassLoader(ClassLoader cl) {,70,
com/fasterxml/jackson/dataformat/xml/XmlFactoryBuilder.java,245,RemoveMethod,public XmlFactoryBuilder outputFactory(XMLOutputFactory xmlOut) {,public XmlFactoryBuilder outputFactory(XMLOutputFactory xmlOut) {,71,
com/fasterxml/jackson/dataformat/xml/XmlFactoryBuilder.java,237,RemoveMethod,public XmlFactoryBuilder inputFactory(XMLInputFactory xmlIn) {,public XmlFactoryBuilder inputFactory(XMLInputFactory xmlIn) {,72,
com/fasterxml/jackson/dataformat/xml/XmlFactoryBuilder.java,228,RemoveMethod,{,{,73,
com/fasterxml/jackson/dataformat/xml/XmlFactoryBuilder.java,219,RemoveMethod,public XmlFactoryBuilder xmlInputFactory(XMLInputFactory xmlIn) {,public XmlFactoryBuilder xmlInputFactory(XMLInputFactory xmlIn) {,74,
com/fasterxml/jackson/dataformat/xml/XmlFactoryBuilder.java,211,RemoveMethod,public XmlFactoryBuilder nameForTextElement(String name) {,public XmlFactoryBuilder nameForTextElement(String name) {,75,
com/fasterxml/jackson/dataformat/xml/XmlFactoryBuilder.java,205,RemoveMethod,"public XmlFactoryBuilder configure(ToXmlGenerator.Feature f, boolean state) {","public XmlFactoryBuilder configure(ToXmlGenerator.Feature f, boolean state) {",76,
com/fasterxml/jackson/dataformat/xml/XmlFactoryBuilder.java,197,RemoveMethod,"public XmlFactoryBuilder disable(ToXmlGenerator.Feature first, ToXmlGenerator.Feature... other) {","public XmlFactoryBuilder disable(ToXmlGenerator.Feature first, ToXmlGenerator.Feature... other) {",77,
com/fasterxml/jackson/dataformat/xml/XmlFactoryBuilder.java,192,RemoveMethod,public XmlFactoryBuilder disable(ToXmlGenerator.Feature f) {,public XmlFactoryBuilder disable(ToXmlGenerator.Feature f) {,78,
com/fasterxml/jackson/dataformat/xml/XmlFactoryBuilder.java,184,RemoveMethod,"public XmlFactoryBuilder enable(ToXmlGenerator.Feature first, ToXmlGenerator.Feature... other) {","public XmlFactoryBuilder enable(ToXmlGenerator.Feature first, ToXmlGenerator.Feature... other) {",79,
com/fasterxml/jackson/dataformat/xml/XmlFactoryBuilder.java,238,NullifyReturnValue,return xmlInputFactory(xmlIn);,return null;,8,
com/fasterxml/jackson/dataformat/xml/XmlFactoryBuilder.java,179,RemoveMethod,public XmlFactoryBuilder enable(ToXmlGenerator.Feature f) {,public XmlFactoryBuilder enable(ToXmlGenerator.Feature f) {,80,
com/fasterxml/jackson/dataformat/xml/XmlFactoryBuilder.java,173,RemoveMethod,"public XmlFactoryBuilder configure(FromXmlParser.Feature f, boolean state) {","public XmlFactoryBuilder configure(FromXmlParser.Feature f, boolean state) {",81,
com/fasterxml/jackson/dataformat/xml/XmlFactoryBuilder.java,165,RemoveMethod,"public XmlFactoryBuilder disable(FromXmlParser.Feature first, FromXmlParser.Feature... other) {","public XmlFactoryBuilder disable(FromXmlParser.Feature first, FromXmlParser.Feature... other) {",82,
com/fasterxml/jackson/dataformat/xml/XmlFactoryBuilder.java,160,RemoveMethod,public XmlFactoryBuilder disable(FromXmlParser.Feature f) {,public XmlFactoryBuilder disable(FromXmlParser.Feature f) {,83,
com/fasterxml/jackson/dataformat/xml/XmlFactoryBuilder.java,152,RemoveMethod,"public XmlFactoryBuilder enable(FromXmlParser.Feature first, FromXmlParser.Feature... other) {","public XmlFactoryBuilder enable(FromXmlParser.Feature first, FromXmlParser.Feature... other) {",84,
com/fasterxml/jackson/dataformat/xml/XmlFactoryBuilder.java,147,RemoveMethod,public XmlFactoryBuilder enable(FromXmlParser.Feature f) {,public XmlFactoryBuilder enable(FromXmlParser.Feature f) {,85,
com/fasterxml/jackson/dataformat/xml/XmlFactoryBuilder.java,141,RemoveMethod,public XmlNameProcessor xmlNameProcessor() {,public XmlNameProcessor xmlNameProcessor() {,86,
com/fasterxml/jackson/dataformat/xml/XmlFactoryBuilder.java,136,RemoveMethod,protected ClassLoader staxClassLoader() {,protected ClassLoader staxClassLoader() {,87,
com/fasterxml/jackson/dataformat/xml/XmlFactoryBuilder.java,128,RemoveMethod,protected XMLOutputFactory defaultOutputFactory() {,protected XMLOutputFactory defaultOutputFactory() {,88,
com/fasterxml/jackson/dataformat/xml/XmlFactoryBuilder.java,121,RemoveMethod,public XMLOutputFactory xmlOutputFactory() {,public XMLOutputFactory xmlOutputFactory() {,89,
com/fasterxml/jackson/dataformat/xml/XmlFactoryBuilder.java,230,NullifyReturnValue,return _this();,return null;,9,
com/fasterxml/jackson/dataformat/xml/XmlFactoryBuilder.java,112,RemoveMethod,protected XMLInputFactory defaultInputFactory() {,protected XMLInputFactory defaultInputFactory() {,90,
com/fasterxml/jackson/dataformat/xml/XmlFactoryBuilder.java,105,RemoveMethod,public XMLInputFactory xmlInputFactory() {,public XMLInputFactory xmlInputFactory() {,91,
com/fasterxml/jackson/dataformat/xml/XmlFactoryBuilder.java,103,RemoveMethod,public String nameForTextElement() { return _nameForTextElement; },public String nameForTextElement() {,92,
com/fasterxml/jackson/dataformat/xml/XmlFactoryBuilder.java,103,RemoveMethod,public String nameForTextElement() { return _nameForTextElement; },public String nameForTextElement() {,93,
com/fasterxml/jackson/dataformat/xml/XmlFactoryBuilder.java,101,RemoveMethod,public int formatGeneratorFeaturesMask() { return _formatGeneratorFeatures; },public int formatGeneratorFeaturesMask() {,94,
com/fasterxml/jackson/dataformat/xml/XmlFactoryBuilder.java,101,RemoveMethod,public int formatGeneratorFeaturesMask() { return _formatGeneratorFeatures; },public int formatGeneratorFeaturesMask() {,95,
com/fasterxml/jackson/dataformat/xml/XmlFactoryBuilder.java,100,RemoveMethod,public int formatParserFeaturesMask() { return _formatParserFeatures; },public int formatParserFeaturesMask() {,96,
com/fasterxml/jackson/dataformat/xml/XmlFactoryBuilder.java,100,RemoveMethod,public int formatParserFeaturesMask() { return _formatParserFeatures; },public int formatParserFeaturesMask() {,97,
com/fasterxml/jackson/dataformat/xml/XmlMapper.java,172,RelationalOperatorReplacement,if (sfOverride != null) {,if (sfOverride == null) {,1,
com/fasterxml/jackson/dataformat/xml/XmlMapper.java,332,NullifyReturnValue,return this;,return null;,10,
com/fasterxml/jackson/dataformat/xml/XmlMapper.java,216,RemoveMethod,{,{,100,
com/fasterxml/jackson/dataformat/xml/XmlMapper.java,116,RemoveMethod,public Builder xmlNameProcessor(XmlNameProcessor processor) {,public Builder xmlNameProcessor(XmlNameProcessor processor) {,101,
com/fasterxml/jackson/dataformat/xml/XmlMapper.java,108,RemoveMethod,public Builder defaultUseWrapper(boolean state) {,public Builder defaultUseWrapper(boolean state) {,102,
com/fasterxml/jackson/dataformat/xml/XmlMapper.java,103,RemoveMethod,public Builder nameForTextElement(String name) {,public Builder nameForTextElement(String name) {,103,
com/fasterxml/jackson/dataformat/xml/XmlMapper.java,94,RemoveMethod,{,{,104,
com/fasterxml/jackson/dataformat/xml/XmlMapper.java,86,RemoveMethod,public Builder disable(ToXmlGenerator.Feature... features) {,public Builder disable(ToXmlGenerator.Feature... features) {,105,
com/fasterxml/jackson/dataformat/xml/XmlMapper.java,79,RemoveMethod,public Builder enable(ToXmlGenerator.Feature... features) {,public Builder enable(ToXmlGenerator.Feature... features) {,106,
com/fasterxml/jackson/dataformat/xml/XmlMapper.java,70,RemoveMethod,{,{,107,
com/fasterxml/jackson/dataformat/xml/XmlMapper.java,62,RemoveMethod,public Builder disable(FromXmlParser.Feature... features) {,public Builder disable(FromXmlParser.Feature... features) {,108,
com/fasterxml/jackson/dataformat/xml/XmlMapper.java,55,RemoveMethod,public Builder enable(FromXmlParser.Feature... features) {,public Builder enable(FromXmlParser.Feature... features) {,109,
com/fasterxml/jackson/dataformat/xml/XmlMapper.java,327,NullifyReturnValue,return this;,return null;,11,
com/fasterxml/jackson/dataformat/xml/XmlMapper.java,322,NullifyReturnValue,return this;,return null;,12,
com/fasterxml/jackson/dataformat/xml/XmlMapper.java,317,NullifyReturnValue,return this;,return null;,13,
com/fasterxml/jackson/dataformat/xml/XmlMapper.java,312,NullifyReturnValue,return (XmlFactory) _jsonFactory;,return null;,14,
com/fasterxml/jackson/dataformat/xml/XmlMapper.java,294,NullifyReturnValue,return this;,return null;,15,
com/fasterxml/jackson/dataformat/xml/XmlMapper.java,256,NullifyReturnValue,"return new DefaultingXmlTypeResolverBuilder(applicability, ptv);",return null;,16,
com/fasterxml/jackson/dataformat/xml/XmlMapper.java,244,NullifyReturnValue,return PackageVersion.VERSION;,return null;,17,
com/fasterxml/jackson/dataformat/xml/XmlMapper.java,239,NullifyReturnValue,return new XmlMapper.Builder(new XmlMapper(streamFactory));,return null;,18,
com/fasterxml/jackson/dataformat/xml/XmlMapper.java,232,NullifyReturnValue,return new XmlMapper.Builder(new XmlMapper());,return null;,19,
com/fasterxml/jackson/dataformat/xml/XmlMapper.java,169,RelationalOperatorReplacement,if (module != null) {,if (module == null) {,2,
com/fasterxml/jackson/dataformat/xml/XmlMapper.java,225,NullifyReturnValue,return new XmlMapper.Builder(new XmlMapper());,return null;,20,
com/fasterxml/jackson/dataformat/xml/XmlMapper.java,218,NullifyReturnValue,return new XmlMapper(this);,return null;,21,
com/fasterxml/jackson/dataformat/xml/XmlMapper.java,118,NullifyReturnValue,return this;,return null;,22,
com/fasterxml/jackson/dataformat/xml/XmlMapper.java,110,NullifyReturnValue,return this;,return null;,23,
com/fasterxml/jackson/dataformat/xml/XmlMapper.java,105,NullifyReturnValue,return this;,return null;,24,
com/fasterxml/jackson/dataformat/xml/XmlMapper.java,100,NullifyReturnValue,return this;,return null;,25,
com/fasterxml/jackson/dataformat/xml/XmlMapper.java,90,NullifyReturnValue,return this;,return null;,26,
com/fasterxml/jackson/dataformat/xml/XmlMapper.java,83,NullifyReturnValue,return this;,return null;,27,
com/fasterxml/jackson/dataformat/xml/XmlMapper.java,76,NullifyReturnValue,return this;,return null;,28,
com/fasterxml/jackson/dataformat/xml/XmlMapper.java,66,NullifyReturnValue,return this;,return null;,29,
com/fasterxml/jackson/dataformat/xml/XmlMapper.java,404,NullifyReturnValue,"return super.readValue(p, valueType);",return null;,3,
com/fasterxml/jackson/dataformat/xml/XmlMapper.java,59,NullifyReturnValue,return this;,return null;,30,
com/fasterxml/jackson/dataformat/xml/XmlMapper.java,172,RemoveNullCheck,if (sfOverride != null) {,if (true) {,31,
com/fasterxml/jackson/dataformat/xml/XmlMapper.java,169,RemoveNullCheck,if (module != null) {,if (true) {,32,
com/fasterxml/jackson/dataformat/xml/XmlMapper.java,414,NullifyInputVariable,"public void writeValue(XMLStreamWriter w, Object value) throws IOException {","public void writeValue(XMLStreamWriter w, Object value) throws IOException { value = null;",33,
com/fasterxml/jackson/dataformat/xml/XmlMapper.java,414,NullifyInputVariable,"public void writeValue(XMLStreamWriter w, Object value) throws IOException {","public void writeValue(XMLStreamWriter w, Object value) throws IOException { w = null;",34,
com/fasterxml/jackson/dataformat/xml/XmlMapper.java,402,NullifyInputVariable,{,{ valueType = null;,35,
com/fasterxml/jackson/dataformat/xml/XmlMapper.java,402,NullifyInputVariable,{,{ r = null;,36,
com/fasterxml/jackson/dataformat/xml/XmlMapper.java,389,NullifyInputVariable,"public <T> T readValue(XMLStreamReader r, TypeReference<T> valueTypeRef) throws IOException {","public <T> T readValue(XMLStreamReader r, TypeReference<T> valueTypeRef) throws IOException { valueTypeRef = null;",37,
com/fasterxml/jackson/dataformat/xml/XmlMapper.java,389,NullifyInputVariable,"public <T> T readValue(XMLStreamReader r, TypeReference<T> valueTypeRef) throws IOException {","public <T> T readValue(XMLStreamReader r, TypeReference<T> valueTypeRef) throws IOException { r = null;",38,
com/fasterxml/jackson/dataformat/xml/XmlMapper.java,378,NullifyInputVariable,"public <T> T readValue(XMLStreamReader r, Class<T> valueType) throws IOException {","public <T> T readValue(XMLStreamReader r, Class<T> valueType) throws IOException { valueType = null;",39,
com/fasterxml/jackson/dataformat/xml/XmlMapper.java,390,NullifyReturnValue,"return readValue(r, _typeFactory.constructType(valueTypeRef));",return null;,4,
com/fasterxml/jackson/dataformat/xml/XmlMapper.java,378,NullifyInputVariable,"public <T> T readValue(XMLStreamReader r, Class<T> valueType) throws IOException {","public <T> T readValue(XMLStreamReader r, Class<T> valueType) throws IOException { r = null;",40,
com/fasterxml/jackson/dataformat/xml/XmlMapper.java,367,NullifyInputVariable,public ToXmlGenerator createGenerator(XMLStreamWriter w) throws IOException {,public ToXmlGenerator createGenerator(XMLStreamWriter w) throws IOException { w = null;,41,
com/fasterxml/jackson/dataformat/xml/XmlMapper.java,357,NullifyInputVariable,public FromXmlParser createParser(XMLStreamReader r) throws IOException {,public FromXmlParser createParser(XMLStreamReader r) throws IOException { r = null;,42,
com/fasterxml/jackson/dataformat/xml/XmlMapper.java,340,NullifyInputVariable,public ObjectMapper disable(FromXmlParser.Feature f) {,public ObjectMapper disable(FromXmlParser.Feature f) { f = null;,43,
com/fasterxml/jackson/dataformat/xml/XmlMapper.java,335,NullifyInputVariable,public ObjectMapper disable(ToXmlGenerator.Feature f) {,public ObjectMapper disable(ToXmlGenerator.Feature f) { f = null;,44,
com/fasterxml/jackson/dataformat/xml/XmlMapper.java,330,NullifyInputVariable,public ObjectMapper enable(FromXmlParser.Feature f) {,public ObjectMapper enable(FromXmlParser.Feature f) { f = null;,45,
com/fasterxml/jackson/dataformat/xml/XmlMapper.java,325,NullifyInputVariable,public ObjectMapper enable(ToXmlGenerator.Feature f) {,public ObjectMapper enable(ToXmlGenerator.Feature f) { f = null;,46,
com/fasterxml/jackson/dataformat/xml/XmlMapper.java,320,NullifyInputVariable,"public ObjectMapper configure(FromXmlParser.Feature f, boolean state) {","public ObjectMapper configure(FromXmlParser.Feature f, boolean state) { f = null;",47,
com/fasterxml/jackson/dataformat/xml/XmlMapper.java,315,NullifyInputVariable,"public ObjectMapper configure(ToXmlGenerator.Feature f, boolean state) {","public ObjectMapper configure(ToXmlGenerator.Feature f, boolean state) { f = null;",48,
com/fasterxml/jackson/dataformat/xml/XmlMapper.java,300,NullifyInputVariable,public void setXmlNameProcessor(XmlNameProcessor processor) {,public void setXmlNameProcessor(XmlNameProcessor processor) { processor = null;,49,
com/fasterxml/jackson/dataformat/xml/XmlMapper.java,379,NullifyReturnValue,"return readValue(r, _typeFactory.constructType(valueType));",return null;,5,
com/fasterxml/jackson/dataformat/xml/XmlMapper.java,276,NullifyInputVariable,protected void setXMLTextElementName(String name) {,protected void setXMLTextElementName(String name) { name = null;,50,
com/fasterxml/jackson/dataformat/xml/XmlMapper.java,255,NullifyInputVariable,PolymorphicTypeValidator ptv) {,PolymorphicTypeValidator ptv) { ptv = null;,51,
com/fasterxml/jackson/dataformat/xml/XmlMapper.java,255,NullifyInputVariable,PolymorphicTypeValidator ptv) {,PolymorphicTypeValidator ptv) { applicability = null;,52,
com/fasterxml/jackson/dataformat/xml/XmlMapper.java,238,NullifyInputVariable,public static XmlMapper.Builder builder(XmlFactory streamFactory) {,public static XmlMapper.Builder builder(XmlFactory streamFactory) { streamFactory = null;,53,
com/fasterxml/jackson/dataformat/xml/XmlMapper.java,116,NullifyInputVariable,public Builder xmlNameProcessor(XmlNameProcessor processor) {,public Builder xmlNameProcessor(XmlNameProcessor processor) { processor = null;,54,
com/fasterxml/jackson/dataformat/xml/XmlMapper.java,103,NullifyInputVariable,public Builder nameForTextElement(String name) {,public Builder nameForTextElement(String name) { name = null;,55,
com/fasterxml/jackson/dataformat/xml/XmlMapper.java,94,NullifyInputVariable,{,{ feature = null;,56,
com/fasterxml/jackson/dataformat/xml/XmlMapper.java,86,NullifyInputVariable,public Builder disable(ToXmlGenerator.Feature... features) {,public Builder disable(ToXmlGenerator.Feature... features) { features = null;,57,
com/fasterxml/jackson/dataformat/xml/XmlMapper.java,79,NullifyInputVariable,public Builder enable(ToXmlGenerator.Feature... features) {,public Builder enable(ToXmlGenerator.Feature... features) { features = null;,58,
com/fasterxml/jackson/dataformat/xml/XmlMapper.java,70,NullifyInputVariable,{,{ feature = null;,59,
com/fasterxml/jackson/dataformat/xml/XmlMapper.java,368,NullifyReturnValue,return getFactory().createGenerator(w);,return null;,6,
com/fasterxml/jackson/dataformat/xml/XmlMapper.java,62,NullifyInputVariable,public Builder disable(FromXmlParser.Feature... features) {,public Builder disable(FromXmlParser.Feature... features) { features = null;,60,
com/fasterxml/jackson/dataformat/xml/XmlMapper.java,55,NullifyInputVariable,public Builder enable(FromXmlParser.Feature... features) {,public Builder enable(FromXmlParser.Feature... features) { features = null;,61,
com/fasterxml/jackson/dataformat/xml/XmlMapper.java,256,NullifyObjectInitialization,"return new DefaultingXmlTypeResolverBuilder(applicability, ptv);",return null;,62,
com/fasterxml/jackson/dataformat/xml/XmlMapper.java,239,NullifyObjectInitialization,return new XmlMapper.Builder(new XmlMapper(streamFactory));,return null;,63,
com/fasterxml/jackson/dataformat/xml/XmlMapper.java,239,NullifyObjectInitialization,return new XmlMapper.Builder(new XmlMapper(streamFactory));,return new XmlMapper.Builder(null);,64,
com/fasterxml/jackson/dataformat/xml/XmlMapper.java,232,NullifyObjectInitialization,return new XmlMapper.Builder(new XmlMapper());,return null;,65,
com/fasterxml/jackson/dataformat/xml/XmlMapper.java,232,NullifyObjectInitialization,return new XmlMapper.Builder(new XmlMapper());,return new XmlMapper.Builder(null);,66,
com/fasterxml/jackson/dataformat/xml/XmlMapper.java,225,NullifyObjectInitialization,return new XmlMapper.Builder(new XmlMapper());,return null;,67,
com/fasterxml/jackson/dataformat/xml/XmlMapper.java,225,NullifyObjectInitialization,return new XmlMapper.Builder(new XmlMapper());,return new XmlMapper.Builder(null);,68,
com/fasterxml/jackson/dataformat/xml/XmlMapper.java,218,NullifyObjectInitialization,return new XmlMapper(this);,return null;,69,
com/fasterxml/jackson/dataformat/xml/XmlMapper.java,358,NullifyReturnValue,return getFactory().createParser(r);,return null;,7,
com/fasterxml/jackson/dataformat/xml/XmlMapper.java,166,NullifyObjectInitialization,new XmlDeserializationContext(BeanDeserializerFactory.instance));,null);,70,
com/fasterxml/jackson/dataformat/xml/XmlMapper.java,165,NullifyObjectInitialization,"super(xmlFactory, new XmlSerializerProvider(new XmlRootNameLookup()),","super(xmlFactory, null,",71,
com/fasterxml/jackson/dataformat/xml/XmlMapper.java,165,NullifyObjectInitialization,"super(xmlFactory, new XmlSerializerProvider(new XmlRootNameLookup()),","super(xmlFactory, new XmlSerializerProvider(null),",72,
com/fasterxml/jackson/dataformat/xml/XmlMapper.java,158,NullifyObjectInitialization,"this(new XmlFactory(), module);","this(null, module);",73,
com/fasterxml/jackson/dataformat/xml/XmlMapper.java,150,NullifyObjectInitialization,this(new XmlFactory(inputF));,this(null);,74,
com/fasterxml/jackson/dataformat/xml/XmlMapper.java,143,NullifyObjectInitialization,"this(new XmlFactory(inputF, outF));",this(null);,75,
com/fasterxml/jackson/dataformat/xml/XmlMapper.java,136,NullifyObjectInitialization,this(new XmlFactory());,this(null);,76,
com/fasterxml/jackson/dataformat/xml/XmlMapper.java,124,NullifyObjectInitialization,protected final static DefaultXmlPrettyPrinter DEFAULT_XML_PRETTY_PRINTER = new DefaultXmlPrettyPrinter();,protected final static DefaultXmlPrettyPrinter DEFAULT_XML_PRETTY_PRINTER = null;,77,
com/fasterxml/jackson/dataformat/xml/XmlMapper.java,122,NullifyObjectInitialization,protected final static JacksonXmlModule DEFAULT_XML_MODULE = new JacksonXmlModule();,protected final static JacksonXmlModule DEFAULT_XML_MODULE = null;,78,
com/fasterxml/jackson/dataformat/xml/XmlMapper.java,414,RemoveMethod,"public void writeValue(XMLStreamWriter w, Object value) throws IOException {","public void writeValue(XMLStreamWriter w, Object value) throws IOException {",79,
com/fasterxml/jackson/dataformat/xml/XmlMapper.java,342,NullifyReturnValue,return this;,return null;,8,
com/fasterxml/jackson/dataformat/xml/XmlMapper.java,402,RemoveMethod,{,{,80,
com/fasterxml/jackson/dataformat/xml/XmlMapper.java,389,RemoveMethod,"public <T> T readValue(XMLStreamReader r, TypeReference<T> valueTypeRef) throws IOException {","public <T> T readValue(XMLStreamReader r, TypeReference<T> valueTypeRef) throws IOException {",81,
com/fasterxml/jackson/dataformat/xml/XmlMapper.java,378,RemoveMethod,"public <T> T readValue(XMLStreamReader r, Class<T> valueType) throws IOException {","public <T> T readValue(XMLStreamReader r, Class<T> valueType) throws IOException {",82,
com/fasterxml/jackson/dataformat/xml/XmlMapper.java,367,RemoveMethod,public ToXmlGenerator createGenerator(XMLStreamWriter w) throws IOException {,public ToXmlGenerator createGenerator(XMLStreamWriter w) throws IOException {,83,
com/fasterxml/jackson/dataformat/xml/XmlMapper.java,357,RemoveMethod,public FromXmlParser createParser(XMLStreamReader r) throws IOException {,public FromXmlParser createParser(XMLStreamReader r) throws IOException {,84,
com/fasterxml/jackson/dataformat/xml/XmlMapper.java,340,RemoveMethod,public ObjectMapper disable(FromXmlParser.Feature f) {,public ObjectMapper disable(FromXmlParser.Feature f) {,85,
com/fasterxml/jackson/dataformat/xml/XmlMapper.java,335,RemoveMethod,public ObjectMapper disable(ToXmlGenerator.Feature f) {,public ObjectMapper disable(ToXmlGenerator.Feature f) {,86,
com/fasterxml/jackson/dataformat/xml/XmlMapper.java,330,RemoveMethod,public ObjectMapper enable(FromXmlParser.Feature f) {,public ObjectMapper enable(FromXmlParser.Feature f) {,87,
com/fasterxml/jackson/dataformat/xml/XmlMapper.java,325,RemoveMethod,public ObjectMapper enable(ToXmlGenerator.Feature f) {,public ObjectMapper enable(ToXmlGenerator.Feature f) {,88,
com/fasterxml/jackson/dataformat/xml/XmlMapper.java,320,RemoveMethod,"public ObjectMapper configure(FromXmlParser.Feature f, boolean state) {","public ObjectMapper configure(FromXmlParser.Feature f, boolean state) {",89,
com/fasterxml/jackson/dataformat/xml/XmlMapper.java,337,NullifyReturnValue,return this;,return null;,9,
com/fasterxml/jackson/dataformat/xml/XmlMapper.java,315,RemoveMethod,"public ObjectMapper configure(ToXmlGenerator.Feature f, boolean state) {","public ObjectMapper configure(ToXmlGenerator.Feature f, boolean state) {",90,
com/fasterxml/jackson/dataformat/xml/XmlMapper.java,311,RemoveMethod,public XmlFactory getFactory() {,public XmlFactory getFactory() {,91,
com/fasterxml/jackson/dataformat/xml/XmlMapper.java,300,RemoveMethod,public void setXmlNameProcessor(XmlNameProcessor processor) {,public void setXmlNameProcessor(XmlNameProcessor processor) {,92,
com/fasterxml/jackson/dataformat/xml/XmlMapper.java,286,RemoveMethod,public XmlMapper setDefaultUseWrapper(boolean state) {,public XmlMapper setDefaultUseWrapper(boolean state) {,93,
com/fasterxml/jackson/dataformat/xml/XmlMapper.java,276,RemoveMethod,protected void setXMLTextElementName(String name) {,protected void setXMLTextElementName(String name) {,94,
com/fasterxml/jackson/dataformat/xml/XmlMapper.java,255,RemoveMethod,PolymorphicTypeValidator ptv) {,PolymorphicTypeValidator ptv) {,95,
com/fasterxml/jackson/dataformat/xml/XmlMapper.java,243,RemoveMethod,public Version version() {,public Version version() {,96,
com/fasterxml/jackson/dataformat/xml/XmlMapper.java,238,RemoveMethod,public static XmlMapper.Builder builder(XmlFactory streamFactory) {,public static XmlMapper.Builder builder(XmlFactory streamFactory) {,97,
com/fasterxml/jackson/dataformat/xml/XmlMapper.java,231,RemoveMethod,public static XmlMapper.Builder builder() {,public static XmlMapper.Builder builder() {,98,
com/fasterxml/jackson/dataformat/xml/XmlMapper.java,224,RemoveMethod,public static XmlMapper.Builder xmlBuilder() {,public static XmlMapper.Builder xmlBuilder() {,99,
com/fasterxml/jackson/dataformat/xml/XmlNameProcessors.java,157,NullifyReturnValue,return new AlwaysOnBase64NameProcessor();,return null;,1,
com/fasterxml/jackson/dataformat/xml/XmlNameProcessors.java,236,NullifyInputVariable,public void encodeName(XmlName name) {,public void encodeName(XmlName name) { name = null;,10,
com/fasterxml/jackson/dataformat/xml/XmlNameProcessors.java,218,NullifyInputVariable,public void decodeName(XmlName name) {,public void decodeName(XmlName name) { name = null;,11,
com/fasterxml/jackson/dataformat/xml/XmlNameProcessors.java,211,NullifyInputVariable,public void encodeName(XmlName name) {,public void encodeName(XmlName name) { name = null;,12,
com/fasterxml/jackson/dataformat/xml/XmlNameProcessors.java,192,NullifyInputVariable,public void decodeName(XmlName name) {,public void decodeName(XmlName name) { name = null;,13,
com/fasterxml/jackson/dataformat/xml/XmlNameProcessors.java,185,NullifyInputVariable,public void encodeName(XmlName name) {,public void encodeName(XmlName name) { name = null;,14,
com/fasterxml/jackson/dataformat/xml/XmlNameProcessors.java,169,NullifyInputVariable,public void decodeName(XmlName name) { },public void decodeName(XmlName name) { name = null; },15,
com/fasterxml/jackson/dataformat/xml/XmlNameProcessors.java,166,NullifyInputVariable,public void encodeName(XmlName name) { },public void encodeName(XmlName name) { name = null; },16,
com/fasterxml/jackson/dataformat/xml/XmlNameProcessors.java,136,NullifyInputVariable,public static XmlNameProcessor newBase64Processor(String prefix) {,public static XmlNameProcessor newBase64Processor(String prefix) { prefix = null;,17,
com/fasterxml/jackson/dataformat/xml/XmlNameProcessors.java,83,NullifyInputVariable,public static XmlNameProcessor newReplacementProcessor(String replacement) {,public static XmlNameProcessor newReplacementProcessor(String replacement) { replacement = null;,18,
com/fasterxml/jackson/dataformat/xml/XmlNameProcessors.java,242,NullifyObjectInitialization,"name.localPart = new String(BASE64_DECODER.decode(name.localPart), UTF_8);",name.localPart = null;,19,
com/fasterxml/jackson/dataformat/xml/XmlNameProcessors.java,147,NullifyReturnValue,"return newBase64Processor(""base64_tag_"");",return null;,2,
com/fasterxml/jackson/dataformat/xml/XmlNameProcessors.java,237,NullifyObjectInitialization,"name.localPart = new String(BASE64_ENCODER.encode(name.localPart.getBytes(UTF_8)), UTF_8);",name.localPart = null;,20,
com/fasterxml/jackson/dataformat/xml/XmlNameProcessors.java,222,NullifyObjectInitialization,"name.localPart = new String(BASE64_DECODER.decode(localName), UTF_8);",name.localPart = null;,21,
com/fasterxml/jackson/dataformat/xml/XmlNameProcessors.java,213,NullifyObjectInitialization,"name.localPart = _prefix + new String(BASE64_ENCODER.encode(name.localPart.getBytes(UTF_8)), UTF_8);",name.localPart = _prefix + null;,22,
com/fasterxml/jackson/dataformat/xml/XmlNameProcessors.java,157,NullifyObjectInitialization,return new AlwaysOnBase64NameProcessor();,return null;,23,
com/fasterxml/jackson/dataformat/xml/XmlNameProcessors.java,137,NullifyObjectInitialization,return new Base64NameProcessor(prefix);,return null;,24,
com/fasterxml/jackson/dataformat/xml/XmlNameProcessors.java,84,NullifyObjectInitialization,return new ReplaceNameProcessor(replacement);,return null;,25,
com/fasterxml/jackson/dataformat/xml/XmlNameProcessors.java,43,NullifyObjectInitialization,return new PassthroughProcessor();,return null;,26,
com/fasterxml/jackson/dataformat/xml/XmlNameProcessors.java,241,RemoveMethod,public void decodeName(XmlName name) {,public void decodeName(XmlName name) {,27,
com/fasterxml/jackson/dataformat/xml/XmlNameProcessors.java,236,RemoveMethod,public void encodeName(XmlName name) {,public void encodeName(XmlName name) {,28,
com/fasterxml/jackson/dataformat/xml/XmlNameProcessors.java,218,RemoveMethod,public void decodeName(XmlName name) {,public void decodeName(XmlName name) {,29,
com/fasterxml/jackson/dataformat/xml/XmlNameProcessors.java,137,NullifyReturnValue,return new Base64NameProcessor(prefix);,return null;,3,
com/fasterxml/jackson/dataformat/xml/XmlNameProcessors.java,211,RemoveMethod,public void encodeName(XmlName name) {,public void encodeName(XmlName name) {,30,
com/fasterxml/jackson/dataformat/xml/XmlNameProcessors.java,192,RemoveMethod,public void decodeName(XmlName name) {,public void decodeName(XmlName name) {,31,
com/fasterxml/jackson/dataformat/xml/XmlNameProcessors.java,185,RemoveMethod,public void encodeName(XmlName name) {,public void encodeName(XmlName name) {,32,
com/fasterxml/jackson/dataformat/xml/XmlNameProcessors.java,169,RemoveMethod,public void decodeName(XmlName name) { },public void decodeName(XmlName name) {,33,
com/fasterxml/jackson/dataformat/xml/XmlNameProcessors.java,166,RemoveMethod,public void encodeName(XmlName name) { },public void encodeName(XmlName name) {,34,
com/fasterxml/jackson/dataformat/xml/XmlNameProcessors.java,156,RemoveMethod,public static XmlNameProcessor newAlwaysOnBase64Processor() {,public static XmlNameProcessor newAlwaysOnBase64Processor() {,35,
com/fasterxml/jackson/dataformat/xml/XmlNameProcessors.java,146,RemoveMethod,public static XmlNameProcessor newBase64Processor() {,public static XmlNameProcessor newBase64Processor() {,36,
com/fasterxml/jackson/dataformat/xml/XmlNameProcessors.java,136,RemoveMethod,public static XmlNameProcessor newBase64Processor(String prefix) {,public static XmlNameProcessor newBase64Processor(String prefix) {,37,
com/fasterxml/jackson/dataformat/xml/XmlNameProcessors.java,93,RemoveMethod,public static XmlNameProcessor newReplacementProcessor() {,public static XmlNameProcessor newReplacementProcessor() {,38,
com/fasterxml/jackson/dataformat/xml/XmlNameProcessors.java,83,RemoveMethod,public static XmlNameProcessor newReplacementProcessor(String replacement) {,public static XmlNameProcessor newReplacementProcessor(String replacement) {,39,
com/fasterxml/jackson/dataformat/xml/XmlNameProcessors.java,94,NullifyReturnValue,"return newReplacementProcessor(""_"");",return null;,4,
com/fasterxml/jackson/dataformat/xml/XmlNameProcessors.java,42,RemoveMethod,public static XmlNameProcessor newPassthroughProcessor() {,public static XmlNameProcessor newPassthroughProcessor() {,40,
com/fasterxml/jackson/dataformat/xml/XmlNameProcessors.java,84,NullifyReturnValue,return new ReplaceNameProcessor(replacement);,return null;,5,
com/fasterxml/jackson/dataformat/xml/XmlNameProcessors.java,43,NullifyReturnValue,return new PassthroughProcessor();,return null;,6,
com/fasterxml/jackson/dataformat/xml/XmlNameProcessors.java,212,ConditionalOperatorDeletion,if (!VALID_XML_NAME.matcher(name.localPart).matches()) {,if ( VALID_XML_NAME.matcher(name.localPart).matches()) {,7,
com/fasterxml/jackson/dataformat/xml/XmlNameProcessors.java,213,ArithmeticOperatorReplacementBinary,"name.localPart = _prefix + new String(BASE64_ENCODER.encode(name.localPart.getBytes(UTF_8)), UTF_8);","name.localPart = _prefix - new String(BASE64_ENCODER.encode(name.localPart.getBytes(UTF_8)), UTF_8);",8,
com/fasterxml/jackson/dataformat/xml/XmlNameProcessors.java,241,NullifyInputVariable,public void decodeName(XmlName name) {,public void decodeName(XmlName name) { name = null;,9,
com/fasterxml/jackson/dataformat/xml/XmlTypeResolverBuilder.java,116,RelationalOperatorReplacement,} while (ix >= 0);,} while (ix < 0);,1,
com/fasterxml/jackson/dataformat/xml/XmlTypeResolverBuilder.java,142,NullifyReturnValue,return encodeXmlClassName(super.idFromValue(value));,return null;,10,
com/fasterxml/jackson/dataformat/xml/XmlTypeResolverBuilder.java,119,NullifyReturnValue,return className;,return null;,11,
com/fasterxml/jackson/dataformat/xml/XmlTypeResolverBuilder.java,101,NullifyReturnValue,return className;,return null;,12,
com/fasterxml/jackson/dataformat/xml/XmlTypeResolverBuilder.java,74,NullifyReturnValue,"return super.idResolver(config, baseType, subtypeValidator, subtypes, forSer, forDeser);",return null;,13,
com/fasterxml/jackson/dataformat/xml/XmlTypeResolverBuilder.java,70,NullifyReturnValue,"return new XmlMinimalClassNameIdResolver(baseType, config.getTypeFactory(),",return null;,14,
com/fasterxml/jackson/dataformat/xml/XmlTypeResolverBuilder.java,67,NullifyReturnValue,"return new XmlClassNameIdResolver(baseType, config.getTypeFactory(),",return null;,15,
com/fasterxml/jackson/dataformat/xml/XmlTypeResolverBuilder.java,62,NullifyReturnValue,return _customIdResolver;,return null;,16,
com/fasterxml/jackson/dataformat/xml/XmlTypeResolverBuilder.java,53,NullifyReturnValue,return propName;,return null;,17,
com/fasterxml/jackson/dataformat/xml/XmlTypeResolverBuilder.java,61,RemoveNullCheck,if (_customIdResolver != null) {,if (true) {,18,
com/fasterxml/jackson/dataformat/xml/XmlTypeResolverBuilder.java,42,RemoveNullCheck,if (propName == null || propName.isEmpty()) {,if (false || propName.isEmpty()) {,19,
com/fasterxml/jackson/dataformat/xml/XmlTypeResolverBuilder.java,111,RelationalOperatorReplacement,if (ix >= 0) {,if (ix < 0) {,2,
com/fasterxml/jackson/dataformat/xml/XmlTypeResolverBuilder.java,42,ConditionalOperatorReplacement,if (propName == null || propName.isEmpty()) {,if (propName == null && propName.isEmpty()) {,20,
com/fasterxml/jackson/dataformat/xml/XmlTypeResolverBuilder.java,115,ArithmeticOperatorReplacementBinary,"ix = className.lastIndexOf("".."", ix-1);","ix = className.lastIndexOf("".."", ix+1);",21,
com/fasterxml/jackson/dataformat/xml/XmlTypeResolverBuilder.java,114,ArithmeticOperatorReplacementBinary,"sb.replace(ix, ix+2, ""$"");","sb.replace(ix, ix-2, ""$"");",22,
com/fasterxml/jackson/dataformat/xml/XmlTypeResolverBuilder.java,97,ArithmeticOperatorReplacementBinary,"ix = className.lastIndexOf('$', ix-1);","ix = className.lastIndexOf('$', ix+1);",23,
com/fasterxml/jackson/dataformat/xml/XmlTypeResolverBuilder.java,96,ArithmeticOperatorReplacementBinary,"sb.replace(ix, ix+1, "".."");","sb.replace(ix, ix-1, "".."");",24,
com/fasterxml/jackson/dataformat/xml/XmlTypeResolverBuilder.java,169,NullifyInputVariable,"public JavaType typeFromId(DatabindContext context, String id) throws IOException {","public JavaType typeFromId(DatabindContext context, String id) throws IOException { id = null;",25,
com/fasterxml/jackson/dataformat/xml/XmlTypeResolverBuilder.java,169,NullifyInputVariable,"public JavaType typeFromId(DatabindContext context, String id) throws IOException {","public JavaType typeFromId(DatabindContext context, String id) throws IOException { context = null;",26,
com/fasterxml/jackson/dataformat/xml/XmlTypeResolverBuilder.java,164,NullifyInputVariable,{,{ value = null;,27,
com/fasterxml/jackson/dataformat/xml/XmlTypeResolverBuilder.java,146,NullifyInputVariable,"public JavaType typeFromId(DatabindContext context, String id) throws IOException {","public JavaType typeFromId(DatabindContext context, String id) throws IOException { id = null;",28,
com/fasterxml/jackson/dataformat/xml/XmlTypeResolverBuilder.java,146,NullifyInputVariable,"public JavaType typeFromId(DatabindContext context, String id) throws IOException {","public JavaType typeFromId(DatabindContext context, String id) throws IOException { context = null;",29,
com/fasterxml/jackson/dataformat/xml/XmlTypeResolverBuilder.java,98,RelationalOperatorReplacement,} while (ix >= 0);,} while (ix < 0);,3,
com/fasterxml/jackson/dataformat/xml/XmlTypeResolverBuilder.java,141,NullifyInputVariable,{,{ value = null;,30,
com/fasterxml/jackson/dataformat/xml/XmlTypeResolverBuilder.java,109,NullifyInputVariable,{,{ className = null;,31,
com/fasterxml/jackson/dataformat/xml/XmlTypeResolverBuilder.java,88,NullifyInputVariable,{,{ className = null;,32,
com/fasterxml/jackson/dataformat/xml/XmlTypeResolverBuilder.java,60,NullifyInputVariable,{,{ subtypes = null;,33,
com/fasterxml/jackson/dataformat/xml/XmlTypeResolverBuilder.java,60,NullifyInputVariable,{,{ subtypeValidator = null;,34,
com/fasterxml/jackson/dataformat/xml/XmlTypeResolverBuilder.java,60,NullifyInputVariable,{,{ baseType = null;,35,
com/fasterxml/jackson/dataformat/xml/XmlTypeResolverBuilder.java,60,NullifyInputVariable,{,{ config = null;,36,
com/fasterxml/jackson/dataformat/xml/XmlTypeResolverBuilder.java,39,NullifyInputVariable,"protected String _propName(String propName, JsonTypeInfo.Id idType) {","protected String _propName(String propName, JsonTypeInfo.Id idType) { idType = null;",37,
com/fasterxml/jackson/dataformat/xml/XmlTypeResolverBuilder.java,39,NullifyInputVariable,"protected String _propName(String propName, JsonTypeInfo.Id idType) {","protected String _propName(String propName, JsonTypeInfo.Id idType) { propName = null;",38,
com/fasterxml/jackson/dataformat/xml/XmlTypeResolverBuilder.java,112,NullifyObjectInitialization,StringBuilder sb = new StringBuilder(className);,StringBuilder sb = null;,39,
com/fasterxml/jackson/dataformat/xml/XmlTypeResolverBuilder.java,93,RelationalOperatorReplacement,if (ix >= 0) {,if (ix < 0) {,4,
com/fasterxml/jackson/dataformat/xml/XmlTypeResolverBuilder.java,94,NullifyObjectInitialization,StringBuilder sb = new StringBuilder(className);,StringBuilder sb = null;,40,
com/fasterxml/jackson/dataformat/xml/XmlTypeResolverBuilder.java,70,NullifyObjectInitialization,"return new XmlMinimalClassNameIdResolver(baseType, config.getTypeFactory(),",return null;,41,
com/fasterxml/jackson/dataformat/xml/XmlTypeResolverBuilder.java,67,NullifyObjectInitialization,"return new XmlClassNameIdResolver(baseType, config.getTypeFactory(),",return null;,42,
com/fasterxml/jackson/dataformat/xml/XmlTypeResolverBuilder.java,169,RemoveMethod,"public JavaType typeFromId(DatabindContext context, String id) throws IOException {","public JavaType typeFromId(DatabindContext context, String id) throws IOException {",43,
com/fasterxml/jackson/dataformat/xml/XmlTypeResolverBuilder.java,164,RemoveMethod,{,{,44,
com/fasterxml/jackson/dataformat/xml/XmlTypeResolverBuilder.java,164,RemoveMethod,{,{,45,
com/fasterxml/jackson/dataformat/xml/XmlTypeResolverBuilder.java,146,RemoveMethod,"public JavaType typeFromId(DatabindContext context, String id) throws IOException {","public JavaType typeFromId(DatabindContext context, String id) throws IOException {",46,
com/fasterxml/jackson/dataformat/xml/XmlTypeResolverBuilder.java,141,RemoveMethod,{,{,47,
com/fasterxml/jackson/dataformat/xml/XmlTypeResolverBuilder.java,141,RemoveMethod,{,{,48,
com/fasterxml/jackson/dataformat/xml/XmlTypeResolverBuilder.java,109,RemoveMethod,{,{,49,
com/fasterxml/jackson/dataformat/xml/XmlTypeResolverBuilder.java,61,RelationalOperatorReplacement,if (_customIdResolver != null) {,if (_customIdResolver == null) {,5,
com/fasterxml/jackson/dataformat/xml/XmlTypeResolverBuilder.java,109,RemoveMethod,{,{,50,
com/fasterxml/jackson/dataformat/xml/XmlTypeResolverBuilder.java,88,RemoveMethod,{,{,51,
com/fasterxml/jackson/dataformat/xml/XmlTypeResolverBuilder.java,88,RemoveMethod,{,{,52,
com/fasterxml/jackson/dataformat/xml/XmlTypeResolverBuilder.java,60,RemoveMethod,{,{,53,
com/fasterxml/jackson/dataformat/xml/XmlTypeResolverBuilder.java,39,RemoveMethod,"protected String _propName(String propName, JsonTypeInfo.Id idType) {","protected String _propName(String propName, JsonTypeInfo.Id idType) {",54,
com/fasterxml/jackson/dataformat/xml/XmlTypeResolverBuilder.java,39,RemoveMethod,"protected String _propName(String propName, JsonTypeInfo.Id idType) {","protected String _propName(String propName, JsonTypeInfo.Id idType) {",55,
com/fasterxml/jackson/dataformat/xml/XmlTypeResolverBuilder.java,42,RelationalOperatorReplacement,if (propName == null || propName.isEmpty()) {,if (propName != null || propName.isEmpty()) {,6,
com/fasterxml/jackson/dataformat/xml/XmlTypeResolverBuilder.java,170,NullifyReturnValue,"return super.typeFromId(context, decodeXmlClassName(id));",return null;,7,
com/fasterxml/jackson/dataformat/xml/XmlTypeResolverBuilder.java,165,NullifyReturnValue,return encodeXmlClassName(super.idFromValue(value));,return null;,8,
com/fasterxml/jackson/dataformat/xml/XmlTypeResolverBuilder.java,147,NullifyReturnValue,"return super.typeFromId(context, decodeXmlClassName(id));",return null;,9,
com/fasterxml/jackson/dataformat/xml/deser/ElementWrapper.java,89,RelationalOperatorReplacement,if (_wrapperName == null) {,if (_wrapperName != null) {,1,
com/fasterxml/jackson/dataformat/xml/deser/ElementWrapper.java,63,NullifyReturnValue,public ElementWrapper getParent() { return _parent; },public ElementWrapper getParent() { return null; },10,
com/fasterxml/jackson/dataformat/xml/deser/ElementWrapper.java,61,NullifyReturnValue,public String getWrapperNamespace() { return _wrapperNamespace; },public String getWrapperNamespace() { return null; },11,
com/fasterxml/jackson/dataformat/xml/deser/ElementWrapper.java,60,NullifyReturnValue,public String getWrapperLocalName() { return _wrapperName; },public String getWrapperLocalName() { return null; },12,
com/fasterxml/jackson/dataformat/xml/deser/ElementWrapper.java,49,NullifyReturnValue,"return new ElementWrapper(this, null, null);",return null;,13,
com/fasterxml/jackson/dataformat/xml/deser/ElementWrapper.java,40,NullifyReturnValue,"return new ElementWrapper(parent, wrapperLocalName, wrapperNamespace);",return null;,14,
com/fasterxml/jackson/dataformat/xml/deser/ElementWrapper.java,89,RemoveNullCheck,if (_wrapperName == null) {,if (false) {,15,
com/fasterxml/jackson/dataformat/xml/deser/ElementWrapper.java,86,RemoveNullCheck,if (_parent == null) {,if (false) {,16,
com/fasterxml/jackson/dataformat/xml/deser/ElementWrapper.java,71,RemoveNullCheck,if (ns == null) {,if (false) {,17,
com/fasterxml/jackson/dataformat/xml/deser/ElementWrapper.java,68,RemoveNullCheck,if (_wrapperName == null) {,if (false) {,18,
com/fasterxml/jackson/dataformat/xml/deser/ElementWrapper.java,58,RemoveNullCheck,public boolean isMatching() { return _wrapperName != null; },public boolean isMatching() { return true; },19,
com/fasterxml/jackson/dataformat/xml/deser/ElementWrapper.java,86,RelationalOperatorReplacement,if (_parent == null) {,if (_parent != null) {,2,
com/fasterxml/jackson/dataformat/xml/deser/ElementWrapper.java,30,RemoveNullCheck,"_wrapperNamespace = (wrapperNamespace == null) ? """" : wrapperNamespace;","_wrapperNamespace = (false) ? """" : wrapperNamespace;",20,
com/fasterxml/jackson/dataformat/xml/deser/ElementWrapper.java,74,ConditionalOperatorReplacement,return _wrapperName.equals(localName) && _wrapperNamespace.equals(ns);,return _wrapperName.equals(localName) || _wrapperNamespace.equals(ns);,21,
com/fasterxml/jackson/dataformat/xml/deser/ElementWrapper.java,66,NullifyInputVariable,{,{ ns = null;,22,
com/fasterxml/jackson/dataformat/xml/deser/ElementWrapper.java,66,NullifyInputVariable,{,{ localName = null;,23,
com/fasterxml/jackson/dataformat/xml/deser/ElementWrapper.java,39,NullifyInputVariable,{,{ wrapperNamespace = null;,24,
com/fasterxml/jackson/dataformat/xml/deser/ElementWrapper.java,39,NullifyInputVariable,{,{ wrapperLocalName = null;,25,
com/fasterxml/jackson/dataformat/xml/deser/ElementWrapper.java,39,NullifyInputVariable,{,{ parent = null;,26,
com/fasterxml/jackson/dataformat/xml/deser/ElementWrapper.java,49,NullifyObjectInitialization,"return new ElementWrapper(this, null, null);",return null;,27,
com/fasterxml/jackson/dataformat/xml/deser/ElementWrapper.java,40,NullifyObjectInitialization,"return new ElementWrapper(parent, wrapperLocalName, wrapperNamespace);",return null;,28,
com/fasterxml/jackson/dataformat/xml/deser/ElementWrapper.java,85,RemoveMethod,{,{,29,
com/fasterxml/jackson/dataformat/xml/deser/ElementWrapper.java,71,RelationalOperatorReplacement,if (ns == null) {,if (ns != null) {,3,
com/fasterxml/jackson/dataformat/xml/deser/ElementWrapper.java,85,RemoveMethod,{,{,30,
com/fasterxml/jackson/dataformat/xml/deser/ElementWrapper.java,66,RemoveMethod,{,{,31,
com/fasterxml/jackson/dataformat/xml/deser/ElementWrapper.java,66,RemoveMethod,{,{,32,
com/fasterxml/jackson/dataformat/xml/deser/ElementWrapper.java,63,RemoveMethod,public ElementWrapper getParent() { return _parent; },public ElementWrapper getParent() {,33,
com/fasterxml/jackson/dataformat/xml/deser/ElementWrapper.java,61,RemoveMethod,public String getWrapperNamespace() { return _wrapperNamespace; },public String getWrapperNamespace() {,34,
com/fasterxml/jackson/dataformat/xml/deser/ElementWrapper.java,61,RemoveMethod,public String getWrapperNamespace() { return _wrapperNamespace; },public String getWrapperNamespace() {,35,
com/fasterxml/jackson/dataformat/xml/deser/ElementWrapper.java,60,RemoveMethod,public String getWrapperLocalName() { return _wrapperName; },public String getWrapperLocalName() {,36,
com/fasterxml/jackson/dataformat/xml/deser/ElementWrapper.java,60,RemoveMethod,public String getWrapperLocalName() { return _wrapperName; },public String getWrapperLocalName() {,37,
com/fasterxml/jackson/dataformat/xml/deser/ElementWrapper.java,58,RemoveMethod,public boolean isMatching() { return _wrapperName != null; },public boolean isMatching() {,38,
com/fasterxml/jackson/dataformat/xml/deser/ElementWrapper.java,58,RemoveMethod,public boolean isMatching() { return _wrapperName != null; },public boolean isMatching() {,39,
com/fasterxml/jackson/dataformat/xml/deser/ElementWrapper.java,68,RelationalOperatorReplacement,if (_wrapperName == null) {,if (_wrapperName != null) {,4,
com/fasterxml/jackson/dataformat/xml/deser/ElementWrapper.java,48,RemoveMethod,public ElementWrapper intermediateWrapper() {,public ElementWrapper intermediateWrapper() {,40,
com/fasterxml/jackson/dataformat/xml/deser/ElementWrapper.java,39,RemoveMethod,{,{,41,
com/fasterxml/jackson/dataformat/xml/deser/ElementWrapper.java,58,RelationalOperatorReplacement,public boolean isMatching() { return _wrapperName != null; },public boolean isMatching() { return _wrapperName == null; },5,
com/fasterxml/jackson/dataformat/xml/deser/ElementWrapper.java,30,RelationalOperatorReplacement,"_wrapperNamespace = (wrapperNamespace == null) ? """" : wrapperNamespace;","_wrapperNamespace = (wrapperNamespace != null) ? """" : wrapperNamespace;",6,
com/fasterxml/jackson/dataformat/xml/deser/ElementWrapper.java,92,NullifyReturnValue,"return ""Wrapper: branch, matching: ""+_wrapperName;",return null;,7,
com/fasterxml/jackson/dataformat/xml/deser/ElementWrapper.java,90,NullifyReturnValue,"return ""Wrapper: empty"";",return null;,8,
com/fasterxml/jackson/dataformat/xml/deser/ElementWrapper.java,87,NullifyReturnValue,"return ""Wrapper: ROOT, matching: ""+_wrapperName;",return null;,9,
com/fasterxml/jackson/dataformat/xml/deser/FromXmlParser.java,1397,LogicalOperatorReplacement,if ((_numTypesValid & NR_INT) != 0) {,if ((_numTypesValid | NR_INT) != 0) {,1,
com/fasterxml/jackson/dataformat/xml/deser/FromXmlParser.java,1348,LogicalOperatorReplacement,} else if ((_numTypesValid & NR_INT) != 0) {,} else if ((_numTypesValid | NR_INT) != 0) {,10,
com/fasterxml/jackson/dataformat/xml/deser/FromXmlParser.java,712,RelationalOperatorReplacement,if (_nextToken != null) {,if (_nextToken == null) {,100,
com/fasterxml/jackson/dataformat/xml/deser/FromXmlParser.java,679,RelationalOperatorReplacement,return (t == JsonToken.VALUE_NUMBER_INT);,return (t != JsonToken.VALUE_NUMBER_INT);,101,
com/fasterxml/jackson/dataformat/xml/deser/FromXmlParser.java,654,RelationalOperatorReplacement,if (text.charAt(0) == '-') {,if (text.charAt(0) != '-') {,102,
com/fasterxml/jackson/dataformat/xml/deser/FromXmlParser.java,652,RelationalOperatorReplacement,if (len == 19) {,if (len != 19) {,103,
com/fasterxml/jackson/dataformat/xml/deser/FromXmlParser.java,639,RelationalOperatorReplacement,if (l == l2) {,if (l != l2) {,104,
com/fasterxml/jackson/dataformat/xml/deser/FromXmlParser.java,636,RelationalOperatorReplacement,if (len == 10) {,if (len != 10) {,105,
com/fasterxml/jackson/dataformat/xml/deser/FromXmlParser.java,634,RelationalOperatorReplacement,if (len <= 18) { // definitely in long range,if (len > 18) { // definitely in long range,106,
com/fasterxml/jackson/dataformat/xml/deser/FromXmlParser.java,628,RelationalOperatorReplacement,if (len <= 9) {,if (len > 9) {,107,
com/fasterxml/jackson/dataformat/xml/deser/FromXmlParser.java,627,RelationalOperatorReplacement,if (len > 0) {,if (len <= 0) {,108,
com/fasterxml/jackson/dataformat/xml/deser/FromXmlParser.java,623,RelationalOperatorReplacement,if (t == JsonToken.VALUE_STRING) {,if (t != JsonToken.VALUE_STRING) {,109,
com/fasterxml/jackson/dataformat/xml/deser/FromXmlParser.java,1346,LogicalOperatorReplacement,if ((_numTypesValid & NR_LONG) != 0) {,if ((_numTypesValid | NR_LONG) != 0) {,11,
com/fasterxml/jackson/dataformat/xml/deser/FromXmlParser.java,608,RelationalOperatorReplacement,return (t == JsonToken.START_ARRAY);,return (t != JsonToken.START_ARRAY);,110,
com/fasterxml/jackson/dataformat/xml/deser/FromXmlParser.java,598,RelationalOperatorReplacement,if (_nextToken == JsonToken.END_OBJECT) {,if (_nextToken != JsonToken.END_OBJECT) {,111,
com/fasterxml/jackson/dataformat/xml/deser/FromXmlParser.java,587,RelationalOperatorReplacement,if (t == JsonToken.START_OBJECT) {,if (t != JsonToken.START_OBJECT) {,112,
com/fasterxml/jackson/dataformat/xml/deser/FromXmlParser.java,508,RelationalOperatorReplacement,if (_currToken == JsonToken.START_OBJECT || _currToken == JsonToken.START_ARRAY) {,if (_currToken == JsonToken.START_OBJECT || _currToken != JsonToken.START_ARRAY) {,113,
com/fasterxml/jackson/dataformat/xml/deser/FromXmlParser.java,508,RelationalOperatorReplacement,if (_currToken == JsonToken.START_OBJECT || _currToken == JsonToken.START_ARRAY) {,if (_currToken != JsonToken.START_OBJECT || _currToken == JsonToken.START_ARRAY) {,114,
com/fasterxml/jackson/dataformat/xml/deser/FromXmlParser.java,491,RelationalOperatorReplacement,if (name == null) {,if (name != null) {,115,
com/fasterxml/jackson/dataformat/xml/deser/FromXmlParser.java,484,RelationalOperatorReplacement,if (_currToken == JsonToken.START_OBJECT || _currToken == JsonToken.START_ARRAY) {,if (_currToken == JsonToken.START_OBJECT || _currToken != JsonToken.START_ARRAY) {,116,
com/fasterxml/jackson/dataformat/xml/deser/FromXmlParser.java,484,RelationalOperatorReplacement,if (_currToken == JsonToken.START_OBJECT || _currToken == JsonToken.START_ARRAY) {,if (_currToken != JsonToken.START_OBJECT || _currToken == JsonToken.START_ARRAY) {,117,
com/fasterxml/jackson/dataformat/xml/deser/FromXmlParser.java,461,RelationalOperatorReplacement,if ((name != null) && namesToWrap.contains(name)) {,if ((name == null) && namesToWrap.contains(name)) {,118,
com/fasterxml/jackson/dataformat/xml/deser/FromXmlParser.java,389,RelationalOperatorReplacement,return (_formatFeatures & f.getMask()) != 0;,return (_formatFeatures & f.getMask()) == 0;,119,
com/fasterxml/jackson/dataformat/xml/deser/FromXmlParser.java,1332,LogicalOperatorReplacement,} else if ((_numTypesValid & NR_BIGINT) != 0) {,} else if ((_numTypesValid | NR_BIGINT) != 0) {,12,
com/fasterxml/jackson/dataformat/xml/deser/FromXmlParser.java,308,RelationalOperatorReplacement,if (_currText == null) {,if (_currText != null) {,120,
com/fasterxml/jackson/dataformat/xml/deser/FromXmlParser.java,145,RelationalOperatorReplacement,@Override public boolean enabledIn(int flags) { return (flags & getMask()) != 0; },@Override public boolean enabledIn(int flags) { return (flags & getMask()) == 0; },121,
com/fasterxml/jackson/dataformat/xml/deser/FromXmlParser.java,1449,NullifyReturnValue,return _byteArrayBuilder;,return null;,122,
com/fasterxml/jackson/dataformat/xml/deser/FromXmlParser.java,1401,NullifyReturnValue,return null;,return null;,123,
com/fasterxml/jackson/dataformat/xml/deser/FromXmlParser.java,1398,NullifyReturnValue,return BigDecimal.valueOf(_numberInt);,return null;,124,
com/fasterxml/jackson/dataformat/xml/deser/FromXmlParser.java,1395,NullifyReturnValue,return BigDecimal.valueOf(_numberLong);,return null;,125,
com/fasterxml/jackson/dataformat/xml/deser/FromXmlParser.java,1392,NullifyReturnValue,return new BigDecimal(_numberBigInt);,return null;,126,
com/fasterxml/jackson/dataformat/xml/deser/FromXmlParser.java,1275,NullifyReturnValue,return _convertNumberToBigDecimal();,return null;,127,
com/fasterxml/jackson/dataformat/xml/deser/FromXmlParser.java,1245,NullifyReturnValue,return _numberBigInt;,return null;,128,
com/fasterxml/jackson/dataformat/xml/deser/FromXmlParser.java,1206,NullifyReturnValue,return null;,return null;,129,
com/fasterxml/jackson/dataformat/xml/deser/FromXmlParser.java,1330,LogicalOperatorReplacement,if ((_numTypesValid & NR_INT) != 0) {,if ((_numTypesValid | NR_INT) != 0) {,13,
com/fasterxml/jackson/dataformat/xml/deser/FromXmlParser.java,1203,NullifyReturnValue,return _numberBigInt;,return null;,130,
com/fasterxml/jackson/dataformat/xml/deser/FromXmlParser.java,1200,NullifyReturnValue,return _numberLong;,return null;,131,
com/fasterxml/jackson/dataformat/xml/deser/FromXmlParser.java,1197,NullifyReturnValue,return _numberInt;,return null;,132,
com/fasterxml/jackson/dataformat/xml/deser/FromXmlParser.java,1186,NullifyReturnValue,return NumberTypeFP.UNKNOWN;,return null;,133,
com/fasterxml/jackson/dataformat/xml/deser/FromXmlParser.java,1177,NullifyReturnValue,return NumberType.BIG_INTEGER;,return null;,134,
com/fasterxml/jackson/dataformat/xml/deser/FromXmlParser.java,1175,NullifyReturnValue,return NumberType.LONG;,return null;,135,
com/fasterxml/jackson/dataformat/xml/deser/FromXmlParser.java,1172,NullifyReturnValue,return NumberType.INT;,return null;,136,
com/fasterxml/jackson/dataformat/xml/deser/FromXmlParser.java,1121,NullifyReturnValue,return null;,return null;,137,
com/fasterxml/jackson/dataformat/xml/deser/FromXmlParser.java,1070,NullifyReturnValue,return _currToken.asString();,return null;,138,
com/fasterxml/jackson/dataformat/xml/deser/FromXmlParser.java,1068,NullifyReturnValue,return _currText;,return null;,139,
com/fasterxml/jackson/dataformat/xml/deser/FromXmlParser.java,1316,LogicalOperatorReplacement,} else if ((_numTypesValid & NR_BIGINT) != 0) {,} else if ((_numTypesValid | NR_BIGINT) != 0) {,14,
com/fasterxml/jackson/dataformat/xml/deser/FromXmlParser.java,1066,NullifyReturnValue,return currentName();,return null;,140,
com/fasterxml/jackson/dataformat/xml/deser/FromXmlParser.java,1062,NullifyReturnValue,return null;,return null;,141,
com/fasterxml/jackson/dataformat/xml/deser/FromXmlParser.java,1027,NullifyReturnValue,return null;,return null;,142,
com/fasterxml/jackson/dataformat/xml/deser/FromXmlParser.java,1025,NullifyReturnValue,return _internalErrorUnknownToken(token);,return null;,143,
com/fasterxml/jackson/dataformat/xml/deser/FromXmlParser.java,1015,NullifyReturnValue,return _currText;,return null;,144,
com/fasterxml/jackson/dataformat/xml/deser/FromXmlParser.java,1003,NullifyReturnValue,return (_currText = _xmlTokens.getText());,return null;,145,
com/fasterxml/jackson/dataformat/xml/deser/FromXmlParser.java,981,NullifyReturnValue,return (_currText = null);,return null;,146,
com/fasterxml/jackson/dataformat/xml/deser/FromXmlParser.java,965,NullifyReturnValue,return null;,return null;,147,
com/fasterxml/jackson/dataformat/xml/deser/FromXmlParser.java,950,NullifyReturnValue,return null;,return null;,148,
com/fasterxml/jackson/dataformat/xml/deser/FromXmlParser.java,939,NullifyReturnValue,return null;,return null;,149,
com/fasterxml/jackson/dataformat/xml/deser/FromXmlParser.java,1309,LogicalOperatorReplacement,if ((_numTypesValid & NR_LONG) != 0) {,if ((_numTypesValid | NR_LONG) != 0) {,15,
com/fasterxml/jackson/dataformat/xml/deser/FromXmlParser.java,936,NullifyReturnValue,return _currText;,return null;,150,
com/fasterxml/jackson/dataformat/xml/deser/FromXmlParser.java,899,NullifyReturnValue,return _internalErrorUnknownToken(token);,return null;,151,
com/fasterxml/jackson/dataformat/xml/deser/FromXmlParser.java,897,NullifyReturnValue,return _updateTokenToNull();,return null;,152,
com/fasterxml/jackson/dataformat/xml/deser/FromXmlParser.java,895,NullifyReturnValue,return _updateToken(JsonToken.FIELD_NAME);,return null;,153,
com/fasterxml/jackson/dataformat/xml/deser/FromXmlParser.java,866,NullifyReturnValue,return _updateToken(JsonToken.START_OBJECT);,return null;,154,
com/fasterxml/jackson/dataformat/xml/deser/FromXmlParser.java,844,NullifyReturnValue,return _updateToken(JsonToken.VALUE_STRING);,return null;,155,
com/fasterxml/jackson/dataformat/xml/deser/FromXmlParser.java,841,NullifyReturnValue,return _updateToken(JsonToken.START_OBJECT);,return null;,156,
com/fasterxml/jackson/dataformat/xml/deser/FromXmlParser.java,819,NullifyReturnValue,return _updateToken(JsonToken.VALUE_STRING);,return null;,157,
com/fasterxml/jackson/dataformat/xml/deser/FromXmlParser.java,814,NullifyReturnValue,return _updateToken(JsonToken.FIELD_NAME);,return null;,158,
com/fasterxml/jackson/dataformat/xml/deser/FromXmlParser.java,811,NullifyReturnValue,return _updateToken(JsonToken.START_OBJECT);,return null;,159,
com/fasterxml/jackson/dataformat/xml/deser/FromXmlParser.java,1270,LogicalOperatorReplacement,if ((_numTypesValid & NR_BIGDECIMAL) == 0) {,if ((_numTypesValid | NR_BIGDECIMAL) == 0) {,16,
com/fasterxml/jackson/dataformat/xml/deser/FromXmlParser.java,802,NullifyReturnValue,return _currToken;,return null;,160,
com/fasterxml/jackson/dataformat/xml/deser/FromXmlParser.java,797,NullifyReturnValue,return _updateToken(JsonToken.VALUE_NULL);,return null;,161,
com/fasterxml/jackson/dataformat/xml/deser/FromXmlParser.java,791,NullifyReturnValue,return _updateToken(JsonToken.START_OBJECT);,return null;,162,
com/fasterxml/jackson/dataformat/xml/deser/FromXmlParser.java,776,NullifyReturnValue,return _updateToken(JsonToken.FIELD_NAME);,return null;,163,
com/fasterxml/jackson/dataformat/xml/deser/FromXmlParser.java,755,NullifyReturnValue,return _updateToken(JsonToken.START_OBJECT);,return null;,164,
com/fasterxml/jackson/dataformat/xml/deser/FromXmlParser.java,743,NullifyReturnValue,return t;,return null;,165,
com/fasterxml/jackson/dataformat/xml/deser/FromXmlParser.java,571,NullifyReturnValue,return currentTokenLocation();,return null;,166,
com/fasterxml/jackson/dataformat/xml/deser/FromXmlParser.java,565,NullifyReturnValue,return currentLocation();,return null;,167,
com/fasterxml/jackson/dataformat/xml/deser/FromXmlParser.java,559,NullifyReturnValue,return _xmlTokens.getCurrentLocation();,return null;,168,
com/fasterxml/jackson/dataformat/xml/deser/FromXmlParser.java,550,NullifyReturnValue,return _xmlTokens.getTokenLocation();,return null;,169,
com/fasterxml/jackson/dataformat/xml/deser/FromXmlParser.java,1260,LogicalOperatorReplacement,if ((_numTypesValid & NR_DOUBLE) == 0) {,if ((_numTypesValid | NR_DOUBLE) == 0) {,17,
com/fasterxml/jackson/dataformat/xml/deser/FromXmlParser.java,540,NullifyReturnValue,return _parsingContext;,return null;,170,
com/fasterxml/jackson/dataformat/xml/deser/FromXmlParser.java,500,NullifyReturnValue,return currentName();,return null;,171,
com/fasterxml/jackson/dataformat/xml/deser/FromXmlParser.java,494,NullifyReturnValue,return name;,return null;,172,
com/fasterxml/jackson/dataformat/xml/deser/FromXmlParser.java,436,NullifyReturnValue,return _xmlTokens.getXmlReader();,return null;,173,
com/fasterxml/jackson/dataformat/xml/deser/FromXmlParser.java,416,NullifyReturnValue,return this;,return null;,174,
com/fasterxml/jackson/dataformat/xml/deser/FromXmlParser.java,398,NullifyReturnValue,return this;,return null;,175,
com/fasterxml/jackson/dataformat/xml/deser/FromXmlParser.java,385,NullifyReturnValue,return this;,return null;,176,
com/fasterxml/jackson/dataformat/xml/deser/FromXmlParser.java,379,NullifyReturnValue,return this;,return null;,177,
com/fasterxml/jackson/dataformat/xml/deser/FromXmlParser.java,367,NullifyReturnValue,return XML_READ_CAPABILITIES;,return null;,178,
com/fasterxml/jackson/dataformat/xml/deser/FromXmlParser.java,327,NullifyReturnValue,return _objectCodec;,return null;,179,
com/fasterxml/jackson/dataformat/xml/deser/FromXmlParser.java,1250,LogicalOperatorReplacement,if ((_numTypesValid & NR_FLOAT) == 0) {,if ((_numTypesValid | NR_FLOAT) == 0) {,18,
com/fasterxml/jackson/dataformat/xml/deser/FromXmlParser.java,322,NullifyReturnValue,return PackageVersion.VERSION;,return null;,180,
com/fasterxml/jackson/dataformat/xml/deser/FromXmlParser.java,1444,RemoveNullCheck,if (_byteArrayBuilder == null) {,if (false) {,181,
com/fasterxml/jackson/dataformat/xml/deser/FromXmlParser.java,1134,RemoveNullCheck,if (_binaryValue == null) {,if (false) {,182,
com/fasterxml/jackson/dataformat/xml/deser/FromXmlParser.java,1128,RemoveNullCheck,(_currToken != JsonToken.VALUE_EMBEDDED_OBJECT || _binaryValue == null)) {,(_currToken != JsonToken.VALUE_EMBEDDED_OBJECT || false)) {,183,
com/fasterxml/jackson/dataformat/xml/deser/FromXmlParser.java,1105,RemoveNullCheck,if (str == null) {,if (false) {,184,
com/fasterxml/jackson/dataformat/xml/deser/FromXmlParser.java,1083,RemoveNullCheck,return (text == null) ? 0 : text.length();,return (false) ? 0 : text.length();,185,
com/fasterxml/jackson/dataformat/xml/deser/FromXmlParser.java,1077,RemoveNullCheck,return (text == null) ? null : text.toCharArray();,return (false) ? null : text.toCharArray();,186,
com/fasterxml/jackson/dataformat/xml/deser/FromXmlParser.java,1061,RemoveNullCheck,if (_currToken == null) {,if (false) {,187,
com/fasterxml/jackson/dataformat/xml/deser/FromXmlParser.java,928,RemoveNullCheck,if (_nextToken != null) {,if (true) {,188,
com/fasterxml/jackson/dataformat/xml/deser/FromXmlParser.java,712,RemoveNullCheck,if (_nextToken != null) {,if (true) {,189,
com/fasterxml/jackson/dataformat/xml/deser/FromXmlParser.java,1241,LogicalOperatorReplacement,if ((_numTypesValid & NR_BIGINT) == 0) {,if ((_numTypesValid | NR_BIGINT) == 0) {,19,
com/fasterxml/jackson/dataformat/xml/deser/FromXmlParser.java,491,RemoveNullCheck,if (name == null) {,if (false) {,190,
com/fasterxml/jackson/dataformat/xml/deser/FromXmlParser.java,461,RemoveNullCheck,if ((name != null) && namesToWrap.contains(name)) {,if ((true) && namesToWrap.contains(name)) {,191,
com/fasterxml/jackson/dataformat/xml/deser/FromXmlParser.java,308,RemoveNullCheck,if (_currText == null) {,if (false) {,192,
com/fasterxml/jackson/dataformat/xml/deser/FromXmlParser.java,140,ShiftOperatorReplacement,_mask = (1 << ordinal());,_mask = (1 >> ordinal());,193,
com/fasterxml/jackson/dataformat/xml/deser/FromXmlParser.java,1418,ConditionalOperatorDeletion,if (!_parsingContext.inRoot()) {,if ( _parsingContext.inRoot()) {,194,
com/fasterxml/jackson/dataformat/xml/deser/FromXmlParser.java,517,ConditionalOperatorDeletion,if (!_closed) {,if ( _closed) {,195,
com/fasterxml/jackson/dataformat/xml/deser/FromXmlParser.java,459,ConditionalOperatorDeletion,&& !_parsingContext.getParent().inRoot()) {,&& _parsingContext.getParent().inRoot()) {,196,
com/fasterxml/jackson/dataformat/xml/deser/FromXmlParser.java,458,ConditionalOperatorDeletion,if (!_parsingContext.inRoot(),if ( _parsingContext.inRoot(),197,
com/fasterxml/jackson/dataformat/xml/deser/FromXmlParser.java,1353,AssignmentOperatorReplacementShortcut,_numTypesValid |= NR_BIGINT;,_numTypesValid ^= NR_BIGINT;,198,
com/fasterxml/jackson/dataformat/xml/deser/FromXmlParser.java,1341,AssignmentOperatorReplacementShortcut,_numTypesValid |= NR_LONG;,_numTypesValid ^= NR_LONG;,199,
com/fasterxml/jackson/dataformat/xml/deser/FromXmlParser.java,1394,LogicalOperatorReplacement,if ((_numTypesValid & NR_LONG) != 0) {,if ((_numTypesValid | NR_LONG) != 0) {,2,
com/fasterxml/jackson/dataformat/xml/deser/FromXmlParser.java,1237,LogicalOperatorReplacement,if ((_numTypesValid & NR_BIGINT) == 0) {,if ((_numTypesValid | NR_BIGINT) == 0) {,20,
com/fasterxml/jackson/dataformat/xml/deser/FromXmlParser.java,1325,AssignmentOperatorReplacementShortcut,_numTypesValid |= NR_INT;,_numTypesValid ^= NR_INT;,200,
com/fasterxml/jackson/dataformat/xml/deser/FromXmlParser.java,383,AssignmentOperatorReplacementShortcut,_formatFeatures &= ~f.getMask();,_formatFeatures |= ~f.getMask();,201,
com/fasterxml/jackson/dataformat/xml/deser/FromXmlParser.java,377,AssignmentOperatorReplacementShortcut,_formatFeatures |= f.getMask();,_formatFeatures ^= f.getMask();,202,
com/fasterxml/jackson/dataformat/xml/deser/FromXmlParser.java,132,AssignmentOperatorReplacementShortcut,flags |= f.getMask();,flags ^= f.getMask();,203,
com/fasterxml/jackson/dataformat/xml/deser/FromXmlParser.java,1333,ConditionalOperatorReplacement,if (BI_MIN_LONG.compareTo(_numberBigInt) > 0,if (BI_MIN_LONG.compareTo(_numberBigInt) > 0,204,
com/fasterxml/jackson/dataformat/xml/deser/FromXmlParser.java,1317,ConditionalOperatorReplacement,if (BI_MIN_INT.compareTo(_numberBigInt) > 0,if (BI_MIN_INT.compareTo(_numberBigInt) > 0,205,
com/fasterxml/jackson/dataformat/xml/deser/FromXmlParser.java,1297,ConditionalOperatorReplacement,if (ch > '9' || ch < '0') {,if (ch > '9' && ch < '0') {,206,
com/fasterxml/jackson/dataformat/xml/deser/FromXmlParser.java,1127,ConditionalOperatorReplacement,if (_currToken != JsonToken.VALUE_STRING &&,if (_currToken != JsonToken.VALUE_STRING ||,207,
com/fasterxml/jackson/dataformat/xml/deser/FromXmlParser.java,1128,ConditionalOperatorReplacement,(_currToken != JsonToken.VALUE_EMBEDDED_OBJECT || _binaryValue == null)) {,(_currToken != JsonToken.VALUE_EMBEDDED_OBJECT && _binaryValue == null)) {,208,
com/fasterxml/jackson/dataformat/xml/deser/FromXmlParser.java,520,ConditionalOperatorReplacement,if (_ioContext.isResourceManaged() || isEnabled(JsonParser.Feature.AUTO_CLOSE_SOURCE)) {,if (_ioContext.isResourceManaged() && isEnabled(JsonParser.Feature.AUTO_CLOSE_SOURCE)) {,209,
com/fasterxml/jackson/dataformat/xml/deser/FromXmlParser.java,1228,LogicalOperatorReplacement,if ((_numTypesValid & NR_LONG) == 0) {,if ((_numTypesValid | NR_LONG) == 0) {,21,
com/fasterxml/jackson/dataformat/xml/deser/FromXmlParser.java,508,ConditionalOperatorReplacement,if (_currToken == JsonToken.START_OBJECT || _currToken == JsonToken.START_ARRAY) {,if (_currToken == JsonToken.START_OBJECT && _currToken == JsonToken.START_ARRAY) {,210,
com/fasterxml/jackson/dataformat/xml/deser/FromXmlParser.java,484,ConditionalOperatorReplacement,if (_currToken == JsonToken.START_OBJECT || _currToken == JsonToken.START_ARRAY) {,if (_currToken == JsonToken.START_OBJECT && _currToken == JsonToken.START_ARRAY) {,211,
com/fasterxml/jackson/dataformat/xml/deser/FromXmlParser.java,461,ConditionalOperatorReplacement,if ((name != null) && namesToWrap.contains(name)) {,if ((name != null) || namesToWrap.contains(name)) {,212,
com/fasterxml/jackson/dataformat/xml/deser/FromXmlParser.java,458,ConditionalOperatorReplacement,if (!_parsingContext.inRoot(),if (!_parsingContext.inRoot(),213,
com/fasterxml/jackson/dataformat/xml/deser/FromXmlParser.java,1301,ArithmeticOperatorReplacementBinary,return len - start;,return len + start;,214,
com/fasterxml/jackson/dataformat/xml/deser/FromXmlParser.java,1452,NullifyInputVariable,private <T> T _internalErrorUnknownToken(Object token) {,private <T> T _internalErrorUnknownToken(Object token) { token = null;,215,
com/fasterxml/jackson/dataformat/xml/deser/FromXmlParser.java,1289,NullifyInputVariable,{,{ text = null;,216,
com/fasterxml/jackson/dataformat/xml/deser/FromXmlParser.java,1146,NullifyInputVariable,{,{ b64variant = null;,217,
com/fasterxml/jackson/dataformat/xml/deser/FromXmlParser.java,1126,NullifyInputVariable,{,{ b64variant = null;,218,
com/fasterxml/jackson/dataformat/xml/deser/FromXmlParser.java,1103,NullifyInputVariable,{,{ writer = null;,219,
com/fasterxml/jackson/dataformat/xml/deser/FromXmlParser.java,1224,LogicalOperatorReplacement,if ((_numTypesValid & NR_LONG) == 0) {,if ((_numTypesValid | NR_LONG) == 0) {,22,
com/fasterxml/jackson/dataformat/xml/deser/FromXmlParser.java,1032,NullifyInputVariable,{,{ t = null;,220,
com/fasterxml/jackson/dataformat/xml/deser/FromXmlParser.java,505,NullifyInputVariable,{,{ name = null;,221,
com/fasterxml/jackson/dataformat/xml/deser/FromXmlParser.java,447,NullifyInputVariable,{,{ namesToWrap0 = null;,222,
com/fasterxml/jackson/dataformat/xml/deser/FromXmlParser.java,392,NullifyInputVariable,"public FromXmlParser configure(Feature f, boolean state) {","public FromXmlParser configure(Feature f, boolean state) { f = null;",223,
com/fasterxml/jackson/dataformat/xml/deser/FromXmlParser.java,388,NullifyInputVariable,public final boolean isEnabled(Feature f) {,public final boolean isEnabled(Feature f) { f = null;,224,
com/fasterxml/jackson/dataformat/xml/deser/FromXmlParser.java,382,NullifyInputVariable,public FromXmlParser disable(Feature f) {,public FromXmlParser disable(Feature f) { f = null;,225,
com/fasterxml/jackson/dataformat/xml/deser/FromXmlParser.java,376,NullifyInputVariable,public FromXmlParser enable(Feature f) {,public FromXmlParser enable(Feature f) { f = null;,226,
com/fasterxml/jackson/dataformat/xml/deser/FromXmlParser.java,338,NullifyInputVariable,public void setXMLTextElementName(String name) {,public void setXMLTextElementName(String name) { name = null;,227,
com/fasterxml/jackson/dataformat/xml/deser/FromXmlParser.java,331,NullifyInputVariable,public void setCodec(ObjectCodec c) {,public void setCodec(ObjectCodec c) { c = null;,228,
com/fasterxml/jackson/dataformat/xml/deser/FromXmlParser.java,1474,NullifyObjectInitialization,"throw new JsonParseException(this, e.getMessage(), e);",throw null;,229,
com/fasterxml/jackson/dataformat/xml/deser/FromXmlParser.java,1215,LogicalOperatorReplacement,if ((_numTypesValid & NR_INT) == 0) { // wasn't an int natively?,if ((_numTypesValid | NR_INT) == 0) { // wasn't an int natively?,23,
com/fasterxml/jackson/dataformat/xml/deser/FromXmlParser.java,1464,NullifyObjectInitialization,"throw new JsonParseException(this, e.getMessage(), e);",throw null;,230,
com/fasterxml/jackson/dataformat/xml/deser/FromXmlParser.java,1453,NullifyObjectInitialization,"throw new IllegalStateException(""Internal error: unrecognized XmlTokenStream token: ""+token);",throw null;,231,
com/fasterxml/jackson/dataformat/xml/deser/FromXmlParser.java,1445,NullifyObjectInitialization,_byteArrayBuilder = new ByteArrayBuilder();,_byteArrayBuilder = null;,232,
com/fasterxml/jackson/dataformat/xml/deser/FromXmlParser.java,1392,NullifyObjectInitialization,return new BigDecimal(_numberBigInt);,return null;,233,
com/fasterxml/jackson/dataformat/xml/deser/FromXmlParser.java,847,NullifyObjectInitialization,"throw new JsonParseException(this, String.format(",throw null;,234,
com/fasterxml/jackson/dataformat/xml/deser/FromXmlParser.java,676,NullifyObjectInitialization,throw new UncheckedIOException(e);,throw null;,235,
com/fasterxml/jackson/dataformat/xml/deser/FromXmlParser.java,591,NullifyObjectInitialization,throw new UncheckedIOException(e);,throw null;,236,
com/fasterxml/jackson/dataformat/xml/deser/FromXmlParser.java,492,NullifyObjectInitialization,"throw new IllegalStateException(""Missing name, in state: ""+_currToken);",throw null;,237,
com/fasterxml/jackson/dataformat/xml/deser/FromXmlParser.java,282,NullifyObjectInitialization,"_xmlTokens = new XmlTokenStream(xmlReader, ctxt.contentReference(),",_xmlTokens = null;,238,
com/fasterxml/jackson/dataformat/xml/deser/FromXmlParser.java,1468,RemoveMethod,protected void _skipEndElement() throws IOException {,protected void _skipEndElement() throws IOException {,239,
com/fasterxml/jackson/dataformat/xml/deser/FromXmlParser.java,1211,LogicalOperatorReplacement,if ((_numTypesValid & NR_INT) == 0) {,if ((_numTypesValid | NR_INT) == 0) {,24,
com/fasterxml/jackson/dataformat/xml/deser/FromXmlParser.java,1456,RemoveMethod,protected int _nextToken() throws IOException {,protected int _nextToken() throws IOException {,240,
com/fasterxml/jackson/dataformat/xml/deser/FromXmlParser.java,1456,RemoveMethod,protected int _nextToken() throws IOException {,protected int _nextToken() throws IOException {,241,
com/fasterxml/jackson/dataformat/xml/deser/FromXmlParser.java,1452,RemoveMethod,private <T> T _internalErrorUnknownToken(Object token) {,private <T> T _internalErrorUnknownToken(Object token) {,242,
com/fasterxml/jackson/dataformat/xml/deser/FromXmlParser.java,1443,RemoveMethod,{,{,243,
com/fasterxml/jackson/dataformat/xml/deser/FromXmlParser.java,1438,RemoveMethod,protected void _releaseBuffers() throws IOException {,protected void _releaseBuffers() throws IOException {,244,
com/fasterxml/jackson/dataformat/xml/deser/FromXmlParser.java,1417,RemoveMethod,{,{,245,
com/fasterxml/jackson/dataformat/xml/deser/FromXmlParser.java,1390,RemoveMethod,{,{,246,
com/fasterxml/jackson/dataformat/xml/deser/FromXmlParser.java,1374,RemoveMethod,{,{,247,
com/fasterxml/jackson/dataformat/xml/deser/FromXmlParser.java,1374,RemoveMethod,{,{,248,
com/fasterxml/jackson/dataformat/xml/deser/FromXmlParser.java,1357,RemoveMethod,{,{,249,
com/fasterxml/jackson/dataformat/xml/deser/FromXmlParser.java,1202,LogicalOperatorReplacement,if ((_numTypesValid & NR_BIGINT) != 0) {,if ((_numTypesValid | NR_BIGINT) != 0) {,25,
com/fasterxml/jackson/dataformat/xml/deser/FromXmlParser.java,1357,RemoveMethod,{,{,250,
com/fasterxml/jackson/dataformat/xml/deser/FromXmlParser.java,1345,RemoveMethod,{,{,251,
com/fasterxml/jackson/dataformat/xml/deser/FromXmlParser.java,1329,RemoveMethod,{,{,252,
com/fasterxml/jackson/dataformat/xml/deser/FromXmlParser.java,1307,RemoveMethod,{,{,253,
com/fasterxml/jackson/dataformat/xml/deser/FromXmlParser.java,1289,RemoveMethod,{,{,254,
com/fasterxml/jackson/dataformat/xml/deser/FromXmlParser.java,1289,RemoveMethod,{,{,255,
com/fasterxml/jackson/dataformat/xml/deser/FromXmlParser.java,1280,RemoveMethod,protected final void _checkNumericValue(int expType) throws IOException {,protected final void _checkNumericValue(int expType) throws IOException {,256,
com/fasterxml/jackson/dataformat/xml/deser/FromXmlParser.java,1269,RemoveMethod,public BigDecimal getDecimalValue() throws IOException {,public BigDecimal getDecimalValue() throws IOException {,257,
com/fasterxml/jackson/dataformat/xml/deser/FromXmlParser.java,1259,RemoveMethod,public double getDoubleValue() throws IOException {,public double getDoubleValue() throws IOException {,258,
com/fasterxml/jackson/dataformat/xml/deser/FromXmlParser.java,1259,RemoveMethod,public double getDoubleValue() throws IOException {,public double getDoubleValue() throws IOException {,259,
com/fasterxml/jackson/dataformat/xml/deser/FromXmlParser.java,1199,LogicalOperatorReplacement,if ((_numTypesValid & NR_LONG) != 0) {,if ((_numTypesValid | NR_LONG) != 0) {,26,
com/fasterxml/jackson/dataformat/xml/deser/FromXmlParser.java,1249,RemoveMethod,public float getFloatValue() throws IOException {,public float getFloatValue() throws IOException {,260,
com/fasterxml/jackson/dataformat/xml/deser/FromXmlParser.java,1249,RemoveMethod,public float getFloatValue() throws IOException {,public float getFloatValue() throws IOException {,261,
com/fasterxml/jackson/dataformat/xml/deser/FromXmlParser.java,1236,RemoveMethod,public BigInteger getBigIntegerValue() throws IOException {,public BigInteger getBigIntegerValue() throws IOException {,262,
com/fasterxml/jackson/dataformat/xml/deser/FromXmlParser.java,1223,RemoveMethod,public long getLongValue() throws IOException {,public long getLongValue() throws IOException {,263,
com/fasterxml/jackson/dataformat/xml/deser/FromXmlParser.java,1223,RemoveMethod,public long getLongValue() throws IOException {,public long getLongValue() throws IOException {,264,
com/fasterxml/jackson/dataformat/xml/deser/FromXmlParser.java,1210,RemoveMethod,public int getIntValue() throws IOException {,public int getIntValue() throws IOException {,265,
com/fasterxml/jackson/dataformat/xml/deser/FromXmlParser.java,1210,RemoveMethod,public int getIntValue() throws IOException {,public int getIntValue() throws IOException {,266,
com/fasterxml/jackson/dataformat/xml/deser/FromXmlParser.java,1190,RemoveMethod,public Number getNumberValue() throws IOException {,public Number getNumberValue() throws IOException {,267,
com/fasterxml/jackson/dataformat/xml/deser/FromXmlParser.java,1185,RemoveMethod,public NumberTypeFP getNumberTypeFP() throws IOException {,public NumberTypeFP getNumberTypeFP() throws IOException {,268,
com/fasterxml/jackson/dataformat/xml/deser/FromXmlParser.java,1165,RemoveMethod,public NumberType getNumberType() throws IOException {,public NumberType getNumberType() throws IOException {,269,
com/fasterxml/jackson/dataformat/xml/deser/FromXmlParser.java,1196,LogicalOperatorReplacement,if ((_numTypesValid & NR_INT) != 0) {,if ((_numTypesValid | NR_INT) != 0) {,27,
com/fasterxml/jackson/dataformat/xml/deser/FromXmlParser.java,1160,RemoveMethod,public boolean isNaN() {,public boolean isNaN() {,270,
com/fasterxml/jackson/dataformat/xml/deser/FromXmlParser.java,1160,RemoveMethod,public boolean isNaN() {,public boolean isNaN() {,271,
com/fasterxml/jackson/dataformat/xml/deser/FromXmlParser.java,1146,RemoveMethod,{,{,272,
com/fasterxml/jackson/dataformat/xml/deser/FromXmlParser.java,1146,RemoveMethod,{,{,273,
com/fasterxml/jackson/dataformat/xml/deser/FromXmlParser.java,1126,RemoveMethod,{,{,274,
com/fasterxml/jackson/dataformat/xml/deser/FromXmlParser.java,1126,RemoveMethod,{,{,275,
com/fasterxml/jackson/dataformat/xml/deser/FromXmlParser.java,1119,RemoveMethod,public Object getEmbeddedObject() throws IOException {,public Object getEmbeddedObject() throws IOException {,276,
com/fasterxml/jackson/dataformat/xml/deser/FromXmlParser.java,1103,RemoveMethod,{,{,277,
com/fasterxml/jackson/dataformat/xml/deser/FromXmlParser.java,1103,RemoveMethod,{,{,278,
com/fasterxml/jackson/dataformat/xml/deser/FromXmlParser.java,1097,RemoveMethod,{,{,279,
com/fasterxml/jackson/dataformat/xml/deser/FromXmlParser.java,1174,LogicalOperatorReplacement,if ((_numTypesValid & NR_LONG) != 0) {,if ((_numTypesValid | NR_LONG) != 0) {,28,
com/fasterxml/jackson/dataformat/xml/deser/FromXmlParser.java,1097,RemoveMethod,{,{,280,
com/fasterxml/jackson/dataformat/xml/deser/FromXmlParser.java,1087,RemoveMethod,public int getTextOffset() throws IOException {,public int getTextOffset() throws IOException {,281,
com/fasterxml/jackson/dataformat/xml/deser/FromXmlParser.java,1087,RemoveMethod,public int getTextOffset() throws IOException {,public int getTextOffset() throws IOException {,282,
com/fasterxml/jackson/dataformat/xml/deser/FromXmlParser.java,1081,RemoveMethod,public int getTextLength() throws IOException {,public int getTextLength() throws IOException {,283,
com/fasterxml/jackson/dataformat/xml/deser/FromXmlParser.java,1081,RemoveMethod,public int getTextLength() throws IOException {,public int getTextLength() throws IOException {,284,
com/fasterxml/jackson/dataformat/xml/deser/FromXmlParser.java,1075,RemoveMethod,public char[] getTextCharacters() throws IOException {,public char[] getTextCharacters() throws IOException {,285,
com/fasterxml/jackson/dataformat/xml/deser/FromXmlParser.java,1075,RemoveMethod,public char[] getTextCharacters() throws IOException {,public char[] getTextCharacters() throws IOException {,286,
com/fasterxml/jackson/dataformat/xml/deser/FromXmlParser.java,1060,RemoveMethod,{,{,287,
com/fasterxml/jackson/dataformat/xml/deser/FromXmlParser.java,1060,RemoveMethod,{,{,288,
com/fasterxml/jackson/dataformat/xml/deser/FromXmlParser.java,1032,RemoveMethod,{,{,289,
com/fasterxml/jackson/dataformat/xml/deser/FromXmlParser.java,1171,LogicalOperatorReplacement,if ((_numTypesValid & NR_INT) != 0) {,if ((_numTypesValid | NR_INT) != 0) {,29,
com/fasterxml/jackson/dataformat/xml/deser/FromXmlParser.java,926,RemoveMethod,{,{,290,
com/fasterxml/jackson/dataformat/xml/deser/FromXmlParser.java,926,RemoveMethod,{,{,291,
com/fasterxml/jackson/dataformat/xml/deser/FromXmlParser.java,708,RemoveMethod,{,{,292,
com/fasterxml/jackson/dataformat/xml/deser/FromXmlParser.java,621,RemoveMethod,{,{,293,
com/fasterxml/jackson/dataformat/xml/deser/FromXmlParser.java,621,RemoveMethod,{,{,294,
com/fasterxml/jackson/dataformat/xml/deser/FromXmlParser.java,585,RemoveMethod,{,{,295,
com/fasterxml/jackson/dataformat/xml/deser/FromXmlParser.java,585,RemoveMethod,{,{,296,
com/fasterxml/jackson/dataformat/xml/deser/FromXmlParser.java,570,RemoveMethod,public JsonLocation getTokenLocation() {,public JsonLocation getTokenLocation() {,297,
com/fasterxml/jackson/dataformat/xml/deser/FromXmlParser.java,564,RemoveMethod,public JsonLocation getCurrentLocation() {,public JsonLocation getCurrentLocation() {,298,
com/fasterxml/jackson/dataformat/xml/deser/FromXmlParser.java,558,RemoveMethod,public JsonLocation currentLocation() {,public JsonLocation currentLocation() {,299,
com/fasterxml/jackson/dataformat/xml/deser/FromXmlParser.java,1391,LogicalOperatorReplacement,if ((_numTypesValid & NR_BIGINT) != 0) {,if ((_numTypesValid | NR_BIGINT) != 0) {,3,
com/fasterxml/jackson/dataformat/xml/deser/FromXmlParser.java,414,LogicalOperatorReplacement,_formatFeatures = (_formatFeatures & ~mask) | (values & mask);,_formatFeatures = (_formatFeatures & ~mask) ^ (values & mask);,30,
com/fasterxml/jackson/dataformat/xml/deser/FromXmlParser.java,549,RemoveMethod,public JsonLocation currentTokenLocation() {,public JsonLocation currentTokenLocation() {,300,
com/fasterxml/jackson/dataformat/xml/deser/FromXmlParser.java,539,RemoveMethod,public XmlReadContext getParsingContext() {,public XmlReadContext getParsingContext() {,301,
com/fasterxml/jackson/dataformat/xml/deser/FromXmlParser.java,536,RemoveMethod,public boolean isClosed() { return _closed; },public boolean isClosed() {,302,
com/fasterxml/jackson/dataformat/xml/deser/FromXmlParser.java,536,RemoveMethod,public boolean isClosed() { return _closed; },public boolean isClosed() {,303,
com/fasterxml/jackson/dataformat/xml/deser/FromXmlParser.java,516,RemoveMethod,{,{,304,
com/fasterxml/jackson/dataformat/xml/deser/FromXmlParser.java,505,RemoveMethod,{,{,305,
com/fasterxml/jackson/dataformat/xml/deser/FromXmlParser.java,499,RemoveMethod,public String getCurrentName() throws IOException {,public String getCurrentName() throws IOException {,306,
com/fasterxml/jackson/dataformat/xml/deser/FromXmlParser.java,499,RemoveMethod,public String getCurrentName() throws IOException {,public String getCurrentName() throws IOException {,307,
com/fasterxml/jackson/dataformat/xml/deser/FromXmlParser.java,481,RemoveMethod,{,{,308,
com/fasterxml/jackson/dataformat/xml/deser/FromXmlParser.java,481,RemoveMethod,{,{,309,
com/fasterxml/jackson/dataformat/xml/deser/FromXmlParser.java,414,LogicalOperatorReplacement,_formatFeatures = (_formatFeatures & ~mask) | (values & mask);,_formatFeatures = (_formatFeatures & ~mask) | (values | mask);,31,
com/fasterxml/jackson/dataformat/xml/deser/FromXmlParser.java,447,RemoveMethod,{,{,310,
com/fasterxml/jackson/dataformat/xml/deser/FromXmlParser.java,435,RemoveMethod,public XMLStreamReader getStaxReader() {,public XMLStreamReader getStaxReader() {,311,
com/fasterxml/jackson/dataformat/xml/deser/FromXmlParser.java,413,RemoveMethod,"public JsonParser overrideFormatFeatures(int values, int mask) {","public JsonParser overrideFormatFeatures(int values, int mask) {",312,
com/fasterxml/jackson/dataformat/xml/deser/FromXmlParser.java,408,RemoveMethod,public int getFormatFeatures() {,public int getFormatFeatures() {,313,
com/fasterxml/jackson/dataformat/xml/deser/FromXmlParser.java,408,RemoveMethod,public int getFormatFeatures() {,public int getFormatFeatures() {,314,
com/fasterxml/jackson/dataformat/xml/deser/FromXmlParser.java,392,RemoveMethod,"public FromXmlParser configure(Feature f, boolean state) {","public FromXmlParser configure(Feature f, boolean state) {",315,
com/fasterxml/jackson/dataformat/xml/deser/FromXmlParser.java,388,RemoveMethod,public final boolean isEnabled(Feature f) {,public final boolean isEnabled(Feature f) {,316,
com/fasterxml/jackson/dataformat/xml/deser/FromXmlParser.java,388,RemoveMethod,public final boolean isEnabled(Feature f) {,public final boolean isEnabled(Feature f) {,317,
com/fasterxml/jackson/dataformat/xml/deser/FromXmlParser.java,382,RemoveMethod,public FromXmlParser disable(Feature f) {,public FromXmlParser disable(Feature f) {,318,
com/fasterxml/jackson/dataformat/xml/deser/FromXmlParser.java,376,RemoveMethod,public FromXmlParser enable(Feature f) {,public FromXmlParser enable(Feature f) {,319,
com/fasterxml/jackson/dataformat/xml/deser/FromXmlParser.java,414,LogicalOperatorReplacement,_formatFeatures = (_formatFeatures & ~mask) | (values & mask);,_formatFeatures = (_formatFeatures | ~mask) | (values & mask);,32,
com/fasterxml/jackson/dataformat/xml/deser/FromXmlParser.java,366,RemoveMethod,public JacksonFeatureSet<StreamReadCapability> getReadCapabilities() {,public JacksonFeatureSet<StreamReadCapability> getReadCapabilities() {,320,
com/fasterxml/jackson/dataformat/xml/deser/FromXmlParser.java,363,RemoveMethod,public boolean canReadTypeId() { return false; },public boolean canReadTypeId() {,321,
com/fasterxml/jackson/dataformat/xml/deser/FromXmlParser.java,363,RemoveMethod,public boolean canReadTypeId() { return false; },public boolean canReadTypeId() {,322,
com/fasterxml/jackson/dataformat/xml/deser/FromXmlParser.java,360,RemoveMethod,public boolean canReadObjectId() { return false; },public boolean canReadObjectId() {,323,
com/fasterxml/jackson/dataformat/xml/deser/FromXmlParser.java,360,RemoveMethod,public boolean canReadObjectId() { return false; },public boolean canReadObjectId() {,324,
com/fasterxml/jackson/dataformat/xml/deser/FromXmlParser.java,355,RemoveMethod,public boolean requiresCustomCodec() {,public boolean requiresCustomCodec() {,325,
com/fasterxml/jackson/dataformat/xml/deser/FromXmlParser.java,355,RemoveMethod,public boolean requiresCustomCodec() {,public boolean requiresCustomCodec() {,326,
com/fasterxml/jackson/dataformat/xml/deser/FromXmlParser.java,338,RemoveMethod,public void setXMLTextElementName(String name) {,public void setXMLTextElementName(String name) {,327,
com/fasterxml/jackson/dataformat/xml/deser/FromXmlParser.java,331,RemoveMethod,public void setCodec(ObjectCodec c) {,public void setCodec(ObjectCodec c) {,328,
com/fasterxml/jackson/dataformat/xml/deser/FromXmlParser.java,326,RemoveMethod,public ObjectCodec getCodec() {,public ObjectCodec getCodec() {,329,
com/fasterxml/jackson/dataformat/xml/deser/FromXmlParser.java,389,LogicalOperatorReplacement,return (_formatFeatures & f.getMask()) != 0;,return (_formatFeatures | f.getMask()) != 0;,33,
com/fasterxml/jackson/dataformat/xml/deser/FromXmlParser.java,321,RemoveMethod,public Version version() {,public Version version() {,330,
com/fasterxml/jackson/dataformat/xml/deser/FromXmlParser.java,145,RemoveMethod,@Override public boolean enabledIn(int flags) { return (flags & getMask()) != 0; },@Override public boolean enabledIn(int flags) {,331,
com/fasterxml/jackson/dataformat/xml/deser/FromXmlParser.java,145,RemoveMethod,@Override public boolean enabledIn(int flags) { return (flags & getMask()) != 0; },@Override public boolean enabledIn(int flags) {,332,
com/fasterxml/jackson/dataformat/xml/deser/FromXmlParser.java,144,RemoveMethod,@Override public int getMask() { return _mask; },@Override public int getMask() {,333,
com/fasterxml/jackson/dataformat/xml/deser/FromXmlParser.java,144,RemoveMethod,@Override public int getMask() { return _mask; },@Override public int getMask() {,334,
com/fasterxml/jackson/dataformat/xml/deser/FromXmlParser.java,143,RemoveMethod,@Override public boolean enabledByDefault() { return _defaultState; },@Override public boolean enabledByDefault() {,335,
com/fasterxml/jackson/dataformat/xml/deser/FromXmlParser.java,143,RemoveMethod,@Override public boolean enabledByDefault() { return _defaultState; },@Override public boolean enabledByDefault() {,336,
com/fasterxml/jackson/dataformat/xml/deser/FromXmlParser.java,128,RemoveMethod,{,{,337,
com/fasterxml/jackson/dataformat/xml/deser/FromXmlParser.java,128,RemoveMethod,{,{,338,
com/fasterxml/jackson/dataformat/xml/deser/FromXmlParser.java,1295,ArithmeticOperatorReplacementShortcut,for (int i = start; i < len; ++i) {,for (int i = start; i < len; --i) {,339,
com/fasterxml/jackson/dataformat/xml/deser/FromXmlParser.java,145,LogicalOperatorReplacement,@Override public boolean enabledIn(int flags) { return (flags & getMask()) != 0; },@Override public boolean enabledIn(int flags) { return (flags | getMask()) != 0; },34,
com/fasterxml/jackson/dataformat/xml/deser/FromXmlParser.java,1298,ArithmeticOperatorReplacementUnary,return -1;,return +1;,340,
com/fasterxml/jackson/dataformat/xml/deser/FromXmlParser.java,1038,ArithmeticOperatorReplacementUnary,"_parsingContext = _parsingContext.createChildArrayContext(-1, -1);","_parsingContext = _parsingContext.createChildArrayContext(-1, +1);",341,
com/fasterxml/jackson/dataformat/xml/deser/FromXmlParser.java,1038,ArithmeticOperatorReplacementUnary,"_parsingContext = _parsingContext.createChildArrayContext(-1, -1);","_parsingContext = _parsingContext.createChildArrayContext(+1, -1);",342,
com/fasterxml/jackson/dataformat/xml/deser/FromXmlParser.java,1035,ArithmeticOperatorReplacementUnary,"_parsingContext = _parsingContext.createChildObjectContext(-1, -1);","_parsingContext = _parsingContext.createChildObjectContext(-1, +1);",343,
com/fasterxml/jackson/dataformat/xml/deser/FromXmlParser.java,1035,ArithmeticOperatorReplacementUnary,"_parsingContext = _parsingContext.createChildObjectContext(-1, -1);","_parsingContext = _parsingContext.createChildObjectContext(+1, -1);",344,
com/fasterxml/jackson/dataformat/xml/deser/FromXmlParser.java,992,ArithmeticOperatorReplacementUnary,"_parsingContext = _parsingContext.createChildObjectContext(-1, -1);","_parsingContext = _parsingContext.createChildObjectContext(-1, +1);",345,
com/fasterxml/jackson/dataformat/xml/deser/FromXmlParser.java,992,ArithmeticOperatorReplacementUnary,"_parsingContext = _parsingContext.createChildObjectContext(-1, -1);","_parsingContext = _parsingContext.createChildObjectContext(+1, -1);",346,
com/fasterxml/jackson/dataformat/xml/deser/FromXmlParser.java,948,ArithmeticOperatorReplacementUnary,"_parsingContext = _parsingContext.createChildObjectContext(-1, -1);","_parsingContext = _parsingContext.createChildObjectContext(-1, +1);",347,
com/fasterxml/jackson/dataformat/xml/deser/FromXmlParser.java,948,ArithmeticOperatorReplacementUnary,"_parsingContext = _parsingContext.createChildObjectContext(-1, -1);","_parsingContext = _parsingContext.createChildObjectContext(+1, -1);",348,
com/fasterxml/jackson/dataformat/xml/deser/FromXmlParser.java,854,ArithmeticOperatorReplacementUnary,"_parsingContext = _parsingContext.createChildObjectContext(-1, -1);","_parsingContext = _parsingContext.createChildObjectContext(-1, +1);",349,
com/fasterxml/jackson/dataformat/xml/deser/FromXmlParser.java,1444,RelationalOperatorReplacement,if (_byteArrayBuilder == null) {,if (_byteArrayBuilder != null) {,35,
com/fasterxml/jackson/dataformat/xml/deser/FromXmlParser.java,854,ArithmeticOperatorReplacementUnary,"_parsingContext = _parsingContext.createChildObjectContext(-1, -1);","_parsingContext = _parsingContext.createChildObjectContext(+1, -1);",350,
com/fasterxml/jackson/dataformat/xml/deser/FromXmlParser.java,840,ArithmeticOperatorReplacementUnary,"_parsingContext = _parsingContext.createChildObjectContext(-1, -1);","_parsingContext = _parsingContext.createChildObjectContext(-1, +1);",351,
com/fasterxml/jackson/dataformat/xml/deser/FromXmlParser.java,840,ArithmeticOperatorReplacementUnary,"_parsingContext = _parsingContext.createChildObjectContext(-1, -1);","_parsingContext = _parsingContext.createChildObjectContext(+1, -1);",352,
com/fasterxml/jackson/dataformat/xml/deser/FromXmlParser.java,810,ArithmeticOperatorReplacementUnary,"_parsingContext = _parsingContext.createChildObjectContext(-1, -1);","_parsingContext = _parsingContext.createChildObjectContext(-1, +1);",353,
com/fasterxml/jackson/dataformat/xml/deser/FromXmlParser.java,810,ArithmeticOperatorReplacementUnary,"_parsingContext = _parsingContext.createChildObjectContext(-1, -1);","_parsingContext = _parsingContext.createChildObjectContext(+1, -1);",354,
com/fasterxml/jackson/dataformat/xml/deser/FromXmlParser.java,790,ArithmeticOperatorReplacementUnary,"_parsingContext = _parsingContext.createChildObjectContext(-1, -1);","_parsingContext = _parsingContext.createChildObjectContext(-1, +1);",355,
com/fasterxml/jackson/dataformat/xml/deser/FromXmlParser.java,790,ArithmeticOperatorReplacementUnary,"_parsingContext = _parsingContext.createChildObjectContext(-1, -1);","_parsingContext = _parsingContext.createChildObjectContext(+1, -1);",356,
com/fasterxml/jackson/dataformat/xml/deser/FromXmlParser.java,754,ArithmeticOperatorReplacementUnary,"_parsingContext = _parsingContext.createChildObjectContext(-1, -1);","_parsingContext = _parsingContext.createChildObjectContext(-1, +1);",357,
com/fasterxml/jackson/dataformat/xml/deser/FromXmlParser.java,754,ArithmeticOperatorReplacementUnary,"_parsingContext = _parsingContext.createChildObjectContext(-1, -1);","_parsingContext = _parsingContext.createChildObjectContext(+1, -1);",358,
com/fasterxml/jackson/dataformat/xml/deser/FromXmlParser.java,721,ArithmeticOperatorReplacementUnary,"_parsingContext = _parsingContext.createChildArrayContext(-1, -1);","_parsingContext = _parsingContext.createChildArrayContext(-1, +1);",359,
com/fasterxml/jackson/dataformat/xml/deser/FromXmlParser.java,1397,RelationalOperatorReplacement,if ((_numTypesValid & NR_INT) != 0) {,if ((_numTypesValid & NR_INT) == 0) {,36,
com/fasterxml/jackson/dataformat/xml/deser/FromXmlParser.java,721,ArithmeticOperatorReplacementUnary,"_parsingContext = _parsingContext.createChildArrayContext(-1, -1);","_parsingContext = _parsingContext.createChildArrayContext(+1, -1);",360,
com/fasterxml/jackson/dataformat/xml/deser/FromXmlParser.java,718,ArithmeticOperatorReplacementUnary,"_parsingContext = _parsingContext.createChildObjectContext(-1, -1);","_parsingContext = _parsingContext.createChildObjectContext(-1, +1);",361,
com/fasterxml/jackson/dataformat/xml/deser/FromXmlParser.java,718,ArithmeticOperatorReplacementUnary,"_parsingContext = _parsingContext.createChildObjectContext(-1, -1);","_parsingContext = _parsingContext.createChildObjectContext(+1, -1);",362,
com/fasterxml/jackson/dataformat/xml/deser/FromXmlParser.java,281,ArithmeticOperatorReplacementUnary,"_parsingContext = XmlReadContext.createRootContext(-1, -1);","_parsingContext = XmlReadContext.createRootContext(-1, +1);",363,
com/fasterxml/jackson/dataformat/xml/deser/FromXmlParser.java,281,ArithmeticOperatorReplacementUnary,"_parsingContext = XmlReadContext.createRootContext(-1, -1);","_parsingContext = XmlReadContext.createRootContext(+1, -1);",364,
com/fasterxml/jackson/dataformat/xml/deser/FromXmlParser.java,1394,RelationalOperatorReplacement,if ((_numTypesValid & NR_LONG) != 0) {,if ((_numTypesValid & NR_LONG) == 0) {,37,
com/fasterxml/jackson/dataformat/xml/deser/FromXmlParser.java,1391,RelationalOperatorReplacement,if ((_numTypesValid & NR_BIGINT) != 0) {,if ((_numTypesValid & NR_BIGINT) == 0) {,38,
com/fasterxml/jackson/dataformat/xml/deser/FromXmlParser.java,1382,RelationalOperatorReplacement,if ((_numTypesValid & NR_INT) != 0) {,if ((_numTypesValid & NR_INT) == 0) {,39,
com/fasterxml/jackson/dataformat/xml/deser/FromXmlParser.java,1382,LogicalOperatorReplacement,if ((_numTypesValid & NR_INT) != 0) {,if ((_numTypesValid | NR_INT) != 0) {,4,
com/fasterxml/jackson/dataformat/xml/deser/FromXmlParser.java,1379,RelationalOperatorReplacement,if ((_numTypesValid & NR_LONG) != 0) {,if ((_numTypesValid & NR_LONG) == 0) {,40,
com/fasterxml/jackson/dataformat/xml/deser/FromXmlParser.java,1376,RelationalOperatorReplacement,if ((_numTypesValid & NR_BIGINT) != 0) {,if ((_numTypesValid & NR_BIGINT) == 0) {,41,
com/fasterxml/jackson/dataformat/xml/deser/FromXmlParser.java,1366,RelationalOperatorReplacement,if ((_numTypesValid & NR_INT) != 0) {,if ((_numTypesValid & NR_INT) == 0) {,42,
com/fasterxml/jackson/dataformat/xml/deser/FromXmlParser.java,1363,RelationalOperatorReplacement,if ((_numTypesValid & NR_LONG) != 0) {,if ((_numTypesValid & NR_LONG) == 0) {,43,
com/fasterxml/jackson/dataformat/xml/deser/FromXmlParser.java,1360,RelationalOperatorReplacement,if ((_numTypesValid & NR_BIGINT) != 0) {,if ((_numTypesValid & NR_BIGINT) == 0) {,44,
com/fasterxml/jackson/dataformat/xml/deser/FromXmlParser.java,1348,RelationalOperatorReplacement,} else if ((_numTypesValid & NR_INT) != 0) {,} else if ((_numTypesValid & NR_INT) == 0) {,45,
com/fasterxml/jackson/dataformat/xml/deser/FromXmlParser.java,1346,RelationalOperatorReplacement,if ((_numTypesValid & NR_LONG) != 0) {,if ((_numTypesValid & NR_LONG) == 0) {,46,
com/fasterxml/jackson/dataformat/xml/deser/FromXmlParser.java,1334,RelationalOperatorReplacement,|| BI_MAX_LONG.compareTo(_numberBigInt) < 0) {,|| BI_MAX_LONG.compareTo(_numberBigInt) >= 0) {,47,
com/fasterxml/jackson/dataformat/xml/deser/FromXmlParser.java,1333,RelationalOperatorReplacement,if (BI_MIN_LONG.compareTo(_numberBigInt) > 0,if (BI_MIN_LONG.compareTo(_numberBigInt) <= 0,48,
com/fasterxml/jackson/dataformat/xml/deser/FromXmlParser.java,1332,RelationalOperatorReplacement,} else if ((_numTypesValid & NR_BIGINT) != 0) {,} else if ((_numTypesValid & NR_BIGINT) == 0) {,49,
com/fasterxml/jackson/dataformat/xml/deser/FromXmlParser.java,1379,LogicalOperatorReplacement,if ((_numTypesValid & NR_LONG) != 0) {,if ((_numTypesValid | NR_LONG) != 0) {,5,
com/fasterxml/jackson/dataformat/xml/deser/FromXmlParser.java,1330,RelationalOperatorReplacement,if ((_numTypesValid & NR_INT) != 0) {,if ((_numTypesValid & NR_INT) == 0) {,50,
com/fasterxml/jackson/dataformat/xml/deser/FromXmlParser.java,1318,RelationalOperatorReplacement,|| BI_MAX_INT.compareTo(_numberBigInt) < 0) {,|| BI_MAX_INT.compareTo(_numberBigInt) >= 0) {,51,
com/fasterxml/jackson/dataformat/xml/deser/FromXmlParser.java,1317,RelationalOperatorReplacement,if (BI_MIN_INT.compareTo(_numberBigInt) > 0,if (BI_MIN_INT.compareTo(_numberBigInt) <= 0,52,
com/fasterxml/jackson/dataformat/xml/deser/FromXmlParser.java,1316,RelationalOperatorReplacement,} else if ((_numTypesValid & NR_BIGINT) != 0) {,} else if ((_numTypesValid & NR_BIGINT) == 0) {,53,
com/fasterxml/jackson/dataformat/xml/deser/FromXmlParser.java,1312,RelationalOperatorReplacement,if (((long) result) != _numberLong) {,if (((long) result) == _numberLong) {,54,
com/fasterxml/jackson/dataformat/xml/deser/FromXmlParser.java,1309,RelationalOperatorReplacement,if ((_numTypesValid & NR_LONG) != 0) {,if ((_numTypesValid & NR_LONG) == 0) {,55,
com/fasterxml/jackson/dataformat/xml/deser/FromXmlParser.java,1297,RelationalOperatorReplacement,if (ch > '9' || ch < '0') {,if (ch > '9' || ch >= '0') {,56,
com/fasterxml/jackson/dataformat/xml/deser/FromXmlParser.java,1297,RelationalOperatorReplacement,if (ch > '9' || ch < '0') {,if (ch <= '9' || ch < '0') {,57,
com/fasterxml/jackson/dataformat/xml/deser/FromXmlParser.java,1295,RelationalOperatorReplacement,for (int i = start; i < len; ++i) {,for (int i = start; i >= len; ++i) {,58,
com/fasterxml/jackson/dataformat/xml/deser/FromXmlParser.java,1294,RelationalOperatorReplacement,final int start = (c == '-') ? 1 : 0;,final int start = (c != '-') ? 1 : 0;,59,
com/fasterxml/jackson/dataformat/xml/deser/FromXmlParser.java,1376,LogicalOperatorReplacement,if ((_numTypesValid & NR_BIGINT) != 0) {,if ((_numTypesValid | NR_BIGINT) != 0) {,6,
com/fasterxml/jackson/dataformat/xml/deser/FromXmlParser.java,1291,RelationalOperatorReplacement,if (len > 0) {,if (len <= 0) {,60,
com/fasterxml/jackson/dataformat/xml/deser/FromXmlParser.java,1281,RelationalOperatorReplacement,if (_currToken == JsonToken.VALUE_NUMBER_INT) {,if (_currToken != JsonToken.VALUE_NUMBER_INT) {,61,
com/fasterxml/jackson/dataformat/xml/deser/FromXmlParser.java,1271,RelationalOperatorReplacement,if (_numTypesValid == NR_UNKNOWN) {,if (_numTypesValid != NR_UNKNOWN) {,62,
com/fasterxml/jackson/dataformat/xml/deser/FromXmlParser.java,1270,RelationalOperatorReplacement,if ((_numTypesValid & NR_BIGDECIMAL) == 0) {,if ((_numTypesValid & NR_BIGDECIMAL) != 0) {,63,
com/fasterxml/jackson/dataformat/xml/deser/FromXmlParser.java,1261,RelationalOperatorReplacement,if (_numTypesValid == NR_UNKNOWN) {,if (_numTypesValid != NR_UNKNOWN) {,64,
com/fasterxml/jackson/dataformat/xml/deser/FromXmlParser.java,1260,RelationalOperatorReplacement,if ((_numTypesValid & NR_DOUBLE) == 0) {,if ((_numTypesValid & NR_DOUBLE) != 0) {,65,
com/fasterxml/jackson/dataformat/xml/deser/FromXmlParser.java,1251,RelationalOperatorReplacement,if (_numTypesValid == NR_UNKNOWN) {,if (_numTypesValid != NR_UNKNOWN) {,66,
com/fasterxml/jackson/dataformat/xml/deser/FromXmlParser.java,1250,RelationalOperatorReplacement,if ((_numTypesValid & NR_FLOAT) == 0) {,if ((_numTypesValid & NR_FLOAT) != 0) {,67,
com/fasterxml/jackson/dataformat/xml/deser/FromXmlParser.java,1241,RelationalOperatorReplacement,if ((_numTypesValid & NR_BIGINT) == 0) {,if ((_numTypesValid & NR_BIGINT) != 0) {,68,
com/fasterxml/jackson/dataformat/xml/deser/FromXmlParser.java,1238,RelationalOperatorReplacement,if (_numTypesValid == NR_UNKNOWN) {,if (_numTypesValid != NR_UNKNOWN) {,69,
com/fasterxml/jackson/dataformat/xml/deser/FromXmlParser.java,1366,LogicalOperatorReplacement,if ((_numTypesValid & NR_INT) != 0) {,if ((_numTypesValid | NR_INT) != 0) {,7,
com/fasterxml/jackson/dataformat/xml/deser/FromXmlParser.java,1237,RelationalOperatorReplacement,if ((_numTypesValid & NR_BIGINT) == 0) {,if ((_numTypesValid & NR_BIGINT) != 0) {,70,
com/fasterxml/jackson/dataformat/xml/deser/FromXmlParser.java,1228,RelationalOperatorReplacement,if ((_numTypesValid & NR_LONG) == 0) {,if ((_numTypesValid & NR_LONG) != 0) {,71,
com/fasterxml/jackson/dataformat/xml/deser/FromXmlParser.java,1225,RelationalOperatorReplacement,if (_numTypesValid == NR_UNKNOWN) {,if (_numTypesValid != NR_UNKNOWN) {,72,
com/fasterxml/jackson/dataformat/xml/deser/FromXmlParser.java,1224,RelationalOperatorReplacement,if ((_numTypesValid & NR_LONG) == 0) {,if ((_numTypesValid & NR_LONG) != 0) {,73,
com/fasterxml/jackson/dataformat/xml/deser/FromXmlParser.java,1215,RelationalOperatorReplacement,if ((_numTypesValid & NR_INT) == 0) { // wasn't an int natively?,if ((_numTypesValid & NR_INT) != 0) { // wasn't an int natively?,74,
com/fasterxml/jackson/dataformat/xml/deser/FromXmlParser.java,1212,RelationalOperatorReplacement,if (_numTypesValid == NR_UNKNOWN) { // not parsed at all,if (_numTypesValid != NR_UNKNOWN) { // not parsed at all,75,
com/fasterxml/jackson/dataformat/xml/deser/FromXmlParser.java,1211,RelationalOperatorReplacement,if ((_numTypesValid & NR_INT) == 0) {,if ((_numTypesValid & NR_INT) != 0) {,76,
com/fasterxml/jackson/dataformat/xml/deser/FromXmlParser.java,1202,RelationalOperatorReplacement,if ((_numTypesValid & NR_BIGINT) != 0) {,if ((_numTypesValid & NR_BIGINT) == 0) {,77,
com/fasterxml/jackson/dataformat/xml/deser/FromXmlParser.java,1199,RelationalOperatorReplacement,if ((_numTypesValid & NR_LONG) != 0) {,if ((_numTypesValid & NR_LONG) == 0) {,78,
com/fasterxml/jackson/dataformat/xml/deser/FromXmlParser.java,1196,RelationalOperatorReplacement,if ((_numTypesValid & NR_INT) != 0) {,if ((_numTypesValid & NR_INT) == 0) {,79,
com/fasterxml/jackson/dataformat/xml/deser/FromXmlParser.java,1363,LogicalOperatorReplacement,if ((_numTypesValid & NR_LONG) != 0) {,if ((_numTypesValid | NR_LONG) != 0) {,8,
com/fasterxml/jackson/dataformat/xml/deser/FromXmlParser.java,1191,RelationalOperatorReplacement,if (_numTypesValid == NR_UNKNOWN) {,if (_numTypesValid != NR_UNKNOWN) {,80,
com/fasterxml/jackson/dataformat/xml/deser/FromXmlParser.java,1174,RelationalOperatorReplacement,if ((_numTypesValid & NR_LONG) != 0) {,if ((_numTypesValid & NR_LONG) == 0) {,81,
com/fasterxml/jackson/dataformat/xml/deser/FromXmlParser.java,1171,RelationalOperatorReplacement,if ((_numTypesValid & NR_INT) != 0) {,if ((_numTypesValid & NR_INT) == 0) {,82,
com/fasterxml/jackson/dataformat/xml/deser/FromXmlParser.java,1166,RelationalOperatorReplacement,if (_numTypesValid == NR_UNKNOWN) {,if (_numTypesValid != NR_UNKNOWN) {,83,
com/fasterxml/jackson/dataformat/xml/deser/FromXmlParser.java,1134,RelationalOperatorReplacement,if (_binaryValue == null) {,if (_binaryValue != null) {,84,
com/fasterxml/jackson/dataformat/xml/deser/FromXmlParser.java,1128,RelationalOperatorReplacement,(_currToken != JsonToken.VALUE_EMBEDDED_OBJECT || _binaryValue == null)) {,(_currToken != JsonToken.VALUE_EMBEDDED_OBJECT || _binaryValue != null)) {,85,
com/fasterxml/jackson/dataformat/xml/deser/FromXmlParser.java,1128,RelationalOperatorReplacement,(_currToken != JsonToken.VALUE_EMBEDDED_OBJECT || _binaryValue == null)) {,(_currToken == JsonToken.VALUE_EMBEDDED_OBJECT || _binaryValue == null)) {,86,
com/fasterxml/jackson/dataformat/xml/deser/FromXmlParser.java,1127,RelationalOperatorReplacement,if (_currToken != JsonToken.VALUE_STRING &&,if (_currToken == JsonToken.VALUE_STRING &&,87,
com/fasterxml/jackson/dataformat/xml/deser/FromXmlParser.java,1105,RelationalOperatorReplacement,if (str == null) {,if (str != null) {,88,
com/fasterxml/jackson/dataformat/xml/deser/FromXmlParser.java,1083,RelationalOperatorReplacement,return (text == null) ? 0 : text.length();,return (text != null) ? 0 : text.length();,89,
com/fasterxml/jackson/dataformat/xml/deser/FromXmlParser.java,1360,LogicalOperatorReplacement,if ((_numTypesValid & NR_BIGINT) != 0) {,if ((_numTypesValid | NR_BIGINT) != 0) {,9,
com/fasterxml/jackson/dataformat/xml/deser/FromXmlParser.java,1077,RelationalOperatorReplacement,return (text == null) ? null : text.toCharArray();,return (text != null) ? null : text.toCharArray();,90,
com/fasterxml/jackson/dataformat/xml/deser/FromXmlParser.java,1061,RelationalOperatorReplacement,if (_currToken == null) {,if (_currToken != null) {,91,
com/fasterxml/jackson/dataformat/xml/deser/FromXmlParser.java,945,RelationalOperatorReplacement,while (token == XmlTokenStream.XML_START_ELEMENT) {,while (token != XmlTokenStream.XML_START_ELEMENT) {,92,
com/fasterxml/jackson/dataformat/xml/deser/FromXmlParser.java,933,RelationalOperatorReplacement,if (t == JsonToken.VALUE_STRING) {,if (t != JsonToken.VALUE_STRING) {,93,
com/fasterxml/jackson/dataformat/xml/deser/FromXmlParser.java,928,RelationalOperatorReplacement,if (_nextToken != null) {,if (_nextToken == null) {,94,
com/fasterxml/jackson/dataformat/xml/deser/FromXmlParser.java,860,RelationalOperatorReplacement,if (_currToken == JsonToken.FIELD_NAME) {,if (_currToken != JsonToken.FIELD_NAME) {,95,
com/fasterxml/jackson/dataformat/xml/deser/FromXmlParser.java,846,RelationalOperatorReplacement,if (token != XmlTokenStream.XML_START_ELEMENT) {,if (token == XmlTokenStream.XML_START_ELEMENT) {,96,
com/fasterxml/jackson/dataformat/xml/deser/FromXmlParser.java,833,RelationalOperatorReplacement,if (token == XmlTokenStream.XML_END_ELEMENT) {,if (token != XmlTokenStream.XML_END_ELEMENT) {,97,
com/fasterxml/jackson/dataformat/xml/deser/FromXmlParser.java,794,RelationalOperatorReplacement,if (_currToken != JsonToken.VALUE_NULL) {,if (_currToken == JsonToken.VALUE_NULL) {,98,
com/fasterxml/jackson/dataformat/xml/deser/FromXmlParser.java,749,RelationalOperatorReplacement,while (token == XmlTokenStream.XML_START_ELEMENT) {,while (token != XmlTokenStream.XML_START_ELEMENT) {,99,
com/fasterxml/jackson/dataformat/xml/deser/WrapperHandlingDeserializer.java,168,RelationalOperatorReplacement,|| t == JsonToken.FIELD_NAME) {,|| t != JsonToken.FIELD_NAME) {,1,
com/fasterxml/jackson/dataformat/xml/deser/WrapperHandlingDeserializer.java,180,NullifyReturnValue,return (BeanDeserializerBase) deser;,return null;,10,
com/fasterxml/jackson/dataformat/xml/deser/WrapperHandlingDeserializer.java,139,NullifyReturnValue,"return _delegatee.deserializeWithType(p, ctxt, typeDeserializer);",return null;,11,
com/fasterxml/jackson/dataformat/xml/deser/WrapperHandlingDeserializer.java,131,NullifyReturnValue,"return ((JsonDeserializer<Object>)_delegatee).deserialize(p, ctxt, intoValue);",return null;,12,
com/fasterxml/jackson/dataformat/xml/deser/WrapperHandlingDeserializer.java,122,NullifyReturnValue,"return _delegatee.deserialize(p, ctxt);",return null;,13,
com/fasterxml/jackson/dataformat/xml/deser/WrapperHandlingDeserializer.java,109,NullifyReturnValue,"return new WrapperHandlingDeserializer(newDelegatee, unwrappedNames);",return null;,14,
com/fasterxml/jackson/dataformat/xml/deser/WrapperHandlingDeserializer.java,106,NullifyReturnValue,return newDelegatee;,return null;,15,
com/fasterxml/jackson/dataformat/xml/deser/WrapperHandlingDeserializer.java,157,RemoveNullCheck,if ((p instanceof ElementWrappable) && (_namesToWrap != null)) {,if ((p instanceof ElementWrappable) && (true)) {,16,
com/fasterxml/jackson/dataformat/xml/deser/WrapperHandlingDeserializer.java,105,RemoveNullCheck,if (unwrappedNames == null) {,if (false) {,17,
com/fasterxml/jackson/dataformat/xml/deser/WrapperHandlingDeserializer.java,95,RemoveNullCheck,if (unwrappedNames == null) {,if (false) {,18,
com/fasterxml/jackson/dataformat/xml/deser/WrapperHandlingDeserializer.java,92,RemoveNullCheck,if ((wrapperName != null) && (wrapperName != PropertyName.NO_NAME)) {,if ((true) && (wrapperName != PropertyName.NO_NAME)) {,19,
com/fasterxml/jackson/dataformat/xml/deser/WrapperHandlingDeserializer.java,163,RelationalOperatorReplacement,if (t == JsonToken.START_OBJECT || t == JsonToken.START_ARRAY,if (t == JsonToken.START_OBJECT || t != JsonToken.START_ARRAY,2,
com/fasterxml/jackson/dataformat/xml/deser/WrapperHandlingDeserializer.java,73,RemoveNullCheck,if (vt == null) {,if (false) {,20,
com/fasterxml/jackson/dataformat/xml/deser/WrapperHandlingDeserializer.java,176,ConditionalOperatorDeletion,if (!(deser instanceof BeanDeserializerBase)) {,if ( (deser instanceof BeanDeserializerBase)) {,21,
com/fasterxml/jackson/dataformat/xml/deser/WrapperHandlingDeserializer.java,87,ConditionalOperatorDeletion,if (!TypeUtil.isIndexedType(type)) {,if ( TypeUtil.isIndexedType(type)) {,22,
com/fasterxml/jackson/dataformat/xml/deser/WrapperHandlingDeserializer.java,163,ConditionalOperatorReplacement,if (t == JsonToken.START_OBJECT || t == JsonToken.START_ARRAY,if (t == JsonToken.START_OBJECT || t == JsonToken.START_ARRAY,23,
com/fasterxml/jackson/dataformat/xml/deser/WrapperHandlingDeserializer.java,163,ConditionalOperatorReplacement,if (t == JsonToken.START_OBJECT || t == JsonToken.START_ARRAY,if (t == JsonToken.START_OBJECT && t == JsonToken.START_ARRAY,24,
com/fasterxml/jackson/dataformat/xml/deser/WrapperHandlingDeserializer.java,157,ConditionalOperatorReplacement,if ((p instanceof ElementWrappable) && (_namesToWrap != null)) {,if ((p instanceof ElementWrappable) || (_namesToWrap != null)) {,25,
com/fasterxml/jackson/dataformat/xml/deser/WrapperHandlingDeserializer.java,92,ConditionalOperatorReplacement,if ((wrapperName != null) && (wrapperName != PropertyName.NO_NAME)) {,if ((wrapperName != null) || (wrapperName != PropertyName.NO_NAME)) {,26,
com/fasterxml/jackson/dataformat/xml/deser/WrapperHandlingDeserializer.java,175,NullifyInputVariable,{,{ deser = null;,27,
com/fasterxml/jackson/dataformat/xml/deser/WrapperHandlingDeserializer.java,150,NullifyInputVariable,{,{ p = null;,28,
com/fasterxml/jackson/dataformat/xml/deser/WrapperHandlingDeserializer.java,137,NullifyInputVariable,{,{ typeDeserializer = null;,29,
com/fasterxml/jackson/dataformat/xml/deser/WrapperHandlingDeserializer.java,163,RelationalOperatorReplacement,if (t == JsonToken.START_OBJECT || t == JsonToken.START_ARRAY,if (t != JsonToken.START_OBJECT || t == JsonToken.START_ARRAY,3,
com/fasterxml/jackson/dataformat/xml/deser/WrapperHandlingDeserializer.java,137,NullifyInputVariable,{,{ ctxt = null;,30,
com/fasterxml/jackson/dataformat/xml/deser/WrapperHandlingDeserializer.java,137,NullifyInputVariable,{,{ p = null;,31,
com/fasterxml/jackson/dataformat/xml/deser/WrapperHandlingDeserializer.java,129,NullifyInputVariable,{,{ intoValue = null;,32,
com/fasterxml/jackson/dataformat/xml/deser/WrapperHandlingDeserializer.java,129,NullifyInputVariable,{,{ ctxt = null;,33,
com/fasterxml/jackson/dataformat/xml/deser/WrapperHandlingDeserializer.java,129,NullifyInputVariable,{,{ p = null;,34,
com/fasterxml/jackson/dataformat/xml/deser/WrapperHandlingDeserializer.java,120,NullifyInputVariable,{,{ ctxt = null;,35,
com/fasterxml/jackson/dataformat/xml/deser/WrapperHandlingDeserializer.java,120,NullifyInputVariable,{,{ p = null;,36,
com/fasterxml/jackson/dataformat/xml/deser/WrapperHandlingDeserializer.java,71,NullifyInputVariable,{,{ property = null;,37,
com/fasterxml/jackson/dataformat/xml/deser/WrapperHandlingDeserializer.java,71,NullifyInputVariable,{,{ ctxt = null;,38,
com/fasterxml/jackson/dataformat/xml/deser/WrapperHandlingDeserializer.java,61,NullifyInputVariable,protected JsonDeserializer<?> newDelegatingInstance(JsonDeserializer<?> newDelegatee0) {,protected JsonDeserializer<?> newDelegatingInstance(JsonDeserializer<?> newDelegatee0) { newDelegatee0 = null;,39,
com/fasterxml/jackson/dataformat/xml/deser/WrapperHandlingDeserializer.java,157,RelationalOperatorReplacement,if ((p instanceof ElementWrappable) && (_namesToWrap != null)) {,if ((p instanceof ElementWrappable) && (_namesToWrap == null)) {,4,
com/fasterxml/jackson/dataformat/xml/deser/WrapperHandlingDeserializer.java,177,NullifyObjectInitialization,"throw new IllegalArgumentException(""Can not change delegate to be of type """,throw null;,40,
com/fasterxml/jackson/dataformat/xml/deser/WrapperHandlingDeserializer.java,109,NullifyObjectInitialization,"return new WrapperHandlingDeserializer(newDelegatee, unwrappedNames);",return null;,41,
com/fasterxml/jackson/dataformat/xml/deser/WrapperHandlingDeserializer.java,96,NullifyObjectInitialization,unwrappedNames = new HashSet<String>();,unwrappedNames = null;,42,
com/fasterxml/jackson/dataformat/xml/deser/WrapperHandlingDeserializer.java,64,NullifyObjectInitialization,"throw new IllegalStateException(""Internal error: should never get called"");",throw null;,43,
com/fasterxml/jackson/dataformat/xml/deser/WrapperHandlingDeserializer.java,175,RemoveMethod,{,{,44,
com/fasterxml/jackson/dataformat/xml/deser/WrapperHandlingDeserializer.java,150,RemoveMethod,{,{,45,
com/fasterxml/jackson/dataformat/xml/deser/WrapperHandlingDeserializer.java,137,RemoveMethod,{,{,46,
com/fasterxml/jackson/dataformat/xml/deser/WrapperHandlingDeserializer.java,129,RemoveMethod,{,{,47,
com/fasterxml/jackson/dataformat/xml/deser/WrapperHandlingDeserializer.java,120,RemoveMethod,{,{,48,
com/fasterxml/jackson/dataformat/xml/deser/WrapperHandlingDeserializer.java,71,RemoveMethod,{,{,49,
com/fasterxml/jackson/dataformat/xml/deser/WrapperHandlingDeserializer.java,105,RelationalOperatorReplacement,if (unwrappedNames == null) {,if (unwrappedNames != null) {,5,
com/fasterxml/jackson/dataformat/xml/deser/WrapperHandlingDeserializer.java,61,RemoveMethod,protected JsonDeserializer<?> newDelegatingInstance(JsonDeserializer<?> newDelegatee0) {,protected JsonDeserializer<?> newDelegatingInstance(JsonDeserializer<?> newDelegatee0) {,50,
com/fasterxml/jackson/dataformat/xml/deser/WrapperHandlingDeserializer.java,95,RelationalOperatorReplacement,if (unwrappedNames == null) {,if (unwrappedNames != null) {,6,
com/fasterxml/jackson/dataformat/xml/deser/WrapperHandlingDeserializer.java,92,RelationalOperatorReplacement,if ((wrapperName != null) && (wrapperName != PropertyName.NO_NAME)) {,if ((wrapperName != null) && (wrapperName == PropertyName.NO_NAME)) {,7,
com/fasterxml/jackson/dataformat/xml/deser/WrapperHandlingDeserializer.java,92,RelationalOperatorReplacement,if ((wrapperName != null) && (wrapperName != PropertyName.NO_NAME)) {,if ((wrapperName == null) && (wrapperName != PropertyName.NO_NAME)) {,8,
com/fasterxml/jackson/dataformat/xml/deser/WrapperHandlingDeserializer.java,73,RelationalOperatorReplacement,if (vt == null) {,if (vt != null) {,9,
com/fasterxml/jackson/dataformat/xml/deser/XmlBeanDeserializerModifier.java,130,RelationalOperatorReplacement,if (b != null && b.booleanValue()) {,if (b == null && b.booleanValue()) {,1,
com/fasterxml/jackson/dataformat/xml/deser/XmlBeanDeserializerModifier.java,51,RelationalOperatorReplacement,if (b != null && b.booleanValue()) {,if (b == null && b.booleanValue()) {,10,
com/fasterxml/jackson/dataformat/xml/deser/XmlBeanDeserializerModifier.java,42,RelationalOperatorReplacement,if (acc == null) {,if (acc != null) {,11,
com/fasterxml/jackson/dataformat/xml/deser/XmlBeanDeserializerModifier.java,38,RelationalOperatorReplacement,"for (int i = 0, propCount = propDefs.size(); i < propCount; ++i) {","for (int i = 0, propCount = propDefs.size(); i >= propCount; ++i) {",12,
com/fasterxml/jackson/dataformat/xml/deser/XmlBeanDeserializerModifier.java,137,NullifyReturnValue,return textProp;,return null;,13,
com/fasterxml/jackson/dataformat/xml/deser/XmlBeanDeserializerModifier.java,135,NullifyReturnValue,return null;,return null;,14,
com/fasterxml/jackson/dataformat/xml/deser/XmlBeanDeserializerModifier.java,109,NullifyReturnValue,return new WrapperHandlingDeserializer(deser);,return null;,15,
com/fasterxml/jackson/dataformat/xml/deser/XmlBeanDeserializerModifier.java,106,NullifyReturnValue,"return new XmlTextDeserializer(deser, textProp);",return null;,16,
com/fasterxml/jackson/dataformat/xml/deser/XmlBeanDeserializerModifier.java,85,NullifyReturnValue,return deser0;,return null;,17,
com/fasterxml/jackson/dataformat/xml/deser/XmlBeanDeserializerModifier.java,77,NullifyReturnValue,return propDefs;,return null;,18,
com/fasterxml/jackson/dataformat/xml/deser/XmlBeanDeserializerModifier.java,130,RemoveNullCheck,if (b != null && b.booleanValue()) {,if (true && b.booleanValue()) {,19,
com/fasterxml/jackson/dataformat/xml/deser/XmlBeanDeserializerModifier.java,120,RelationalOperatorReplacement,if (m != null) {,if (m == null) {,2,
com/fasterxml/jackson/dataformat/xml/deser/XmlBeanDeserializerModifier.java,120,RemoveNullCheck,if (m != null) {,if (true) {,20,
com/fasterxml/jackson/dataformat/xml/deser/XmlBeanDeserializerModifier.java,105,RemoveNullCheck,if (textProp != null) {,if (true) {,21,
com/fasterxml/jackson/dataformat/xml/deser/XmlBeanDeserializerModifier.java,64,RemoveNullCheck,if ((localName != null && localName.length() > 0),if ((true && localName.length() > 0),22,
com/fasterxml/jackson/dataformat/xml/deser/XmlBeanDeserializerModifier.java,62,RemoveNullCheck,if (wrapperName != null && wrapperName != PropertyName.NO_NAME) {,if (true && wrapperName != PropertyName.NO_NAME) {,23,
com/fasterxml/jackson/dataformat/xml/deser/XmlBeanDeserializerModifier.java,51,RemoveNullCheck,if (b != null && b.booleanValue()) {,if (true && b.booleanValue()) {,24,
com/fasterxml/jackson/dataformat/xml/deser/XmlBeanDeserializerModifier.java,42,RemoveNullCheck,if (acc == null) {,if (false) {,25,
com/fasterxml/jackson/dataformat/xml/deser/XmlBeanDeserializerModifier.java,103,ConditionalOperatorDeletion,if (!inst.canCreateFromString()) {,if ( inst.canCreateFromString()) {,26,
com/fasterxml/jackson/dataformat/xml/deser/XmlBeanDeserializerModifier.java,84,ConditionalOperatorDeletion,if (!(deser0 instanceof BeanDeserializerBase)) {,if ( (deser0 instanceof BeanDeserializerBase)) {,27,
com/fasterxml/jackson/dataformat/xml/deser/XmlBeanDeserializerModifier.java,65,ConditionalOperatorDeletion,&& !localName.equals(prop.getName())) {,&& localName.equals(prop.getName())) {,28,
com/fasterxml/jackson/dataformat/xml/deser/XmlBeanDeserializerModifier.java,130,ConditionalOperatorReplacement,if (b != null && b.booleanValue()) {,if (b != null || b.booleanValue()) {,29,
com/fasterxml/jackson/dataformat/xml/deser/XmlBeanDeserializerModifier.java,105,RelationalOperatorReplacement,if (textProp != null) {,if (textProp == null) {,3,
com/fasterxml/jackson/dataformat/xml/deser/XmlBeanDeserializerModifier.java,64,ConditionalOperatorReplacement,if ((localName != null && localName.length() > 0),if ((localName != null && localName.length() > 0),30,
com/fasterxml/jackson/dataformat/xml/deser/XmlBeanDeserializerModifier.java,64,ConditionalOperatorReplacement,if ((localName != null && localName.length() > 0),if ((localName != null || localName.length() > 0),31,
com/fasterxml/jackson/dataformat/xml/deser/XmlBeanDeserializerModifier.java,62,ConditionalOperatorReplacement,if (wrapperName != null && wrapperName != PropertyName.NO_NAME) {,if (wrapperName != null || wrapperName != PropertyName.NO_NAME) {,32,
com/fasterxml/jackson/dataformat/xml/deser/XmlBeanDeserializerModifier.java,51,ConditionalOperatorReplacement,if (b != null && b.booleanValue()) {,if (b != null || b.booleanValue()) {,33,
com/fasterxml/jackson/dataformat/xml/deser/XmlBeanDeserializerModifier.java,114,NullifyInputVariable,{,{ propIt = null;,34,
com/fasterxml/jackson/dataformat/xml/deser/XmlBeanDeserializerModifier.java,114,NullifyInputVariable,{,{ config = null;,35,
com/fasterxml/jackson/dataformat/xml/deser/XmlBeanDeserializerModifier.java,83,NullifyInputVariable,{,{ deser0 = null;,36,
com/fasterxml/jackson/dataformat/xml/deser/XmlBeanDeserializerModifier.java,83,NullifyInputVariable,{,{ beanDesc = null;,37,
com/fasterxml/jackson/dataformat/xml/deser/XmlBeanDeserializerModifier.java,83,NullifyInputVariable,{,{ config = null;,38,
com/fasterxml/jackson/dataformat/xml/deser/XmlBeanDeserializerModifier.java,34,NullifyInputVariable,{,{ propDefs = null;,39,
com/fasterxml/jackson/dataformat/xml/deser/XmlBeanDeserializerModifier.java,67,RelationalOperatorReplacement,if (changed == 0) {,if (changed != 0) {,4,
com/fasterxml/jackson/dataformat/xml/deser/XmlBeanDeserializerModifier.java,34,NullifyInputVariable,{,{ beanDesc = null;,40,
com/fasterxml/jackson/dataformat/xml/deser/XmlBeanDeserializerModifier.java,34,NullifyInputVariable,{,{ config = null;,41,
com/fasterxml/jackson/dataformat/xml/deser/XmlBeanDeserializerModifier.java,109,NullifyObjectInitialization,return new WrapperHandlingDeserializer(deser);,return null;,42,
com/fasterxml/jackson/dataformat/xml/deser/XmlBeanDeserializerModifier.java,106,NullifyObjectInitialization,"return new XmlTextDeserializer(deser, textProp);",return null;,43,
com/fasterxml/jackson/dataformat/xml/deser/XmlBeanDeserializerModifier.java,68,NullifyObjectInitialization,propDefs = new ArrayList<BeanPropertyDefinition>(propDefs);,propDefs = null;,44,
com/fasterxml/jackson/dataformat/xml/deser/XmlBeanDeserializerModifier.java,114,RemoveMethod,{,{,45,
com/fasterxml/jackson/dataformat/xml/deser/XmlBeanDeserializerModifier.java,83,RemoveMethod,{,{,46,
com/fasterxml/jackson/dataformat/xml/deser/XmlBeanDeserializerModifier.java,34,RemoveMethod,{,{,47,
com/fasterxml/jackson/dataformat/xml/deser/XmlBeanDeserializerModifier.java,70,ArithmeticOperatorReplacementShortcut,++changed;,--changed;,48,
com/fasterxml/jackson/dataformat/xml/deser/XmlBeanDeserializerModifier.java,38,ArithmeticOperatorReplacementShortcut,"for (int i = 0, propCount = propDefs.size(); i < propCount; ++i) {","for (int i = 0, propCount = propDefs.size(); i < propCount; --i) {",49,
com/fasterxml/jackson/dataformat/xml/deser/XmlBeanDeserializerModifier.java,64,RelationalOperatorReplacement,if ((localName != null && localName.length() > 0),if ((localName != null && localName.length() <= 0),5,
com/fasterxml/jackson/dataformat/xml/deser/XmlBeanDeserializerModifier.java,64,RelationalOperatorReplacement,if ((localName != null && localName.length() > 0),if ((localName == null && localName.length() > 0),6,
com/fasterxml/jackson/dataformat/xml/deser/XmlBeanDeserializerModifier.java,62,RelationalOperatorReplacement,if (wrapperName != null && wrapperName != PropertyName.NO_NAME) {,if (wrapperName != null && wrapperName == PropertyName.NO_NAME) {,7,
com/fasterxml/jackson/dataformat/xml/deser/XmlBeanDeserializerModifier.java,62,RelationalOperatorReplacement,if (wrapperName != null && wrapperName != PropertyName.NO_NAME) {,if (wrapperName == null && wrapperName != PropertyName.NO_NAME) {,8,
com/fasterxml/jackson/dataformat/xml/deser/XmlBeanDeserializerModifier.java,54,RelationalOperatorReplacement,if (newProp != prop) {,if (newProp == prop) {,9,
com/fasterxml/jackson/dataformat/xml/deser/XmlDeserializationContext.java,128,RelationalOperatorReplacement,if (t == JsonToken.VALUE_STRING) {,if (t != JsonToken.VALUE_STRING) {,1,
com/fasterxml/jackson/dataformat/xml/deser/XmlDeserializationContext.java,74,NullifyReturnValue,"return new XmlDeserializationContext(this, config);",return null;,10,
com/fasterxml/jackson/dataformat/xml/deser/XmlDeserializationContext.java,68,NullifyReturnValue,"return new XmlDeserializationContext(this, config, p, values);",return null;,11,
com/fasterxml/jackson/dataformat/xml/deser/XmlDeserializationContext.java,62,NullifyReturnValue,return new XmlDeserializationContext(this);,return null;,12,
com/fasterxml/jackson/dataformat/xml/deser/XmlDeserializationContext.java,103,RemoveNullCheck,if (valueToUpdate == null) {,if (false) {,13,
com/fasterxml/jackson/dataformat/xml/deser/XmlDeserializationContext.java,115,NullifyInputVariable,{,{ scalarType = null;,14,
com/fasterxml/jackson/dataformat/xml/deser/XmlDeserializationContext.java,115,NullifyInputVariable,{,{ deser = null;,15,
com/fasterxml/jackson/dataformat/xml/deser/XmlDeserializationContext.java,115,NullifyInputVariable,{,{ p = null;,16,
com/fasterxml/jackson/dataformat/xml/deser/XmlDeserializationContext.java,97,NullifyInputVariable,{,{ valueToUpdate = null;,17,
com/fasterxml/jackson/dataformat/xml/deser/XmlDeserializationContext.java,97,NullifyInputVariable,{,{ deser = null;,18,
com/fasterxml/jackson/dataformat/xml/deser/XmlDeserializationContext.java,97,NullifyInputVariable,{,{ valueType = null;,19,
com/fasterxml/jackson/dataformat/xml/deser/XmlDeserializationContext.java,120,RelationalOperatorReplacement,while (p.nextToken() == JsonToken.FIELD_NAME) {,while (p.nextToken() != JsonToken.FIELD_NAME) {,2,
com/fasterxml/jackson/dataformat/xml/deser/XmlDeserializationContext.java,97,NullifyInputVariable,{,{ p = null;,20,
com/fasterxml/jackson/dataformat/xml/deser/XmlDeserializationContext.java,83,NullifyInputVariable,public DefaultDeserializationContext withCaches(CacheProvider cp) {,public DefaultDeserializationContext withCaches(CacheProvider cp) { cp = null;,21,
com/fasterxml/jackson/dataformat/xml/deser/XmlDeserializationContext.java,78,NullifyInputVariable,public DefaultDeserializationContext with(DeserializerFactory factory) {,public DefaultDeserializationContext with(DeserializerFactory factory) { factory = null;,22,
com/fasterxml/jackson/dataformat/xml/deser/XmlDeserializationContext.java,72,NullifyInputVariable,public DefaultDeserializationContext createDummyInstance(DeserializationConfig config) {,public DefaultDeserializationContext createDummyInstance(DeserializationConfig config) { config = null;,23,
com/fasterxml/jackson/dataformat/xml/deser/XmlDeserializationContext.java,67,NullifyInputVariable,"JsonParser p, InjectableValues values) {","JsonParser p, InjectableValues values) { values = null;",24,
com/fasterxml/jackson/dataformat/xml/deser/XmlDeserializationContext.java,67,NullifyInputVariable,"JsonParser p, InjectableValues values) {","JsonParser p, InjectableValues values) { p = null;",25,
com/fasterxml/jackson/dataformat/xml/deser/XmlDeserializationContext.java,67,NullifyInputVariable,"JsonParser p, InjectableValues values) {","JsonParser p, InjectableValues values) { config = null;",26,
com/fasterxml/jackson/dataformat/xml/deser/XmlDeserializationContext.java,84,NullifyObjectInitialization,"return new XmlDeserializationContext(this, cp);",return null;,27,
com/fasterxml/jackson/dataformat/xml/deser/XmlDeserializationContext.java,79,NullifyObjectInitialization,"return new XmlDeserializationContext(this, factory);",return null;,28,
com/fasterxml/jackson/dataformat/xml/deser/XmlDeserializationContext.java,74,NullifyObjectInitialization,"return new XmlDeserializationContext(this, config);",return null;,29,
com/fasterxml/jackson/dataformat/xml/deser/XmlDeserializationContext.java,103,RelationalOperatorReplacement,if (valueToUpdate == null) {,if (valueToUpdate != null) {,3,
com/fasterxml/jackson/dataformat/xml/deser/XmlDeserializationContext.java,68,NullifyObjectInitialization,"return new XmlDeserializationContext(this, config, p, values);",return null;,30,
com/fasterxml/jackson/dataformat/xml/deser/XmlDeserializationContext.java,62,NullifyObjectInitialization,return new XmlDeserializationContext(this);,return null;,31,
com/fasterxml/jackson/dataformat/xml/deser/XmlDeserializationContext.java,37,NullifyObjectInitialization,"super(df, new DeserializerCache());","super(df, null);",32,
com/fasterxml/jackson/dataformat/xml/deser/XmlDeserializationContext.java,115,RemoveMethod,{,{,33,
com/fasterxml/jackson/dataformat/xml/deser/XmlDeserializationContext.java,115,RemoveMethod,{,{,34,
com/fasterxml/jackson/dataformat/xml/deser/XmlDeserializationContext.java,97,RemoveMethod,{,{,35,
com/fasterxml/jackson/dataformat/xml/deser/XmlDeserializationContext.java,83,RemoveMethod,public DefaultDeserializationContext withCaches(CacheProvider cp) {,public DefaultDeserializationContext withCaches(CacheProvider cp) {,36,
com/fasterxml/jackson/dataformat/xml/deser/XmlDeserializationContext.java,78,RemoveMethod,public DefaultDeserializationContext with(DeserializerFactory factory) {,public DefaultDeserializationContext with(DeserializerFactory factory) {,37,
com/fasterxml/jackson/dataformat/xml/deser/XmlDeserializationContext.java,72,RemoveMethod,public DefaultDeserializationContext createDummyInstance(DeserializationConfig config) {,public DefaultDeserializationContext createDummyInstance(DeserializationConfig config) {,38,
com/fasterxml/jackson/dataformat/xml/deser/XmlDeserializationContext.java,67,RemoveMethod,"JsonParser p, InjectableValues values) {","JsonParser p, InjectableValues values) {",39,
com/fasterxml/jackson/dataformat/xml/deser/XmlDeserializationContext.java,136,NullifyReturnValue,return text;,return null;,4,
com/fasterxml/jackson/dataformat/xml/deser/XmlDeserializationContext.java,61,RemoveMethod,public XmlDeserializationContext copy() {,public XmlDeserializationContext copy() {,40,
com/fasterxml/jackson/dataformat/xml/deser/XmlDeserializationContext.java,106,NullifyReturnValue,"return deser.deserialize(p, this, valueToUpdate);",return null;,5,
com/fasterxml/jackson/dataformat/xml/deser/XmlDeserializationContext.java,104,NullifyReturnValue,"return deser.deserialize(p, this);",return null;,6,
com/fasterxml/jackson/dataformat/xml/deser/XmlDeserializationContext.java,101,NullifyReturnValue,"return _unwrapAndDeserialize(p, valueType, deser, valueToUpdate);",return null;,7,
com/fasterxml/jackson/dataformat/xml/deser/XmlDeserializationContext.java,84,NullifyReturnValue,"return new XmlDeserializationContext(this, cp);",return null;,8,
com/fasterxml/jackson/dataformat/xml/deser/XmlDeserializationContext.java,79,NullifyReturnValue,"return new XmlDeserializationContext(this, factory);",return null;,9,
com/fasterxml/jackson/dataformat/xml/deser/XmlReadContext.java,231,RelationalOperatorReplacement,if (_currentName != null) {,if (_currentName == null) {,1,
com/fasterxml/jackson/dataformat/xml/deser/XmlReadContext.java,153,NullifyReturnValue,public final String getCurrentName() { return _currentName; },public final String getCurrentName() { return null; },10,
com/fasterxml/jackson/dataformat/xml/deser/XmlReadContext.java,143,NullifyReturnValue,return ctxt;,return null;,11,
com/fasterxml/jackson/dataformat/xml/deser/XmlReadContext.java,140,NullifyReturnValue,return ctxt;,return null;,12,
com/fasterxml/jackson/dataformat/xml/deser/XmlReadContext.java,131,NullifyReturnValue,return ctxt;,return null;,13,
com/fasterxml/jackson/dataformat/xml/deser/XmlReadContext.java,128,NullifyReturnValue,return ctxt;,return null;,14,
com/fasterxml/jackson/dataformat/xml/deser/XmlReadContext.java,119,NullifyReturnValue,"return new XmlReadContext(null, 0, TYPE_ROOT, 1, 0);",return null;,15,
com/fasterxml/jackson/dataformat/xml/deser/XmlReadContext.java,115,NullifyReturnValue,"return new XmlReadContext(null, 0, TYPE_ROOT, lineNr, colNr);",return null;,16,
com/fasterxml/jackson/dataformat/xml/deser/XmlReadContext.java,100,NullifyReturnValue,return _currentValue;,return null;,17,
com/fasterxml/jackson/dataformat/xml/deser/XmlReadContext.java,231,RemoveNullCheck,if (_currentName != null) {,if (true) {,18,
com/fasterxml/jackson/dataformat/xml/deser/XmlReadContext.java,199,RemoveNullCheck,return (_namesToWrap != null) && _namesToWrap.contains(localName);,return (true) && _namesToWrap.contains(localName);,19,
com/fasterxml/jackson/dataformat/xml/deser/XmlReadContext.java,199,RelationalOperatorReplacement,return (_namesToWrap != null) && _namesToWrap.contains(localName);,return (_namesToWrap == null) && _namesToWrap.contains(localName);,2,
com/fasterxml/jackson/dataformat/xml/deser/XmlReadContext.java,156,RemoveNullCheck,@Override public boolean hasCurrentName() { return _currentName != null; },@Override public boolean hasCurrentName() { return true; },20,
com/fasterxml/jackson/dataformat/xml/deser/XmlReadContext.java,138,RemoveNullCheck,if (ctxt == null) {,if (false) {,21,
com/fasterxml/jackson/dataformat/xml/deser/XmlReadContext.java,126,RemoveNullCheck,if (ctxt == null) {,if (false) {,22,
com/fasterxml/jackson/dataformat/xml/deser/XmlReadContext.java,82,RemoveNullCheck,"this(parent, (parent == null) ? 0 : parent._nestingDepth + 1,","this(parent, (false) ? 0 : parent._nestingDepth + 1,",23,
com/fasterxml/jackson/dataformat/xml/deser/XmlReadContext.java,199,ConditionalOperatorReplacement,return (_namesToWrap != null) && _namesToWrap.contains(localName);,return (_namesToWrap != null) || _namesToWrap.contains(localName);,24,
com/fasterxml/jackson/dataformat/xml/deser/XmlReadContext.java,127,ArithmeticOperatorReplacementBinary,"_child = ctxt = new XmlReadContext(this, _nestingDepth+1, TYPE_ARRAY, lineNr, colNr);","_child = ctxt = new XmlReadContext(this, _nestingDepth-1, TYPE_ARRAY, lineNr, colNr);",25,
com/fasterxml/jackson/dataformat/xml/deser/XmlReadContext.java,82,ArithmeticOperatorReplacementBinary,"this(parent, (parent == null) ? 0 : parent._nestingDepth + 1,","this(parent, (parent == null) ? 0 : parent._nestingDepth - 1,",26,
com/fasterxml/jackson/dataformat/xml/deser/XmlReadContext.java,198,NullifyInputVariable,public boolean shouldWrap(String localName) {,public boolean shouldWrap(String localName) { localName = null;,27,
com/fasterxml/jackson/dataformat/xml/deser/XmlReadContext.java,193,NullifyInputVariable,public void setNamesToWrap(Set<String> namesToWrap) {,public void setNamesToWrap(Set<String> namesToWrap) { namesToWrap = null;,28,
com/fasterxml/jackson/dataformat/xml/deser/XmlReadContext.java,189,NullifyInputVariable,public void setCurrentName(String name) {,public void setCurrentName(String name) { name = null;,29,
com/fasterxml/jackson/dataformat/xml/deser/XmlReadContext.java,156,RelationalOperatorReplacement,@Override public boolean hasCurrentName() { return _currentName != null; },@Override public boolean hasCurrentName() { return _currentName == null; },3,
com/fasterxml/jackson/dataformat/xml/deser/XmlReadContext.java,166,NullifyInputVariable,public final JsonLocation startLocation(ContentReference srcRef) {,public final JsonLocation startLocation(ContentReference srcRef) { srcRef = null;,30,
com/fasterxml/jackson/dataformat/xml/deser/XmlReadContext.java,104,NullifyInputVariable,public void setCurrentValue(Object v) {,public void setCurrentValue(Object v) { v = null;,31,
com/fasterxml/jackson/dataformat/xml/deser/XmlReadContext.java,219,NullifyObjectInitialization,StringBuilder sb = new StringBuilder(64);,StringBuilder sb = null;,32,
com/fasterxml/jackson/dataformat/xml/deser/XmlReadContext.java,170,NullifyObjectInitialization,"return new JsonLocation(srcRef, totalChars, _lineNr, _columnNr);",return null;,33,
com/fasterxml/jackson/dataformat/xml/deser/XmlReadContext.java,139,NullifyObjectInitialization,"_child = ctxt = new XmlReadContext(this, TYPE_OBJECT, lineNr, colNr);",_child = ctxt = null;,34,
com/fasterxml/jackson/dataformat/xml/deser/XmlReadContext.java,127,NullifyObjectInitialization,"_child = ctxt = new XmlReadContext(this, _nestingDepth+1, TYPE_ARRAY, lineNr, colNr);",_child = ctxt = null;,35,
com/fasterxml/jackson/dataformat/xml/deser/XmlReadContext.java,119,NullifyObjectInitialization,"return new XmlReadContext(null, 0, TYPE_ROOT, 1, 0);",return null;,36,
com/fasterxml/jackson/dataformat/xml/deser/XmlReadContext.java,115,NullifyObjectInitialization,"return new XmlReadContext(null, 0, TYPE_ROOT, lineNr, colNr);",return null;,37,
com/fasterxml/jackson/dataformat/xml/deser/XmlReadContext.java,218,RemoveMethod,{,{,38,
com/fasterxml/jackson/dataformat/xml/deser/XmlReadContext.java,218,RemoveMethod,{,{,39,
com/fasterxml/jackson/dataformat/xml/deser/XmlReadContext.java,138,RelationalOperatorReplacement,if (ctxt == null) {,if (ctxt != null) {,4,
com/fasterxml/jackson/dataformat/xml/deser/XmlReadContext.java,202,RemoveMethod,protected void convertToArray() {,protected void convertToArray() {,40,
com/fasterxml/jackson/dataformat/xml/deser/XmlReadContext.java,198,RemoveMethod,public boolean shouldWrap(String localName) {,public boolean shouldWrap(String localName) {,41,
com/fasterxml/jackson/dataformat/xml/deser/XmlReadContext.java,198,RemoveMethod,public boolean shouldWrap(String localName) {,public boolean shouldWrap(String localName) {,42,
com/fasterxml/jackson/dataformat/xml/deser/XmlReadContext.java,193,RemoveMethod,public void setNamesToWrap(Set<String> namesToWrap) {,public void setNamesToWrap(Set<String> namesToWrap) {,43,
com/fasterxml/jackson/dataformat/xml/deser/XmlReadContext.java,189,RemoveMethod,public void setCurrentName(String name) {,public void setCurrentName(String name) {,44,
com/fasterxml/jackson/dataformat/xml/deser/XmlReadContext.java,185,RemoveMethod,public final void valueStarted() {,public final void valueStarted() {,45,
com/fasterxml/jackson/dataformat/xml/deser/XmlReadContext.java,166,RemoveMethod,public final JsonLocation startLocation(ContentReference srcRef) {,public final JsonLocation startLocation(ContentReference srcRef) {,46,
com/fasterxml/jackson/dataformat/xml/deser/XmlReadContext.java,159,RemoveMethod,public final XmlReadContext getParent() { return _parent; },public final XmlReadContext getParent() {,47,
com/fasterxml/jackson/dataformat/xml/deser/XmlReadContext.java,156,RemoveMethod,@Override public boolean hasCurrentName() { return _currentName != null; },@Override public boolean hasCurrentName() {,48,
com/fasterxml/jackson/dataformat/xml/deser/XmlReadContext.java,156,RemoveMethod,@Override public boolean hasCurrentName() { return _currentName != null; },@Override public boolean hasCurrentName() {,49,
com/fasterxml/jackson/dataformat/xml/deser/XmlReadContext.java,126,RelationalOperatorReplacement,if (ctxt == null) {,if (ctxt != null) {,5,
com/fasterxml/jackson/dataformat/xml/deser/XmlReadContext.java,153,RemoveMethod,public final String getCurrentName() { return _currentName; },public final String getCurrentName() {,50,
com/fasterxml/jackson/dataformat/xml/deser/XmlReadContext.java,153,RemoveMethod,public final String getCurrentName() { return _currentName; },public final String getCurrentName() {,51,
com/fasterxml/jackson/dataformat/xml/deser/XmlReadContext.java,135,RemoveMethod,{,{,52,
com/fasterxml/jackson/dataformat/xml/deser/XmlReadContext.java,123,RemoveMethod,{,{,53,
com/fasterxml/jackson/dataformat/xml/deser/XmlReadContext.java,118,RemoveMethod,public static XmlReadContext createRootContext() {,public static XmlReadContext createRootContext() {,54,
com/fasterxml/jackson/dataformat/xml/deser/XmlReadContext.java,114,RemoveMethod,"public static XmlReadContext createRootContext(int lineNr, int colNr) {","public static XmlReadContext createRootContext(int lineNr, int colNr) {",55,
com/fasterxml/jackson/dataformat/xml/deser/XmlReadContext.java,104,RemoveMethod,public void setCurrentValue(Object v) {,public void setCurrentValue(Object v) {,56,
com/fasterxml/jackson/dataformat/xml/deser/XmlReadContext.java,99,RemoveMethod,public Object getCurrentValue() {,public Object getCurrentValue() {,57,
com/fasterxml/jackson/dataformat/xml/deser/XmlReadContext.java,87,RemoveMethod,{,{,58,
com/fasterxml/jackson/dataformat/xml/deser/XmlReadContext.java,186,ArithmeticOperatorReplacementShortcut,++_index;,--_index;,59,
com/fasterxml/jackson/dataformat/xml/deser/XmlReadContext.java,82,RelationalOperatorReplacement,"this(parent, (parent == null) ? 0 : parent._nestingDepth + 1,","this(parent, (parent != null) ? 0 : parent._nestingDepth + 1,",6,
com/fasterxml/jackson/dataformat/xml/deser/XmlReadContext.java,136,ArithmeticOperatorReplacementShortcut,"++_index; // not needed for Object, but does not hurt so no need to check curr type","--_index; // not needed for Object, but does not hurt so no need to check curr type",60,
com/fasterxml/jackson/dataformat/xml/deser/XmlReadContext.java,124,ArithmeticOperatorReplacementShortcut,"++_index; // not needed for Object, but does not hurt so no need to check curr type","--_index; // not needed for Object, but does not hurt so no need to check curr type",61,
com/fasterxml/jackson/dataformat/xml/deser/XmlReadContext.java,168,ArithmeticOperatorReplacementUnary,long totalChars = -1L;,long totalChars = +1L;,62,
com/fasterxml/jackson/dataformat/xml/deser/XmlReadContext.java,89,ArithmeticOperatorReplacementUnary,_index = -1;,_index = +1;,63,
com/fasterxml/jackson/dataformat/xml/deser/XmlReadContext.java,72,ArithmeticOperatorReplacementUnary,_index = -1;,_index = +1;,64,
com/fasterxml/jackson/dataformat/xml/deser/XmlReadContext.java,241,NullifyReturnValue,return sb.toString();,return null;,7,
com/fasterxml/jackson/dataformat/xml/deser/XmlReadContext.java,170,NullifyReturnValue,"return new JsonLocation(srcRef, totalChars, _lineNr, _columnNr);",return null;,8,
com/fasterxml/jackson/dataformat/xml/deser/XmlReadContext.java,159,NullifyReturnValue,public final XmlReadContext getParent() { return _parent; },public final XmlReadContext getParent() { return null; },9,
com/fasterxml/jackson/dataformat/xml/deser/XmlTextDeserializer.java,104,RelationalOperatorReplacement,if (p.getCurrentToken() == JsonToken.VALUE_STRING) {,if (p.getCurrentToken() != JsonToken.VALUE_STRING) {,1,
com/fasterxml/jackson/dataformat/xml/deser/XmlTextDeserializer.java,127,ConditionalOperatorDeletion,if (!(deser instanceof BeanDeserializerBase)) {,if ( (deser instanceof BeanDeserializerBase)) {,10,
com/fasterxml/jackson/dataformat/xml/deser/XmlTextDeserializer.java,126,NullifyInputVariable,{,{ deser = null;,11,
com/fasterxml/jackson/dataformat/xml/deser/XmlTextDeserializer.java,115,NullifyInputVariable,{,{ typeDeserializer = null;,12,
com/fasterxml/jackson/dataformat/xml/deser/XmlTextDeserializer.java,115,NullifyInputVariable,{,{ ctxt = null;,13,
com/fasterxml/jackson/dataformat/xml/deser/XmlTextDeserializer.java,115,NullifyInputVariable,{,{ p = null;,14,
com/fasterxml/jackson/dataformat/xml/deser/XmlTextDeserializer.java,103,NullifyInputVariable,{,{ bean = null;,15,
com/fasterxml/jackson/dataformat/xml/deser/XmlTextDeserializer.java,103,NullifyInputVariable,{,{ ctxt = null;,16,
com/fasterxml/jackson/dataformat/xml/deser/XmlTextDeserializer.java,103,NullifyInputVariable,{,{ p = null;,17,
com/fasterxml/jackson/dataformat/xml/deser/XmlTextDeserializer.java,90,NullifyInputVariable,{,{ ctxt = null;,18,
com/fasterxml/jackson/dataformat/xml/deser/XmlTextDeserializer.java,90,NullifyInputVariable,{,{ p = null;,19,
com/fasterxml/jackson/dataformat/xml/deser/XmlTextDeserializer.java,91,RelationalOperatorReplacement,if (p.getCurrentToken() == JsonToken.VALUE_STRING) {,if (p.getCurrentToken() != JsonToken.VALUE_STRING) {,2,
com/fasterxml/jackson/dataformat/xml/deser/XmlTextDeserializer.java,77,NullifyInputVariable,{,{ property = null;,20,
com/fasterxml/jackson/dataformat/xml/deser/XmlTextDeserializer.java,77,NullifyInputVariable,{,{ ctxt = null;,21,
com/fasterxml/jackson/dataformat/xml/deser/XmlTextDeserializer.java,67,NullifyInputVariable,protected JsonDeserializer<?> newDelegatingInstance(JsonDeserializer<?> newDelegatee0) {,protected JsonDeserializer<?> newDelegatingInstance(JsonDeserializer<?> newDelegatee0) { newDelegatee0 = null;,22,
com/fasterxml/jackson/dataformat/xml/deser/XmlTextDeserializer.java,128,NullifyObjectInitialization,"throw new IllegalArgumentException(""Can not change delegate to be of type """,throw null;,23,
com/fasterxml/jackson/dataformat/xml/deser/XmlTextDeserializer.java,78,NullifyObjectInitialization,"return new XmlTextDeserializer(_verifyDeserType(_delegatee), _xmlTextPropertyIndex);",return null;,24,
com/fasterxml/jackson/dataformat/xml/deser/XmlTextDeserializer.java,70,NullifyObjectInitialization,"throw new IllegalStateException(""Internal error: should never get called"");",throw null;,25,
com/fasterxml/jackson/dataformat/xml/deser/XmlTextDeserializer.java,126,RemoveMethod,{,{,26,
com/fasterxml/jackson/dataformat/xml/deser/XmlTextDeserializer.java,115,RemoveMethod,{,{,27,
com/fasterxml/jackson/dataformat/xml/deser/XmlTextDeserializer.java,103,RemoveMethod,{,{,28,
com/fasterxml/jackson/dataformat/xml/deser/XmlTextDeserializer.java,90,RemoveMethod,{,{,29,
com/fasterxml/jackson/dataformat/xml/deser/XmlTextDeserializer.java,131,NullifyReturnValue,return (BeanDeserializerBase) deser;,return null;,3,
com/fasterxml/jackson/dataformat/xml/deser/XmlTextDeserializer.java,77,RemoveMethod,{,{,30,
com/fasterxml/jackson/dataformat/xml/deser/XmlTextDeserializer.java,67,RemoveMethod,protected JsonDeserializer<?> newDelegatingInstance(JsonDeserializer<?> newDelegatee0) {,protected JsonDeserializer<?> newDelegatingInstance(JsonDeserializer<?> newDelegatee0) {,31,
com/fasterxml/jackson/dataformat/xml/deser/XmlTextDeserializer.java,116,NullifyReturnValue,"return _delegatee.deserializeWithType(p, ctxt, typeDeserializer);",return null;,4,
com/fasterxml/jackson/dataformat/xml/deser/XmlTextDeserializer.java,108,NullifyReturnValue,"return ((JsonDeserializer<Object>)_delegatee).deserialize(p, ctxt, bean);",return null;,5,
com/fasterxml/jackson/dataformat/xml/deser/XmlTextDeserializer.java,106,NullifyReturnValue,return bean;,return null;,6,
com/fasterxml/jackson/dataformat/xml/deser/XmlTextDeserializer.java,96,NullifyReturnValue,"return _delegatee.deserialize(p, ctxt);",return null;,7,
com/fasterxml/jackson/dataformat/xml/deser/XmlTextDeserializer.java,94,NullifyReturnValue,return bean;,return null;,8,
com/fasterxml/jackson/dataformat/xml/deser/XmlTextDeserializer.java,78,NullifyReturnValue,"return new XmlTextDeserializer(_verifyDeserType(_delegatee), _xmlTextPropertyIndex);",return null;,9,
com/fasterxml/jackson/dataformat/xml/deser/XmlTokenStream.java,839,RelationalOperatorReplacement,if (str.charAt(i) > ' ') {,if (str.charAt(i) <= ' ') {,1,
com/fasterxml/jackson/dataformat/xml/deser/XmlTokenStream.java,770,RelationalOperatorReplacement,if (type == REPLAY_END) {,if (type != REPLAY_END) {,10,
com/fasterxml/jackson/dataformat/xml/deser/XmlTokenStream.java,718,RemoveMethod,"protected void _decodeElementName(String namespaceURI, String localName) {","protected void _decodeElementName(String namespaceURI, String localName) {",100,
com/fasterxml/jackson/dataformat/xml/deser/XmlTokenStream.java,692,RemoveMethod,private final void _checkXsiAttributes() {,private final void _checkXsiAttributes() {,101,
com/fasterxml/jackson/dataformat/xml/deser/XmlTokenStream.java,658,RemoveMethod,{,{,102,
com/fasterxml/jackson/dataformat/xml/deser/XmlTokenStream.java,658,RemoveMethod,{,{,103,
com/fasterxml/jackson/dataformat/xml/deser/XmlTokenStream.java,639,RemoveMethod,{,{,104,
com/fasterxml/jackson/dataformat/xml/deser/XmlTokenStream.java,639,RemoveMethod,{,{,105,
com/fasterxml/jackson/dataformat/xml/deser/XmlTokenStream.java,605,RemoveMethod,{,{,106,
com/fasterxml/jackson/dataformat/xml/deser/XmlTokenStream.java,605,RemoveMethod,{,{,107,
com/fasterxml/jackson/dataformat/xml/deser/XmlTokenStream.java,555,RemoveMethod,{,{,108,
com/fasterxml/jackson/dataformat/xml/deser/XmlTokenStream.java,555,RemoveMethod,{,{,109,
com/fasterxml/jackson/dataformat/xml/deser/XmlTokenStream.java,764,RelationalOperatorReplacement,if (type == REPLAY_START_DUP) {,if (type != REPLAY_START_DUP) {,11,
com/fasterxml/jackson/dataformat/xml/deser/XmlTokenStream.java,450,RemoveMethod,{,{,110,
com/fasterxml/jackson/dataformat/xml/deser/XmlTokenStream.java,450,RemoveMethod,{,{,111,
com/fasterxml/jackson/dataformat/xml/deser/XmlTokenStream.java,416,RemoveMethod,{,{,112,
com/fasterxml/jackson/dataformat/xml/deser/XmlTokenStream.java,405,RemoveMethod,{,{,113,
com/fasterxml/jackson/dataformat/xml/deser/XmlTokenStream.java,377,RemoveMethod,{,{,114,
com/fasterxml/jackson/dataformat/xml/deser/XmlTokenStream.java,362,RemoveMethod,public JsonLocation getTokenLocation() {,public JsonLocation getTokenLocation() {,115,
com/fasterxml/jackson/dataformat/xml/deser/XmlTokenStream.java,358,RemoveMethod,public JsonLocation getCurrentLocation() {,public JsonLocation getCurrentLocation() {,116,
com/fasterxml/jackson/dataformat/xml/deser/XmlTokenStream.java,354,RemoveMethod,public void close() throws XMLStreamException {,public void close() throws XMLStreamException {,117,
com/fasterxml/jackson/dataformat/xml/deser/XmlTokenStream.java,350,RemoveMethod,public void closeCompletely() throws XMLStreamException {,public void closeCompletely() throws XMLStreamException {,118,
com/fasterxml/jackson/dataformat/xml/deser/XmlTokenStream.java,340,RemoveMethod,public boolean hasXsiNil() {,public boolean hasXsiNil() {,119,
com/fasterxml/jackson/dataformat/xml/deser/XmlTokenStream.java,697,RelationalOperatorReplacement,if (count >= 1) {,if (count < 1) {,12,
com/fasterxml/jackson/dataformat/xml/deser/XmlTokenStream.java,340,RemoveMethod,public boolean hasXsiNil() {,public boolean hasXsiNil() {,120,
com/fasterxml/jackson/dataformat/xml/deser/XmlTokenStream.java,338,RemoveMethod,public String getNamespaceURI() { return _namespaceURI; },public String getNamespaceURI() {,121,
com/fasterxml/jackson/dataformat/xml/deser/XmlTokenStream.java,338,RemoveMethod,public String getNamespaceURI() { return _namespaceURI; },public String getNamespaceURI() {,122,
com/fasterxml/jackson/dataformat/xml/deser/XmlTokenStream.java,336,RemoveMethod,public String getLocalName() { return _localName; },public String getLocalName() {,123,
com/fasterxml/jackson/dataformat/xml/deser/XmlTokenStream.java,336,RemoveMethod,public String getLocalName() { return _localName; },public String getLocalName() {,124,
com/fasterxml/jackson/dataformat/xml/deser/XmlTokenStream.java,328,RemoveMethod,public String getText() { return _textValue; },public String getText() {,125,
com/fasterxml/jackson/dataformat/xml/deser/XmlTokenStream.java,328,RemoveMethod,public String getText() { return _textValue; },public String getText() {,126,
com/fasterxml/jackson/dataformat/xml/deser/XmlTokenStream.java,326,RemoveMethod,public int getCurrentToken() { return _currentState; },public int getCurrentToken() {,127,
com/fasterxml/jackson/dataformat/xml/deser/XmlTokenStream.java,326,RemoveMethod,public int getCurrentToken() { return _currentState; },public int getCurrentToken() {,128,
com/fasterxml/jackson/dataformat/xml/deser/XmlTokenStream.java,317,RemoveMethod,{,{,129,
com/fasterxml/jackson/dataformat/xml/deser/XmlTokenStream.java,668,RelationalOperatorReplacement,if (_currentWrapper != null) {,if (_currentWrapper == null) {,13,
com/fasterxml/jackson/dataformat/xml/deser/XmlTokenStream.java,305,RemoveMethod,{,{,130,
com/fasterxml/jackson/dataformat/xml/deser/XmlTokenStream.java,305,RemoveMethod,{,{,131,
com/fasterxml/jackson/dataformat/xml/deser/XmlTokenStream.java,251,RemoveMethod,protected void setFormatFeatures(int f) {,protected void setFormatFeatures(int f) {,132,
com/fasterxml/jackson/dataformat/xml/deser/XmlTokenStream.java,244,RemoveMethod,public XMLStreamReader2 getXmlReader() {,public XMLStreamReader2 getXmlReader() {,133,
com/fasterxml/jackson/dataformat/xml/deser/XmlTokenStream.java,187,RemoveMethod,{,{,134,
com/fasterxml/jackson/dataformat/xml/deser/XmlTokenStream.java,187,RemoveMethod,{,{,135,
com/fasterxml/jackson/dataformat/xml/deser/XmlTokenStream.java,838,ArithmeticOperatorReplacementShortcut,for (int i = 0; i < len; ++i) {,for (int i = 0; i < len; --i) {,136,
com/fasterxml/jackson/dataformat/xml/deser/XmlTokenStream.java,454,ArithmeticOperatorReplacementShortcut,++_nextAttributeIndex;,--_nextAttributeIndex;,137,
com/fasterxml/jackson/dataformat/xml/deser/XmlTokenStream.java,826,ArithmeticOperatorReplacementUnary,"return new JsonLocation(_sourceReference, -1, -1, -1);","return new JsonLocation(_sourceReference, -1, -1, +1);",138,
com/fasterxml/jackson/dataformat/xml/deser/XmlTokenStream.java,826,ArithmeticOperatorReplacementUnary,"return new JsonLocation(_sourceReference, -1, -1, -1);","return new JsonLocation(_sourceReference, -1, +1, -1);",139,
com/fasterxml/jackson/dataformat/xml/deser/XmlTokenStream.java,621,RelationalOperatorReplacement,if (chars == null) {,if (chars != null) {,14,
com/fasterxml/jackson/dataformat/xml/deser/XmlTokenStream.java,826,ArithmeticOperatorReplacementUnary,"return new JsonLocation(_sourceReference, -1, -1, -1);","return new JsonLocation(_sourceReference, +1, -1, -1);",140,
com/fasterxml/jackson/dataformat/xml/deser/XmlTokenStream.java,614,RelationalOperatorReplacement,"_textValue = (chars == null) ? """" : chars.toString();","_textValue = (chars != null) ? """" : chars.toString();",15,
com/fasterxml/jackson/dataformat/xml/deser/XmlTokenStream.java,596,RelationalOperatorReplacement,"return (chars == null) ? """" : chars.toString();","return (chars != null) ? """" : chars.toString();",16,
com/fasterxml/jackson/dataformat/xml/deser/XmlTokenStream.java,582,RelationalOperatorReplacement,if (chars == null) {,if (chars != null) {,17,
com/fasterxml/jackson/dataformat/xml/deser/XmlTokenStream.java,489,RelationalOperatorReplacement,if (text != null) {,if (text == null) {,18,
com/fasterxml/jackson/dataformat/xml/deser/XmlTokenStream.java,475,RelationalOperatorReplacement,final boolean startElementNext = _xmlReader.getEventType() == XMLStreamReader.START_ELEMENT;,final boolean startElementNext = _xmlReader.getEventType() != XMLStreamReader.START_ELEMENT;,19,
com/fasterxml/jackson/dataformat/xml/deser/XmlTokenStream.java,838,RelationalOperatorReplacement,for (int i = 0; i < len; ++i) {,for (int i = 0; i >= len; ++i) {,2,
com/fasterxml/jackson/dataformat/xml/deser/XmlTokenStream.java,465,RelationalOperatorReplacement,if (_nextAttributeIndex < _attributeCount) {,if (_nextAttributeIndex >= _attributeCount) {,20,
com/fasterxml/jackson/dataformat/xml/deser/XmlTokenStream.java,389,RelationalOperatorReplacement,if (_currentWrapper == null) {,if (_currentWrapper != null) {,21,
com/fasterxml/jackson/dataformat/xml/deser/XmlTokenStream.java,383,RelationalOperatorReplacement,if (_currentState == XML_END_ELEMENT) {,if (_currentState != XML_END_ELEMENT) {,22,
com/fasterxml/jackson/dataformat/xml/deser/XmlTokenStream.java,380,RelationalOperatorReplacement,if (_currentState != XML_START_ELEMENT) {,if (_currentState == XML_START_ELEMENT) {,23,
com/fasterxml/jackson/dataformat/xml/deser/XmlTokenStream.java,319,RelationalOperatorReplacement,if (type != XML_END_ELEMENT) {,if (type == XML_END_ELEMENT) {,24,
com/fasterxml/jackson/dataformat/xml/deser/XmlTokenStream.java,310,RelationalOperatorReplacement,if (_repeatElement != 0) {,if (_repeatElement == 0) {,25,
com/fasterxml/jackson/dataformat/xml/deser/XmlTokenStream.java,204,RelationalOperatorReplacement,&& _attributeCount < 1) {,&& _attributeCount >= 1) {,26,
com/fasterxml/jackson/dataformat/xml/deser/XmlTokenStream.java,189,RelationalOperatorReplacement,if (_xmlReader.getEventType() != XMLStreamConstants.START_ELEMENT) {,if (_xmlReader.getEventType() == XMLStreamConstants.START_ELEMENT) {,27,
com/fasterxml/jackson/dataformat/xml/deser/XmlTokenStream.java,870,NullifyReturnValue,"return ""N/A (""+_currentState+"")"";",return null;,28,
com/fasterxml/jackson/dataformat/xml/deser/XmlTokenStream.java,868,NullifyReturnValue,"return ""XML_END"";",return null;,29,
com/fasterxml/jackson/dataformat/xml/deser/XmlTokenStream.java,837,RelationalOperatorReplacement,if (len > 0) {,if (len <= 0) {,3,
com/fasterxml/jackson/dataformat/xml/deser/XmlTokenStream.java,866,NullifyReturnValue,"return ""XML_ROOT_TEXT"";",return null;,30,
com/fasterxml/jackson/dataformat/xml/deser/XmlTokenStream.java,862,NullifyReturnValue,"return ""XML_TEXT"";",return null;,31,
com/fasterxml/jackson/dataformat/xml/deser/XmlTokenStream.java,860,NullifyReturnValue,"return ""XML_ATTRIBUTE_VALUE"";",return null;,32,
com/fasterxml/jackson/dataformat/xml/deser/XmlTokenStream.java,858,NullifyReturnValue,"return ""XML_ATTRIBUTE_NAME"";",return null;,33,
com/fasterxml/jackson/dataformat/xml/deser/XmlTokenStream.java,856,NullifyReturnValue,"return ""XML_END_ELEMENT"";",return null;,34,
com/fasterxml/jackson/dataformat/xml/deser/XmlTokenStream.java,854,NullifyReturnValue,"return ""XML_START_ELEMENT"";",return null;,35,
com/fasterxml/jackson/dataformat/xml/deser/XmlTokenStream.java,848,NullifyReturnValue,return _stateDesc(_currentState);,return null;,36,
com/fasterxml/jackson/dataformat/xml/deser/XmlTokenStream.java,828,NullifyReturnValue,"return new JsonLocation(_sourceReference,",return null;,37,
com/fasterxml/jackson/dataformat/xml/deser/XmlTokenStream.java,826,NullifyReturnValue,"return new JsonLocation(_sourceReference, -1, -1, -1);",return null;,38,
com/fasterxml/jackson/dataformat/xml/deser/XmlTokenStream.java,641,NullifyReturnValue,return r.getText();,return null;,39,
com/fasterxml/jackson/dataformat/xml/deser/XmlTokenStream.java,836,RelationalOperatorReplacement,final int len = (str == null) ? 0 : str.length();,final int len = (str != null) ? 0 : str.length();,4,
com/fasterxml/jackson/dataformat/xml/deser/XmlTokenStream.java,596,NullifyReturnValue,"return (chars == null) ? """" : chars.toString();",return null;,40,
com/fasterxml/jackson/dataformat/xml/deser/XmlTokenStream.java,562,NullifyReturnValue,"return """";",return null;,41,
com/fasterxml/jackson/dataformat/xml/deser/XmlTokenStream.java,560,NullifyReturnValue,return null;,return null;,42,
com/fasterxml/jackson/dataformat/xml/deser/XmlTokenStream.java,363,NullifyReturnValue,return _extractLocation(_xmlReader.getLocationInfo().getStartLocation());,return null;,43,
com/fasterxml/jackson/dataformat/xml/deser/XmlTokenStream.java,359,NullifyReturnValue,return _extractLocation(_xmlReader.getLocationInfo().getCurrentLocation());,return null;,44,
com/fasterxml/jackson/dataformat/xml/deser/XmlTokenStream.java,338,NullifyReturnValue,public String getNamespaceURI() { return _namespaceURI; },public String getNamespaceURI() { return null; },45,
com/fasterxml/jackson/dataformat/xml/deser/XmlTokenStream.java,336,NullifyReturnValue,public String getLocalName() { return _localName; },public String getLocalName() { return null; },46,
com/fasterxml/jackson/dataformat/xml/deser/XmlTokenStream.java,328,NullifyReturnValue,public String getText() { return _textValue; },public String getText() { return null; },47,
com/fasterxml/jackson/dataformat/xml/deser/XmlTokenStream.java,245,NullifyReturnValue,return _xmlReader;,return null;,48,
com/fasterxml/jackson/dataformat/xml/deser/XmlTokenStream.java,836,RemoveNullCheck,final int len = (str == null) ? 0 : str.length();,final int len = (false) ? 0 : str.length();,49,
com/fasterxml/jackson/dataformat/xml/deser/XmlTokenStream.java,825,RelationalOperatorReplacement,if (location == null) { // just for impls that might pass null...,if (location != null) { // just for impls that might pass null...,5,
com/fasterxml/jackson/dataformat/xml/deser/XmlTokenStream.java,825,RemoveNullCheck,if (location == null) { // just for impls that might pass null...,if (false) { // just for impls that might pass null...,50,
com/fasterxml/jackson/dataformat/xml/deser/XmlTokenStream.java,796,RemoveNullCheck,if (_currentWrapper != null) {,if (true) {,51,
com/fasterxml/jackson/dataformat/xml/deser/XmlTokenStream.java,779,RemoveNullCheck,if (_currentWrapper != null) {,if (true) {,52,
com/fasterxml/jackson/dataformat/xml/deser/XmlTokenStream.java,773,RemoveNullCheck,if (_currentWrapper != null) {,if (true) {,53,
com/fasterxml/jackson/dataformat/xml/deser/XmlTokenStream.java,668,RemoveNullCheck,if (_currentWrapper != null) {,if (true) {,54,
com/fasterxml/jackson/dataformat/xml/deser/XmlTokenStream.java,621,RemoveNullCheck,if (chars == null) {,if (false) {,55,
com/fasterxml/jackson/dataformat/xml/deser/XmlTokenStream.java,614,RemoveNullCheck,"_textValue = (chars == null) ? """" : chars.toString();","_textValue = (false) ? """" : chars.toString();",56,
com/fasterxml/jackson/dataformat/xml/deser/XmlTokenStream.java,596,RemoveNullCheck,"return (chars == null) ? """" : chars.toString();","return (false) ? """" : chars.toString();",57,
com/fasterxml/jackson/dataformat/xml/deser/XmlTokenStream.java,582,RemoveNullCheck,if (chars == null) {,if (false) {,58,
com/fasterxml/jackson/dataformat/xml/deser/XmlTokenStream.java,489,RemoveNullCheck,if (text != null) {,if (true) {,59,
com/fasterxml/jackson/dataformat/xml/deser/XmlTokenStream.java,796,RelationalOperatorReplacement,if (_currentWrapper != null) {,if (_currentWrapper == null) {,6,
com/fasterxml/jackson/dataformat/xml/deser/XmlTokenStream.java,389,RemoveNullCheck,if (_currentWrapper == null) {,if (false) {,60,
com/fasterxml/jackson/dataformat/xml/deser/XmlTokenStream.java,540,ConditionalOperatorDeletion,if (!_allWs(_textValue)) {,if ( _allWs(_textValue)) {,61,
com/fasterxml/jackson/dataformat/xml/deser/XmlTokenStream.java,533,ConditionalOperatorDeletion,if (!_allWs(_textValue)) {,if ( _allWs(_textValue)) {,62,
com/fasterxml/jackson/dataformat/xml/deser/XmlTokenStream.java,203,ConditionalOperatorDeletion,&& !_xsiNilFound,&& _xsiNilFound,63,
com/fasterxml/jackson/dataformat/xml/deser/XmlTokenStream.java,741,ConditionalOperatorReplacement,"if (localName.equals(""type"") && XSI_NAMESPACE.equals(namespaceURI)) {","if (localName.equals(""type"") || XSI_NAMESPACE.equals(namespaceURI)) {",64,
com/fasterxml/jackson/dataformat/xml/deser/XmlTokenStream.java,722,ConditionalOperatorReplacement,"if (localName.equals(""type"") && XSI_NAMESPACE.equals(namespaceURI)) {","if (localName.equals(""type"") || XSI_NAMESPACE.equals(namespaceURI)) {",65,
com/fasterxml/jackson/dataformat/xml/deser/XmlTokenStream.java,699,ConditionalOperatorReplacement,if (_cfgProcessXsiNil,if (_cfgProcessXsiNil,66,
com/fasterxml/jackson/dataformat/xml/deser/XmlTokenStream.java,201,ConditionalOperatorReplacement,if (_xmlReader.isEmptyElement(),if (_xmlReader.isEmptyElement(),67,
com/fasterxml/jackson/dataformat/xml/deser/XmlTokenStream.java,201,ConditionalOperatorReplacement,if (_xmlReader.isEmptyElement(),if (_xmlReader.isEmptyElement(),68,
com/fasterxml/jackson/dataformat/xml/deser/XmlTokenStream.java,201,ConditionalOperatorReplacement,if (_xmlReader.isEmptyElement(),if (_xmlReader.isEmptyElement(),69,
com/fasterxml/jackson/dataformat/xml/deser/XmlTokenStream.java,779,RelationalOperatorReplacement,if (_currentWrapper != null) {,if (_currentWrapper == null) {,7,
com/fasterxml/jackson/dataformat/xml/deser/XmlTokenStream.java,835,NullifyInputVariable,{,{ str = null;,70,
com/fasterxml/jackson/dataformat/xml/deser/XmlTokenStream.java,824,NullifyInputVariable,{,{ location = null;,71,
com/fasterxml/jackson/dataformat/xml/deser/XmlTokenStream.java,738,NullifyInputVariable,"protected void _decodeAttributeName(String namespaceURI, String localName) {","protected void _decodeAttributeName(String namespaceURI, String localName) { localName = null;",72,
com/fasterxml/jackson/dataformat/xml/deser/XmlTokenStream.java,738,NullifyInputVariable,"protected void _decodeAttributeName(String namespaceURI, String localName) {","protected void _decodeAttributeName(String namespaceURI, String localName) { namespaceURI = null;",73,
com/fasterxml/jackson/dataformat/xml/deser/XmlTokenStream.java,718,NullifyInputVariable,"protected void _decodeElementName(String namespaceURI, String localName) {","protected void _decodeElementName(String namespaceURI, String localName) { localName = null;",74,
com/fasterxml/jackson/dataformat/xml/deser/XmlTokenStream.java,718,NullifyInputVariable,"protected void _decodeElementName(String namespaceURI, String localName) {","protected void _decodeElementName(String namespaceURI, String localName) { namespaceURI = null;",75,
com/fasterxml/jackson/dataformat/xml/deser/XmlTokenStream.java,639,NullifyInputVariable,{,{ r = null;,76,
com/fasterxml/jackson/dataformat/xml/deser/XmlTokenStream.java,828,NullifyObjectInitialization,"return new JsonLocation(_sourceReference,",return null;,77,
com/fasterxml/jackson/dataformat/xml/deser/XmlTokenStream.java,826,NullifyObjectInitialization,"return new JsonLocation(_sourceReference, -1, -1, -1);",return null;,78,
com/fasterxml/jackson/dataformat/xml/deser/XmlTokenStream.java,790,NullifyObjectInitialization,"throw new IllegalStateException(""Unrecognized type to repeat: ""+type);",throw null;,79,
com/fasterxml/jackson/dataformat/xml/deser/XmlTokenStream.java,778,RelationalOperatorReplacement,if (type == REPLAY_START_DELAYED) {,if (type != REPLAY_START_DELAYED) {,8,
com/fasterxml/jackson/dataformat/xml/deser/XmlTokenStream.java,635,NullifyObjectInitialization,"throw new IllegalStateException(""Expected to find a tag, instead reached end of input"");",throw null;,80,
com/fasterxml/jackson/dataformat/xml/deser/XmlTokenStream.java,625,NullifyObjectInitialization,chars = new StringBuilder(chars);,chars = null;,81,
com/fasterxml/jackson/dataformat/xml/deser/XmlTokenStream.java,586,NullifyObjectInitialization,chars = new StringBuilder(chars);,chars = null;,82,
com/fasterxml/jackson/dataformat/xml/deser/XmlTokenStream.java,438,NullifyObjectInitialization,throw new IllegalStateException(,throw null;,83,
com/fasterxml/jackson/dataformat/xml/deser/XmlTokenStream.java,386,NullifyObjectInitialization,"throw new IllegalStateException(""Current state not XML_START_ELEMENT but ""+_currentStateDesc());",throw null;,84,
com/fasterxml/jackson/dataformat/xml/deser/XmlTokenStream.java,320,NullifyObjectInitialization,throw new IOException(String.format(,throw null;,85,
com/fasterxml/jackson/dataformat/xml/deser/XmlTokenStream.java,190,NullifyObjectInitialization,"throw new IllegalArgumentException(""Invalid XMLStreamReader passed: should be pointing to START_ELEMENT (""",throw null;,86,
com/fasterxml/jackson/dataformat/xml/deser/XmlTokenStream.java,137,NullifyObjectInitialization,protected XmlNameProcessor.XmlName _nameToDecode = new XmlNameProcessor.XmlName();,protected XmlNameProcessor.XmlName _nameToDecode = null;,87,
com/fasterxml/jackson/dataformat/xml/deser/XmlTokenStream.java,851,RemoveMethod,protected String _stateDesc(int state) {,protected String _stateDesc(int state) {,88,
com/fasterxml/jackson/dataformat/xml/deser/XmlTokenStream.java,851,RemoveMethod,protected String _stateDesc(int state) {,protected String _stateDesc(int state) {,89,
com/fasterxml/jackson/dataformat/xml/deser/XmlTokenStream.java,773,RelationalOperatorReplacement,if (_currentWrapper != null) {,if (_currentWrapper == null) {,9,
com/fasterxml/jackson/dataformat/xml/deser/XmlTokenStream.java,847,RemoveMethod,protected String _currentStateDesc() {,protected String _currentStateDesc() {,90,
com/fasterxml/jackson/dataformat/xml/deser/XmlTokenStream.java,847,RemoveMethod,protected String _currentStateDesc() {,protected String _currentStateDesc() {,91,
com/fasterxml/jackson/dataformat/xml/deser/XmlTokenStream.java,835,RemoveMethod,{,{,92,
com/fasterxml/jackson/dataformat/xml/deser/XmlTokenStream.java,835,RemoveMethod,{,{,93,
com/fasterxml/jackson/dataformat/xml/deser/XmlTokenStream.java,824,RemoveMethod,{,{,94,
com/fasterxml/jackson/dataformat/xml/deser/XmlTokenStream.java,794,RemoveMethod,{,{,95,
com/fasterxml/jackson/dataformat/xml/deser/XmlTokenStream.java,794,RemoveMethod,{,{,96,
com/fasterxml/jackson/dataformat/xml/deser/XmlTokenStream.java,759,RemoveMethod,{,{,97,
com/fasterxml/jackson/dataformat/xml/deser/XmlTokenStream.java,759,RemoveMethod,{,{,98,
com/fasterxml/jackson/dataformat/xml/deser/XmlTokenStream.java,738,RemoveMethod,"protected void _decodeAttributeName(String namespaceURI, String localName) {","protected void _decodeAttributeName(String namespaceURI, String localName) {",99,
com/fasterxml/jackson/dataformat/xml/jaxb/XmlJaxbAnnotationIntrospector.java,60,NullifyReturnValue,return null;,return null;,1,
com/fasterxml/jackson/dataformat/xml/jaxb/XmlJaxbAnnotationIntrospector.java,49,NullifyInputVariable,"public Boolean isOutputAsAttribute(MapperConfig<?> config, Annotated ann) {","public Boolean isOutputAsAttribute(MapperConfig<?> config, Annotated ann) { config = null;",10,
com/fasterxml/jackson/dataformat/xml/jaxb/XmlJaxbAnnotationIntrospector.java,44,NullifyInputVariable,"public String findNamespace(MapperConfig<?> config, Annotated ann) {","public String findNamespace(MapperConfig<?> config, Annotated ann) { ann = null;",11,
com/fasterxml/jackson/dataformat/xml/jaxb/XmlJaxbAnnotationIntrospector.java,44,NullifyInputVariable,"public String findNamespace(MapperConfig<?> config, Annotated ann) {","public String findNamespace(MapperConfig<?> config, Annotated ann) { config = null;",12,
com/fasterxml/jackson/dataformat/xml/jaxb/XmlJaxbAnnotationIntrospector.java,59,RemoveMethod,"public Boolean isOutputAsCData(MapperConfig<?> config, Annotated ann) {","public Boolean isOutputAsCData(MapperConfig<?> config, Annotated ann) {",13,
com/fasterxml/jackson/dataformat/xml/jaxb/XmlJaxbAnnotationIntrospector.java,54,RemoveMethod,"public Boolean isOutputAsText(MapperConfig<?> config, Annotated ann) {","public Boolean isOutputAsText(MapperConfig<?> config, Annotated ann) {",14,
com/fasterxml/jackson/dataformat/xml/jaxb/XmlJaxbAnnotationIntrospector.java,49,RemoveMethod,"public Boolean isOutputAsAttribute(MapperConfig<?> config, Annotated ann) {","public Boolean isOutputAsAttribute(MapperConfig<?> config, Annotated ann) {",15,
com/fasterxml/jackson/dataformat/xml/jaxb/XmlJaxbAnnotationIntrospector.java,44,RemoveMethod,"public String findNamespace(MapperConfig<?> config, Annotated ann) {","public String findNamespace(MapperConfig<?> config, Annotated ann) {",16,
com/fasterxml/jackson/dataformat/xml/jaxb/XmlJaxbAnnotationIntrospector.java,44,RemoveMethod,"public String findNamespace(MapperConfig<?> config, Annotated ann) {","public String findNamespace(MapperConfig<?> config, Annotated ann) {",17,
com/fasterxml/jackson/dataformat/xml/jaxb/XmlJaxbAnnotationIntrospector.java,55,NullifyReturnValue,return null;,return null;,2,
com/fasterxml/jackson/dataformat/xml/jaxb/XmlJaxbAnnotationIntrospector.java,50,NullifyReturnValue,return null;,return null;,3,
com/fasterxml/jackson/dataformat/xml/jaxb/XmlJaxbAnnotationIntrospector.java,45,NullifyReturnValue,return null;,return null;,4,
com/fasterxml/jackson/dataformat/xml/jaxb/XmlJaxbAnnotationIntrospector.java,59,NullifyInputVariable,"public Boolean isOutputAsCData(MapperConfig<?> config, Annotated ann) {","public Boolean isOutputAsCData(MapperConfig<?> config, Annotated ann) { ann = null;",5,
com/fasterxml/jackson/dataformat/xml/jaxb/XmlJaxbAnnotationIntrospector.java,59,NullifyInputVariable,"public Boolean isOutputAsCData(MapperConfig<?> config, Annotated ann) {","public Boolean isOutputAsCData(MapperConfig<?> config, Annotated ann) { config = null;",6,
com/fasterxml/jackson/dataformat/xml/jaxb/XmlJaxbAnnotationIntrospector.java,54,NullifyInputVariable,"public Boolean isOutputAsText(MapperConfig<?> config, Annotated ann) {","public Boolean isOutputAsText(MapperConfig<?> config, Annotated ann) { ann = null;",7,
com/fasterxml/jackson/dataformat/xml/jaxb/XmlJaxbAnnotationIntrospector.java,54,NullifyInputVariable,"public Boolean isOutputAsText(MapperConfig<?> config, Annotated ann) {","public Boolean isOutputAsText(MapperConfig<?> config, Annotated ann) { config = null;",8,
com/fasterxml/jackson/dataformat/xml/jaxb/XmlJaxbAnnotationIntrospector.java,49,NullifyInputVariable,"public Boolean isOutputAsAttribute(MapperConfig<?> config, Annotated ann) {","public Boolean isOutputAsAttribute(MapperConfig<?> config, Annotated ann) { ann = null;",9,
com/fasterxml/jackson/dataformat/xml/ser/ToXmlGenerator.java,393,LogicalOperatorReplacement,return (_formatFeatures & f.getMask()) != 0;,return (_formatFeatures | f.getMask()) != 0;,1,
com/fasterxml/jackson/dataformat/xml/ser/ToXmlGenerator.java,1298,RelationalOperatorReplacement,if (_xmlPrettyPrinter != null) {,if (_xmlPrettyPrinter == null) {,10,
com/fasterxml/jackson/dataformat/xml/ser/ToXmlGenerator.java,965,RemoveNullCheck,if (_xmlPrettyPrinter != null) {,if (true) {,100,
com/fasterxml/jackson/dataformat/xml/ser/ToXmlGenerator.java,951,RemoveNullCheck,if (_nextName == null) {,if (false) {,101,
com/fasterxml/jackson/dataformat/xml/ser/ToXmlGenerator.java,946,RemoveNullCheck,if (data == null) {,if (false) {,102,
com/fasterxml/jackson/dataformat/xml/ser/ToXmlGenerator.java,865,RemoveNullCheck,if (_nextName == null) {,if (false) {,103,
com/fasterxml/jackson/dataformat/xml/ser/ToXmlGenerator.java,840,RemoveNullCheck,if (_nextName == null) {,if (false) {,104,
com/fasterxml/jackson/dataformat/xml/ser/ToXmlGenerator.java,814,RemoveNullCheck,if (_nextName == null) {,if (false) {,105,
com/fasterxml/jackson/dataformat/xml/ser/ToXmlGenerator.java,763,RemoveNullCheck,} else if (_xmlPrettyPrinter != null) {,} else if (true) {,106,
com/fasterxml/jackson/dataformat/xml/ser/ToXmlGenerator.java,750,RemoveNullCheck,if (_nextName == null) {,if (false) {,107,
com/fasterxml/jackson/dataformat/xml/ser/ToXmlGenerator.java,728,RemoveNullCheck,} else if (_xmlPrettyPrinter != null) {,} else if (true) {,108,
com/fasterxml/jackson/dataformat/xml/ser/ToXmlGenerator.java,713,RemoveNullCheck,if (_nextName == null) {,if (false) {,109,
com/fasterxml/jackson/dataformat/xml/ser/ToXmlGenerator.java,1279,RelationalOperatorReplacement,if (_nextName == null) {,if (_nextName != null) {,11,
com/fasterxml/jackson/dataformat/xml/ser/ToXmlGenerator.java,708,RemoveNullCheck,if (text == null) { // [dataformat-xml#413],if (false) { // [dataformat-xml#413],110,
com/fasterxml/jackson/dataformat/xml/ser/ToXmlGenerator.java,688,RemoveNullCheck,if (_elementNameStack.isEmpty() && (_xmlPrettyPrinter != null)) {,if (_elementNameStack.isEmpty() && (true)) {,111,
com/fasterxml/jackson/dataformat/xml/ser/ToXmlGenerator.java,663,RemoveNullCheck,if (_nextName == null) {,if (false) {,112,
com/fasterxml/jackson/dataformat/xml/ser/ToXmlGenerator.java,651,RemoveNullCheck,if (_cfgPrettyPrinter != null) {,if (true) {,113,
com/fasterxml/jackson/dataformat/xml/ser/ToXmlGenerator.java,637,RemoveNullCheck,if (_cfgPrettyPrinter != null) {,if (true) {,114,
com/fasterxml/jackson/dataformat/xml/ser/ToXmlGenerator.java,623,RemoveNullCheck,if (_cfgPrettyPrinter != null) {,if (true) {,115,
com/fasterxml/jackson/dataformat/xml/ser/ToXmlGenerator.java,610,RemoveNullCheck,if (_cfgPrettyPrinter != null) {,if (true) {,116,
com/fasterxml/jackson/dataformat/xml/ser/ToXmlGenerator.java,562,RemoveNullCheck,"ns = (_nextName == null) ? """" : _nextName.getNamespaceURI();","ns = (false) ? """" : _nextName.getNamespaceURI();",117,
com/fasterxml/jackson/dataformat/xml/ser/ToXmlGenerator.java,512,RemoveNullCheck,if (_xmlPrettyPrinter != null) {,if (true) {,118,
com/fasterxml/jackson/dataformat/xml/ser/ToXmlGenerator.java,510,RemoveNullCheck,if (wrapperName != null) {,if (true) {,119,
com/fasterxml/jackson/dataformat/xml/ser/ToXmlGenerator.java,1274,RelationalOperatorReplacement,if (dec == null) {,if (dec != null) {,12,
com/fasterxml/jackson/dataformat/xml/ser/ToXmlGenerator.java,491,RemoveNullCheck,if (_xmlPrettyPrinter != null) {,if (true) {,120,
com/fasterxml/jackson/dataformat/xml/ser/ToXmlGenerator.java,489,RemoveNullCheck,if (wrapperName != null) {,if (true) {,121,
com/fasterxml/jackson/dataformat/xml/ser/ToXmlGenerator.java,472,RemoveNullCheck,if (_nextName == null) {,if (false) {,122,
com/fasterxml/jackson/dataformat/xml/ser/ToXmlGenerator.java,305,RemoveNullCheck,if (xmlDeclWritten && (_xmlPrettyPrinter != null)) {,if (xmlDeclWritten && (true)) {,123,
com/fasterxml/jackson/dataformat/xml/ser/ToXmlGenerator.java,162,ShiftOperatorReplacement,_mask = (1 << ordinal());,_mask = (1 >> ordinal());,124,
com/fasterxml/jackson/dataformat/xml/ser/ToXmlGenerator.java,1398,ConditionalOperatorDeletion,if (!isClosed()) {,if ( isClosed()) {,125,
com/fasterxml/jackson/dataformat/xml/ser/ToXmlGenerator.java,690,ConditionalOperatorDeletion,if (!_stax2Emulation) {,if ( _stax2Emulation) {,126,
com/fasterxml/jackson/dataformat/xml/ser/ToXmlGenerator.java,647,ConditionalOperatorDeletion,if (!_writeContext.inObject()) {,if ( _writeContext.inObject()) {,127,
com/fasterxml/jackson/dataformat/xml/ser/ToXmlGenerator.java,620,ConditionalOperatorDeletion,if (!_writeContext.inArray()) {,if ( _writeContext.inArray()) {,128,
com/fasterxml/jackson/dataformat/xml/ser/ToXmlGenerator.java,307,ConditionalOperatorDeletion,if (!_stax2Emulation) {,if ( _stax2Emulation) {,129,
com/fasterxml/jackson/dataformat/xml/ser/ToXmlGenerator.java,1256,RelationalOperatorReplacement,if (_xmlPrettyPrinter != null) {,if (_xmlPrettyPrinter == null) {,13,
com/fasterxml/jackson/dataformat/xml/ser/ToXmlGenerator.java,1068,AssignmentOperatorReplacementShortcut,offset += count;,offset -= count;,130,
com/fasterxml/jackson/dataformat/xml/ser/ToXmlGenerator.java,1029,AssignmentOperatorReplacementShortcut,len -= read;,len += read;,131,
com/fasterxml/jackson/dataformat/xml/ser/ToXmlGenerator.java,1028,AssignmentOperatorReplacementShortcut,offset += read;,offset -= read;,132,
com/fasterxml/jackson/dataformat/xml/ser/ToXmlGenerator.java,388,AssignmentOperatorReplacementShortcut,_formatFeatures &= ~f.getMask();,_formatFeatures |= ~f.getMask();,133,
com/fasterxml/jackson/dataformat/xml/ser/ToXmlGenerator.java,383,AssignmentOperatorReplacementShortcut,_formatFeatures |= f.getMask();,_formatFeatures ^= f.getMask();,134,
com/fasterxml/jackson/dataformat/xml/ser/ToXmlGenerator.java,154,AssignmentOperatorReplacementShortcut,flags |= f.getMask();,flags ^= f.getMask();,135,
com/fasterxml/jackson/dataformat/xml/ser/ToXmlGenerator.java,1426,ConditionalOperatorReplacement,if (_ioContext.isResourceManaged() || isEnabled(JsonGenerator.Feature.AUTO_CLOSE_TARGET)) {,if (_ioContext.isResourceManaged() && isEnabled(JsonGenerator.Feature.AUTO_CLOSE_TARGET)) {,136,
com/fasterxml/jackson/dataformat/xml/ser/ToXmlGenerator.java,1241,ConditionalOperatorReplacement,if (Float.isInfinite(f) && isEnabled(Feature.WRITE_XML_SCHEMA_CONFORMING_FLOATS)) {,if (Float.isInfinite(f) || isEnabled(Feature.WRITE_XML_SCHEMA_CONFORMING_FLOATS)) {,137,
com/fasterxml/jackson/dataformat/xml/ser/ToXmlGenerator.java,1208,ConditionalOperatorReplacement,if (Double.isInfinite(d) && isEnabled(Feature.WRITE_XML_SCHEMA_CONFORMING_FLOATS)) {,if (Double.isInfinite(d) || isEnabled(Feature.WRITE_XML_SCHEMA_CONFORMING_FLOATS)) {,138,
com/fasterxml/jackson/dataformat/xml/ser/ToXmlGenerator.java,1126,ConditionalOperatorReplacement,if (asXsiNil && (_xmlPrettyPrinter instanceof DefaultXmlPrettyPrinter)) {,if (asXsiNil || (_xmlPrettyPrinter instanceof DefaultXmlPrettyPrinter)) {,139,
com/fasterxml/jackson/dataformat/xml/ser/ToXmlGenerator.java,1247,RelationalOperatorReplacement,if (_nextName == null) {,if (_nextName != null) {,14,
com/fasterxml/jackson/dataformat/xml/ser/ToXmlGenerator.java,1048,ConditionalOperatorReplacement,if (offset == 0 && len == data.length) {,if (offset == 0 || len == data.length) {,140,
com/fasterxml/jackson/dataformat/xml/ser/ToXmlGenerator.java,688,ConditionalOperatorReplacement,if (_elementNameStack.isEmpty() && (_xmlPrettyPrinter != null)) {,if (_elementNameStack.isEmpty() || (_xmlPrettyPrinter != null)) {,141,
com/fasterxml/jackson/dataformat/xml/ser/ToXmlGenerator.java,555,ConditionalOperatorReplacement,if (Feature.AUTO_DETECT_XSI_TYPE.enabledIn(_formatFeatures),if (Feature.AUTO_DETECT_XSI_TYPE.enabledIn(_formatFeatures),142,
com/fasterxml/jackson/dataformat/xml/ser/ToXmlGenerator.java,305,ConditionalOperatorReplacement,if (xmlDeclWritten && (_xmlPrettyPrinter != null)) {,if (xmlDeclWritten || (_xmlPrettyPrinter != null)) {,143,
com/fasterxml/jackson/dataformat/xml/ser/ToXmlGenerator.java,1066,ArithmeticOperatorReplacementBinary,"_reportError(""Too few bytes available: missing ""+(len - offset)+"" bytes (out of ""+len+"")"");","_reportError(""Too few bytes available: missing ""+(len + offset)+"" bytes (out of ""+len+"")"");",144,
com/fasterxml/jackson/dataformat/xml/ser/ToXmlGenerator.java,1064,ArithmeticOperatorReplacementBinary,"int count = data.read(result, offset, len - offset);","int count = data.read(result, offset, len + offset);",145,
com/fasterxml/jackson/dataformat/xml/ser/ToXmlGenerator.java,1027,ArithmeticOperatorReplacementBinary,"while((read = data.read(tmp, offset, Math.min(3 - offset, len))) != -1) {","while((read = data.read(tmp, offset, Math.min(3 + offset, len))) != -1) {",146,
com/fasterxml/jackson/dataformat/xml/ser/ToXmlGenerator.java,845,ArithmeticOperatorReplacementBinary,"_xmlWriter.writeAttribute(_nextName.getNamespaceURI(), _nextName.getLocalPart(), text.substring(offset, offset + len));","_xmlWriter.writeAttribute(_nextName.getNamespaceURI(), _nextName.getLocalPart(), text.substring(offset, offset - len));",147,
com/fasterxml/jackson/dataformat/xml/ser/ToXmlGenerator.java,1471,NullifyInputVariable,{,{ missingMethod = null;,148,
com/fasterxml/jackson/dataformat/xml/ser/ToXmlGenerator.java,1370,NullifyInputVariable,{,{ typeMsg = null;,149,
com/fasterxml/jackson/dataformat/xml/ser/ToXmlGenerator.java,1242,RelationalOperatorReplacement,"writeNumber(f > 0f ? ""INF"" : ""-INF"");","writeNumber(f <= 0f ? ""INF"" : ""-INF"");",15,
com/fasterxml/jackson/dataformat/xml/ser/ToXmlGenerator.java,1358,NullifyInputVariable,{,{ encodedValue = null;,150,
com/fasterxml/jackson/dataformat/xml/ser/ToXmlGenerator.java,1325,NullifyInputVariable,{,{ value = null;,151,
com/fasterxml/jackson/dataformat/xml/ser/ToXmlGenerator.java,1273,NullifyInputVariable,{,{ dec = null;,152,
com/fasterxml/jackson/dataformat/xml/ser/ToXmlGenerator.java,1059,NullifyInputVariable,{,{ data = null;,153,
com/fasterxml/jackson/dataformat/xml/ser/ToXmlGenerator.java,1022,NullifyInputVariable,{,{ data = null;,154,
com/fasterxml/jackson/dataformat/xml/ser/ToXmlGenerator.java,1022,NullifyInputVariable,{,{ stax2base64v = null;,155,
com/fasterxml/jackson/dataformat/xml/ser/ToXmlGenerator.java,982,NullifyInputVariable,{,{ data = null;,156,
com/fasterxml/jackson/dataformat/xml/ser/ToXmlGenerator.java,982,NullifyInputVariable,{,{ b64variant = null;,157,
com/fasterxml/jackson/dataformat/xml/ser/ToXmlGenerator.java,945,NullifyInputVariable,{,{ b64variant = null;,158,
com/fasterxml/jackson/dataformat/xml/ser/ToXmlGenerator.java,904,NullifyInputVariable,{,{ text = null;,159,
com/fasterxml/jackson/dataformat/xml/ser/ToXmlGenerator.java,1223,RelationalOperatorReplacement,if (_xmlPrettyPrinter != null) {,if (_xmlPrettyPrinter == null) {,16,
com/fasterxml/jackson/dataformat/xml/ser/ToXmlGenerator.java,890,NullifyInputVariable,{,{ text = null;,160,
com/fasterxml/jackson/dataformat/xml/ser/ToXmlGenerator.java,884,NullifyInputVariable,public void writeRawValue(SerializableString text) throws IOException {,public void writeRawValue(SerializableString text) throws IOException { text = null;,161,
com/fasterxml/jackson/dataformat/xml/ser/ToXmlGenerator.java,833,NullifyInputVariable,"public void writeRawValue(String text, int offset, int len) throws IOException {","public void writeRawValue(String text, int offset, int len) throws IOException { text = null;",162,
com/fasterxml/jackson/dataformat/xml/ser/ToXmlGenerator.java,807,NullifyInputVariable,public void writeRawValue(String text) throws IOException {,public void writeRawValue(String text) throws IOException { text = null;,163,
com/fasterxml/jackson/dataformat/xml/ser/ToXmlGenerator.java,782,NullifyInputVariable,public void writeString(SerializableString text) throws IOException {,public void writeString(SerializableString text) throws IOException { text = null;,164,
com/fasterxml/jackson/dataformat/xml/ser/ToXmlGenerator.java,707,NullifyInputVariable,{,{ text = null;,165,
com/fasterxml/jackson/dataformat/xml/ser/ToXmlGenerator.java,572,NullifyInputVariable,{,{ value = null;,166,
com/fasterxml/jackson/dataformat/xml/ser/ToXmlGenerator.java,572,NullifyInputVariable,{,{ fieldName = null;,167,
com/fasterxml/jackson/dataformat/xml/ser/ToXmlGenerator.java,548,NullifyInputVariable,{,{ name = null;,168,
com/fasterxml/jackson/dataformat/xml/ser/ToXmlGenerator.java,542,NullifyInputVariable,public void writeFieldName(SerializableString name) throws IOException {,public void writeFieldName(SerializableString name) throws IOException { name = null;,169,
com/fasterxml/jackson/dataformat/xml/ser/ToXmlGenerator.java,1214,RelationalOperatorReplacement,if (_nextName == null) {,if (_nextName != null) {,17,
com/fasterxml/jackson/dataformat/xml/ser/ToXmlGenerator.java,508,NullifyInputVariable,{,{ wrappedName = null;,170,
com/fasterxml/jackson/dataformat/xml/ser/ToXmlGenerator.java,508,NullifyInputVariable,{,{ wrapperName = null;,171,
com/fasterxml/jackson/dataformat/xml/ser/ToXmlGenerator.java,488,NullifyInputVariable,{,{ wrappedName = null;,172,
com/fasterxml/jackson/dataformat/xml/ser/ToXmlGenerator.java,488,NullifyInputVariable,{,{ wrapperName = null;,173,
com/fasterxml/jackson/dataformat/xml/ser/ToXmlGenerator.java,471,NullifyInputVariable,{,{ name = null;,174,
com/fasterxml/jackson/dataformat/xml/ser/ToXmlGenerator.java,460,NullifyInputVariable,{,{ name = null;,175,
com/fasterxml/jackson/dataformat/xml/ser/ToXmlGenerator.java,396,NullifyInputVariable,"public ToXmlGenerator configure(Feature f, boolean state) {","public ToXmlGenerator configure(Feature f, boolean state) { f = null;",176,
com/fasterxml/jackson/dataformat/xml/ser/ToXmlGenerator.java,392,NullifyInputVariable,public final boolean isEnabled(Feature f) {,public final boolean isEnabled(Feature f) { f = null;,177,
com/fasterxml/jackson/dataformat/xml/ser/ToXmlGenerator.java,387,NullifyInputVariable,public ToXmlGenerator disable(Feature f) {,public ToXmlGenerator disable(Feature f) { f = null;,178,
com/fasterxml/jackson/dataformat/xml/ser/ToXmlGenerator.java,382,NullifyInputVariable,public ToXmlGenerator enable(Feature f) {,public ToXmlGenerator enable(Feature f) { f = null;,179,
com/fasterxml/jackson/dataformat/xml/ser/ToXmlGenerator.java,1209,RelationalOperatorReplacement,"writeNumber(d > 0d ? ""INF"" : ""-INF"");","writeNumber(d <= 0d ? ""INF"" : ""-INF"");",18,
com/fasterxml/jackson/dataformat/xml/ser/ToXmlGenerator.java,331,NullifyInputVariable,public JsonGenerator setPrettyPrinter(PrettyPrinter pp) {,public JsonGenerator setPrettyPrinter(PrettyPrinter pp) { pp = null;,180,
com/fasterxml/jackson/dataformat/xml/ser/ToXmlGenerator.java,1472,NullifyObjectInitialization,"throw new JsonGenerationException(""Underlying Stax XMLStreamWriter (of type """,throw null;,181,
com/fasterxml/jackson/dataformat/xml/ser/ToXmlGenerator.java,1464,NullifyObjectInitialization,"throw new IllegalStateException(""No element/attribute name specified when trying to output element"");",throw null;,182,
com/fasterxml/jackson/dataformat/xml/ser/ToXmlGenerator.java,1422,NullifyObjectInitialization,"throw new JsonGenerationException(e, this);",throw null;,183,
com/fasterxml/jackson/dataformat/xml/ser/ToXmlGenerator.java,870,NullifyObjectInitialization,"_xmlWriter.writeAttribute(_nextName.getNamespaceURI(), _nextName.getLocalPart(), new String(text, offset, len));","_xmlWriter.writeAttribute(_nextName.getNamespaceURI(), _nextName.getLocalPart(), null);",184,
com/fasterxml/jackson/dataformat/xml/ser/ToXmlGenerator.java,755,NullifyObjectInitialization,"_xmlWriter.writeAttribute(_nextName.getNamespaceURI(), _nextName.getLocalPart(), new String(text, offset, len));","_xmlWriter.writeAttribute(_nextName.getNamespaceURI(), _nextName.getLocalPart(), null);",185,
com/fasterxml/jackson/dataformat/xml/ser/ToXmlGenerator.java,680,NullifyObjectInitialization,"throw new JsonGenerationException(""Can not write END_ELEMENT without open START_ELEMENT"", this);",throw null;,186,
com/fasterxml/jackson/dataformat/xml/ser/ToXmlGenerator.java,566,NullifyObjectInitialization,"setNextName(new QName(_nameToEncode.namespace, _nameToEncode.localPart));",setNextName(null);,187,
com/fasterxml/jackson/dataformat/xml/ser/ToXmlGenerator.java,557,NullifyObjectInitialization,"setNextName(new QName(XMLConstants.W3C_XML_SCHEMA_INSTANCE_NS_URI,",setNextName(null);,188,
com/fasterxml/jackson/dataformat/xml/ser/ToXmlGenerator.java,327,NullifyObjectInitialization,return new DefaultXmlPrettyPrinter();,return null;,189,
com/fasterxml/jackson/dataformat/xml/ser/ToXmlGenerator.java,1190,RelationalOperatorReplacement,if (_xmlPrettyPrinter != null) {,if (_xmlPrettyPrinter == null) {,19,
com/fasterxml/jackson/dataformat/xml/ser/ToXmlGenerator.java,261,NullifyObjectInitialization,protected XmlNameProcessor.XmlName _nameToEncode = new XmlNameProcessor.XmlName();,protected XmlNameProcessor.XmlName _nameToEncode = null;,190,
com/fasterxml/jackson/dataformat/xml/ser/ToXmlGenerator.java,254,NullifyObjectInitialization,protected LinkedList<QName> _elementNameStack = new LinkedList<QName>();,protected LinkedList<QName> _elementNameStack = null;,191,
com/fasterxml/jackson/dataformat/xml/ser/ToXmlGenerator.java,1471,RemoveMethod,{,{,192,
com/fasterxml/jackson/dataformat/xml/ser/ToXmlGenerator.java,1463,RemoveMethod,protected void handleMissingName() {,protected void handleMissingName() {,193,
com/fasterxml/jackson/dataformat/xml/ser/ToXmlGenerator.java,1455,RemoveMethod,{,{,194,
com/fasterxml/jackson/dataformat/xml/ser/ToXmlGenerator.java,1455,RemoveMethod,{,{,195,
com/fasterxml/jackson/dataformat/xml/ser/ToXmlGenerator.java,1439,RemoveMethod,protected void _releaseBuffers() {,protected void _releaseBuffers() {,196,
com/fasterxml/jackson/dataformat/xml/ser/ToXmlGenerator.java,1397,RemoveMethod,{,{,197,
com/fasterxml/jackson/dataformat/xml/ser/ToXmlGenerator.java,1385,RemoveMethod,{,{,198,
com/fasterxml/jackson/dataformat/xml/ser/ToXmlGenerator.java,1370,RemoveMethod,{,{,199,
com/fasterxml/jackson/dataformat/xml/ser/ToXmlGenerator.java,363,LogicalOperatorReplacement,int newF = (_formatFeatures & ~mask) | (values & mask);,int newF = (_formatFeatures & ~mask) ^ (values & mask);,2,
com/fasterxml/jackson/dataformat/xml/ser/ToXmlGenerator.java,1181,RelationalOperatorReplacement,if (_nextName == null) {,if (_nextName != null) {,20,
com/fasterxml/jackson/dataformat/xml/ser/ToXmlGenerator.java,1358,RemoveMethod,{,{,200,
com/fasterxml/jackson/dataformat/xml/ser/ToXmlGenerator.java,1325,RemoveMethod,{,{,201,
com/fasterxml/jackson/dataformat/xml/ser/ToXmlGenerator.java,1273,RemoveMethod,{,{,202,
com/fasterxml/jackson/dataformat/xml/ser/ToXmlGenerator.java,1240,RemoveMethod,{,{,203,
com/fasterxml/jackson/dataformat/xml/ser/ToXmlGenerator.java,1207,RemoveMethod,{,{,204,
com/fasterxml/jackson/dataformat/xml/ser/ToXmlGenerator.java,1179,RemoveMethod,{,{,205,
com/fasterxml/jackson/dataformat/xml/ser/ToXmlGenerator.java,1150,RemoveMethod,{,{,206,
com/fasterxml/jackson/dataformat/xml/ser/ToXmlGenerator.java,1110,RemoveMethod,{,{,207,
com/fasterxml/jackson/dataformat/xml/ser/ToXmlGenerator.java,1081,RemoveMethod,{,{,208,
com/fasterxml/jackson/dataformat/xml/ser/ToXmlGenerator.java,1059,RemoveMethod,{,{,209,
com/fasterxml/jackson/dataformat/xml/ser/ToXmlGenerator.java,1162,RelationalOperatorReplacement,if (_xmlPrettyPrinter != null) {,if (_xmlPrettyPrinter == null) {,21,
com/fasterxml/jackson/dataformat/xml/ser/ToXmlGenerator.java,1059,RemoveMethod,{,{,210,
com/fasterxml/jackson/dataformat/xml/ser/ToXmlGenerator.java,1046,RemoveMethod,{,{,211,
com/fasterxml/jackson/dataformat/xml/ser/ToXmlGenerator.java,1046,RemoveMethod,{,{,212,
com/fasterxml/jackson/dataformat/xml/ser/ToXmlGenerator.java,1022,RemoveMethod,{,{,213,
com/fasterxml/jackson/dataformat/xml/ser/ToXmlGenerator.java,982,RemoveMethod,{,{,214,
com/fasterxml/jackson/dataformat/xml/ser/ToXmlGenerator.java,982,RemoveMethod,{,{,215,
com/fasterxml/jackson/dataformat/xml/ser/ToXmlGenerator.java,945,RemoveMethod,{,{,216,
com/fasterxml/jackson/dataformat/xml/ser/ToXmlGenerator.java,932,RemoveMethod,{,{,217,
com/fasterxml/jackson/dataformat/xml/ser/ToXmlGenerator.java,918,RemoveMethod,{,{,218,
com/fasterxml/jackson/dataformat/xml/ser/ToXmlGenerator.java,904,RemoveMethod,{,{,219,
com/fasterxml/jackson/dataformat/xml/ser/ToXmlGenerator.java,1152,RelationalOperatorReplacement,if (_nextName == null) {,if (_nextName != null) {,22,
com/fasterxml/jackson/dataformat/xml/ser/ToXmlGenerator.java,890,RemoveMethod,{,{,220,
com/fasterxml/jackson/dataformat/xml/ser/ToXmlGenerator.java,884,RemoveMethod,public void writeRawValue(SerializableString text) throws IOException {,public void writeRawValue(SerializableString text) throws IOException {,221,
com/fasterxml/jackson/dataformat/xml/ser/ToXmlGenerator.java,859,RemoveMethod,"public void writeRawValue(char[] text, int offset, int len) throws IOException {","public void writeRawValue(char[] text, int offset, int len) throws IOException {",222,
com/fasterxml/jackson/dataformat/xml/ser/ToXmlGenerator.java,833,RemoveMethod,"public void writeRawValue(String text, int offset, int len) throws IOException {","public void writeRawValue(String text, int offset, int len) throws IOException {",223,
com/fasterxml/jackson/dataformat/xml/ser/ToXmlGenerator.java,807,RemoveMethod,public void writeRawValue(String text) throws IOException {,public void writeRawValue(String text) throws IOException {,224,
com/fasterxml/jackson/dataformat/xml/ser/ToXmlGenerator.java,795,RemoveMethod,{,{,225,
com/fasterxml/jackson/dataformat/xml/ser/ToXmlGenerator.java,788,RemoveMethod,{,{,226,
com/fasterxml/jackson/dataformat/xml/ser/ToXmlGenerator.java,782,RemoveMethod,public void writeString(SerializableString text) throws IOException {,public void writeString(SerializableString text) throws IOException {,227,
com/fasterxml/jackson/dataformat/xml/ser/ToXmlGenerator.java,748,RemoveMethod,{,{,228,
com/fasterxml/jackson/dataformat/xml/ser/ToXmlGenerator.java,707,RemoveMethod,{,{,229,
com/fasterxml/jackson/dataformat/xml/ser/ToXmlGenerator.java,1123,RelationalOperatorReplacement,if (_xmlPrettyPrinter != null) {,if (_xmlPrettyPrinter == null) {,23,
com/fasterxml/jackson/dataformat/xml/ser/ToXmlGenerator.java,677,RemoveMethod,{,{,230,
com/fasterxml/jackson/dataformat/xml/ser/ToXmlGenerator.java,662,RemoveMethod,{,{,231,
com/fasterxml/jackson/dataformat/xml/ser/ToXmlGenerator.java,646,RemoveMethod,{,{,232,
com/fasterxml/jackson/dataformat/xml/ser/ToXmlGenerator.java,633,RemoveMethod,{,{,233,
com/fasterxml/jackson/dataformat/xml/ser/ToXmlGenerator.java,619,RemoveMethod,{,{,234,
com/fasterxml/jackson/dataformat/xml/ser/ToXmlGenerator.java,606,RemoveMethod,{,{,235,
com/fasterxml/jackson/dataformat/xml/ser/ToXmlGenerator.java,572,RemoveMethod,{,{,236,
com/fasterxml/jackson/dataformat/xml/ser/ToXmlGenerator.java,548,RemoveMethod,{,{,237,
com/fasterxml/jackson/dataformat/xml/ser/ToXmlGenerator.java,542,RemoveMethod,public void writeFieldName(SerializableString name) throws IOException {,public void writeFieldName(SerializableString name) throws IOException {,238,
com/fasterxml/jackson/dataformat/xml/ser/ToXmlGenerator.java,529,RemoveMethod,{,{,239,
com/fasterxml/jackson/dataformat/xml/ser/ToXmlGenerator.java,1112,RelationalOperatorReplacement,if (_nextName == null) {,if (_nextName != null) {,24,
com/fasterxml/jackson/dataformat/xml/ser/ToXmlGenerator.java,508,RemoveMethod,{,{,240,
com/fasterxml/jackson/dataformat/xml/ser/ToXmlGenerator.java,488,RemoveMethod,{,{,241,
com/fasterxml/jackson/dataformat/xml/ser/ToXmlGenerator.java,471,RemoveMethod,{,{,242,
com/fasterxml/jackson/dataformat/xml/ser/ToXmlGenerator.java,471,RemoveMethod,{,{,243,
com/fasterxml/jackson/dataformat/xml/ser/ToXmlGenerator.java,460,RemoveMethod,{,{,244,
com/fasterxml/jackson/dataformat/xml/ser/ToXmlGenerator.java,455,RemoveMethod,{,{,245,
com/fasterxml/jackson/dataformat/xml/ser/ToXmlGenerator.java,450,RemoveMethod,{,{,246,
com/fasterxml/jackson/dataformat/xml/ser/ToXmlGenerator.java,445,RemoveMethod,{,{,247,
com/fasterxml/jackson/dataformat/xml/ser/ToXmlGenerator.java,434,RemoveMethod,public XMLStreamWriter getStaxWriter() {,public XMLStreamWriter getStaxWriter() {,248,
com/fasterxml/jackson/dataformat/xml/ser/ToXmlGenerator.java,414,RemoveMethod,public boolean inRoot() {,public boolean inRoot() {,249,
com/fasterxml/jackson/dataformat/xml/ser/ToXmlGenerator.java,1093,RelationalOperatorReplacement,if (_xmlPrettyPrinter != null) {,if (_xmlPrettyPrinter == null) {,25,
com/fasterxml/jackson/dataformat/xml/ser/ToXmlGenerator.java,414,RemoveMethod,public boolean inRoot() {,public boolean inRoot() {,250,
com/fasterxml/jackson/dataformat/xml/ser/ToXmlGenerator.java,409,RemoveMethod,public JacksonFeatureSet<StreamWriteCapability> getWriteCapabilities() {,public JacksonFeatureSet<StreamWriteCapability> getWriteCapabilities() {,251,
com/fasterxml/jackson/dataformat/xml/ser/ToXmlGenerator.java,406,RemoveMethod,public boolean canWriteFormattedNumbers() { return true; },public boolean canWriteFormattedNumbers() {,252,
com/fasterxml/jackson/dataformat/xml/ser/ToXmlGenerator.java,406,RemoveMethod,public boolean canWriteFormattedNumbers() { return true; },public boolean canWriteFormattedNumbers() {,253,
com/fasterxml/jackson/dataformat/xml/ser/ToXmlGenerator.java,396,RemoveMethod,"public ToXmlGenerator configure(Feature f, boolean state) {","public ToXmlGenerator configure(Feature f, boolean state) {",254,
com/fasterxml/jackson/dataformat/xml/ser/ToXmlGenerator.java,392,RemoveMethod,public final boolean isEnabled(Feature f) {,public final boolean isEnabled(Feature f) {,255,
com/fasterxml/jackson/dataformat/xml/ser/ToXmlGenerator.java,392,RemoveMethod,public final boolean isEnabled(Feature f) {,public final boolean isEnabled(Feature f) {,256,
com/fasterxml/jackson/dataformat/xml/ser/ToXmlGenerator.java,387,RemoveMethod,public ToXmlGenerator disable(Feature f) {,public ToXmlGenerator disable(Feature f) {,257,
com/fasterxml/jackson/dataformat/xml/ser/ToXmlGenerator.java,382,RemoveMethod,public ToXmlGenerator enable(Feature f) {,public ToXmlGenerator enable(Feature f) {,258,
com/fasterxml/jackson/dataformat/xml/ser/ToXmlGenerator.java,378,RemoveMethod,public StreamWriteConstraints streamWriteConstraints() {,public StreamWriteConstraints streamWriteConstraints() {,259,
com/fasterxml/jackson/dataformat/xml/ser/ToXmlGenerator.java,1083,RelationalOperatorReplacement,if (_nextName == null) {,if (_nextName != null) {,26,
com/fasterxml/jackson/dataformat/xml/ser/ToXmlGenerator.java,361,RemoveMethod,{,{,260,
com/fasterxml/jackson/dataformat/xml/ser/ToXmlGenerator.java,355,RemoveMethod,public int getFormatFeatures() {,public int getFormatFeatures() {,261,
com/fasterxml/jackson/dataformat/xml/ser/ToXmlGenerator.java,355,RemoveMethod,public int getFormatFeatures() {,public int getFormatFeatures() {,262,
com/fasterxml/jackson/dataformat/xml/ser/ToXmlGenerator.java,350,RemoveMethod,public int getOutputBuffered() {,public int getOutputBuffered() {,263,
com/fasterxml/jackson/dataformat/xml/ser/ToXmlGenerator.java,350,RemoveMethod,public int getOutputBuffered() {,public int getOutputBuffered() {,264,
com/fasterxml/jackson/dataformat/xml/ser/ToXmlGenerator.java,339,RemoveMethod,public Object getOutputTarget() {,public Object getOutputTarget() {,265,
com/fasterxml/jackson/dataformat/xml/ser/ToXmlGenerator.java,331,RemoveMethod,public JsonGenerator setPrettyPrinter(PrettyPrinter pp) {,public JsonGenerator setPrettyPrinter(PrettyPrinter pp) {,266,
com/fasterxml/jackson/dataformat/xml/ser/ToXmlGenerator.java,326,RemoveMethod,protected PrettyPrinter _constructDefaultPrettyPrinter() {,protected PrettyPrinter _constructDefaultPrettyPrinter() {,267,
com/fasterxml/jackson/dataformat/xml/ser/ToXmlGenerator.java,288,RemoveMethod,{,{,268,
com/fasterxml/jackson/dataformat/xml/ser/ToXmlGenerator.java,167,RemoveMethod,@Override public boolean enabledIn(int flags) { return (flags & getMask()) != 0; },@Override public boolean enabledIn(int flags) {,269,
com/fasterxml/jackson/dataformat/xml/ser/ToXmlGenerator.java,1065,RelationalOperatorReplacement,if (count < 0) {,if (count >= 0) {,27,
com/fasterxml/jackson/dataformat/xml/ser/ToXmlGenerator.java,167,RemoveMethod,@Override public boolean enabledIn(int flags) { return (flags & getMask()) != 0; },@Override public boolean enabledIn(int flags) {,270,
com/fasterxml/jackson/dataformat/xml/ser/ToXmlGenerator.java,166,RemoveMethod,@Override public int getMask() { return _mask; },@Override public int getMask() {,271,
com/fasterxml/jackson/dataformat/xml/ser/ToXmlGenerator.java,166,RemoveMethod,@Override public int getMask() { return _mask; },@Override public int getMask() {,272,
com/fasterxml/jackson/dataformat/xml/ser/ToXmlGenerator.java,165,RemoveMethod,@Override public boolean enabledByDefault() { return _defaultState; },@Override public boolean enabledByDefault() {,273,
com/fasterxml/jackson/dataformat/xml/ser/ToXmlGenerator.java,165,RemoveMethod,@Override public boolean enabledByDefault() { return _defaultState; },@Override public boolean enabledByDefault() {,274,
com/fasterxml/jackson/dataformat/xml/ser/ToXmlGenerator.java,150,RemoveMethod,{,{,275,
com/fasterxml/jackson/dataformat/xml/ser/ToXmlGenerator.java,150,RemoveMethod,{,{,276,
com/fasterxml/jackson/dataformat/xml/ser/ToXmlGenerator.java,1027,ArithmeticOperatorReplacementUnary,"while((read = data.read(tmp, offset, Math.min(3 - offset, len))) != -1) {","while((read = data.read(tmp, offset, Math.min(3 - offset, len))) != +1) {",277,
com/fasterxml/jackson/dataformat/xml/ser/ToXmlGenerator.java,351,ArithmeticOperatorReplacementUnary,return -1;,return +1;,278,
com/fasterxml/jackson/dataformat/xml/ser/ToXmlGenerator.java,1063,RelationalOperatorReplacement,for (; offset < len; ) {,for (; offset >= len; ) {,28,
com/fasterxml/jackson/dataformat/xml/ser/ToXmlGenerator.java,1052,RelationalOperatorReplacement,if (len > 0) {,if (len <= 0) {,29,
com/fasterxml/jackson/dataformat/xml/ser/ToXmlGenerator.java,363,LogicalOperatorReplacement,int newF = (_formatFeatures & ~mask) | (values & mask);,int newF = (_formatFeatures & ~mask) | (values | mask);,3,
com/fasterxml/jackson/dataformat/xml/ser/ToXmlGenerator.java,1048,RelationalOperatorReplacement,if (offset == 0 && len == data.length) {,if (offset == 0 && len != data.length) {,30,
com/fasterxml/jackson/dataformat/xml/ser/ToXmlGenerator.java,1048,RelationalOperatorReplacement,if (offset == 0 && len == data.length) {,if (offset != 0 && len == data.length) {,31,
com/fasterxml/jackson/dataformat/xml/ser/ToXmlGenerator.java,1040,RelationalOperatorReplacement,if(offset > 0) {,if(offset <= 0) {,32,
com/fasterxml/jackson/dataformat/xml/ser/ToXmlGenerator.java,1034,RelationalOperatorReplacement,if (len == 0) {,if (len != 0) {,33,
com/fasterxml/jackson/dataformat/xml/ser/ToXmlGenerator.java,1030,RelationalOperatorReplacement,if(offset == 3) {,if(offset != 3) {,34,
com/fasterxml/jackson/dataformat/xml/ser/ToXmlGenerator.java,1027,RelationalOperatorReplacement,"while((read = data.read(tmp, offset, Math.min(3 - offset, len))) != -1) {","while((read = data.read(tmp, offset, Math.min(3 - offset, len))) == -1) {",35,
com/fasterxml/jackson/dataformat/xml/ser/ToXmlGenerator.java,1003,RelationalOperatorReplacement,if (_xmlPrettyPrinter != null) {,if (_xmlPrettyPrinter == null) {,36,
com/fasterxml/jackson/dataformat/xml/ser/ToXmlGenerator.java,988,RelationalOperatorReplacement,if (_nextName == null) {,if (_nextName != null) {,37,
com/fasterxml/jackson/dataformat/xml/ser/ToXmlGenerator.java,983,RelationalOperatorReplacement,if (data == null) {,if (data != null) {,38,
com/fasterxml/jackson/dataformat/xml/ser/ToXmlGenerator.java,965,RelationalOperatorReplacement,if (_xmlPrettyPrinter != null) {,if (_xmlPrettyPrinter == null) {,39,
com/fasterxml/jackson/dataformat/xml/ser/ToXmlGenerator.java,363,LogicalOperatorReplacement,int newF = (_formatFeatures & ~mask) | (values & mask);,int newF = (_formatFeatures | ~mask) | (values & mask);,4,
com/fasterxml/jackson/dataformat/xml/ser/ToXmlGenerator.java,951,RelationalOperatorReplacement,if (_nextName == null) {,if (_nextName != null) {,40,
com/fasterxml/jackson/dataformat/xml/ser/ToXmlGenerator.java,946,RelationalOperatorReplacement,if (data == null) {,if (data != null) {,41,
com/fasterxml/jackson/dataformat/xml/ser/ToXmlGenerator.java,865,RelationalOperatorReplacement,if (_nextName == null) {,if (_nextName != null) {,42,
com/fasterxml/jackson/dataformat/xml/ser/ToXmlGenerator.java,840,RelationalOperatorReplacement,if (_nextName == null) {,if (_nextName != null) {,43,
com/fasterxml/jackson/dataformat/xml/ser/ToXmlGenerator.java,814,RelationalOperatorReplacement,if (_nextName == null) {,if (_nextName != null) {,44,
com/fasterxml/jackson/dataformat/xml/ser/ToXmlGenerator.java,763,RelationalOperatorReplacement,} else if (_xmlPrettyPrinter != null) {,} else if (_xmlPrettyPrinter == null) {,45,
com/fasterxml/jackson/dataformat/xml/ser/ToXmlGenerator.java,750,RelationalOperatorReplacement,if (_nextName == null) {,if (_nextName != null) {,46,
com/fasterxml/jackson/dataformat/xml/ser/ToXmlGenerator.java,728,RelationalOperatorReplacement,} else if (_xmlPrettyPrinter != null) {,} else if (_xmlPrettyPrinter == null) {,47,
com/fasterxml/jackson/dataformat/xml/ser/ToXmlGenerator.java,713,RelationalOperatorReplacement,if (_nextName == null) {,if (_nextName != null) {,48,
com/fasterxml/jackson/dataformat/xml/ser/ToXmlGenerator.java,708,RelationalOperatorReplacement,if (text == null) { // [dataformat-xml#413],if (text != null) { // [dataformat-xml#413],49,
com/fasterxml/jackson/dataformat/xml/ser/ToXmlGenerator.java,167,LogicalOperatorReplacement,@Override public boolean enabledIn(int flags) { return (flags & getMask()) != 0; },@Override public boolean enabledIn(int flags) { return (flags | getMask()) != 0; },5,
com/fasterxml/jackson/dataformat/xml/ser/ToXmlGenerator.java,688,RelationalOperatorReplacement,if (_elementNameStack.isEmpty() && (_xmlPrettyPrinter != null)) {,if (_elementNameStack.isEmpty() && (_xmlPrettyPrinter == null)) {,50,
com/fasterxml/jackson/dataformat/xml/ser/ToXmlGenerator.java,663,RelationalOperatorReplacement,if (_nextName == null) {,if (_nextName != null) {,51,
com/fasterxml/jackson/dataformat/xml/ser/ToXmlGenerator.java,651,RelationalOperatorReplacement,if (_cfgPrettyPrinter != null) {,if (_cfgPrettyPrinter == null) {,52,
com/fasterxml/jackson/dataformat/xml/ser/ToXmlGenerator.java,637,RelationalOperatorReplacement,if (_cfgPrettyPrinter != null) {,if (_cfgPrettyPrinter == null) {,53,
com/fasterxml/jackson/dataformat/xml/ser/ToXmlGenerator.java,623,RelationalOperatorReplacement,if (_cfgPrettyPrinter != null) {,if (_cfgPrettyPrinter == null) {,54,
com/fasterxml/jackson/dataformat/xml/ser/ToXmlGenerator.java,610,RelationalOperatorReplacement,if (_cfgPrettyPrinter != null) {,if (_cfgPrettyPrinter == null) {,55,
com/fasterxml/jackson/dataformat/xml/ser/ToXmlGenerator.java,562,RelationalOperatorReplacement,"ns = (_nextName == null) ? """" : _nextName.getNamespaceURI();","ns = (_nextName != null) ? """" : _nextName.getNamespaceURI();",56,
com/fasterxml/jackson/dataformat/xml/ser/ToXmlGenerator.java,549,RelationalOperatorReplacement,if (_writeContext.writeFieldName(name) == JsonWriteContext.STATUS_EXPECT_VALUE) {,if (_writeContext.writeFieldName(name) != JsonWriteContext.STATUS_EXPECT_VALUE) {,57,
com/fasterxml/jackson/dataformat/xml/ser/ToXmlGenerator.java,530,RelationalOperatorReplacement,if (_writeContext.writeFieldName(_nextName.getLocalPart()) == JsonWriteContext.STATUS_EXPECT_VALUE) {,if (_writeContext.writeFieldName(_nextName.getLocalPart()) != JsonWriteContext.STATUS_EXPECT_VALUE) {,58,
com/fasterxml/jackson/dataformat/xml/ser/ToXmlGenerator.java,512,RelationalOperatorReplacement,if (_xmlPrettyPrinter != null) {,if (_xmlPrettyPrinter == null) {,59,
com/fasterxml/jackson/dataformat/xml/ser/ToXmlGenerator.java,1372,RelationalOperatorReplacement,if (status == JsonWriteContext.STATUS_EXPECT_NAME) {,if (status != JsonWriteContext.STATUS_EXPECT_NAME) {,6,
com/fasterxml/jackson/dataformat/xml/ser/ToXmlGenerator.java,510,RelationalOperatorReplacement,if (wrapperName != null) {,if (wrapperName == null) {,60,
com/fasterxml/jackson/dataformat/xml/ser/ToXmlGenerator.java,491,RelationalOperatorReplacement,if (_xmlPrettyPrinter != null) {,if (_xmlPrettyPrinter == null) {,61,
com/fasterxml/jackson/dataformat/xml/ser/ToXmlGenerator.java,489,RelationalOperatorReplacement,if (wrapperName != null) {,if (wrapperName == null) {,62,
com/fasterxml/jackson/dataformat/xml/ser/ToXmlGenerator.java,472,RelationalOperatorReplacement,if (_nextName == null) {,if (_nextName != null) {,63,
com/fasterxml/jackson/dataformat/xml/ser/ToXmlGenerator.java,393,RelationalOperatorReplacement,return (_formatFeatures & f.getMask()) != 0;,return (_formatFeatures & f.getMask()) == 0;,64,
com/fasterxml/jackson/dataformat/xml/ser/ToXmlGenerator.java,365,RelationalOperatorReplacement,if (oldF != newF) {,if (oldF == newF) {,65,
com/fasterxml/jackson/dataformat/xml/ser/ToXmlGenerator.java,305,RelationalOperatorReplacement,if (xmlDeclWritten && (_xmlPrettyPrinter != null)) {,if (xmlDeclWritten && (_xmlPrettyPrinter == null)) {,66,
com/fasterxml/jackson/dataformat/xml/ser/ToXmlGenerator.java,277,RelationalOperatorReplacement,_stax2Emulation = (_xmlWriter != sw);,_stax2Emulation = (_xmlWriter == sw);,67,
com/fasterxml/jackson/dataformat/xml/ser/ToXmlGenerator.java,167,RelationalOperatorReplacement,@Override public boolean enabledIn(int flags) { return (flags & getMask()) != 0; },@Override public boolean enabledIn(int flags) { return (flags & getMask()) == 0; },68,
com/fasterxml/jackson/dataformat/xml/ser/ToXmlGenerator.java,435,NullifyReturnValue,return _xmlWriter;,return null;,69,
com/fasterxml/jackson/dataformat/xml/ser/ToXmlGenerator.java,1341,RelationalOperatorReplacement,if (_xmlPrettyPrinter != null) {,if (_xmlPrettyPrinter == null) {,7,
com/fasterxml/jackson/dataformat/xml/ser/ToXmlGenerator.java,410,NullifyReturnValue,return DEFAULT_TEXTUAL_WRITE_CAPABILITIES;,return null;,70,
com/fasterxml/jackson/dataformat/xml/ser/ToXmlGenerator.java,402,NullifyReturnValue,return this;,return null;,71,
com/fasterxml/jackson/dataformat/xml/ser/ToXmlGenerator.java,389,NullifyReturnValue,return this;,return null;,72,
com/fasterxml/jackson/dataformat/xml/ser/ToXmlGenerator.java,384,NullifyReturnValue,return this;,return null;,73,
com/fasterxml/jackson/dataformat/xml/ser/ToXmlGenerator.java,379,NullifyReturnValue,return _streamWriteConstraints;,return null;,74,
com/fasterxml/jackson/dataformat/xml/ser/ToXmlGenerator.java,368,NullifyReturnValue,return this;,return null;,75,
com/fasterxml/jackson/dataformat/xml/ser/ToXmlGenerator.java,342,NullifyReturnValue,return _originalXmlWriter;,return null;,76,
com/fasterxml/jackson/dataformat/xml/ser/ToXmlGenerator.java,335,NullifyReturnValue,return this;,return null;,77,
com/fasterxml/jackson/dataformat/xml/ser/ToXmlGenerator.java,327,NullifyReturnValue,return new DefaultXmlPrettyPrinter();,return null;,78,
com/fasterxml/jackson/dataformat/xml/ser/ToXmlGenerator.java,1341,RemoveNullCheck,if (_xmlPrettyPrinter != null) {,if (true) {,79,
com/fasterxml/jackson/dataformat/xml/ser/ToXmlGenerator.java,1331,RelationalOperatorReplacement,if (_nextName == null) {,if (_nextName != null) {,8,
com/fasterxml/jackson/dataformat/xml/ser/ToXmlGenerator.java,1331,RemoveNullCheck,if (_nextName == null) {,if (false) {,80,
com/fasterxml/jackson/dataformat/xml/ser/ToXmlGenerator.java,1326,RemoveNullCheck,if (value == null) {,if (false) {,81,
com/fasterxml/jackson/dataformat/xml/ser/ToXmlGenerator.java,1298,RemoveNullCheck,if (_xmlPrettyPrinter != null) {,if (true) {,82,
com/fasterxml/jackson/dataformat/xml/ser/ToXmlGenerator.java,1279,RemoveNullCheck,if (_nextName == null) {,if (false) {,83,
com/fasterxml/jackson/dataformat/xml/ser/ToXmlGenerator.java,1274,RemoveNullCheck,if (dec == null) {,if (false) {,84,
com/fasterxml/jackson/dataformat/xml/ser/ToXmlGenerator.java,1256,RemoveNullCheck,if (_xmlPrettyPrinter != null) {,if (true) {,85,
com/fasterxml/jackson/dataformat/xml/ser/ToXmlGenerator.java,1247,RemoveNullCheck,if (_nextName == null) {,if (false) {,86,
com/fasterxml/jackson/dataformat/xml/ser/ToXmlGenerator.java,1223,RemoveNullCheck,if (_xmlPrettyPrinter != null) {,if (true) {,87,
com/fasterxml/jackson/dataformat/xml/ser/ToXmlGenerator.java,1214,RemoveNullCheck,if (_nextName == null) {,if (false) {,88,
com/fasterxml/jackson/dataformat/xml/ser/ToXmlGenerator.java,1190,RemoveNullCheck,if (_xmlPrettyPrinter != null) {,if (true) {,89,
com/fasterxml/jackson/dataformat/xml/ser/ToXmlGenerator.java,1326,RelationalOperatorReplacement,if (value == null) {,if (value != null) {,9,
com/fasterxml/jackson/dataformat/xml/ser/ToXmlGenerator.java,1181,RemoveNullCheck,if (_nextName == null) {,if (false) {,90,
com/fasterxml/jackson/dataformat/xml/ser/ToXmlGenerator.java,1162,RemoveNullCheck,if (_xmlPrettyPrinter != null) {,if (true) {,91,
com/fasterxml/jackson/dataformat/xml/ser/ToXmlGenerator.java,1152,RemoveNullCheck,if (_nextName == null) {,if (false) {,92,
com/fasterxml/jackson/dataformat/xml/ser/ToXmlGenerator.java,1123,RemoveNullCheck,if (_xmlPrettyPrinter != null) {,if (true) {,93,
com/fasterxml/jackson/dataformat/xml/ser/ToXmlGenerator.java,1112,RemoveNullCheck,if (_nextName == null) {,if (false) {,94,
com/fasterxml/jackson/dataformat/xml/ser/ToXmlGenerator.java,1093,RemoveNullCheck,if (_xmlPrettyPrinter != null) {,if (true) {,95,
com/fasterxml/jackson/dataformat/xml/ser/ToXmlGenerator.java,1083,RemoveNullCheck,if (_nextName == null) {,if (false) {,96,
com/fasterxml/jackson/dataformat/xml/ser/ToXmlGenerator.java,1003,RemoveNullCheck,if (_xmlPrettyPrinter != null) {,if (true) {,97,
com/fasterxml/jackson/dataformat/xml/ser/ToXmlGenerator.java,988,RemoveNullCheck,if (_nextName == null) {,if (false) {,98,
com/fasterxml/jackson/dataformat/xml/ser/ToXmlGenerator.java,983,RemoveNullCheck,if (data == null) {,if (false) {,99,
com/fasterxml/jackson/dataformat/xml/ser/UnwrappingXmlBeanSerializer.java,142,RelationalOperatorReplacement,if (_propertyFilterId != null) {,if (_propertyFilterId == null) {,1,
com/fasterxml/jackson/dataformat/xml/ser/UnwrappingXmlBeanSerializer.java,142,RemoveNullCheck,if (_propertyFilterId != null) {,if (true) {,10,
com/fasterxml/jackson/dataformat/xml/ser/UnwrappingXmlBeanSerializer.java,138,RemoveNullCheck,if (_objectIdWriter != null) {,if (true) {,11,
com/fasterxml/jackson/dataformat/xml/ser/UnwrappingXmlBeanSerializer.java,137,NullifyInputVariable,{,{ provider = null;,12,
com/fasterxml/jackson/dataformat/xml/ser/UnwrappingXmlBeanSerializer.java,137,NullifyInputVariable,{,{ jgen = null;,13,
com/fasterxml/jackson/dataformat/xml/ser/UnwrappingXmlBeanSerializer.java,137,NullifyInputVariable,{,{ bean = null;,14,
com/fasterxml/jackson/dataformat/xml/ser/UnwrappingXmlBeanSerializer.java,111,NullifyInputVariable,BeanPropertyWriter[] filteredProperties) {,BeanPropertyWriter[] filteredProperties) { filteredProperties = null;,15,
com/fasterxml/jackson/dataformat/xml/ser/UnwrappingXmlBeanSerializer.java,111,NullifyInputVariable,BeanPropertyWriter[] filteredProperties) {,BeanPropertyWriter[] filteredProperties) { properties = null;,16,
com/fasterxml/jackson/dataformat/xml/ser/UnwrappingXmlBeanSerializer.java,105,NullifyInputVariable,"protected BeanSerializerBase withByNameInclusion(Set<String> toIgnore, Set<String> toInclude) {","protected BeanSerializerBase withByNameInclusion(Set<String> toIgnore, Set<String> toInclude) { toInclude = null;",17,
com/fasterxml/jackson/dataformat/xml/ser/UnwrappingXmlBeanSerializer.java,105,NullifyInputVariable,"protected BeanSerializerBase withByNameInclusion(Set<String> toIgnore, Set<String> toInclude) {","protected BeanSerializerBase withByNameInclusion(Set<String> toIgnore, Set<String> toInclude) { toIgnore = null;",18,
com/fasterxml/jackson/dataformat/xml/ser/UnwrappingXmlBeanSerializer.java,100,NullifyInputVariable,{,{ filterId = null;,19,
com/fasterxml/jackson/dataformat/xml/ser/UnwrappingXmlBeanSerializer.java,138,RelationalOperatorReplacement,if (_objectIdWriter != null) {,if (_objectIdWriter == null) {,2,
com/fasterxml/jackson/dataformat/xml/ser/UnwrappingXmlBeanSerializer.java,94,NullifyInputVariable,{,{ objectIdWriter = null;,20,
com/fasterxml/jackson/dataformat/xml/ser/UnwrappingXmlBeanSerializer.java,81,NullifyInputVariable,{,{ transformer = null;,21,
com/fasterxml/jackson/dataformat/xml/ser/UnwrappingXmlBeanSerializer.java,112,NullifyObjectInitialization,"return new UnwrappingXmlBeanSerializer(this, properties, filteredProperties);",return null;,22,
com/fasterxml/jackson/dataformat/xml/ser/UnwrappingXmlBeanSerializer.java,106,NullifyObjectInitialization,"return new UnwrappingXmlBeanSerializer(this, toIgnore, toInclude);",return null;,23,
com/fasterxml/jackson/dataformat/xml/ser/UnwrappingXmlBeanSerializer.java,101,NullifyObjectInitialization,"return new UnwrappingXmlBeanSerializer(this, _objectIdWriter, filterId);",return null;,24,
com/fasterxml/jackson/dataformat/xml/ser/UnwrappingXmlBeanSerializer.java,95,NullifyObjectInitialization,"return new UnwrappingXmlBeanSerializer(this, objectIdWriter);",return null;,25,
com/fasterxml/jackson/dataformat/xml/ser/UnwrappingXmlBeanSerializer.java,83,NullifyObjectInitialization,"return new UnwrappingXmlBeanSerializer(this, transformer);",return null;,26,
com/fasterxml/jackson/dataformat/xml/ser/UnwrappingXmlBeanSerializer.java,157,RemoveMethod,{,{,27,
com/fasterxml/jackson/dataformat/xml/ser/UnwrappingXmlBeanSerializer.java,157,RemoveMethod,{,{,28,
com/fasterxml/jackson/dataformat/xml/ser/UnwrappingXmlBeanSerializer.java,137,RemoveMethod,{,{,29,
com/fasterxml/jackson/dataformat/xml/ser/UnwrappingXmlBeanSerializer.java,158,NullifyReturnValue,"return ""UnwrappingXmlBeanSerializer for "" + handledType().getName();",return null;,3,
com/fasterxml/jackson/dataformat/xml/ser/UnwrappingXmlBeanSerializer.java,120,RemoveMethod,protected BeanSerializerBase asArraySerializer() {,protected BeanSerializerBase asArraySerializer() {,30,
com/fasterxml/jackson/dataformat/xml/ser/UnwrappingXmlBeanSerializer.java,111,RemoveMethod,BeanPropertyWriter[] filteredProperties) {,BeanPropertyWriter[] filteredProperties) {,31,
com/fasterxml/jackson/dataformat/xml/ser/UnwrappingXmlBeanSerializer.java,105,RemoveMethod,"protected BeanSerializerBase withByNameInclusion(Set<String> toIgnore, Set<String> toInclude) {","protected BeanSerializerBase withByNameInclusion(Set<String> toIgnore, Set<String> toInclude) {",32,
com/fasterxml/jackson/dataformat/xml/ser/UnwrappingXmlBeanSerializer.java,100,RemoveMethod,{,{,33,
com/fasterxml/jackson/dataformat/xml/ser/UnwrappingXmlBeanSerializer.java,94,RemoveMethod,{,{,34,
com/fasterxml/jackson/dataformat/xml/ser/UnwrappingXmlBeanSerializer.java,88,RemoveMethod,{,{,35,
com/fasterxml/jackson/dataformat/xml/ser/UnwrappingXmlBeanSerializer.java,88,RemoveMethod,{,{,36,
com/fasterxml/jackson/dataformat/xml/ser/UnwrappingXmlBeanSerializer.java,81,RemoveMethod,{,{,37,
com/fasterxml/jackson/dataformat/xml/ser/UnwrappingXmlBeanSerializer.java,121,NullifyReturnValue,return this;,return null;,4,
com/fasterxml/jackson/dataformat/xml/ser/UnwrappingXmlBeanSerializer.java,112,NullifyReturnValue,"return new UnwrappingXmlBeanSerializer(this, properties, filteredProperties);",return null;,5,
com/fasterxml/jackson/dataformat/xml/ser/UnwrappingXmlBeanSerializer.java,106,NullifyReturnValue,"return new UnwrappingXmlBeanSerializer(this, toIgnore, toInclude);",return null;,6,
com/fasterxml/jackson/dataformat/xml/ser/UnwrappingXmlBeanSerializer.java,101,NullifyReturnValue,"return new UnwrappingXmlBeanSerializer(this, _objectIdWriter, filterId);",return null;,7,
com/fasterxml/jackson/dataformat/xml/ser/UnwrappingXmlBeanSerializer.java,95,NullifyReturnValue,"return new UnwrappingXmlBeanSerializer(this, objectIdWriter);",return null;,8,
com/fasterxml/jackson/dataformat/xml/ser/UnwrappingXmlBeanSerializer.java,83,NullifyReturnValue,"return new UnwrappingXmlBeanSerializer(this, transformer);",return null;,9,
com/fasterxml/jackson/dataformat/xml/ser/XmlBeanPropertyWriter.java,149,RelationalOperatorReplacement,if (xmlGen != null) {,if (xmlGen == null) {,1,
com/fasterxml/jackson/dataformat/xml/ser/XmlBeanPropertyWriter.java,62,RelationalOperatorReplacement,if (ns == null) {,if (ns != null) {,10,
com/fasterxml/jackson/dataformat/xml/ser/XmlBeanPropertyWriter.java,54,RelationalOperatorReplacement,if (serializer != null) {,if (serializer == null) {,11,
com/fasterxml/jackson/dataformat/xml/ser/XmlBeanPropertyWriter.java,65,NullifyReturnValue,"return new QName(ns, n.getSimpleName());",return null;,12,
com/fasterxml/jackson/dataformat/xml/ser/XmlBeanPropertyWriter.java,149,RemoveNullCheck,if (xmlGen != null) {,if (true) {,13,
com/fasterxml/jackson/dataformat/xml/ser/XmlBeanPropertyWriter.java,144,RemoveNullCheck,if (_typeSerializer == null) {,if (false) {,14,
com/fasterxml/jackson/dataformat/xml/ser/XmlBeanPropertyWriter.java,140,RemoveNullCheck,if (xmlGen != null) {,if (true) {,15,
com/fasterxml/jackson/dataformat/xml/ser/XmlBeanPropertyWriter.java,120,RemoveNullCheck,if (_suppressableValue != null) {,if (true) {,16,
com/fasterxml/jackson/dataformat/xml/ser/XmlBeanPropertyWriter.java,115,RemoveNullCheck,if (ser == null) {,if (false) {,17,
com/fasterxml/jackson/dataformat/xml/ser/XmlBeanPropertyWriter.java,111,RemoveNullCheck,if (ser == null) {,if (false) {,18,
com/fasterxml/jackson/dataformat/xml/ser/XmlBeanPropertyWriter.java,92,RemoveNullCheck,if (value == null) {,if (false) {,19,
com/fasterxml/jackson/dataformat/xml/ser/XmlBeanPropertyWriter.java,144,RelationalOperatorReplacement,if (_typeSerializer == null) {,if (_typeSerializer != null) {,2,
com/fasterxml/jackson/dataformat/xml/ser/XmlBeanPropertyWriter.java,62,RemoveNullCheck,if (ns == null) {,if (false) {,20,
com/fasterxml/jackson/dataformat/xml/ser/XmlBeanPropertyWriter.java,54,RemoveNullCheck,if (serializer != null) {,if (true) {,21,
com/fasterxml/jackson/dataformat/xml/ser/XmlBeanPropertyWriter.java,81,NullifyInputVariable,{,{ prov = null;,22,
com/fasterxml/jackson/dataformat/xml/ser/XmlBeanPropertyWriter.java,81,NullifyInputVariable,{,{ jgen = null;,23,
com/fasterxml/jackson/dataformat/xml/ser/XmlBeanPropertyWriter.java,81,NullifyInputVariable,{,{ bean = null;,24,
com/fasterxml/jackson/dataformat/xml/ser/XmlBeanPropertyWriter.java,60,NullifyInputVariable,{,{ n = null;,25,
com/fasterxml/jackson/dataformat/xml/ser/XmlBeanPropertyWriter.java,65,NullifyObjectInitialization,"return new QName(ns, n.getSimpleName());",return null;,26,
com/fasterxml/jackson/dataformat/xml/ser/XmlBeanPropertyWriter.java,81,RemoveMethod,{,{,27,
com/fasterxml/jackson/dataformat/xml/ser/XmlBeanPropertyWriter.java,60,RemoveMethod,{,{,28,
com/fasterxml/jackson/dataformat/xml/ser/XmlBeanPropertyWriter.java,140,RelationalOperatorReplacement,if (xmlGen != null) {,if (xmlGen == null) {,3,
com/fasterxml/jackson/dataformat/xml/ser/XmlBeanPropertyWriter.java,130,RelationalOperatorReplacement,if (value == bean) {,if (value != bean) {,4,
com/fasterxml/jackson/dataformat/xml/ser/XmlBeanPropertyWriter.java,121,RelationalOperatorReplacement,if (MARKER_FOR_EMPTY == _suppressableValue) {,if (MARKER_FOR_EMPTY != _suppressableValue) {,5,
com/fasterxml/jackson/dataformat/xml/ser/XmlBeanPropertyWriter.java,120,RelationalOperatorReplacement,if (_suppressableValue != null) {,if (_suppressableValue == null) {,6,
com/fasterxml/jackson/dataformat/xml/ser/XmlBeanPropertyWriter.java,115,RelationalOperatorReplacement,if (ser == null) {,if (ser != null) {,7,
com/fasterxml/jackson/dataformat/xml/ser/XmlBeanPropertyWriter.java,111,RelationalOperatorReplacement,if (ser == null) {,if (ser != null) {,8,
com/fasterxml/jackson/dataformat/xml/ser/XmlBeanPropertyWriter.java,92,RelationalOperatorReplacement,if (value == null) {,if (value != null) {,9,
com/fasterxml/jackson/dataformat/xml/ser/XmlBeanSerializer.java,126,RelationalOperatorReplacement,if (_propertyFilterId != null) {,if (_propertyFilterId == null) {,1,
com/fasterxml/jackson/dataformat/xml/ser/XmlBeanSerializer.java,75,NullifyReturnValue,"return new XmlBeanSerializer(this, toIgnore, toInclude);",return null;,10,
com/fasterxml/jackson/dataformat/xml/ser/XmlBeanSerializer.java,70,NullifyReturnValue,"return new XmlBeanSerializer(this, _objectIdWriter, filterId);",return null;,11,
com/fasterxml/jackson/dataformat/xml/ser/XmlBeanSerializer.java,65,NullifyReturnValue,"return new XmlBeanSerializer(this, objectIdWriter, _propertyFilterId);",return null;,12,
com/fasterxml/jackson/dataformat/xml/ser/XmlBeanSerializer.java,60,NullifyReturnValue,"return new UnwrappingXmlBeanSerializer(this, unwrapper);",return null;,13,
com/fasterxml/jackson/dataformat/xml/ser/XmlBeanSerializer.java,126,RemoveNullCheck,if (_propertyFilterId != null) {,if (true) {,14,
com/fasterxml/jackson/dataformat/xml/ser/XmlBeanSerializer.java,121,RemoveNullCheck,if (_objectIdWriter != null) {,if (true) {,15,
com/fasterxml/jackson/dataformat/xml/ser/XmlBeanSerializer.java,100,RemoveNullCheck,&& (_propertyFilterId == null),&& (false),16,
com/fasterxml/jackson/dataformat/xml/ser/XmlBeanSerializer.java,99,RemoveNullCheck,&& (_anyGetterWriter == null),&& (false),17,
com/fasterxml/jackson/dataformat/xml/ser/XmlBeanSerializer.java,98,RemoveNullCheck,if ((_objectIdWriter == null),if ((false),18,
com/fasterxml/jackson/dataformat/xml/ser/XmlBeanSerializer.java,98,ConditionalOperatorReplacement,if ((_objectIdWriter == null),if ((_objectIdWriter == null),19,
com/fasterxml/jackson/dataformat/xml/ser/XmlBeanSerializer.java,121,RelationalOperatorReplacement,if (_objectIdWriter != null) {,if (_objectIdWriter == null) {,2,
com/fasterxml/jackson/dataformat/xml/ser/XmlBeanSerializer.java,98,ConditionalOperatorReplacement,if ((_objectIdWriter == null),if ((_objectIdWriter == null),20,
com/fasterxml/jackson/dataformat/xml/ser/XmlBeanSerializer.java,120,NullifyInputVariable,{,{ provider = null;,21,
com/fasterxml/jackson/dataformat/xml/ser/XmlBeanSerializer.java,120,NullifyInputVariable,{,{ g = null;,22,
com/fasterxml/jackson/dataformat/xml/ser/XmlBeanSerializer.java,120,NullifyInputVariable,{,{ bean = null;,23,
com/fasterxml/jackson/dataformat/xml/ser/XmlBeanSerializer.java,80,NullifyInputVariable,BeanPropertyWriter[] filteredProperties) {,BeanPropertyWriter[] filteredProperties) { filteredProperties = null;,24,
com/fasterxml/jackson/dataformat/xml/ser/XmlBeanSerializer.java,80,NullifyInputVariable,BeanPropertyWriter[] filteredProperties) {,BeanPropertyWriter[] filteredProperties) { properties = null;,25,
com/fasterxml/jackson/dataformat/xml/ser/XmlBeanSerializer.java,74,NullifyInputVariable,"protected BeanSerializerBase withByNameInclusion(Set<String> toIgnore, Set<String> toInclude) {","protected BeanSerializerBase withByNameInclusion(Set<String> toIgnore, Set<String> toInclude) { toInclude = null;",26,
com/fasterxml/jackson/dataformat/xml/ser/XmlBeanSerializer.java,74,NullifyInputVariable,"protected BeanSerializerBase withByNameInclusion(Set<String> toIgnore, Set<String> toInclude) {","protected BeanSerializerBase withByNameInclusion(Set<String> toIgnore, Set<String> toInclude) { toIgnore = null;",27,
com/fasterxml/jackson/dataformat/xml/ser/XmlBeanSerializer.java,69,NullifyInputVariable,public BeanSerializerBase withFilterId(Object filterId) {,public BeanSerializerBase withFilterId(Object filterId) { filterId = null;,28,
com/fasterxml/jackson/dataformat/xml/ser/XmlBeanSerializer.java,64,NullifyInputVariable,public BeanSerializerBase withObjectIdWriter(ObjectIdWriter objectIdWriter) {,public BeanSerializerBase withObjectIdWriter(ObjectIdWriter objectIdWriter) { objectIdWriter = null;,29,
com/fasterxml/jackson/dataformat/xml/ser/XmlBeanSerializer.java,100,RelationalOperatorReplacement,&& (_propertyFilterId == null),&& (_propertyFilterId != null),3,
com/fasterxml/jackson/dataformat/xml/ser/XmlBeanSerializer.java,59,NullifyInputVariable,public JsonSerializer<Object> unwrappingSerializer(NameTransformer unwrapper) {,public JsonSerializer<Object> unwrappingSerializer(NameTransformer unwrapper) { unwrapper = null;,30,
com/fasterxml/jackson/dataformat/xml/ser/XmlBeanSerializer.java,102,NullifyObjectInitialization,return new BeanAsArraySerializer(this);,return null;,31,
com/fasterxml/jackson/dataformat/xml/ser/XmlBeanSerializer.java,81,NullifyObjectInitialization,"return new XmlBeanSerializer(this, properties, filteredProperties);",return null;,32,
com/fasterxml/jackson/dataformat/xml/ser/XmlBeanSerializer.java,75,NullifyObjectInitialization,"return new XmlBeanSerializer(this, toIgnore, toInclude);",return null;,33,
com/fasterxml/jackson/dataformat/xml/ser/XmlBeanSerializer.java,70,NullifyObjectInitialization,"return new XmlBeanSerializer(this, _objectIdWriter, filterId);",return null;,34,
com/fasterxml/jackson/dataformat/xml/ser/XmlBeanSerializer.java,65,NullifyObjectInitialization,"return new XmlBeanSerializer(this, objectIdWriter, _propertyFilterId);",return null;,35,
com/fasterxml/jackson/dataformat/xml/ser/XmlBeanSerializer.java,60,NullifyObjectInitialization,"return new UnwrappingXmlBeanSerializer(this, unwrapper);",return null;,36,
com/fasterxml/jackson/dataformat/xml/ser/XmlBeanSerializer.java,141,RemoveMethod,public String toString() {,public String toString() {,37,
com/fasterxml/jackson/dataformat/xml/ser/XmlBeanSerializer.java,141,RemoveMethod,public String toString() {,public String toString() {,38,
com/fasterxml/jackson/dataformat/xml/ser/XmlBeanSerializer.java,120,RemoveMethod,{,{,39,
com/fasterxml/jackson/dataformat/xml/ser/XmlBeanSerializer.java,99,RelationalOperatorReplacement,&& (_anyGetterWriter == null),&& (_anyGetterWriter != null),4,
com/fasterxml/jackson/dataformat/xml/ser/XmlBeanSerializer.java,92,RemoveMethod,{,{,40,
com/fasterxml/jackson/dataformat/xml/ser/XmlBeanSerializer.java,80,RemoveMethod,BeanPropertyWriter[] filteredProperties) {,BeanPropertyWriter[] filteredProperties) {,41,
com/fasterxml/jackson/dataformat/xml/ser/XmlBeanSerializer.java,74,RemoveMethod,"protected BeanSerializerBase withByNameInclusion(Set<String> toIgnore, Set<String> toInclude) {","protected BeanSerializerBase withByNameInclusion(Set<String> toIgnore, Set<String> toInclude) {",42,
com/fasterxml/jackson/dataformat/xml/ser/XmlBeanSerializer.java,69,RemoveMethod,public BeanSerializerBase withFilterId(Object filterId) {,public BeanSerializerBase withFilterId(Object filterId) {,43,
com/fasterxml/jackson/dataformat/xml/ser/XmlBeanSerializer.java,64,RemoveMethod,public BeanSerializerBase withObjectIdWriter(ObjectIdWriter objectIdWriter) {,public BeanSerializerBase withObjectIdWriter(ObjectIdWriter objectIdWriter) {,44,
com/fasterxml/jackson/dataformat/xml/ser/XmlBeanSerializer.java,59,RemoveMethod,public JsonSerializer<Object> unwrappingSerializer(NameTransformer unwrapper) {,public JsonSerializer<Object> unwrappingSerializer(NameTransformer unwrapper) {,45,
com/fasterxml/jackson/dataformat/xml/ser/XmlBeanSerializer.java,98,RelationalOperatorReplacement,if ((_objectIdWriter == null),if ((_objectIdWriter != null),5,
com/fasterxml/jackson/dataformat/xml/ser/XmlBeanSerializer.java,142,NullifyReturnValue,"return ""XmlBeanSerializer for "" + handledType().getName();",return null;,6,
com/fasterxml/jackson/dataformat/xml/ser/XmlBeanSerializer.java,105,NullifyReturnValue,return this;,return null;,7,
com/fasterxml/jackson/dataformat/xml/ser/XmlBeanSerializer.java,102,NullifyReturnValue,return new BeanAsArraySerializer(this);,return null;,8,
com/fasterxml/jackson/dataformat/xml/ser/XmlBeanSerializer.java,81,NullifyReturnValue,"return new XmlBeanSerializer(this, properties, filteredProperties);",return null;,9,
com/fasterxml/jackson/dataformat/xml/ser/XmlBeanSerializerBase.java,401,RelationalOperatorReplacement,if (filteredProperties != null) {,if (filteredProperties == null) {,1,
com/fasterxml/jackson/dataformat/xml/ser/XmlBeanSerializerBase.java,326,RelationalOperatorReplacement,if (_objectIdWriter != null) {,if (_objectIdWriter == null) {,10,
com/fasterxml/jackson/dataformat/xml/ser/XmlBeanSerializerBase.java,103,NullifyObjectInitialization,"_xmlNames[i] = new QName((ns == null) ? """" : ns, bpw.getName());",_xmlNames[i] = null;,100,
com/fasterxml/jackson/dataformat/xml/ser/XmlBeanSerializerBase.java,83,NullifyObjectInitialization,cdata = new BitSet(len);,cdata = null;,101,
com/fasterxml/jackson/dataformat/xml/ser/XmlBeanSerializerBase.java,35,NullifyObjectInitialization,"public final static String KEY_XML_INFO = new String(""xmlInfo"");",public final static String KEY_XML_INFO = null;,102,
com/fasterxml/jackson/dataformat/xml/ser/XmlBeanSerializerBase.java,386,RemoveMethod,{,{,103,
com/fasterxml/jackson/dataformat/xml/ser/XmlBeanSerializerBase.java,386,RemoveMethod,{,{,104,
com/fasterxml/jackson/dataformat/xml/ser/XmlBeanSerializerBase.java,375,RemoveMethod,{,{,105,
com/fasterxml/jackson/dataformat/xml/ser/XmlBeanSerializerBase.java,375,RemoveMethod,{,{,106,
com/fasterxml/jackson/dataformat/xml/ser/XmlBeanSerializerBase.java,369,RemoveMethod,{,{,107,
com/fasterxml/jackson/dataformat/xml/ser/XmlBeanSerializerBase.java,369,RemoveMethod,{,{,108,
com/fasterxml/jackson/dataformat/xml/ser/XmlBeanSerializerBase.java,348,RemoveMethod,{,{,109,
com/fasterxml/jackson/dataformat/xml/ser/XmlBeanSerializerBase.java,315,RelationalOperatorReplacement,"String name = (i == props.length) ? ""[anySetter]"" : props[i].getName();","String name = (i != props.length) ? ""[anySetter]"" : props[i].getName();",11,
com/fasterxml/jackson/dataformat/xml/ser/XmlBeanSerializerBase.java,325,RemoveMethod,{,{,110,
com/fasterxml/jackson/dataformat/xml/ser/XmlBeanSerializerBase.java,243,RemoveMethod,{,{,111,
com/fasterxml/jackson/dataformat/xml/ser/XmlBeanSerializerBase.java,169,RemoveMethod,{,{,112,
com/fasterxml/jackson/dataformat/xml/ser/XmlBeanSerializerBase.java,407,ArithmeticOperatorReplacementShortcut,++attrCount;,--attrCount;,113,
com/fasterxml/jackson/dataformat/xml/ser/XmlBeanSerializerBase.java,389,ArithmeticOperatorReplacementShortcut,"for (int i = 0, len = properties.length; i < len; ++i) {","for (int i = 0, len = properties.length; i < len; --i) {",114,
com/fasterxml/jackson/dataformat/xml/ser/XmlBeanSerializerBase.java,276,ArithmeticOperatorReplacementShortcut,for (final int len = props.length; i < len; ++i) {,for (final int len = props.length; i < len; --i) {,115,
com/fasterxml/jackson/dataformat/xml/ser/XmlBeanSerializerBase.java,194,ArithmeticOperatorReplacementShortcut,for (final int len = props.length; i < len; ++i) {,for (final int len = props.length; i < len; --i) {,116,
com/fasterxml/jackson/dataformat/xml/ser/XmlBeanSerializerBase.java,93,ArithmeticOperatorReplacementShortcut,"for (int i = 0, len = _props.length; i < len; ++i) {","for (int i = 0, len = _props.length; i < len; --i) {",117,
com/fasterxml/jackson/dataformat/xml/ser/XmlBeanSerializerBase.java,79,ArithmeticOperatorReplacementShortcut,"for (int i = 0, len = _props.length; i < len; ++i) {","for (int i = 0, len = _props.length; i < len; --i) {",118,
com/fasterxml/jackson/dataformat/xml/ser/XmlBeanSerializerBase.java,92,ArithmeticOperatorReplacementUnary,int textIndex = -1;,int textIndex = +1;,119,
com/fasterxml/jackson/dataformat/xml/ser/XmlBeanSerializerBase.java,311,RelationalOperatorReplacement,"String name = (i == props.length) ? ""[anySetter]"" : props[i].getName();","String name = (i != props.length) ? ""[anySetter]"" : props[i].getName();",12,
com/fasterxml/jackson/dataformat/xml/ser/XmlBeanSerializerBase.java,303,RelationalOperatorReplacement,if (_anyGetterWriter != null) {,if (_anyGetterWriter == null) {,13,
com/fasterxml/jackson/dataformat/xml/ser/XmlBeanSerializerBase.java,299,RelationalOperatorReplacement,if (i == textIndex) {,if (i != textIndex) {,14,
com/fasterxml/jackson/dataformat/xml/ser/XmlBeanSerializerBase.java,289,RelationalOperatorReplacement,if ((cdata != null) && cdata.get(i)) {,if ((cdata == null) && cdata.get(i)) {,15,
com/fasterxml/jackson/dataformat/xml/ser/XmlBeanSerializerBase.java,288,RelationalOperatorReplacement,if (prop != null) { // can have nulls in filtered list,if (prop == null) { // can have nulls in filtered list,16,
com/fasterxml/jackson/dataformat/xml/ser/XmlBeanSerializerBase.java,283,RelationalOperatorReplacement,if (i == textIndex) {,if (i != textIndex) {,17,
com/fasterxml/jackson/dataformat/xml/ser/XmlBeanSerializerBase.java,279,RelationalOperatorReplacement,if (i == attrCount && !(isAttribute && isUnwrappingSerializer())) {,if (i != attrCount && !(isAttribute && isUnwrappingSerializer())) {,18,
com/fasterxml/jackson/dataformat/xml/ser/XmlBeanSerializerBase.java,276,RelationalOperatorReplacement,for (final int len = props.length; i < len; ++i) {,for (final int len = props.length; i >= len; ++i) {,19,
com/fasterxml/jackson/dataformat/xml/ser/XmlBeanSerializerBase.java,398,RelationalOperatorReplacement,if (moveBy > 0) {,if (moveBy <= 0) {,2,
com/fasterxml/jackson/dataformat/xml/ser/XmlBeanSerializerBase.java,267,RelationalOperatorReplacement,if (attrCount > 0) {,if (attrCount <= 0) {,20,
com/fasterxml/jackson/dataformat/xml/ser/XmlBeanSerializerBase.java,260,RelationalOperatorReplacement,if (filter == null) {,if (filter != null) {,21,
com/fasterxml/jackson/dataformat/xml/ser/XmlBeanSerializerBase.java,253,RelationalOperatorReplacement,if (_filteredProps != null && provider.getActiveView() != null) {,if (_filteredProps != null && provider.getActiveView() == null) {,22,
com/fasterxml/jackson/dataformat/xml/ser/XmlBeanSerializerBase.java,253,RelationalOperatorReplacement,if (_filteredProps != null && provider.getActiveView() != null) {,if (_filteredProps == null && provider.getActiveView() != null) {,23,
com/fasterxml/jackson/dataformat/xml/ser/XmlBeanSerializerBase.java,233,RelationalOperatorReplacement,"String name = (i == props.length) ? ""[anySetter]"" : props[i].getName();","String name = (i != props.length) ? ""[anySetter]"" : props[i].getName();",24,
com/fasterxml/jackson/dataformat/xml/ser/XmlBeanSerializerBase.java,228,RelationalOperatorReplacement,"String name = (i == props.length) ? ""[anySetter]"" : props[i].getName();","String name = (i != props.length) ? ""[anySetter]"" : props[i].getName();",25,
com/fasterxml/jackson/dataformat/xml/ser/XmlBeanSerializerBase.java,221,RelationalOperatorReplacement,if (_anyGetterWriter != null) {,if (_anyGetterWriter == null) {,26,
com/fasterxml/jackson/dataformat/xml/ser/XmlBeanSerializerBase.java,217,RelationalOperatorReplacement,if (i == textIndex) {,if (i != textIndex) {,27,
com/fasterxml/jackson/dataformat/xml/ser/XmlBeanSerializerBase.java,207,RelationalOperatorReplacement,if ((cdata != null) && cdata.get(i)) {,if ((cdata == null) && cdata.get(i)) {,28,
com/fasterxml/jackson/dataformat/xml/ser/XmlBeanSerializerBase.java,206,RelationalOperatorReplacement,if (prop != null) { // can have nulls in filtered list,if (prop == null) { // can have nulls in filtered list,29,
com/fasterxml/jackson/dataformat/xml/ser/XmlBeanSerializerBase.java,389,RelationalOperatorReplacement,"for (int i = 0, len = properties.length; i < len; ++i) {","for (int i = 0, len = properties.length; i >= len; ++i) {",3,
com/fasterxml/jackson/dataformat/xml/ser/XmlBeanSerializerBase.java,201,RelationalOperatorReplacement,if (i == textIndex) {,if (i != textIndex) {,30,
com/fasterxml/jackson/dataformat/xml/ser/XmlBeanSerializerBase.java,197,RelationalOperatorReplacement,if (i == attrCount && !(isAttribute && isUnwrappingSerializer())) {,if (i != attrCount && !(isAttribute && isUnwrappingSerializer())) {,31,
com/fasterxml/jackson/dataformat/xml/ser/XmlBeanSerializerBase.java,194,RelationalOperatorReplacement,for (final int len = props.length; i < len; ++i) {,for (final int len = props.length; i >= len; ++i) {,32,
com/fasterxml/jackson/dataformat/xml/ser/XmlBeanSerializerBase.java,185,RelationalOperatorReplacement,if (attrCount > 0) {,if (attrCount <= 0) {,33,
com/fasterxml/jackson/dataformat/xml/ser/XmlBeanSerializerBase.java,177,RelationalOperatorReplacement,if (_filteredProps != null && provider.getActiveView() != null) {,if (_filteredProps != null && provider.getActiveView() == null) {,34,
com/fasterxml/jackson/dataformat/xml/ser/XmlBeanSerializerBase.java,177,RelationalOperatorReplacement,if (_filteredProps != null && provider.getActiveView() != null) {,if (_filteredProps == null && provider.getActiveView() != null) {,35,
com/fasterxml/jackson/dataformat/xml/ser/XmlBeanSerializerBase.java,103,RelationalOperatorReplacement,"_xmlNames[i] = new QName((ns == null) ? """" : ns, bpw.getName());","_xmlNames[i] = new QName((ns != null) ? """" : ns, bpw.getName());",36,
com/fasterxml/jackson/dataformat/xml/ser/XmlBeanSerializerBase.java,99,RelationalOperatorReplacement,if (textIndex < 0 && info.isText()) {,if (textIndex >= 0 && info.isText()) {,37,
com/fasterxml/jackson/dataformat/xml/ser/XmlBeanSerializerBase.java,97,RelationalOperatorReplacement,if (info != null) {,if (info == null) {,38,
com/fasterxml/jackson/dataformat/xml/ser/XmlBeanSerializerBase.java,93,RelationalOperatorReplacement,"for (int i = 0, len = _props.length; i < len; ++i) {","for (int i = 0, len = _props.length; i >= len; ++i) {",39,
com/fasterxml/jackson/dataformat/xml/ser/XmlBeanSerializerBase.java,377,RelationalOperatorReplacement,return (info != null) && info.isCData();,return (info == null) && info.isCData();,4,
com/fasterxml/jackson/dataformat/xml/ser/XmlBeanSerializerBase.java,82,RelationalOperatorReplacement,if (cdata == null) {,if (cdata != null) {,40,
com/fasterxml/jackson/dataformat/xml/ser/XmlBeanSerializerBase.java,79,RelationalOperatorReplacement,"for (int i = 0, len = _props.length; i < len; ++i) {","for (int i = 0, len = _props.length; i >= len; ++i) {",41,
com/fasterxml/jackson/dataformat/xml/ser/XmlBeanSerializerBase.java,401,RemoveNullCheck,if (filteredProperties != null) {,if (true) {,42,
com/fasterxml/jackson/dataformat/xml/ser/XmlBeanSerializerBase.java,377,RemoveNullCheck,return (info != null) && info.isCData();,return (true) && info.isCData();,43,
com/fasterxml/jackson/dataformat/xml/ser/XmlBeanSerializerBase.java,371,RemoveNullCheck,return (info != null) && info.isAttribute();,return (true) && info.isAttribute();,44,
com/fasterxml/jackson/dataformat/xml/ser/XmlBeanSerializerBase.java,326,RemoveNullCheck,if (_objectIdWriter != null) {,if (true) {,45,
com/fasterxml/jackson/dataformat/xml/ser/XmlBeanSerializerBase.java,303,RemoveNullCheck,if (_anyGetterWriter != null) {,if (true) {,46,
com/fasterxml/jackson/dataformat/xml/ser/XmlBeanSerializerBase.java,289,RemoveNullCheck,if ((cdata != null) && cdata.get(i)) {,if ((true) && cdata.get(i)) {,47,
com/fasterxml/jackson/dataformat/xml/ser/XmlBeanSerializerBase.java,288,RemoveNullCheck,if (prop != null) { // can have nulls in filtered list,if (true) { // can have nulls in filtered list,48,
com/fasterxml/jackson/dataformat/xml/ser/XmlBeanSerializerBase.java,260,RemoveNullCheck,if (filter == null) {,if (false) {,49,
com/fasterxml/jackson/dataformat/xml/ser/XmlBeanSerializerBase.java,371,RelationalOperatorReplacement,return (info != null) && info.isAttribute();,return (info == null) && info.isAttribute();,5,
com/fasterxml/jackson/dataformat/xml/ser/XmlBeanSerializerBase.java,253,RemoveNullCheck,if (_filteredProps != null && provider.getActiveView() != null) {,if (_filteredProps != null && true) {,50,
com/fasterxml/jackson/dataformat/xml/ser/XmlBeanSerializerBase.java,253,RemoveNullCheck,if (_filteredProps != null && provider.getActiveView() != null) {,if (true && provider.getActiveView() != null) {,51,
com/fasterxml/jackson/dataformat/xml/ser/XmlBeanSerializerBase.java,221,RemoveNullCheck,if (_anyGetterWriter != null) {,if (true) {,52,
com/fasterxml/jackson/dataformat/xml/ser/XmlBeanSerializerBase.java,207,RemoveNullCheck,if ((cdata != null) && cdata.get(i)) {,if ((true) && cdata.get(i)) {,53,
com/fasterxml/jackson/dataformat/xml/ser/XmlBeanSerializerBase.java,206,RemoveNullCheck,if (prop != null) { // can have nulls in filtered list,if (true) { // can have nulls in filtered list,54,
com/fasterxml/jackson/dataformat/xml/ser/XmlBeanSerializerBase.java,177,RemoveNullCheck,if (_filteredProps != null && provider.getActiveView() != null) {,if (_filteredProps != null && true) {,55,
com/fasterxml/jackson/dataformat/xml/ser/XmlBeanSerializerBase.java,177,RemoveNullCheck,if (_filteredProps != null && provider.getActiveView() != null) {,if (true && provider.getActiveView() != null) {,56,
com/fasterxml/jackson/dataformat/xml/ser/XmlBeanSerializerBase.java,103,RemoveNullCheck,"_xmlNames[i] = new QName((ns == null) ? """" : ns, bpw.getName());","_xmlNames[i] = new QName((false) ? """" : ns, bpw.getName());",57,
com/fasterxml/jackson/dataformat/xml/ser/XmlBeanSerializerBase.java,97,RemoveNullCheck,if (info != null) {,if (true) {,58,
com/fasterxml/jackson/dataformat/xml/ser/XmlBeanSerializerBase.java,82,RemoveNullCheck,if (cdata == null) {,if (false) {,59,
com/fasterxml/jackson/dataformat/xml/ser/XmlBeanSerializerBase.java,354,RelationalOperatorReplacement,"if (_attributeCount == 0) { // if no attributes, need to reset","if (_attributeCount != 0) { // if no attributes, need to reset",6,
com/fasterxml/jackson/dataformat/xml/ser/XmlBeanSerializerBase.java,392,ConditionalOperatorDeletion,if (!_isAttribute(bpw)) {,if ( _isAttribute(bpw)) {,60,
com/fasterxml/jackson/dataformat/xml/ser/XmlBeanSerializerBase.java,279,ConditionalOperatorDeletion,if (i == attrCount && !(isAttribute && isUnwrappingSerializer())) {,if (i == attrCount && (isAttribute && isUnwrappingSerializer())) {,61,
com/fasterxml/jackson/dataformat/xml/ser/XmlBeanSerializerBase.java,245,ConditionalOperatorDeletion,if (!(gen0 instanceof ToXmlGenerator)) {,if ( (gen0 instanceof ToXmlGenerator)) {,62,
com/fasterxml/jackson/dataformat/xml/ser/XmlBeanSerializerBase.java,197,ConditionalOperatorDeletion,if (i == attrCount && !(isAttribute && isUnwrappingSerializer())) {,if (i == attrCount && (isAttribute && isUnwrappingSerializer())) {,63,
com/fasterxml/jackson/dataformat/xml/ser/XmlBeanSerializerBase.java,171,ConditionalOperatorDeletion,if (!(gen0 instanceof ToXmlGenerator)) {,if ( (gen0 instanceof ToXmlGenerator)) {,64,
com/fasterxml/jackson/dataformat/xml/ser/XmlBeanSerializerBase.java,377,ConditionalOperatorReplacement,return (info != null) && info.isCData();,return (info != null) || info.isCData();,65,
com/fasterxml/jackson/dataformat/xml/ser/XmlBeanSerializerBase.java,371,ConditionalOperatorReplacement,return (info != null) && info.isAttribute();,return (info != null) || info.isAttribute();,66,
com/fasterxml/jackson/dataformat/xml/ser/XmlBeanSerializerBase.java,289,ConditionalOperatorReplacement,if ((cdata != null) && cdata.get(i)) {,if ((cdata != null) || cdata.get(i)) {,67,
com/fasterxml/jackson/dataformat/xml/ser/XmlBeanSerializerBase.java,279,ConditionalOperatorReplacement,if (i == attrCount && !(isAttribute && isUnwrappingSerializer())) {,if (i == attrCount || !(isAttribute && isUnwrappingSerializer())) {,68,
com/fasterxml/jackson/dataformat/xml/ser/XmlBeanSerializerBase.java,279,ConditionalOperatorReplacement,if (i == attrCount && !(isAttribute && isUnwrappingSerializer())) {,if (i == attrCount && !(isAttribute || isUnwrappingSerializer())) {,69,
com/fasterxml/jackson/dataformat/xml/ser/XmlBeanSerializerBase.java,350,RelationalOperatorReplacement,if (typeSer.getTypeInclusion() == JsonTypeInfo.As.PROPERTY) {,if (typeSer.getTypeInclusion() != JsonTypeInfo.As.PROPERTY) {,7,
com/fasterxml/jackson/dataformat/xml/ser/XmlBeanSerializerBase.java,253,ConditionalOperatorReplacement,if (_filteredProps != null && provider.getActiveView() != null) {,if (_filteredProps != null || provider.getActiveView() != null) {,70,
com/fasterxml/jackson/dataformat/xml/ser/XmlBeanSerializerBase.java,207,ConditionalOperatorReplacement,if ((cdata != null) && cdata.get(i)) {,if ((cdata != null) || cdata.get(i)) {,71,
com/fasterxml/jackson/dataformat/xml/ser/XmlBeanSerializerBase.java,197,ConditionalOperatorReplacement,if (i == attrCount && !(isAttribute && isUnwrappingSerializer())) {,if (i == attrCount || !(isAttribute && isUnwrappingSerializer())) {,72,
com/fasterxml/jackson/dataformat/xml/ser/XmlBeanSerializerBase.java,197,ConditionalOperatorReplacement,if (i == attrCount && !(isAttribute && isUnwrappingSerializer())) {,if (i == attrCount && !(isAttribute || isUnwrappingSerializer())) {,73,
com/fasterxml/jackson/dataformat/xml/ser/XmlBeanSerializerBase.java,177,ConditionalOperatorReplacement,if (_filteredProps != null && provider.getActiveView() != null) {,if (_filteredProps != null || provider.getActiveView() != null) {,74,
com/fasterxml/jackson/dataformat/xml/ser/XmlBeanSerializerBase.java,99,ConditionalOperatorReplacement,if (textIndex < 0 && info.isText()) {,if (textIndex < 0 || info.isText()) {,75,
com/fasterxml/jackson/dataformat/xml/ser/XmlBeanSerializerBase.java,403,ArithmeticOperatorReplacementBinary,"System.arraycopy(filteredProperties, attrCount, filteredProperties, attrCount+1, moveBy);","System.arraycopy(filteredProperties, attrCount, filteredProperties, attrCount-1, moveBy);",76,
com/fasterxml/jackson/dataformat/xml/ser/XmlBeanSerializerBase.java,399,ArithmeticOperatorReplacementBinary,"System.arraycopy(properties, attrCount, properties, attrCount + 1, moveBy);","System.arraycopy(properties, attrCount, properties, attrCount - 1, moveBy);",77,
com/fasterxml/jackson/dataformat/xml/ser/XmlBeanSerializerBase.java,397,ArithmeticOperatorReplacementBinary,int moveBy = i - attrCount;,int moveBy = i + attrCount;,78,
com/fasterxml/jackson/dataformat/xml/ser/XmlBeanSerializerBase.java,386,NullifyInputVariable,{,{ filteredProperties = null;,79,
com/fasterxml/jackson/dataformat/xml/ser/XmlBeanSerializerBase.java,337,RelationalOperatorReplacement,"if (_attributeCount == 0) { // if no attributes, need to reset","if (_attributeCount != 0) { // if no attributes, need to reset",8,
com/fasterxml/jackson/dataformat/xml/ser/XmlBeanSerializerBase.java,386,NullifyInputVariable,{,{ properties = null;,80,
com/fasterxml/jackson/dataformat/xml/ser/XmlBeanSerializerBase.java,375,NullifyInputVariable,{,{ bpw = null;,81,
com/fasterxml/jackson/dataformat/xml/ser/XmlBeanSerializerBase.java,369,NullifyInputVariable,{,{ bpw = null;,82,
com/fasterxml/jackson/dataformat/xml/ser/XmlBeanSerializerBase.java,348,NullifyInputVariable,{,{ objectId = null;,83,
com/fasterxml/jackson/dataformat/xml/ser/XmlBeanSerializerBase.java,348,NullifyInputVariable,{,{ typeSer = null;,84,
com/fasterxml/jackson/dataformat/xml/ser/XmlBeanSerializerBase.java,348,NullifyInputVariable,{,{ provider = null;,85,
com/fasterxml/jackson/dataformat/xml/ser/XmlBeanSerializerBase.java,348,NullifyInputVariable,{,{ gen = null;,86,
com/fasterxml/jackson/dataformat/xml/ser/XmlBeanSerializerBase.java,348,NullifyInputVariable,{,{ bean = null;,87,
com/fasterxml/jackson/dataformat/xml/ser/XmlBeanSerializerBase.java,325,NullifyInputVariable,{,{ typeSer = null;,88,
com/fasterxml/jackson/dataformat/xml/ser/XmlBeanSerializerBase.java,325,NullifyInputVariable,{,{ provider = null;,89,
com/fasterxml/jackson/dataformat/xml/ser/XmlBeanSerializerBase.java,333,RelationalOperatorReplacement,if (typeSer.getTypeInclusion() == JsonTypeInfo.As.PROPERTY) {,if (typeSer.getTypeInclusion() != JsonTypeInfo.As.PROPERTY) {,9,
com/fasterxml/jackson/dataformat/xml/ser/XmlBeanSerializerBase.java,325,NullifyInputVariable,{,{ gen = null;,90,
com/fasterxml/jackson/dataformat/xml/ser/XmlBeanSerializerBase.java,325,NullifyInputVariable,{,{ bean = null;,91,
com/fasterxml/jackson/dataformat/xml/ser/XmlBeanSerializerBase.java,243,NullifyInputVariable,{,{ provider = null;,92,
com/fasterxml/jackson/dataformat/xml/ser/XmlBeanSerializerBase.java,243,NullifyInputVariable,{,{ gen0 = null;,93,
com/fasterxml/jackson/dataformat/xml/ser/XmlBeanSerializerBase.java,243,NullifyInputVariable,{,{ bean = null;,94,
com/fasterxml/jackson/dataformat/xml/ser/XmlBeanSerializerBase.java,169,NullifyInputVariable,{,{ provider = null;,95,
com/fasterxml/jackson/dataformat/xml/ser/XmlBeanSerializerBase.java,169,NullifyInputVariable,{,{ gen0 = null;,96,
com/fasterxml/jackson/dataformat/xml/ser/XmlBeanSerializerBase.java,169,NullifyInputVariable,{,{ bean = null;,97,
com/fasterxml/jackson/dataformat/xml/ser/XmlBeanSerializerBase.java,316,NullifyObjectInitialization,"mapE.prependPath(new JsonMappingException.Reference(bean, name));",mapE.prependPath(null);,98,
com/fasterxml/jackson/dataformat/xml/ser/XmlBeanSerializerBase.java,234,NullifyObjectInitialization,"mapE.prependPath(new JsonMappingException.Reference(bean, name));",mapE.prependPath(null);,99,
com/fasterxml/jackson/dataformat/xml/ser/XmlBeanSerializerModifier.java,66,RelationalOperatorReplacement,if (localName == null || localName.length() == 0) {,if (localName == null || localName.length() != 0) {,1,
com/fasterxml/jackson/dataformat/xml/ser/XmlBeanSerializerModifier.java,61,RemoveNullCheck,if (wrapperName == null || wrapperName == PropertyName.NO_NAME) {,if (false || wrapperName == PropertyName.NO_NAME) {,10,
com/fasterxml/jackson/dataformat/xml/ser/XmlBeanSerializerModifier.java,82,ConditionalOperatorDeletion,if (!(serializer instanceof BeanSerializerBase)) {,if ( (serializer instanceof BeanSerializerBase)) {,11,
com/fasterxml/jackson/dataformat/xml/ser/XmlBeanSerializerModifier.java,54,ConditionalOperatorDeletion,if (!TypeUtil.isIndexedType(bpw.getType())) {,if ( TypeUtil.isIndexedType(bpw.getType())) {,12,
com/fasterxml/jackson/dataformat/xml/ser/XmlBeanSerializerModifier.java,66,ConditionalOperatorReplacement,if (localName == null || localName.length() == 0) {,if (localName == null && localName.length() == 0) {,13,
com/fasterxml/jackson/dataformat/xml/ser/XmlBeanSerializerModifier.java,61,ConditionalOperatorReplacement,if (wrapperName == null || wrapperName == PropertyName.NO_NAME) {,if (wrapperName == null && wrapperName == PropertyName.NO_NAME) {,14,
com/fasterxml/jackson/dataformat/xml/ser/XmlBeanSerializerModifier.java,77,NullifyInputVariable,{,{ serializer = null;,15,
com/fasterxml/jackson/dataformat/xml/ser/XmlBeanSerializerModifier.java,77,NullifyInputVariable,{,{ beanDesc = null;,16,
com/fasterxml/jackson/dataformat/xml/ser/XmlBeanSerializerModifier.java,77,NullifyInputVariable,{,{ config = null;,17,
com/fasterxml/jackson/dataformat/xml/ser/XmlBeanSerializerModifier.java,39,NullifyInputVariable,{,{ beanProperties = null;,18,
com/fasterxml/jackson/dataformat/xml/ser/XmlBeanSerializerModifier.java,39,NullifyInputVariable,{,{ beanDesc = null;,19,
com/fasterxml/jackson/dataformat/xml/ser/XmlBeanSerializerModifier.java,66,RelationalOperatorReplacement,if (localName == null || localName.length() == 0) {,if (localName != null || localName.length() == 0) {,2,
com/fasterxml/jackson/dataformat/xml/ser/XmlBeanSerializerModifier.java,39,NullifyInputVariable,{,{ config = null;,20,
com/fasterxml/jackson/dataformat/xml/ser/XmlBeanSerializerModifier.java,85,NullifyObjectInitialization,return new XmlBeanSerializer((BeanSerializerBase) serializer);,return null;,21,
com/fasterxml/jackson/dataformat/xml/ser/XmlBeanSerializerModifier.java,69,NullifyObjectInitialization,"beanProperties.set(i, new XmlBeanPropertyWriter(bpw, wrapperName, wrappedName));","beanProperties.set(i, null);",22,
com/fasterxml/jackson/dataformat/xml/ser/XmlBeanSerializerModifier.java,49,NullifyObjectInitialization,"new XmlInfo(isAttribute, ns, isText, isCData));",null);,23,
com/fasterxml/jackson/dataformat/xml/ser/XmlBeanSerializerModifier.java,77,RemoveMethod,{,{,24,
com/fasterxml/jackson/dataformat/xml/ser/XmlBeanSerializerModifier.java,39,RemoveMethod,{,{,25,
com/fasterxml/jackson/dataformat/xml/ser/XmlBeanSerializerModifier.java,41,ArithmeticOperatorReplacementShortcut,"for (int i = 0, len = beanProperties.size(); i < len; ++i) {","for (int i = 0, len = beanProperties.size(); i < len; --i) {",26,
com/fasterxml/jackson/dataformat/xml/ser/XmlBeanSerializerModifier.java,61,RelationalOperatorReplacement,if (wrapperName == null || wrapperName == PropertyName.NO_NAME) {,if (wrapperName == null || wrapperName != PropertyName.NO_NAME) {,3,
com/fasterxml/jackson/dataformat/xml/ser/XmlBeanSerializerModifier.java,61,RelationalOperatorReplacement,if (wrapperName == null || wrapperName == PropertyName.NO_NAME) {,if (wrapperName != null || wrapperName == PropertyName.NO_NAME) {,4,
com/fasterxml/jackson/dataformat/xml/ser/XmlBeanSerializerModifier.java,41,RelationalOperatorReplacement,"for (int i = 0, len = beanProperties.size(); i < len; ++i) {","for (int i = 0, len = beanProperties.size(); i >= len; ++i) {",5,
com/fasterxml/jackson/dataformat/xml/ser/XmlBeanSerializerModifier.java,85,NullifyReturnValue,return new XmlBeanSerializer((BeanSerializerBase) serializer);,return null;,6,
com/fasterxml/jackson/dataformat/xml/ser/XmlBeanSerializerModifier.java,83,NullifyReturnValue,return serializer;,return null;,7,
com/fasterxml/jackson/dataformat/xml/ser/XmlBeanSerializerModifier.java,71,NullifyReturnValue,return beanProperties;,return null;,8,
com/fasterxml/jackson/dataformat/xml/ser/XmlBeanSerializerModifier.java,66,RemoveNullCheck,if (localName == null || localName.length() == 0) {,if (false || localName.length() == 0) {,9,
com/fasterxml/jackson/dataformat/xml/ser/XmlSerializerProvider.java,355,RelationalOperatorReplacement,if (msg == null) {,if (msg != null) {,1,
com/fasterxml/jackson/dataformat/xml/ser/XmlSerializerProvider.java,228,RelationalOperatorReplacement,if (valueSer == null) {,if (valueSer != null) {,10,
com/fasterxml/jackson/dataformat/xml/ser/XmlSerializerProvider.java,84,NullifyInputVariable,SerializerFactory jsf) {,SerializerFactory jsf) { config = null;,100,
com/fasterxml/jackson/dataformat/xml/ser/XmlSerializerProvider.java,78,NullifyInputVariable,public DefaultSerializerProvider withCaches(CacheProvider cacheProvider) {,public DefaultSerializerProvider withCaches(CacheProvider cacheProvider) { cacheProvider = null;,101,
com/fasterxml/jackson/dataformat/xml/ser/XmlSerializerProvider.java,358,NullifyObjectInitialization,"return new JsonMappingException(g, msg, e);",return null;,102,
com/fasterxml/jackson/dataformat/xml/ser/XmlSerializerProvider.java,322,NullifyObjectInitialization,"_initWithRootName(xgen, new QName(entry.getKey()));","_initWithRootName(xgen, null);",103,
com/fasterxml/jackson/dataformat/xml/ser/XmlSerializerProvider.java,302,NullifyObjectInitialization,"return new QName(ns, name.getSimpleName());",return null;,104,
com/fasterxml/jackson/dataformat/xml/ser/XmlSerializerProvider.java,300,NullifyObjectInitialization,return new QName(name.getSimpleName());,return null;,105,
com/fasterxml/jackson/dataformat/xml/ser/XmlSerializerProvider.java,85,NullifyObjectInitialization,"return new XmlSerializerProvider(this, config, jsf);",return null;,106,
com/fasterxml/jackson/dataformat/xml/ser/XmlSerializerProvider.java,79,NullifyObjectInitialization,"return new XmlSerializerProvider(this, cacheProvider);",return null;,107,
com/fasterxml/jackson/dataformat/xml/ser/XmlSerializerProvider.java,74,NullifyObjectInitialization,return new XmlSerializerProvider(this);,return null;,108,
com/fasterxml/jackson/dataformat/xml/ser/XmlSerializerProvider.java,63,NullifyObjectInitialization,_rootNameLookup = new XmlRootNameLookup();,_rootNameLookup = null;,109,
com/fasterxml/jackson/dataformat/xml/ser/XmlSerializerProvider.java,220,RelationalOperatorReplacement,asArray = (rootType == null),asArray = (rootType != null),11,
com/fasterxml/jackson/dataformat/xml/ser/XmlSerializerProvider.java,350,RemoveMethod,"protected IOException _wrapAsIOE(JsonGenerator g, Exception e) {","protected IOException _wrapAsIOE(JsonGenerator g, Exception e) {",110,
com/fasterxml/jackson/dataformat/xml/ser/XmlSerializerProvider.java,336,RemoveMethod,{,{,111,
com/fasterxml/jackson/dataformat/xml/ser/XmlSerializerProvider.java,316,RemoveMethod,{,{,112,
com/fasterxml/jackson/dataformat/xml/ser/XmlSerializerProvider.java,307,RemoveMethod,{,{,113,
com/fasterxml/jackson/dataformat/xml/ser/XmlSerializerProvider.java,307,RemoveMethod,{,{,114,
com/fasterxml/jackson/dataformat/xml/ser/XmlSerializerProvider.java,293,RemoveMethod,{,{,115,
com/fasterxml/jackson/dataformat/xml/ser/XmlSerializerProvider.java,269,RemoveMethod,{,{,116,
com/fasterxml/jackson/dataformat/xml/ser/XmlSerializerProvider.java,262,RemoveMethod,{,{,117,
com/fasterxml/jackson/dataformat/xml/ser/XmlSerializerProvider.java,248,RemoveMethod,{,{,118,
com/fasterxml/jackson/dataformat/xml/ser/XmlSerializerProvider.java,198,RemoveMethod,{,{,119,
com/fasterxml/jackson/dataformat/xml/ser/XmlSerializerProvider.java,215,RelationalOperatorReplacement,rootName = (rootType == null),rootName = (rootType != null),12,
com/fasterxml/jackson/dataformat/xml/ser/XmlSerializerProvider.java,144,RemoveMethod,{,{,120,
com/fasterxml/jackson/dataformat/xml/ser/XmlSerializerProvider.java,135,RemoveMethod,{,{,121,
com/fasterxml/jackson/dataformat/xml/ser/XmlSerializerProvider.java,91,RemoveMethod,{,{,122,
com/fasterxml/jackson/dataformat/xml/ser/XmlSerializerProvider.java,84,RemoveMethod,SerializerFactory jsf) {,SerializerFactory jsf) {,123,
com/fasterxml/jackson/dataformat/xml/ser/XmlSerializerProvider.java,78,RemoveMethod,public DefaultSerializerProvider withCaches(CacheProvider cacheProvider) {,public DefaultSerializerProvider withCaches(CacheProvider cacheProvider) {,124,
com/fasterxml/jackson/dataformat/xml/ser/XmlSerializerProvider.java,73,RemoveMethod,public DefaultSerializerProvider copy() {,public DefaultSerializerProvider copy() {,125,
com/fasterxml/jackson/dataformat/xml/ser/XmlSerializerProvider.java,214,RelationalOperatorReplacement,if (rootName == null) {,if (rootName != null) {,13,
com/fasterxml/jackson/dataformat/xml/ser/XmlSerializerProvider.java,210,RelationalOperatorReplacement,if (xgen == null) { // called by convertValue(),if (xgen != null) { // called by convertValue(),14,
com/fasterxml/jackson/dataformat/xml/ser/XmlSerializerProvider.java,205,RelationalOperatorReplacement,if ((rootType != null) && !rootType.getRawClass().isAssignableFrom(value.getClass())) {,if ((rootType == null) && !rootType.getRawClass().isAssignableFrom(value.getClass())) {,15,
com/fasterxml/jackson/dataformat/xml/ser/XmlSerializerProvider.java,200,RelationalOperatorReplacement,if (value == null) {,if (value != null) {,16,
com/fasterxml/jackson/dataformat/xml/ser/XmlSerializerProvider.java,178,RelationalOperatorReplacement,if (ser == null) {,if (ser != null) {,17,
com/fasterxml/jackson/dataformat/xml/ser/XmlSerializerProvider.java,171,RelationalOperatorReplacement,asArray = (rootType == null),asArray = (rootType != null),18,
com/fasterxml/jackson/dataformat/xml/ser/XmlSerializerProvider.java,166,RelationalOperatorReplacement,rootName = (rootType == null),rootName = (rootType != null),19,
com/fasterxml/jackson/dataformat/xml/ser/XmlSerializerProvider.java,323,RelationalOperatorReplacement,if (ser == null) {,if (ser != null) {,2,
com/fasterxml/jackson/dataformat/xml/ser/XmlSerializerProvider.java,165,RelationalOperatorReplacement,if (rootName == null) {,if (rootName != null) {,20,
com/fasterxml/jackson/dataformat/xml/ser/XmlSerializerProvider.java,156,RelationalOperatorReplacement,if (xgen == null) { // called by convertValue(),if (xgen != null) { // called by convertValue(),21,
com/fasterxml/jackson/dataformat/xml/ser/XmlSerializerProvider.java,151,RelationalOperatorReplacement,if ((rootType != null) && !rootType.getRawClass().isAssignableFrom(value.getClass())) {,if ((rootType == null) && !rootType.getRawClass().isAssignableFrom(value.getClass())) {,22,
com/fasterxml/jackson/dataformat/xml/ser/XmlSerializerProvider.java,146,RelationalOperatorReplacement,if (value == null) {,if (value != null) {,23,
com/fasterxml/jackson/dataformat/xml/ser/XmlSerializerProvider.java,109,RelationalOperatorReplacement,if (rootName == null) {,if (rootName != null) {,24,
com/fasterxml/jackson/dataformat/xml/ser/XmlSerializerProvider.java,100,RelationalOperatorReplacement,if (xgen == null) { // called by convertValue(),if (xgen != null) { // called by convertValue(),25,
com/fasterxml/jackson/dataformat/xml/ser/XmlSerializerProvider.java,93,RelationalOperatorReplacement,if (value == null) {,if (value != null) {,26,
com/fasterxml/jackson/dataformat/xml/ser/XmlSerializerProvider.java,358,NullifyReturnValue,"return new JsonMappingException(g, msg, e);",return null;,27,
com/fasterxml/jackson/dataformat/xml/ser/XmlSerializerProvider.java,352,NullifyReturnValue,return (IOException) e;,return null;,28,
com/fasterxml/jackson/dataformat/xml/ser/XmlSerializerProvider.java,347,NullifyReturnValue,return (ToXmlGenerator) gen;,return null;,29,
com/fasterxml/jackson/dataformat/xml/ser/XmlSerializerProvider.java,310,RelationalOperatorReplacement,&& (((ObjectNode) value).size() == 1);,&& (((ObjectNode) value).size() != 1);,3,
com/fasterxml/jackson/dataformat/xml/ser/XmlSerializerProvider.java,340,NullifyReturnValue,return null;,return null;,30,
com/fasterxml/jackson/dataformat/xml/ser/XmlSerializerProvider.java,302,NullifyReturnValue,"return new QName(ns, name.getSimpleName());",return null;,31,
com/fasterxml/jackson/dataformat/xml/ser/XmlSerializerProvider.java,300,NullifyReturnValue,return new QName(name.getSimpleName());,return null;,32,
com/fasterxml/jackson/dataformat/xml/ser/XmlSerializerProvider.java,296,NullifyReturnValue,return null;,return null;,33,
com/fasterxml/jackson/dataformat/xml/ser/XmlSerializerProvider.java,85,NullifyReturnValue,"return new XmlSerializerProvider(this, config, jsf);",return null;,34,
com/fasterxml/jackson/dataformat/xml/ser/XmlSerializerProvider.java,79,NullifyReturnValue,"return new XmlSerializerProvider(this, cacheProvider);",return null;,35,
com/fasterxml/jackson/dataformat/xml/ser/XmlSerializerProvider.java,74,NullifyReturnValue,return new XmlSerializerProvider(this);,return null;,36,
com/fasterxml/jackson/dataformat/xml/ser/XmlSerializerProvider.java,355,RemoveNullCheck,if (msg == null) {,if (false) {,37,
com/fasterxml/jackson/dataformat/xml/ser/XmlSerializerProvider.java,323,RemoveNullCheck,if (ser == null) {,if (false) {,38,
com/fasterxml/jackson/dataformat/xml/ser/XmlSerializerProvider.java,299,RemoveNullCheck,if (ns == null || ns.isEmpty()) {,if (false || ns.isEmpty()) {,39,
com/fasterxml/jackson/dataformat/xml/ser/XmlSerializerProvider.java,299,RelationalOperatorReplacement,if (ns == null || ns.isEmpty()) {,if (ns != null || ns.isEmpty()) {,4,
com/fasterxml/jackson/dataformat/xml/ser/XmlSerializerProvider.java,295,RemoveNullCheck,if (name == null) {,if (false) {,40,
com/fasterxml/jackson/dataformat/xml/ser/XmlSerializerProvider.java,283,RemoveNullCheck,if (ns != null && ns.length() > 0) {,if (true && ns.length() > 0) {,41,
com/fasterxml/jackson/dataformat/xml/ser/XmlSerializerProvider.java,252,RemoveNullCheck,if (rootName == null) {,if (false) {,42,
com/fasterxml/jackson/dataformat/xml/ser/XmlSerializerProvider.java,229,RemoveNullCheck,if ((rootType != null) && rootType.isContainerType()) {,if ((true) && rootType.isContainerType()) {,43,
com/fasterxml/jackson/dataformat/xml/ser/XmlSerializerProvider.java,228,RemoveNullCheck,if (valueSer == null) {,if (false) {,44,
com/fasterxml/jackson/dataformat/xml/ser/XmlSerializerProvider.java,220,RemoveNullCheck,asArray = (rootType == null),asArray = (false),45,
com/fasterxml/jackson/dataformat/xml/ser/XmlSerializerProvider.java,215,RemoveNullCheck,rootName = (rootType == null),rootName = (false),46,
com/fasterxml/jackson/dataformat/xml/ser/XmlSerializerProvider.java,214,RemoveNullCheck,if (rootName == null) {,if (false) {,47,
com/fasterxml/jackson/dataformat/xml/ser/XmlSerializerProvider.java,210,RemoveNullCheck,if (xgen == null) { // called by convertValue(),if (false) { // called by convertValue(),48,
com/fasterxml/jackson/dataformat/xml/ser/XmlSerializerProvider.java,205,RemoveNullCheck,if ((rootType != null) && !rootType.getRawClass().isAssignableFrom(value.getClass())) {,if ((true) && !rootType.getRawClass().isAssignableFrom(value.getClass())) {,49,
com/fasterxml/jackson/dataformat/xml/ser/XmlSerializerProvider.java,295,RelationalOperatorReplacement,if (name == null) {,if (name != null) {,5,
com/fasterxml/jackson/dataformat/xml/ser/XmlSerializerProvider.java,200,RemoveNullCheck,if (value == null) {,if (false) {,50,
com/fasterxml/jackson/dataformat/xml/ser/XmlSerializerProvider.java,178,RemoveNullCheck,if (ser == null) {,if (false) {,51,
com/fasterxml/jackson/dataformat/xml/ser/XmlSerializerProvider.java,171,RemoveNullCheck,asArray = (rootType == null),asArray = (false),52,
com/fasterxml/jackson/dataformat/xml/ser/XmlSerializerProvider.java,166,RemoveNullCheck,rootName = (rootType == null),rootName = (false),53,
com/fasterxml/jackson/dataformat/xml/ser/XmlSerializerProvider.java,165,RemoveNullCheck,if (rootName == null) {,if (false) {,54,
com/fasterxml/jackson/dataformat/xml/ser/XmlSerializerProvider.java,156,RemoveNullCheck,if (xgen == null) { // called by convertValue(),if (false) { // called by convertValue(),55,
com/fasterxml/jackson/dataformat/xml/ser/XmlSerializerProvider.java,151,RemoveNullCheck,if ((rootType != null) && !rootType.getRawClass().isAssignableFrom(value.getClass())) {,if ((true) && !rootType.getRawClass().isAssignableFrom(value.getClass())) {,56,
com/fasterxml/jackson/dataformat/xml/ser/XmlSerializerProvider.java,146,RemoveNullCheck,if (value == null) {,if (false) {,57,
com/fasterxml/jackson/dataformat/xml/ser/XmlSerializerProvider.java,109,RemoveNullCheck,if (rootName == null) {,if (false) {,58,
com/fasterxml/jackson/dataformat/xml/ser/XmlSerializerProvider.java,100,RemoveNullCheck,if (xgen == null) { // called by convertValue(),if (false) { // called by convertValue(),59,
com/fasterxml/jackson/dataformat/xml/ser/XmlSerializerProvider.java,283,RelationalOperatorReplacement,if (ns != null && ns.length() > 0) {,if (ns != null && ns.length() <= 0) {,6,
com/fasterxml/jackson/dataformat/xml/ser/XmlSerializerProvider.java,93,RemoveNullCheck,if (value == null) {,if (false) {,60,
com/fasterxml/jackson/dataformat/xml/ser/XmlSerializerProvider.java,337,ConditionalOperatorDeletion,if (!(gen instanceof ToXmlGenerator)) {,if ( (gen instanceof ToXmlGenerator)) {,61,
com/fasterxml/jackson/dataformat/xml/ser/XmlSerializerProvider.java,272,ConditionalOperatorDeletion,if (!xgen.setNextNameIfMissing(rootName)) {,if ( xgen.setNextNameIfMissing(rootName)) {,62,
com/fasterxml/jackson/dataformat/xml/ser/XmlSerializerProvider.java,205,ConditionalOperatorDeletion,if ((rootType != null) && !rootType.getRawClass().isAssignableFrom(value.getClass())) {,if ((rootType != null) && rootType.getRawClass().isAssignableFrom(value.getClass())) {,63,
com/fasterxml/jackson/dataformat/xml/ser/XmlSerializerProvider.java,151,ConditionalOperatorDeletion,if ((rootType != null) && !rootType.getRawClass().isAssignableFrom(value.getClass())) {,if ((rootType != null) && rootType.getRawClass().isAssignableFrom(value.getClass())) {,64,
com/fasterxml/jackson/dataformat/xml/ser/XmlSerializerProvider.java,308,ConditionalOperatorReplacement,return xgen.isEnabled(ToXmlGenerator.Feature.UNWRAP_ROOT_OBJECT_NODE),return xgen.isEnabled(ToXmlGenerator.Feature.UNWRAP_ROOT_OBJECT_NODE),65,
com/fasterxml/jackson/dataformat/xml/ser/XmlSerializerProvider.java,308,ConditionalOperatorReplacement,return xgen.isEnabled(ToXmlGenerator.Feature.UNWRAP_ROOT_OBJECT_NODE),return xgen.isEnabled(ToXmlGenerator.Feature.UNWRAP_ROOT_OBJECT_NODE),66,
com/fasterxml/jackson/dataformat/xml/ser/XmlSerializerProvider.java,299,ConditionalOperatorReplacement,if (ns == null || ns.isEmpty()) {,if (ns == null && ns.isEmpty()) {,67,
com/fasterxml/jackson/dataformat/xml/ser/XmlSerializerProvider.java,283,ConditionalOperatorReplacement,if (ns != null && ns.length() > 0) {,if (ns != null || ns.length() > 0) {,68,
com/fasterxml/jackson/dataformat/xml/ser/XmlSerializerProvider.java,229,ConditionalOperatorReplacement,if ((rootType != null) && rootType.isContainerType()) {,if ((rootType != null) || rootType.isContainerType()) {,69,
com/fasterxml/jackson/dataformat/xml/ser/XmlSerializerProvider.java,283,RelationalOperatorReplacement,if (ns != null && ns.length() > 0) {,if (ns == null && ns.length() > 0) {,7,
com/fasterxml/jackson/dataformat/xml/ser/XmlSerializerProvider.java,205,ConditionalOperatorReplacement,if ((rootType != null) && !rootType.getRawClass().isAssignableFrom(value.getClass())) {,if ((rootType != null) || !rootType.getRawClass().isAssignableFrom(value.getClass())) {,70,
com/fasterxml/jackson/dataformat/xml/ser/XmlSerializerProvider.java,151,ConditionalOperatorReplacement,if ((rootType != null) && !rootType.getRawClass().isAssignableFrom(value.getClass())) {,if ((rootType != null) || !rootType.getRawClass().isAssignableFrom(value.getClass())) {,71,
com/fasterxml/jackson/dataformat/xml/ser/XmlSerializerProvider.java,350,NullifyInputVariable,"protected IOException _wrapAsIOE(JsonGenerator g, Exception e) {","protected IOException _wrapAsIOE(JsonGenerator g, Exception e) { e = null;",72,
com/fasterxml/jackson/dataformat/xml/ser/XmlSerializerProvider.java,350,NullifyInputVariable,"protected IOException _wrapAsIOE(JsonGenerator g, Exception e) {","protected IOException _wrapAsIOE(JsonGenerator g, Exception e) { g = null;",73,
com/fasterxml/jackson/dataformat/xml/ser/XmlSerializerProvider.java,336,NullifyInputVariable,{,{ gen = null;,74,
com/fasterxml/jackson/dataformat/xml/ser/XmlSerializerProvider.java,316,NullifyInputVariable,{,{ ser = null;,75,
com/fasterxml/jackson/dataformat/xml/ser/XmlSerializerProvider.java,316,NullifyInputVariable,{,{ value = null;,76,
com/fasterxml/jackson/dataformat/xml/ser/XmlSerializerProvider.java,316,NullifyInputVariable,{,{ xgen = null;,77,
com/fasterxml/jackson/dataformat/xml/ser/XmlSerializerProvider.java,307,NullifyInputVariable,{,{ value = null;,78,
com/fasterxml/jackson/dataformat/xml/ser/XmlSerializerProvider.java,307,NullifyInputVariable,{,{ xgen = null;,79,
com/fasterxml/jackson/dataformat/xml/ser/XmlSerializerProvider.java,252,RelationalOperatorReplacement,if (rootName == null) {,if (rootName != null) {,8,
com/fasterxml/jackson/dataformat/xml/ser/XmlSerializerProvider.java,269,NullifyInputVariable,{,{ rootName = null;,80,
com/fasterxml/jackson/dataformat/xml/ser/XmlSerializerProvider.java,269,NullifyInputVariable,{,{ xgen = null;,81,
com/fasterxml/jackson/dataformat/xml/ser/XmlSerializerProvider.java,262,NullifyInputVariable,{,{ rootName = null;,82,
com/fasterxml/jackson/dataformat/xml/ser/XmlSerializerProvider.java,262,NullifyInputVariable,{,{ xgen = null;,83,
com/fasterxml/jackson/dataformat/xml/ser/XmlSerializerProvider.java,248,NullifyInputVariable,{,{ gen = null;,84,
com/fasterxml/jackson/dataformat/xml/ser/XmlSerializerProvider.java,198,NullifyInputVariable,{,{ typeSer = null;,85,
com/fasterxml/jackson/dataformat/xml/ser/XmlSerializerProvider.java,198,NullifyInputVariable,{,{ valueSer = null;,86,
com/fasterxml/jackson/dataformat/xml/ser/XmlSerializerProvider.java,198,NullifyInputVariable,{,{ rootType = null;,87,
com/fasterxml/jackson/dataformat/xml/ser/XmlSerializerProvider.java,198,NullifyInputVariable,{,{ value = null;,88,
com/fasterxml/jackson/dataformat/xml/ser/XmlSerializerProvider.java,198,NullifyInputVariable,{,{ gen = null;,89,
com/fasterxml/jackson/dataformat/xml/ser/XmlSerializerProvider.java,229,RelationalOperatorReplacement,if ((rootType != null) && rootType.isContainerType()) {,if ((rootType == null) && rootType.isContainerType()) {,9,
com/fasterxml/jackson/dataformat/xml/ser/XmlSerializerProvider.java,144,NullifyInputVariable,{,{ ser = null;,90,
com/fasterxml/jackson/dataformat/xml/ser/XmlSerializerProvider.java,144,NullifyInputVariable,{,{ rootType = null;,91,
com/fasterxml/jackson/dataformat/xml/ser/XmlSerializerProvider.java,144,NullifyInputVariable,{,{ value = null;,92,
com/fasterxml/jackson/dataformat/xml/ser/XmlSerializerProvider.java,144,NullifyInputVariable,{,{ gen = null;,93,
com/fasterxml/jackson/dataformat/xml/ser/XmlSerializerProvider.java,135,NullifyInputVariable,{,{ rootType = null;,94,
com/fasterxml/jackson/dataformat/xml/ser/XmlSerializerProvider.java,135,NullifyInputVariable,{,{ value = null;,95,
com/fasterxml/jackson/dataformat/xml/ser/XmlSerializerProvider.java,135,NullifyInputVariable,{,{ gen = null;,96,
com/fasterxml/jackson/dataformat/xml/ser/XmlSerializerProvider.java,91,NullifyInputVariable,{,{ value = null;,97,
com/fasterxml/jackson/dataformat/xml/ser/XmlSerializerProvider.java,91,NullifyInputVariable,{,{ gen = null;,98,
com/fasterxml/jackson/dataformat/xml/ser/XmlSerializerProvider.java,84,NullifyInputVariable,SerializerFactory jsf) {,SerializerFactory jsf) { jsf = null;,99,
com/fasterxml/jackson/dataformat/xml/util/AnnotationUtil.java,61,RelationalOperatorReplacement,if (b != null) {,if (b == null) {,1,
com/fasterxml/jackson/dataformat/xml/util/AnnotationUtil.java,32,NullifyReturnValue,return b;,return null;,10,
com/fasterxml/jackson/dataformat/xml/util/AnnotationUtil.java,21,NullifyReturnValue,return null;,return null;,11,
com/fasterxml/jackson/dataformat/xml/util/AnnotationUtil.java,17,NullifyReturnValue,return ns;,return null;,12,
com/fasterxml/jackson/dataformat/xml/util/AnnotationUtil.java,61,RemoveNullCheck,if (b != null) {,if (true) {,13,
com/fasterxml/jackson/dataformat/xml/util/AnnotationUtil.java,46,RemoveNullCheck,if (b != null) {,if (true) {,14,
com/fasterxml/jackson/dataformat/xml/util/AnnotationUtil.java,31,RemoveNullCheck,if (b != null) {,if (true) {,15,
com/fasterxml/jackson/dataformat/xml/util/AnnotationUtil.java,16,RemoveNullCheck,if (ns != null) {,if (true) {,16,
com/fasterxml/jackson/dataformat/xml/util/AnnotationUtil.java,57,NullifyInputVariable,{,{ prop = null;,17,
com/fasterxml/jackson/dataformat/xml/util/AnnotationUtil.java,57,NullifyInputVariable,{,{ ai = null;,18,
com/fasterxml/jackson/dataformat/xml/util/AnnotationUtil.java,57,NullifyInputVariable,{,{ config = null;,19,
com/fasterxml/jackson/dataformat/xml/util/AnnotationUtil.java,46,RelationalOperatorReplacement,if (b != null) {,if (b == null) {,2,
com/fasterxml/jackson/dataformat/xml/util/AnnotationUtil.java,42,NullifyInputVariable,{,{ prop = null;,20,
com/fasterxml/jackson/dataformat/xml/util/AnnotationUtil.java,42,NullifyInputVariable,{,{ ai = null;,21,
com/fasterxml/jackson/dataformat/xml/util/AnnotationUtil.java,42,NullifyInputVariable,{,{ config = null;,22,
com/fasterxml/jackson/dataformat/xml/util/AnnotationUtil.java,27,NullifyInputVariable,{,{ prop = null;,23,
com/fasterxml/jackson/dataformat/xml/util/AnnotationUtil.java,27,NullifyInputVariable,{,{ ai = null;,24,
com/fasterxml/jackson/dataformat/xml/util/AnnotationUtil.java,27,NullifyInputVariable,{,{ config = null;,25,
com/fasterxml/jackson/dataformat/xml/util/AnnotationUtil.java,12,NullifyInputVariable,{,{ prop = null;,26,
com/fasterxml/jackson/dataformat/xml/util/AnnotationUtil.java,12,NullifyInputVariable,{,{ ai = null;,27,
com/fasterxml/jackson/dataformat/xml/util/AnnotationUtil.java,12,NullifyInputVariable,{,{ config = null;,28,
com/fasterxml/jackson/dataformat/xml/util/AnnotationUtil.java,57,RemoveMethod,{,{,29,
com/fasterxml/jackson/dataformat/xml/util/AnnotationUtil.java,31,RelationalOperatorReplacement,if (b != null) {,if (b == null) {,3,
com/fasterxml/jackson/dataformat/xml/util/AnnotationUtil.java,42,RemoveMethod,{,{,30,
com/fasterxml/jackson/dataformat/xml/util/AnnotationUtil.java,27,RemoveMethod,{,{,31,
com/fasterxml/jackson/dataformat/xml/util/AnnotationUtil.java,12,RemoveMethod,{,{,32,
com/fasterxml/jackson/dataformat/xml/util/AnnotationUtil.java,12,RemoveMethod,{,{,33,
com/fasterxml/jackson/dataformat/xml/util/AnnotationUtil.java,16,RelationalOperatorReplacement,if (ns != null) {,if (ns == null) {,4,
com/fasterxml/jackson/dataformat/xml/util/AnnotationUtil.java,66,NullifyReturnValue,return null;,return null;,5,
com/fasterxml/jackson/dataformat/xml/util/AnnotationUtil.java,62,NullifyReturnValue,return b;,return null;,6,
com/fasterxml/jackson/dataformat/xml/util/AnnotationUtil.java,51,NullifyReturnValue,return null;,return null;,7,
com/fasterxml/jackson/dataformat/xml/util/AnnotationUtil.java,47,NullifyReturnValue,return b;,return null;,8,
com/fasterxml/jackson/dataformat/xml/util/AnnotationUtil.java,36,NullifyReturnValue,return null;,return null;,9,
com/fasterxml/jackson/dataformat/xml/util/CaseInsensitiveNameSet.java,34,RelationalOperatorReplacement,return (lc != key) && _namesToMatch.contains(lc);,return (lc == key) && _namesToMatch.contains(lc);,1,
com/fasterxml/jackson/dataformat/xml/util/CaseInsensitiveNameSet.java,43,RemoveMethod,public int size() {,public int size() {,10,
com/fasterxml/jackson/dataformat/xml/util/CaseInsensitiveNameSet.java,38,RemoveMethod,public Iterator<String> iterator() {,public Iterator<String> iterator() {,11,
com/fasterxml/jackson/dataformat/xml/util/CaseInsensitiveNameSet.java,28,RemoveMethod,public boolean contains(Object key0) {,public boolean contains(Object key0) {,12,
com/fasterxml/jackson/dataformat/xml/util/CaseInsensitiveNameSet.java,28,RemoveMethod,public boolean contains(Object key0) {,public boolean contains(Object key0) {,13,
com/fasterxml/jackson/dataformat/xml/util/CaseInsensitiveNameSet.java,19,RemoveMethod,public static CaseInsensitiveNameSet construct(Set<String> names0) {,public static CaseInsensitiveNameSet construct(Set<String> names0) {,14,
com/fasterxml/jackson/dataformat/xml/util/CaseInsensitiveNameSet.java,39,NullifyReturnValue,return _namesToMatch.iterator();,return null;,2,
com/fasterxml/jackson/dataformat/xml/util/CaseInsensitiveNameSet.java,24,NullifyReturnValue,return new CaseInsensitiveNameSet(namesToMatch);,return null;,3,
com/fasterxml/jackson/dataformat/xml/util/CaseInsensitiveNameSet.java,34,ConditionalOperatorReplacement,return (lc != key) && _namesToMatch.contains(lc);,return (lc != key) || _namesToMatch.contains(lc);,4,
com/fasterxml/jackson/dataformat/xml/util/CaseInsensitiveNameSet.java,28,NullifyInputVariable,public boolean contains(Object key0) {,public boolean contains(Object key0) { key0 = null;,5,
com/fasterxml/jackson/dataformat/xml/util/CaseInsensitiveNameSet.java,19,NullifyInputVariable,public static CaseInsensitiveNameSet construct(Set<String> names0) {,public static CaseInsensitiveNameSet construct(Set<String> names0) { names0 = null;,6,
com/fasterxml/jackson/dataformat/xml/util/CaseInsensitiveNameSet.java,24,NullifyObjectInitialization,return new CaseInsensitiveNameSet(namesToMatch);,return null;,7,
com/fasterxml/jackson/dataformat/xml/util/CaseInsensitiveNameSet.java,20,NullifyObjectInitialization,Set<String> namesToMatch = new HashSet<String>(names0);,Set<String> namesToMatch = null;,8,
com/fasterxml/jackson/dataformat/xml/util/CaseInsensitiveNameSet.java,43,RemoveMethod,public int size() {,public int size() {,9,
com/fasterxml/jackson/dataformat/xml/util/DefaultXmlPrettyPrinter.java,552,RelationalOperatorReplacement,while (level > SPACE_COUNT) { // should never happen but...,while (level <= SPACE_COUNT) { // should never happen but...,1,
com/fasterxml/jackson/dataformat/xml/util/DefaultXmlPrettyPrinter.java,138,RemoveNullCheck,_objectIndenter = (i == null) ? new NopIndenter() : i;,_objectIndenter = (false) ? new NopIndenter() : i;,10,
com/fasterxml/jackson/dataformat/xml/util/DefaultXmlPrettyPrinter.java,61,NullifyObjectInitialization,protected Indenter _arrayIndenter = new FixedSpaceIndenter();,protected Indenter _arrayIndenter = null;,100,
com/fasterxml/jackson/dataformat/xml/util/DefaultXmlPrettyPrinter.java,549,RemoveMethod,{,{,101,
com/fasterxml/jackson/dataformat/xml/util/DefaultXmlPrettyPrinter.java,537,RemoveMethod,{,{,102,
com/fasterxml/jackson/dataformat/xml/util/DefaultXmlPrettyPrinter.java,533,RemoveMethod,public boolean isInline() { return false; },public boolean isInline() {,103,
com/fasterxml/jackson/dataformat/xml/util/DefaultXmlPrettyPrinter.java,533,RemoveMethod,public boolean isInline() { return false; },public boolean isInline() {,104,
com/fasterxml/jackson/dataformat/xml/util/DefaultXmlPrettyPrinter.java,518,RemoveMethod,public boolean isInline() { return true; },public boolean isInline() {,105,
com/fasterxml/jackson/dataformat/xml/util/DefaultXmlPrettyPrinter.java,518,RemoveMethod,public boolean isInline() { return true; },public boolean isInline() {,106,
com/fasterxml/jackson/dataformat/xml/util/DefaultXmlPrettyPrinter.java,513,RemoveMethod,{,{,107,
com/fasterxml/jackson/dataformat/xml/util/DefaultXmlPrettyPrinter.java,507,RemoveMethod,{,{,108,
com/fasterxml/jackson/dataformat/xml/util/DefaultXmlPrettyPrinter.java,489,RemoveMethod,"@Override public void writeIndentation(XMLStreamWriter2 sw, int level) { }","@Override public void writeIndentation(XMLStreamWriter2 sw, int level) {",109,
com/fasterxml/jackson/dataformat/xml/util/DefaultXmlPrettyPrinter.java,133,RemoveNullCheck,_arrayIndenter = (i == null) ? new NopIndenter() : i;,_arrayIndenter = (false) ? new NopIndenter() : i;,11,
com/fasterxml/jackson/dataformat/xml/util/DefaultXmlPrettyPrinter.java,488,RemoveMethod,@Override public boolean isInline() { return true; },@Override public boolean isInline() {,110,
com/fasterxml/jackson/dataformat/xml/util/DefaultXmlPrettyPrinter.java,488,RemoveMethod,@Override public boolean isInline() { return true; },@Override public boolean isInline() {,111,
com/fasterxml/jackson/dataformat/xml/util/DefaultXmlPrettyPrinter.java,487,RemoveMethod,"@Override public void writeIndentation(JsonGenerator jg, int level) { }","@Override public void writeIndentation(JsonGenerator jg, int level) {",112,
com/fasterxml/jackson/dataformat/xml/util/DefaultXmlPrettyPrinter.java,465,RemoveMethod,{,{,113,
com/fasterxml/jackson/dataformat/xml/util/DefaultXmlPrettyPrinter.java,454,RemoveMethod,{,{,114,
com/fasterxml/jackson/dataformat/xml/util/DefaultXmlPrettyPrinter.java,442,RemoveMethod,{,{,115,
com/fasterxml/jackson/dataformat/xml/util/DefaultXmlPrettyPrinter.java,428,RemoveMethod,{,{,116,
com/fasterxml/jackson/dataformat/xml/util/DefaultXmlPrettyPrinter.java,411,RemoveMethod,{,{,117,
com/fasterxml/jackson/dataformat/xml/util/DefaultXmlPrettyPrinter.java,397,RemoveMethod,{,{,118,
com/fasterxml/jackson/dataformat/xml/util/DefaultXmlPrettyPrinter.java,383,RemoveMethod,{,{,119,
com/fasterxml/jackson/dataformat/xml/util/DefaultXmlPrettyPrinter.java,455,ConditionalOperatorDeletion,if (!_objectIndenter.isInline()) {,if ( _objectIndenter.isInline()) {,12,
com/fasterxml/jackson/dataformat/xml/util/DefaultXmlPrettyPrinter.java,369,RemoveMethod,{,{,120,
com/fasterxml/jackson/dataformat/xml/util/DefaultXmlPrettyPrinter.java,355,RemoveMethod,{,{,121,
com/fasterxml/jackson/dataformat/xml/util/DefaultXmlPrettyPrinter.java,341,RemoveMethod,{,{,122,
com/fasterxml/jackson/dataformat/xml/util/DefaultXmlPrettyPrinter.java,327,RemoveMethod,{,{,123,
com/fasterxml/jackson/dataformat/xml/util/DefaultXmlPrettyPrinter.java,309,RemoveMethod,{,{,124,
com/fasterxml/jackson/dataformat/xml/util/DefaultXmlPrettyPrinter.java,290,RemoveMethod,{,{,125,
com/fasterxml/jackson/dataformat/xml/util/DefaultXmlPrettyPrinter.java,273,RemoveMethod,{,{,126,
com/fasterxml/jackson/dataformat/xml/util/DefaultXmlPrettyPrinter.java,259,RemoveMethod,{,{,127,
com/fasterxml/jackson/dataformat/xml/util/DefaultXmlPrettyPrinter.java,237,RemoveMethod,{,{,128,
com/fasterxml/jackson/dataformat/xml/util/DefaultXmlPrettyPrinter.java,231,RemoveMethod,public void writeObjectFieldValueSeparator(JsonGenerator gen) throws IOException {,public void writeObjectFieldValueSeparator(JsonGenerator gen) throws IOException {,129,
com/fasterxml/jackson/dataformat/xml/util/DefaultXmlPrettyPrinter.java,443,ConditionalOperatorDeletion,if (!_objectIndenter.isInline()) {,if ( _objectIndenter.isInline()) {,13,
com/fasterxml/jackson/dataformat/xml/util/DefaultXmlPrettyPrinter.java,226,RemoveMethod,public void writeObjectEntrySeparator(JsonGenerator gen) throws IOException {,public void writeObjectEntrySeparator(JsonGenerator gen) throws IOException {,130,
com/fasterxml/jackson/dataformat/xml/util/DefaultXmlPrettyPrinter.java,214,RemoveMethod,{,{,131,
com/fasterxml/jackson/dataformat/xml/util/DefaultXmlPrettyPrinter.java,208,RemoveMethod,{,{,132,
com/fasterxml/jackson/dataformat/xml/util/DefaultXmlPrettyPrinter.java,195,RemoveMethod,"public void writeEndArray(JsonGenerator gen, int nrOfValues) throws IOException {","public void writeEndArray(JsonGenerator gen, int nrOfValues) throws IOException {",133,
com/fasterxml/jackson/dataformat/xml/util/DefaultXmlPrettyPrinter.java,190,RemoveMethod,public void writeArrayValueSeparator(JsonGenerator gen) throws IOException {,public void writeArrayValueSeparator(JsonGenerator gen) throws IOException {,134,
com/fasterxml/jackson/dataformat/xml/util/DefaultXmlPrettyPrinter.java,185,RemoveMethod,public void writeStartArray(JsonGenerator gen) throws IOException {,public void writeStartArray(JsonGenerator gen) throws IOException {,135,
com/fasterxml/jackson/dataformat/xml/util/DefaultXmlPrettyPrinter.java,180,RemoveMethod,public void beforeArrayValues(JsonGenerator gen) throws IOException {,public void beforeArrayValues(JsonGenerator gen) throws IOException {,136,
com/fasterxml/jackson/dataformat/xml/util/DefaultXmlPrettyPrinter.java,168,RemoveMethod,public void writeRootValueSeparator(JsonGenerator gen) throws IOException {,public void writeRootValueSeparator(JsonGenerator gen) throws IOException {,137,
com/fasterxml/jackson/dataformat/xml/util/DefaultXmlPrettyPrinter.java,157,RemoveMethod,public DefaultXmlPrettyPrinter createInstance() {,public DefaultXmlPrettyPrinter createInstance() {,138,
com/fasterxml/jackson/dataformat/xml/util/DefaultXmlPrettyPrinter.java,145,RemoveMethod,public DefaultXmlPrettyPrinter withCustomNewLine(String newLine) {,public DefaultXmlPrettyPrinter withCustomNewLine(String newLine) {,139,
com/fasterxml/jackson/dataformat/xml/util/DefaultXmlPrettyPrinter.java,429,ConditionalOperatorDeletion,if (!_objectIndenter.isInline()) {,if ( _objectIndenter.isInline()) {,14,
com/fasterxml/jackson/dataformat/xml/util/DefaultXmlPrettyPrinter.java,137,RemoveMethod,{,{,140,
com/fasterxml/jackson/dataformat/xml/util/DefaultXmlPrettyPrinter.java,132,RemoveMethod,{,{,141,
com/fasterxml/jackson/dataformat/xml/util/DefaultXmlPrettyPrinter.java,275,ArithmeticOperatorReplacementShortcut,--_nesting;,++_nesting;,142,
com/fasterxml/jackson/dataformat/xml/util/DefaultXmlPrettyPrinter.java,265,ArithmeticOperatorReplacementShortcut,++_nesting;,--_nesting;,143,
com/fasterxml/jackson/dataformat/xml/util/DefaultXmlPrettyPrinter.java,239,ArithmeticOperatorReplacementShortcut,--_nesting;,++_nesting;,144,
com/fasterxml/jackson/dataformat/xml/util/DefaultXmlPrettyPrinter.java,219,ArithmeticOperatorReplacementShortcut,++_nesting;,--_nesting;,145,
com/fasterxml/jackson/dataformat/xml/util/DefaultXmlPrettyPrinter.java,412,ConditionalOperatorDeletion,if (!_objectIndenter.isInline()) {,if ( _objectIndenter.isInline()) {,15,
com/fasterxml/jackson/dataformat/xml/util/DefaultXmlPrettyPrinter.java,398,ConditionalOperatorDeletion,if (!_objectIndenter.isInline()) {,if ( _objectIndenter.isInline()) {,16,
com/fasterxml/jackson/dataformat/xml/util/DefaultXmlPrettyPrinter.java,384,ConditionalOperatorDeletion,if (!_objectIndenter.isInline()) {,if ( _objectIndenter.isInline()) {,17,
com/fasterxml/jackson/dataformat/xml/util/DefaultXmlPrettyPrinter.java,370,ConditionalOperatorDeletion,if (!_objectIndenter.isInline()) {,if ( _objectIndenter.isInline()) {,18,
com/fasterxml/jackson/dataformat/xml/util/DefaultXmlPrettyPrinter.java,356,ConditionalOperatorDeletion,if (!_objectIndenter.isInline()) {,if ( _objectIndenter.isInline()) {,19,
com/fasterxml/jackson/dataformat/xml/util/DefaultXmlPrettyPrinter.java,540,RelationalOperatorReplacement,while (level > SPACE_COUNT) { // should never happen but...,while (level <= SPACE_COUNT) { // should never happen but...,2,
com/fasterxml/jackson/dataformat/xml/util/DefaultXmlPrettyPrinter.java,342,ConditionalOperatorDeletion,if (!_objectIndenter.isInline()) {,if ( _objectIndenter.isInline()) {,20,
com/fasterxml/jackson/dataformat/xml/util/DefaultXmlPrettyPrinter.java,328,ConditionalOperatorDeletion,if (!_objectIndenter.isInline()) {,if ( _objectIndenter.isInline()) {,21,
com/fasterxml/jackson/dataformat/xml/util/DefaultXmlPrettyPrinter.java,310,ConditionalOperatorDeletion,if (!_objectIndenter.isInline()) {,if ( _objectIndenter.isInline()) {,22,
com/fasterxml/jackson/dataformat/xml/util/DefaultXmlPrettyPrinter.java,291,ConditionalOperatorDeletion,if (!_objectIndenter.isInline()) {,if ( _objectIndenter.isInline()) {,23,
com/fasterxml/jackson/dataformat/xml/util/DefaultXmlPrettyPrinter.java,274,ConditionalOperatorDeletion,if (!_objectIndenter.isInline()) {,if ( _objectIndenter.isInline()) {,24,
com/fasterxml/jackson/dataformat/xml/util/DefaultXmlPrettyPrinter.java,260,ConditionalOperatorDeletion,if (!_objectIndenter.isInline()) {,if ( _objectIndenter.isInline()) {,25,
com/fasterxml/jackson/dataformat/xml/util/DefaultXmlPrettyPrinter.java,238,ConditionalOperatorDeletion,if (!_objectIndenter.isInline()) {,if ( _objectIndenter.isInline()) {,26,
com/fasterxml/jackson/dataformat/xml/util/DefaultXmlPrettyPrinter.java,215,ConditionalOperatorDeletion,if (!_objectIndenter.isInline()) {,if ( _objectIndenter.isInline()) {,27,
com/fasterxml/jackson/dataformat/xml/util/DefaultXmlPrettyPrinter.java,554,AssignmentOperatorReplacementShortcut,level -= SPACES.length;,level += SPACES.length;,28,
com/fasterxml/jackson/dataformat/xml/util/DefaultXmlPrettyPrinter.java,551,AssignmentOperatorReplacementShortcut,level += level; // 2 spaces per level,level -= level; // 2 spaces per level,29,
com/fasterxml/jackson/dataformat/xml/util/DefaultXmlPrettyPrinter.java,216,RelationalOperatorReplacement,if (_nesting > 0) {,if (_nesting <= 0) {,3,
com/fasterxml/jackson/dataformat/xml/util/DefaultXmlPrettyPrinter.java,542,AssignmentOperatorReplacementShortcut,level -= SPACES.length;,level += SPACES.length;,30,
com/fasterxml/jackson/dataformat/xml/util/DefaultXmlPrettyPrinter.java,539,AssignmentOperatorReplacementShortcut,level += level; // 2 spaces per level,level -= level; // 2 spaces per level,31,
com/fasterxml/jackson/dataformat/xml/util/DefaultXmlPrettyPrinter.java,549,NullifyInputVariable,{,{ jg = null;,32,
com/fasterxml/jackson/dataformat/xml/util/DefaultXmlPrettyPrinter.java,537,NullifyInputVariable,{,{ sw = null;,33,
com/fasterxml/jackson/dataformat/xml/util/DefaultXmlPrettyPrinter.java,513,NullifyInputVariable,{,{ g = null;,34,
com/fasterxml/jackson/dataformat/xml/util/DefaultXmlPrettyPrinter.java,507,NullifyInputVariable,{,{ sw = null;,35,
com/fasterxml/jackson/dataformat/xml/util/DefaultXmlPrettyPrinter.java,489,NullifyInputVariable,"@Override public void writeIndentation(XMLStreamWriter2 sw, int level) { }","@Override public void writeIndentation(XMLStreamWriter2 sw, int level) { sw = null; }",36,
com/fasterxml/jackson/dataformat/xml/util/DefaultXmlPrettyPrinter.java,487,NullifyInputVariable,"@Override public void writeIndentation(JsonGenerator jg, int level) { }","@Override public void writeIndentation(JsonGenerator jg, int level) { jg = null; }",37,
com/fasterxml/jackson/dataformat/xml/util/DefaultXmlPrettyPrinter.java,465,NullifyInputVariable,{,{ sw = null;,38,
com/fasterxml/jackson/dataformat/xml/util/DefaultXmlPrettyPrinter.java,454,NullifyInputVariable,{,{ localName = null;,39,
com/fasterxml/jackson/dataformat/xml/util/DefaultXmlPrettyPrinter.java,146,RelationalOperatorReplacement,_newLine = newLine != null ? newLine : SYSTEM_DEFAULT_NEW_LINE;,_newLine = newLine == null ? newLine : SYSTEM_DEFAULT_NEW_LINE;,4,
com/fasterxml/jackson/dataformat/xml/util/DefaultXmlPrettyPrinter.java,454,NullifyInputVariable,{,{ nsURI = null;,40,
com/fasterxml/jackson/dataformat/xml/util/DefaultXmlPrettyPrinter.java,454,NullifyInputVariable,{,{ sw = null;,41,
com/fasterxml/jackson/dataformat/xml/util/DefaultXmlPrettyPrinter.java,442,NullifyInputVariable,{,{ localName = null;,42,
com/fasterxml/jackson/dataformat/xml/util/DefaultXmlPrettyPrinter.java,442,NullifyInputVariable,{,{ nsURI = null;,43,
com/fasterxml/jackson/dataformat/xml/util/DefaultXmlPrettyPrinter.java,442,NullifyInputVariable,{,{ sw = null;,44,
com/fasterxml/jackson/dataformat/xml/util/DefaultXmlPrettyPrinter.java,428,NullifyInputVariable,{,{ base64variant = null;,45,
com/fasterxml/jackson/dataformat/xml/util/DefaultXmlPrettyPrinter.java,428,NullifyInputVariable,{,{ localName = null;,46,
com/fasterxml/jackson/dataformat/xml/util/DefaultXmlPrettyPrinter.java,428,NullifyInputVariable,{,{ nsURI = null;,47,
com/fasterxml/jackson/dataformat/xml/util/DefaultXmlPrettyPrinter.java,428,NullifyInputVariable,{,{ sw = null;,48,
com/fasterxml/jackson/dataformat/xml/util/DefaultXmlPrettyPrinter.java,411,NullifyInputVariable,{,{ value = null;,49,
com/fasterxml/jackson/dataformat/xml/util/DefaultXmlPrettyPrinter.java,138,RelationalOperatorReplacement,_objectIndenter = (i == null) ? new NopIndenter() : i;,_objectIndenter = (i != null) ? new NopIndenter() : i;,5,
com/fasterxml/jackson/dataformat/xml/util/DefaultXmlPrettyPrinter.java,411,NullifyInputVariable,{,{ localName = null;,50,
com/fasterxml/jackson/dataformat/xml/util/DefaultXmlPrettyPrinter.java,411,NullifyInputVariable,{,{ nsURI = null;,51,
com/fasterxml/jackson/dataformat/xml/util/DefaultXmlPrettyPrinter.java,411,NullifyInputVariable,{,{ sw = null;,52,
com/fasterxml/jackson/dataformat/xml/util/DefaultXmlPrettyPrinter.java,397,NullifyInputVariable,{,{ value = null;,53,
com/fasterxml/jackson/dataformat/xml/util/DefaultXmlPrettyPrinter.java,397,NullifyInputVariable,{,{ localName = null;,54,
com/fasterxml/jackson/dataformat/xml/util/DefaultXmlPrettyPrinter.java,397,NullifyInputVariable,{,{ nsURI = null;,55,
com/fasterxml/jackson/dataformat/xml/util/DefaultXmlPrettyPrinter.java,397,NullifyInputVariable,{,{ sw = null;,56,
com/fasterxml/jackson/dataformat/xml/util/DefaultXmlPrettyPrinter.java,383,NullifyInputVariable,{,{ localName = null;,57,
com/fasterxml/jackson/dataformat/xml/util/DefaultXmlPrettyPrinter.java,383,NullifyInputVariable,{,{ nsURI = null;,58,
com/fasterxml/jackson/dataformat/xml/util/DefaultXmlPrettyPrinter.java,383,NullifyInputVariable,{,{ sw = null;,59,
com/fasterxml/jackson/dataformat/xml/util/DefaultXmlPrettyPrinter.java,133,RelationalOperatorReplacement,_arrayIndenter = (i == null) ? new NopIndenter() : i;,_arrayIndenter = (i != null) ? new NopIndenter() : i;,6,
com/fasterxml/jackson/dataformat/xml/util/DefaultXmlPrettyPrinter.java,369,NullifyInputVariable,{,{ localName = null;,60,
com/fasterxml/jackson/dataformat/xml/util/DefaultXmlPrettyPrinter.java,369,NullifyInputVariable,{,{ nsURI = null;,61,
com/fasterxml/jackson/dataformat/xml/util/DefaultXmlPrettyPrinter.java,369,NullifyInputVariable,{,{ sw = null;,62,
com/fasterxml/jackson/dataformat/xml/util/DefaultXmlPrettyPrinter.java,355,NullifyInputVariable,{,{ localName = null;,63,
com/fasterxml/jackson/dataformat/xml/util/DefaultXmlPrettyPrinter.java,355,NullifyInputVariable,{,{ nsURI = null;,64,
com/fasterxml/jackson/dataformat/xml/util/DefaultXmlPrettyPrinter.java,355,NullifyInputVariable,{,{ sw = null;,65,
com/fasterxml/jackson/dataformat/xml/util/DefaultXmlPrettyPrinter.java,341,NullifyInputVariable,{,{ localName = null;,66,
com/fasterxml/jackson/dataformat/xml/util/DefaultXmlPrettyPrinter.java,341,NullifyInputVariable,{,{ nsURI = null;,67,
com/fasterxml/jackson/dataformat/xml/util/DefaultXmlPrettyPrinter.java,341,NullifyInputVariable,{,{ sw = null;,68,
com/fasterxml/jackson/dataformat/xml/util/DefaultXmlPrettyPrinter.java,327,NullifyInputVariable,{,{ localName = null;,69,
com/fasterxml/jackson/dataformat/xml/util/DefaultXmlPrettyPrinter.java,158,NullifyReturnValue,return new DefaultXmlPrettyPrinter(this);,return null;,7,
com/fasterxml/jackson/dataformat/xml/util/DefaultXmlPrettyPrinter.java,327,NullifyInputVariable,{,{ nsURI = null;,70,
com/fasterxml/jackson/dataformat/xml/util/DefaultXmlPrettyPrinter.java,327,NullifyInputVariable,{,{ sw = null;,71,
com/fasterxml/jackson/dataformat/xml/util/DefaultXmlPrettyPrinter.java,309,NullifyInputVariable,{,{ localName = null;,72,
com/fasterxml/jackson/dataformat/xml/util/DefaultXmlPrettyPrinter.java,309,NullifyInputVariable,{,{ nsURI = null;,73,
com/fasterxml/jackson/dataformat/xml/util/DefaultXmlPrettyPrinter.java,309,NullifyInputVariable,{,{ sw = null;,74,
com/fasterxml/jackson/dataformat/xml/util/DefaultXmlPrettyPrinter.java,290,NullifyInputVariable,{,{ text = null;,75,
com/fasterxml/jackson/dataformat/xml/util/DefaultXmlPrettyPrinter.java,290,NullifyInputVariable,{,{ localName = null;,76,
com/fasterxml/jackson/dataformat/xml/util/DefaultXmlPrettyPrinter.java,290,NullifyInputVariable,{,{ nsURI = null;,77,
com/fasterxml/jackson/dataformat/xml/util/DefaultXmlPrettyPrinter.java,290,NullifyInputVariable,{,{ sw = null;,78,
com/fasterxml/jackson/dataformat/xml/util/DefaultXmlPrettyPrinter.java,273,NullifyInputVariable,{,{ sw = null;,79,
com/fasterxml/jackson/dataformat/xml/util/DefaultXmlPrettyPrinter.java,147,NullifyReturnValue,return this;,return null;,8,
com/fasterxml/jackson/dataformat/xml/util/DefaultXmlPrettyPrinter.java,259,NullifyInputVariable,{,{ localName = null;,80,
com/fasterxml/jackson/dataformat/xml/util/DefaultXmlPrettyPrinter.java,259,NullifyInputVariable,{,{ nsURI = null;,81,
com/fasterxml/jackson/dataformat/xml/util/DefaultXmlPrettyPrinter.java,259,NullifyInputVariable,{,{ sw = null;,82,
com/fasterxml/jackson/dataformat/xml/util/DefaultXmlPrettyPrinter.java,237,NullifyInputVariable,{,{ gen = null;,83,
com/fasterxml/jackson/dataformat/xml/util/DefaultXmlPrettyPrinter.java,231,NullifyInputVariable,public void writeObjectFieldValueSeparator(JsonGenerator gen) throws IOException {,public void writeObjectFieldValueSeparator(JsonGenerator gen) throws IOException { gen = null;,84,
com/fasterxml/jackson/dataformat/xml/util/DefaultXmlPrettyPrinter.java,226,NullifyInputVariable,public void writeObjectEntrySeparator(JsonGenerator gen) throws IOException {,public void writeObjectEntrySeparator(JsonGenerator gen) throws IOException { gen = null;,85,
com/fasterxml/jackson/dataformat/xml/util/DefaultXmlPrettyPrinter.java,214,NullifyInputVariable,{,{ gen = null;,86,
com/fasterxml/jackson/dataformat/xml/util/DefaultXmlPrettyPrinter.java,208,NullifyInputVariable,{,{ gen = null;,87,
com/fasterxml/jackson/dataformat/xml/util/DefaultXmlPrettyPrinter.java,195,NullifyInputVariable,"public void writeEndArray(JsonGenerator gen, int nrOfValues) throws IOException {","public void writeEndArray(JsonGenerator gen, int nrOfValues) throws IOException { gen = null;",88,
com/fasterxml/jackson/dataformat/xml/util/DefaultXmlPrettyPrinter.java,190,NullifyInputVariable,public void writeArrayValueSeparator(JsonGenerator gen) throws IOException {,public void writeArrayValueSeparator(JsonGenerator gen) throws IOException { gen = null;,89,
com/fasterxml/jackson/dataformat/xml/util/DefaultXmlPrettyPrinter.java,146,RemoveNullCheck,_newLine = newLine != null ? newLine : SYSTEM_DEFAULT_NEW_LINE;,_newLine = true ? newLine : SYSTEM_DEFAULT_NEW_LINE;,9,
com/fasterxml/jackson/dataformat/xml/util/DefaultXmlPrettyPrinter.java,185,NullifyInputVariable,public void writeStartArray(JsonGenerator gen) throws IOException {,public void writeStartArray(JsonGenerator gen) throws IOException { gen = null;,90,
com/fasterxml/jackson/dataformat/xml/util/DefaultXmlPrettyPrinter.java,180,NullifyInputVariable,public void beforeArrayValues(JsonGenerator gen) throws IOException {,public void beforeArrayValues(JsonGenerator gen) throws IOException { gen = null;,91,
com/fasterxml/jackson/dataformat/xml/util/DefaultXmlPrettyPrinter.java,168,NullifyInputVariable,public void writeRootValueSeparator(JsonGenerator gen) throws IOException {,public void writeRootValueSeparator(JsonGenerator gen) throws IOException { gen = null;,92,
com/fasterxml/jackson/dataformat/xml/util/DefaultXmlPrettyPrinter.java,145,NullifyInputVariable,public DefaultXmlPrettyPrinter withCustomNewLine(String newLine) {,public DefaultXmlPrettyPrinter withCustomNewLine(String newLine) { newLine = null;,93,
com/fasterxml/jackson/dataformat/xml/util/DefaultXmlPrettyPrinter.java,137,NullifyInputVariable,{,{ i = null;,94,
com/fasterxml/jackson/dataformat/xml/util/DefaultXmlPrettyPrinter.java,132,NullifyInputVariable,{,{ i = null;,95,
com/fasterxml/jackson/dataformat/xml/util/DefaultXmlPrettyPrinter.java,158,NullifyObjectInitialization,return new DefaultXmlPrettyPrinter(this);,return null;,96,
com/fasterxml/jackson/dataformat/xml/util/DefaultXmlPrettyPrinter.java,138,NullifyObjectInitialization,_objectIndenter = (i == null) ? new NopIndenter() : i;,_objectIndenter = (i == null) ? null : i;,97,
com/fasterxml/jackson/dataformat/xml/util/DefaultXmlPrettyPrinter.java,133,NullifyObjectInitialization,_arrayIndenter = (i == null) ? new NopIndenter() : i;,_arrayIndenter = (i == null) ? null : i;,98,
com/fasterxml/jackson/dataformat/xml/util/DefaultXmlPrettyPrinter.java,69,NullifyObjectInitialization,protected Indenter _objectIndenter = new Lf2SpacesIndenter();,protected Indenter _objectIndenter = null;,99,
com/fasterxml/jackson/dataformat/xml/util/Stax2JacksonReaderAdapter.java,32,NullifyReturnValue,return new Stax2JacksonReaderAdapter(sr);,return null;,1,
com/fasterxml/jackson/dataformat/xml/util/Stax2JacksonReaderAdapter.java,30,NullifyReturnValue,return (XMLStreamReader2) sr;,return null;,2,
com/fasterxml/jackson/dataformat/xml/util/Stax2JacksonReaderAdapter.java,28,NullifyInputVariable,{,{ sr = null;,3,
com/fasterxml/jackson/dataformat/xml/util/Stax2JacksonReaderAdapter.java,44,NullifyObjectInitialization,throw new IllegalStateException(,throw null;,4,
com/fasterxml/jackson/dataformat/xml/util/Stax2JacksonReaderAdapter.java,32,NullifyObjectInitialization,return new Stax2JacksonReaderAdapter(sr);,return null;,5,
com/fasterxml/jackson/dataformat/xml/util/Stax2JacksonReaderAdapter.java,38,RemoveMethod,{,{,6,
com/fasterxml/jackson/dataformat/xml/util/Stax2JacksonReaderAdapter.java,38,RemoveMethod,{,{,7,
com/fasterxml/jackson/dataformat/xml/util/Stax2JacksonReaderAdapter.java,28,RemoveMethod,{,{,8,
com/fasterxml/jackson/dataformat/xml/util/StaxUtil.java,167,RelationalOperatorReplacement,if (result == null) {,if (result != null) {,1,
com/fasterxml/jackson/dataformat/xml/util/StaxUtil.java,90,RelationalOperatorReplacement,if (c >= 'A' && c <= 'Z') continue;,if (c < 'A' && c <= 'Z') continue;,10,
com/fasterxml/jackson/dataformat/xml/util/StaxUtil.java,89,RelationalOperatorReplacement,if (c >= 'a' && c <= 'z') continue;,if (c >= 'a' && c > 'z') continue;,11,
com/fasterxml/jackson/dataformat/xml/util/StaxUtil.java,89,RelationalOperatorReplacement,if (c >= 'a' && c <= 'z') continue;,if (c < 'a' && c <= 'z') continue;,12,
com/fasterxml/jackson/dataformat/xml/util/StaxUtil.java,88,RelationalOperatorReplacement,if (c > 127) continue;,if (c <= 127) continue;,13,
com/fasterxml/jackson/dataformat/xml/util/StaxUtil.java,86,RelationalOperatorReplacement,"for (int i = 0, len = name.length(); i < len; ++i) {","for (int i = 0, len = name.length(); i >= len; ++i) {",14,
com/fasterxml/jackson/dataformat/xml/util/StaxUtil.java,64,RelationalOperatorReplacement,if (name == null) {,if (name != null) {,15,
com/fasterxml/jackson/dataformat/xml/util/StaxUtil.java,49,RelationalOperatorReplacement,if (msg == null) {,if (msg != null) {,16,
com/fasterxml/jackson/dataformat/xml/util/StaxUtil.java,39,RelationalOperatorReplacement,while (t.getCause() != null) {,while (t.getCause() == null) {,17,
com/fasterxml/jackson/dataformat/xml/util/StaxUtil.java,173,NullifyReturnValue,return result;,return null;,18,
com/fasterxml/jackson/dataformat/xml/util/StaxUtil.java,144,NullifyReturnValue,return XMLOutputFactory.newInstance();,return null;,19,
com/fasterxml/jackson/dataformat/xml/util/StaxUtil.java,101,RelationalOperatorReplacement,if (changes == 0) {,if (changes != 0) {,2,
com/fasterxml/jackson/dataformat/xml/util/StaxUtil.java,141,NullifyReturnValue,"return XMLOutputFactory.newFactory(XMLOutputFactory.class.getName(), cl);",return null;,20,
com/fasterxml/jackson/dataformat/xml/util/StaxUtil.java,131,NullifyReturnValue,return XMLInputFactory.newInstance();,return null;,21,
com/fasterxml/jackson/dataformat/xml/util/StaxUtil.java,128,NullifyReturnValue,"return XMLInputFactory.newFactory(XMLInputFactory.class.getName(), cl);",return null;,22,
com/fasterxml/jackson/dataformat/xml/util/StaxUtil.java,119,NullifyReturnValue,return Base64Mapper.instance.map(j64b);,return null;,23,
com/fasterxml/jackson/dataformat/xml/util/StaxUtil.java,104,NullifyReturnValue,return sb.toString();,return null;,24,
com/fasterxml/jackson/dataformat/xml/util/StaxUtil.java,102,NullifyReturnValue,return name;,return null;,25,
com/fasterxml/jackson/dataformat/xml/util/StaxUtil.java,65,NullifyReturnValue,return null;,return null;,26,
com/fasterxml/jackson/dataformat/xml/util/StaxUtil.java,52,NullifyReturnValue,return msg;,return null;,27,
com/fasterxml/jackson/dataformat/xml/util/StaxUtil.java,44,NullifyReturnValue,return t;,return null;,28,
com/fasterxml/jackson/dataformat/xml/util/StaxUtil.java,167,RemoveNullCheck,if (result == null) {,if (false) {,29,
com/fasterxml/jackson/dataformat/xml/util/StaxUtil.java,95,RelationalOperatorReplacement,if (c == '$') {,if (c != '$') {,3,
com/fasterxml/jackson/dataformat/xml/util/StaxUtil.java,64,RemoveNullCheck,if (name == null) {,if (false) {,30,
com/fasterxml/jackson/dataformat/xml/util/StaxUtil.java,49,RemoveNullCheck,if (msg == null) {,if (false) {,31,
com/fasterxml/jackson/dataformat/xml/util/StaxUtil.java,39,RemoveNullCheck,while (t.getCause() != null) {,while (true) {,32,
com/fasterxml/jackson/dataformat/xml/util/StaxUtil.java,92,ConditionalOperatorReplacement,if (c == '_' || c == '.' || c == '-') continue;,if (c == '_' || c == '.' && c == '-') continue;,33,
com/fasterxml/jackson/dataformat/xml/util/StaxUtil.java,92,ConditionalOperatorReplacement,if (c == '_' || c == '.' || c == '-') continue;,if (c == '_' && c == '.' || c == '-') continue;,34,
com/fasterxml/jackson/dataformat/xml/util/StaxUtil.java,91,ConditionalOperatorReplacement,if (c >= '0' && c <= '9') continue;,if (c >= '0' || c <= '9') continue;,35,
com/fasterxml/jackson/dataformat/xml/util/StaxUtil.java,90,ConditionalOperatorReplacement,if (c >= 'A' && c <= 'Z') continue;,if (c >= 'A' || c <= 'Z') continue;,36,
com/fasterxml/jackson/dataformat/xml/util/StaxUtil.java,89,ConditionalOperatorReplacement,if (c >= 'a' && c <= 'z') continue;,if (c >= 'a' || c <= 'z') continue;,37,
com/fasterxml/jackson/dataformat/xml/util/StaxUtil.java,73,ArithmeticOperatorReplacementBinary,"name = name.substring(0, name.length() - 2);","name = name.substring(0, name.length() + 2);",38,
com/fasterxml/jackson/dataformat/xml/util/StaxUtil.java,165,NullifyInputVariable,public org.codehaus.stax2.typed.Base64Variant map(Base64Variant j64b) {,public org.codehaus.stax2.typed.Base64Variant map(Base64Variant j64b) { j64b = null;,39,
com/fasterxml/jackson/dataformat/xml/util/StaxUtil.java,92,RelationalOperatorReplacement,if (c == '_' || c == '.' || c == '-') continue;,if (c == '_' || c == '.' || c != '-') continue;,4,
com/fasterxml/jackson/dataformat/xml/util/StaxUtil.java,138,NullifyInputVariable,public static XMLOutputFactory defaultOutputFactory(ClassLoader cl) {,public static XMLOutputFactory defaultOutputFactory(ClassLoader cl) { cl = null;,40,
com/fasterxml/jackson/dataformat/xml/util/StaxUtil.java,125,NullifyInputVariable,public static XMLInputFactory defaultInputFactory(ClassLoader cl) {,public static XMLInputFactory defaultInputFactory(ClassLoader cl) { cl = null;,41,
com/fasterxml/jackson/dataformat/xml/util/StaxUtil.java,118,NullifyInputVariable,public static org.codehaus.stax2.typed.Base64Variant toStax2Base64Variant(Base64Variant j64b) {,public static org.codehaus.stax2.typed.Base64Variant toStax2Base64Variant(Base64Variant j64b) { j64b = null;,42,
com/fasterxml/jackson/dataformat/xml/util/StaxUtil.java,61,NullifyInputVariable,{,{ name = null;,43,
com/fasterxml/jackson/dataformat/xml/util/StaxUtil.java,47,NullifyInputVariable,"private static String _message(Throwable t1, Throwable t2) {","private static String _message(Throwable t1, Throwable t2) { t2 = null;",44,
com/fasterxml/jackson/dataformat/xml/util/StaxUtil.java,47,NullifyInputVariable,"private static String _message(Throwable t1, Throwable t2) {","private static String _message(Throwable t1, Throwable t2) { t1 = null;",45,
com/fasterxml/jackson/dataformat/xml/util/StaxUtil.java,38,NullifyInputVariable,private static Throwable _unwrap(Throwable t) {,private static Throwable _unwrap(Throwable t) { t = null;,46,
com/fasterxml/jackson/dataformat/xml/util/StaxUtil.java,33,NullifyInputVariable,{,{ g = null;,47,
com/fasterxml/jackson/dataformat/xml/util/StaxUtil.java,33,NullifyInputVariable,{,{ e = null;,48,
com/fasterxml/jackson/dataformat/xml/util/StaxUtil.java,23,NullifyInputVariable,{,{ p = null;,49,
com/fasterxml/jackson/dataformat/xml/util/StaxUtil.java,92,RelationalOperatorReplacement,if (c == '_' || c == '.' || c == '-') continue;,if (c == '_' || c != '.' || c == '-') continue;,5,
com/fasterxml/jackson/dataformat/xml/util/StaxUtil.java,23,NullifyInputVariable,{,{ e = null;,50,
com/fasterxml/jackson/dataformat/xml/util/StaxUtil.java,152,NullifyObjectInitialization,= new HashMap<>();,= null;,51,
com/fasterxml/jackson/dataformat/xml/util/StaxUtil.java,149,NullifyObjectInitialization,public final static Base64Mapper instance = new Base64Mapper();,public final static Base64Mapper instance = null;,52,
com/fasterxml/jackson/dataformat/xml/util/StaxUtil.java,84,NullifyObjectInitialization,sb = new StringBuilder(name);,sb = null;,53,
com/fasterxml/jackson/dataformat/xml/util/StaxUtil.java,76,NullifyObjectInitialization,sb = new StringBuilder(name);,sb = null;,54,
com/fasterxml/jackson/dataformat/xml/util/StaxUtil.java,35,NullifyObjectInitialization,"throw new JsonGenerationException(_message(t, e), t, g);",throw null;,55,
com/fasterxml/jackson/dataformat/xml/util/StaxUtil.java,25,NullifyObjectInitialization,"throw new JsonParseException(p, _message(t, e), t);",throw null;,56,
com/fasterxml/jackson/dataformat/xml/util/StaxUtil.java,165,RemoveMethod,public org.codehaus.stax2.typed.Base64Variant map(Base64Variant j64b) {,public org.codehaus.stax2.typed.Base64Variant map(Base64Variant j64b) {,57,
com/fasterxml/jackson/dataformat/xml/util/StaxUtil.java,138,RemoveMethod,public static XMLOutputFactory defaultOutputFactory(ClassLoader cl) {,public static XMLOutputFactory defaultOutputFactory(ClassLoader cl) {,58,
com/fasterxml/jackson/dataformat/xml/util/StaxUtil.java,125,RemoveMethod,public static XMLInputFactory defaultInputFactory(ClassLoader cl) {,public static XMLInputFactory defaultInputFactory(ClassLoader cl) {,59,
com/fasterxml/jackson/dataformat/xml/util/StaxUtil.java,92,RelationalOperatorReplacement,if (c == '_' || c == '.' || c == '-') continue;,if (c != '_' || c == '.' || c == '-') continue;,6,
com/fasterxml/jackson/dataformat/xml/util/StaxUtil.java,118,RemoveMethod,public static org.codehaus.stax2.typed.Base64Variant toStax2Base64Variant(Base64Variant j64b) {,public static org.codehaus.stax2.typed.Base64Variant toStax2Base64Variant(Base64Variant j64b) {,60,
com/fasterxml/jackson/dataformat/xml/util/StaxUtil.java,61,RemoveMethod,{,{,61,
com/fasterxml/jackson/dataformat/xml/util/StaxUtil.java,61,RemoveMethod,{,{,62,
com/fasterxml/jackson/dataformat/xml/util/StaxUtil.java,47,RemoveMethod,"private static String _message(Throwable t1, Throwable t2) {","private static String _message(Throwable t1, Throwable t2) {",63,
com/fasterxml/jackson/dataformat/xml/util/StaxUtil.java,47,RemoveMethod,"private static String _message(Throwable t1, Throwable t2) {","private static String _message(Throwable t1, Throwable t2) {",64,
com/fasterxml/jackson/dataformat/xml/util/StaxUtil.java,38,RemoveMethod,private static Throwable _unwrap(Throwable t) {,private static Throwable _unwrap(Throwable t) {,65,
com/fasterxml/jackson/dataformat/xml/util/StaxUtil.java,33,RemoveMethod,{,{,66,
com/fasterxml/jackson/dataformat/xml/util/StaxUtil.java,23,RemoveMethod,{,{,67,
com/fasterxml/jackson/dataformat/xml/util/StaxUtil.java,94,ArithmeticOperatorReplacementShortcut,++changes;,--changes;,68,
com/fasterxml/jackson/dataformat/xml/util/StaxUtil.java,86,ArithmeticOperatorReplacementShortcut,"for (int i = 0, len = name.length(); i < len; ++i) {","for (int i = 0, len = name.length(); i < len; --i) {",69,
com/fasterxml/jackson/dataformat/xml/util/StaxUtil.java,91,RelationalOperatorReplacement,if (c >= '0' && c <= '9') continue;,if (c >= '0' && c > '9') continue;,7,
com/fasterxml/jackson/dataformat/xml/util/StaxUtil.java,74,ArithmeticOperatorReplacementShortcut,++changes;,--changes;,70,
com/fasterxml/jackson/dataformat/xml/util/StaxUtil.java,91,RelationalOperatorReplacement,if (c >= '0' && c <= '9') continue;,if (c < '0' && c <= '9') continue;,8,
com/fasterxml/jackson/dataformat/xml/util/StaxUtil.java,90,RelationalOperatorReplacement,if (c >= 'A' && c <= 'Z') continue;,if (c >= 'A' && c > 'Z') continue;,9,
com/fasterxml/jackson/dataformat/xml/util/TypeUtil.java,18,RelationalOperatorReplacement,if (cls == byte[].class || cls == char[].class) {,if (cls == byte[].class || cls != char[].class) {,1,
com/fasterxml/jackson/dataformat/xml/util/TypeUtil.java,18,RelationalOperatorReplacement,if (cls == byte[].class || cls == char[].class) {,if (cls != byte[].class || cls == char[].class) {,2,
com/fasterxml/jackson/dataformat/xml/util/TypeUtil.java,15,RelationalOperatorReplacement,if (type.isContainerType() || type.isIterationType() || cls == Iterable.class) {,if (type.isContainerType() || type.isIterationType() || cls != Iterable.class) {,3,
com/fasterxml/jackson/dataformat/xml/util/TypeUtil.java,18,ConditionalOperatorReplacement,if (cls == byte[].class || cls == char[].class) {,if (cls == byte[].class && cls == char[].class) {,4,
com/fasterxml/jackson/dataformat/xml/util/TypeUtil.java,15,ConditionalOperatorReplacement,if (type.isContainerType() || type.isIterationType() || cls == Iterable.class) {,if (type.isContainerType() || type.isIterationType() && cls == Iterable.class) {,5,
com/fasterxml/jackson/dataformat/xml/util/TypeUtil.java,15,ConditionalOperatorReplacement,if (type.isContainerType() || type.isIterationType() || cls == Iterable.class) {,if (type.isContainerType() && type.isIterationType() || cls == Iterable.class) {,6,
com/fasterxml/jackson/dataformat/xml/util/TypeUtil.java,12,NullifyInputVariable,{,{ type = null;,7,
com/fasterxml/jackson/dataformat/xml/util/TypeUtil.java,12,RemoveMethod,{,{,8,
com/fasterxml/jackson/dataformat/xml/util/TypeUtil.java,12,RemoveMethod,{,{,9,
com/fasterxml/jackson/dataformat/xml/util/XmlInfo.java,19,RelationalOperatorReplacement,_isCData = (isCData == null) ? false : isCData.booleanValue();,_isCData = (isCData != null) ? false : isCData.booleanValue();,1,
com/fasterxml/jackson/dataformat/xml/util/XmlInfo.java,25,RemoveMethod,public boolean isCData() { return _isCData; },public boolean isCData() {,10,
com/fasterxml/jackson/dataformat/xml/util/XmlInfo.java,25,RemoveMethod,public boolean isCData() { return _isCData; },public boolean isCData() {,11,
com/fasterxml/jackson/dataformat/xml/util/XmlInfo.java,24,RemoveMethod,public boolean isText() { return _isText; },public boolean isText() {,12,
com/fasterxml/jackson/dataformat/xml/util/XmlInfo.java,24,RemoveMethod,public boolean isText() { return _isText; },public boolean isText() {,13,
com/fasterxml/jackson/dataformat/xml/util/XmlInfo.java,23,RemoveMethod,public boolean isAttribute() { return _isAttribute; },public boolean isAttribute() {,14,
com/fasterxml/jackson/dataformat/xml/util/XmlInfo.java,23,RemoveMethod,public boolean isAttribute() { return _isAttribute; },public boolean isAttribute() {,15,
com/fasterxml/jackson/dataformat/xml/util/XmlInfo.java,22,RemoveMethod,public String getNamespace() { return _namespace; },public String getNamespace() {,16,
com/fasterxml/jackson/dataformat/xml/util/XmlInfo.java,22,RemoveMethod,public String getNamespace() { return _namespace; },public String getNamespace() {,17,
com/fasterxml/jackson/dataformat/xml/util/XmlInfo.java,18,RelationalOperatorReplacement,_isText = (isText == null) ? false : isText.booleanValue();,_isText = (isText != null) ? false : isText.booleanValue();,2,
com/fasterxml/jackson/dataformat/xml/util/XmlInfo.java,17,RelationalOperatorReplacement,"_namespace = (ns == null) ? """" : ns;","_namespace = (ns != null) ? """" : ns;",3,
com/fasterxml/jackson/dataformat/xml/util/XmlInfo.java,16,RelationalOperatorReplacement,_isAttribute = (isAttribute == null) ? false : isAttribute.booleanValue();,_isAttribute = (isAttribute != null) ? false : isAttribute.booleanValue();,4,
com/fasterxml/jackson/dataformat/xml/util/XmlInfo.java,22,NullifyReturnValue,public String getNamespace() { return _namespace; },public String getNamespace() { return null; },5,
com/fasterxml/jackson/dataformat/xml/util/XmlInfo.java,19,RemoveNullCheck,_isCData = (isCData == null) ? false : isCData.booleanValue();,_isCData = (false) ? false : isCData.booleanValue();,6,
com/fasterxml/jackson/dataformat/xml/util/XmlInfo.java,18,RemoveNullCheck,_isText = (isText == null) ? false : isText.booleanValue();,_isText = (false) ? false : isText.booleanValue();,7,
com/fasterxml/jackson/dataformat/xml/util/XmlInfo.java,17,RemoveNullCheck,"_namespace = (ns == null) ? """" : ns;","_namespace = (false) ? """" : ns;",8,
com/fasterxml/jackson/dataformat/xml/util/XmlInfo.java,16,RemoveNullCheck,_isAttribute = (isAttribute == null) ? false : isAttribute.booleanValue();,_isAttribute = (false) ? false : isAttribute.booleanValue();,9,
com/fasterxml/jackson/dataformat/xml/util/XmlRootNameLookup.java,106,RelationalOperatorReplacement,if (ns != null) {,if (ns == null) {,1,
com/fasterxml/jackson/dataformat/xml/util/XmlRootNameLookup.java,107,NullifyReturnValue,return ns;,return null;,10,
com/fasterxml/jackson/dataformat/xml/util/XmlRootNameLookup.java,97,NullifyReturnValue,"return new QName(ns, localName);",return null;,11,
com/fasterxml/jackson/dataformat/xml/util/XmlRootNameLookup.java,90,NullifyReturnValue,"return _qname(ns, localName);",return null;,12,
com/fasterxml/jackson/dataformat/xml/util/XmlRootNameLookup.java,84,NullifyReturnValue,"return _qname(ns, localName);",return null;,13,
com/fasterxml/jackson/dataformat/xml/util/XmlRootNameLookup.java,63,NullifyReturnValue,return name;,return null;,14,
com/fasterxml/jackson/dataformat/xml/util/XmlRootNameLookup.java,59,NullifyReturnValue,return name;,return null;,15,
com/fasterxml/jackson/dataformat/xml/util/XmlRootNameLookup.java,51,NullifyReturnValue,"return findRootName(rootType.getRawClass(), config);",return null;,16,
com/fasterxml/jackson/dataformat/xml/util/XmlRootNameLookup.java,47,NullifyReturnValue,return this;,return null;,17,
com/fasterxml/jackson/dataformat/xml/util/XmlRootNameLookup.java,45,NullifyReturnValue,return new XmlRootNameLookup();,return null;,18,
com/fasterxml/jackson/dataformat/xml/util/XmlRootNameLookup.java,106,RemoveNullCheck,if (ns != null) {,if (true) {,19,
com/fasterxml/jackson/dataformat/xml/util/XmlRootNameLookup.java,94,RelationalOperatorReplacement,if (ns == null) { // some QName impls barf on nulls...,if (ns != null) { // some QName impls barf on nulls...,2,
com/fasterxml/jackson/dataformat/xml/util/XmlRootNameLookup.java,94,RemoveNullCheck,if (ns == null) { // some QName impls barf on nulls...,if (false) { // some QName impls barf on nulls...,20,
com/fasterxml/jackson/dataformat/xml/util/XmlRootNameLookup.java,87,RemoveNullCheck,if (ns == null || ns.isEmpty()) {,if (false || ns.isEmpty()) {,21,
com/fasterxml/jackson/dataformat/xml/util/XmlRootNameLookup.java,80,RemoveNullCheck,if (localName == null || localName.length() == 0) {,if (false || localName.length() == 0) {,22,
com/fasterxml/jackson/dataformat/xml/util/XmlRootNameLookup.java,75,RemoveNullCheck,if (root != null) {,if (true) {,23,
com/fasterxml/jackson/dataformat/xml/util/XmlRootNameLookup.java,58,RemoveNullCheck,if (name != null) {,if (true) {,24,
com/fasterxml/jackson/dataformat/xml/util/XmlRootNameLookup.java,44,RemoveNullCheck,if (_rootNames == null) {,if (false) {,25,
com/fasterxml/jackson/dataformat/xml/util/XmlRootNameLookup.java,87,ConditionalOperatorReplacement,if (ns == null || ns.isEmpty()) {,if (ns == null && ns.isEmpty()) {,26,
com/fasterxml/jackson/dataformat/xml/util/XmlRootNameLookup.java,80,ConditionalOperatorReplacement,if (localName == null || localName.length() == 0) {,if (localName == null && localName.length() == 0) {,27,
com/fasterxml/jackson/dataformat/xml/util/XmlRootNameLookup.java,102,NullifyInputVariable,{,{ ann = null;,28,
com/fasterxml/jackson/dataformat/xml/util/XmlRootNameLookup.java,102,NullifyInputVariable,{,{ ai = null;,29,
com/fasterxml/jackson/dataformat/xml/util/XmlRootNameLookup.java,87,RelationalOperatorReplacement,if (ns == null || ns.isEmpty()) {,if (ns != null || ns.isEmpty()) {,3,
com/fasterxml/jackson/dataformat/xml/util/XmlRootNameLookup.java,102,NullifyInputVariable,{,{ config = null;,30,
com/fasterxml/jackson/dataformat/xml/util/XmlRootNameLookup.java,93,NullifyInputVariable,"private QName _qname(String ns, String localName) {","private QName _qname(String ns, String localName) { localName = null;",31,
com/fasterxml/jackson/dataformat/xml/util/XmlRootNameLookup.java,93,NullifyInputVariable,"private QName _qname(String ns, String localName) {","private QName _qname(String ns, String localName) { ns = null;",32,
com/fasterxml/jackson/dataformat/xml/util/XmlRootNameLookup.java,67,NullifyInputVariable,{,{ rootType = null;,33,
com/fasterxml/jackson/dataformat/xml/util/XmlRootNameLookup.java,67,NullifyInputVariable,{,{ config = null;,34,
com/fasterxml/jackson/dataformat/xml/util/XmlRootNameLookup.java,55,NullifyInputVariable,{,{ config = null;,35,
com/fasterxml/jackson/dataformat/xml/util/XmlRootNameLookup.java,55,NullifyInputVariable,{,{ rootType = null;,36,
com/fasterxml/jackson/dataformat/xml/util/XmlRootNameLookup.java,50,NullifyInputVariable,"public QName findRootName(JavaType rootType, MapperConfig<?> config) {","public QName findRootName(JavaType rootType, MapperConfig<?> config) { config = null;",37,
com/fasterxml/jackson/dataformat/xml/util/XmlRootNameLookup.java,50,NullifyInputVariable,"public QName findRootName(JavaType rootType, MapperConfig<?> config) {","public QName findRootName(JavaType rootType, MapperConfig<?> config) { rootType = null;",38,
com/fasterxml/jackson/dataformat/xml/util/XmlRootNameLookup.java,97,NullifyObjectInitialization,"return new QName(ns, localName);",return null;,39,
com/fasterxml/jackson/dataformat/xml/util/XmlRootNameLookup.java,80,RelationalOperatorReplacement,if (localName == null || localName.length() == 0) {,if (localName == null || localName.length() != 0) {,4,
com/fasterxml/jackson/dataformat/xml/util/XmlRootNameLookup.java,56,NullifyObjectInitialization,ClassKey key = new ClassKey(rootType);,ClassKey key = null;,40,
com/fasterxml/jackson/dataformat/xml/util/XmlRootNameLookup.java,45,NullifyObjectInitialization,return new XmlRootNameLookup();,return null;,41,
com/fasterxml/jackson/dataformat/xml/util/XmlRootNameLookup.java,36,NullifyObjectInitialization,"_rootNames = new LRUMap<ClassKey,QName>(40, 200);",_rootNames = null;,42,
com/fasterxml/jackson/dataformat/xml/util/XmlRootNameLookup.java,24,NullifyObjectInitialization,"public final static QName ROOT_NAME_FOR_NULL = new QName(""null"");",public final static QName ROOT_NAME_FOR_NULL = null;,43,
com/fasterxml/jackson/dataformat/xml/util/XmlRootNameLookup.java,102,RemoveMethod,{,{,44,
com/fasterxml/jackson/dataformat/xml/util/XmlRootNameLookup.java,102,RemoveMethod,{,{,45,
com/fasterxml/jackson/dataformat/xml/util/XmlRootNameLookup.java,93,RemoveMethod,"private QName _qname(String ns, String localName) {","private QName _qname(String ns, String localName) {",46,
com/fasterxml/jackson/dataformat/xml/util/XmlRootNameLookup.java,67,RemoveMethod,{,{,47,
com/fasterxml/jackson/dataformat/xml/util/XmlRootNameLookup.java,55,RemoveMethod,{,{,48,
com/fasterxml/jackson/dataformat/xml/util/XmlRootNameLookup.java,50,RemoveMethod,"public QName findRootName(JavaType rootType, MapperConfig<?> config) {","public QName findRootName(JavaType rootType, MapperConfig<?> config) {",49,
com/fasterxml/jackson/dataformat/xml/util/XmlRootNameLookup.java,80,RelationalOperatorReplacement,if (localName == null || localName.length() == 0) {,if (localName != null || localName.length() == 0) {,5,
com/fasterxml/jackson/dataformat/xml/util/XmlRootNameLookup.java,39,RemoveMethod,protected Object readResolve() {,protected Object readResolve() {,50,
com/fasterxml/jackson/dataformat/xml/util/XmlRootNameLookup.java,75,RelationalOperatorReplacement,if (root != null) {,if (root == null) {,6,
com/fasterxml/jackson/dataformat/xml/util/XmlRootNameLookup.java,58,RelationalOperatorReplacement,if (name != null) {,if (name == null) {,7,
com/fasterxml/jackson/dataformat/xml/util/XmlRootNameLookup.java,44,RelationalOperatorReplacement,if (_rootNames == null) {,if (_rootNames != null) {,8,
com/fasterxml/jackson/dataformat/xml/util/XmlRootNameLookup.java,111,NullifyReturnValue,return null;,return null;,9,
