file,line,operator,before,after,mutant_id,paper_category
org/apache/commons/dbutils/AbstractQueryRunner.java,664,NullifyReturnValue,return rs;,return null;,1,
org/apache/commons/dbutils/AbstractQueryRunner.java,519,RemoveNullCheck,if (this.getDataSource() == null) {,if (false) {,10,
org/apache/commons/dbutils/AbstractQueryRunner.java,372,RelationalOperatorReplacement,for (int i = 0; i < properties.length; i++) {,for (int i = 0; i >= properties.length; i++) {,100,
org/apache/commons/dbutils/AbstractQueryRunner.java,329,RelationalOperatorReplacement,if (call != null && params[i] instanceof OutParameter) {,if (call == null && params[i] instanceof OutParameter) {,101,
org/apache/commons/dbutils/AbstractQueryRunner.java,328,RelationalOperatorReplacement,if (params[i] != null) {,if (params[i] == null) {,102,
org/apache/commons/dbutils/AbstractQueryRunner.java,327,RelationalOperatorReplacement,for (int i = 0; i < params.length; i++) {,for (int i = 0; i >= params.length; i++) {,103,
org/apache/commons/dbutils/AbstractQueryRunner.java,318,RelationalOperatorReplacement,if (params == null) {,if (params != null) {,104,
org/apache/commons/dbutils/AbstractQueryRunner.java,311,RelationalOperatorReplacement,if (stmtCount != paramsCount) {,if (stmtCount == paramsCount) {,105,
org/apache/commons/dbutils/AbstractQueryRunner.java,309,RelationalOperatorReplacement,final int paramsCount = params == null ? 0 : params.length;,final int paramsCount = params != null ? 0 : params.length;,106,
org/apache/commons/dbutils/AbstractQueryRunner.java,307,RelationalOperatorReplacement,if (!pmdKnownBroken && pmd != null) {,if (!pmdKnownBroken && pmd == null) {,107,
org/apache/commons/dbutils/AbstractQueryRunner.java,278,RelationalOperatorReplacement,if (pmd == null) { // can be returned by implementations that don't support the method,if (pmd != null) { // can be returned by implementations that don't support the method,108,
org/apache/commons/dbutils/AbstractQueryRunner.java,238,RelationalOperatorReplacement,if (stmtConfig != null) {,if (stmtConfig == null) {,109,
org/apache/commons/dbutils/AbstractQueryRunner.java,417,RemoveNullCheck,if (propertyName == null) {,if (false) {,11,
org/apache/commons/dbutils/AbstractQueryRunner.java,376,RemoveNullCheck,if (method == null) {,if (false) {,12,
org/apache/commons/dbutils/AbstractQueryRunner.java,329,RemoveNullCheck,if (call != null && params[i] instanceof OutParameter) {,if (true && params[i] instanceof OutParameter) {,13,
org/apache/commons/dbutils/AbstractQueryRunner.java,328,RemoveNullCheck,if (params[i] != null) {,if (true) {,14,
org/apache/commons/dbutils/AbstractQueryRunner.java,318,RemoveNullCheck,if (params == null) {,if (false) {,15,
org/apache/commons/dbutils/AbstractQueryRunner.java,309,RemoveNullCheck,final int paramsCount = params == null ? 0 : params.length;,final int paramsCount = false ? 0 : params.length;,16,
org/apache/commons/dbutils/AbstractQueryRunner.java,307,RemoveNullCheck,if (!pmdKnownBroken && pmd != null) {,if (!pmdKnownBroken && true) {,17,
org/apache/commons/dbutils/AbstractQueryRunner.java,278,RemoveNullCheck,if (pmd == null) { // can be returned by implementations that don't support the method,if (false) { // can be returned by implementations that don't support the method,18,
org/apache/commons/dbutils/AbstractQueryRunner.java,238,RemoveNullCheck,if (stmtConfig != null) {,if (true) {,19,
org/apache/commons/dbutils/AbstractQueryRunner.java,594,NullifyReturnValue,return ps;,return null;,2,
org/apache/commons/dbutils/AbstractQueryRunner.java,458,ConditionalOperatorDeletion,if (!pmdKnownBroken) {,if ( pmdKnownBroken) {,20,
org/apache/commons/dbutils/AbstractQueryRunner.java,428,ConditionalOperatorDeletion,if (!found) {,if ( found) {,21,
org/apache/commons/dbutils/AbstractQueryRunner.java,339,ConditionalOperatorDeletion,if (!pmdKnownBroken) {,if ( pmdKnownBroken) {,22,
org/apache/commons/dbutils/AbstractQueryRunner.java,307,ConditionalOperatorDeletion,if (!pmdKnownBroken && pmd != null) {,if ( pmdKnownBroken && pmd != null) {,23,
org/apache/commons/dbutils/AbstractQueryRunner.java,275,ConditionalOperatorDeletion,if (!pmdKnownBroken) {,if ( pmdKnownBroken) {,24,
org/apache/commons/dbutils/AbstractQueryRunner.java,329,ConditionalOperatorReplacement,if (call != null && params[i] instanceof OutParameter) {,if (call != null || params[i] instanceof OutParameter) {,25,
org/apache/commons/dbutils/AbstractQueryRunner.java,307,ConditionalOperatorReplacement,if (!pmdKnownBroken && pmd != null) {,if (!pmdKnownBroken || pmd != null) {,26,
org/apache/commons/dbutils/AbstractQueryRunner.java,350,ArithmeticOperatorReplacementBinary,"stmt.setNull(i + 1, sqlType);","stmt.setNull(i - 1, sqlType);",27,
org/apache/commons/dbutils/AbstractQueryRunner.java,345,ArithmeticOperatorReplacementBinary,sqlType = pmd.getParameterType(i + 1);,sqlType = pmd.getParameterType(i - 1);,28,
org/apache/commons/dbutils/AbstractQueryRunner.java,332,ArithmeticOperatorReplacementBinary,"stmt.setObject(i + 1, params[i]);","stmt.setObject(i - 1, params[i]);",29,
org/apache/commons/dbutils/AbstractQueryRunner.java,556,NullifyReturnValue,return ps;,return null;,3,
org/apache/commons/dbutils/AbstractQueryRunner.java,330,ArithmeticOperatorReplacementBinary,"((OutParameter<?>) params[i]).register(call, i + 1);","((OutParameter<?>) params[i]).register(call, i - 1);",30,
org/apache/commons/dbutils/AbstractQueryRunner.java,663,NullifyInputVariable,protected ResultSet wrap(final ResultSet rs) {,protected ResultSet wrap(final ResultSet rs) { rs = null;,31,
org/apache/commons/dbutils/AbstractQueryRunner.java,615,NullifyInputVariable,throws SQLException {,throws SQLException { params = null;,32,
org/apache/commons/dbutils/AbstractQueryRunner.java,615,NullifyInputVariable,throws SQLException {,throws SQLException { sql = null;,33,
org/apache/commons/dbutils/AbstractQueryRunner.java,615,NullifyInputVariable,throws SQLException {,throws SQLException { cause = null;,34,
org/apache/commons/dbutils/AbstractQueryRunner.java,583,NullifyInputVariable,throws SQLException {,throws SQLException { sql = null;,35,
org/apache/commons/dbutils/AbstractQueryRunner.java,583,NullifyInputVariable,throws SQLException {,throws SQLException { conn = null;,36,
org/apache/commons/dbutils/AbstractQueryRunner.java,545,NullifyInputVariable,throws SQLException {,throws SQLException { sql = null;,37,
org/apache/commons/dbutils/AbstractQueryRunner.java,545,NullifyInputVariable,throws SQLException {,throws SQLException { conn = null;,38,
org/apache/commons/dbutils/AbstractQueryRunner.java,501,NullifyInputVariable,throws SQLException {,throws SQLException { sql = null;,39,
org/apache/commons/dbutils/AbstractQueryRunner.java,524,NullifyReturnValue,return this.getDataSource().getConnection();,return null;,4,
org/apache/commons/dbutils/AbstractQueryRunner.java,501,NullifyInputVariable,throws SQLException {,throws SQLException { conn = null;,40,
org/apache/commons/dbutils/AbstractQueryRunner.java,456,NullifyInputVariable,public ParameterMetaData getParameterMetaData(final PreparedStatement stmt) throws SQLException {,public ParameterMetaData getParameterMetaData(final PreparedStatement stmt) throws SQLException { stmt = null;,41,
org/apache/commons/dbutils/AbstractQueryRunner.java,407,NullifyInputVariable,final String... propertyNames) throws SQLException {,final String... propertyNames) throws SQLException { propertyNames = null;,42,
org/apache/commons/dbutils/AbstractQueryRunner.java,407,NullifyInputVariable,final String... propertyNames) throws SQLException {,final String... propertyNames) throws SQLException { bean = null;,43,
org/apache/commons/dbutils/AbstractQueryRunner.java,407,NullifyInputVariable,final String... propertyNames) throws SQLException {,final String... propertyNames) throws SQLException { stmt = null;,44,
org/apache/commons/dbutils/AbstractQueryRunner.java,370,NullifyInputVariable,final PropertyDescriptor[] properties) throws SQLException {,final PropertyDescriptor[] properties) throws SQLException { properties = null;,45,
org/apache/commons/dbutils/AbstractQueryRunner.java,370,NullifyInputVariable,final PropertyDescriptor[] properties) throws SQLException {,final PropertyDescriptor[] properties) throws SQLException { bean = null;,46,
org/apache/commons/dbutils/AbstractQueryRunner.java,370,NullifyInputVariable,final PropertyDescriptor[] properties) throws SQLException {,final PropertyDescriptor[] properties) throws SQLException { stmt = null;,47,
org/apache/commons/dbutils/AbstractQueryRunner.java,304,NullifyInputVariable,throws SQLException {,throws SQLException { params = null;,48,
org/apache/commons/dbutils/AbstractQueryRunner.java,304,NullifyInputVariable,throws SQLException {,throws SQLException { pmd = null;,49,
org/apache/commons/dbutils/AbstractQueryRunner.java,503,NullifyReturnValue,return conn.prepareCall(sql);,return null;,5,
org/apache/commons/dbutils/AbstractQueryRunner.java,304,NullifyInputVariable,throws SQLException {,throws SQLException { stmt = null;,50,
org/apache/commons/dbutils/AbstractQueryRunner.java,273,NullifyInputVariable,"public void fillStatement(final PreparedStatement stmt, final Object... params) throws SQLException {","public void fillStatement(final PreparedStatement stmt, final Object... params) throws SQLException { params = null;",51,
org/apache/commons/dbutils/AbstractQueryRunner.java,273,NullifyInputVariable,"public void fillStatement(final PreparedStatement stmt, final Object... params) throws SQLException {","public void fillStatement(final PreparedStatement stmt, final Object... params) throws SQLException { stmt = null;",52,
org/apache/commons/dbutils/AbstractQueryRunner.java,236,NullifyInputVariable,private void configureStatement(final Statement stmt) throws SQLException {,private void configureStatement(final Statement stmt) throws SQLException { stmt = null;,53,
org/apache/commons/dbutils/AbstractQueryRunner.java,232,NullifyInputVariable,protected void closeQuietly(final Statement statement) {,protected void closeQuietly(final Statement statement) { statement = null;,54,
org/apache/commons/dbutils/AbstractQueryRunner.java,222,NullifyInputVariable,protected void closeQuietly(final ResultSet resultSet) {,protected void closeQuietly(final ResultSet resultSet) { resultSet = null;,55,
org/apache/commons/dbutils/AbstractQueryRunner.java,212,NullifyInputVariable,protected void closeQuietly(final Connection conn) {,protected void closeQuietly(final Connection conn) { conn = null;,56,
org/apache/commons/dbutils/AbstractQueryRunner.java,202,NullifyInputVariable,protected void close(final Statement stmt) throws SQLException {,protected void close(final Statement stmt) throws SQLException { stmt = null;,57,
org/apache/commons/dbutils/AbstractQueryRunner.java,187,NullifyInputVariable,protected void close(final ResultSet resultSet) throws SQLException {,protected void close(final ResultSet resultSet) throws SQLException { resultSet = null;,58,
org/apache/commons/dbutils/AbstractQueryRunner.java,172,NullifyInputVariable,protected void close(final Connection conn) throws SQLException {,protected void close(final Connection conn) throws SQLException { conn = null;,59,
org/apache/commons/dbutils/AbstractQueryRunner.java,465,NullifyReturnValue,return pmd;,return null;,6,
org/apache/commons/dbutils/AbstractQueryRunner.java,633,NullifyObjectInitialization,"final SQLException e = new SQLException(msg.toString(), cause.getSQLState(),",final SQLException e = null;,60,
org/apache/commons/dbutils/AbstractQueryRunner.java,621,NullifyObjectInitialization,final StringBuilder msg = new StringBuilder(causeMessage);,final StringBuilder msg = null;,61,
org/apache/commons/dbutils/AbstractQueryRunner.java,520,NullifyObjectInitialization,throw new SQLException(,throw null;,62,
org/apache/commons/dbutils/AbstractQueryRunner.java,429,NullifyObjectInitialization,"throw new IllegalStateException(""Couldn't find bean property: "" + bean.getClass() + "" "" + propertyName);",throw null;,63,
org/apache/commons/dbutils/AbstractQueryRunner.java,418,NullifyObjectInitialization,"throw new NullPointerException(""propertyName can't be null: "" + i);",throw null;,64,
org/apache/commons/dbutils/AbstractQueryRunner.java,412,NullifyObjectInitialization,"throw new RuntimeException(""Couldn't introspect bean "" + bean.getClass().toString(), e);",throw null;,65,
org/apache/commons/dbutils/AbstractQueryRunner.java,384,NullifyObjectInitialization,"throw new IllegalArgumentException(""Couldn't invoke method: "" + method, e);",throw null;,66,
org/apache/commons/dbutils/AbstractQueryRunner.java,382,NullifyObjectInitialization,"throw new IllegalArgumentException(""Couldn't invoke method with 0 arguments: "" + method, e);",throw null;,67,
org/apache/commons/dbutils/AbstractQueryRunner.java,377,NullifyObjectInitialization,"throw new IllegalArgumentException(""No read method for bean property "" + bean.getClass() + "" "" + property.getName());",throw null;,68,
org/apache/commons/dbutils/AbstractQueryRunner.java,312,NullifyObjectInitialization,"throw new SQLException(""Wrong number of parameters: expected """,throw null;,69,
org/apache/commons/dbutils/AbstractQueryRunner.java,443,NullifyReturnValue,return this.ds;,return null;,7,
org/apache/commons/dbutils/AbstractQueryRunner.java,663,RemoveMethod,protected ResultSet wrap(final ResultSet rs) {,protected ResultSet wrap(final ResultSet rs) {,70,
org/apache/commons/dbutils/AbstractQueryRunner.java,615,RemoveMethod,throws SQLException {,throws SQLException {,71,
org/apache/commons/dbutils/AbstractQueryRunner.java,583,RemoveMethod,throws SQLException {,throws SQLException {,72,
org/apache/commons/dbutils/AbstractQueryRunner.java,545,RemoveMethod,throws SQLException {,throws SQLException {,73,
org/apache/commons/dbutils/AbstractQueryRunner.java,518,RemoveMethod,protected Connection prepareConnection() throws SQLException {,protected Connection prepareConnection() throws SQLException {,74,
org/apache/commons/dbutils/AbstractQueryRunner.java,501,RemoveMethod,throws SQLException {,throws SQLException {,75,
org/apache/commons/dbutils/AbstractQueryRunner.java,479,RemoveMethod,public boolean isPmdKnownBroken() {,public boolean isPmdKnownBroken() {,76,
org/apache/commons/dbutils/AbstractQueryRunner.java,479,RemoveMethod,public boolean isPmdKnownBroken() {,public boolean isPmdKnownBroken() {,77,
org/apache/commons/dbutils/AbstractQueryRunner.java,456,RemoveMethod,public ParameterMetaData getParameterMetaData(final PreparedStatement stmt) throws SQLException {,public ParameterMetaData getParameterMetaData(final PreparedStatement stmt) throws SQLException {,78,
org/apache/commons/dbutils/AbstractQueryRunner.java,442,RemoveMethod,public DataSource getDataSource() {,public DataSource getDataSource() {,79,
org/apache/commons/dbutils/AbstractQueryRunner.java,627,RemoveNullCheck,if (params == null) {,if (false) {,8,
org/apache/commons/dbutils/AbstractQueryRunner.java,407,RemoveMethod,final String... propertyNames) throws SQLException {,final String... propertyNames) throws SQLException {,80,
org/apache/commons/dbutils/AbstractQueryRunner.java,370,RemoveMethod,final PropertyDescriptor[] properties) throws SQLException {,final PropertyDescriptor[] properties) throws SQLException {,81,
org/apache/commons/dbutils/AbstractQueryRunner.java,304,RemoveMethod,throws SQLException {,throws SQLException {,82,
org/apache/commons/dbutils/AbstractQueryRunner.java,273,RemoveMethod,"public void fillStatement(final PreparedStatement stmt, final Object... params) throws SQLException {","public void fillStatement(final PreparedStatement stmt, final Object... params) throws SQLException {",83,
org/apache/commons/dbutils/AbstractQueryRunner.java,236,RemoveMethod,private void configureStatement(final Statement stmt) throws SQLException {,private void configureStatement(final Statement stmt) throws SQLException {,84,
org/apache/commons/dbutils/AbstractQueryRunner.java,232,RemoveMethod,protected void closeQuietly(final Statement statement) {,protected void closeQuietly(final Statement statement) {,85,
org/apache/commons/dbutils/AbstractQueryRunner.java,222,RemoveMethod,protected void closeQuietly(final ResultSet resultSet) {,protected void closeQuietly(final ResultSet resultSet) {,86,
org/apache/commons/dbutils/AbstractQueryRunner.java,212,RemoveMethod,protected void closeQuietly(final Connection conn) {,protected void closeQuietly(final Connection conn) {,87,
org/apache/commons/dbutils/AbstractQueryRunner.java,202,RemoveMethod,protected void close(final Statement stmt) throws SQLException {,protected void close(final Statement stmt) throws SQLException {,88,
org/apache/commons/dbutils/AbstractQueryRunner.java,187,RemoveMethod,protected void close(final ResultSet resultSet) throws SQLException {,protected void close(final ResultSet resultSet) throws SQLException {,89,
org/apache/commons/dbutils/AbstractQueryRunner.java,618,RemoveNullCheck,if (causeMessage == null) {,if (false) {,9,
org/apache/commons/dbutils/AbstractQueryRunner.java,172,RemoveMethod,protected void close(final Connection conn) throws SQLException {,protected void close(final Connection conn) throws SQLException {,90,
org/apache/commons/dbutils/AbstractQueryRunner.java,415,ArithmeticOperatorReplacementShortcut,for (int i = 0; i < propertyNames.length; i++) {,for (int i = 0; i < propertyNames.length; i--) {,91,
org/apache/commons/dbutils/AbstractQueryRunner.java,372,ArithmeticOperatorReplacementShortcut,for (int i = 0; i < properties.length; i++) {,for (int i = 0; i < properties.length; i--) {,92,
org/apache/commons/dbutils/AbstractQueryRunner.java,327,ArithmeticOperatorReplacementShortcut,for (int i = 0; i < params.length; i++) {,for (int i = 0; i < params.length; i--) {,93,
org/apache/commons/dbutils/AbstractQueryRunner.java,627,RelationalOperatorReplacement,if (params == null) {,if (params != null) {,94,
org/apache/commons/dbutils/AbstractQueryRunner.java,618,RelationalOperatorReplacement,if (causeMessage == null) {,if (causeMessage != null) {,95,
org/apache/commons/dbutils/AbstractQueryRunner.java,519,RelationalOperatorReplacement,if (this.getDataSource() == null) {,if (this.getDataSource() != null) {,96,
org/apache/commons/dbutils/AbstractQueryRunner.java,417,RelationalOperatorReplacement,if (propertyName == null) {,if (propertyName != null) {,97,
org/apache/commons/dbutils/AbstractQueryRunner.java,415,RelationalOperatorReplacement,for (int i = 0; i < propertyNames.length; i++) {,for (int i = 0; i >= propertyNames.length; i++) {,98,
org/apache/commons/dbutils/AbstractQueryRunner.java,376,RelationalOperatorReplacement,if (method == null) {,if (method != null) {,99,
org/apache/commons/dbutils/AsyncQueryRunner.java,567,NullifyReturnValue,"return executorService.submit(() -> Integer.valueOf(queryRunner.update(sql, params)));",return null;,1,
org/apache/commons/dbutils/AsyncQueryRunner.java,431,NullifyReturnValue,"return executorService.submit(() -> queryRunner.query(conn, sql, rsh));",return null;,10,
org/apache/commons/dbutils/AsyncQueryRunner.java,417,NullifyReturnValue,"return executorService.submit(() -> queryRunner.insertBatch(sql, rsh, params));",return null;,11,
org/apache/commons/dbutils/AsyncQueryRunner.java,400,NullifyReturnValue,"return executorService.submit(() -> queryRunner.insertBatch(conn, sql, rsh, params));",return null;,12,
org/apache/commons/dbutils/AsyncQueryRunner.java,382,NullifyReturnValue,"return executorService.submit(() -> queryRunner.insert(sql, rsh, params));",return null;,13,
org/apache/commons/dbutils/AsyncQueryRunner.java,366,NullifyReturnValue,"return executorService.submit(() -> queryRunner.insert(sql, rsh));",return null;,14,
org/apache/commons/dbutils/AsyncQueryRunner.java,351,NullifyReturnValue,"return executorService.submit(() -> queryRunner.insert(conn, sql, rsh, params));",return null;,15,
org/apache/commons/dbutils/AsyncQueryRunner.java,334,NullifyReturnValue,"return executorService.submit(() -> queryRunner.insert(conn, sql, rsh));",return null;,16,
org/apache/commons/dbutils/AsyncQueryRunner.java,318,NullifyReturnValue,"return executorService.submit(() -> queryRunner.batch(sql, params));",return null;,17,
org/apache/commons/dbutils/AsyncQueryRunner.java,302,NullifyReturnValue,"return executorService.submit(() -> queryRunner.batch(conn, sql, params));",return null;,18,
org/apache/commons/dbutils/AsyncQueryRunner.java,212,NullifyReturnValue,return Integer.valueOf(rows);,return null;,19,
org/apache/commons/dbutils/AsyncQueryRunner.java,551,NullifyReturnValue,"return executorService.submit(() -> Integer.valueOf(queryRunner.update(sql, param)));",return null;,2,
org/apache/commons/dbutils/AsyncQueryRunner.java,154,NullifyReturnValue,return ret;,return null;,20,
org/apache/commons/dbutils/AsyncQueryRunner.java,566,NullifyInputVariable,"public Future<Integer> update(final String sql, final Object... params) throws SQLException {","public Future<Integer> update(final String sql, final Object... params) throws SQLException { params = null;",21,
org/apache/commons/dbutils/AsyncQueryRunner.java,566,NullifyInputVariable,"public Future<Integer> update(final String sql, final Object... params) throws SQLException {","public Future<Integer> update(final String sql, final Object... params) throws SQLException { sql = null;",22,
org/apache/commons/dbutils/AsyncQueryRunner.java,550,NullifyInputVariable,"public Future<Integer> update(final String sql, final Object param) throws SQLException {","public Future<Integer> update(final String sql, final Object param) throws SQLException { param = null;",23,
org/apache/commons/dbutils/AsyncQueryRunner.java,550,NullifyInputVariable,"public Future<Integer> update(final String sql, final Object param) throws SQLException {","public Future<Integer> update(final String sql, final Object param) throws SQLException { sql = null;",24,
org/apache/commons/dbutils/AsyncQueryRunner.java,534,NullifyInputVariable,public Future<Integer> update(final String sql) throws SQLException {,public Future<Integer> update(final String sql) throws SQLException { sql = null;,25,
org/apache/commons/dbutils/AsyncQueryRunner.java,519,NullifyInputVariable,"public Future<Integer> update(final Connection conn, final String sql, final Object... params) throws SQLException {","public Future<Integer> update(final Connection conn, final String sql, final Object... params) throws SQLException { params = null;",26,
org/apache/commons/dbutils/AsyncQueryRunner.java,519,NullifyInputVariable,"public Future<Integer> update(final Connection conn, final String sql, final Object... params) throws SQLException {","public Future<Integer> update(final Connection conn, final String sql, final Object... params) throws SQLException { sql = null;",27,
org/apache/commons/dbutils/AsyncQueryRunner.java,519,NullifyInputVariable,"public Future<Integer> update(final Connection conn, final String sql, final Object... params) throws SQLException {","public Future<Integer> update(final Connection conn, final String sql, final Object... params) throws SQLException { conn = null;",28,
org/apache/commons/dbutils/AsyncQueryRunner.java,506,NullifyInputVariable,"public Future<Integer> update(final Connection conn, final String sql, final Object param) throws SQLException {","public Future<Integer> update(final Connection conn, final String sql, final Object param) throws SQLException { param = null;",29,
org/apache/commons/dbutils/AsyncQueryRunner.java,535,NullifyReturnValue,return executorService.submit(() -> Integer.valueOf(queryRunner.update(sql)));,return null;,3,
org/apache/commons/dbutils/AsyncQueryRunner.java,506,NullifyInputVariable,"public Future<Integer> update(final Connection conn, final String sql, final Object param) throws SQLException {","public Future<Integer> update(final Connection conn, final String sql, final Object param) throws SQLException { sql = null;",30,
org/apache/commons/dbutils/AsyncQueryRunner.java,506,NullifyInputVariable,"public Future<Integer> update(final Connection conn, final String sql, final Object param) throws SQLException {","public Future<Integer> update(final Connection conn, final String sql, final Object param) throws SQLException { conn = null;",31,
org/apache/commons/dbutils/AsyncQueryRunner.java,492,NullifyInputVariable,"public Future<Integer> update(final Connection conn, final String sql) throws SQLException {","public Future<Integer> update(final Connection conn, final String sql) throws SQLException { sql = null;",32,
org/apache/commons/dbutils/AsyncQueryRunner.java,492,NullifyInputVariable,"public Future<Integer> update(final Connection conn, final String sql) throws SQLException {","public Future<Integer> update(final Connection conn, final String sql) throws SQLException { conn = null;",33,
org/apache/commons/dbutils/AsyncQueryRunner.java,479,NullifyInputVariable,"public <T> Future<T> query(final String sql, final ResultSetHandler<T> rsh, final Object... params) throws SQLException {","public <T> Future<T> query(final String sql, final ResultSetHandler<T> rsh, final Object... params) throws SQLException { params = null;",34,
org/apache/commons/dbutils/AsyncQueryRunner.java,479,NullifyInputVariable,"public <T> Future<T> query(final String sql, final ResultSetHandler<T> rsh, final Object... params) throws SQLException {","public <T> Future<T> query(final String sql, final ResultSetHandler<T> rsh, final Object... params) throws SQLException { rsh = null;",35,
org/apache/commons/dbutils/AsyncQueryRunner.java,479,NullifyInputVariable,"public <T> Future<T> query(final String sql, final ResultSetHandler<T> rsh, final Object... params) throws SQLException {","public <T> Future<T> query(final String sql, final ResultSetHandler<T> rsh, final Object... params) throws SQLException { sql = null;",36,
org/apache/commons/dbutils/AsyncQueryRunner.java,462,NullifyInputVariable,"public <T> Future<T> query(final String sql, final ResultSetHandler<T> rsh) throws SQLException {","public <T> Future<T> query(final String sql, final ResultSetHandler<T> rsh) throws SQLException { rsh = null;",37,
org/apache/commons/dbutils/AsyncQueryRunner.java,462,NullifyInputVariable,"public <T> Future<T> query(final String sql, final ResultSetHandler<T> rsh) throws SQLException {","public <T> Future<T> query(final String sql, final ResultSetHandler<T> rsh) throws SQLException { sql = null;",38,
org/apache/commons/dbutils/AsyncQueryRunner.java,446,NullifyInputVariable,throws SQLException {,throws SQLException { params = null;,39,
org/apache/commons/dbutils/AsyncQueryRunner.java,520,NullifyReturnValue,"return executorService.submit(() -> Integer.valueOf(queryRunner.update(conn, sql, params)));",return null;,4,
org/apache/commons/dbutils/AsyncQueryRunner.java,446,NullifyInputVariable,throws SQLException {,throws SQLException { rsh = null;,40,
org/apache/commons/dbutils/AsyncQueryRunner.java,446,NullifyInputVariable,throws SQLException {,throws SQLException { sql = null;,41,
org/apache/commons/dbutils/AsyncQueryRunner.java,446,NullifyInputVariable,throws SQLException {,throws SQLException { conn = null;,42,
org/apache/commons/dbutils/AsyncQueryRunner.java,430,NullifyInputVariable,"public <T> Future<T> query(final Connection conn, final String sql, final ResultSetHandler<T> rsh) throws SQLException {","public <T> Future<T> query(final Connection conn, final String sql, final ResultSetHandler<T> rsh) throws SQLException { rsh = null;",43,
org/apache/commons/dbutils/AsyncQueryRunner.java,430,NullifyInputVariable,"public <T> Future<T> query(final Connection conn, final String sql, final ResultSetHandler<T> rsh) throws SQLException {","public <T> Future<T> query(final Connection conn, final String sql, final ResultSetHandler<T> rsh) throws SQLException { sql = null;",44,
org/apache/commons/dbutils/AsyncQueryRunner.java,430,NullifyInputVariable,"public <T> Future<T> query(final Connection conn, final String sql, final ResultSetHandler<T> rsh) throws SQLException {","public <T> Future<T> query(final Connection conn, final String sql, final ResultSetHandler<T> rsh) throws SQLException { conn = null;",45,
org/apache/commons/dbutils/AsyncQueryRunner.java,416,NullifyInputVariable,"public <T> Future<T> insertBatch(final String sql, final ResultSetHandler<T> rsh, final Object[][] params) throws SQLException {","public <T> Future<T> insertBatch(final String sql, final ResultSetHandler<T> rsh, final Object[][] params) throws SQLException { params = null;",46,
org/apache/commons/dbutils/AsyncQueryRunner.java,416,NullifyInputVariable,"public <T> Future<T> insertBatch(final String sql, final ResultSetHandler<T> rsh, final Object[][] params) throws SQLException {","public <T> Future<T> insertBatch(final String sql, final ResultSetHandler<T> rsh, final Object[][] params) throws SQLException { rsh = null;",47,
org/apache/commons/dbutils/AsyncQueryRunner.java,416,NullifyInputVariable,"public <T> Future<T> insertBatch(final String sql, final ResultSetHandler<T> rsh, final Object[][] params) throws SQLException {","public <T> Future<T> insertBatch(final String sql, final ResultSetHandler<T> rsh, final Object[][] params) throws SQLException { sql = null;",48,
org/apache/commons/dbutils/AsyncQueryRunner.java,399,NullifyInputVariable,"public <T> Future<T> insertBatch(final Connection conn, final String sql, final ResultSetHandler<T> rsh, final Object[][] params) throws SQLException {","public <T> Future<T> insertBatch(final Connection conn, final String sql, final ResultSetHandler<T> rsh, final Object[][] params) throws SQLException { params = null;",49,
org/apache/commons/dbutils/AsyncQueryRunner.java,507,NullifyReturnValue,"return executorService.submit(() -> Integer.valueOf(queryRunner.update(conn, sql, param)));",return null;,5,
org/apache/commons/dbutils/AsyncQueryRunner.java,399,NullifyInputVariable,"public <T> Future<T> insertBatch(final Connection conn, final String sql, final ResultSetHandler<T> rsh, final Object[][] params) throws SQLException {","public <T> Future<T> insertBatch(final Connection conn, final String sql, final ResultSetHandler<T> rsh, final Object[][] params) throws SQLException { rsh = null;",50,
org/apache/commons/dbutils/AsyncQueryRunner.java,399,NullifyInputVariable,"public <T> Future<T> insertBatch(final Connection conn, final String sql, final ResultSetHandler<T> rsh, final Object[][] params) throws SQLException {","public <T> Future<T> insertBatch(final Connection conn, final String sql, final ResultSetHandler<T> rsh, final Object[][] params) throws SQLException { sql = null;",51,
org/apache/commons/dbutils/AsyncQueryRunner.java,399,NullifyInputVariable,"public <T> Future<T> insertBatch(final Connection conn, final String sql, final ResultSetHandler<T> rsh, final Object[][] params) throws SQLException {","public <T> Future<T> insertBatch(final Connection conn, final String sql, final ResultSetHandler<T> rsh, final Object[][] params) throws SQLException { conn = null;",52,
org/apache/commons/dbutils/AsyncQueryRunner.java,381,NullifyInputVariable,"public <T> Future<T> insert(final String sql, final ResultSetHandler<T> rsh, final Object... params) throws SQLException {","public <T> Future<T> insert(final String sql, final ResultSetHandler<T> rsh, final Object... params) throws SQLException { params = null;",53,
org/apache/commons/dbutils/AsyncQueryRunner.java,381,NullifyInputVariable,"public <T> Future<T> insert(final String sql, final ResultSetHandler<T> rsh, final Object... params) throws SQLException {","public <T> Future<T> insert(final String sql, final ResultSetHandler<T> rsh, final Object... params) throws SQLException { rsh = null;",54,
org/apache/commons/dbutils/AsyncQueryRunner.java,381,NullifyInputVariable,"public <T> Future<T> insert(final String sql, final ResultSetHandler<T> rsh, final Object... params) throws SQLException {","public <T> Future<T> insert(final String sql, final ResultSetHandler<T> rsh, final Object... params) throws SQLException { sql = null;",55,
org/apache/commons/dbutils/AsyncQueryRunner.java,365,NullifyInputVariable,"public <T> Future<T> insert(final String sql, final ResultSetHandler<T> rsh) throws SQLException {","public <T> Future<T> insert(final String sql, final ResultSetHandler<T> rsh) throws SQLException { rsh = null;",56,
org/apache/commons/dbutils/AsyncQueryRunner.java,365,NullifyInputVariable,"public <T> Future<T> insert(final String sql, final ResultSetHandler<T> rsh) throws SQLException {","public <T> Future<T> insert(final String sql, final ResultSetHandler<T> rsh) throws SQLException { sql = null;",57,
org/apache/commons/dbutils/AsyncQueryRunner.java,350,NullifyInputVariable,"public <T> Future<T> insert(final Connection conn, final String sql, final ResultSetHandler<T> rsh, final Object... params) throws SQLException {","public <T> Future<T> insert(final Connection conn, final String sql, final ResultSetHandler<T> rsh, final Object... params) throws SQLException { params = null;",58,
org/apache/commons/dbutils/AsyncQueryRunner.java,350,NullifyInputVariable,"public <T> Future<T> insert(final Connection conn, final String sql, final ResultSetHandler<T> rsh, final Object... params) throws SQLException {","public <T> Future<T> insert(final Connection conn, final String sql, final ResultSetHandler<T> rsh, final Object... params) throws SQLException { rsh = null;",59,
org/apache/commons/dbutils/AsyncQueryRunner.java,493,NullifyReturnValue,"return executorService.submit(() -> Integer.valueOf(queryRunner.update(conn, sql)));",return null;,6,
org/apache/commons/dbutils/AsyncQueryRunner.java,350,NullifyInputVariable,"public <T> Future<T> insert(final Connection conn, final String sql, final ResultSetHandler<T> rsh, final Object... params) throws SQLException {","public <T> Future<T> insert(final Connection conn, final String sql, final ResultSetHandler<T> rsh, final Object... params) throws SQLException { sql = null;",60,
org/apache/commons/dbutils/AsyncQueryRunner.java,350,NullifyInputVariable,"public <T> Future<T> insert(final Connection conn, final String sql, final ResultSetHandler<T> rsh, final Object... params) throws SQLException {","public <T> Future<T> insert(final Connection conn, final String sql, final ResultSetHandler<T> rsh, final Object... params) throws SQLException { conn = null;",61,
org/apache/commons/dbutils/AsyncQueryRunner.java,333,NullifyInputVariable,"public <T> Future<T> insert(final Connection conn, final String sql, final ResultSetHandler<T> rsh) throws SQLException {","public <T> Future<T> insert(final Connection conn, final String sql, final ResultSetHandler<T> rsh) throws SQLException { rsh = null;",62,
org/apache/commons/dbutils/AsyncQueryRunner.java,333,NullifyInputVariable,"public <T> Future<T> insert(final Connection conn, final String sql, final ResultSetHandler<T> rsh) throws SQLException {","public <T> Future<T> insert(final Connection conn, final String sql, final ResultSetHandler<T> rsh) throws SQLException { sql = null;",63,
org/apache/commons/dbutils/AsyncQueryRunner.java,333,NullifyInputVariable,"public <T> Future<T> insert(final Connection conn, final String sql, final ResultSetHandler<T> rsh) throws SQLException {","public <T> Future<T> insert(final Connection conn, final String sql, final ResultSetHandler<T> rsh) throws SQLException { conn = null;",64,
org/apache/commons/dbutils/AsyncQueryRunner.java,317,NullifyInputVariable,"public Future<int[]> batch(final String sql, final Object[][] params) throws SQLException {","public Future<int[]> batch(final String sql, final Object[][] params) throws SQLException { params = null;",65,
org/apache/commons/dbutils/AsyncQueryRunner.java,317,NullifyInputVariable,"public Future<int[]> batch(final String sql, final Object[][] params) throws SQLException {","public Future<int[]> batch(final String sql, final Object[][] params) throws SQLException { sql = null;",66,
org/apache/commons/dbutils/AsyncQueryRunner.java,301,NullifyInputVariable,"public Future<int[]> batch(final Connection conn, final String sql, final Object[][] params) throws SQLException {","public Future<int[]> batch(final Connection conn, final String sql, final Object[][] params) throws SQLException { params = null;",67,
org/apache/commons/dbutils/AsyncQueryRunner.java,301,NullifyInputVariable,"public Future<int[]> batch(final Connection conn, final String sql, final Object[][] params) throws SQLException {","public Future<int[]> batch(final Connection conn, final String sql, final Object[][] params) throws SQLException { sql = null;",68,
org/apache/commons/dbutils/AsyncQueryRunner.java,301,NullifyInputVariable,"public Future<int[]> batch(final Connection conn, final String sql, final Object[][] params) throws SQLException {","public Future<int[]> batch(final Connection conn, final String sql, final Object[][] params) throws SQLException { conn = null;",69,
org/apache/commons/dbutils/AsyncQueryRunner.java,480,NullifyReturnValue,"return executorService.submit(() -> queryRunner.query(sql, rsh, params));",return null;,7,
org/apache/commons/dbutils/AsyncQueryRunner.java,251,NullifyObjectInitialization,"this.queryRunner = new QueryRunner(ds, pmdKnownBroken);",this.queryRunner = null;,70,
org/apache/commons/dbutils/AsyncQueryRunner.java,566,RemoveMethod,"public Future<Integer> update(final String sql, final Object... params) throws SQLException {","public Future<Integer> update(final String sql, final Object... params) throws SQLException {",71,
org/apache/commons/dbutils/AsyncQueryRunner.java,550,RemoveMethod,"public Future<Integer> update(final String sql, final Object param) throws SQLException {","public Future<Integer> update(final String sql, final Object param) throws SQLException {",72,
org/apache/commons/dbutils/AsyncQueryRunner.java,534,RemoveMethod,public Future<Integer> update(final String sql) throws SQLException {,public Future<Integer> update(final String sql) throws SQLException {,73,
org/apache/commons/dbutils/AsyncQueryRunner.java,519,RemoveMethod,"public Future<Integer> update(final Connection conn, final String sql, final Object... params) throws SQLException {","public Future<Integer> update(final Connection conn, final String sql, final Object... params) throws SQLException {",74,
org/apache/commons/dbutils/AsyncQueryRunner.java,506,RemoveMethod,"public Future<Integer> update(final Connection conn, final String sql, final Object param) throws SQLException {","public Future<Integer> update(final Connection conn, final String sql, final Object param) throws SQLException {",75,
org/apache/commons/dbutils/AsyncQueryRunner.java,492,RemoveMethod,"public Future<Integer> update(final Connection conn, final String sql) throws SQLException {","public Future<Integer> update(final Connection conn, final String sql) throws SQLException {",76,
org/apache/commons/dbutils/AsyncQueryRunner.java,479,RemoveMethod,"public <T> Future<T> query(final String sql, final ResultSetHandler<T> rsh, final Object... params) throws SQLException {","public <T> Future<T> query(final String sql, final ResultSetHandler<T> rsh, final Object... params) throws SQLException {",77,
org/apache/commons/dbutils/AsyncQueryRunner.java,462,RemoveMethod,"public <T> Future<T> query(final String sql, final ResultSetHandler<T> rsh) throws SQLException {","public <T> Future<T> query(final String sql, final ResultSetHandler<T> rsh) throws SQLException {",78,
org/apache/commons/dbutils/AsyncQueryRunner.java,446,RemoveMethod,throws SQLException {,throws SQLException {,79,
org/apache/commons/dbutils/AsyncQueryRunner.java,463,NullifyReturnValue,"return executorService.submit(() -> queryRunner.query(sql, rsh));",return null;,8,
org/apache/commons/dbutils/AsyncQueryRunner.java,430,RemoveMethod,"public <T> Future<T> query(final Connection conn, final String sql, final ResultSetHandler<T> rsh) throws SQLException {","public <T> Future<T> query(final Connection conn, final String sql, final ResultSetHandler<T> rsh) throws SQLException {",80,
org/apache/commons/dbutils/AsyncQueryRunner.java,416,RemoveMethod,"public <T> Future<T> insertBatch(final String sql, final ResultSetHandler<T> rsh, final Object[][] params) throws SQLException {","public <T> Future<T> insertBatch(final String sql, final ResultSetHandler<T> rsh, final Object[][] params) throws SQLException {",81,
org/apache/commons/dbutils/AsyncQueryRunner.java,399,RemoveMethod,"public <T> Future<T> insertBatch(final Connection conn, final String sql, final ResultSetHandler<T> rsh, final Object[][] params) throws SQLException {","public <T> Future<T> insertBatch(final Connection conn, final String sql, final ResultSetHandler<T> rsh, final Object[][] params) throws SQLException {",82,
org/apache/commons/dbutils/AsyncQueryRunner.java,381,RemoveMethod,"public <T> Future<T> insert(final String sql, final ResultSetHandler<T> rsh, final Object... params) throws SQLException {","public <T> Future<T> insert(final String sql, final ResultSetHandler<T> rsh, final Object... params) throws SQLException {",83,
org/apache/commons/dbutils/AsyncQueryRunner.java,365,RemoveMethod,"public <T> Future<T> insert(final String sql, final ResultSetHandler<T> rsh) throws SQLException {","public <T> Future<T> insert(final String sql, final ResultSetHandler<T> rsh) throws SQLException {",84,
org/apache/commons/dbutils/AsyncQueryRunner.java,350,RemoveMethod,"public <T> Future<T> insert(final Connection conn, final String sql, final ResultSetHandler<T> rsh, final Object... params) throws SQLException {","public <T> Future<T> insert(final Connection conn, final String sql, final ResultSetHandler<T> rsh, final Object... params) throws SQLException {",85,
org/apache/commons/dbutils/AsyncQueryRunner.java,333,RemoveMethod,"public <T> Future<T> insert(final Connection conn, final String sql, final ResultSetHandler<T> rsh) throws SQLException {","public <T> Future<T> insert(final Connection conn, final String sql, final ResultSetHandler<T> rsh) throws SQLException {",86,
org/apache/commons/dbutils/AsyncQueryRunner.java,317,RemoveMethod,"public Future<int[]> batch(final String sql, final Object[][] params) throws SQLException {","public Future<int[]> batch(final String sql, final Object[][] params) throws SQLException {",87,
org/apache/commons/dbutils/AsyncQueryRunner.java,301,RemoveMethod,"public Future<int[]> batch(final Connection conn, final String sql, final Object[][] params) throws SQLException {","public Future<int[]> batch(final Connection conn, final String sql, final Object[][] params) throws SQLException {",88,
org/apache/commons/dbutils/AsyncQueryRunner.java,198,RemoveMethod,public Integer call() throws SQLException {,public Integer call() throws SQLException {,89,
org/apache/commons/dbutils/AsyncQueryRunner.java,447,NullifyReturnValue,"return executorService.submit(() -> queryRunner.query(conn, sql, rsh, params));",return null;,9,
org/apache/commons/dbutils/AsyncQueryRunner.java,134,RemoveMethod,public T call() throws SQLException {,public T call() throws SQLException {,90,
org/apache/commons/dbutils/AsyncQueryRunner.java,76,RemoveMethod,public int[] call() throws SQLException {,public int[] call() throws SQLException {,91,
org/apache/commons/dbutils/AsyncQueryRunner.java,76,RemoveMethod,public int[] call() throws SQLException {,public int[] call() throws SQLException {,92,
org/apache/commons/dbutils/BaseResultSetHandler.java,828,NullifyReturnValue,return resultSet.unwrap(iface);,return null;,1,
org/apache/commons/dbutils/BaseResultSetHandler.java,603,NullifyReturnValue,"return resultSet.getTimestamp(columnIndex, cal);",return null;,10,
org/apache/commons/dbutils/BaseResultSetHandler.java,1198,NullifyInputVariable,"protected final void updateNCharacterStream(final String columnLabel, final Reader reader) throws SQLException {","protected final void updateNCharacterStream(final String columnLabel, final Reader reader) throws SQLException { columnLabel = null;",100,
org/apache/commons/dbutils/BaseResultSetHandler.java,1191,NullifyInputVariable,"protected final void updateNCharacterStream(final int columnIndex, final Reader x, final long length) throws SQLException {","protected final void updateNCharacterStream(final int columnIndex, final Reader x, final long length) throws SQLException { x = null;",101,
org/apache/commons/dbutils/BaseResultSetHandler.java,1184,NullifyInputVariable,"protected final void updateNCharacterStream(final int columnIndex, final Reader x) throws SQLException {","protected final void updateNCharacterStream(final int columnIndex, final Reader x) throws SQLException { x = null;",102,
org/apache/commons/dbutils/BaseResultSetHandler.java,1177,NullifyInputVariable,"protected final void updateLong(final String columnLabel, final long x) throws SQLException {","protected final void updateLong(final String columnLabel, final long x) throws SQLException { columnLabel = null;",103,
org/apache/commons/dbutils/BaseResultSetHandler.java,1163,NullifyInputVariable,"protected final void updateInt(final String columnLabel, final int x) throws SQLException {","protected final void updateInt(final String columnLabel, final int x) throws SQLException { columnLabel = null;",104,
org/apache/commons/dbutils/BaseResultSetHandler.java,1149,NullifyInputVariable,"protected final void updateFloat(final String columnLabel, final float x) throws SQLException {","protected final void updateFloat(final String columnLabel, final float x) throws SQLException { columnLabel = null;",105,
org/apache/commons/dbutils/BaseResultSetHandler.java,1135,NullifyInputVariable,"protected final void updateDouble(final String columnLabel, final double x) throws SQLException {","protected final void updateDouble(final String columnLabel, final double x) throws SQLException { columnLabel = null;",106,
org/apache/commons/dbutils/BaseResultSetHandler.java,1121,NullifyInputVariable,"protected final void updateDate(final String columnLabel, final Date x) throws SQLException {","protected final void updateDate(final String columnLabel, final Date x) throws SQLException { x = null;",107,
org/apache/commons/dbutils/BaseResultSetHandler.java,1121,NullifyInputVariable,"protected final void updateDate(final String columnLabel, final Date x) throws SQLException {","protected final void updateDate(final String columnLabel, final Date x) throws SQLException { columnLabel = null;",108,
org/apache/commons/dbutils/BaseResultSetHandler.java,1114,NullifyInputVariable,"protected final void updateDate(final int columnIndex, final Date x) throws SQLException {","protected final void updateDate(final int columnIndex, final Date x) throws SQLException { x = null;",109,
org/apache/commons/dbutils/BaseResultSetHandler.java,596,NullifyReturnValue,return resultSet.getTimestamp(columnIndex);,return null;,11,
org/apache/commons/dbutils/BaseResultSetHandler.java,1107,NullifyInputVariable,"protected final void updateClob(final String columnLabel, final Reader reader, final long length) throws SQLException {","protected final void updateClob(final String columnLabel, final Reader reader, final long length) throws SQLException { reader = null;",110,
org/apache/commons/dbutils/BaseResultSetHandler.java,1107,NullifyInputVariable,"protected final void updateClob(final String columnLabel, final Reader reader, final long length) throws SQLException {","protected final void updateClob(final String columnLabel, final Reader reader, final long length) throws SQLException { columnLabel = null;",111,
org/apache/commons/dbutils/BaseResultSetHandler.java,1100,NullifyInputVariable,"protected final void updateClob(final String columnLabel, final Reader reader) throws SQLException {","protected final void updateClob(final String columnLabel, final Reader reader) throws SQLException { reader = null;",112,
org/apache/commons/dbutils/BaseResultSetHandler.java,1100,NullifyInputVariable,"protected final void updateClob(final String columnLabel, final Reader reader) throws SQLException {","protected final void updateClob(final String columnLabel, final Reader reader) throws SQLException { columnLabel = null;",113,
org/apache/commons/dbutils/BaseResultSetHandler.java,1093,NullifyInputVariable,"protected final void updateClob(final String columnLabel, final Clob x) throws SQLException {","protected final void updateClob(final String columnLabel, final Clob x) throws SQLException { x = null;",114,
org/apache/commons/dbutils/BaseResultSetHandler.java,1093,NullifyInputVariable,"protected final void updateClob(final String columnLabel, final Clob x) throws SQLException {","protected final void updateClob(final String columnLabel, final Clob x) throws SQLException { columnLabel = null;",115,
org/apache/commons/dbutils/BaseResultSetHandler.java,1086,NullifyInputVariable,"protected final void updateClob(final int columnIndex, final Reader reader, final long length) throws SQLException {","protected final void updateClob(final int columnIndex, final Reader reader, final long length) throws SQLException { reader = null;",116,
org/apache/commons/dbutils/BaseResultSetHandler.java,1079,NullifyInputVariable,"protected final void updateClob(final int columnIndex, final Reader reader) throws SQLException {","protected final void updateClob(final int columnIndex, final Reader reader) throws SQLException { reader = null;",117,
org/apache/commons/dbutils/BaseResultSetHandler.java,1072,NullifyInputVariable,"protected final void updateClob(final int columnIndex, final Clob x) throws SQLException {","protected final void updateClob(final int columnIndex, final Clob x) throws SQLException { x = null;",118,
org/apache/commons/dbutils/BaseResultSetHandler.java,1065,NullifyInputVariable,"protected final void updateCharacterStream(final String columnLabel, final Reader reader, final long length) throws SQLException {","protected final void updateCharacterStream(final String columnLabel, final Reader reader, final long length) throws SQLException { reader = null;",119,
org/apache/commons/dbutils/BaseResultSetHandler.java,589,NullifyReturnValue,"return resultSet.getTime(columnLabel, cal);",return null;,12,
org/apache/commons/dbutils/BaseResultSetHandler.java,1065,NullifyInputVariable,"protected final void updateCharacterStream(final String columnLabel, final Reader reader, final long length) throws SQLException {","protected final void updateCharacterStream(final String columnLabel, final Reader reader, final long length) throws SQLException { columnLabel = null;",120,
org/apache/commons/dbutils/BaseResultSetHandler.java,1058,NullifyInputVariable,"protected final void updateCharacterStream(final String columnLabel, final Reader reader, final int length) throws SQLException {","protected final void updateCharacterStream(final String columnLabel, final Reader reader, final int length) throws SQLException { reader = null;",121,
org/apache/commons/dbutils/BaseResultSetHandler.java,1058,NullifyInputVariable,"protected final void updateCharacterStream(final String columnLabel, final Reader reader, final int length) throws SQLException {","protected final void updateCharacterStream(final String columnLabel, final Reader reader, final int length) throws SQLException { columnLabel = null;",122,
org/apache/commons/dbutils/BaseResultSetHandler.java,1051,NullifyInputVariable,"protected final void updateCharacterStream(final String columnLabel, final Reader reader) throws SQLException {","protected final void updateCharacterStream(final String columnLabel, final Reader reader) throws SQLException { reader = null;",123,
org/apache/commons/dbutils/BaseResultSetHandler.java,1051,NullifyInputVariable,"protected final void updateCharacterStream(final String columnLabel, final Reader reader) throws SQLException {","protected final void updateCharacterStream(final String columnLabel, final Reader reader) throws SQLException { columnLabel = null;",124,
org/apache/commons/dbutils/BaseResultSetHandler.java,1044,NullifyInputVariable,"protected final void updateCharacterStream(final int columnIndex, final Reader x, final long length) throws SQLException {","protected final void updateCharacterStream(final int columnIndex, final Reader x, final long length) throws SQLException { x = null;",125,
org/apache/commons/dbutils/BaseResultSetHandler.java,1037,NullifyInputVariable,"protected final void updateCharacterStream(final int columnIndex, final Reader x, final int length) throws SQLException {","protected final void updateCharacterStream(final int columnIndex, final Reader x, final int length) throws SQLException { x = null;",126,
org/apache/commons/dbutils/BaseResultSetHandler.java,1030,NullifyInputVariable,"protected final void updateCharacterStream(final int columnIndex, final Reader x) throws SQLException {","protected final void updateCharacterStream(final int columnIndex, final Reader x) throws SQLException { x = null;",127,
org/apache/commons/dbutils/BaseResultSetHandler.java,1023,NullifyInputVariable,"protected final void updateBytes(final String columnLabel, final byte[] x) throws SQLException {","protected final void updateBytes(final String columnLabel, final byte[] x) throws SQLException { columnLabel = null;",128,
org/apache/commons/dbutils/BaseResultSetHandler.java,1009,NullifyInputVariable,"protected final void updateByte(final String columnLabel, final byte x) throws SQLException {","protected final void updateByte(final String columnLabel, final byte x) throws SQLException { columnLabel = null;",129,
org/apache/commons/dbutils/BaseResultSetHandler.java,582,NullifyReturnValue,return resultSet.getTime(columnLabel);,return null;,13,
org/apache/commons/dbutils/BaseResultSetHandler.java,995,NullifyInputVariable,"protected final void updateBoolean(final String columnLabel, final boolean x) throws SQLException {","protected final void updateBoolean(final String columnLabel, final boolean x) throws SQLException { columnLabel = null;",130,
org/apache/commons/dbutils/BaseResultSetHandler.java,981,NullifyInputVariable,"protected final void updateBlob(final String columnLabel, final InputStream inputStream, final long length) throws SQLException {","protected final void updateBlob(final String columnLabel, final InputStream inputStream, final long length) throws SQLException { inputStream = null;",131,
org/apache/commons/dbutils/BaseResultSetHandler.java,981,NullifyInputVariable,"protected final void updateBlob(final String columnLabel, final InputStream inputStream, final long length) throws SQLException {","protected final void updateBlob(final String columnLabel, final InputStream inputStream, final long length) throws SQLException { columnLabel = null;",132,
org/apache/commons/dbutils/BaseResultSetHandler.java,974,NullifyInputVariable,"protected final void updateBlob(final String columnLabel, final InputStream inputStream) throws SQLException {","protected final void updateBlob(final String columnLabel, final InputStream inputStream) throws SQLException { inputStream = null;",133,
org/apache/commons/dbutils/BaseResultSetHandler.java,974,NullifyInputVariable,"protected final void updateBlob(final String columnLabel, final InputStream inputStream) throws SQLException {","protected final void updateBlob(final String columnLabel, final InputStream inputStream) throws SQLException { columnLabel = null;",134,
org/apache/commons/dbutils/BaseResultSetHandler.java,967,NullifyInputVariable,"protected final void updateBlob(final String columnLabel, final Blob x) throws SQLException {","protected final void updateBlob(final String columnLabel, final Blob x) throws SQLException { x = null;",135,
org/apache/commons/dbutils/BaseResultSetHandler.java,967,NullifyInputVariable,"protected final void updateBlob(final String columnLabel, final Blob x) throws SQLException {","protected final void updateBlob(final String columnLabel, final Blob x) throws SQLException { columnLabel = null;",136,
org/apache/commons/dbutils/BaseResultSetHandler.java,960,NullifyInputVariable,"protected final void updateBlob(final int columnIndex, final InputStream inputStream, final long length) throws SQLException {","protected final void updateBlob(final int columnIndex, final InputStream inputStream, final long length) throws SQLException { inputStream = null;",137,
org/apache/commons/dbutils/BaseResultSetHandler.java,953,NullifyInputVariable,"protected final void updateBlob(final int columnIndex, final InputStream inputStream) throws SQLException {","protected final void updateBlob(final int columnIndex, final InputStream inputStream) throws SQLException { inputStream = null;",138,
org/apache/commons/dbutils/BaseResultSetHandler.java,946,NullifyInputVariable,"protected final void updateBlob(final int columnIndex, final Blob x) throws SQLException {","protected final void updateBlob(final int columnIndex, final Blob x) throws SQLException { x = null;",139,
org/apache/commons/dbutils/BaseResultSetHandler.java,575,NullifyReturnValue,"return resultSet.getTime(columnIndex, cal);",return null;,14,
org/apache/commons/dbutils/BaseResultSetHandler.java,939,NullifyInputVariable,"protected final void updateBinaryStream(final String columnLabel, final InputStream x, final long length) throws SQLException {","protected final void updateBinaryStream(final String columnLabel, final InputStream x, final long length) throws SQLException { x = null;",140,
org/apache/commons/dbutils/BaseResultSetHandler.java,939,NullifyInputVariable,"protected final void updateBinaryStream(final String columnLabel, final InputStream x, final long length) throws SQLException {","protected final void updateBinaryStream(final String columnLabel, final InputStream x, final long length) throws SQLException { columnLabel = null;",141,
org/apache/commons/dbutils/BaseResultSetHandler.java,932,NullifyInputVariable,"protected final void updateBinaryStream(final String columnLabel, final InputStream x, final int length) throws SQLException {","protected final void updateBinaryStream(final String columnLabel, final InputStream x, final int length) throws SQLException { x = null;",142,
org/apache/commons/dbutils/BaseResultSetHandler.java,932,NullifyInputVariable,"protected final void updateBinaryStream(final String columnLabel, final InputStream x, final int length) throws SQLException {","protected final void updateBinaryStream(final String columnLabel, final InputStream x, final int length) throws SQLException { columnLabel = null;",143,
org/apache/commons/dbutils/BaseResultSetHandler.java,925,NullifyInputVariable,"protected final void updateBinaryStream(final String columnLabel, final InputStream x) throws SQLException {","protected final void updateBinaryStream(final String columnLabel, final InputStream x) throws SQLException { x = null;",144,
org/apache/commons/dbutils/BaseResultSetHandler.java,925,NullifyInputVariable,"protected final void updateBinaryStream(final String columnLabel, final InputStream x) throws SQLException {","protected final void updateBinaryStream(final String columnLabel, final InputStream x) throws SQLException { columnLabel = null;",145,
org/apache/commons/dbutils/BaseResultSetHandler.java,918,NullifyInputVariable,"protected final void updateBinaryStream(final int columnIndex, final InputStream x, final long length) throws SQLException {","protected final void updateBinaryStream(final int columnIndex, final InputStream x, final long length) throws SQLException { x = null;",146,
org/apache/commons/dbutils/BaseResultSetHandler.java,911,NullifyInputVariable,"protected final void updateBinaryStream(final int columnIndex, final InputStream x, final int length) throws SQLException {","protected final void updateBinaryStream(final int columnIndex, final InputStream x, final int length) throws SQLException { x = null;",147,
org/apache/commons/dbutils/BaseResultSetHandler.java,904,NullifyInputVariable,"protected final void updateBinaryStream(final int columnIndex, final InputStream x) throws SQLException {","protected final void updateBinaryStream(final int columnIndex, final InputStream x) throws SQLException { x = null;",148,
org/apache/commons/dbutils/BaseResultSetHandler.java,897,NullifyInputVariable,"protected final void updateBigDecimal(final String columnLabel, final BigDecimal x) throws SQLException {","protected final void updateBigDecimal(final String columnLabel, final BigDecimal x) throws SQLException { x = null;",149,
org/apache/commons/dbutils/BaseResultSetHandler.java,568,NullifyReturnValue,return resultSet.getTime(columnIndex);,return null;,15,
org/apache/commons/dbutils/BaseResultSetHandler.java,897,NullifyInputVariable,"protected final void updateBigDecimal(final String columnLabel, final BigDecimal x) throws SQLException {","protected final void updateBigDecimal(final String columnLabel, final BigDecimal x) throws SQLException { columnLabel = null;",150,
org/apache/commons/dbutils/BaseResultSetHandler.java,890,NullifyInputVariable,"protected final void updateBigDecimal(final int columnIndex, final BigDecimal x) throws SQLException {","protected final void updateBigDecimal(final int columnIndex, final BigDecimal x) throws SQLException { x = null;",151,
org/apache/commons/dbutils/BaseResultSetHandler.java,883,NullifyInputVariable,"protected final void updateAsciiStream(final String columnLabel, final InputStream x, final long length) throws SQLException {","protected final void updateAsciiStream(final String columnLabel, final InputStream x, final long length) throws SQLException { x = null;",152,
org/apache/commons/dbutils/BaseResultSetHandler.java,883,NullifyInputVariable,"protected final void updateAsciiStream(final String columnLabel, final InputStream x, final long length) throws SQLException {","protected final void updateAsciiStream(final String columnLabel, final InputStream x, final long length) throws SQLException { columnLabel = null;",153,
org/apache/commons/dbutils/BaseResultSetHandler.java,876,NullifyInputVariable,"protected final void updateAsciiStream(final String columnLabel, final InputStream x, final int length) throws SQLException {","protected final void updateAsciiStream(final String columnLabel, final InputStream x, final int length) throws SQLException { x = null;",154,
org/apache/commons/dbutils/BaseResultSetHandler.java,876,NullifyInputVariable,"protected final void updateAsciiStream(final String columnLabel, final InputStream x, final int length) throws SQLException {","protected final void updateAsciiStream(final String columnLabel, final InputStream x, final int length) throws SQLException { columnLabel = null;",155,
org/apache/commons/dbutils/BaseResultSetHandler.java,869,NullifyInputVariable,"protected final void updateAsciiStream(final String columnLabel, final InputStream x) throws SQLException {","protected final void updateAsciiStream(final String columnLabel, final InputStream x) throws SQLException { x = null;",156,
org/apache/commons/dbutils/BaseResultSetHandler.java,869,NullifyInputVariable,"protected final void updateAsciiStream(final String columnLabel, final InputStream x) throws SQLException {","protected final void updateAsciiStream(final String columnLabel, final InputStream x) throws SQLException { columnLabel = null;",157,
org/apache/commons/dbutils/BaseResultSetHandler.java,862,NullifyInputVariable,"protected final void updateAsciiStream(final int columnIndex, final InputStream x, final long length) throws SQLException {","protected final void updateAsciiStream(final int columnIndex, final InputStream x, final long length) throws SQLException { x = null;",158,
org/apache/commons/dbutils/BaseResultSetHandler.java,855,NullifyInputVariable,"protected final void updateAsciiStream(final int columnIndex, final InputStream x, final int length) throws SQLException {","protected final void updateAsciiStream(final int columnIndex, final InputStream x, final int length) throws SQLException { x = null;",159,
org/apache/commons/dbutils/BaseResultSetHandler.java,561,NullifyReturnValue,return resultSet.getString(columnLabel);,return null;,16,
org/apache/commons/dbutils/BaseResultSetHandler.java,848,NullifyInputVariable,"protected final void updateAsciiStream(final int columnIndex, final InputStream x) throws SQLException {","protected final void updateAsciiStream(final int columnIndex, final InputStream x) throws SQLException { x = null;",160,
org/apache/commons/dbutils/BaseResultSetHandler.java,841,NullifyInputVariable,"protected final void updateArray(final String columnLabel, final Array x) throws SQLException {","protected final void updateArray(final String columnLabel, final Array x) throws SQLException { x = null;",161,
org/apache/commons/dbutils/BaseResultSetHandler.java,841,NullifyInputVariable,"protected final void updateArray(final String columnLabel, final Array x) throws SQLException {","protected final void updateArray(final String columnLabel, final Array x) throws SQLException { columnLabel = null;",162,
org/apache/commons/dbutils/BaseResultSetHandler.java,834,NullifyInputVariable,"protected final void updateArray(final int columnIndex, final Array x) throws SQLException {","protected final void updateArray(final int columnIndex, final Array x) throws SQLException { x = null;",163,
org/apache/commons/dbutils/BaseResultSetHandler.java,827,NullifyInputVariable,protected final <E> E unwrap(final Class<E> iface) throws SQLException {,protected final <E> E unwrap(final Class<E> iface) throws SQLException { iface = null;,164,
org/apache/commons/dbutils/BaseResultSetHandler.java,736,NullifyInputVariable,protected final boolean isWrapperFor(final Class<?> iface) throws SQLException {,protected final boolean isWrapperFor(final Class<?> iface) throws SQLException { iface = null;,165,
org/apache/commons/dbutils/BaseResultSetHandler.java,677,NullifyInputVariable,public final T handle(final ResultSet rs) throws SQLException {,public final T handle(final ResultSet rs) throws SQLException { rs = null;,166,
org/apache/commons/dbutils/BaseResultSetHandler.java,653,NullifyInputVariable,protected final URL getURL(final String columnLabel) throws SQLException {,protected final URL getURL(final String columnLabel) throws SQLException { columnLabel = null;,167,
org/apache/commons/dbutils/BaseResultSetHandler.java,639,NullifyInputVariable,protected final InputStream getUnicodeStream(final String columnLabel) throws SQLException {,protected final InputStream getUnicodeStream(final String columnLabel) throws SQLException { columnLabel = null;,168,
org/apache/commons/dbutils/BaseResultSetHandler.java,616,NullifyInputVariable,"protected final Timestamp getTimestamp(final String columnLabel, final Calendar cal) throws SQLException {","protected final Timestamp getTimestamp(final String columnLabel, final Calendar cal) throws SQLException { cal = null;",169,
org/apache/commons/dbutils/BaseResultSetHandler.java,554,NullifyReturnValue,return resultSet.getString(columnIndex);,return null;,17,
org/apache/commons/dbutils/BaseResultSetHandler.java,616,NullifyInputVariable,"protected final Timestamp getTimestamp(final String columnLabel, final Calendar cal) throws SQLException {","protected final Timestamp getTimestamp(final String columnLabel, final Calendar cal) throws SQLException { columnLabel = null;",170,
org/apache/commons/dbutils/BaseResultSetHandler.java,609,NullifyInputVariable,protected final Timestamp getTimestamp(final String columnLabel) throws SQLException {,protected final Timestamp getTimestamp(final String columnLabel) throws SQLException { columnLabel = null;,171,
org/apache/commons/dbutils/BaseResultSetHandler.java,602,NullifyInputVariable,"protected final Timestamp getTimestamp(final int columnIndex, final Calendar cal) throws SQLException {","protected final Timestamp getTimestamp(final int columnIndex, final Calendar cal) throws SQLException { cal = null;",172,
org/apache/commons/dbutils/BaseResultSetHandler.java,588,NullifyInputVariable,"protected final Time getTime(final String columnLabel, final Calendar cal) throws SQLException {","protected final Time getTime(final String columnLabel, final Calendar cal) throws SQLException { cal = null;",173,
org/apache/commons/dbutils/BaseResultSetHandler.java,588,NullifyInputVariable,"protected final Time getTime(final String columnLabel, final Calendar cal) throws SQLException {","protected final Time getTime(final String columnLabel, final Calendar cal) throws SQLException { columnLabel = null;",174,
org/apache/commons/dbutils/BaseResultSetHandler.java,581,NullifyInputVariable,protected final Time getTime(final String columnLabel) throws SQLException {,protected final Time getTime(final String columnLabel) throws SQLException { columnLabel = null;,175,
org/apache/commons/dbutils/BaseResultSetHandler.java,574,NullifyInputVariable,"protected final Time getTime(final int columnIndex, final Calendar cal) throws SQLException {","protected final Time getTime(final int columnIndex, final Calendar cal) throws SQLException { cal = null;",176,
org/apache/commons/dbutils/BaseResultSetHandler.java,560,NullifyInputVariable,protected final String getString(final String columnLabel) throws SQLException {,protected final String getString(final String columnLabel) throws SQLException { columnLabel = null;,177,
org/apache/commons/dbutils/BaseResultSetHandler.java,539,NullifyInputVariable,protected final SQLXML getSQLXML(final String columnLabel) throws SQLException {,protected final SQLXML getSQLXML(final String columnLabel) throws SQLException { columnLabel = null;,178,
org/apache/commons/dbutils/BaseResultSetHandler.java,525,NullifyInputVariable,protected final short getShort(final String columnLabel) throws SQLException {,protected final short getShort(final String columnLabel) throws SQLException { columnLabel = null;,179,
org/apache/commons/dbutils/BaseResultSetHandler.java,547,NullifyReturnValue,return resultSet.getStatement();,return null;,18,
org/apache/commons/dbutils/BaseResultSetHandler.java,511,NullifyInputVariable,protected final RowId getRowId(final String columnLabel) throws SQLException {,protected final RowId getRowId(final String columnLabel) throws SQLException { columnLabel = null;,180,
org/apache/commons/dbutils/BaseResultSetHandler.java,490,NullifyInputVariable,protected final Ref getRef(final String columnLabel) throws SQLException {,protected final Ref getRef(final String columnLabel) throws SQLException { columnLabel = null;,181,
org/apache/commons/dbutils/BaseResultSetHandler.java,476,NullifyInputVariable,"protected final Object getObject(final String columnLabel, final Map<String, Class<?>> map) throws SQLException {","protected final Object getObject(final String columnLabel, final Map<String, Class<?>> map) throws SQLException { map = null;",182,
org/apache/commons/dbutils/BaseResultSetHandler.java,476,NullifyInputVariable,"protected final Object getObject(final String columnLabel, final Map<String, Class<?>> map) throws SQLException {","protected final Object getObject(final String columnLabel, final Map<String, Class<?>> map) throws SQLException { columnLabel = null;",183,
org/apache/commons/dbutils/BaseResultSetHandler.java,469,NullifyInputVariable,protected final Object getObject(final String columnLabel) throws SQLException {,protected final Object getObject(final String columnLabel) throws SQLException { columnLabel = null;,184,
org/apache/commons/dbutils/BaseResultSetHandler.java,462,NullifyInputVariable,"protected final Object getObject(final int columnIndex, final Map<String, Class<?>> map) throws SQLException {","protected final Object getObject(final int columnIndex, final Map<String, Class<?>> map) throws SQLException { map = null;",185,
org/apache/commons/dbutils/BaseResultSetHandler.java,448,NullifyInputVariable,protected final String getNString(final String columnLabel) throws SQLException {,protected final String getNString(final String columnLabel) throws SQLException { columnLabel = null;,186,
org/apache/commons/dbutils/BaseResultSetHandler.java,434,NullifyInputVariable,protected final NClob getNClob(final String columnLabel) throws SQLException {,protected final NClob getNClob(final String columnLabel) throws SQLException { columnLabel = null;,187,
org/apache/commons/dbutils/BaseResultSetHandler.java,420,NullifyInputVariable,protected final Reader getNCharacterStream(final String columnLabel) throws SQLException {,protected final Reader getNCharacterStream(final String columnLabel) throws SQLException { columnLabel = null;,188,
org/apache/commons/dbutils/BaseResultSetHandler.java,399,NullifyInputVariable,protected final long getLong(final String columnLabel) throws SQLException {,protected final long getLong(final String columnLabel) throws SQLException { columnLabel = null;,189,
org/apache/commons/dbutils/BaseResultSetHandler.java,540,NullifyReturnValue,return resultSet.getSQLXML(columnLabel);,return null;,19,
org/apache/commons/dbutils/BaseResultSetHandler.java,385,NullifyInputVariable,protected final int getInt(final String columnLabel) throws SQLException {,protected final int getInt(final String columnLabel) throws SQLException { columnLabel = null;,190,
org/apache/commons/dbutils/BaseResultSetHandler.java,364,NullifyInputVariable,protected final float getFloat(final String columnLabel) throws SQLException {,protected final float getFloat(final String columnLabel) throws SQLException { columnLabel = null;,191,
org/apache/commons/dbutils/BaseResultSetHandler.java,336,NullifyInputVariable,protected final double getDouble(final String columnLabel) throws SQLException {,protected final double getDouble(final String columnLabel) throws SQLException { columnLabel = null;,192,
org/apache/commons/dbutils/BaseResultSetHandler.java,322,NullifyInputVariable,"protected final Date getDate(final String columnLabel, final Calendar cal) throws SQLException {","protected final Date getDate(final String columnLabel, final Calendar cal) throws SQLException { cal = null;",193,
org/apache/commons/dbutils/BaseResultSetHandler.java,322,NullifyInputVariable,"protected final Date getDate(final String columnLabel, final Calendar cal) throws SQLException {","protected final Date getDate(final String columnLabel, final Calendar cal) throws SQLException { columnLabel = null;",194,
org/apache/commons/dbutils/BaseResultSetHandler.java,315,NullifyInputVariable,protected final Date getDate(final String columnLabel) throws SQLException {,protected final Date getDate(final String columnLabel) throws SQLException { columnLabel = null;,195,
org/apache/commons/dbutils/BaseResultSetHandler.java,308,NullifyInputVariable,"protected final Date getDate(final int columnIndex, final Calendar cal) throws SQLException {","protected final Date getDate(final int columnIndex, final Calendar cal) throws SQLException { cal = null;",196,
org/apache/commons/dbutils/BaseResultSetHandler.java,280,NullifyInputVariable,protected final Clob getClob(final String columnLabel) throws SQLException {,protected final Clob getClob(final String columnLabel) throws SQLException { columnLabel = null;,197,
org/apache/commons/dbutils/BaseResultSetHandler.java,266,NullifyInputVariable,protected final Reader getCharacterStream(final String columnLabel) throws SQLException {,protected final Reader getCharacterStream(final String columnLabel) throws SQLException { columnLabel = null;,198,
org/apache/commons/dbutils/BaseResultSetHandler.java,252,NullifyInputVariable,protected final byte[] getBytes(final String columnLabel) throws SQLException {,protected final byte[] getBytes(final String columnLabel) throws SQLException { columnLabel = null;,199,
org/apache/commons/dbutils/BaseResultSetHandler.java,685,NullifyReturnValue,return handle();,return null;,2,
org/apache/commons/dbutils/BaseResultSetHandler.java,533,NullifyReturnValue,return resultSet.getSQLXML(columnIndex);,return null;,20,
org/apache/commons/dbutils/BaseResultSetHandler.java,238,NullifyInputVariable,protected final byte getByte(final String columnLabel) throws SQLException {,protected final byte getByte(final String columnLabel) throws SQLException { columnLabel = null;,200,
org/apache/commons/dbutils/BaseResultSetHandler.java,224,NullifyInputVariable,protected final boolean getBoolean(final String columnLabel) throws SQLException {,protected final boolean getBoolean(final String columnLabel) throws SQLException { columnLabel = null;,201,
org/apache/commons/dbutils/BaseResultSetHandler.java,210,NullifyInputVariable,protected final Blob getBlob(final String columnLabel) throws SQLException {,protected final Blob getBlob(final String columnLabel) throws SQLException { columnLabel = null;,202,
org/apache/commons/dbutils/BaseResultSetHandler.java,196,NullifyInputVariable,protected final InputStream getBinaryStream(final String columnLabel) throws SQLException {,protected final InputStream getBinaryStream(final String columnLabel) throws SQLException { columnLabel = null;,203,
org/apache/commons/dbutils/BaseResultSetHandler.java,182,NullifyInputVariable,"protected final BigDecimal getBigDecimal(final String columnLabel, final int scale) throws SQLException {","protected final BigDecimal getBigDecimal(final String columnLabel, final int scale) throws SQLException { columnLabel = null;",204,
org/apache/commons/dbutils/BaseResultSetHandler.java,174,NullifyInputVariable,protected final BigDecimal getBigDecimal(final String columnLabel) throws SQLException {,protected final BigDecimal getBigDecimal(final String columnLabel) throws SQLException { columnLabel = null;,205,
org/apache/commons/dbutils/BaseResultSetHandler.java,152,NullifyInputVariable,protected final InputStream getAsciiStream(final String columnLabel) throws SQLException {,protected final InputStream getAsciiStream(final String columnLabel) throws SQLException { columnLabel = null;,206,
org/apache/commons/dbutils/BaseResultSetHandler.java,138,NullifyInputVariable,protected final Array getArray(final String columnLabel) throws SQLException {,protected final Array getArray(final String columnLabel) throws SQLException { columnLabel = null;,207,
org/apache/commons/dbutils/BaseResultSetHandler.java,113,NullifyInputVariable,protected final int findColumn(final String columnLabel) throws SQLException {,protected final int findColumn(final String columnLabel) throws SQLException { columnLabel = null;,208,
org/apache/commons/dbutils/BaseResultSetHandler.java,679,NullifyObjectInitialization,"throw new IllegalStateException(""Re-entry not allowed!"");",throw null;,209,
org/apache/commons/dbutils/BaseResultSetHandler.java,512,NullifyReturnValue,return resultSet.getRowId(columnLabel);,return null;,21,
org/apache/commons/dbutils/BaseResultSetHandler.java,1415,RemoveMethod,protected final boolean wasNull() throws SQLException {,protected final boolean wasNull() throws SQLException {,210,
org/apache/commons/dbutils/BaseResultSetHandler.java,1415,RemoveMethod,protected final boolean wasNull() throws SQLException {,protected final boolean wasNull() throws SQLException {,211,
org/apache/commons/dbutils/BaseResultSetHandler.java,1408,RemoveMethod,"protected final void updateTimestamp(final String columnLabel, final Timestamp x) throws SQLException {","protected final void updateTimestamp(final String columnLabel, final Timestamp x) throws SQLException {",212,
org/apache/commons/dbutils/BaseResultSetHandler.java,1401,RemoveMethod,"protected final void updateTimestamp(final int columnIndex, final Timestamp x) throws SQLException {","protected final void updateTimestamp(final int columnIndex, final Timestamp x) throws SQLException {",213,
org/apache/commons/dbutils/BaseResultSetHandler.java,1394,RemoveMethod,"protected final void updateTime(final String columnLabel, final Time x) throws SQLException {","protected final void updateTime(final String columnLabel, final Time x) throws SQLException {",214,
org/apache/commons/dbutils/BaseResultSetHandler.java,1387,RemoveMethod,"protected final void updateTime(final int columnIndex, final Time x) throws SQLException {","protected final void updateTime(final int columnIndex, final Time x) throws SQLException {",215,
org/apache/commons/dbutils/BaseResultSetHandler.java,1380,RemoveMethod,"protected final void updateString(final String columnLabel, final String x) throws SQLException {","protected final void updateString(final String columnLabel, final String x) throws SQLException {",216,
org/apache/commons/dbutils/BaseResultSetHandler.java,1373,RemoveMethod,"protected final void updateString(final int columnIndex, final String x) throws SQLException {","protected final void updateString(final int columnIndex, final String x) throws SQLException {",217,
org/apache/commons/dbutils/BaseResultSetHandler.java,1366,RemoveMethod,"protected final void updateSQLXML(final String columnLabel, final SQLXML xmlObject) throws SQLException {","protected final void updateSQLXML(final String columnLabel, final SQLXML xmlObject) throws SQLException {",218,
org/apache/commons/dbutils/BaseResultSetHandler.java,1359,RemoveMethod,"protected final void updateSQLXML(final int columnIndex, final SQLXML xmlObject) throws SQLException {","protected final void updateSQLXML(final int columnIndex, final SQLXML xmlObject) throws SQLException {",219,
org/apache/commons/dbutils/BaseResultSetHandler.java,505,NullifyReturnValue,return resultSet.getRowId(columnIndex);,return null;,22,
org/apache/commons/dbutils/BaseResultSetHandler.java,1352,RemoveMethod,"protected final void updateShort(final String columnLabel, final short x) throws SQLException {","protected final void updateShort(final String columnLabel, final short x) throws SQLException {",220,
org/apache/commons/dbutils/BaseResultSetHandler.java,1345,RemoveMethod,"protected final void updateShort(final int columnIndex, final short x) throws SQLException {","protected final void updateShort(final int columnIndex, final short x) throws SQLException {",221,
org/apache/commons/dbutils/BaseResultSetHandler.java,1338,RemoveMethod,"protected final void updateRowId(final String columnLabel, final RowId x) throws SQLException {","protected final void updateRowId(final String columnLabel, final RowId x) throws SQLException {",222,
org/apache/commons/dbutils/BaseResultSetHandler.java,1331,RemoveMethod,"protected final void updateRowId(final int columnIndex, final RowId x) throws SQLException {","protected final void updateRowId(final int columnIndex, final RowId x) throws SQLException {",223,
org/apache/commons/dbutils/BaseResultSetHandler.java,1324,RemoveMethod,protected final void updateRow() throws SQLException {,protected final void updateRow() throws SQLException {,224,
org/apache/commons/dbutils/BaseResultSetHandler.java,1317,RemoveMethod,"protected final void updateRef(final String columnLabel, final Ref x) throws SQLException {","protected final void updateRef(final String columnLabel, final Ref x) throws SQLException {",225,
org/apache/commons/dbutils/BaseResultSetHandler.java,1310,RemoveMethod,"protected final void updateRef(final int columnIndex, final Ref x) throws SQLException {","protected final void updateRef(final int columnIndex, final Ref x) throws SQLException {",226,
org/apache/commons/dbutils/BaseResultSetHandler.java,1303,RemoveMethod,"protected final void updateObject(final String columnLabel, final Object x, final int scaleOrLength) throws SQLException {","protected final void updateObject(final String columnLabel, final Object x, final int scaleOrLength) throws SQLException {",227,
org/apache/commons/dbutils/BaseResultSetHandler.java,1296,RemoveMethod,"protected final void updateObject(final String columnLabel, final Object x) throws SQLException {","protected final void updateObject(final String columnLabel, final Object x) throws SQLException {",228,
org/apache/commons/dbutils/BaseResultSetHandler.java,1289,RemoveMethod,"protected final void updateObject(final int columnIndex, final Object x, final int scaleOrLength) throws SQLException {","protected final void updateObject(final int columnIndex, final Object x, final int scaleOrLength) throws SQLException {",229,
org/apache/commons/dbutils/BaseResultSetHandler.java,491,NullifyReturnValue,return resultSet.getRef(columnLabel);,return null;,23,
org/apache/commons/dbutils/BaseResultSetHandler.java,1282,RemoveMethod,"protected final void updateObject(final int columnIndex, final Object x) throws SQLException {","protected final void updateObject(final int columnIndex, final Object x) throws SQLException {",230,
org/apache/commons/dbutils/BaseResultSetHandler.java,1275,RemoveMethod,protected final void updateNull(final String columnLabel) throws SQLException {,protected final void updateNull(final String columnLabel) throws SQLException {,231,
org/apache/commons/dbutils/BaseResultSetHandler.java,1268,RemoveMethod,protected final void updateNull(final int columnIndex) throws SQLException {,protected final void updateNull(final int columnIndex) throws SQLException {,232,
org/apache/commons/dbutils/BaseResultSetHandler.java,1261,RemoveMethod,"protected final void updateNString(final String columnLabel, final String nString) throws SQLException {","protected final void updateNString(final String columnLabel, final String nString) throws SQLException {",233,
org/apache/commons/dbutils/BaseResultSetHandler.java,1254,RemoveMethod,"protected final void updateNString(final int columnIndex, final String nString) throws SQLException {","protected final void updateNString(final int columnIndex, final String nString) throws SQLException {",234,
org/apache/commons/dbutils/BaseResultSetHandler.java,1247,RemoveMethod,"protected final void updateNClob(final String columnLabel, final Reader reader, final long length) throws SQLException {","protected final void updateNClob(final String columnLabel, final Reader reader, final long length) throws SQLException {",235,
org/apache/commons/dbutils/BaseResultSetHandler.java,1240,RemoveMethod,"protected final void updateNClob(final String columnLabel, final Reader reader) throws SQLException {","protected final void updateNClob(final String columnLabel, final Reader reader) throws SQLException {",236,
org/apache/commons/dbutils/BaseResultSetHandler.java,1233,RemoveMethod,"protected final void updateNClob(final String columnLabel, final NClob nClob) throws SQLException {","protected final void updateNClob(final String columnLabel, final NClob nClob) throws SQLException {",237,
org/apache/commons/dbutils/BaseResultSetHandler.java,1226,RemoveMethod,"protected final void updateNClob(final int columnIndex, final Reader reader, final long length) throws SQLException {","protected final void updateNClob(final int columnIndex, final Reader reader, final long length) throws SQLException {",238,
org/apache/commons/dbutils/BaseResultSetHandler.java,1219,RemoveMethod,"protected final void updateNClob(final int columnIndex, final Reader reader) throws SQLException {","protected final void updateNClob(final int columnIndex, final Reader reader) throws SQLException {",239,
org/apache/commons/dbutils/BaseResultSetHandler.java,484,NullifyReturnValue,return resultSet.getRef(columnIndex);,return null;,24,
org/apache/commons/dbutils/BaseResultSetHandler.java,1212,RemoveMethod,"protected final void updateNClob(final int columnIndex, final NClob nClob) throws SQLException {","protected final void updateNClob(final int columnIndex, final NClob nClob) throws SQLException {",240,
org/apache/commons/dbutils/BaseResultSetHandler.java,1205,RemoveMethod,"protected final void updateNCharacterStream(final String columnLabel, final Reader reader, final long length) throws SQLException {","protected final void updateNCharacterStream(final String columnLabel, final Reader reader, final long length) throws SQLException {",241,
org/apache/commons/dbutils/BaseResultSetHandler.java,1198,RemoveMethod,"protected final void updateNCharacterStream(final String columnLabel, final Reader reader) throws SQLException {","protected final void updateNCharacterStream(final String columnLabel, final Reader reader) throws SQLException {",242,
org/apache/commons/dbutils/BaseResultSetHandler.java,1191,RemoveMethod,"protected final void updateNCharacterStream(final int columnIndex, final Reader x, final long length) throws SQLException {","protected final void updateNCharacterStream(final int columnIndex, final Reader x, final long length) throws SQLException {",243,
org/apache/commons/dbutils/BaseResultSetHandler.java,1184,RemoveMethod,"protected final void updateNCharacterStream(final int columnIndex, final Reader x) throws SQLException {","protected final void updateNCharacterStream(final int columnIndex, final Reader x) throws SQLException {",244,
org/apache/commons/dbutils/BaseResultSetHandler.java,1177,RemoveMethod,"protected final void updateLong(final String columnLabel, final long x) throws SQLException {","protected final void updateLong(final String columnLabel, final long x) throws SQLException {",245,
org/apache/commons/dbutils/BaseResultSetHandler.java,1170,RemoveMethod,"protected final void updateLong(final int columnIndex, final long x) throws SQLException {","protected final void updateLong(final int columnIndex, final long x) throws SQLException {",246,
org/apache/commons/dbutils/BaseResultSetHandler.java,1163,RemoveMethod,"protected final void updateInt(final String columnLabel, final int x) throws SQLException {","protected final void updateInt(final String columnLabel, final int x) throws SQLException {",247,
org/apache/commons/dbutils/BaseResultSetHandler.java,1156,RemoveMethod,"protected final void updateInt(final int columnIndex, final int x) throws SQLException {","protected final void updateInt(final int columnIndex, final int x) throws SQLException {",248,
org/apache/commons/dbutils/BaseResultSetHandler.java,1149,RemoveMethod,"protected final void updateFloat(final String columnLabel, final float x) throws SQLException {","protected final void updateFloat(final String columnLabel, final float x) throws SQLException {",249,
org/apache/commons/dbutils/BaseResultSetHandler.java,477,NullifyReturnValue,"return resultSet.getObject(columnLabel, map);",return null;,25,
org/apache/commons/dbutils/BaseResultSetHandler.java,1142,RemoveMethod,"protected final void updateFloat(final int columnIndex, final float x) throws SQLException {","protected final void updateFloat(final int columnIndex, final float x) throws SQLException {",250,
org/apache/commons/dbutils/BaseResultSetHandler.java,1135,RemoveMethod,"protected final void updateDouble(final String columnLabel, final double x) throws SQLException {","protected final void updateDouble(final String columnLabel, final double x) throws SQLException {",251,
org/apache/commons/dbutils/BaseResultSetHandler.java,1128,RemoveMethod,"protected final void updateDouble(final int columnIndex, final double x) throws SQLException {","protected final void updateDouble(final int columnIndex, final double x) throws SQLException {",252,
org/apache/commons/dbutils/BaseResultSetHandler.java,1121,RemoveMethod,"protected final void updateDate(final String columnLabel, final Date x) throws SQLException {","protected final void updateDate(final String columnLabel, final Date x) throws SQLException {",253,
org/apache/commons/dbutils/BaseResultSetHandler.java,1114,RemoveMethod,"protected final void updateDate(final int columnIndex, final Date x) throws SQLException {","protected final void updateDate(final int columnIndex, final Date x) throws SQLException {",254,
org/apache/commons/dbutils/BaseResultSetHandler.java,1107,RemoveMethod,"protected final void updateClob(final String columnLabel, final Reader reader, final long length) throws SQLException {","protected final void updateClob(final String columnLabel, final Reader reader, final long length) throws SQLException {",255,
org/apache/commons/dbutils/BaseResultSetHandler.java,1100,RemoveMethod,"protected final void updateClob(final String columnLabel, final Reader reader) throws SQLException {","protected final void updateClob(final String columnLabel, final Reader reader) throws SQLException {",256,
org/apache/commons/dbutils/BaseResultSetHandler.java,1093,RemoveMethod,"protected final void updateClob(final String columnLabel, final Clob x) throws SQLException {","protected final void updateClob(final String columnLabel, final Clob x) throws SQLException {",257,
org/apache/commons/dbutils/BaseResultSetHandler.java,1086,RemoveMethod,"protected final void updateClob(final int columnIndex, final Reader reader, final long length) throws SQLException {","protected final void updateClob(final int columnIndex, final Reader reader, final long length) throws SQLException {",258,
org/apache/commons/dbutils/BaseResultSetHandler.java,1079,RemoveMethod,"protected final void updateClob(final int columnIndex, final Reader reader) throws SQLException {","protected final void updateClob(final int columnIndex, final Reader reader) throws SQLException {",259,
org/apache/commons/dbutils/BaseResultSetHandler.java,470,NullifyReturnValue,return resultSet.getObject(columnLabel);,return null;,26,
org/apache/commons/dbutils/BaseResultSetHandler.java,1072,RemoveMethod,"protected final void updateClob(final int columnIndex, final Clob x) throws SQLException {","protected final void updateClob(final int columnIndex, final Clob x) throws SQLException {",260,
org/apache/commons/dbutils/BaseResultSetHandler.java,1065,RemoveMethod,"protected final void updateCharacterStream(final String columnLabel, final Reader reader, final long length) throws SQLException {","protected final void updateCharacterStream(final String columnLabel, final Reader reader, final long length) throws SQLException {",261,
org/apache/commons/dbutils/BaseResultSetHandler.java,1058,RemoveMethod,"protected final void updateCharacterStream(final String columnLabel, final Reader reader, final int length) throws SQLException {","protected final void updateCharacterStream(final String columnLabel, final Reader reader, final int length) throws SQLException {",262,
org/apache/commons/dbutils/BaseResultSetHandler.java,1051,RemoveMethod,"protected final void updateCharacterStream(final String columnLabel, final Reader reader) throws SQLException {","protected final void updateCharacterStream(final String columnLabel, final Reader reader) throws SQLException {",263,
org/apache/commons/dbutils/BaseResultSetHandler.java,1044,RemoveMethod,"protected final void updateCharacterStream(final int columnIndex, final Reader x, final long length) throws SQLException {","protected final void updateCharacterStream(final int columnIndex, final Reader x, final long length) throws SQLException {",264,
org/apache/commons/dbutils/BaseResultSetHandler.java,1037,RemoveMethod,"protected final void updateCharacterStream(final int columnIndex, final Reader x, final int length) throws SQLException {","protected final void updateCharacterStream(final int columnIndex, final Reader x, final int length) throws SQLException {",265,
org/apache/commons/dbutils/BaseResultSetHandler.java,1030,RemoveMethod,"protected final void updateCharacterStream(final int columnIndex, final Reader x) throws SQLException {","protected final void updateCharacterStream(final int columnIndex, final Reader x) throws SQLException {",266,
org/apache/commons/dbutils/BaseResultSetHandler.java,1023,RemoveMethod,"protected final void updateBytes(final String columnLabel, final byte[] x) throws SQLException {","protected final void updateBytes(final String columnLabel, final byte[] x) throws SQLException {",267,
org/apache/commons/dbutils/BaseResultSetHandler.java,1016,RemoveMethod,"protected final void updateBytes(final int columnIndex, final byte[] x) throws SQLException {","protected final void updateBytes(final int columnIndex, final byte[] x) throws SQLException {",268,
org/apache/commons/dbutils/BaseResultSetHandler.java,1009,RemoveMethod,"protected final void updateByte(final String columnLabel, final byte x) throws SQLException {","protected final void updateByte(final String columnLabel, final byte x) throws SQLException {",269,
org/apache/commons/dbutils/BaseResultSetHandler.java,463,NullifyReturnValue,"return resultSet.getObject(columnIndex, map);",return null;,27,
org/apache/commons/dbutils/BaseResultSetHandler.java,1002,RemoveMethod,"protected final void updateByte(final int columnIndex, final byte x) throws SQLException {","protected final void updateByte(final int columnIndex, final byte x) throws SQLException {",270,
org/apache/commons/dbutils/BaseResultSetHandler.java,995,RemoveMethod,"protected final void updateBoolean(final String columnLabel, final boolean x) throws SQLException {","protected final void updateBoolean(final String columnLabel, final boolean x) throws SQLException {",271,
org/apache/commons/dbutils/BaseResultSetHandler.java,988,RemoveMethod,"protected final void updateBoolean(final int columnIndex, final boolean x) throws SQLException {","protected final void updateBoolean(final int columnIndex, final boolean x) throws SQLException {",272,
org/apache/commons/dbutils/BaseResultSetHandler.java,981,RemoveMethod,"protected final void updateBlob(final String columnLabel, final InputStream inputStream, final long length) throws SQLException {","protected final void updateBlob(final String columnLabel, final InputStream inputStream, final long length) throws SQLException {",273,
org/apache/commons/dbutils/BaseResultSetHandler.java,974,RemoveMethod,"protected final void updateBlob(final String columnLabel, final InputStream inputStream) throws SQLException {","protected final void updateBlob(final String columnLabel, final InputStream inputStream) throws SQLException {",274,
org/apache/commons/dbutils/BaseResultSetHandler.java,967,RemoveMethod,"protected final void updateBlob(final String columnLabel, final Blob x) throws SQLException {","protected final void updateBlob(final String columnLabel, final Blob x) throws SQLException {",275,
org/apache/commons/dbutils/BaseResultSetHandler.java,960,RemoveMethod,"protected final void updateBlob(final int columnIndex, final InputStream inputStream, final long length) throws SQLException {","protected final void updateBlob(final int columnIndex, final InputStream inputStream, final long length) throws SQLException {",276,
org/apache/commons/dbutils/BaseResultSetHandler.java,953,RemoveMethod,"protected final void updateBlob(final int columnIndex, final InputStream inputStream) throws SQLException {","protected final void updateBlob(final int columnIndex, final InputStream inputStream) throws SQLException {",277,
org/apache/commons/dbutils/BaseResultSetHandler.java,946,RemoveMethod,"protected final void updateBlob(final int columnIndex, final Blob x) throws SQLException {","protected final void updateBlob(final int columnIndex, final Blob x) throws SQLException {",278,
org/apache/commons/dbutils/BaseResultSetHandler.java,939,RemoveMethod,"protected final void updateBinaryStream(final String columnLabel, final InputStream x, final long length) throws SQLException {","protected final void updateBinaryStream(final String columnLabel, final InputStream x, final long length) throws SQLException {",279,
org/apache/commons/dbutils/BaseResultSetHandler.java,456,NullifyReturnValue,return resultSet.getObject(columnIndex);,return null;,28,
org/apache/commons/dbutils/BaseResultSetHandler.java,932,RemoveMethod,"protected final void updateBinaryStream(final String columnLabel, final InputStream x, final int length) throws SQLException {","protected final void updateBinaryStream(final String columnLabel, final InputStream x, final int length) throws SQLException {",280,
org/apache/commons/dbutils/BaseResultSetHandler.java,925,RemoveMethod,"protected final void updateBinaryStream(final String columnLabel, final InputStream x) throws SQLException {","protected final void updateBinaryStream(final String columnLabel, final InputStream x) throws SQLException {",281,
org/apache/commons/dbutils/BaseResultSetHandler.java,918,RemoveMethod,"protected final void updateBinaryStream(final int columnIndex, final InputStream x, final long length) throws SQLException {","protected final void updateBinaryStream(final int columnIndex, final InputStream x, final long length) throws SQLException {",282,
org/apache/commons/dbutils/BaseResultSetHandler.java,911,RemoveMethod,"protected final void updateBinaryStream(final int columnIndex, final InputStream x, final int length) throws SQLException {","protected final void updateBinaryStream(final int columnIndex, final InputStream x, final int length) throws SQLException {",283,
org/apache/commons/dbutils/BaseResultSetHandler.java,904,RemoveMethod,"protected final void updateBinaryStream(final int columnIndex, final InputStream x) throws SQLException {","protected final void updateBinaryStream(final int columnIndex, final InputStream x) throws SQLException {",284,
org/apache/commons/dbutils/BaseResultSetHandler.java,897,RemoveMethod,"protected final void updateBigDecimal(final String columnLabel, final BigDecimal x) throws SQLException {","protected final void updateBigDecimal(final String columnLabel, final BigDecimal x) throws SQLException {",285,
org/apache/commons/dbutils/BaseResultSetHandler.java,890,RemoveMethod,"protected final void updateBigDecimal(final int columnIndex, final BigDecimal x) throws SQLException {","protected final void updateBigDecimal(final int columnIndex, final BigDecimal x) throws SQLException {",286,
org/apache/commons/dbutils/BaseResultSetHandler.java,883,RemoveMethod,"protected final void updateAsciiStream(final String columnLabel, final InputStream x, final long length) throws SQLException {","protected final void updateAsciiStream(final String columnLabel, final InputStream x, final long length) throws SQLException {",287,
org/apache/commons/dbutils/BaseResultSetHandler.java,876,RemoveMethod,"protected final void updateAsciiStream(final String columnLabel, final InputStream x, final int length) throws SQLException {","protected final void updateAsciiStream(final String columnLabel, final InputStream x, final int length) throws SQLException {",288,
org/apache/commons/dbutils/BaseResultSetHandler.java,869,RemoveMethod,"protected final void updateAsciiStream(final String columnLabel, final InputStream x) throws SQLException {","protected final void updateAsciiStream(final String columnLabel, final InputStream x) throws SQLException {",289,
org/apache/commons/dbutils/BaseResultSetHandler.java,449,NullifyReturnValue,return resultSet.getNString(columnLabel);,return null;,29,
org/apache/commons/dbutils/BaseResultSetHandler.java,862,RemoveMethod,"protected final void updateAsciiStream(final int columnIndex, final InputStream x, final long length) throws SQLException {","protected final void updateAsciiStream(final int columnIndex, final InputStream x, final long length) throws SQLException {",290,
org/apache/commons/dbutils/BaseResultSetHandler.java,855,RemoveMethod,"protected final void updateAsciiStream(final int columnIndex, final InputStream x, final int length) throws SQLException {","protected final void updateAsciiStream(final int columnIndex, final InputStream x, final int length) throws SQLException {",291,
org/apache/commons/dbutils/BaseResultSetHandler.java,848,RemoveMethod,"protected final void updateAsciiStream(final int columnIndex, final InputStream x) throws SQLException {","protected final void updateAsciiStream(final int columnIndex, final InputStream x) throws SQLException {",292,
org/apache/commons/dbutils/BaseResultSetHandler.java,841,RemoveMethod,"protected final void updateArray(final String columnLabel, final Array x) throws SQLException {","protected final void updateArray(final String columnLabel, final Array x) throws SQLException {",293,
org/apache/commons/dbutils/BaseResultSetHandler.java,834,RemoveMethod,"protected final void updateArray(final int columnIndex, final Array x) throws SQLException {","protected final void updateArray(final int columnIndex, final Array x) throws SQLException {",294,
org/apache/commons/dbutils/BaseResultSetHandler.java,827,RemoveMethod,protected final <E> E unwrap(final Class<E> iface) throws SQLException {,protected final <E> E unwrap(final Class<E> iface) throws SQLException {,295,
org/apache/commons/dbutils/BaseResultSetHandler.java,820,RemoveMethod,protected final void setFetchSize(final int rows) throws SQLException {,protected final void setFetchSize(final int rows) throws SQLException {,296,
org/apache/commons/dbutils/BaseResultSetHandler.java,813,RemoveMethod,protected final void setFetchDirection(final int direction) throws SQLException {,protected final void setFetchDirection(final int direction) throws SQLException {,297,
org/apache/commons/dbutils/BaseResultSetHandler.java,806,RemoveMethod,protected final boolean rowUpdated() throws SQLException {,protected final boolean rowUpdated() throws SQLException {,298,
org/apache/commons/dbutils/BaseResultSetHandler.java,806,RemoveMethod,protected final boolean rowUpdated() throws SQLException {,protected final boolean rowUpdated() throws SQLException {,299,
org/apache/commons/dbutils/BaseResultSetHandler.java,661,NullifyReturnValue,return resultSet.getWarnings();,return null;,3,
org/apache/commons/dbutils/BaseResultSetHandler.java,442,NullifyReturnValue,return resultSet.getNString(columnIndex);,return null;,30,
org/apache/commons/dbutils/BaseResultSetHandler.java,799,RemoveMethod,protected final boolean rowInserted() throws SQLException {,protected final boolean rowInserted() throws SQLException {,300,
org/apache/commons/dbutils/BaseResultSetHandler.java,799,RemoveMethod,protected final boolean rowInserted() throws SQLException {,protected final boolean rowInserted() throws SQLException {,301,
org/apache/commons/dbutils/BaseResultSetHandler.java,792,RemoveMethod,protected final boolean rowDeleted() throws SQLException {,protected final boolean rowDeleted() throws SQLException {,302,
org/apache/commons/dbutils/BaseResultSetHandler.java,792,RemoveMethod,protected final boolean rowDeleted() throws SQLException {,protected final boolean rowDeleted() throws SQLException {,303,
org/apache/commons/dbutils/BaseResultSetHandler.java,785,RemoveMethod,protected final boolean relative(final int rows) throws SQLException {,protected final boolean relative(final int rows) throws SQLException {,304,
org/apache/commons/dbutils/BaseResultSetHandler.java,785,RemoveMethod,protected final boolean relative(final int rows) throws SQLException {,protected final boolean relative(final int rows) throws SQLException {,305,
org/apache/commons/dbutils/BaseResultSetHandler.java,778,RemoveMethod,protected final void refreshRow() throws SQLException {,protected final void refreshRow() throws SQLException {,306,
org/apache/commons/dbutils/BaseResultSetHandler.java,771,RemoveMethod,protected final boolean previous() throws SQLException {,protected final boolean previous() throws SQLException {,307,
org/apache/commons/dbutils/BaseResultSetHandler.java,771,RemoveMethod,protected final boolean previous() throws SQLException {,protected final boolean previous() throws SQLException {,308,
org/apache/commons/dbutils/BaseResultSetHandler.java,764,RemoveMethod,protected final boolean next() throws SQLException {,protected final boolean next() throws SQLException {,309,
org/apache/commons/dbutils/BaseResultSetHandler.java,435,NullifyReturnValue,return resultSet.getNClob(columnLabel);,return null;,31,
org/apache/commons/dbutils/BaseResultSetHandler.java,764,RemoveMethod,protected final boolean next() throws SQLException {,protected final boolean next() throws SQLException {,310,
org/apache/commons/dbutils/BaseResultSetHandler.java,757,RemoveMethod,protected final void moveToInsertRow() throws SQLException {,protected final void moveToInsertRow() throws SQLException {,311,
org/apache/commons/dbutils/BaseResultSetHandler.java,750,RemoveMethod,protected final void moveToCurrentRow() throws SQLException {,protected final void moveToCurrentRow() throws SQLException {,312,
org/apache/commons/dbutils/BaseResultSetHandler.java,743,RemoveMethod,protected final boolean last() throws SQLException {,protected final boolean last() throws SQLException {,313,
org/apache/commons/dbutils/BaseResultSetHandler.java,743,RemoveMethod,protected final boolean last() throws SQLException {,protected final boolean last() throws SQLException {,314,
org/apache/commons/dbutils/BaseResultSetHandler.java,736,RemoveMethod,protected final boolean isWrapperFor(final Class<?> iface) throws SQLException {,protected final boolean isWrapperFor(final Class<?> iface) throws SQLException {,315,
org/apache/commons/dbutils/BaseResultSetHandler.java,736,RemoveMethod,protected final boolean isWrapperFor(final Class<?> iface) throws SQLException {,protected final boolean isWrapperFor(final Class<?> iface) throws SQLException {,316,
org/apache/commons/dbutils/BaseResultSetHandler.java,729,RemoveMethod,protected final boolean isLast() throws SQLException {,protected final boolean isLast() throws SQLException {,317,
org/apache/commons/dbutils/BaseResultSetHandler.java,729,RemoveMethod,protected final boolean isLast() throws SQLException {,protected final boolean isLast() throws SQLException {,318,
org/apache/commons/dbutils/BaseResultSetHandler.java,722,RemoveMethod,protected final boolean isFirst() throws SQLException {,protected final boolean isFirst() throws SQLException {,319,
org/apache/commons/dbutils/BaseResultSetHandler.java,428,NullifyReturnValue,return resultSet.getNClob(columnIndex);,return null;,32,
org/apache/commons/dbutils/BaseResultSetHandler.java,722,RemoveMethod,protected final boolean isFirst() throws SQLException {,protected final boolean isFirst() throws SQLException {,320,
org/apache/commons/dbutils/BaseResultSetHandler.java,715,RemoveMethod,protected final boolean isClosed() throws SQLException {,protected final boolean isClosed() throws SQLException {,321,
org/apache/commons/dbutils/BaseResultSetHandler.java,715,RemoveMethod,protected final boolean isClosed() throws SQLException {,protected final boolean isClosed() throws SQLException {,322,
org/apache/commons/dbutils/BaseResultSetHandler.java,708,RemoveMethod,protected final boolean isBeforeFirst() throws SQLException {,protected final boolean isBeforeFirst() throws SQLException {,323,
org/apache/commons/dbutils/BaseResultSetHandler.java,708,RemoveMethod,protected final boolean isBeforeFirst() throws SQLException {,protected final boolean isBeforeFirst() throws SQLException {,324,
org/apache/commons/dbutils/BaseResultSetHandler.java,701,RemoveMethod,protected final boolean isAfterLast() throws SQLException {,protected final boolean isAfterLast() throws SQLException {,325,
org/apache/commons/dbutils/BaseResultSetHandler.java,701,RemoveMethod,protected final boolean isAfterLast() throws SQLException {,protected final boolean isAfterLast() throws SQLException {,326,
org/apache/commons/dbutils/BaseResultSetHandler.java,694,RemoveMethod,protected final void insertRow() throws SQLException {,protected final void insertRow() throws SQLException {,327,
org/apache/commons/dbutils/BaseResultSetHandler.java,677,RemoveMethod,public final T handle(final ResultSet rs) throws SQLException {,public final T handle(final ResultSet rs) throws SQLException {,328,
org/apache/commons/dbutils/BaseResultSetHandler.java,660,RemoveMethod,protected final SQLWarning getWarnings() throws SQLException {,protected final SQLWarning getWarnings() throws SQLException {,329,
org/apache/commons/dbutils/BaseResultSetHandler.java,421,NullifyReturnValue,return resultSet.getNCharacterStream(columnLabel);,return null;,33,
org/apache/commons/dbutils/BaseResultSetHandler.java,653,RemoveMethod,protected final URL getURL(final String columnLabel) throws SQLException {,protected final URL getURL(final String columnLabel) throws SQLException {,330,
org/apache/commons/dbutils/BaseResultSetHandler.java,646,RemoveMethod,protected final URL getURL(final int columnIndex) throws SQLException {,protected final URL getURL(final int columnIndex) throws SQLException {,331,
org/apache/commons/dbutils/BaseResultSetHandler.java,639,RemoveMethod,protected final InputStream getUnicodeStream(final String columnLabel) throws SQLException {,protected final InputStream getUnicodeStream(final String columnLabel) throws SQLException {,332,
org/apache/commons/dbutils/BaseResultSetHandler.java,631,RemoveMethod,protected final InputStream getUnicodeStream(final int columnIndex) throws SQLException {,protected final InputStream getUnicodeStream(final int columnIndex) throws SQLException {,333,
org/apache/commons/dbutils/BaseResultSetHandler.java,623,RemoveMethod,protected final int getType() throws SQLException {,protected final int getType() throws SQLException {,334,
org/apache/commons/dbutils/BaseResultSetHandler.java,623,RemoveMethod,protected final int getType() throws SQLException {,protected final int getType() throws SQLException {,335,
org/apache/commons/dbutils/BaseResultSetHandler.java,616,RemoveMethod,"protected final Timestamp getTimestamp(final String columnLabel, final Calendar cal) throws SQLException {","protected final Timestamp getTimestamp(final String columnLabel, final Calendar cal) throws SQLException {",336,
org/apache/commons/dbutils/BaseResultSetHandler.java,609,RemoveMethod,protected final Timestamp getTimestamp(final String columnLabel) throws SQLException {,protected final Timestamp getTimestamp(final String columnLabel) throws SQLException {,337,
org/apache/commons/dbutils/BaseResultSetHandler.java,602,RemoveMethod,"protected final Timestamp getTimestamp(final int columnIndex, final Calendar cal) throws SQLException {","protected final Timestamp getTimestamp(final int columnIndex, final Calendar cal) throws SQLException {",338,
org/apache/commons/dbutils/BaseResultSetHandler.java,595,RemoveMethod,protected final Timestamp getTimestamp(final int columnIndex) throws SQLException {,protected final Timestamp getTimestamp(final int columnIndex) throws SQLException {,339,
org/apache/commons/dbutils/BaseResultSetHandler.java,414,NullifyReturnValue,return resultSet.getNCharacterStream(columnIndex);,return null;,34,
org/apache/commons/dbutils/BaseResultSetHandler.java,588,RemoveMethod,"protected final Time getTime(final String columnLabel, final Calendar cal) throws SQLException {","protected final Time getTime(final String columnLabel, final Calendar cal) throws SQLException {",340,
org/apache/commons/dbutils/BaseResultSetHandler.java,581,RemoveMethod,protected final Time getTime(final String columnLabel) throws SQLException {,protected final Time getTime(final String columnLabel) throws SQLException {,341,
org/apache/commons/dbutils/BaseResultSetHandler.java,574,RemoveMethod,"protected final Time getTime(final int columnIndex, final Calendar cal) throws SQLException {","protected final Time getTime(final int columnIndex, final Calendar cal) throws SQLException {",342,
org/apache/commons/dbutils/BaseResultSetHandler.java,567,RemoveMethod,protected final Time getTime(final int columnIndex) throws SQLException {,protected final Time getTime(final int columnIndex) throws SQLException {,343,
org/apache/commons/dbutils/BaseResultSetHandler.java,560,RemoveMethod,protected final String getString(final String columnLabel) throws SQLException {,protected final String getString(final String columnLabel) throws SQLException {,344,
org/apache/commons/dbutils/BaseResultSetHandler.java,560,RemoveMethod,protected final String getString(final String columnLabel) throws SQLException {,protected final String getString(final String columnLabel) throws SQLException {,345,
org/apache/commons/dbutils/BaseResultSetHandler.java,553,RemoveMethod,protected final String getString(final int columnIndex) throws SQLException {,protected final String getString(final int columnIndex) throws SQLException {,346,
org/apache/commons/dbutils/BaseResultSetHandler.java,553,RemoveMethod,protected final String getString(final int columnIndex) throws SQLException {,protected final String getString(final int columnIndex) throws SQLException {,347,
org/apache/commons/dbutils/BaseResultSetHandler.java,546,RemoveMethod,protected final Statement getStatement() throws SQLException {,protected final Statement getStatement() throws SQLException {,348,
org/apache/commons/dbutils/BaseResultSetHandler.java,539,RemoveMethod,protected final SQLXML getSQLXML(final String columnLabel) throws SQLException {,protected final SQLXML getSQLXML(final String columnLabel) throws SQLException {,349,
org/apache/commons/dbutils/BaseResultSetHandler.java,407,NullifyReturnValue,return resultSet.getMetaData();,return null;,35,
org/apache/commons/dbutils/BaseResultSetHandler.java,532,RemoveMethod,protected final SQLXML getSQLXML(final int columnIndex) throws SQLException {,protected final SQLXML getSQLXML(final int columnIndex) throws SQLException {,350,
org/apache/commons/dbutils/BaseResultSetHandler.java,525,RemoveMethod,protected final short getShort(final String columnLabel) throws SQLException {,protected final short getShort(final String columnLabel) throws SQLException {,351,
org/apache/commons/dbutils/BaseResultSetHandler.java,525,RemoveMethod,protected final short getShort(final String columnLabel) throws SQLException {,protected final short getShort(final String columnLabel) throws SQLException {,352,
org/apache/commons/dbutils/BaseResultSetHandler.java,518,RemoveMethod,protected final short getShort(final int columnIndex) throws SQLException {,protected final short getShort(final int columnIndex) throws SQLException {,353,
org/apache/commons/dbutils/BaseResultSetHandler.java,518,RemoveMethod,protected final short getShort(final int columnIndex) throws SQLException {,protected final short getShort(final int columnIndex) throws SQLException {,354,
org/apache/commons/dbutils/BaseResultSetHandler.java,511,RemoveMethod,protected final RowId getRowId(final String columnLabel) throws SQLException {,protected final RowId getRowId(final String columnLabel) throws SQLException {,355,
org/apache/commons/dbutils/BaseResultSetHandler.java,504,RemoveMethod,protected final RowId getRowId(final int columnIndex) throws SQLException {,protected final RowId getRowId(final int columnIndex) throws SQLException {,356,
org/apache/commons/dbutils/BaseResultSetHandler.java,497,RemoveMethod,protected final int getRow() throws SQLException {,protected final int getRow() throws SQLException {,357,
org/apache/commons/dbutils/BaseResultSetHandler.java,497,RemoveMethod,protected final int getRow() throws SQLException {,protected final int getRow() throws SQLException {,358,
org/apache/commons/dbutils/BaseResultSetHandler.java,490,RemoveMethod,protected final Ref getRef(final String columnLabel) throws SQLException {,protected final Ref getRef(final String columnLabel) throws SQLException {,359,
org/apache/commons/dbutils/BaseResultSetHandler.java,323,NullifyReturnValue,"return resultSet.getDate(columnLabel, cal);",return null;,36,
org/apache/commons/dbutils/BaseResultSetHandler.java,483,RemoveMethod,protected final Ref getRef(final int columnIndex) throws SQLException {,protected final Ref getRef(final int columnIndex) throws SQLException {,360,
org/apache/commons/dbutils/BaseResultSetHandler.java,476,RemoveMethod,"protected final Object getObject(final String columnLabel, final Map<String, Class<?>> map) throws SQLException {","protected final Object getObject(final String columnLabel, final Map<String, Class<?>> map) throws SQLException {",361,
org/apache/commons/dbutils/BaseResultSetHandler.java,469,RemoveMethod,protected final Object getObject(final String columnLabel) throws SQLException {,protected final Object getObject(final String columnLabel) throws SQLException {,362,
org/apache/commons/dbutils/BaseResultSetHandler.java,462,RemoveMethod,"protected final Object getObject(final int columnIndex, final Map<String, Class<?>> map) throws SQLException {","protected final Object getObject(final int columnIndex, final Map<String, Class<?>> map) throws SQLException {",363,
org/apache/commons/dbutils/BaseResultSetHandler.java,455,RemoveMethod,protected final Object getObject(final int columnIndex) throws SQLException {,protected final Object getObject(final int columnIndex) throws SQLException {,364,
org/apache/commons/dbutils/BaseResultSetHandler.java,448,RemoveMethod,protected final String getNString(final String columnLabel) throws SQLException {,protected final String getNString(final String columnLabel) throws SQLException {,365,
org/apache/commons/dbutils/BaseResultSetHandler.java,448,RemoveMethod,protected final String getNString(final String columnLabel) throws SQLException {,protected final String getNString(final String columnLabel) throws SQLException {,366,
org/apache/commons/dbutils/BaseResultSetHandler.java,441,RemoveMethod,protected final String getNString(final int columnIndex) throws SQLException {,protected final String getNString(final int columnIndex) throws SQLException {,367,
org/apache/commons/dbutils/BaseResultSetHandler.java,441,RemoveMethod,protected final String getNString(final int columnIndex) throws SQLException {,protected final String getNString(final int columnIndex) throws SQLException {,368,
org/apache/commons/dbutils/BaseResultSetHandler.java,434,RemoveMethod,protected final NClob getNClob(final String columnLabel) throws SQLException {,protected final NClob getNClob(final String columnLabel) throws SQLException {,369,
org/apache/commons/dbutils/BaseResultSetHandler.java,316,NullifyReturnValue,return resultSet.getDate(columnLabel);,return null;,37,
org/apache/commons/dbutils/BaseResultSetHandler.java,427,RemoveMethod,protected final NClob getNClob(final int columnIndex) throws SQLException {,protected final NClob getNClob(final int columnIndex) throws SQLException {,370,
org/apache/commons/dbutils/BaseResultSetHandler.java,420,RemoveMethod,protected final Reader getNCharacterStream(final String columnLabel) throws SQLException {,protected final Reader getNCharacterStream(final String columnLabel) throws SQLException {,371,
org/apache/commons/dbutils/BaseResultSetHandler.java,413,RemoveMethod,protected final Reader getNCharacterStream(final int columnIndex) throws SQLException {,protected final Reader getNCharacterStream(final int columnIndex) throws SQLException {,372,
org/apache/commons/dbutils/BaseResultSetHandler.java,406,RemoveMethod,protected final ResultSetMetaData getMetaData() throws SQLException {,protected final ResultSetMetaData getMetaData() throws SQLException {,373,
org/apache/commons/dbutils/BaseResultSetHandler.java,399,RemoveMethod,protected final long getLong(final String columnLabel) throws SQLException {,protected final long getLong(final String columnLabel) throws SQLException {,374,
org/apache/commons/dbutils/BaseResultSetHandler.java,399,RemoveMethod,protected final long getLong(final String columnLabel) throws SQLException {,protected final long getLong(final String columnLabel) throws SQLException {,375,
org/apache/commons/dbutils/BaseResultSetHandler.java,392,RemoveMethod,protected final long getLong(final int columnIndex) throws SQLException {,protected final long getLong(final int columnIndex) throws SQLException {,376,
org/apache/commons/dbutils/BaseResultSetHandler.java,392,RemoveMethod,protected final long getLong(final int columnIndex) throws SQLException {,protected final long getLong(final int columnIndex) throws SQLException {,377,
org/apache/commons/dbutils/BaseResultSetHandler.java,385,RemoveMethod,protected final int getInt(final String columnLabel) throws SQLException {,protected final int getInt(final String columnLabel) throws SQLException {,378,
org/apache/commons/dbutils/BaseResultSetHandler.java,385,RemoveMethod,protected final int getInt(final String columnLabel) throws SQLException {,protected final int getInt(final String columnLabel) throws SQLException {,379,
org/apache/commons/dbutils/BaseResultSetHandler.java,309,NullifyReturnValue,"return resultSet.getDate(columnIndex, cal);",return null;,38,
org/apache/commons/dbutils/BaseResultSetHandler.java,378,RemoveMethod,protected final int getInt(final int columnIndex) throws SQLException {,protected final int getInt(final int columnIndex) throws SQLException {,380,
org/apache/commons/dbutils/BaseResultSetHandler.java,378,RemoveMethod,protected final int getInt(final int columnIndex) throws SQLException {,protected final int getInt(final int columnIndex) throws SQLException {,381,
org/apache/commons/dbutils/BaseResultSetHandler.java,371,RemoveMethod,protected final int getHoldability() throws SQLException {,protected final int getHoldability() throws SQLException {,382,
org/apache/commons/dbutils/BaseResultSetHandler.java,371,RemoveMethod,protected final int getHoldability() throws SQLException {,protected final int getHoldability() throws SQLException {,383,
org/apache/commons/dbutils/BaseResultSetHandler.java,364,RemoveMethod,protected final float getFloat(final String columnLabel) throws SQLException {,protected final float getFloat(final String columnLabel) throws SQLException {,384,
org/apache/commons/dbutils/BaseResultSetHandler.java,364,RemoveMethod,protected final float getFloat(final String columnLabel) throws SQLException {,protected final float getFloat(final String columnLabel) throws SQLException {,385,
org/apache/commons/dbutils/BaseResultSetHandler.java,357,RemoveMethod,protected final float getFloat(final int columnIndex) throws SQLException {,protected final float getFloat(final int columnIndex) throws SQLException {,386,
org/apache/commons/dbutils/BaseResultSetHandler.java,357,RemoveMethod,protected final float getFloat(final int columnIndex) throws SQLException {,protected final float getFloat(final int columnIndex) throws SQLException {,387,
org/apache/commons/dbutils/BaseResultSetHandler.java,350,RemoveMethod,protected final int getFetchSize() throws SQLException {,protected final int getFetchSize() throws SQLException {,388,
org/apache/commons/dbutils/BaseResultSetHandler.java,350,RemoveMethod,protected final int getFetchSize() throws SQLException {,protected final int getFetchSize() throws SQLException {,389,
org/apache/commons/dbutils/BaseResultSetHandler.java,302,NullifyReturnValue,return resultSet.getDate(columnIndex);,return null;,39,
org/apache/commons/dbutils/BaseResultSetHandler.java,343,RemoveMethod,protected final int getFetchDirection() throws SQLException {,protected final int getFetchDirection() throws SQLException {,390,
org/apache/commons/dbutils/BaseResultSetHandler.java,343,RemoveMethod,protected final int getFetchDirection() throws SQLException {,protected final int getFetchDirection() throws SQLException {,391,
org/apache/commons/dbutils/BaseResultSetHandler.java,336,RemoveMethod,protected final double getDouble(final String columnLabel) throws SQLException {,protected final double getDouble(final String columnLabel) throws SQLException {,392,
org/apache/commons/dbutils/BaseResultSetHandler.java,336,RemoveMethod,protected final double getDouble(final String columnLabel) throws SQLException {,protected final double getDouble(final String columnLabel) throws SQLException {,393,
org/apache/commons/dbutils/BaseResultSetHandler.java,329,RemoveMethod,protected final double getDouble(final int columnIndex) throws SQLException {,protected final double getDouble(final int columnIndex) throws SQLException {,394,
org/apache/commons/dbutils/BaseResultSetHandler.java,329,RemoveMethod,protected final double getDouble(final int columnIndex) throws SQLException {,protected final double getDouble(final int columnIndex) throws SQLException {,395,
org/apache/commons/dbutils/BaseResultSetHandler.java,322,RemoveMethod,"protected final Date getDate(final String columnLabel, final Calendar cal) throws SQLException {","protected final Date getDate(final String columnLabel, final Calendar cal) throws SQLException {",396,
org/apache/commons/dbutils/BaseResultSetHandler.java,315,RemoveMethod,protected final Date getDate(final String columnLabel) throws SQLException {,protected final Date getDate(final String columnLabel) throws SQLException {,397,
org/apache/commons/dbutils/BaseResultSetHandler.java,308,RemoveMethod,"protected final Date getDate(final int columnIndex, final Calendar cal) throws SQLException {","protected final Date getDate(final int columnIndex, final Calendar cal) throws SQLException {",398,
org/apache/commons/dbutils/BaseResultSetHandler.java,301,RemoveMethod,protected final Date getDate(final int columnIndex) throws SQLException {,protected final Date getDate(final int columnIndex) throws SQLException {,399,
org/apache/commons/dbutils/BaseResultSetHandler.java,654,NullifyReturnValue,return resultSet.getURL(columnLabel);,return null;,4,
org/apache/commons/dbutils/BaseResultSetHandler.java,295,NullifyReturnValue,return resultSet.getCursorName();,return null;,40,
org/apache/commons/dbutils/BaseResultSetHandler.java,294,RemoveMethod,protected final String getCursorName() throws SQLException {,protected final String getCursorName() throws SQLException {,400,
org/apache/commons/dbutils/BaseResultSetHandler.java,294,RemoveMethod,protected final String getCursorName() throws SQLException {,protected final String getCursorName() throws SQLException {,401,
org/apache/commons/dbutils/BaseResultSetHandler.java,287,RemoveMethod,protected final int getConcurrency() throws SQLException {,protected final int getConcurrency() throws SQLException {,402,
org/apache/commons/dbutils/BaseResultSetHandler.java,287,RemoveMethod,protected final int getConcurrency() throws SQLException {,protected final int getConcurrency() throws SQLException {,403,
org/apache/commons/dbutils/BaseResultSetHandler.java,280,RemoveMethod,protected final Clob getClob(final String columnLabel) throws SQLException {,protected final Clob getClob(final String columnLabel) throws SQLException {,404,
org/apache/commons/dbutils/BaseResultSetHandler.java,273,RemoveMethod,protected final Clob getClob(final int columnIndex) throws SQLException {,protected final Clob getClob(final int columnIndex) throws SQLException {,405,
org/apache/commons/dbutils/BaseResultSetHandler.java,266,RemoveMethod,protected final Reader getCharacterStream(final String columnLabel) throws SQLException {,protected final Reader getCharacterStream(final String columnLabel) throws SQLException {,406,
org/apache/commons/dbutils/BaseResultSetHandler.java,259,RemoveMethod,protected final Reader getCharacterStream(final int columnIndex) throws SQLException {,protected final Reader getCharacterStream(final int columnIndex) throws SQLException {,407,
org/apache/commons/dbutils/BaseResultSetHandler.java,252,RemoveMethod,protected final byte[] getBytes(final String columnLabel) throws SQLException {,protected final byte[] getBytes(final String columnLabel) throws SQLException {,408,
org/apache/commons/dbutils/BaseResultSetHandler.java,252,RemoveMethod,protected final byte[] getBytes(final String columnLabel) throws SQLException {,protected final byte[] getBytes(final String columnLabel) throws SQLException {,409,
org/apache/commons/dbutils/BaseResultSetHandler.java,281,NullifyReturnValue,return resultSet.getClob(columnLabel);,return null;,41,
org/apache/commons/dbutils/BaseResultSetHandler.java,245,RemoveMethod,protected final byte[] getBytes(final int columnIndex) throws SQLException {,protected final byte[] getBytes(final int columnIndex) throws SQLException {,410,
org/apache/commons/dbutils/BaseResultSetHandler.java,245,RemoveMethod,protected final byte[] getBytes(final int columnIndex) throws SQLException {,protected final byte[] getBytes(final int columnIndex) throws SQLException {,411,
org/apache/commons/dbutils/BaseResultSetHandler.java,238,RemoveMethod,protected final byte getByte(final String columnLabel) throws SQLException {,protected final byte getByte(final String columnLabel) throws SQLException {,412,
org/apache/commons/dbutils/BaseResultSetHandler.java,238,RemoveMethod,protected final byte getByte(final String columnLabel) throws SQLException {,protected final byte getByte(final String columnLabel) throws SQLException {,413,
org/apache/commons/dbutils/BaseResultSetHandler.java,231,RemoveMethod,protected final byte getByte(final int columnIndex) throws SQLException {,protected final byte getByte(final int columnIndex) throws SQLException {,414,
org/apache/commons/dbutils/BaseResultSetHandler.java,231,RemoveMethod,protected final byte getByte(final int columnIndex) throws SQLException {,protected final byte getByte(final int columnIndex) throws SQLException {,415,
org/apache/commons/dbutils/BaseResultSetHandler.java,224,RemoveMethod,protected final boolean getBoolean(final String columnLabel) throws SQLException {,protected final boolean getBoolean(final String columnLabel) throws SQLException {,416,
org/apache/commons/dbutils/BaseResultSetHandler.java,224,RemoveMethod,protected final boolean getBoolean(final String columnLabel) throws SQLException {,protected final boolean getBoolean(final String columnLabel) throws SQLException {,417,
org/apache/commons/dbutils/BaseResultSetHandler.java,217,RemoveMethod,protected final boolean getBoolean(final int columnIndex) throws SQLException {,protected final boolean getBoolean(final int columnIndex) throws SQLException {,418,
org/apache/commons/dbutils/BaseResultSetHandler.java,217,RemoveMethod,protected final boolean getBoolean(final int columnIndex) throws SQLException {,protected final boolean getBoolean(final int columnIndex) throws SQLException {,419,
org/apache/commons/dbutils/BaseResultSetHandler.java,274,NullifyReturnValue,return resultSet.getClob(columnIndex);,return null;,42,
org/apache/commons/dbutils/BaseResultSetHandler.java,210,RemoveMethod,protected final Blob getBlob(final String columnLabel) throws SQLException {,protected final Blob getBlob(final String columnLabel) throws SQLException {,420,
org/apache/commons/dbutils/BaseResultSetHandler.java,203,RemoveMethod,protected final Blob getBlob(final int columnIndex) throws SQLException {,protected final Blob getBlob(final int columnIndex) throws SQLException {,421,
org/apache/commons/dbutils/BaseResultSetHandler.java,196,RemoveMethod,protected final InputStream getBinaryStream(final String columnLabel) throws SQLException {,protected final InputStream getBinaryStream(final String columnLabel) throws SQLException {,422,
org/apache/commons/dbutils/BaseResultSetHandler.java,189,RemoveMethod,protected final InputStream getBinaryStream(final int columnIndex) throws SQLException {,protected final InputStream getBinaryStream(final int columnIndex) throws SQLException {,423,
org/apache/commons/dbutils/BaseResultSetHandler.java,182,RemoveMethod,"protected final BigDecimal getBigDecimal(final String columnLabel, final int scale) throws SQLException {","protected final BigDecimal getBigDecimal(final String columnLabel, final int scale) throws SQLException {",424,
org/apache/commons/dbutils/BaseResultSetHandler.java,174,RemoveMethod,protected final BigDecimal getBigDecimal(final String columnLabel) throws SQLException {,protected final BigDecimal getBigDecimal(final String columnLabel) throws SQLException {,425,
org/apache/commons/dbutils/BaseResultSetHandler.java,167,RemoveMethod,"protected final BigDecimal getBigDecimal(final int columnIndex, final int scale) throws SQLException {","protected final BigDecimal getBigDecimal(final int columnIndex, final int scale) throws SQLException {",426,
org/apache/commons/dbutils/BaseResultSetHandler.java,159,RemoveMethod,protected final BigDecimal getBigDecimal(final int columnIndex) throws SQLException {,protected final BigDecimal getBigDecimal(final int columnIndex) throws SQLException {,427,
org/apache/commons/dbutils/BaseResultSetHandler.java,152,RemoveMethod,protected final InputStream getAsciiStream(final String columnLabel) throws SQLException {,protected final InputStream getAsciiStream(final String columnLabel) throws SQLException {,428,
org/apache/commons/dbutils/BaseResultSetHandler.java,145,RemoveMethod,protected final InputStream getAsciiStream(final int columnIndex) throws SQLException {,protected final InputStream getAsciiStream(final int columnIndex) throws SQLException {,429,
org/apache/commons/dbutils/BaseResultSetHandler.java,267,NullifyReturnValue,return resultSet.getCharacterStream(columnLabel);,return null;,43,
org/apache/commons/dbutils/BaseResultSetHandler.java,138,RemoveMethod,protected final Array getArray(final String columnLabel) throws SQLException {,protected final Array getArray(final String columnLabel) throws SQLException {,430,
org/apache/commons/dbutils/BaseResultSetHandler.java,131,RemoveMethod,protected final Array getArray(final int columnIndex) throws SQLException {,protected final Array getArray(final int columnIndex) throws SQLException {,431,
org/apache/commons/dbutils/BaseResultSetHandler.java,124,RemoveMethod,protected final ResultSet getAdaptedResultSet() {,protected final ResultSet getAdaptedResultSet() {,432,
org/apache/commons/dbutils/BaseResultSetHandler.java,120,RemoveMethod,protected final boolean first() throws SQLException {,protected final boolean first() throws SQLException {,433,
org/apache/commons/dbutils/BaseResultSetHandler.java,120,RemoveMethod,protected final boolean first() throws SQLException {,protected final boolean first() throws SQLException {,434,
org/apache/commons/dbutils/BaseResultSetHandler.java,113,RemoveMethod,protected final int findColumn(final String columnLabel) throws SQLException {,protected final int findColumn(final String columnLabel) throws SQLException {,435,
org/apache/commons/dbutils/BaseResultSetHandler.java,113,RemoveMethod,protected final int findColumn(final String columnLabel) throws SQLException {,protected final int findColumn(final String columnLabel) throws SQLException {,436,
org/apache/commons/dbutils/BaseResultSetHandler.java,106,RemoveMethod,protected final void deleteRow() throws SQLException {,protected final void deleteRow() throws SQLException {,437,
org/apache/commons/dbutils/BaseResultSetHandler.java,99,RemoveMethod,protected final void close() throws SQLException {,protected final void close() throws SQLException {,438,
org/apache/commons/dbutils/BaseResultSetHandler.java,92,RemoveMethod,protected final void clearWarnings() throws SQLException {,protected final void clearWarnings() throws SQLException {,439,
org/apache/commons/dbutils/BaseResultSetHandler.java,260,NullifyReturnValue,return resultSet.getCharacterStream(columnIndex);,return null;,44,
org/apache/commons/dbutils/BaseResultSetHandler.java,85,RemoveMethod,protected final void cancelRowUpdates() throws SQLException {,protected final void cancelRowUpdates() throws SQLException {,440,
org/apache/commons/dbutils/BaseResultSetHandler.java,78,RemoveMethod,protected final void beforeFirst() throws SQLException {,protected final void beforeFirst() throws SQLException {,441,
org/apache/commons/dbutils/BaseResultSetHandler.java,71,RemoveMethod,protected final void afterLast() throws SQLException {,protected final void afterLast() throws SQLException {,442,
org/apache/commons/dbutils/BaseResultSetHandler.java,64,RemoveMethod,protected final boolean absolute(final int row) throws SQLException {,protected final boolean absolute(final int row) throws SQLException {,443,
org/apache/commons/dbutils/BaseResultSetHandler.java,64,RemoveMethod,protected final boolean absolute(final int row) throws SQLException {,protected final boolean absolute(final int row) throws SQLException {,444,
org/apache/commons/dbutils/BaseResultSetHandler.java,678,RelationalOperatorReplacement,if (this.resultSet != null) {,if (this.resultSet == null) {,445,
org/apache/commons/dbutils/BaseResultSetHandler.java,211,NullifyReturnValue,return resultSet.getBlob(columnLabel);,return null;,45,
org/apache/commons/dbutils/BaseResultSetHandler.java,204,NullifyReturnValue,return resultSet.getBlob(columnIndex);,return null;,46,
org/apache/commons/dbutils/BaseResultSetHandler.java,197,NullifyReturnValue,return resultSet.getBinaryStream(columnLabel);,return null;,47,
org/apache/commons/dbutils/BaseResultSetHandler.java,190,NullifyReturnValue,return resultSet.getBinaryStream(columnIndex);,return null;,48,
org/apache/commons/dbutils/BaseResultSetHandler.java,183,NullifyReturnValue,"return resultSet.getBigDecimal(columnLabel, scale);",return null;,49,
org/apache/commons/dbutils/BaseResultSetHandler.java,647,NullifyReturnValue,return resultSet.getURL(columnIndex);,return null;,5,
org/apache/commons/dbutils/BaseResultSetHandler.java,175,NullifyReturnValue,return resultSet.getBigDecimal(columnLabel);,return null;,50,
org/apache/commons/dbutils/BaseResultSetHandler.java,168,NullifyReturnValue,"return resultSet.getBigDecimal(columnIndex, scale);",return null;,51,
org/apache/commons/dbutils/BaseResultSetHandler.java,160,NullifyReturnValue,return resultSet.getBigDecimal(columnIndex);,return null;,52,
org/apache/commons/dbutils/BaseResultSetHandler.java,153,NullifyReturnValue,return resultSet.getAsciiStream(columnLabel);,return null;,53,
org/apache/commons/dbutils/BaseResultSetHandler.java,146,NullifyReturnValue,return resultSet.getAsciiStream(columnIndex);,return null;,54,
org/apache/commons/dbutils/BaseResultSetHandler.java,139,NullifyReturnValue,return resultSet.getArray(columnLabel);,return null;,55,
org/apache/commons/dbutils/BaseResultSetHandler.java,132,NullifyReturnValue,return resultSet.getArray(columnIndex);,return null;,56,
org/apache/commons/dbutils/BaseResultSetHandler.java,125,NullifyReturnValue,return resultSet;,return null;,57,
org/apache/commons/dbutils/BaseResultSetHandler.java,678,RemoveNullCheck,if (this.resultSet != null) {,if (true) {,58,
org/apache/commons/dbutils/BaseResultSetHandler.java,1408,NullifyInputVariable,"protected final void updateTimestamp(final String columnLabel, final Timestamp x) throws SQLException {","protected final void updateTimestamp(final String columnLabel, final Timestamp x) throws SQLException { x = null;",59,
org/apache/commons/dbutils/BaseResultSetHandler.java,640,NullifyReturnValue,return resultSet.getUnicodeStream(columnLabel);,return null;,6,
org/apache/commons/dbutils/BaseResultSetHandler.java,1408,NullifyInputVariable,"protected final void updateTimestamp(final String columnLabel, final Timestamp x) throws SQLException {","protected final void updateTimestamp(final String columnLabel, final Timestamp x) throws SQLException { columnLabel = null;",60,
org/apache/commons/dbutils/BaseResultSetHandler.java,1401,NullifyInputVariable,"protected final void updateTimestamp(final int columnIndex, final Timestamp x) throws SQLException {","protected final void updateTimestamp(final int columnIndex, final Timestamp x) throws SQLException { x = null;",61,
org/apache/commons/dbutils/BaseResultSetHandler.java,1394,NullifyInputVariable,"protected final void updateTime(final String columnLabel, final Time x) throws SQLException {","protected final void updateTime(final String columnLabel, final Time x) throws SQLException { x = null;",62,
org/apache/commons/dbutils/BaseResultSetHandler.java,1394,NullifyInputVariable,"protected final void updateTime(final String columnLabel, final Time x) throws SQLException {","protected final void updateTime(final String columnLabel, final Time x) throws SQLException { columnLabel = null;",63,
org/apache/commons/dbutils/BaseResultSetHandler.java,1387,NullifyInputVariable,"protected final void updateTime(final int columnIndex, final Time x) throws SQLException {","protected final void updateTime(final int columnIndex, final Time x) throws SQLException { x = null;",64,
org/apache/commons/dbutils/BaseResultSetHandler.java,1380,NullifyInputVariable,"protected final void updateString(final String columnLabel, final String x) throws SQLException {","protected final void updateString(final String columnLabel, final String x) throws SQLException { x = null;",65,
org/apache/commons/dbutils/BaseResultSetHandler.java,1380,NullifyInputVariable,"protected final void updateString(final String columnLabel, final String x) throws SQLException {","protected final void updateString(final String columnLabel, final String x) throws SQLException { columnLabel = null;",66,
org/apache/commons/dbutils/BaseResultSetHandler.java,1373,NullifyInputVariable,"protected final void updateString(final int columnIndex, final String x) throws SQLException {","protected final void updateString(final int columnIndex, final String x) throws SQLException { x = null;",67,
org/apache/commons/dbutils/BaseResultSetHandler.java,1366,NullifyInputVariable,"protected final void updateSQLXML(final String columnLabel, final SQLXML xmlObject) throws SQLException {","protected final void updateSQLXML(final String columnLabel, final SQLXML xmlObject) throws SQLException { xmlObject = null;",68,
org/apache/commons/dbutils/BaseResultSetHandler.java,1366,NullifyInputVariable,"protected final void updateSQLXML(final String columnLabel, final SQLXML xmlObject) throws SQLException {","protected final void updateSQLXML(final String columnLabel, final SQLXML xmlObject) throws SQLException { columnLabel = null;",69,
org/apache/commons/dbutils/BaseResultSetHandler.java,632,NullifyReturnValue,return resultSet.getUnicodeStream(columnIndex);,return null;,7,
org/apache/commons/dbutils/BaseResultSetHandler.java,1359,NullifyInputVariable,"protected final void updateSQLXML(final int columnIndex, final SQLXML xmlObject) throws SQLException {","protected final void updateSQLXML(final int columnIndex, final SQLXML xmlObject) throws SQLException { xmlObject = null;",70,
org/apache/commons/dbutils/BaseResultSetHandler.java,1352,NullifyInputVariable,"protected final void updateShort(final String columnLabel, final short x) throws SQLException {","protected final void updateShort(final String columnLabel, final short x) throws SQLException { columnLabel = null;",71,
org/apache/commons/dbutils/BaseResultSetHandler.java,1338,NullifyInputVariable,"protected final void updateRowId(final String columnLabel, final RowId x) throws SQLException {","protected final void updateRowId(final String columnLabel, final RowId x) throws SQLException { x = null;",72,
org/apache/commons/dbutils/BaseResultSetHandler.java,1338,NullifyInputVariable,"protected final void updateRowId(final String columnLabel, final RowId x) throws SQLException {","protected final void updateRowId(final String columnLabel, final RowId x) throws SQLException { columnLabel = null;",73,
org/apache/commons/dbutils/BaseResultSetHandler.java,1331,NullifyInputVariable,"protected final void updateRowId(final int columnIndex, final RowId x) throws SQLException {","protected final void updateRowId(final int columnIndex, final RowId x) throws SQLException { x = null;",74,
org/apache/commons/dbutils/BaseResultSetHandler.java,1317,NullifyInputVariable,"protected final void updateRef(final String columnLabel, final Ref x) throws SQLException {","protected final void updateRef(final String columnLabel, final Ref x) throws SQLException { x = null;",75,
org/apache/commons/dbutils/BaseResultSetHandler.java,1317,NullifyInputVariable,"protected final void updateRef(final String columnLabel, final Ref x) throws SQLException {","protected final void updateRef(final String columnLabel, final Ref x) throws SQLException { columnLabel = null;",76,
org/apache/commons/dbutils/BaseResultSetHandler.java,1310,NullifyInputVariable,"protected final void updateRef(final int columnIndex, final Ref x) throws SQLException {","protected final void updateRef(final int columnIndex, final Ref x) throws SQLException { x = null;",77,
org/apache/commons/dbutils/BaseResultSetHandler.java,1303,NullifyInputVariable,"protected final void updateObject(final String columnLabel, final Object x, final int scaleOrLength) throws SQLException {","protected final void updateObject(final String columnLabel, final Object x, final int scaleOrLength) throws SQLException { x = null;",78,
org/apache/commons/dbutils/BaseResultSetHandler.java,1303,NullifyInputVariable,"protected final void updateObject(final String columnLabel, final Object x, final int scaleOrLength) throws SQLException {","protected final void updateObject(final String columnLabel, final Object x, final int scaleOrLength) throws SQLException { columnLabel = null;",79,
org/apache/commons/dbutils/BaseResultSetHandler.java,617,NullifyReturnValue,"return resultSet.getTimestamp(columnLabel, cal);",return null;,8,
org/apache/commons/dbutils/BaseResultSetHandler.java,1296,NullifyInputVariable,"protected final void updateObject(final String columnLabel, final Object x) throws SQLException {","protected final void updateObject(final String columnLabel, final Object x) throws SQLException { x = null;",80,
org/apache/commons/dbutils/BaseResultSetHandler.java,1296,NullifyInputVariable,"protected final void updateObject(final String columnLabel, final Object x) throws SQLException {","protected final void updateObject(final String columnLabel, final Object x) throws SQLException { columnLabel = null;",81,
org/apache/commons/dbutils/BaseResultSetHandler.java,1289,NullifyInputVariable,"protected final void updateObject(final int columnIndex, final Object x, final int scaleOrLength) throws SQLException {","protected final void updateObject(final int columnIndex, final Object x, final int scaleOrLength) throws SQLException { x = null;",82,
org/apache/commons/dbutils/BaseResultSetHandler.java,1282,NullifyInputVariable,"protected final void updateObject(final int columnIndex, final Object x) throws SQLException {","protected final void updateObject(final int columnIndex, final Object x) throws SQLException { x = null;",83,
org/apache/commons/dbutils/BaseResultSetHandler.java,1275,NullifyInputVariable,protected final void updateNull(final String columnLabel) throws SQLException {,protected final void updateNull(final String columnLabel) throws SQLException { columnLabel = null;,84,
org/apache/commons/dbutils/BaseResultSetHandler.java,1261,NullifyInputVariable,"protected final void updateNString(final String columnLabel, final String nString) throws SQLException {","protected final void updateNString(final String columnLabel, final String nString) throws SQLException { nString = null;",85,
org/apache/commons/dbutils/BaseResultSetHandler.java,1261,NullifyInputVariable,"protected final void updateNString(final String columnLabel, final String nString) throws SQLException {","protected final void updateNString(final String columnLabel, final String nString) throws SQLException { columnLabel = null;",86,
org/apache/commons/dbutils/BaseResultSetHandler.java,1254,NullifyInputVariable,"protected final void updateNString(final int columnIndex, final String nString) throws SQLException {","protected final void updateNString(final int columnIndex, final String nString) throws SQLException { nString = null;",87,
org/apache/commons/dbutils/BaseResultSetHandler.java,1247,NullifyInputVariable,"protected final void updateNClob(final String columnLabel, final Reader reader, final long length) throws SQLException {","protected final void updateNClob(final String columnLabel, final Reader reader, final long length) throws SQLException { reader = null;",88,
org/apache/commons/dbutils/BaseResultSetHandler.java,1247,NullifyInputVariable,"protected final void updateNClob(final String columnLabel, final Reader reader, final long length) throws SQLException {","protected final void updateNClob(final String columnLabel, final Reader reader, final long length) throws SQLException { columnLabel = null;",89,
org/apache/commons/dbutils/BaseResultSetHandler.java,610,NullifyReturnValue,return resultSet.getTimestamp(columnLabel);,return null;,9,
org/apache/commons/dbutils/BaseResultSetHandler.java,1240,NullifyInputVariable,"protected final void updateNClob(final String columnLabel, final Reader reader) throws SQLException {","protected final void updateNClob(final String columnLabel, final Reader reader) throws SQLException { reader = null;",90,
org/apache/commons/dbutils/BaseResultSetHandler.java,1240,NullifyInputVariable,"protected final void updateNClob(final String columnLabel, final Reader reader) throws SQLException {","protected final void updateNClob(final String columnLabel, final Reader reader) throws SQLException { columnLabel = null;",91,
org/apache/commons/dbutils/BaseResultSetHandler.java,1233,NullifyInputVariable,"protected final void updateNClob(final String columnLabel, final NClob nClob) throws SQLException {","protected final void updateNClob(final String columnLabel, final NClob nClob) throws SQLException { nClob = null;",92,
org/apache/commons/dbutils/BaseResultSetHandler.java,1233,NullifyInputVariable,"protected final void updateNClob(final String columnLabel, final NClob nClob) throws SQLException {","protected final void updateNClob(final String columnLabel, final NClob nClob) throws SQLException { columnLabel = null;",93,
org/apache/commons/dbutils/BaseResultSetHandler.java,1226,NullifyInputVariable,"protected final void updateNClob(final int columnIndex, final Reader reader, final long length) throws SQLException {","protected final void updateNClob(final int columnIndex, final Reader reader, final long length) throws SQLException { reader = null;",94,
org/apache/commons/dbutils/BaseResultSetHandler.java,1219,NullifyInputVariable,"protected final void updateNClob(final int columnIndex, final Reader reader) throws SQLException {","protected final void updateNClob(final int columnIndex, final Reader reader) throws SQLException { reader = null;",95,
org/apache/commons/dbutils/BaseResultSetHandler.java,1212,NullifyInputVariable,"protected final void updateNClob(final int columnIndex, final NClob nClob) throws SQLException {","protected final void updateNClob(final int columnIndex, final NClob nClob) throws SQLException { nClob = null;",96,
org/apache/commons/dbutils/BaseResultSetHandler.java,1205,NullifyInputVariable,"protected final void updateNCharacterStream(final String columnLabel, final Reader reader, final long length) throws SQLException {","protected final void updateNCharacterStream(final String columnLabel, final Reader reader, final long length) throws SQLException { reader = null;",97,
org/apache/commons/dbutils/BaseResultSetHandler.java,1205,NullifyInputVariable,"protected final void updateNCharacterStream(final String columnLabel, final Reader reader, final long length) throws SQLException {","protected final void updateNCharacterStream(final String columnLabel, final Reader reader, final long length) throws SQLException { columnLabel = null;",98,
org/apache/commons/dbutils/BaseResultSetHandler.java,1198,NullifyInputVariable,"protected final void updateNCharacterStream(final String columnLabel, final Reader reader) throws SQLException {","protected final void updateNCharacterStream(final String columnLabel, final Reader reader) throws SQLException { reader = null;",99,
org/apache/commons/dbutils/BasicRowProcessor.java,272,NullifyReturnValue,return result;,return null;,1,
org/apache/commons/dbutils/BasicRowProcessor.java,265,RemoveNullCheck,if (null == propKey || 0 == propKey.length()) {,if (false || 0 == propKey.length()) {,10,
org/apache/commons/dbutils/BasicRowProcessor.java,262,RemoveNullCheck,if (null == propKey || 0 == propKey.length()) {,if (false || 0 == propKey.length()) {,11,
org/apache/commons/dbutils/BasicRowProcessor.java,265,ConditionalOperatorReplacement,if (null == propKey || 0 == propKey.length()) {,if (null == propKey && 0 == propKey.length()) {,12,
org/apache/commons/dbutils/BasicRowProcessor.java,262,ConditionalOperatorReplacement,if (null == propKey || 0 == propKey.length()) {,if (null == propKey && 0 == propKey.length()) {,13,
org/apache/commons/dbutils/BasicRowProcessor.java,199,ArithmeticOperatorReplacementBinary,result[i] = resultSet.getObject(i + 1);,result[i] = resultSet.getObject(i - 1);,14,
org/apache/commons/dbutils/BasicRowProcessor.java,255,NullifyInputVariable,"public Map<String, Object> toMap(final ResultSet resultSet) throws SQLException {","public Map<String, Object> toMap(final ResultSet resultSet) throws SQLException { resultSet = null;",15,
org/apache/commons/dbutils/BasicRowProcessor.java,234,NullifyInputVariable,"public <T> List<T> toBeanList(final ResultSet resultSet, final Class<? extends T> type) throws SQLException {","public <T> List<T> toBeanList(final ResultSet resultSet, final Class<? extends T> type) throws SQLException { type = null;",16,
org/apache/commons/dbutils/BasicRowProcessor.java,234,NullifyInputVariable,"public <T> List<T> toBeanList(final ResultSet resultSet, final Class<? extends T> type) throws SQLException {","public <T> List<T> toBeanList(final ResultSet resultSet, final Class<? extends T> type) throws SQLException { resultSet = null;",17,
org/apache/commons/dbutils/BasicRowProcessor.java,217,NullifyInputVariable,"public <T> T toBean(final ResultSet resultSet, final Class<? extends T> type) throws SQLException {","public <T> T toBean(final ResultSet resultSet, final Class<? extends T> type) throws SQLException { type = null;",18,
org/apache/commons/dbutils/BasicRowProcessor.java,217,NullifyInputVariable,"public <T> T toBean(final ResultSet resultSet, final Class<? extends T> type) throws SQLException {","public <T> T toBean(final ResultSet resultSet, final Class<? extends T> type) throws SQLException { resultSet = null;",19,
org/apache/commons/dbutils/BasicRowProcessor.java,235,NullifyReturnValue,"return this.convert.toBeanList(resultSet, type);",return null;,2,
org/apache/commons/dbutils/BasicRowProcessor.java,193,NullifyInputVariable,public Object[] toArray(final ResultSet resultSet) throws SQLException {,public Object[] toArray(final ResultSet resultSet) throws SQLException { resultSet = null;,20,
org/apache/commons/dbutils/BasicRowProcessor.java,125,NullifyInputVariable,public Object remove(final Object key) {,public Object remove(final Object key) { key = null;,21,
org/apache/commons/dbutils/BasicRowProcessor.java,119,NullifyInputVariable,"public void putAll(final Map<? extends String, ?> m) {","public void putAll(final Map<? extends String, ?> m) { m = null;",22,
org/apache/commons/dbutils/BasicRowProcessor.java,103,NullifyInputVariable,"public Object put(final String key, final Object value) {","public Object put(final String key, final Object value) { value = null;",23,
org/apache/commons/dbutils/BasicRowProcessor.java,103,NullifyInputVariable,"public Object put(final String key, final Object value) {","public Object put(final String key, final Object value) { key = null;",24,
org/apache/commons/dbutils/BasicRowProcessor.java,96,NullifyInputVariable,public Object get(final Object key) {,public Object get(final Object key) { key = null;,25,
org/apache/commons/dbutils/BasicRowProcessor.java,85,NullifyInputVariable,public boolean containsKey(final Object key) {,public boolean containsKey(final Object key) { key = null;,26,
org/apache/commons/dbutils/BasicRowProcessor.java,143,NullifyObjectInitialization,return new CaseInsensitiveHashMap(cols);,return null;,27,
org/apache/commons/dbutils/BasicRowProcessor.java,140,NullifyObjectInitialization,private static final BasicRowProcessor instance = new BasicRowProcessor();,private static final BasicRowProcessor instance = null;,28,
org/apache/commons/dbutils/BasicRowProcessor.java,135,NullifyObjectInitialization,private static final BeanProcessor defaultConvert = new BeanProcessor();,private static final BeanProcessor defaultConvert = null;,29,
org/apache/commons/dbutils/BasicRowProcessor.java,218,NullifyReturnValue,"return this.convert.toBean(resultSet, type);",return null;,3,
org/apache/commons/dbutils/BasicRowProcessor.java,77,NullifyObjectInitialization,"private final Map<String, String> lowerCaseMap = new HashMap<>();","private final Map<String, String> lowerCaseMap = null;",30,
org/apache/commons/dbutils/BasicRowProcessor.java,255,RemoveMethod,"public Map<String, Object> toMap(final ResultSet resultSet) throws SQLException {","public Map<String, Object> toMap(final ResultSet resultSet) throws SQLException {",31,
org/apache/commons/dbutils/BasicRowProcessor.java,234,RemoveMethod,"public <T> List<T> toBeanList(final ResultSet resultSet, final Class<? extends T> type) throws SQLException {","public <T> List<T> toBeanList(final ResultSet resultSet, final Class<? extends T> type) throws SQLException {",32,
org/apache/commons/dbutils/BasicRowProcessor.java,217,RemoveMethod,"public <T> T toBean(final ResultSet resultSet, final Class<? extends T> type) throws SQLException {","public <T> T toBean(final ResultSet resultSet, final Class<? extends T> type) throws SQLException {",33,
org/apache/commons/dbutils/BasicRowProcessor.java,193,RemoveMethod,public Object[] toArray(final ResultSet resultSet) throws SQLException {,public Object[] toArray(final ResultSet resultSet) throws SQLException {,34,
org/apache/commons/dbutils/BasicRowProcessor.java,154,RemoveMethod,public static BasicRowProcessor instance() {,public static BasicRowProcessor instance() {,35,
org/apache/commons/dbutils/BasicRowProcessor.java,142,RemoveMethod,"protected static Map<String, Object> createCaseInsensitiveHashMap(final int cols) {","protected static Map<String, Object> createCaseInsensitiveHashMap(final int cols) {",36,
org/apache/commons/dbutils/BasicRowProcessor.java,125,RemoveMethod,public Object remove(final Object key) {,public Object remove(final Object key) {,37,
org/apache/commons/dbutils/BasicRowProcessor.java,119,RemoveMethod,"public void putAll(final Map<? extends String, ?> m) {","public void putAll(final Map<? extends String, ?> m) {",38,
org/apache/commons/dbutils/BasicRowProcessor.java,103,RemoveMethod,"public Object put(final String key, final Object value) {","public Object put(final String key, final Object value) {",39,
org/apache/commons/dbutils/BasicRowProcessor.java,202,NullifyReturnValue,return result;,return null;,4,
org/apache/commons/dbutils/BasicRowProcessor.java,96,RemoveMethod,public Object get(final Object key) {,public Object get(final Object key) {,40,
org/apache/commons/dbutils/BasicRowProcessor.java,85,RemoveMethod,public boolean containsKey(final Object key) {,public boolean containsKey(final Object key) {,41,
org/apache/commons/dbutils/BasicRowProcessor.java,85,RemoveMethod,public boolean containsKey(final Object key) {,public boolean containsKey(final Object key) {,42,
org/apache/commons/dbutils/BasicRowProcessor.java,260,ArithmeticOperatorReplacementShortcut,for (int i = 1; i <= cols; i++) {,for (int i = 1; i <= cols; i--) {,43,
org/apache/commons/dbutils/BasicRowProcessor.java,198,ArithmeticOperatorReplacementShortcut,for (int i = 0; i < cols; i++) {,for (int i = 0; i < cols; i--) {,44,
org/apache/commons/dbutils/BasicRowProcessor.java,61,ArithmeticOperatorReplacementUnary,private static final long serialVersionUID = -2848100435296897392L;,private static final long serialVersionUID = +2848100435296897392L;,45,
org/apache/commons/dbutils/BasicRowProcessor.java,265,RelationalOperatorReplacement,if (null == propKey || 0 == propKey.length()) {,if (null == propKey || 0 != propKey.length()) {,46,
org/apache/commons/dbutils/BasicRowProcessor.java,265,RelationalOperatorReplacement,if (null == propKey || 0 == propKey.length()) {,if (null != propKey || 0 == propKey.length()) {,47,
org/apache/commons/dbutils/BasicRowProcessor.java,262,RelationalOperatorReplacement,if (null == propKey || 0 == propKey.length()) {,if (null == propKey || 0 != propKey.length()) {,48,
org/apache/commons/dbutils/BasicRowProcessor.java,262,RelationalOperatorReplacement,if (null == propKey || 0 == propKey.length()) {,if (null != propKey || 0 == propKey.length()) {,49,
org/apache/commons/dbutils/BasicRowProcessor.java,155,NullifyReturnValue,return instance;,return null;,5,
org/apache/commons/dbutils/BasicRowProcessor.java,260,RelationalOperatorReplacement,for (int i = 1; i <= cols; i++) {,for (int i = 1; i > cols; i++) {,50,
org/apache/commons/dbutils/BasicRowProcessor.java,198,RelationalOperatorReplacement,for (int i = 0; i < cols; i++) {,for (int i = 0; i >= cols; i++) {,51,
org/apache/commons/dbutils/BasicRowProcessor.java,143,NullifyReturnValue,return new CaseInsensitiveHashMap(cols);,return null;,6,
org/apache/commons/dbutils/BasicRowProcessor.java,127,NullifyReturnValue,return super.remove(realKey);,return null;,7,
org/apache/commons/dbutils/BasicRowProcessor.java,114,NullifyReturnValue,return oldValue;,return null;,8,
org/apache/commons/dbutils/BasicRowProcessor.java,98,NullifyReturnValue,return super.get(realKey);,return null;,9,
org/apache/commons/dbutils/BeanProcessor.java,519,NullifyReturnValue,return results;,return null;,1,
org/apache/commons/dbutils/BeanProcessor.java,178,NullifyReturnValue,return prop.getWriteMethod();,return null;,10,
org/apache/commons/dbutils/BeanProcessor.java,234,RelationalOperatorReplacement,for (int i = 0; i < props.length; i++) {,for (int i = 0; i >= props.length; i++) {,100,
org/apache/commons/dbutils/BeanProcessor.java,230,RelationalOperatorReplacement,if (propertyName == null) {,if (propertyName != null) {,101,
org/apache/commons/dbutils/BeanProcessor.java,227,RelationalOperatorReplacement,if (propertyName == null) {,if (propertyName != null) {,102,
org/apache/commons/dbutils/BeanProcessor.java,223,RelationalOperatorReplacement,if (null == columnName || 0 == columnName.length()) {,if (null == columnName || 0 != columnName.length()) {,103,
org/apache/commons/dbutils/BeanProcessor.java,223,RelationalOperatorReplacement,if (null == columnName || 0 == columnName.length()) {,if (null != columnName || 0 == columnName.length()) {,104,
org/apache/commons/dbutils/BeanProcessor.java,221,RelationalOperatorReplacement,for (int col = 1; col <= cols; col++) {,for (int col = 1; col > cols; col++) {,105,
org/apache/commons/dbutils/BeanProcessor.java,194,RelationalOperatorReplacement,"return value == null || type.isInstance(value) || matchesPrimitive(type, value.getClass());","return value != null || type.isInstance(value) || matchesPrimitive(type, value.getClass());",106,
org/apache/commons/dbutils/BeanProcessor.java,127,RelationalOperatorReplacement,if (setter == null || setter.getParameterTypes().length != 1) {,if (setter == null || setter.getParameterTypes().length == 1) {,107,
org/apache/commons/dbutils/BeanProcessor.java,127,RelationalOperatorReplacement,if (setter == null || setter.getParameterTypes().length != 1) {,if (setter != null || setter.getParameterTypes().length != 1) {,108,
org/apache/commons/dbutils/BeanProcessor.java,108,RelationalOperatorReplacement,if (columnToPropertyOverrides == null) {,if (columnToPropertyOverrides != null) {,109,
org/apache/commons/dbutils/BeanProcessor.java,165,NullifyReturnValue,"return populateBean(resultSet, this.newInstance(type), props, columnToProperty);",return null;,11,
org/apache/commons/dbutils/BeanProcessor.java,396,RemoveNullCheck,if ( !propType.isPrimitive() && retval == null ) {,if ( !propType.isPrimitive() && false ) {,12,
org/apache/commons/dbutils/BeanProcessor.java,353,RemoveNullCheck,if (value == null && propType.isPrimitive()) {,if (false && propType.isPrimitive()) {,13,
org/apache/commons/dbutils/BeanProcessor.java,350,RemoveNullCheck,if (propType != null) {,if (true) {,14,
org/apache/commons/dbutils/BeanProcessor.java,247,RemoveNullCheck,if (column != null) {,if (true) {,15,
org/apache/commons/dbutils/BeanProcessor.java,240,RemoveNullCheck,if (reader != null) {,if (true) {,16,
org/apache/commons/dbutils/BeanProcessor.java,230,RemoveNullCheck,if (propertyName == null) {,if (false) {,17,
org/apache/commons/dbutils/BeanProcessor.java,227,RemoveNullCheck,if (propertyName == null) {,if (false) {,18,
org/apache/commons/dbutils/BeanProcessor.java,223,RemoveNullCheck,if (null == columnName || 0 == columnName.length()) {,if (false || 0 == columnName.length()) {,19,
org/apache/commons/dbutils/BeanProcessor.java,508,NullifyReturnValue,return results;,return null;,2,
org/apache/commons/dbutils/BeanProcessor.java,194,RemoveNullCheck,"return value == null || type.isInstance(value) || matchesPrimitive(type, value.getClass());","return false || type.isInstance(value) || matchesPrimitive(type, value.getClass());",20,
org/apache/commons/dbutils/BeanProcessor.java,127,RemoveNullCheck,if (setter == null || setter.getParameterTypes().length != 1) {,if (false || setter.getParameterTypes().length != 1) {,21,
org/apache/commons/dbutils/BeanProcessor.java,108,RemoveNullCheck,if (columnToPropertyOverrides == null) {,if (false) {,22,
org/apache/commons/dbutils/BeanProcessor.java,507,ConditionalOperatorDeletion,if (!resultSet.next()) {,if ( resultSet.next()) {,23,
org/apache/commons/dbutils/BeanProcessor.java,396,ConditionalOperatorDeletion,if ( !propType.isPrimitive() && retval == null ) {,if ( propType.isPrimitive() && retval == null ) {,24,
org/apache/commons/dbutils/BeanProcessor.java,270,ConditionalOperatorDeletion,if (!targetType.isPrimitive()) {,if ( targetType.isPrimitive()) {,25,
org/apache/commons/dbutils/BeanProcessor.java,141,ConditionalOperatorDeletion,"if (!this.isCompatibleType(value, firstParam)) {","if ( this.isCompatibleType(value, firstParam)) {",26,
org/apache/commons/dbutils/BeanProcessor.java,396,ConditionalOperatorReplacement,if ( !propType.isPrimitive() && retval == null ) {,if ( !propType.isPrimitive() || retval == null ) {,27,
org/apache/commons/dbutils/BeanProcessor.java,353,ConditionalOperatorReplacement,if (value == null && propType.isPrimitive()) {,if (value == null || propType.isPrimitive()) {,28,
org/apache/commons/dbutils/BeanProcessor.java,223,ConditionalOperatorReplacement,if (null == columnName || 0 == columnName.length()) {,if (null == columnName && 0 == columnName.length()) {,29,
org/apache/commons/dbutils/BeanProcessor.java,468,NullifyReturnValue,"return this.populateBean(rs, bean);",return null;,3,
org/apache/commons/dbutils/BeanProcessor.java,194,ConditionalOperatorReplacement,"return value == null || type.isInstance(value) || matchesPrimitive(type, value.getClass());","return value == null || type.isInstance(value) && matchesPrimitive(type, value.getClass());",30,
org/apache/commons/dbutils/BeanProcessor.java,194,ConditionalOperatorReplacement,"return value == null || type.isInstance(value) || matchesPrimitive(type, value.getClass());","return value == null && type.isInstance(value) || matchesPrimitive(type, value.getClass());",31,
org/apache/commons/dbutils/BeanProcessor.java,127,ConditionalOperatorReplacement,if (setter == null || setter.getParameterTypes().length != 1) {,if (setter == null && setter.getParameterTypes().length != 1) {,32,
org/apache/commons/dbutils/BeanProcessor.java,218,ArithmeticOperatorReplacementBinary,final int[] columnToProperty = new int[cols + 1];,final int[] columnToProperty = new int[cols - 1];,33,
org/apache/commons/dbutils/BeanProcessor.java,504,NullifyInputVariable,"public <T> List<T> toBeanList(final ResultSet resultSet, final Class<? extends T> type) throws SQLException {","public <T> List<T> toBeanList(final ResultSet resultSet, final Class<? extends T> type) throws SQLException { type = null;",34,
org/apache/commons/dbutils/BeanProcessor.java,504,NullifyInputVariable,"public <T> List<T> toBeanList(final ResultSet resultSet, final Class<? extends T> type) throws SQLException {","public <T> List<T> toBeanList(final ResultSet resultSet, final Class<? extends T> type) throws SQLException { resultSet = null;",35,
org/apache/commons/dbutils/BeanProcessor.java,466,NullifyInputVariable,"public <T> T toBean(final ResultSet rs, final Class<? extends T> type) throws SQLException {","public <T> T toBean(final ResultSet rs, final Class<? extends T> type) throws SQLException { type = null;",36,
org/apache/commons/dbutils/BeanProcessor.java,466,NullifyInputVariable,"public <T> T toBean(final ResultSet rs, final Class<? extends T> type) throws SQLException {","public <T> T toBean(final ResultSet rs, final Class<? extends T> type) throws SQLException { rs = null;",37,
org/apache/commons/dbutils/BeanProcessor.java,419,NullifyInputVariable,throws SQLException {,throws SQLException { c = null;,38,
org/apache/commons/dbutils/BeanProcessor.java,392,NullifyInputVariable,throws SQLException {,throws SQLException { propType = null;,39,
org/apache/commons/dbutils/BeanProcessor.java,430,NullifyReturnValue,return beanInfo.getPropertyDescriptors();,return null;,4,
org/apache/commons/dbutils/BeanProcessor.java,392,NullifyInputVariable,throws SQLException {,throws SQLException { resultSet = null;,40,
org/apache/commons/dbutils/BeanProcessor.java,338,NullifyInputVariable,throws SQLException {,throws SQLException { props = null;,41,
org/apache/commons/dbutils/BeanProcessor.java,338,NullifyInputVariable,throws SQLException {,throws SQLException { bean = null;,42,
org/apache/commons/dbutils/BeanProcessor.java,338,NullifyInputVariable,throws SQLException {,throws SQLException { resultSet = null;,43,
org/apache/commons/dbutils/BeanProcessor.java,317,NullifyInputVariable,"public <T> T populateBean(final ResultSet resultSet, final T bean) throws SQLException {","public <T> T populateBean(final ResultSet resultSet, final T bean) throws SQLException { bean = null;",44,
org/apache/commons/dbutils/BeanProcessor.java,317,NullifyInputVariable,"public <T> T populateBean(final ResultSet resultSet, final T bean) throws SQLException {","public <T> T populateBean(final ResultSet resultSet, final T bean) throws SQLException { resultSet = null;",45,
org/apache/commons/dbutils/BeanProcessor.java,299,NullifyInputVariable,protected <T> T newInstance(final Class<T> c) throws SQLException {,protected <T> T newInstance(final Class<T> c) throws SQLException { c = null;,46,
org/apache/commons/dbutils/BeanProcessor.java,269,NullifyInputVariable,"private boolean matchesPrimitive(final Class<?> targetType, final Class<?> valueType) {","private boolean matchesPrimitive(final Class<?> targetType, final Class<?> valueType) { valueType = null;",47,
org/apache/commons/dbutils/BeanProcessor.java,269,NullifyInputVariable,"private boolean matchesPrimitive(final Class<?> targetType, final Class<?> valueType) {","private boolean matchesPrimitive(final Class<?> targetType, final Class<?> valueType) { targetType = null;",48,
org/apache/commons/dbutils/BeanProcessor.java,215,NullifyInputVariable,final PropertyDescriptor[] props) throws SQLException {,final PropertyDescriptor[] props) throws SQLException { props = null;,49,
org/apache/commons/dbutils/BeanProcessor.java,407,NullifyReturnValue,return retval;,return null;,5,
org/apache/commons/dbutils/BeanProcessor.java,215,NullifyInputVariable,final PropertyDescriptor[] props) throws SQLException {,final PropertyDescriptor[] props) throws SQLException { rsmd = null;,50,
org/apache/commons/dbutils/BeanProcessor.java,192,NullifyInputVariable,"private boolean isCompatibleType(final Object value, final Class<?> type) {","private boolean isCompatibleType(final Object value, final Class<?> type) { type = null;",51,
org/apache/commons/dbutils/BeanProcessor.java,192,NullifyInputVariable,"private boolean isCompatibleType(final Object value, final Class<?> type) {","private boolean isCompatibleType(final Object value, final Class<?> type) { value = null;",52,
org/apache/commons/dbutils/BeanProcessor.java,177,NullifyInputVariable,"protected Method getWriteMethod(final Object target, final PropertyDescriptor prop, final Object value) {","protected Method getWriteMethod(final Object target, final PropertyDescriptor prop, final Object value) { value = null;",53,
org/apache/commons/dbutils/BeanProcessor.java,177,NullifyInputVariable,"protected Method getWriteMethod(final Object target, final PropertyDescriptor prop, final Object value) {","protected Method getWriteMethod(final Object target, final PropertyDescriptor prop, final Object value) { prop = null;",54,
org/apache/commons/dbutils/BeanProcessor.java,177,NullifyInputVariable,"protected Method getWriteMethod(final Object target, final PropertyDescriptor prop, final Object value) {","protected Method getWriteMethod(final Object target, final PropertyDescriptor prop, final Object value) { target = null;",55,
org/apache/commons/dbutils/BeanProcessor.java,164,NullifyInputVariable,throws SQLException {,throws SQLException { props = null;,56,
org/apache/commons/dbutils/BeanProcessor.java,164,NullifyInputVariable,throws SQLException {,throws SQLException { type = null;,57,
org/apache/commons/dbutils/BeanProcessor.java,164,NullifyInputVariable,throws SQLException {,throws SQLException { resultSet = null;,58,
org/apache/commons/dbutils/BeanProcessor.java,123,NullifyInputVariable,throws SQLException {,throws SQLException { value = null;,59,
org/apache/commons/dbutils/BeanProcessor.java,397,NullifyReturnValue,return null;,return null;,6,
org/apache/commons/dbutils/BeanProcessor.java,123,NullifyInputVariable,throws SQLException {,throws SQLException { prop = null;,60,
org/apache/commons/dbutils/BeanProcessor.java,123,NullifyInputVariable,throws SQLException {,throws SQLException { target = null;,61,
org/apache/commons/dbutils/BeanProcessor.java,505,NullifyObjectInitialization,final List<T> results = new ArrayList<>();,final List<T> results = null;,62,
org/apache/commons/dbutils/BeanProcessor.java,426,NullifyObjectInitialization,throw new SQLException(,throw null;,63,
org/apache/commons/dbutils/BeanProcessor.java,305,NullifyObjectInitialization,"throw new SQLException(""Cannot create "" + c.getName() + "": "" + e.getMessage());",throw null;,64,
org/apache/commons/dbutils/BeanProcessor.java,149,NullifyObjectInitialization,"throw new SQLException(""Cannot set "" + prop.getName() + "": "" + e.getMessage());",throw null;,65,
org/apache/commons/dbutils/BeanProcessor.java,142,NullifyObjectInitialization,throw new SQLException(,throw null;,66,
org/apache/commons/dbutils/BeanProcessor.java,109,NullifyObjectInitialization,"throw new IllegalArgumentException(""columnToPropertyOverrides map cannot be null"");",throw null;,67,
org/apache/commons/dbutils/BeanProcessor.java,98,NullifyObjectInitialization,this(new HashMap<>());,this(null);,68,
org/apache/commons/dbutils/BeanProcessor.java,70,NullifyObjectInitialization,private static final List<PropertyHandler> PROPERTY_HANDLERS = new ArrayList<>();,private static final List<PropertyHandler> PROPERTY_HANDLERS = null;,69,
org/apache/commons/dbutils/BeanProcessor.java,361,NullifyReturnValue,return bean;,return null;,7,
org/apache/commons/dbutils/BeanProcessor.java,68,NullifyObjectInitialization,private static final List<ColumnHandler<?>> COLUMN_HANDLERS = new ArrayList<>();,private static final List<ColumnHandler<?>> COLUMN_HANDLERS = null;,70,
org/apache/commons/dbutils/BeanProcessor.java,66,NullifyObjectInitialization,"private static final Map<Class<?>, Object> PRIMITIVE_DEFAULTS = new HashMap<>();","private static final Map<Class<?>, Object> PRIMITIVE_DEFAULTS = null;",71,
org/apache/commons/dbutils/BeanProcessor.java,504,RemoveMethod,"public <T> List<T> toBeanList(final ResultSet resultSet, final Class<? extends T> type) throws SQLException {","public <T> List<T> toBeanList(final ResultSet resultSet, final Class<? extends T> type) throws SQLException {",72,
org/apache/commons/dbutils/BeanProcessor.java,466,RemoveMethod,"public <T> T toBean(final ResultSet rs, final Class<? extends T> type) throws SQLException {","public <T> T toBean(final ResultSet rs, final Class<? extends T> type) throws SQLException {",73,
org/apache/commons/dbutils/BeanProcessor.java,419,RemoveMethod,throws SQLException {,throws SQLException {,74,
org/apache/commons/dbutils/BeanProcessor.java,392,RemoveMethod,throws SQLException {,throws SQLException {,75,
org/apache/commons/dbutils/BeanProcessor.java,338,RemoveMethod,throws SQLException {,throws SQLException {,76,
org/apache/commons/dbutils/BeanProcessor.java,317,RemoveMethod,"public <T> T populateBean(final ResultSet resultSet, final T bean) throws SQLException {","public <T> T populateBean(final ResultSet resultSet, final T bean) throws SQLException {",77,
org/apache/commons/dbutils/BeanProcessor.java,299,RemoveMethod,protected <T> T newInstance(final Class<T> c) throws SQLException {,protected <T> T newInstance(final Class<T> c) throws SQLException {,78,
org/apache/commons/dbutils/BeanProcessor.java,269,RemoveMethod,"private boolean matchesPrimitive(final Class<?> targetType, final Class<?> valueType) {","private boolean matchesPrimitive(final Class<?> targetType, final Class<?> valueType) {",79,
org/apache/commons/dbutils/BeanProcessor.java,322,NullifyReturnValue,"return populateBean(resultSet, bean, props, columnToProperty);",return null;,8,
org/apache/commons/dbutils/BeanProcessor.java,269,RemoveMethod,"private boolean matchesPrimitive(final Class<?> targetType, final Class<?> valueType) {","private boolean matchesPrimitive(final Class<?> targetType, final Class<?> valueType) {",80,
org/apache/commons/dbutils/BeanProcessor.java,215,RemoveMethod,final PropertyDescriptor[] props) throws SQLException {,final PropertyDescriptor[] props) throws SQLException {,81,
org/apache/commons/dbutils/BeanProcessor.java,215,RemoveMethod,final PropertyDescriptor[] props) throws SQLException {,final PropertyDescriptor[] props) throws SQLException {,82,
org/apache/commons/dbutils/BeanProcessor.java,192,RemoveMethod,"private boolean isCompatibleType(final Object value, final Class<?> type) {","private boolean isCompatibleType(final Object value, final Class<?> type) {",83,
org/apache/commons/dbutils/BeanProcessor.java,192,RemoveMethod,"private boolean isCompatibleType(final Object value, final Class<?> type) {","private boolean isCompatibleType(final Object value, final Class<?> type) {",84,
org/apache/commons/dbutils/BeanProcessor.java,177,RemoveMethod,"protected Method getWriteMethod(final Object target, final PropertyDescriptor prop, final Object value) {","protected Method getWriteMethod(final Object target, final PropertyDescriptor prop, final Object value) {",85,
org/apache/commons/dbutils/BeanProcessor.java,164,RemoveMethod,throws SQLException {,throws SQLException {,86,
org/apache/commons/dbutils/BeanProcessor.java,123,RemoveMethod,throws SQLException {,throws SQLException {,87,
org/apache/commons/dbutils/BeanProcessor.java,340,ArithmeticOperatorReplacementShortcut,for (int i = 1; i < columnToProperty.length; i++) {,for (int i = 1; i < columnToProperty.length; i--) {,88,
org/apache/commons/dbutils/BeanProcessor.java,234,ArithmeticOperatorReplacementShortcut,for (int i = 0; i < props.length; i++) {,for (int i = 0; i < props.length; i--) {,89,
org/apache/commons/dbutils/BeanProcessor.java,301,NullifyReturnValue,return c.getDeclaredConstructor().newInstance();,return null;,9,
org/apache/commons/dbutils/BeanProcessor.java,221,ArithmeticOperatorReplacementShortcut,for (int col = 1; col <= cols; col++) {,for (int col = 1; col <= cols; col--) {,90,
org/apache/commons/dbutils/BeanProcessor.java,59,ArithmeticOperatorReplacementUnary,protected static final int PROPERTY_NOT_FOUND = -1;,protected static final int PROPERTY_NOT_FOUND = +1;,91,
org/apache/commons/dbutils/BeanProcessor.java,396,RelationalOperatorReplacement,if ( !propType.isPrimitive() && retval == null ) {,if ( !propType.isPrimitive() && retval != null ) {,92,
org/apache/commons/dbutils/BeanProcessor.java,353,RelationalOperatorReplacement,if (value == null && propType.isPrimitive()) {,if (value != null && propType.isPrimitive()) {,93,
org/apache/commons/dbutils/BeanProcessor.java,350,RelationalOperatorReplacement,if (propType != null) {,if (propType == null) {,94,
org/apache/commons/dbutils/BeanProcessor.java,342,RelationalOperatorReplacement,if (columnToProperty[i] == PROPERTY_NOT_FOUND) {,if (columnToProperty[i] != PROPERTY_NOT_FOUND) {,95,
org/apache/commons/dbutils/BeanProcessor.java,340,RelationalOperatorReplacement,for (int i = 1; i < columnToProperty.length; i++) {,for (int i = 1; i >= columnToProperty.length; i++) {,96,
org/apache/commons/dbutils/BeanProcessor.java,279,RelationalOperatorReplacement,if (targetType == primitiveValueType) {,if (targetType != primitiveValueType) {,97,
org/apache/commons/dbutils/BeanProcessor.java,247,RelationalOperatorReplacement,if (column != null) {,if (column == null) {,98,
org/apache/commons/dbutils/BeanProcessor.java,240,RelationalOperatorReplacement,if (reader != null) {,if (reader == null) {,99,
org/apache/commons/dbutils/DbUtils.java,104,NullifyReturnValue,"return adapted.getPropertyInfo(url, info);",return null;,1,
org/apache/commons/dbutils/DbUtils.java,148,RemoveNullCheck,if (stmt != null) {,if (true) {,10,
org/apache/commons/dbutils/DbUtils.java,136,RemoveNullCheck,if (resultSet != null) {,if (true) {,11,
org/apache/commons/dbutils/DbUtils.java,124,RemoveNullCheck,if (conn != null) {,if (true) {,12,
org/apache/commons/dbutils/DbUtils.java,276,ConditionalOperatorDeletion,if (!isConstructorAccessible) {,if ( isConstructorAccessible) {,13,
org/apache/commons/dbutils/DbUtils.java,262,ConditionalOperatorDeletion,if (!Driver.class.isAssignableFrom(loadedClass)) {,if ( Driver.class.isAssignableFrom(loadedClass)) {,14,
org/apache/commons/dbutils/DbUtils.java,409,NullifyInputVariable,public static void rollbackQuietly(final Connection conn) {,public static void rollbackQuietly(final Connection conn) { conn = null;,15,
org/apache/commons/dbutils/DbUtils.java,394,NullifyInputVariable,public static void rollbackAndCloseQuietly(final Connection conn) {,public static void rollbackAndCloseQuietly(final Connection conn) { conn = null;,16,
org/apache/commons/dbutils/DbUtils.java,377,NullifyInputVariable,public static void rollbackAndClose(final Connection conn) throws SQLException {,public static void rollbackAndClose(final Connection conn) throws SQLException { conn = null;,17,
org/apache/commons/dbutils/DbUtils.java,362,NullifyInputVariable,public static void rollback(final Connection conn) throws SQLException {,public static void rollback(final Connection conn) throws SQLException { conn = null;,18,
org/apache/commons/dbutils/DbUtils.java,347,NullifyInputVariable,"public static void printWarnings(final Connection conn, final PrintWriter pw) {","public static void printWarnings(final Connection conn, final PrintWriter pw) { pw = null;",19,
org/apache/commons/dbutils/DbUtils.java,96,NullifyReturnValue,return adapted.getParentLogger();,return null;,2,
org/apache/commons/dbutils/DbUtils.java,347,NullifyInputVariable,"public static void printWarnings(final Connection conn, final PrintWriter pw) {","public static void printWarnings(final Connection conn, final PrintWriter pw) { conn = null;",20,
org/apache/commons/dbutils/DbUtils.java,337,NullifyInputVariable,public static void printWarnings(final Connection conn) {,public static void printWarnings(final Connection conn) { conn = null;,21,
org/apache/commons/dbutils/DbUtils.java,320,NullifyInputVariable,"public static void printStackTrace(final SQLException e, final PrintWriter pw) {","public static void printStackTrace(final SQLException e, final PrintWriter pw) { pw = null;",22,
org/apache/commons/dbutils/DbUtils.java,320,NullifyInputVariable,"public static void printStackTrace(final SQLException e, final PrintWriter pw) {","public static void printStackTrace(final SQLException e, final PrintWriter pw) { e = null;",23,
org/apache/commons/dbutils/DbUtils.java,309,NullifyInputVariable,public static void printStackTrace(final SQLException e) {,public static void printStackTrace(final SQLException e) { e = null;,24,
org/apache/commons/dbutils/DbUtils.java,300,NullifyInputVariable,public static boolean loadDriver(final String driverClassName) {,public static boolean loadDriver(final String driverClassName) { driverClassName = null;,25,
org/apache/commons/dbutils/DbUtils.java,258,NullifyInputVariable,"public static boolean loadDriver(final ClassLoader classLoader, final String driverClassName) {","public static boolean loadDriver(final ClassLoader classLoader, final String driverClassName) { driverClassName = null;",26,
org/apache/commons/dbutils/DbUtils.java,258,NullifyInputVariable,"public static boolean loadDriver(final ClassLoader classLoader, final String driverClassName) {","public static boolean loadDriver(final ClassLoader classLoader, final String driverClassName) { classLoader = null;",27,
org/apache/commons/dbutils/DbUtils.java,241,NullifyInputVariable,public static void commitAndCloseQuietly(final Connection conn) {,public static void commitAndCloseQuietly(final Connection conn) { conn = null;,28,
org/apache/commons/dbutils/DbUtils.java,225,NullifyInputVariable,public static void commitAndClose(final Connection conn) throws SQLException {,public static void commitAndClose(final Connection conn) throws SQLException { conn = null;,29,
org/apache/commons/dbutils/DbUtils.java,72,NullifyReturnValue,"return adapted.connect(url, info);",return null;,3,
org/apache/commons/dbutils/DbUtils.java,211,NullifyInputVariable,public static void closeQuietly(final Statement stmt) {,public static void closeQuietly(final Statement stmt) { stmt = null;,30,
org/apache/commons/dbutils/DbUtils.java,197,NullifyInputVariable,public static void closeQuietly(final ResultSet resultSet) {,public static void closeQuietly(final ResultSet resultSet) { resultSet = null;,31,
org/apache/commons/dbutils/DbUtils.java,177,NullifyInputVariable,final ResultSet rs) {,final ResultSet rs) { rs = null;,32,
org/apache/commons/dbutils/DbUtils.java,177,NullifyInputVariable,final ResultSet rs) {,final ResultSet rs) { stmt = null;,33,
org/apache/commons/dbutils/DbUtils.java,177,NullifyInputVariable,final ResultSet rs) {,final ResultSet rs) { conn = null;,34,
org/apache/commons/dbutils/DbUtils.java,159,NullifyInputVariable,public static void closeQuietly(final Connection conn) {,public static void closeQuietly(final Connection conn) { conn = null;,35,
org/apache/commons/dbutils/DbUtils.java,147,NullifyInputVariable,public static void close(final Statement stmt) throws SQLException {,public static void close(final Statement stmt) throws SQLException { stmt = null;,36,
org/apache/commons/dbutils/DbUtils.java,135,NullifyInputVariable,public static void close(final ResultSet resultSet) throws SQLException {,public static void close(final ResultSet resultSet) throws SQLException { resultSet = null;,37,
org/apache/commons/dbutils/DbUtils.java,123,NullifyInputVariable,public static void close(final Connection conn) throws SQLException {,public static void close(final Connection conn) throws SQLException { conn = null;,38,
org/apache/commons/dbutils/DbUtils.java,103,NullifyInputVariable,"public DriverPropertyInfo[] getPropertyInfo(final String url, final Properties info) throws SQLException {","public DriverPropertyInfo[] getPropertyInfo(final String url, final Properties info) throws SQLException { info = null;",39,
org/apache/commons/dbutils/DbUtils.java,378,RemoveNullCheck,if (conn != null) {,if (true) {,4,
org/apache/commons/dbutils/DbUtils.java,103,NullifyInputVariable,"public DriverPropertyInfo[] getPropertyInfo(final String url, final Properties info) throws SQLException {","public DriverPropertyInfo[] getPropertyInfo(final String url, final Properties info) throws SQLException { url = null;",40,
org/apache/commons/dbutils/DbUtils.java,71,NullifyInputVariable,"public Connection connect(final String url, final Properties info) throws SQLException {","public Connection connect(final String url, final Properties info) throws SQLException { info = null;",41,
org/apache/commons/dbutils/DbUtils.java,71,NullifyInputVariable,"public Connection connect(final String url, final Properties info) throws SQLException {","public Connection connect(final String url, final Properties info) throws SQLException { url = null;",42,
org/apache/commons/dbutils/DbUtils.java,63,NullifyInputVariable,public boolean acceptsURL(final String url) throws SQLException {,public boolean acceptsURL(final String url) throws SQLException { url = null;,43,
org/apache/commons/dbutils/DbUtils.java,338,NullifyObjectInitialization,"printWarnings(conn, new PrintWriter(System.err));","printWarnings(conn, null);",44,
org/apache/commons/dbutils/DbUtils.java,310,NullifyObjectInitialization,"printStackTrace(e, new PrintWriter(System.err));","printStackTrace(e, null);",45,
org/apache/commons/dbutils/DbUtils.java,282,NullifyObjectInitialization,registerDriver(new DriverProxy(driver));,registerDriver(null);,46,
org/apache/commons/dbutils/DbUtils.java,409,RemoveMethod,public static void rollbackQuietly(final Connection conn) {,public static void rollbackQuietly(final Connection conn) {,47,
org/apache/commons/dbutils/DbUtils.java,394,RemoveMethod,public static void rollbackAndCloseQuietly(final Connection conn) {,public static void rollbackAndCloseQuietly(final Connection conn) {,48,
org/apache/commons/dbutils/DbUtils.java,377,RemoveMethod,public static void rollbackAndClose(final Connection conn) throws SQLException {,public static void rollbackAndClose(final Connection conn) throws SQLException {,49,
org/apache/commons/dbutils/DbUtils.java,363,RemoveNullCheck,if (conn != null) {,if (true) {,5,
org/apache/commons/dbutils/DbUtils.java,362,RemoveMethod,public static void rollback(final Connection conn) throws SQLException {,public static void rollback(final Connection conn) throws SQLException {,50,
org/apache/commons/dbutils/DbUtils.java,347,RemoveMethod,"public static void printWarnings(final Connection conn, final PrintWriter pw) {","public static void printWarnings(final Connection conn, final PrintWriter pw) {",51,
org/apache/commons/dbutils/DbUtils.java,337,RemoveMethod,public static void printWarnings(final Connection conn) {,public static void printWarnings(final Connection conn) {,52,
org/apache/commons/dbutils/DbUtils.java,320,RemoveMethod,"public static void printStackTrace(final SQLException e, final PrintWriter pw) {","public static void printStackTrace(final SQLException e, final PrintWriter pw) {",53,
org/apache/commons/dbutils/DbUtils.java,309,RemoveMethod,public static void printStackTrace(final SQLException e) {,public static void printStackTrace(final SQLException e) {,54,
org/apache/commons/dbutils/DbUtils.java,300,RemoveMethod,public static boolean loadDriver(final String driverClassName) {,public static boolean loadDriver(final String driverClassName) {,55,
org/apache/commons/dbutils/DbUtils.java,300,RemoveMethod,public static boolean loadDriver(final String driverClassName) {,public static boolean loadDriver(final String driverClassName) {,56,
org/apache/commons/dbutils/DbUtils.java,258,RemoveMethod,"public static boolean loadDriver(final ClassLoader classLoader, final String driverClassName) {","public static boolean loadDriver(final ClassLoader classLoader, final String driverClassName) {",57,
org/apache/commons/dbutils/DbUtils.java,258,RemoveMethod,"public static boolean loadDriver(final ClassLoader classLoader, final String driverClassName) {","public static boolean loadDriver(final ClassLoader classLoader, final String driverClassName) {",58,
org/apache/commons/dbutils/DbUtils.java,241,RemoveMethod,public static void commitAndCloseQuietly(final Connection conn) {,public static void commitAndCloseQuietly(final Connection conn) {,59,
org/apache/commons/dbutils/DbUtils.java,348,RemoveNullCheck,if (conn != null) {,if (true) {,6,
org/apache/commons/dbutils/DbUtils.java,225,RemoveMethod,public static void commitAndClose(final Connection conn) throws SQLException {,public static void commitAndClose(final Connection conn) throws SQLException {,60,
org/apache/commons/dbutils/DbUtils.java,211,RemoveMethod,public static void closeQuietly(final Statement stmt) {,public static void closeQuietly(final Statement stmt) {,61,
org/apache/commons/dbutils/DbUtils.java,197,RemoveMethod,public static void closeQuietly(final ResultSet resultSet) {,public static void closeQuietly(final ResultSet resultSet) {,62,
org/apache/commons/dbutils/DbUtils.java,177,RemoveMethod,final ResultSet rs) {,final ResultSet rs) {,63,
org/apache/commons/dbutils/DbUtils.java,159,RemoveMethod,public static void closeQuietly(final Connection conn) {,public static void closeQuietly(final Connection conn) {,64,
org/apache/commons/dbutils/DbUtils.java,147,RemoveMethod,public static void close(final Statement stmt) throws SQLException {,public static void close(final Statement stmt) throws SQLException {,65,
org/apache/commons/dbutils/DbUtils.java,135,RemoveMethod,public static void close(final ResultSet resultSet) throws SQLException {,public static void close(final ResultSet resultSet) throws SQLException {,66,
org/apache/commons/dbutils/DbUtils.java,123,RemoveMethod,public static void close(final Connection conn) throws SQLException {,public static void close(final Connection conn) throws SQLException {,67,
org/apache/commons/dbutils/DbUtils.java,111,RemoveMethod,public boolean jdbcCompliant() {,public boolean jdbcCompliant() {,68,
org/apache/commons/dbutils/DbUtils.java,111,RemoveMethod,public boolean jdbcCompliant() {,public boolean jdbcCompliant() {,69,
org/apache/commons/dbutils/DbUtils.java,326,RemoveNullCheck,if (next != null) {,if (true) {,7,
org/apache/commons/dbutils/DbUtils.java,103,RemoveMethod,"public DriverPropertyInfo[] getPropertyInfo(final String url, final Properties info) throws SQLException {","public DriverPropertyInfo[] getPropertyInfo(final String url, final Properties info) throws SQLException {",70,
org/apache/commons/dbutils/DbUtils.java,95,RemoveMethod,public Logger getParentLogger() throws SQLFeatureNotSupportedException {,public Logger getParentLogger() throws SQLFeatureNotSupportedException {,71,
org/apache/commons/dbutils/DbUtils.java,87,RemoveMethod,public int getMinorVersion() {,public int getMinorVersion() {,72,
org/apache/commons/dbutils/DbUtils.java,87,RemoveMethod,public int getMinorVersion() {,public int getMinorVersion() {,73,
org/apache/commons/dbutils/DbUtils.java,79,RemoveMethod,public int getMajorVersion() {,public int getMajorVersion() {,74,
org/apache/commons/dbutils/DbUtils.java,79,RemoveMethod,public int getMajorVersion() {,public int getMajorVersion() {,75,
org/apache/commons/dbutils/DbUtils.java,71,RemoveMethod,"public Connection connect(final String url, final Properties info) throws SQLException {","public Connection connect(final String url, final Properties info) throws SQLException {",76,
org/apache/commons/dbutils/DbUtils.java,63,RemoveMethod,public boolean acceptsURL(final String url) throws SQLException {,public boolean acceptsURL(final String url) throws SQLException {,77,
org/apache/commons/dbutils/DbUtils.java,63,RemoveMethod,public boolean acceptsURL(final String url) throws SQLException {,public boolean acceptsURL(final String url) throws SQLException {,78,
org/apache/commons/dbutils/DbUtils.java,378,RelationalOperatorReplacement,if (conn != null) {,if (conn == null) {,79,
org/apache/commons/dbutils/DbUtils.java,323,RemoveNullCheck,while (next != null) {,while (true) {,8,
org/apache/commons/dbutils/DbUtils.java,363,RelationalOperatorReplacement,if (conn != null) {,if (conn == null) {,80,
org/apache/commons/dbutils/DbUtils.java,348,RelationalOperatorReplacement,if (conn != null) {,if (conn == null) {,81,
org/apache/commons/dbutils/DbUtils.java,326,RelationalOperatorReplacement,if (next != null) {,if (next == null) {,82,
org/apache/commons/dbutils/DbUtils.java,323,RelationalOperatorReplacement,while (next != null) {,while (next == null) {,83,
org/apache/commons/dbutils/DbUtils.java,226,RelationalOperatorReplacement,if (conn != null) {,if (conn == null) {,84,
org/apache/commons/dbutils/DbUtils.java,148,RelationalOperatorReplacement,if (stmt != null) {,if (stmt == null) {,85,
org/apache/commons/dbutils/DbUtils.java,136,RelationalOperatorReplacement,if (resultSet != null) {,if (resultSet == null) {,86,
org/apache/commons/dbutils/DbUtils.java,124,RelationalOperatorReplacement,if (conn != null) {,if (conn == null) {,87,
org/apache/commons/dbutils/DbUtils.java,226,RemoveNullCheck,if (conn != null) {,if (true) {,9,
org/apache/commons/dbutils/GenerousBeanProcessor.java,51,RemoveNullCheck,if (null == columnName || 0 == columnName.length()) {,if (false || 0 == columnName.length()) {,1,
org/apache/commons/dbutils/GenerousBeanProcessor.java,48,ArithmeticOperatorReplacementShortcut,for (int col = 1; col <= cols; col++) {,for (int col = 1; col <= cols; col--) {,10,
org/apache/commons/dbutils/GenerousBeanProcessor.java,59,RelationalOperatorReplacement,for (int i = 0; i < props.length; i++) {,for (int i = 0; i >= props.length; i++) {,11,
org/apache/commons/dbutils/GenerousBeanProcessor.java,51,RelationalOperatorReplacement,if (null == columnName || 0 == columnName.length()) {,if (null == columnName || 0 != columnName.length()) {,12,
org/apache/commons/dbutils/GenerousBeanProcessor.java,51,RelationalOperatorReplacement,if (null == columnName || 0 == columnName.length()) {,if (null != columnName || 0 == columnName.length()) {,13,
org/apache/commons/dbutils/GenerousBeanProcessor.java,48,RelationalOperatorReplacement,for (int col = 1; col <= cols; col++) {,for (int col = 1; col > cols; col++) {,14,
org/apache/commons/dbutils/GenerousBeanProcessor.java,63,ConditionalOperatorReplacement,if (columnName.equalsIgnoreCase(propName) ||,if (columnName.equalsIgnoreCase(propName) &&,2,
org/apache/commons/dbutils/GenerousBeanProcessor.java,51,ConditionalOperatorReplacement,if (null == columnName || 0 == columnName.length()) {,if (null == columnName && 0 == columnName.length()) {,3,
org/apache/commons/dbutils/GenerousBeanProcessor.java,45,ArithmeticOperatorReplacementBinary,final int[] columnToProperty = new int[cols + 1];,final int[] columnToProperty = new int[cols - 1];,4,
org/apache/commons/dbutils/GenerousBeanProcessor.java,42,NullifyInputVariable,final PropertyDescriptor[] props) throws SQLException {,final PropertyDescriptor[] props) throws SQLException { props = null;,5,
org/apache/commons/dbutils/GenerousBeanProcessor.java,42,NullifyInputVariable,final PropertyDescriptor[] props) throws SQLException {,final PropertyDescriptor[] props) throws SQLException { rsmd = null;,6,
org/apache/commons/dbutils/GenerousBeanProcessor.java,42,RemoveMethod,final PropertyDescriptor[] props) throws SQLException {,final PropertyDescriptor[] props) throws SQLException {,7,
org/apache/commons/dbutils/GenerousBeanProcessor.java,42,RemoveMethod,final PropertyDescriptor[] props) throws SQLException {,final PropertyDescriptor[] props) throws SQLException {,8,
org/apache/commons/dbutils/GenerousBeanProcessor.java,59,ArithmeticOperatorReplacementShortcut,for (int i = 0; i < props.length; i++) {,for (int i = 0; i < props.length; i--) {,9,
org/apache/commons/dbutils/OutParameter.java,138,NullifyReturnValue,"return ""OutParameter{"" + ""sqlType="" + sqlType + "", javaType=""",return null;,1,
org/apache/commons/dbutils/OutParameter.java,132,RemoveMethod,public void setValue(final T value) {,public void setValue(final T value) {,10,
org/apache/commons/dbutils/OutParameter.java,122,RemoveMethod,"void setValue(final CallableStatement stmt, final int index) throws SQLException {","void setValue(final CallableStatement stmt, final int index) throws SQLException {",11,
org/apache/commons/dbutils/OutParameter.java,107,RemoveMethod,"void register(final CallableStatement stmt, final int index) throws SQLException {","void register(final CallableStatement stmt, final int index) throws SQLException {",12,
org/apache/commons/dbutils/OutParameter.java,93,RemoveMethod,public T getValue() {,public T getValue() {,13,
org/apache/commons/dbutils/OutParameter.java,84,RemoveMethod,public int getSqlType() {,public int getSqlType() {,14,
org/apache/commons/dbutils/OutParameter.java,84,RemoveMethod,public int getSqlType() {,public int getSqlType() {,15,
org/apache/commons/dbutils/OutParameter.java,76,RemoveMethod,public Class<T> getJavaType() {,public Class<T> getJavaType() {,16,
org/apache/commons/dbutils/OutParameter.java,109,RelationalOperatorReplacement,if (value != null) {,if (value == null) {,17,
org/apache/commons/dbutils/OutParameter.java,94,NullifyReturnValue,return value;,return null;,2,
org/apache/commons/dbutils/OutParameter.java,77,NullifyReturnValue,return javaType;,return null;,3,
org/apache/commons/dbutils/OutParameter.java,109,RemoveNullCheck,if (value != null) {,if (true) {,4,
org/apache/commons/dbutils/OutParameter.java,132,NullifyInputVariable,public void setValue(final T value) {,public void setValue(final T value) { value = null;,5,
org/apache/commons/dbutils/OutParameter.java,122,NullifyInputVariable,"void setValue(final CallableStatement stmt, final int index) throws SQLException {","void setValue(final CallableStatement stmt, final int index) throws SQLException { stmt = null;",6,
org/apache/commons/dbutils/OutParameter.java,107,NullifyInputVariable,"void register(final CallableStatement stmt, final int index) throws SQLException {","void register(final CallableStatement stmt, final int index) throws SQLException { stmt = null;",7,
org/apache/commons/dbutils/OutParameter.java,137,RemoveMethod,public String toString() {,public String toString() {,8,
org/apache/commons/dbutils/OutParameter.java,137,RemoveMethod,public String toString() {,public String toString() {,9,
org/apache/commons/dbutils/ProxyFactory.java,131,NullifyReturnValue,"return type.cast(Proxy.newProxyInstance(handler.getClass().getClassLoader(), new Class<?>[] {type}, handler));",return null;,1,
org/apache/commons/dbutils/ProxyFactory.java,130,NullifyInputVariable,"public <T> T newProxyInstance(final Class<T> type, final InvocationHandler handler) {","public <T> T newProxyInstance(final Class<T> type, final InvocationHandler handler) { handler = null;",10,
org/apache/commons/dbutils/ProxyFactory.java,130,NullifyInputVariable,"public <T> T newProxyInstance(final Class<T> type, final InvocationHandler handler) {","public <T> T newProxyInstance(final Class<T> type, final InvocationHandler handler) { type = null;",11,
org/apache/commons/dbutils/ProxyFactory.java,118,NullifyInputVariable,public Statement createStatement(final InvocationHandler handler) {,public Statement createStatement(final InvocationHandler handler) { handler = null;,12,
org/apache/commons/dbutils/ProxyFactory.java,109,NullifyInputVariable,public ResultSetMetaData createResultSetMetaData(final InvocationHandler handler) {,public ResultSetMetaData createResultSetMetaData(final InvocationHandler handler) { handler = null;,13,
org/apache/commons/dbutils/ProxyFactory.java,100,NullifyInputVariable,public ResultSet createResultSet(final InvocationHandler handler) {,public ResultSet createResultSet(final InvocationHandler handler) { handler = null;,14,
org/apache/commons/dbutils/ProxyFactory.java,91,NullifyInputVariable,public PreparedStatement createPreparedStatement(final InvocationHandler handler) {,public PreparedStatement createPreparedStatement(final InvocationHandler handler) { handler = null;,15,
org/apache/commons/dbutils/ProxyFactory.java,82,NullifyInputVariable,public Driver createDriver(final InvocationHandler handler) {,public Driver createDriver(final InvocationHandler handler) { handler = null;,16,
org/apache/commons/dbutils/ProxyFactory.java,73,NullifyInputVariable,public Connection createConnection(final InvocationHandler handler) {,public Connection createConnection(final InvocationHandler handler) { handler = null;,17,
org/apache/commons/dbutils/ProxyFactory.java,64,NullifyInputVariable,public CallableStatement createCallableStatement(final InvocationHandler handler) {,public CallableStatement createCallableStatement(final InvocationHandler handler) { handler = null;,18,
org/apache/commons/dbutils/ProxyFactory.java,42,NullifyObjectInitialization,private static final ProxyFactory instance = new ProxyFactory();,private static final ProxyFactory instance = null;,19,
org/apache/commons/dbutils/ProxyFactory.java,119,NullifyReturnValue,"return newProxyInstance(Statement.class, handler);",return null;,2,
org/apache/commons/dbutils/ProxyFactory.java,130,RemoveMethod,"public <T> T newProxyInstance(final Class<T> type, final InvocationHandler handler) {","public <T> T newProxyInstance(final Class<T> type, final InvocationHandler handler) {",20,
org/apache/commons/dbutils/ProxyFactory.java,118,RemoveMethod,public Statement createStatement(final InvocationHandler handler) {,public Statement createStatement(final InvocationHandler handler) {,21,
org/apache/commons/dbutils/ProxyFactory.java,109,RemoveMethod,public ResultSetMetaData createResultSetMetaData(final InvocationHandler handler) {,public ResultSetMetaData createResultSetMetaData(final InvocationHandler handler) {,22,
org/apache/commons/dbutils/ProxyFactory.java,100,RemoveMethod,public ResultSet createResultSet(final InvocationHandler handler) {,public ResultSet createResultSet(final InvocationHandler handler) {,23,
org/apache/commons/dbutils/ProxyFactory.java,91,RemoveMethod,public PreparedStatement createPreparedStatement(final InvocationHandler handler) {,public PreparedStatement createPreparedStatement(final InvocationHandler handler) {,24,
org/apache/commons/dbutils/ProxyFactory.java,82,RemoveMethod,public Driver createDriver(final InvocationHandler handler) {,public Driver createDriver(final InvocationHandler handler) {,25,
org/apache/commons/dbutils/ProxyFactory.java,73,RemoveMethod,public Connection createConnection(final InvocationHandler handler) {,public Connection createConnection(final InvocationHandler handler) {,26,
org/apache/commons/dbutils/ProxyFactory.java,64,RemoveMethod,public CallableStatement createCallableStatement(final InvocationHandler handler) {,public CallableStatement createCallableStatement(final InvocationHandler handler) {,27,
org/apache/commons/dbutils/ProxyFactory.java,49,RemoveMethod,public static ProxyFactory instance() {,public static ProxyFactory instance() {,28,
org/apache/commons/dbutils/ProxyFactory.java,110,NullifyReturnValue,"return newProxyInstance(ResultSetMetaData.class, handler);",return null;,3,
org/apache/commons/dbutils/ProxyFactory.java,101,NullifyReturnValue,"return newProxyInstance(ResultSet.class, handler);",return null;,4,
org/apache/commons/dbutils/ProxyFactory.java,92,NullifyReturnValue,"return newProxyInstance(PreparedStatement.class, handler);",return null;,5,
org/apache/commons/dbutils/ProxyFactory.java,83,NullifyReturnValue,"return newProxyInstance(Driver.class, handler);",return null;,6,
org/apache/commons/dbutils/ProxyFactory.java,74,NullifyReturnValue,"return newProxyInstance(Connection.class, handler);",return null;,7,
org/apache/commons/dbutils/ProxyFactory.java,65,NullifyReturnValue,"return newProxyInstance(CallableStatement.class, handler);",return null;,8,
org/apache/commons/dbutils/ProxyFactory.java,50,NullifyReturnValue,return instance;,return null;,9,
org/apache/commons/dbutils/QueryLoader.java,130,NullifyReturnValue,return hashMap;,return null;,1,
org/apache/commons/dbutils/QueryLoader.java,118,NullifyObjectInitialization,props = new Properties();,props = null;,10,
org/apache/commons/dbutils/QueryLoader.java,116,NullifyObjectInitialization,"throw new IllegalArgumentException(path + "" not found."");",throw null;,11,
org/apache/commons/dbutils/QueryLoader.java,55,NullifyObjectInitialization,"private final Map<String, Map<String, String>> queries = new HashMap<>();","private final Map<String, Map<String, String>> queries = null;",12,
org/apache/commons/dbutils/QueryLoader.java,37,NullifyObjectInitialization,private static final QueryLoader INSTANCE = new QueryLoader();,private static final QueryLoader INSTANCE = null;,13,
org/apache/commons/dbutils/QueryLoader.java,137,RemoveMethod,public synchronized void unload(final String path) {,public synchronized void unload(final String path) {,14,
org/apache/commons/dbutils/QueryLoader.java,110,RemoveMethod,"protected Map<String, String> loadQueries(final String path) throws IOException {","protected Map<String, String> loadQueries(final String path) throws IOException {",15,
org/apache/commons/dbutils/QueryLoader.java,82,RemoveMethod,"public synchronized Map<String, String> load(final String path) throws IOException {","public synchronized Map<String, String> load(final String path) throws IOException {",16,
org/apache/commons/dbutils/QueryLoader.java,48,RemoveMethod,public static QueryLoader instance() {,public static QueryLoader instance() {,17,
org/apache/commons/dbutils/QueryLoader.java,115,RelationalOperatorReplacement,if (in == null) {,if (in != null) {,18,
org/apache/commons/dbutils/QueryLoader.java,86,RelationalOperatorReplacement,if (queryMap == null) {,if (queryMap != null) {,19,
org/apache/commons/dbutils/QueryLoader.java,91,NullifyReturnValue,return queryMap;,return null;,2,
org/apache/commons/dbutils/QueryLoader.java,49,NullifyReturnValue,return INSTANCE;,return null;,3,
org/apache/commons/dbutils/QueryLoader.java,115,RemoveNullCheck,if (in == null) {,if (false) {,4,
org/apache/commons/dbutils/QueryLoader.java,86,RemoveNullCheck,if (queryMap == null) {,if (false) {,5,
org/apache/commons/dbutils/QueryLoader.java,137,NullifyInputVariable,public synchronized void unload(final String path) {,public synchronized void unload(final String path) { path = null;,6,
org/apache/commons/dbutils/QueryLoader.java,110,NullifyInputVariable,"protected Map<String, String> loadQueries(final String path) throws IOException {","protected Map<String, String> loadQueries(final String path) throws IOException { path = null;",7,
org/apache/commons/dbutils/QueryLoader.java,82,NullifyInputVariable,"public synchronized Map<String, String> load(final String path) throws IOException {","public synchronized Map<String, String> load(final String path) throws IOException { path = null;",8,
org/apache/commons/dbutils/QueryLoader.java,129,NullifyObjectInitialization,"final HashMap<String, String> hashMap = new HashMap(props);","final HashMap<String, String> hashMap = null;",9,
org/apache/commons/dbutils/QueryRunner.java,701,NullifyReturnValue,"return this.<T>query(conn, sql, rsh, params);",return null;,1,
org/apache/commons/dbutils/QueryRunner.java,502,NullifyReturnValue,return generatedKeys;,return null;,10,
org/apache/commons/dbutils/QueryRunner.java,382,NullifyInputVariable,"public <T> T insert(final Connection conn, final String sql, final ResultSetHandler<T> rsh, final Object... params) throws SQLException {","public <T> T insert(final Connection conn, final String sql, final ResultSetHandler<T> rsh, final Object... params) throws SQLException { conn = null;",100,
org/apache/commons/dbutils/QueryRunner.java,366,NullifyInputVariable,"public <T> T insert(final Connection conn, final String sql, final ResultSetHandler<T> rsh) throws SQLException {","public <T> T insert(final Connection conn, final String sql, final ResultSetHandler<T> rsh) throws SQLException { rsh = null;",101,
org/apache/commons/dbutils/QueryRunner.java,366,NullifyInputVariable,"public <T> T insert(final Connection conn, final String sql, final ResultSetHandler<T> rsh) throws SQLException {","public <T> T insert(final Connection conn, final String sql, final ResultSetHandler<T> rsh) throws SQLException { sql = null;",102,
org/apache/commons/dbutils/QueryRunner.java,366,NullifyInputVariable,"public <T> T insert(final Connection conn, final String sql, final ResultSetHandler<T> rsh) throws SQLException {","public <T> T insert(final Connection conn, final String sql, final ResultSetHandler<T> rsh) throws SQLException { conn = null;",103,
org/apache/commons/dbutils/QueryRunner.java,349,NullifyInputVariable,"public <T> List<T> execute(final String sql, final ResultSetHandler<T> rsh, final Object... params) throws SQLException {","public <T> List<T> execute(final String sql, final ResultSetHandler<T> rsh, final Object... params) throws SQLException { params = null;",104,
org/apache/commons/dbutils/QueryRunner.java,349,NullifyInputVariable,"public <T> List<T> execute(final String sql, final ResultSetHandler<T> rsh, final Object... params) throws SQLException {","public <T> List<T> execute(final String sql, final ResultSetHandler<T> rsh, final Object... params) throws SQLException { rsh = null;",105,
org/apache/commons/dbutils/QueryRunner.java,349,NullifyInputVariable,"public <T> List<T> execute(final String sql, final ResultSetHandler<T> rsh, final Object... params) throws SQLException {","public <T> List<T> execute(final String sql, final ResultSetHandler<T> rsh, final Object... params) throws SQLException { sql = null;",106,
org/apache/commons/dbutils/QueryRunner.java,322,NullifyInputVariable,"public int execute(final String sql, final Object... params) throws SQLException {","public int execute(final String sql, final Object... params) throws SQLException { params = null;",107,
org/apache/commons/dbutils/QueryRunner.java,322,NullifyInputVariable,"public int execute(final String sql, final Object... params) throws SQLException {","public int execute(final String sql, final Object... params) throws SQLException { sql = null;",108,
org/apache/commons/dbutils/QueryRunner.java,258,NullifyInputVariable,"public <T> List<T> execute(final Connection conn, final String sql, final ResultSetHandler<T> rsh, final Object... params) throws SQLException {","public <T> List<T> execute(final Connection conn, final String sql, final ResultSetHandler<T> rsh, final Object... params) throws SQLException { params = null;",109,
org/apache/commons/dbutils/QueryRunner.java,454,NullifyReturnValue,"return insert(conn, sql, rsh, params);",return null;,11,
org/apache/commons/dbutils/QueryRunner.java,258,NullifyInputVariable,"public <T> List<T> execute(final Connection conn, final String sql, final ResultSetHandler<T> rsh, final Object... params) throws SQLException {","public <T> List<T> execute(final Connection conn, final String sql, final ResultSetHandler<T> rsh, final Object... params) throws SQLException { rsh = null;",110,
org/apache/commons/dbutils/QueryRunner.java,258,NullifyInputVariable,"public <T> List<T> execute(final Connection conn, final String sql, final ResultSetHandler<T> rsh, final Object... params) throws SQLException {","public <T> List<T> execute(final Connection conn, final String sql, final ResultSetHandler<T> rsh, final Object... params) throws SQLException { sql = null;",111,
org/apache/commons/dbutils/QueryRunner.java,258,NullifyInputVariable,"public <T> List<T> execute(final Connection conn, final String sql, final ResultSetHandler<T> rsh, final Object... params) throws SQLException {","public <T> List<T> execute(final Connection conn, final String sql, final ResultSetHandler<T> rsh, final Object... params) throws SQLException { conn = null;",112,
org/apache/commons/dbutils/QueryRunner.java,207,NullifyInputVariable,"public int execute(final Connection conn, final String sql, final Object... params) throws SQLException {","public int execute(final Connection conn, final String sql, final Object... params) throws SQLException { params = null;",113,
org/apache/commons/dbutils/QueryRunner.java,207,NullifyInputVariable,"public int execute(final Connection conn, final String sql, final Object... params) throws SQLException {","public int execute(final Connection conn, final String sql, final Object... params) throws SQLException { sql = null;",114,
org/apache/commons/dbutils/QueryRunner.java,207,NullifyInputVariable,"public int execute(final Connection conn, final String sql, final Object... params) throws SQLException {","public int execute(final Connection conn, final String sql, final Object... params) throws SQLException { conn = null;",115,
org/apache/commons/dbutils/QueryRunner.java,182,NullifyInputVariable,"public int[] batch(final String sql, final Object[][] params) throws SQLException {","public int[] batch(final String sql, final Object[][] params) throws SQLException { params = null;",116,
org/apache/commons/dbutils/QueryRunner.java,182,NullifyInputVariable,"public int[] batch(final String sql, final Object[][] params) throws SQLException {","public int[] batch(final String sql, final Object[][] params) throws SQLException { sql = null;",117,
org/apache/commons/dbutils/QueryRunner.java,132,NullifyInputVariable,"public int[] batch(final Connection conn, final String sql, final Object[][] params) throws SQLException {","public int[] batch(final Connection conn, final String sql, final Object[][] params) throws SQLException { params = null;",118,
org/apache/commons/dbutils/QueryRunner.java,132,NullifyInputVariable,"public int[] batch(final Connection conn, final String sql, final Object[][] params) throws SQLException {","public int[] batch(final Connection conn, final String sql, final Object[][] params) throws SQLException { sql = null;",119,
org/apache/commons/dbutils/QueryRunner.java,434,NullifyReturnValue,"return insert(conn, sql, rsh, (Object[]) null);",return null;,12,
org/apache/commons/dbutils/QueryRunner.java,132,NullifyInputVariable,"public int[] batch(final Connection conn, final String sql, final Object[][] params) throws SQLException {","public int[] batch(final Connection conn, final String sql, final Object[][] params) throws SQLException { conn = null;",120,
org/apache/commons/dbutils/QueryRunner.java,766,NullifyObjectInitialization,"throw new SQLException(""Null SQL statement"");",throw null;,121,
org/apache/commons/dbutils/QueryRunner.java,762,NullifyObjectInitialization,"throw new SQLException(""Null connection"");",throw null;,122,
org/apache/commons/dbutils/QueryRunner.java,594,NullifyObjectInitialization,"throw new SQLException(""Null ResultSetHandler"");",throw null;,123,
org/apache/commons/dbutils/QueryRunner.java,590,NullifyObjectInitialization,"throw new SQLException(""Null SQL statement"");",throw null;,124,
org/apache/commons/dbutils/QueryRunner.java,586,NullifyObjectInitialization,"throw new SQLException(""Null connection"");",throw null;,125,
org/apache/commons/dbutils/QueryRunner.java,480,NullifyObjectInitialization,"throw new SQLException(""Null parameters. If parameters aren't need, pass an empty array."");",throw null;,126,
org/apache/commons/dbutils/QueryRunner.java,476,NullifyObjectInitialization,"throw new SQLException(""Null SQL statement"");",throw null;,127,
org/apache/commons/dbutils/QueryRunner.java,472,NullifyObjectInitialization,"throw new SQLException(""Null connection"");",throw null;,128,
org/apache/commons/dbutils/QueryRunner.java,392,NullifyObjectInitialization,"throw new SQLException(""Null ResultSetHandler"");",throw null;,129,
org/apache/commons/dbutils/QueryRunner.java,417,NullifyReturnValue,return generatedKeys;,return null;,13,
org/apache/commons/dbutils/QueryRunner.java,388,NullifyObjectInitialization,"throw new SQLException(""Null SQL statement"");",throw null;,130,
org/apache/commons/dbutils/QueryRunner.java,384,NullifyObjectInitialization,"throw new SQLException(""Null connection"");",throw null;,131,
org/apache/commons/dbutils/QueryRunner.java,272,NullifyObjectInitialization,final List<T> results = new LinkedList<>();,final List<T> results = null;,132,
org/apache/commons/dbutils/QueryRunner.java,268,NullifyObjectInitialization,"throw new SQLException(""Null ResultSetHandler"");",throw null;,133,
org/apache/commons/dbutils/QueryRunner.java,264,NullifyObjectInitialization,"throw new SQLException(""Null SQL statement"");",throw null;,134,
org/apache/commons/dbutils/QueryRunner.java,260,NullifyObjectInitialization,"throw new SQLException(""Null connection"");",throw null;,135,
org/apache/commons/dbutils/QueryRunner.java,213,NullifyObjectInitialization,"throw new SQLException(""Null SQL statement"");",throw null;,136,
org/apache/commons/dbutils/QueryRunner.java,209,NullifyObjectInitialization,"throw new SQLException(""Null connection"");",throw null;,137,
org/apache/commons/dbutils/QueryRunner.java,142,NullifyObjectInitialization,"throw new SQLException(""Null parameters. If parameters aren't need, pass an empty array."");",throw null;,138,
org/apache/commons/dbutils/QueryRunner.java,138,NullifyObjectInitialization,"throw new SQLException(""Null SQL statement"");",throw null;,139,
org/apache/commons/dbutils/QueryRunner.java,367,NullifyReturnValue,"return insert(conn, sql, rsh, (Object[]) null);",return null;,14,
org/apache/commons/dbutils/QueryRunner.java,134,NullifyObjectInitialization,"throw new SQLException(""Null connection"");",throw null;,140,
org/apache/commons/dbutils/QueryRunner.java,840,RemoveMethod,"public int update(final String sql, final Object... params) throws SQLException {","public int update(final String sql, final Object... params) throws SQLException {",141,
org/apache/commons/dbutils/QueryRunner.java,840,RemoveMethod,"public int update(final String sql, final Object... params) throws SQLException {","public int update(final String sql, final Object... params) throws SQLException {",142,
org/apache/commons/dbutils/QueryRunner.java,822,RemoveMethod,"public int update(final String sql, final Object param) throws SQLException {","public int update(final String sql, final Object param) throws SQLException {",143,
org/apache/commons/dbutils/QueryRunner.java,822,RemoveMethod,"public int update(final String sql, final Object param) throws SQLException {","public int update(final String sql, final Object param) throws SQLException {",144,
org/apache/commons/dbutils/QueryRunner.java,804,RemoveMethod,public int update(final String sql) throws SQLException {,public int update(final String sql) throws SQLException {,145,
org/apache/commons/dbutils/QueryRunner.java,804,RemoveMethod,public int update(final String sql) throws SQLException {,public int update(final String sql) throws SQLException {,146,
org/apache/commons/dbutils/QueryRunner.java,760,RemoveMethod,"public int update(final Connection conn, final String sql, final Object... params) throws SQLException {","public int update(final Connection conn, final String sql, final Object... params) throws SQLException {",147,
org/apache/commons/dbutils/QueryRunner.java,760,RemoveMethod,"public int update(final Connection conn, final String sql, final Object... params) throws SQLException {","public int update(final Connection conn, final String sql, final Object... params) throws SQLException {",148,
org/apache/commons/dbutils/QueryRunner.java,747,RemoveMethod,"public int update(final Connection conn, final String sql, final Object param) throws SQLException {","public int update(final Connection conn, final String sql, final Object param) throws SQLException {",149,
org/apache/commons/dbutils/QueryRunner.java,351,NullifyReturnValue,"return this.execute(conn, sql, rsh, params);",return null;,15,
org/apache/commons/dbutils/QueryRunner.java,747,RemoveMethod,"public int update(final Connection conn, final String sql, final Object param) throws SQLException {","public int update(final Connection conn, final String sql, final Object param) throws SQLException {",150,
org/apache/commons/dbutils/QueryRunner.java,733,RemoveMethod,"public int update(final Connection conn, final String sql) throws SQLException {","public int update(final Connection conn, final String sql) throws SQLException {",151,
org/apache/commons/dbutils/QueryRunner.java,733,RemoveMethod,"public int update(final Connection conn, final String sql) throws SQLException {","public int update(final Connection conn, final String sql) throws SQLException {",152,
org/apache/commons/dbutils/QueryRunner.java,714,RemoveMethod,"private void retrieveOutParameters(final CallableStatement stmt, final Object[] params) throws SQLException {","private void retrieveOutParameters(final CallableStatement stmt, final Object[] params) throws SQLException {",153,
org/apache/commons/dbutils/QueryRunner.java,699,RemoveMethod,"public <T> T query(final String sql, final ResultSetHandler<T> rsh, final Object... params) throws SQLException {","public <T> T query(final String sql, final ResultSetHandler<T> rsh, final Object... params) throws SQLException {",154,
org/apache/commons/dbutils/QueryRunner.java,680,RemoveMethod,"public <T> T query(final String sql, final ResultSetHandler<T> rsh) throws SQLException {","public <T> T query(final String sql, final ResultSetHandler<T> rsh) throws SQLException {",155,
org/apache/commons/dbutils/QueryRunner.java,662,RemoveMethod,"public <T> T query(final String sql, final Object[] params, final ResultSetHandler<T> rsh) throws SQLException {","public <T> T query(final String sql, final Object[] params, final ResultSetHandler<T> rsh) throws SQLException {",156,
org/apache/commons/dbutils/QueryRunner.java,639,RemoveMethod,"public <T> T query(final String sql, final Object param, final ResultSetHandler<T> rsh) throws SQLException {","public <T> T query(final String sql, final Object param, final ResultSetHandler<T> rsh) throws SQLException {",157,
org/apache/commons/dbutils/QueryRunner.java,584,RemoveMethod,"public <T> T query(final Connection conn, final String sql, final ResultSetHandler<T> rsh, final Object... params) throws SQLException {","public <T> T query(final Connection conn, final String sql, final ResultSetHandler<T> rsh, final Object... params) throws SQLException {",158,
org/apache/commons/dbutils/QueryRunner.java,569,RemoveMethod,"public <T> T query(final Connection conn, final String sql, final ResultSetHandler<T> rsh) throws SQLException {","public <T> T query(final Connection conn, final String sql, final ResultSetHandler<T> rsh) throws SQLException {",159,
org/apache/commons/dbutils/QueryRunner.java,297,NullifyReturnValue,return results;,return null;,16,
org/apache/commons/dbutils/QueryRunner.java,555,RemoveMethod,"public <T> T query(final Connection conn, final String sql, final Object[] params, final ResultSetHandler<T> rsh) throws SQLException {","public <T> T query(final Connection conn, final String sql, final Object[] params, final ResultSetHandler<T> rsh) throws SQLException {",160,
org/apache/commons/dbutils/QueryRunner.java,538,RemoveMethod,"public <T> T query(final Connection conn, final String sql, final Object param, final ResultSetHandler<T> rsh) throws SQLException {","public <T> T query(final Connection conn, final String sql, final Object param, final ResultSetHandler<T> rsh) throws SQLException {",161,
org/apache/commons/dbutils/QueryRunner.java,519,RemoveMethod,"public <T> T insertBatch(final String sql, final ResultSetHandler<T> rsh, final Object[][] params) throws SQLException {","public <T> T insertBatch(final String sql, final ResultSetHandler<T> rsh, final Object[][] params) throws SQLException {",162,
org/apache/commons/dbutils/QueryRunner.java,470,RemoveMethod,"public <T> T insertBatch(final Connection conn, final String sql, final ResultSetHandler<T> rsh, final Object[][] params) throws SQLException {","public <T> T insertBatch(final Connection conn, final String sql, final ResultSetHandler<T> rsh, final Object[][] params) throws SQLException {",163,
org/apache/commons/dbutils/QueryRunner.java,452,RemoveMethod,"public <T> T insert(final String sql, final ResultSetHandler<T> rsh, final Object... params) throws SQLException {","public <T> T insert(final String sql, final ResultSetHandler<T> rsh, final Object... params) throws SQLException {",164,
org/apache/commons/dbutils/QueryRunner.java,432,RemoveMethod,"public <T> T insert(final String sql, final ResultSetHandler<T> rsh) throws SQLException {","public <T> T insert(final String sql, final ResultSetHandler<T> rsh) throws SQLException {",165,
org/apache/commons/dbutils/QueryRunner.java,382,RemoveMethod,"public <T> T insert(final Connection conn, final String sql, final ResultSetHandler<T> rsh, final Object... params) throws SQLException {","public <T> T insert(final Connection conn, final String sql, final ResultSetHandler<T> rsh, final Object... params) throws SQLException {",166,
org/apache/commons/dbutils/QueryRunner.java,366,RemoveMethod,"public <T> T insert(final Connection conn, final String sql, final ResultSetHandler<T> rsh) throws SQLException {","public <T> T insert(final Connection conn, final String sql, final ResultSetHandler<T> rsh) throws SQLException {",167,
org/apache/commons/dbutils/QueryRunner.java,349,RemoveMethod,"public <T> List<T> execute(final String sql, final ResultSetHandler<T> rsh, final Object... params) throws SQLException {","public <T> List<T> execute(final String sql, final ResultSetHandler<T> rsh, final Object... params) throws SQLException {",168,
org/apache/commons/dbutils/QueryRunner.java,322,RemoveMethod,"public int execute(final String sql, final Object... params) throws SQLException {","public int execute(final String sql, final Object... params) throws SQLException {",169,
org/apache/commons/dbutils/QueryRunner.java,773,RemoveNullCheck,if (params != null && params.length > 0) {,if (true && params.length > 0) {,17,
org/apache/commons/dbutils/QueryRunner.java,322,RemoveMethod,"public int execute(final String sql, final Object... params) throws SQLException {","public int execute(final String sql, final Object... params) throws SQLException {",170,
org/apache/commons/dbutils/QueryRunner.java,258,RemoveMethod,"public <T> List<T> execute(final Connection conn, final String sql, final ResultSetHandler<T> rsh, final Object... params) throws SQLException {","public <T> List<T> execute(final Connection conn, final String sql, final ResultSetHandler<T> rsh, final Object... params) throws SQLException {",171,
org/apache/commons/dbutils/QueryRunner.java,207,RemoveMethod,"public int execute(final Connection conn, final String sql, final Object... params) throws SQLException {","public int execute(final Connection conn, final String sql, final Object... params) throws SQLException {",172,
org/apache/commons/dbutils/QueryRunner.java,207,RemoveMethod,"public int execute(final Connection conn, final String sql, final Object... params) throws SQLException {","public int execute(final Connection conn, final String sql, final Object... params) throws SQLException {",173,
org/apache/commons/dbutils/QueryRunner.java,182,RemoveMethod,"public int[] batch(final String sql, final Object[][] params) throws SQLException {","public int[] batch(final String sql, final Object[][] params) throws SQLException {",174,
org/apache/commons/dbutils/QueryRunner.java,182,RemoveMethod,"public int[] batch(final String sql, final Object[][] params) throws SQLException {","public int[] batch(final String sql, final Object[][] params) throws SQLException {",175,
org/apache/commons/dbutils/QueryRunner.java,132,RemoveMethod,"public int[] batch(final Connection conn, final String sql, final Object[][] params) throws SQLException {","public int[] batch(final Connection conn, final String sql, final Object[][] params) throws SQLException {",176,
org/apache/commons/dbutils/QueryRunner.java,132,RemoveMethod,"public int[] batch(final Connection conn, final String sql, final Object[][] params) throws SQLException {","public int[] batch(final Connection conn, final String sql, final Object[][] params) throws SQLException {",177,
org/apache/commons/dbutils/QueryRunner.java,716,ArithmeticOperatorReplacementShortcut,for (int i = 0; i < params.length; i++) {,for (int i = 0; i < params.length; i--) {,178,
org/apache/commons/dbutils/QueryRunner.java,773,RelationalOperatorReplacement,if (params != null && params.length > 0) {,if (params != null && params.length <= 0) {,179,
org/apache/commons/dbutils/QueryRunner.java,765,RemoveNullCheck,if (sql == null) {,if (false) {,18,
org/apache/commons/dbutils/QueryRunner.java,773,RelationalOperatorReplacement,if (params != null && params.length > 0) {,if (params == null && params.length > 0) {,180,
org/apache/commons/dbutils/QueryRunner.java,765,RelationalOperatorReplacement,if (sql == null) {,if (sql != null) {,181,
org/apache/commons/dbutils/QueryRunner.java,761,RelationalOperatorReplacement,if (conn == null) {,if (conn != null) {,182,
org/apache/commons/dbutils/QueryRunner.java,716,RelationalOperatorReplacement,for (int i = 0; i < params.length; i++) {,for (int i = 0; i >= params.length; i++) {,183,
org/apache/commons/dbutils/QueryRunner.java,715,RelationalOperatorReplacement,if (params != null) {,if (params == null) {,184,
org/apache/commons/dbutils/QueryRunner.java,602,RelationalOperatorReplacement,if (params != null && params.length > 0) {,if (params != null && params.length <= 0) {,185,
org/apache/commons/dbutils/QueryRunner.java,602,RelationalOperatorReplacement,if (params != null && params.length > 0) {,if (params == null && params.length > 0) {,186,
org/apache/commons/dbutils/QueryRunner.java,593,RelationalOperatorReplacement,if (rsh == null) {,if (rsh != null) {,187,
org/apache/commons/dbutils/QueryRunner.java,589,RelationalOperatorReplacement,if (sql == null) {,if (sql != null) {,188,
org/apache/commons/dbutils/QueryRunner.java,585,RelationalOperatorReplacement,if (conn == null) {,if (conn != null) {,189,
org/apache/commons/dbutils/QueryRunner.java,761,RemoveNullCheck,if (conn == null) {,if (false) {,19,
org/apache/commons/dbutils/QueryRunner.java,479,RelationalOperatorReplacement,if (params == null) {,if (params != null) {,190,
org/apache/commons/dbutils/QueryRunner.java,475,RelationalOperatorReplacement,if (sql == null) {,if (sql != null) {,191,
org/apache/commons/dbutils/QueryRunner.java,471,RelationalOperatorReplacement,if (conn == null) {,if (conn != null) {,192,
org/apache/commons/dbutils/QueryRunner.java,399,RelationalOperatorReplacement,if (params != null && params.length > 0) {,if (params != null && params.length <= 0) {,193,
org/apache/commons/dbutils/QueryRunner.java,399,RelationalOperatorReplacement,if (params != null && params.length > 0) {,if (params == null && params.length > 0) {,194,
org/apache/commons/dbutils/QueryRunner.java,391,RelationalOperatorReplacement,if (rsh == null) {,if (rsh != null) {,195,
org/apache/commons/dbutils/QueryRunner.java,387,RelationalOperatorReplacement,if (sql == null) {,if (sql != null) {,196,
org/apache/commons/dbutils/QueryRunner.java,383,RelationalOperatorReplacement,if (conn == null) {,if (conn != null) {,197,
org/apache/commons/dbutils/QueryRunner.java,267,RelationalOperatorReplacement,if (rsh == null) {,if (rsh != null) {,198,
org/apache/commons/dbutils/QueryRunner.java,263,RelationalOperatorReplacement,if (sql == null) {,if (sql != null) {,199,
org/apache/commons/dbutils/QueryRunner.java,682,NullifyReturnValue,"return this.<T>query(conn, sql, rsh, (Object[]) null);",return null;,2,
org/apache/commons/dbutils/QueryRunner.java,715,RemoveNullCheck,if (params != null) {,if (true) {,20,
org/apache/commons/dbutils/QueryRunner.java,259,RelationalOperatorReplacement,if (conn == null) {,if (conn != null) {,200,
org/apache/commons/dbutils/QueryRunner.java,212,RelationalOperatorReplacement,if (sql == null) {,if (sql != null) {,201,
org/apache/commons/dbutils/QueryRunner.java,208,RelationalOperatorReplacement,if (conn == null) {,if (conn != null) {,202,
org/apache/commons/dbutils/QueryRunner.java,141,RelationalOperatorReplacement,if (params == null) {,if (params != null) {,203,
org/apache/commons/dbutils/QueryRunner.java,137,RelationalOperatorReplacement,if (sql == null) {,if (sql != null) {,204,
org/apache/commons/dbutils/QueryRunner.java,133,RelationalOperatorReplacement,if (conn == null) {,if (conn != null) {,205,
org/apache/commons/dbutils/QueryRunner.java,602,RemoveNullCheck,if (params != null && params.length > 0) {,if (true && params.length > 0) {,21,
org/apache/commons/dbutils/QueryRunner.java,593,RemoveNullCheck,if (rsh == null) {,if (false) {,22,
org/apache/commons/dbutils/QueryRunner.java,589,RemoveNullCheck,if (sql == null) {,if (false) {,23,
org/apache/commons/dbutils/QueryRunner.java,585,RemoveNullCheck,if (conn == null) {,if (false) {,24,
org/apache/commons/dbutils/QueryRunner.java,479,RemoveNullCheck,if (params == null) {,if (false) {,25,
org/apache/commons/dbutils/QueryRunner.java,475,RemoveNullCheck,if (sql == null) {,if (false) {,26,
org/apache/commons/dbutils/QueryRunner.java,471,RemoveNullCheck,if (conn == null) {,if (false) {,27,
org/apache/commons/dbutils/QueryRunner.java,399,RemoveNullCheck,if (params != null && params.length > 0) {,if (true && params.length > 0) {,28,
org/apache/commons/dbutils/QueryRunner.java,391,RemoveNullCheck,if (rsh == null) {,if (false) {,29,
org/apache/commons/dbutils/QueryRunner.java,664,NullifyReturnValue,"return this.<T>query(conn, sql, rsh, params);",return null;,3,
org/apache/commons/dbutils/QueryRunner.java,387,RemoveNullCheck,if (sql == null) {,if (false) {,30,
org/apache/commons/dbutils/QueryRunner.java,383,RemoveNullCheck,if (conn == null) {,if (false) {,31,
org/apache/commons/dbutils/QueryRunner.java,267,RemoveNullCheck,if (rsh == null) {,if (false) {,32,
org/apache/commons/dbutils/QueryRunner.java,263,RemoveNullCheck,if (sql == null) {,if (false) {,33,
org/apache/commons/dbutils/QueryRunner.java,259,RemoveNullCheck,if (conn == null) {,if (false) {,34,
org/apache/commons/dbutils/QueryRunner.java,212,RemoveNullCheck,if (sql == null) {,if (false) {,35,
org/apache/commons/dbutils/QueryRunner.java,208,RemoveNullCheck,if (conn == null) {,if (false) {,36,
org/apache/commons/dbutils/QueryRunner.java,141,RemoveNullCheck,if (params == null) {,if (false) {,37,
org/apache/commons/dbutils/QueryRunner.java,137,RemoveNullCheck,if (sql == null) {,if (false) {,38,
org/apache/commons/dbutils/QueryRunner.java,133,RemoveNullCheck,if (conn == null) {,if (false) {,39,
org/apache/commons/dbutils/QueryRunner.java,641,NullifyReturnValue,"return this.<T>query(conn, sql, rsh, param);",return null;,4,
org/apache/commons/dbutils/QueryRunner.java,773,ConditionalOperatorReplacement,if (params != null && params.length > 0) {,if (params != null || params.length > 0) {,40,
org/apache/commons/dbutils/QueryRunner.java,602,ConditionalOperatorReplacement,if (params != null && params.length > 0) {,if (params != null || params.length > 0) {,41,
org/apache/commons/dbutils/QueryRunner.java,399,ConditionalOperatorReplacement,if (params != null && params.length > 0) {,if (params != null || params.length > 0) {,42,
org/apache/commons/dbutils/QueryRunner.java,718,ArithmeticOperatorReplacementBinary,"((OutParameter<?>) params[i]).setValue(stmt, i + 1);","((OutParameter<?>) params[i]).setValue(stmt, i - 1);",43,
org/apache/commons/dbutils/QueryRunner.java,840,NullifyInputVariable,"public int update(final String sql, final Object... params) throws SQLException {","public int update(final String sql, final Object... params) throws SQLException { params = null;",44,
org/apache/commons/dbutils/QueryRunner.java,840,NullifyInputVariable,"public int update(final String sql, final Object... params) throws SQLException {","public int update(final String sql, final Object... params) throws SQLException { sql = null;",45,
org/apache/commons/dbutils/QueryRunner.java,822,NullifyInputVariable,"public int update(final String sql, final Object param) throws SQLException {","public int update(final String sql, final Object param) throws SQLException { param = null;",46,
org/apache/commons/dbutils/QueryRunner.java,822,NullifyInputVariable,"public int update(final String sql, final Object param) throws SQLException {","public int update(final String sql, final Object param) throws SQLException { sql = null;",47,
org/apache/commons/dbutils/QueryRunner.java,804,NullifyInputVariable,public int update(final String sql) throws SQLException {,public int update(final String sql) throws SQLException { sql = null;,48,
org/apache/commons/dbutils/QueryRunner.java,760,NullifyInputVariable,"public int update(final Connection conn, final String sql, final Object... params) throws SQLException {","public int update(final Connection conn, final String sql, final Object... params) throws SQLException { params = null;",49,
org/apache/commons/dbutils/QueryRunner.java,621,NullifyReturnValue,return result;,return null;,5,
org/apache/commons/dbutils/QueryRunner.java,760,NullifyInputVariable,"public int update(final Connection conn, final String sql, final Object... params) throws SQLException {","public int update(final Connection conn, final String sql, final Object... params) throws SQLException { sql = null;",50,
org/apache/commons/dbutils/QueryRunner.java,760,NullifyInputVariable,"public int update(final Connection conn, final String sql, final Object... params) throws SQLException {","public int update(final Connection conn, final String sql, final Object... params) throws SQLException { conn = null;",51,
org/apache/commons/dbutils/QueryRunner.java,747,NullifyInputVariable,"public int update(final Connection conn, final String sql, final Object param) throws SQLException {","public int update(final Connection conn, final String sql, final Object param) throws SQLException { param = null;",52,
org/apache/commons/dbutils/QueryRunner.java,747,NullifyInputVariable,"public int update(final Connection conn, final String sql, final Object param) throws SQLException {","public int update(final Connection conn, final String sql, final Object param) throws SQLException { sql = null;",53,
org/apache/commons/dbutils/QueryRunner.java,747,NullifyInputVariable,"public int update(final Connection conn, final String sql, final Object param) throws SQLException {","public int update(final Connection conn, final String sql, final Object param) throws SQLException { conn = null;",54,
org/apache/commons/dbutils/QueryRunner.java,733,NullifyInputVariable,"public int update(final Connection conn, final String sql) throws SQLException {","public int update(final Connection conn, final String sql) throws SQLException { sql = null;",55,
org/apache/commons/dbutils/QueryRunner.java,733,NullifyInputVariable,"public int update(final Connection conn, final String sql) throws SQLException {","public int update(final Connection conn, final String sql) throws SQLException { conn = null;",56,
org/apache/commons/dbutils/QueryRunner.java,714,NullifyInputVariable,"private void retrieveOutParameters(final CallableStatement stmt, final Object[] params) throws SQLException {","private void retrieveOutParameters(final CallableStatement stmt, final Object[] params) throws SQLException { params = null;",57,
org/apache/commons/dbutils/QueryRunner.java,714,NullifyInputVariable,"private void retrieveOutParameters(final CallableStatement stmt, final Object[] params) throws SQLException {","private void retrieveOutParameters(final CallableStatement stmt, final Object[] params) throws SQLException { stmt = null;",58,
org/apache/commons/dbutils/QueryRunner.java,699,NullifyInputVariable,"public <T> T query(final String sql, final ResultSetHandler<T> rsh, final Object... params) throws SQLException {","public <T> T query(final String sql, final ResultSetHandler<T> rsh, final Object... params) throws SQLException { params = null;",59,
org/apache/commons/dbutils/QueryRunner.java,570,NullifyReturnValue,"return this.<T>query(conn, sql, rsh, (Object[]) null);",return null;,6,
org/apache/commons/dbutils/QueryRunner.java,699,NullifyInputVariable,"public <T> T query(final String sql, final ResultSetHandler<T> rsh, final Object... params) throws SQLException {","public <T> T query(final String sql, final ResultSetHandler<T> rsh, final Object... params) throws SQLException { rsh = null;",60,
org/apache/commons/dbutils/QueryRunner.java,699,NullifyInputVariable,"public <T> T query(final String sql, final ResultSetHandler<T> rsh, final Object... params) throws SQLException {","public <T> T query(final String sql, final ResultSetHandler<T> rsh, final Object... params) throws SQLException { sql = null;",61,
org/apache/commons/dbutils/QueryRunner.java,680,NullifyInputVariable,"public <T> T query(final String sql, final ResultSetHandler<T> rsh) throws SQLException {","public <T> T query(final String sql, final ResultSetHandler<T> rsh) throws SQLException { rsh = null;",62,
org/apache/commons/dbutils/QueryRunner.java,680,NullifyInputVariable,"public <T> T query(final String sql, final ResultSetHandler<T> rsh) throws SQLException {","public <T> T query(final String sql, final ResultSetHandler<T> rsh) throws SQLException { sql = null;",63,
org/apache/commons/dbutils/QueryRunner.java,662,NullifyInputVariable,"public <T> T query(final String sql, final Object[] params, final ResultSetHandler<T> rsh) throws SQLException {","public <T> T query(final String sql, final Object[] params, final ResultSetHandler<T> rsh) throws SQLException { rsh = null;",64,
org/apache/commons/dbutils/QueryRunner.java,662,NullifyInputVariable,"public <T> T query(final String sql, final Object[] params, final ResultSetHandler<T> rsh) throws SQLException {","public <T> T query(final String sql, final Object[] params, final ResultSetHandler<T> rsh) throws SQLException { params = null;",65,
org/apache/commons/dbutils/QueryRunner.java,662,NullifyInputVariable,"public <T> T query(final String sql, final Object[] params, final ResultSetHandler<T> rsh) throws SQLException {","public <T> T query(final String sql, final Object[] params, final ResultSetHandler<T> rsh) throws SQLException { sql = null;",66,
org/apache/commons/dbutils/QueryRunner.java,639,NullifyInputVariable,"public <T> T query(final String sql, final Object param, final ResultSetHandler<T> rsh) throws SQLException {","public <T> T query(final String sql, final Object param, final ResultSetHandler<T> rsh) throws SQLException { rsh = null;",67,
org/apache/commons/dbutils/QueryRunner.java,639,NullifyInputVariable,"public <T> T query(final String sql, final Object param, final ResultSetHandler<T> rsh) throws SQLException {","public <T> T query(final String sql, final Object param, final ResultSetHandler<T> rsh) throws SQLException { param = null;",68,
org/apache/commons/dbutils/QueryRunner.java,639,NullifyInputVariable,"public <T> T query(final String sql, final Object param, final ResultSetHandler<T> rsh) throws SQLException {","public <T> T query(final String sql, final Object param, final ResultSetHandler<T> rsh) throws SQLException { sql = null;",69,
org/apache/commons/dbutils/QueryRunner.java,556,NullifyReturnValue,"return this.<T>query(conn, sql, rsh, params);",return null;,7,
org/apache/commons/dbutils/QueryRunner.java,584,NullifyInputVariable,"public <T> T query(final Connection conn, final String sql, final ResultSetHandler<T> rsh, final Object... params) throws SQLException {","public <T> T query(final Connection conn, final String sql, final ResultSetHandler<T> rsh, final Object... params) throws SQLException { params = null;",70,
org/apache/commons/dbutils/QueryRunner.java,584,NullifyInputVariable,"public <T> T query(final Connection conn, final String sql, final ResultSetHandler<T> rsh, final Object... params) throws SQLException {","public <T> T query(final Connection conn, final String sql, final ResultSetHandler<T> rsh, final Object... params) throws SQLException { rsh = null;",71,
org/apache/commons/dbutils/QueryRunner.java,584,NullifyInputVariable,"public <T> T query(final Connection conn, final String sql, final ResultSetHandler<T> rsh, final Object... params) throws SQLException {","public <T> T query(final Connection conn, final String sql, final ResultSetHandler<T> rsh, final Object... params) throws SQLException { sql = null;",72,
org/apache/commons/dbutils/QueryRunner.java,584,NullifyInputVariable,"public <T> T query(final Connection conn, final String sql, final ResultSetHandler<T> rsh, final Object... params) throws SQLException {","public <T> T query(final Connection conn, final String sql, final ResultSetHandler<T> rsh, final Object... params) throws SQLException { conn = null;",73,
org/apache/commons/dbutils/QueryRunner.java,569,NullifyInputVariable,"public <T> T query(final Connection conn, final String sql, final ResultSetHandler<T> rsh) throws SQLException {","public <T> T query(final Connection conn, final String sql, final ResultSetHandler<T> rsh) throws SQLException { rsh = null;",74,
org/apache/commons/dbutils/QueryRunner.java,569,NullifyInputVariable,"public <T> T query(final Connection conn, final String sql, final ResultSetHandler<T> rsh) throws SQLException {","public <T> T query(final Connection conn, final String sql, final ResultSetHandler<T> rsh) throws SQLException { sql = null;",75,
org/apache/commons/dbutils/QueryRunner.java,569,NullifyInputVariable,"public <T> T query(final Connection conn, final String sql, final ResultSetHandler<T> rsh) throws SQLException {","public <T> T query(final Connection conn, final String sql, final ResultSetHandler<T> rsh) throws SQLException { conn = null;",76,
org/apache/commons/dbutils/QueryRunner.java,555,NullifyInputVariable,"public <T> T query(final Connection conn, final String sql, final Object[] params, final ResultSetHandler<T> rsh) throws SQLException {","public <T> T query(final Connection conn, final String sql, final Object[] params, final ResultSetHandler<T> rsh) throws SQLException { rsh = null;",77,
org/apache/commons/dbutils/QueryRunner.java,555,NullifyInputVariable,"public <T> T query(final Connection conn, final String sql, final Object[] params, final ResultSetHandler<T> rsh) throws SQLException {","public <T> T query(final Connection conn, final String sql, final Object[] params, final ResultSetHandler<T> rsh) throws SQLException { params = null;",78,
org/apache/commons/dbutils/QueryRunner.java,555,NullifyInputVariable,"public <T> T query(final Connection conn, final String sql, final Object[] params, final ResultSetHandler<T> rsh) throws SQLException {","public <T> T query(final Connection conn, final String sql, final Object[] params, final ResultSetHandler<T> rsh) throws SQLException { sql = null;",79,
org/apache/commons/dbutils/QueryRunner.java,539,NullifyReturnValue,"return this.<T>query(conn, sql, rsh, param);",return null;,8,
org/apache/commons/dbutils/QueryRunner.java,555,NullifyInputVariable,"public <T> T query(final Connection conn, final String sql, final Object[] params, final ResultSetHandler<T> rsh) throws SQLException {","public <T> T query(final Connection conn, final String sql, final Object[] params, final ResultSetHandler<T> rsh) throws SQLException { conn = null;",80,
org/apache/commons/dbutils/QueryRunner.java,538,NullifyInputVariable,"public <T> T query(final Connection conn, final String sql, final Object param, final ResultSetHandler<T> rsh) throws SQLException {","public <T> T query(final Connection conn, final String sql, final Object param, final ResultSetHandler<T> rsh) throws SQLException { rsh = null;",81,
org/apache/commons/dbutils/QueryRunner.java,538,NullifyInputVariable,"public <T> T query(final Connection conn, final String sql, final Object param, final ResultSetHandler<T> rsh) throws SQLException {","public <T> T query(final Connection conn, final String sql, final Object param, final ResultSetHandler<T> rsh) throws SQLException { param = null;",82,
org/apache/commons/dbutils/QueryRunner.java,538,NullifyInputVariable,"public <T> T query(final Connection conn, final String sql, final Object param, final ResultSetHandler<T> rsh) throws SQLException {","public <T> T query(final Connection conn, final String sql, final Object param, final ResultSetHandler<T> rsh) throws SQLException { sql = null;",83,
org/apache/commons/dbutils/QueryRunner.java,538,NullifyInputVariable,"public <T> T query(final Connection conn, final String sql, final Object param, final ResultSetHandler<T> rsh) throws SQLException {","public <T> T query(final Connection conn, final String sql, final Object param, final ResultSetHandler<T> rsh) throws SQLException { conn = null;",84,
org/apache/commons/dbutils/QueryRunner.java,519,NullifyInputVariable,"public <T> T insertBatch(final String sql, final ResultSetHandler<T> rsh, final Object[][] params) throws SQLException {","public <T> T insertBatch(final String sql, final ResultSetHandler<T> rsh, final Object[][] params) throws SQLException { params = null;",85,
org/apache/commons/dbutils/QueryRunner.java,519,NullifyInputVariable,"public <T> T insertBatch(final String sql, final ResultSetHandler<T> rsh, final Object[][] params) throws SQLException {","public <T> T insertBatch(final String sql, final ResultSetHandler<T> rsh, final Object[][] params) throws SQLException { rsh = null;",86,
org/apache/commons/dbutils/QueryRunner.java,519,NullifyInputVariable,"public <T> T insertBatch(final String sql, final ResultSetHandler<T> rsh, final Object[][] params) throws SQLException {","public <T> T insertBatch(final String sql, final ResultSetHandler<T> rsh, final Object[][] params) throws SQLException { sql = null;",87,
org/apache/commons/dbutils/QueryRunner.java,470,NullifyInputVariable,"public <T> T insertBatch(final Connection conn, final String sql, final ResultSetHandler<T> rsh, final Object[][] params) throws SQLException {","public <T> T insertBatch(final Connection conn, final String sql, final ResultSetHandler<T> rsh, final Object[][] params) throws SQLException { params = null;",88,
org/apache/commons/dbutils/QueryRunner.java,470,NullifyInputVariable,"public <T> T insertBatch(final Connection conn, final String sql, final ResultSetHandler<T> rsh, final Object[][] params) throws SQLException {","public <T> T insertBatch(final Connection conn, final String sql, final ResultSetHandler<T> rsh, final Object[][] params) throws SQLException { rsh = null;",89,
org/apache/commons/dbutils/QueryRunner.java,521,NullifyReturnValue,"return insertBatch(conn, sql, rsh, params);",return null;,9,
org/apache/commons/dbutils/QueryRunner.java,470,NullifyInputVariable,"public <T> T insertBatch(final Connection conn, final String sql, final ResultSetHandler<T> rsh, final Object[][] params) throws SQLException {","public <T> T insertBatch(final Connection conn, final String sql, final ResultSetHandler<T> rsh, final Object[][] params) throws SQLException { sql = null;",90,
org/apache/commons/dbutils/QueryRunner.java,470,NullifyInputVariable,"public <T> T insertBatch(final Connection conn, final String sql, final ResultSetHandler<T> rsh, final Object[][] params) throws SQLException {","public <T> T insertBatch(final Connection conn, final String sql, final ResultSetHandler<T> rsh, final Object[][] params) throws SQLException { conn = null;",91,
org/apache/commons/dbutils/QueryRunner.java,452,NullifyInputVariable,"public <T> T insert(final String sql, final ResultSetHandler<T> rsh, final Object... params) throws SQLException {","public <T> T insert(final String sql, final ResultSetHandler<T> rsh, final Object... params) throws SQLException { params = null;",92,
org/apache/commons/dbutils/QueryRunner.java,452,NullifyInputVariable,"public <T> T insert(final String sql, final ResultSetHandler<T> rsh, final Object... params) throws SQLException {","public <T> T insert(final String sql, final ResultSetHandler<T> rsh, final Object... params) throws SQLException { rsh = null;",93,
org/apache/commons/dbutils/QueryRunner.java,452,NullifyInputVariable,"public <T> T insert(final String sql, final ResultSetHandler<T> rsh, final Object... params) throws SQLException {","public <T> T insert(final String sql, final ResultSetHandler<T> rsh, final Object... params) throws SQLException { sql = null;",94,
org/apache/commons/dbutils/QueryRunner.java,432,NullifyInputVariable,"public <T> T insert(final String sql, final ResultSetHandler<T> rsh) throws SQLException {","public <T> T insert(final String sql, final ResultSetHandler<T> rsh) throws SQLException { rsh = null;",95,
org/apache/commons/dbutils/QueryRunner.java,432,NullifyInputVariable,"public <T> T insert(final String sql, final ResultSetHandler<T> rsh) throws SQLException {","public <T> T insert(final String sql, final ResultSetHandler<T> rsh) throws SQLException { sql = null;",96,
org/apache/commons/dbutils/QueryRunner.java,382,NullifyInputVariable,"public <T> T insert(final Connection conn, final String sql, final ResultSetHandler<T> rsh, final Object... params) throws SQLException {","public <T> T insert(final Connection conn, final String sql, final ResultSetHandler<T> rsh, final Object... params) throws SQLException { params = null;",97,
org/apache/commons/dbutils/QueryRunner.java,382,NullifyInputVariable,"public <T> T insert(final Connection conn, final String sql, final ResultSetHandler<T> rsh, final Object... params) throws SQLException {","public <T> T insert(final Connection conn, final String sql, final ResultSetHandler<T> rsh, final Object... params) throws SQLException { rsh = null;",98,
org/apache/commons/dbutils/QueryRunner.java,382,NullifyInputVariable,"public <T> T insert(final Connection conn, final String sql, final ResultSetHandler<T> rsh, final Object... params) throws SQLException {","public <T> T insert(final Connection conn, final String sql, final ResultSetHandler<T> rsh, final Object... params) throws SQLException { sql = null;",99,
org/apache/commons/dbutils/ResultSetIterator.java,106,NullifyReturnValue,return null;,return null;,1,
org/apache/commons/dbutils/ResultSetIterator.java,130,RemoveMethod,protected void rethrow(final SQLException e) {,protected void rethrow(final SQLException e) {,10,
org/apache/commons/dbutils/ResultSetIterator.java,116,RemoveMethod,public void remove() {,public void remove() {,11,
org/apache/commons/dbutils/ResultSetIterator.java,100,RemoveMethod,public Object[] next() {,public Object[] next() {,12,
org/apache/commons/dbutils/ResultSetIterator.java,83,RemoveMethod,public boolean hasNext() {,public boolean hasNext() {,13,
org/apache/commons/dbutils/ResultSetIterator.java,83,RemoveMethod,public boolean hasNext() {,public boolean hasNext() {,14,
org/apache/commons/dbutils/ResultSetIterator.java,43,RemoveMethod,public static Iterable<Object[]> iterable(final ResultSet resultSet) {,public static Iterable<Object[]> iterable(final ResultSet resultSet) {,15,
org/apache/commons/dbutils/ResultSetIterator.java,103,NullifyReturnValue,return this.convert.toArray(resultSet);,return null;,2,
org/apache/commons/dbutils/ResultSetIterator.java,44,NullifyReturnValue,return () -> new ResultSetIterator(resultSet);,return null;,3,
org/apache/commons/dbutils/ResultSetIterator.java,85,ConditionalOperatorDeletion,return !resultSet.isLast();,return resultSet.isLast();,4,
org/apache/commons/dbutils/ResultSetIterator.java,130,NullifyInputVariable,protected void rethrow(final SQLException e) {,protected void rethrow(final SQLException e) { e = null;,5,
org/apache/commons/dbutils/ResultSetIterator.java,43,NullifyInputVariable,public static Iterable<Object[]> iterable(final ResultSet resultSet) {,public static Iterable<Object[]> iterable(final ResultSet resultSet) { resultSet = null;,6,
org/apache/commons/dbutils/ResultSetIterator.java,131,NullifyObjectInitialization,throw new RuntimeException(e.getMessage());,throw null;,7,
org/apache/commons/dbutils/ResultSetIterator.java,62,NullifyObjectInitialization,"this(resultSet, new BasicRowProcessor());","this(resultSet, null);",8,
org/apache/commons/dbutils/ResultSetIterator.java,44,NullifyObjectInitialization,return () -> new ResultSetIterator(resultSet);,return () -> null;,9,
org/apache/commons/dbutils/StatementConfiguration.java,206,NullifyReturnValue,return queryTimeout;,return null;,1,
org/apache/commons/dbutils/StatementConfiguration.java,69,NullifyReturnValue,return this;,return null;,10,
org/apache/commons/dbutils/StatementConfiguration.java,59,NullifyReturnValue,return this;,return null;,11,
org/apache/commons/dbutils/StatementConfiguration.java,49,NullifyReturnValue,return this;,return null;,12,
org/apache/commons/dbutils/StatementConfiguration.java,39,NullifyReturnValue,"return new StatementConfiguration(fetchDirection, fetchSize, maxFieldSize, maxRows, queryTimeout);",return null;,13,
org/apache/commons/dbutils/StatementConfiguration.java,251,RemoveNullCheck,return queryTimeout != null;,return true;,14,
org/apache/commons/dbutils/StatementConfiguration.java,242,RemoveNullCheck,return maxRows != null;,return true;,15,
org/apache/commons/dbutils/StatementConfiguration.java,233,RemoveNullCheck,return maxFieldSize != null;,return true;,16,
org/apache/commons/dbutils/StatementConfiguration.java,224,RemoveNullCheck,return fetchSize != null;,return true;,17,
org/apache/commons/dbutils/StatementConfiguration.java,215,RemoveNullCheck,return fetchDirection != null;,return true;,18,
org/apache/commons/dbutils/StatementConfiguration.java,196,RemoveNullCheck,return queryTimeout != null ? (int) queryTimeout.getSeconds() : null;,return true ? (int) queryTimeout.getSeconds() : null;,19,
org/apache/commons/dbutils/StatementConfiguration.java,196,NullifyReturnValue,return queryTimeout != null ? (int) queryTimeout.getSeconds() : null;,return null;,2,
org/apache/commons/dbutils/StatementConfiguration.java,129,RemoveNullCheck,if (queryTimeout != null && queryTimeout.getSeconds() > Integer.MAX_VALUE) {,if (true && queryTimeout.getSeconds() > Integer.MAX_VALUE) {,20,
org/apache/commons/dbutils/StatementConfiguration.java,101,RemoveNullCheck,this.queryTimeout = queryTimeout != null ? Duration.ofSeconds(queryTimeout) : null;,this.queryTimeout = true ? Duration.ofSeconds(queryTimeout) : null;,21,
org/apache/commons/dbutils/StatementConfiguration.java,129,ConditionalOperatorReplacement,if (queryTimeout != null && queryTimeout.getSeconds() > Integer.MAX_VALUE) {,if (queryTimeout != null || queryTimeout.getSeconds() > Integer.MAX_VALUE) {,22,
org/apache/commons/dbutils/StatementConfiguration.java,100,NullifyInputVariable,public Builder queryTimeout(final Integer queryTimeout) {,public Builder queryTimeout(final Integer queryTimeout) { queryTimeout = null;,23,
org/apache/commons/dbutils/StatementConfiguration.java,88,NullifyInputVariable,public Builder queryTimeout(final Duration queryTimeout) {,public Builder queryTimeout(final Duration queryTimeout) { queryTimeout = null;,24,
org/apache/commons/dbutils/StatementConfiguration.java,77,NullifyInputVariable,public Builder maxRows(final Integer maxRows) {,public Builder maxRows(final Integer maxRows) { maxRows = null;,25,
org/apache/commons/dbutils/StatementConfiguration.java,67,NullifyInputVariable,public Builder maxFieldSize(final Integer maxFieldSize) {,public Builder maxFieldSize(final Integer maxFieldSize) { maxFieldSize = null;,26,
org/apache/commons/dbutils/StatementConfiguration.java,57,NullifyInputVariable,public Builder fetchSize(final Integer fetchSize) {,public Builder fetchSize(final Integer fetchSize) { fetchSize = null;,27,
org/apache/commons/dbutils/StatementConfiguration.java,47,NullifyInputVariable,public Builder fetchDirection(final Integer fetchDirection) {,public Builder fetchDirection(final Integer fetchDirection) { fetchDirection = null;,28,
org/apache/commons/dbutils/StatementConfiguration.java,130,NullifyObjectInitialization,"throw new IllegalArgumentException(String.format(""queryTimeout overflow: %d > %,d"", queryTimeout.getSeconds(), Integer.MAX_VALUE));",throw null;,29,
org/apache/commons/dbutils/StatementConfiguration.java,185,NullifyReturnValue,return maxRows;,return null;,3,
org/apache/commons/dbutils/StatementConfiguration.java,39,NullifyObjectInitialization,"return new StatementConfiguration(fetchDirection, fetchSize, maxFieldSize, maxRows, queryTimeout);",return null;,30,
org/apache/commons/dbutils/StatementConfiguration.java,250,RemoveMethod,public boolean isQueryTimeoutSet() {,public boolean isQueryTimeoutSet() {,31,
org/apache/commons/dbutils/StatementConfiguration.java,250,RemoveMethod,public boolean isQueryTimeoutSet() {,public boolean isQueryTimeoutSet() {,32,
org/apache/commons/dbutils/StatementConfiguration.java,241,RemoveMethod,public boolean isMaxRowsSet() {,public boolean isMaxRowsSet() {,33,
org/apache/commons/dbutils/StatementConfiguration.java,241,RemoveMethod,public boolean isMaxRowsSet() {,public boolean isMaxRowsSet() {,34,
org/apache/commons/dbutils/StatementConfiguration.java,232,RemoveMethod,public boolean isMaxFieldSizeSet() {,public boolean isMaxFieldSizeSet() {,35,
org/apache/commons/dbutils/StatementConfiguration.java,232,RemoveMethod,public boolean isMaxFieldSizeSet() {,public boolean isMaxFieldSizeSet() {,36,
org/apache/commons/dbutils/StatementConfiguration.java,223,RemoveMethod,public boolean isFetchSizeSet() {,public boolean isFetchSizeSet() {,37,
org/apache/commons/dbutils/StatementConfiguration.java,223,RemoveMethod,public boolean isFetchSizeSet() {,public boolean isFetchSizeSet() {,38,
org/apache/commons/dbutils/StatementConfiguration.java,214,RemoveMethod,public boolean isFetchDirectionSet() {,public boolean isFetchDirectionSet() {,39,
org/apache/commons/dbutils/StatementConfiguration.java,176,NullifyReturnValue,return maxFieldSize;,return null;,4,
org/apache/commons/dbutils/StatementConfiguration.java,214,RemoveMethod,public boolean isFetchDirectionSet() {,public boolean isFetchDirectionSet() {,40,
org/apache/commons/dbutils/StatementConfiguration.java,205,RemoveMethod,public Duration getQueryTimeoutDuration() {,public Duration getQueryTimeoutDuration() {,41,
org/apache/commons/dbutils/StatementConfiguration.java,195,RemoveMethod,public Integer getQueryTimeout() {,public Integer getQueryTimeout() {,42,
org/apache/commons/dbutils/StatementConfiguration.java,184,RemoveMethod,public Integer getMaxRows() {,public Integer getMaxRows() {,43,
org/apache/commons/dbutils/StatementConfiguration.java,175,RemoveMethod,public Integer getMaxFieldSize() {,public Integer getMaxFieldSize() {,44,
org/apache/commons/dbutils/StatementConfiguration.java,166,RemoveMethod,public Integer getFetchSize() {,public Integer getFetchSize() {,45,
org/apache/commons/dbutils/StatementConfiguration.java,157,RemoveMethod,public Integer getFetchDirection() {,public Integer getFetchDirection() {,46,
org/apache/commons/dbutils/StatementConfiguration.java,100,RemoveMethod,public Builder queryTimeout(final Integer queryTimeout) {,public Builder queryTimeout(final Integer queryTimeout) {,47,
org/apache/commons/dbutils/StatementConfiguration.java,88,RemoveMethod,public Builder queryTimeout(final Duration queryTimeout) {,public Builder queryTimeout(final Duration queryTimeout) {,48,
org/apache/commons/dbutils/StatementConfiguration.java,77,RemoveMethod,public Builder maxRows(final Integer maxRows) {,public Builder maxRows(final Integer maxRows) {,49,
org/apache/commons/dbutils/StatementConfiguration.java,167,NullifyReturnValue,return fetchSize;,return null;,5,
org/apache/commons/dbutils/StatementConfiguration.java,67,RemoveMethod,public Builder maxFieldSize(final Integer maxFieldSize) {,public Builder maxFieldSize(final Integer maxFieldSize) {,50,
org/apache/commons/dbutils/StatementConfiguration.java,57,RemoveMethod,public Builder fetchSize(final Integer fetchSize) {,public Builder fetchSize(final Integer fetchSize) {,51,
org/apache/commons/dbutils/StatementConfiguration.java,47,RemoveMethod,public Builder fetchDirection(final Integer fetchDirection) {,public Builder fetchDirection(final Integer fetchDirection) {,52,
org/apache/commons/dbutils/StatementConfiguration.java,38,RemoveMethod,public StatementConfiguration build() {,public StatementConfiguration build() {,53,
org/apache/commons/dbutils/StatementConfiguration.java,251,RelationalOperatorReplacement,return queryTimeout != null;,return queryTimeout == null;,54,
org/apache/commons/dbutils/StatementConfiguration.java,242,RelationalOperatorReplacement,return maxRows != null;,return maxRows == null;,55,
org/apache/commons/dbutils/StatementConfiguration.java,233,RelationalOperatorReplacement,return maxFieldSize != null;,return maxFieldSize == null;,56,
org/apache/commons/dbutils/StatementConfiguration.java,224,RelationalOperatorReplacement,return fetchSize != null;,return fetchSize == null;,57,
org/apache/commons/dbutils/StatementConfiguration.java,215,RelationalOperatorReplacement,return fetchDirection != null;,return fetchDirection == null;,58,
org/apache/commons/dbutils/StatementConfiguration.java,196,RelationalOperatorReplacement,return queryTimeout != null ? (int) queryTimeout.getSeconds() : null;,return queryTimeout == null ? (int) queryTimeout.getSeconds() : null;,59,
org/apache/commons/dbutils/StatementConfiguration.java,158,NullifyReturnValue,return fetchDirection;,return null;,6,
org/apache/commons/dbutils/StatementConfiguration.java,129,RelationalOperatorReplacement,if (queryTimeout != null && queryTimeout.getSeconds() > Integer.MAX_VALUE) {,if (queryTimeout != null && queryTimeout.getSeconds() <= Integer.MAX_VALUE) {,60,
org/apache/commons/dbutils/StatementConfiguration.java,129,RelationalOperatorReplacement,if (queryTimeout != null && queryTimeout.getSeconds() > Integer.MAX_VALUE) {,if (queryTimeout == null && queryTimeout.getSeconds() > Integer.MAX_VALUE) {,61,
org/apache/commons/dbutils/StatementConfiguration.java,101,RelationalOperatorReplacement,this.queryTimeout = queryTimeout != null ? Duration.ofSeconds(queryTimeout) : null;,this.queryTimeout = queryTimeout == null ? Duration.ofSeconds(queryTimeout) : null;,62,
org/apache/commons/dbutils/StatementConfiguration.java,102,NullifyReturnValue,return this;,return null;,7,
org/apache/commons/dbutils/StatementConfiguration.java,90,NullifyReturnValue,return this;,return null;,8,
org/apache/commons/dbutils/StatementConfiguration.java,79,NullifyReturnValue,return this;,return null;,9,
org/apache/commons/dbutils/handlers/AbstractKeyedHandler.java,83,NullifyReturnValue,return result;,return null;,1,
org/apache/commons/dbutils/handlers/AbstractKeyedHandler.java,57,NullifyReturnValue,return new HashMap<>();,return null;,2,
org/apache/commons/dbutils/handlers/AbstractKeyedHandler.java,78,NullifyInputVariable,"public Map<K, V> handle(final ResultSet resultSet) throws SQLException {","public Map<K, V> handle(final ResultSet resultSet) throws SQLException { resultSet = null;",3,
org/apache/commons/dbutils/handlers/AbstractKeyedHandler.java,57,NullifyObjectInitialization,return new HashMap<>();,return null;,4,
org/apache/commons/dbutils/handlers/AbstractKeyedHandler.java,78,RemoveMethod,"public Map<K, V> handle(final ResultSet resultSet) throws SQLException {","public Map<K, V> handle(final ResultSet resultSet) throws SQLException {",5,
org/apache/commons/dbutils/handlers/AbstractKeyedHandler.java,56,RemoveMethod,"protected Map<K, V> createMap() {","protected Map<K, V> createMap() {",6,
org/apache/commons/dbutils/handlers/AbstractListHandler.java,51,NullifyReturnValue,return rows;,return null;,1,
org/apache/commons/dbutils/handlers/AbstractListHandler.java,46,NullifyInputVariable,public List<T> handle(final ResultSet resultSet) throws SQLException {,public List<T> handle(final ResultSet resultSet) throws SQLException { resultSet = null;,2,
org/apache/commons/dbutils/handlers/AbstractListHandler.java,47,NullifyObjectInitialization,final List<T> rows = new ArrayList<>();,final List<T> rows = null;,3,
org/apache/commons/dbutils/handlers/AbstractListHandler.java,46,RemoveMethod,public List<T> handle(final ResultSet resultSet) throws SQLException {,public List<T> handle(final ResultSet resultSet) throws SQLException {,4,
org/apache/commons/dbutils/handlers/ArrayHandler.java,82,NullifyReturnValue,return resultSet.next() ? this.convert.toArray(resultSet) : EMPTY_ARRAY;,return null;,1,
org/apache/commons/dbutils/handlers/ArrayHandler.java,81,NullifyInputVariable,public Object[] handle(final ResultSet resultSet) throws SQLException {,public Object[] handle(final ResultSet resultSet) throws SQLException { resultSet = null;,2,
org/apache/commons/dbutils/handlers/ArrayHandler.java,40,NullifyObjectInitialization,static final RowProcessor ROW_PROCESSOR = new BasicRowProcessor();,static final RowProcessor ROW_PROCESSOR = null;,3,
org/apache/commons/dbutils/handlers/ArrayHandler.java,81,RemoveMethod,public Object[] handle(final ResultSet resultSet) throws SQLException {,public Object[] handle(final ResultSet resultSet) throws SQLException {,4,
org/apache/commons/dbutils/handlers/ArrayListHandler.java,68,NullifyReturnValue,return this.convert.toArray(resultSet);,return null;,1,
org/apache/commons/dbutils/handlers/ArrayListHandler.java,67,NullifyInputVariable,protected Object[] handleRow(final ResultSet resultSet) throws SQLException {,protected Object[] handleRow(final ResultSet resultSet) throws SQLException { resultSet = null;,2,
org/apache/commons/dbutils/handlers/ArrayListHandler.java,67,RemoveMethod,protected Object[] handleRow(final ResultSet resultSet) throws SQLException {,protected Object[] handleRow(final ResultSet resultSet) throws SQLException {,3,
org/apache/commons/dbutils/handlers/BeanHandler.java,80,NullifyReturnValue,"return resultSet.next() ? this.convert.toBean(resultSet, this.type) : null;",return null;,1,
org/apache/commons/dbutils/handlers/BeanHandler.java,79,NullifyInputVariable,public T handle(final ResultSet resultSet) throws SQLException {,public T handle(final ResultSet resultSet) throws SQLException { resultSet = null;,2,
org/apache/commons/dbutils/handlers/BeanHandler.java,79,RemoveMethod,public T handle(final ResultSet resultSet) throws SQLException {,public T handle(final ResultSet resultSet) throws SQLException {,3,
org/apache/commons/dbutils/handlers/BeanListHandler.java,83,NullifyReturnValue,"return this.convert.toBeanList(resultSet, type);",return null;,1,
org/apache/commons/dbutils/handlers/BeanListHandler.java,82,NullifyInputVariable,public List<T> handle(final ResultSet resultSet) throws SQLException {,public List<T> handle(final ResultSet resultSet) throws SQLException { resultSet = null;,2,
org/apache/commons/dbutils/handlers/BeanListHandler.java,82,RemoveMethod,public List<T> handle(final ResultSet resultSet) throws SQLException {,public List<T> handle(final ResultSet resultSet) throws SQLException {,3,
org/apache/commons/dbutils/handlers/BeanMapHandler.java,181,NullifyReturnValue,"return this.convert.toBean(resultSet, type);",return null;,1,
org/apache/commons/dbutils/handlers/BeanMapHandler.java,174,NullifyReturnValue,return columnName == null ?,return null;,2,
org/apache/commons/dbutils/handlers/BeanMapHandler.java,174,RemoveNullCheck,return columnName == null ?,return false ?,3,
org/apache/commons/dbutils/handlers/BeanMapHandler.java,180,NullifyInputVariable,protected V createRow(final ResultSet resultSet) throws SQLException {,protected V createRow(final ResultSet resultSet) throws SQLException { resultSet = null;,4,
org/apache/commons/dbutils/handlers/BeanMapHandler.java,173,NullifyInputVariable,protected K createKey(final ResultSet resultSet) throws SQLException {,protected K createKey(final ResultSet resultSet) throws SQLException { resultSet = null;,5,
org/apache/commons/dbutils/handlers/BeanMapHandler.java,180,RemoveMethod,protected V createRow(final ResultSet resultSet) throws SQLException {,protected V createRow(final ResultSet resultSet) throws SQLException {,6,
org/apache/commons/dbutils/handlers/BeanMapHandler.java,173,RemoveMethod,protected K createKey(final ResultSet resultSet) throws SQLException {,protected K createKey(final ResultSet resultSet) throws SQLException {,7,
org/apache/commons/dbutils/handlers/BeanMapHandler.java,174,RelationalOperatorReplacement,return columnName == null ?,return columnName != null ?,8,
org/apache/commons/dbutils/handlers/ColumnListHandler.java,101,NullifyReturnValue,return (T) resultSet.getObject(this.columnName);,return null;,1,
org/apache/commons/dbutils/handlers/ColumnListHandler.java,99,NullifyReturnValue,return (T) resultSet.getObject(this.columnIndex);,return null;,2,
org/apache/commons/dbutils/handlers/ColumnListHandler.java,98,RemoveNullCheck,if (this.columnName == null) {,if (false) {,3,
org/apache/commons/dbutils/handlers/ColumnListHandler.java,97,NullifyInputVariable,protected T handleRow(final ResultSet resultSet) throws SQLException {,protected T handleRow(final ResultSet resultSet) throws SQLException { resultSet = null;,4,
org/apache/commons/dbutils/handlers/ColumnListHandler.java,97,RemoveMethod,protected T handleRow(final ResultSet resultSet) throws SQLException {,protected T handleRow(final ResultSet resultSet) throws SQLException {,5,
org/apache/commons/dbutils/handlers/ColumnListHandler.java,98,RelationalOperatorReplacement,if (this.columnName == null) {,if (this.columnName != null) {,6,
org/apache/commons/dbutils/handlers/KeyedHandler.java,157,NullifyReturnValue,return this.convert.toMap(resultSet);,return null;,1,
org/apache/commons/dbutils/handlers/KeyedHandler.java,140,NullifyReturnValue,return columnName == null ?,return null;,2,
org/apache/commons/dbutils/handlers/KeyedHandler.java,140,RemoveNullCheck,return columnName == null ?,return false ?,3,
org/apache/commons/dbutils/handlers/KeyedHandler.java,156,NullifyInputVariable,"protected Map<String, Object> createRow(final ResultSet resultSet) throws SQLException {","protected Map<String, Object> createRow(final ResultSet resultSet) throws SQLException { resultSet = null;",4,
org/apache/commons/dbutils/handlers/KeyedHandler.java,139,NullifyInputVariable,protected K createKey(final ResultSet rs) throws SQLException {,protected K createKey(final ResultSet rs) throws SQLException { rs = null;,5,
org/apache/commons/dbutils/handlers/KeyedHandler.java,156,RemoveMethod,"protected Map<String, Object> createRow(final ResultSet resultSet) throws SQLException {","protected Map<String, Object> createRow(final ResultSet resultSet) throws SQLException {",6,
org/apache/commons/dbutils/handlers/KeyedHandler.java,139,RemoveMethod,protected K createKey(final ResultSet rs) throws SQLException {,protected K createKey(final ResultSet rs) throws SQLException {,7,
org/apache/commons/dbutils/handlers/KeyedHandler.java,140,RelationalOperatorReplacement,return columnName == null ?,return columnName != null ?,8,
org/apache/commons/dbutils/handlers/MapHandler.java,72,NullifyReturnValue,return resultSet.next() ? this.convert.toMap(resultSet) : null;,return null;,1,
org/apache/commons/dbutils/handlers/MapHandler.java,71,NullifyInputVariable,"public Map<String, Object> handle(final ResultSet resultSet) throws SQLException {","public Map<String, Object> handle(final ResultSet resultSet) throws SQLException { resultSet = null;",2,
org/apache/commons/dbutils/handlers/MapHandler.java,71,RemoveMethod,"public Map<String, Object> handle(final ResultSet resultSet) throws SQLException {","public Map<String, Object> handle(final ResultSet resultSet) throws SQLException {",3,
org/apache/commons/dbutils/handlers/MapListHandler.java,69,NullifyReturnValue,return this.convert.toMap(resultSet);,return null;,1,
org/apache/commons/dbutils/handlers/MapListHandler.java,68,NullifyInputVariable,"protected Map<String, Object> handleRow(final ResultSet resultSet) throws SQLException {","protected Map<String, Object> handleRow(final ResultSet resultSet) throws SQLException { resultSet = null;",2,
org/apache/commons/dbutils/handlers/MapListHandler.java,68,RemoveMethod,"protected Map<String, Object> handleRow(final ResultSet resultSet) throws SQLException {","protected Map<String, Object> handleRow(final ResultSet resultSet) throws SQLException {",3,
org/apache/commons/dbutils/handlers/ScalarHandler.java,108,NullifyReturnValue,return null;,return null;,1,
org/apache/commons/dbutils/handlers/ScalarHandler.java,106,NullifyReturnValue,return (T) resultSet.getObject(this.columnName);,return null;,2,
org/apache/commons/dbutils/handlers/ScalarHandler.java,104,NullifyReturnValue,return (T) resultSet.getObject(this.columnIndex);,return null;,3,
org/apache/commons/dbutils/handlers/ScalarHandler.java,103,RemoveNullCheck,if (this.columnName == null) {,if (false) {,4,
org/apache/commons/dbutils/handlers/ScalarHandler.java,100,NullifyInputVariable,public T handle(final ResultSet resultSet) throws SQLException {,public T handle(final ResultSet resultSet) throws SQLException { resultSet = null;,5,
org/apache/commons/dbutils/handlers/ScalarHandler.java,100,RemoveMethod,public T handle(final ResultSet resultSet) throws SQLException {,public T handle(final ResultSet resultSet) throws SQLException {,6,
org/apache/commons/dbutils/handlers/ScalarHandler.java,103,RelationalOperatorReplacement,if (this.columnName == null) {,if (this.columnName != null) {,7,
org/apache/commons/dbutils/handlers/columns/BooleanColumnHandler.java,28,NullifyReturnValue,return Boolean.valueOf(resultSet.getBoolean(columnIndex));,return null;,1,
org/apache/commons/dbutils/handlers/columns/BooleanColumnHandler.java,33,ConditionalOperatorReplacement,return propType.equals(Boolean.TYPE) || propType.equals(Boolean.class);,return propType.equals(Boolean.TYPE) && propType.equals(Boolean.class);,2,
org/apache/commons/dbutils/handlers/columns/BooleanColumnHandler.java,32,NullifyInputVariable,public boolean match(final Class<?> propType) {,public boolean match(final Class<?> propType) { propType = null;,3,
org/apache/commons/dbutils/handlers/columns/BooleanColumnHandler.java,27,NullifyInputVariable,"public Boolean apply(final ResultSet resultSet, final int columnIndex) throws SQLException {","public Boolean apply(final ResultSet resultSet, final int columnIndex) throws SQLException { resultSet = null;",4,
org/apache/commons/dbutils/handlers/columns/BooleanColumnHandler.java,32,RemoveMethod,public boolean match(final Class<?> propType) {,public boolean match(final Class<?> propType) {,5,
org/apache/commons/dbutils/handlers/columns/BooleanColumnHandler.java,32,RemoveMethod,public boolean match(final Class<?> propType) {,public boolean match(final Class<?> propType) {,6,
org/apache/commons/dbutils/handlers/columns/BooleanColumnHandler.java,27,RemoveMethod,"public Boolean apply(final ResultSet resultSet, final int columnIndex) throws SQLException {","public Boolean apply(final ResultSet resultSet, final int columnIndex) throws SQLException {",7,
org/apache/commons/dbutils/handlers/columns/ByteColumnHandler.java,28,NullifyReturnValue,return Byte.valueOf(resultSet.getByte(columnIndex));,return null;,1,
org/apache/commons/dbutils/handlers/columns/ByteColumnHandler.java,33,ConditionalOperatorReplacement,return propType.equals(Byte.TYPE) || propType.equals(Byte.class);,return propType.equals(Byte.TYPE) && propType.equals(Byte.class);,2,
org/apache/commons/dbutils/handlers/columns/ByteColumnHandler.java,32,NullifyInputVariable,public boolean match(final Class<?> propType) {,public boolean match(final Class<?> propType) { propType = null;,3,
org/apache/commons/dbutils/handlers/columns/ByteColumnHandler.java,27,NullifyInputVariable,"public Byte apply(final ResultSet resultSet, final int columnIndex) throws SQLException {","public Byte apply(final ResultSet resultSet, final int columnIndex) throws SQLException { resultSet = null;",4,
org/apache/commons/dbutils/handlers/columns/ByteColumnHandler.java,32,RemoveMethod,public boolean match(final Class<?> propType) {,public boolean match(final Class<?> propType) {,5,
org/apache/commons/dbutils/handlers/columns/ByteColumnHandler.java,32,RemoveMethod,public boolean match(final Class<?> propType) {,public boolean match(final Class<?> propType) {,6,
org/apache/commons/dbutils/handlers/columns/ByteColumnHandler.java,27,RemoveMethod,"public Byte apply(final ResultSet resultSet, final int columnIndex) throws SQLException {","public Byte apply(final ResultSet resultSet, final int columnIndex) throws SQLException {",7,
org/apache/commons/dbutils/handlers/columns/DoubleColumnHandler.java,28,NullifyReturnValue,return Double.valueOf(resultSet.getDouble(columnIndex));,return null;,1,
org/apache/commons/dbutils/handlers/columns/DoubleColumnHandler.java,33,ConditionalOperatorReplacement,return propType.equals(Double.TYPE) || propType.equals(Double.class);,return propType.equals(Double.TYPE) && propType.equals(Double.class);,2,
org/apache/commons/dbutils/handlers/columns/DoubleColumnHandler.java,32,NullifyInputVariable,public boolean match(final Class<?> propType) {,public boolean match(final Class<?> propType) { propType = null;,3,
org/apache/commons/dbutils/handlers/columns/DoubleColumnHandler.java,27,NullifyInputVariable,"public Double apply(final ResultSet resultSet, final int columnIndex) throws SQLException {","public Double apply(final ResultSet resultSet, final int columnIndex) throws SQLException { resultSet = null;",4,
org/apache/commons/dbutils/handlers/columns/DoubleColumnHandler.java,32,RemoveMethod,public boolean match(final Class<?> propType) {,public boolean match(final Class<?> propType) {,5,
org/apache/commons/dbutils/handlers/columns/DoubleColumnHandler.java,32,RemoveMethod,public boolean match(final Class<?> propType) {,public boolean match(final Class<?> propType) {,6,
org/apache/commons/dbutils/handlers/columns/DoubleColumnHandler.java,27,RemoveMethod,"public Double apply(final ResultSet resultSet, final int columnIndex) throws SQLException {","public Double apply(final ResultSet resultSet, final int columnIndex) throws SQLException {",7,
org/apache/commons/dbutils/handlers/columns/FloatColumnHandler.java,28,NullifyReturnValue,return Float.valueOf(resultSet.getFloat(columnIndex));,return null;,1,
org/apache/commons/dbutils/handlers/columns/FloatColumnHandler.java,33,ConditionalOperatorReplacement,return propType.equals(Float.TYPE) || propType.equals(Float.class);,return propType.equals(Float.TYPE) && propType.equals(Float.class);,2,
org/apache/commons/dbutils/handlers/columns/FloatColumnHandler.java,32,NullifyInputVariable,public boolean match(final Class<?> propType) {,public boolean match(final Class<?> propType) { propType = null;,3,
org/apache/commons/dbutils/handlers/columns/FloatColumnHandler.java,27,NullifyInputVariable,"public Float apply(final ResultSet resultSet, final int columnIndex) throws SQLException {","public Float apply(final ResultSet resultSet, final int columnIndex) throws SQLException { resultSet = null;",4,
org/apache/commons/dbutils/handlers/columns/FloatColumnHandler.java,32,RemoveMethod,public boolean match(final Class<?> propType) {,public boolean match(final Class<?> propType) {,5,
org/apache/commons/dbutils/handlers/columns/FloatColumnHandler.java,32,RemoveMethod,public boolean match(final Class<?> propType) {,public boolean match(final Class<?> propType) {,6,
org/apache/commons/dbutils/handlers/columns/FloatColumnHandler.java,27,RemoveMethod,"public Float apply(final ResultSet resultSet, final int columnIndex) throws SQLException {","public Float apply(final ResultSet resultSet, final int columnIndex) throws SQLException {",7,
org/apache/commons/dbutils/handlers/columns/IntegerColumnHandler.java,28,NullifyReturnValue,return Integer.valueOf(resultSet.getInt(columnIndex));,return null;,1,
org/apache/commons/dbutils/handlers/columns/IntegerColumnHandler.java,33,ConditionalOperatorReplacement,return propType.equals(Integer.TYPE) || propType.equals(Integer.class);,return propType.equals(Integer.TYPE) && propType.equals(Integer.class);,2,
org/apache/commons/dbutils/handlers/columns/IntegerColumnHandler.java,32,NullifyInputVariable,public boolean match(final Class<?> propType) {,public boolean match(final Class<?> propType) { propType = null;,3,
org/apache/commons/dbutils/handlers/columns/IntegerColumnHandler.java,27,NullifyInputVariable,"public Integer apply(final ResultSet resultSet, final int columnIndex) throws SQLException {","public Integer apply(final ResultSet resultSet, final int columnIndex) throws SQLException { resultSet = null;",4,
org/apache/commons/dbutils/handlers/columns/IntegerColumnHandler.java,32,RemoveMethod,public boolean match(final Class<?> propType) {,public boolean match(final Class<?> propType) {,5,
org/apache/commons/dbutils/handlers/columns/IntegerColumnHandler.java,32,RemoveMethod,public boolean match(final Class<?> propType) {,public boolean match(final Class<?> propType) {,6,
org/apache/commons/dbutils/handlers/columns/IntegerColumnHandler.java,27,RemoveMethod,"public Integer apply(final ResultSet resultSet, final int columnIndex) throws SQLException {","public Integer apply(final ResultSet resultSet, final int columnIndex) throws SQLException {",7,
org/apache/commons/dbutils/handlers/columns/LongColumnHandler.java,28,NullifyReturnValue,return Long.valueOf(resultSet.getLong(columnIndex));,return null;,1,
org/apache/commons/dbutils/handlers/columns/LongColumnHandler.java,33,ConditionalOperatorReplacement,return propType.equals(Long.TYPE) || propType.equals(Long.class);,return propType.equals(Long.TYPE) && propType.equals(Long.class);,2,
org/apache/commons/dbutils/handlers/columns/LongColumnHandler.java,32,NullifyInputVariable,public boolean match(final Class<?> propType) {,public boolean match(final Class<?> propType) { propType = null;,3,
org/apache/commons/dbutils/handlers/columns/LongColumnHandler.java,27,NullifyInputVariable,"public Long apply(final ResultSet resultSet, final int columnIndex) throws SQLException {","public Long apply(final ResultSet resultSet, final int columnIndex) throws SQLException { resultSet = null;",4,
org/apache/commons/dbutils/handlers/columns/LongColumnHandler.java,32,RemoveMethod,public boolean match(final Class<?> propType) {,public boolean match(final Class<?> propType) {,5,
org/apache/commons/dbutils/handlers/columns/LongColumnHandler.java,32,RemoveMethod,public boolean match(final Class<?> propType) {,public boolean match(final Class<?> propType) {,6,
org/apache/commons/dbutils/handlers/columns/LongColumnHandler.java,27,RemoveMethod,"public Long apply(final ResultSet resultSet, final int columnIndex) throws SQLException {","public Long apply(final ResultSet resultSet, final int columnIndex) throws SQLException {",7,
org/apache/commons/dbutils/handlers/columns/SQLXMLColumnHandler.java,29,NullifyReturnValue,return resultSet.getSQLXML(columnIndex);,return null;,1,
org/apache/commons/dbutils/handlers/columns/SQLXMLColumnHandler.java,33,NullifyInputVariable,public boolean match(final Class<?> propType) {,public boolean match(final Class<?> propType) { propType = null;,2,
org/apache/commons/dbutils/handlers/columns/SQLXMLColumnHandler.java,28,NullifyInputVariable,"public SQLXML apply(final ResultSet resultSet, final int columnIndex) throws SQLException {","public SQLXML apply(final ResultSet resultSet, final int columnIndex) throws SQLException { resultSet = null;",3,
org/apache/commons/dbutils/handlers/columns/SQLXMLColumnHandler.java,33,RemoveMethod,public boolean match(final Class<?> propType) {,public boolean match(final Class<?> propType) {,4,
org/apache/commons/dbutils/handlers/columns/SQLXMLColumnHandler.java,33,RemoveMethod,public boolean match(final Class<?> propType) {,public boolean match(final Class<?> propType) {,5,
org/apache/commons/dbutils/handlers/columns/SQLXMLColumnHandler.java,28,RemoveMethod,"public SQLXML apply(final ResultSet resultSet, final int columnIndex) throws SQLException {","public SQLXML apply(final ResultSet resultSet, final int columnIndex) throws SQLException {",6,
org/apache/commons/dbutils/handlers/columns/ShortColumnHandler.java,28,NullifyReturnValue,return Short.valueOf(resultSet.getShort(columnIndex));,return null;,1,
org/apache/commons/dbutils/handlers/columns/ShortColumnHandler.java,33,ConditionalOperatorReplacement,return propType.equals(Short.TYPE) || propType.equals(Short.class);,return propType.equals(Short.TYPE) && propType.equals(Short.class);,2,
org/apache/commons/dbutils/handlers/columns/ShortColumnHandler.java,32,NullifyInputVariable,public boolean match(final Class<?> propType) {,public boolean match(final Class<?> propType) { propType = null;,3,
org/apache/commons/dbutils/handlers/columns/ShortColumnHandler.java,27,NullifyInputVariable,"public Short apply(final ResultSet resultSet, final int columnIndex) throws SQLException {","public Short apply(final ResultSet resultSet, final int columnIndex) throws SQLException { resultSet = null;",4,
org/apache/commons/dbutils/handlers/columns/ShortColumnHandler.java,32,RemoveMethod,public boolean match(final Class<?> propType) {,public boolean match(final Class<?> propType) {,5,
org/apache/commons/dbutils/handlers/columns/ShortColumnHandler.java,32,RemoveMethod,public boolean match(final Class<?> propType) {,public boolean match(final Class<?> propType) {,6,
org/apache/commons/dbutils/handlers/columns/ShortColumnHandler.java,27,RemoveMethod,"public Short apply(final ResultSet resultSet, final int columnIndex) throws SQLException {","public Short apply(final ResultSet resultSet, final int columnIndex) throws SQLException {",7,
org/apache/commons/dbutils/handlers/columns/StringColumnHandler.java,28,NullifyReturnValue,return resultSet.getString(columnIndex);,return null;,1,
org/apache/commons/dbutils/handlers/columns/StringColumnHandler.java,32,NullifyInputVariable,public boolean match(final Class<?> propType) {,public boolean match(final Class<?> propType) { propType = null;,2,
org/apache/commons/dbutils/handlers/columns/StringColumnHandler.java,27,NullifyInputVariable,"public String apply(final ResultSet resultSet, final int columnIndex) throws SQLException {","public String apply(final ResultSet resultSet, final int columnIndex) throws SQLException { resultSet = null;",3,
org/apache/commons/dbutils/handlers/columns/StringColumnHandler.java,32,RemoveMethod,public boolean match(final Class<?> propType) {,public boolean match(final Class<?> propType) {,4,
org/apache/commons/dbutils/handlers/columns/StringColumnHandler.java,32,RemoveMethod,public boolean match(final Class<?> propType) {,public boolean match(final Class<?> propType) {,5,
org/apache/commons/dbutils/handlers/columns/StringColumnHandler.java,27,RemoveMethod,"public String apply(final ResultSet resultSet, final int columnIndex) throws SQLException {","public String apply(final ResultSet resultSet, final int columnIndex) throws SQLException {",6,
org/apache/commons/dbutils/handlers/columns/StringColumnHandler.java,27,RemoveMethod,"public String apply(final ResultSet resultSet, final int columnIndex) throws SQLException {","public String apply(final ResultSet resultSet, final int columnIndex) throws SQLException {",7,
org/apache/commons/dbutils/handlers/columns/TimestampColumnHandler.java,29,NullifyReturnValue,return resultSet.getTimestamp(columnIndex);,return null;,1,
org/apache/commons/dbutils/handlers/columns/TimestampColumnHandler.java,33,NullifyInputVariable,public boolean match(final Class<?> propType) {,public boolean match(final Class<?> propType) { propType = null;,2,
org/apache/commons/dbutils/handlers/columns/TimestampColumnHandler.java,28,NullifyInputVariable,"public Timestamp apply(final ResultSet resultSet, final int columnIndex) throws SQLException {","public Timestamp apply(final ResultSet resultSet, final int columnIndex) throws SQLException { resultSet = null;",3,
org/apache/commons/dbutils/handlers/columns/TimestampColumnHandler.java,33,RemoveMethod,public boolean match(final Class<?> propType) {,public boolean match(final Class<?> propType) {,4,
org/apache/commons/dbutils/handlers/columns/TimestampColumnHandler.java,33,RemoveMethod,public boolean match(final Class<?> propType) {,public boolean match(final Class<?> propType) {,5,
org/apache/commons/dbutils/handlers/columns/TimestampColumnHandler.java,28,RemoveMethod,"public Timestamp apply(final ResultSet resultSet, final int columnIndex) throws SQLException {","public Timestamp apply(final ResultSet resultSet, final int columnIndex) throws SQLException {",6,
org/apache/commons/dbutils/handlers/properties/DatePropertyHandler.java,48,NullifyReturnValue,return value;,return null;,1,
org/apache/commons/dbutils/handlers/properties/DatePropertyHandler.java,41,NullifyObjectInitialization,value = new java.sql.Date(time);,value = null;,10,
org/apache/commons/dbutils/handlers/properties/DatePropertyHandler.java,52,RemoveMethod,"public boolean match(final Class<?> parameter, final Object value) {","public boolean match(final Class<?> parameter, final Object value) {",11,
org/apache/commons/dbutils/handlers/properties/DatePropertyHandler.java,52,RemoveMethod,"public boolean match(final Class<?> parameter, final Object value) {","public boolean match(final Class<?> parameter, final Object value) {",12,
org/apache/commons/dbutils/handlers/properties/DatePropertyHandler.java,35,RemoveMethod,"public Object apply(final Class<?> parameter, Object value) {","public Object apply(final Class<?> parameter, Object value) {",13,
org/apache/commons/dbutils/handlers/properties/DatePropertyHandler.java,61,ConditionalOperatorDeletion,if (JAVA_SQL_TIMESTAMP.equals(targetType) && !Timestamp.class.isInstance(value)) {,if (JAVA_SQL_TIMESTAMP.equals(targetType) && Timestamp.class.isInstance(value)) {,2,
org/apache/commons/dbutils/handlers/properties/DatePropertyHandler.java,61,ConditionalOperatorReplacement,if (JAVA_SQL_TIMESTAMP.equals(targetType) && !Timestamp.class.isInstance(value)) {,if (JAVA_SQL_TIMESTAMP.equals(targetType) || !Timestamp.class.isInstance(value)) {,3,
org/apache/commons/dbutils/handlers/properties/DatePropertyHandler.java,52,NullifyInputVariable,"public boolean match(final Class<?> parameter, final Object value) {","public boolean match(final Class<?> parameter, final Object value) { value = null;",4,
org/apache/commons/dbutils/handlers/properties/DatePropertyHandler.java,52,NullifyInputVariable,"public boolean match(final Class<?> parameter, final Object value) {","public boolean match(final Class<?> parameter, final Object value) { parameter = null;",5,
org/apache/commons/dbutils/handlers/properties/DatePropertyHandler.java,35,NullifyInputVariable,"public Object apply(final Class<?> parameter, Object value) {","public Object apply(final Class<?> parameter, Object value) { value = null;",6,
org/apache/commons/dbutils/handlers/properties/DatePropertyHandler.java,35,NullifyInputVariable,"public Object apply(final Class<?> parameter, Object value) {","public Object apply(final Class<?> parameter, Object value) { parameter = null;",7,
org/apache/commons/dbutils/handlers/properties/DatePropertyHandler.java,45,NullifyObjectInitialization,value = new Timestamp(time);,value = null;,8,
org/apache/commons/dbutils/handlers/properties/DatePropertyHandler.java,43,NullifyObjectInitialization,value = new java.sql.Time(time);,value = null;,9,
org/apache/commons/dbutils/handlers/properties/StringEnumPropertyHandler.java,29,NullifyReturnValue,"return Enum.valueOf(parameter.asSubclass(Enum.class), (String) value);",return null;,1,
org/apache/commons/dbutils/handlers/properties/StringEnumPropertyHandler.java,34,ConditionalOperatorReplacement,return value instanceof String && parameter.isEnum();,return value instanceof String || parameter.isEnum();,2,
org/apache/commons/dbutils/handlers/properties/StringEnumPropertyHandler.java,33,NullifyInputVariable,"public boolean match(final Class<?> parameter, final Object value) {","public boolean match(final Class<?> parameter, final Object value) { value = null;",3,
org/apache/commons/dbutils/handlers/properties/StringEnumPropertyHandler.java,33,NullifyInputVariable,"public boolean match(final Class<?> parameter, final Object value) {","public boolean match(final Class<?> parameter, final Object value) { parameter = null;",4,
org/apache/commons/dbutils/handlers/properties/StringEnumPropertyHandler.java,28,NullifyInputVariable,"public Object apply(final Class<?> parameter, final Object value) {","public Object apply(final Class<?> parameter, final Object value) { value = null;",5,
org/apache/commons/dbutils/handlers/properties/StringEnumPropertyHandler.java,28,NullifyInputVariable,"public Object apply(final Class<?> parameter, final Object value) {","public Object apply(final Class<?> parameter, final Object value) { parameter = null;",6,
org/apache/commons/dbutils/handlers/properties/StringEnumPropertyHandler.java,33,RemoveMethod,"public boolean match(final Class<?> parameter, final Object value) {","public boolean match(final Class<?> parameter, final Object value) {",7,
org/apache/commons/dbutils/handlers/properties/StringEnumPropertyHandler.java,33,RemoveMethod,"public boolean match(final Class<?> parameter, final Object value) {","public boolean match(final Class<?> parameter, final Object value) {",8,
org/apache/commons/dbutils/handlers/properties/StringEnumPropertyHandler.java,28,RemoveMethod,"public Object apply(final Class<?> parameter, final Object value) {","public Object apply(final Class<?> parameter, final Object value) {",9,
org/apache/commons/dbutils/wrappers/SqlNullCheckedResultSet.java,394,NullifyReturnValue,return nullMethod != null && this.resultSet.wasNull(),return null;,1,
org/apache/commons/dbutils/wrappers/SqlNullCheckedResultSet.java,243,NullifyReturnValue,return this.nullClob;,return null;,10,
org/apache/commons/dbutils/wrappers/SqlNullCheckedResultSet.java,189,RemoveMethod,public Blob getNullBlob() {,public Blob getNullBlob() {,100,
org/apache/commons/dbutils/wrappers/SqlNullCheckedResultSet.java,179,RemoveMethod,public InputStream getNullBinaryStream() {,public InputStream getNullBinaryStream() {,101,
org/apache/commons/dbutils/wrappers/SqlNullCheckedResultSet.java,169,RemoveMethod,public BigDecimal getNullBigDecimal() {,public BigDecimal getNullBigDecimal() {,102,
org/apache/commons/dbutils/wrappers/SqlNullCheckedResultSet.java,159,RemoveMethod,public InputStream getNullAsciiStream() {,public InputStream getNullAsciiStream() {,103,
org/apache/commons/dbutils/wrappers/SqlNullCheckedResultSet.java,112,RemoveMethod,public static ResultSet wrap(final ResultSet resultSet) {,public static ResultSet wrap(final ResultSet resultSet) {,104,
org/apache/commons/dbutils/wrappers/SqlNullCheckedResultSet.java,600,RelationalOperatorReplacement,if (nullTimestamp != null) {,if (nullTimestamp == null) {,105,
org/apache/commons/dbutils/wrappers/SqlNullCheckedResultSet.java,590,RelationalOperatorReplacement,this.nullTime = nullTime != null ? new Time(nullTime.getTime()) : null;,this.nullTime = nullTime == null ? new Time(nullTime.getTime()) : null;,106,
org/apache/commons/dbutils/wrappers/SqlNullCheckedResultSet.java,500,RelationalOperatorReplacement,this.nullDate = nullDate != null ? new Date(nullDate.getTime()) : null;,this.nullDate = nullDate == null ? new Date(nullDate.getTime()) : null;,107,
org/apache/commons/dbutils/wrappers/SqlNullCheckedResultSet.java,466,RelationalOperatorReplacement,if (nullBytes != null) {,if (nullBytes == null) {,108,
org/apache/commons/dbutils/wrappers/SqlNullCheckedResultSet.java,394,RelationalOperatorReplacement,return nullMethod != null && this.resultSet.wasNull(),return nullMethod == null && this.resultSet.wasNull(),109,
org/apache/commons/dbutils/wrappers/SqlNullCheckedResultSet.java,233,NullifyReturnValue,return this.nullCharacterStream;,return null;,11,
org/apache/commons/dbutils/wrappers/SqlNullCheckedResultSet.java,353,RelationalOperatorReplacement,if (this.nullTimestamp == null) {,if (this.nullTimestamp != null) {,110,
org/apache/commons/dbutils/wrappers/SqlNullCheckedResultSet.java,343,RelationalOperatorReplacement,return this.nullTime != null ? new Time(this.nullTime.getTime()) : null;,return this.nullTime == null ? new Time(this.nullTime.getTime()) : null;,111,
org/apache/commons/dbutils/wrappers/SqlNullCheckedResultSet.java,253,RelationalOperatorReplacement,return this.nullDate != null ? new Date(this.nullDate.getTime()) : null;,return this.nullDate == null ? new Date(this.nullDate.getTime()) : null;,112,
org/apache/commons/dbutils/wrappers/SqlNullCheckedResultSet.java,220,RelationalOperatorReplacement,if (this.nullBytes == null) {,if (this.nullBytes != null) {,113,
org/apache/commons/dbutils/wrappers/SqlNullCheckedResultSet.java,190,NullifyReturnValue,return this.nullBlob;,return null;,12,
org/apache/commons/dbutils/wrappers/SqlNullCheckedResultSet.java,180,NullifyReturnValue,return this.nullBinaryStream;,return null;,13,
org/apache/commons/dbutils/wrappers/SqlNullCheckedResultSet.java,170,NullifyReturnValue,return this.nullBigDecimal;,return null;,14,
org/apache/commons/dbutils/wrappers/SqlNullCheckedResultSet.java,160,NullifyReturnValue,return this.nullAsciiStream;,return null;,15,
org/apache/commons/dbutils/wrappers/SqlNullCheckedResultSet.java,113,NullifyReturnValue,return factory.createResultSet(new SqlNullCheckedResultSet(resultSet));,return null;,16,
org/apache/commons/dbutils/wrappers/SqlNullCheckedResultSet.java,600,RemoveNullCheck,if (nullTimestamp != null) {,if (true) {,17,
org/apache/commons/dbutils/wrappers/SqlNullCheckedResultSet.java,590,RemoveNullCheck,this.nullTime = nullTime != null ? new Time(nullTime.getTime()) : null;,this.nullTime = true ? new Time(nullTime.getTime()) : null;,18,
org/apache/commons/dbutils/wrappers/SqlNullCheckedResultSet.java,500,RemoveNullCheck,this.nullDate = nullDate != null ? new Date(nullDate.getTime()) : null;,this.nullDate = true ? new Date(nullDate.getTime()) : null;,19,
org/apache/commons/dbutils/wrappers/SqlNullCheckedResultSet.java,369,NullifyReturnValue,return this.nullURL;,return null;,2,
org/apache/commons/dbutils/wrappers/SqlNullCheckedResultSet.java,466,RemoveNullCheck,if (nullBytes != null) {,if (true) {,20,
org/apache/commons/dbutils/wrappers/SqlNullCheckedResultSet.java,394,RemoveNullCheck,return nullMethod != null && this.resultSet.wasNull(),return true && this.resultSet.wasNull(),21,
org/apache/commons/dbutils/wrappers/SqlNullCheckedResultSet.java,353,RemoveNullCheck,if (this.nullTimestamp == null) {,if (false) {,22,
org/apache/commons/dbutils/wrappers/SqlNullCheckedResultSet.java,343,RemoveNullCheck,return this.nullTime != null ? new Time(this.nullTime.getTime()) : null;,return true ? new Time(this.nullTime.getTime()) : null;,23,
org/apache/commons/dbutils/wrappers/SqlNullCheckedResultSet.java,253,RemoveNullCheck,return this.nullDate != null ? new Date(this.nullDate.getTime()) : null;,return true ? new Date(this.nullDate.getTime()) : null;,24,
org/apache/commons/dbutils/wrappers/SqlNullCheckedResultSet.java,220,RemoveNullCheck,if (this.nullBytes == null) {,if (false) {,25,
org/apache/commons/dbutils/wrappers/SqlNullCheckedResultSet.java,394,ConditionalOperatorReplacement,return nullMethod != null && this.resultSet.wasNull(),return nullMethod != null || this.resultSet.wasNull(),26,
org/apache/commons/dbutils/wrappers/SqlNullCheckedResultSet.java,614,NullifyInputVariable,public void setNullURL(final URL nullURL) {,public void setNullURL(final URL nullURL) { nullURL = null;,27,
org/apache/commons/dbutils/wrappers/SqlNullCheckedResultSet.java,599,NullifyInputVariable,public void setNullTimestamp(final Timestamp nullTimestamp) {,public void setNullTimestamp(final Timestamp nullTimestamp) { nullTimestamp = null;,28,
org/apache/commons/dbutils/wrappers/SqlNullCheckedResultSet.java,589,NullifyInputVariable,public void setNullTime(final Time nullTime) {,public void setNullTime(final Time nullTime) { nullTime = null;,29,
org/apache/commons/dbutils/wrappers/SqlNullCheckedResultSet.java,359,NullifyReturnValue,return ts;,return null;,3,
org/apache/commons/dbutils/wrappers/SqlNullCheckedResultSet.java,579,NullifyInputVariable,public void setNullString(final String nullString) {,public void setNullString(final String nullString) { nullString = null;,30,
org/apache/commons/dbutils/wrappers/SqlNullCheckedResultSet.java,559,NullifyInputVariable,public void setNullRef(final Ref nullRef) {,public void setNullRef(final Ref nullRef) { nullRef = null;,31,
org/apache/commons/dbutils/wrappers/SqlNullCheckedResultSet.java,549,NullifyInputVariable,public void setNullObject(final Object nullObject) {,public void setNullObject(final Object nullObject) { nullObject = null;,32,
org/apache/commons/dbutils/wrappers/SqlNullCheckedResultSet.java,499,NullifyInputVariable,public void setNullDate(final Date nullDate) {,public void setNullDate(final Date nullDate) { nullDate = null;,33,
org/apache/commons/dbutils/wrappers/SqlNullCheckedResultSet.java,489,NullifyInputVariable,public void setNullClob(final Clob nullClob) {,public void setNullClob(final Clob nullClob) { nullClob = null;,34,
org/apache/commons/dbutils/wrappers/SqlNullCheckedResultSet.java,479,NullifyInputVariable,public void setNullCharacterStream(final Reader nullCharacterStream) {,public void setNullCharacterStream(final Reader nullCharacterStream) { nullCharacterStream = null;,35,
org/apache/commons/dbutils/wrappers/SqlNullCheckedResultSet.java,435,NullifyInputVariable,public void setNullBlob(final Blob nullBlob) {,public void setNullBlob(final Blob nullBlob) { nullBlob = null;,36,
org/apache/commons/dbutils/wrappers/SqlNullCheckedResultSet.java,425,NullifyInputVariable,public void setNullBinaryStream(final InputStream nullBinaryStream) {,public void setNullBinaryStream(final InputStream nullBinaryStream) { nullBinaryStream = null;,37,
org/apache/commons/dbutils/wrappers/SqlNullCheckedResultSet.java,415,NullifyInputVariable,public void setNullBigDecimal(final BigDecimal nullBigDecimal) {,public void setNullBigDecimal(final BigDecimal nullBigDecimal) { nullBigDecimal = null;,38,
org/apache/commons/dbutils/wrappers/SqlNullCheckedResultSet.java,405,NullifyInputVariable,public void setNullAsciiStream(final InputStream nullAsciiStream) {,public void setNullAsciiStream(final InputStream nullAsciiStream) { nullAsciiStream = null;,39,
org/apache/commons/dbutils/wrappers/SqlNullCheckedResultSet.java,354,NullifyReturnValue,return null;,return null;,4,
org/apache/commons/dbutils/wrappers/SqlNullCheckedResultSet.java,386,NullifyInputVariable,throws Throwable {,throws Throwable { args = null;,40,
org/apache/commons/dbutils/wrappers/SqlNullCheckedResultSet.java,386,NullifyInputVariable,throws Throwable {,throws Throwable { method = null;,41,
org/apache/commons/dbutils/wrappers/SqlNullCheckedResultSet.java,386,NullifyInputVariable,throws Throwable {,throws Throwable { proxy = null;,42,
org/apache/commons/dbutils/wrappers/SqlNullCheckedResultSet.java,112,NullifyInputVariable,public static ResultSet wrap(final ResultSet resultSet) {,public static ResultSet wrap(final ResultSet resultSet) { resultSet = null;,43,
org/apache/commons/dbutils/wrappers/SqlNullCheckedResultSet.java,601,NullifyObjectInitialization,this.nullTimestamp = new Timestamp(nullTimestamp.getTime());,this.nullTimestamp = null;,44,
org/apache/commons/dbutils/wrappers/SqlNullCheckedResultSet.java,590,NullifyObjectInitialization,this.nullTime = nullTime != null ? new Time(nullTime.getTime()) : null;,this.nullTime = nullTime != null ? null : null;,45,
org/apache/commons/dbutils/wrappers/SqlNullCheckedResultSet.java,500,NullifyObjectInitialization,this.nullDate = nullDate != null ? new Date(nullDate.getTime()) : null;,this.nullDate = nullDate != null ? null : null;,46,
org/apache/commons/dbutils/wrappers/SqlNullCheckedResultSet.java,357,NullifyObjectInitialization,final Timestamp ts = new Timestamp(this.nullTimestamp.getTime());,final Timestamp ts = null;,47,
org/apache/commons/dbutils/wrappers/SqlNullCheckedResultSet.java,343,NullifyObjectInitialization,return this.nullTime != null ? new Time(this.nullTime.getTime()) : null;,return this.nullTime != null ? null : null;,48,
org/apache/commons/dbutils/wrappers/SqlNullCheckedResultSet.java,253,NullifyObjectInitialization,return this.nullDate != null ? new Date(this.nullDate.getTime()) : null;,return this.nullDate != null ? null : null;,49,
org/apache/commons/dbutils/wrappers/SqlNullCheckedResultSet.java,343,NullifyReturnValue,return this.nullTime != null ? new Time(this.nullTime.getTime()) : null;,return null;,5,
org/apache/commons/dbutils/wrappers/SqlNullCheckedResultSet.java,113,NullifyObjectInitialization,return factory.createResultSet(new SqlNullCheckedResultSet(resultSet));,return factory.createResultSet(null);,50,
org/apache/commons/dbutils/wrappers/SqlNullCheckedResultSet.java,77,NullifyObjectInitialization,"private static final Map<String, Method> NULL_METHODS = new HashMap<>();","private static final Map<String, Method> NULL_METHODS = null;",51,
org/apache/commons/dbutils/wrappers/SqlNullCheckedResultSet.java,614,RemoveMethod,public void setNullURL(final URL nullURL) {,public void setNullURL(final URL nullURL) {,52,
org/apache/commons/dbutils/wrappers/SqlNullCheckedResultSet.java,599,RemoveMethod,public void setNullTimestamp(final Timestamp nullTimestamp) {,public void setNullTimestamp(final Timestamp nullTimestamp) {,53,
org/apache/commons/dbutils/wrappers/SqlNullCheckedResultSet.java,589,RemoveMethod,public void setNullTime(final Time nullTime) {,public void setNullTime(final Time nullTime) {,54,
org/apache/commons/dbutils/wrappers/SqlNullCheckedResultSet.java,579,RemoveMethod,public void setNullString(final String nullString) {,public void setNullString(final String nullString) {,55,
org/apache/commons/dbutils/wrappers/SqlNullCheckedResultSet.java,569,RemoveMethod,public void setNullShort(final short nullShort) {,public void setNullShort(final short nullShort) {,56,
org/apache/commons/dbutils/wrappers/SqlNullCheckedResultSet.java,559,RemoveMethod,public void setNullRef(final Ref nullRef) {,public void setNullRef(final Ref nullRef) {,57,
org/apache/commons/dbutils/wrappers/SqlNullCheckedResultSet.java,549,RemoveMethod,public void setNullObject(final Object nullObject) {,public void setNullObject(final Object nullObject) {,58,
org/apache/commons/dbutils/wrappers/SqlNullCheckedResultSet.java,539,RemoveMethod,public void setNullLong(final long nullLong) {,public void setNullLong(final long nullLong) {,59,
org/apache/commons/dbutils/wrappers/SqlNullCheckedResultSet.java,333,NullifyReturnValue,return this.nullString;,return null;,6,
org/apache/commons/dbutils/wrappers/SqlNullCheckedResultSet.java,529,RemoveMethod,public void setNullInt(final int nullInt) {,public void setNullInt(final int nullInt) {,60,
org/apache/commons/dbutils/wrappers/SqlNullCheckedResultSet.java,519,RemoveMethod,public void setNullFloat(final float nullFloat) {,public void setNullFloat(final float nullFloat) {,61,
org/apache/commons/dbutils/wrappers/SqlNullCheckedResultSet.java,509,RemoveMethod,public void setNullDouble(final double nullDouble) {,public void setNullDouble(final double nullDouble) {,62,
org/apache/commons/dbutils/wrappers/SqlNullCheckedResultSet.java,499,RemoveMethod,public void setNullDate(final Date nullDate) {,public void setNullDate(final Date nullDate) {,63,
org/apache/commons/dbutils/wrappers/SqlNullCheckedResultSet.java,489,RemoveMethod,public void setNullClob(final Clob nullClob) {,public void setNullClob(final Clob nullClob) {,64,
org/apache/commons/dbutils/wrappers/SqlNullCheckedResultSet.java,479,RemoveMethod,public void setNullCharacterStream(final Reader nullCharacterStream) {,public void setNullCharacterStream(final Reader nullCharacterStream) {,65,
org/apache/commons/dbutils/wrappers/SqlNullCheckedResultSet.java,465,RemoveMethod,public void setNullBytes(final byte[] nullBytes) {,public void setNullBytes(final byte[] nullBytes) {,66,
org/apache/commons/dbutils/wrappers/SqlNullCheckedResultSet.java,455,RemoveMethod,public void setNullByte(final byte nullByte) {,public void setNullByte(final byte nullByte) {,67,
org/apache/commons/dbutils/wrappers/SqlNullCheckedResultSet.java,445,RemoveMethod,public void setNullBoolean(final boolean nullBoolean) {,public void setNullBoolean(final boolean nullBoolean) {,68,
org/apache/commons/dbutils/wrappers/SqlNullCheckedResultSet.java,435,RemoveMethod,public void setNullBlob(final Blob nullBlob) {,public void setNullBlob(final Blob nullBlob) {,69,
org/apache/commons/dbutils/wrappers/SqlNullCheckedResultSet.java,313,NullifyReturnValue,return this.nullRef;,return null;,7,
org/apache/commons/dbutils/wrappers/SqlNullCheckedResultSet.java,425,RemoveMethod,public void setNullBinaryStream(final InputStream nullBinaryStream) {,public void setNullBinaryStream(final InputStream nullBinaryStream) {,70,
org/apache/commons/dbutils/wrappers/SqlNullCheckedResultSet.java,415,RemoveMethod,public void setNullBigDecimal(final BigDecimal nullBigDecimal) {,public void setNullBigDecimal(final BigDecimal nullBigDecimal) {,71,
org/apache/commons/dbutils/wrappers/SqlNullCheckedResultSet.java,405,RemoveMethod,public void setNullAsciiStream(final InputStream nullAsciiStream) {,public void setNullAsciiStream(final InputStream nullAsciiStream) {,72,
org/apache/commons/dbutils/wrappers/SqlNullCheckedResultSet.java,386,RemoveMethod,throws Throwable {,throws Throwable {,73,
org/apache/commons/dbutils/wrappers/SqlNullCheckedResultSet.java,368,RemoveMethod,public URL getNullURL() {,public URL getNullURL() {,74,
org/apache/commons/dbutils/wrappers/SqlNullCheckedResultSet.java,352,RemoveMethod,public Timestamp getNullTimestamp() {,public Timestamp getNullTimestamp() {,75,
org/apache/commons/dbutils/wrappers/SqlNullCheckedResultSet.java,342,RemoveMethod,public Time getNullTime() {,public Time getNullTime() {,76,
org/apache/commons/dbutils/wrappers/SqlNullCheckedResultSet.java,332,RemoveMethod,public String getNullString() {,public String getNullString() {,77,
org/apache/commons/dbutils/wrappers/SqlNullCheckedResultSet.java,332,RemoveMethod,public String getNullString() {,public String getNullString() {,78,
org/apache/commons/dbutils/wrappers/SqlNullCheckedResultSet.java,322,RemoveMethod,public short getNullShort() {,public short getNullShort() {,79,
org/apache/commons/dbutils/wrappers/SqlNullCheckedResultSet.java,303,NullifyReturnValue,return this.nullObject;,return null;,8,
org/apache/commons/dbutils/wrappers/SqlNullCheckedResultSet.java,322,RemoveMethod,public short getNullShort() {,public short getNullShort() {,80,
org/apache/commons/dbutils/wrappers/SqlNullCheckedResultSet.java,312,RemoveMethod,public Ref getNullRef() {,public Ref getNullRef() {,81,
org/apache/commons/dbutils/wrappers/SqlNullCheckedResultSet.java,302,RemoveMethod,public Object getNullObject() {,public Object getNullObject() {,82,
org/apache/commons/dbutils/wrappers/SqlNullCheckedResultSet.java,292,RemoveMethod,public long getNullLong() {,public long getNullLong() {,83,
org/apache/commons/dbutils/wrappers/SqlNullCheckedResultSet.java,292,RemoveMethod,public long getNullLong() {,public long getNullLong() {,84,
org/apache/commons/dbutils/wrappers/SqlNullCheckedResultSet.java,282,RemoveMethod,public int getNullInt() {,public int getNullInt() {,85,
org/apache/commons/dbutils/wrappers/SqlNullCheckedResultSet.java,282,RemoveMethod,public int getNullInt() {,public int getNullInt() {,86,
org/apache/commons/dbutils/wrappers/SqlNullCheckedResultSet.java,272,RemoveMethod,public float getNullFloat() {,public float getNullFloat() {,87,
org/apache/commons/dbutils/wrappers/SqlNullCheckedResultSet.java,272,RemoveMethod,public float getNullFloat() {,public float getNullFloat() {,88,
org/apache/commons/dbutils/wrappers/SqlNullCheckedResultSet.java,262,RemoveMethod,public double getNullDouble() {,public double getNullDouble() {,89,
org/apache/commons/dbutils/wrappers/SqlNullCheckedResultSet.java,253,NullifyReturnValue,return this.nullDate != null ? new Date(this.nullDate.getTime()) : null;,return null;,9,
org/apache/commons/dbutils/wrappers/SqlNullCheckedResultSet.java,262,RemoveMethod,public double getNullDouble() {,public double getNullDouble() {,90,
org/apache/commons/dbutils/wrappers/SqlNullCheckedResultSet.java,252,RemoveMethod,public Date getNullDate() {,public Date getNullDate() {,91,
org/apache/commons/dbutils/wrappers/SqlNullCheckedResultSet.java,242,RemoveMethod,public Clob getNullClob() {,public Clob getNullClob() {,92,
org/apache/commons/dbutils/wrappers/SqlNullCheckedResultSet.java,232,RemoveMethod,public Reader getNullCharacterStream() {,public Reader getNullCharacterStream() {,93,
org/apache/commons/dbutils/wrappers/SqlNullCheckedResultSet.java,219,RemoveMethod,public byte[] getNullBytes() {,public byte[] getNullBytes() {,94,
org/apache/commons/dbutils/wrappers/SqlNullCheckedResultSet.java,219,RemoveMethod,public byte[] getNullBytes() {,public byte[] getNullBytes() {,95,
org/apache/commons/dbutils/wrappers/SqlNullCheckedResultSet.java,209,RemoveMethod,public byte getNullByte() {,public byte getNullByte() {,96,
org/apache/commons/dbutils/wrappers/SqlNullCheckedResultSet.java,209,RemoveMethod,public byte getNullByte() {,public byte getNullByte() {,97,
org/apache/commons/dbutils/wrappers/SqlNullCheckedResultSet.java,199,RemoveMethod,public boolean getNullBoolean() {,public boolean getNullBoolean() {,98,
org/apache/commons/dbutils/wrappers/SqlNullCheckedResultSet.java,199,RemoveMethod,public boolean getNullBoolean() {,public boolean getNullBoolean() {,99,
org/apache/commons/dbutils/wrappers/StringTrimmedResultSet.java,100,NullifyReturnValue,return result;,return null;,1,
org/apache/commons/dbutils/wrappers/StringTrimmedResultSet.java,90,RemoveMethod,throws Throwable {,throws Throwable {,10,
org/apache/commons/dbutils/wrappers/StringTrimmedResultSet.java,58,RemoveMethod,public static ResultSet wrap(final ResultSet resultSet) {,public static ResultSet wrap(final ResultSet resultSet) {,11,
org/apache/commons/dbutils/wrappers/StringTrimmedResultSet.java,59,NullifyReturnValue,return ProxyFactory.instance().createResultSet(new StringTrimmedResultSet(resultSet));,return null;,2,
org/apache/commons/dbutils/wrappers/StringTrimmedResultSet.java,94,ConditionalOperatorReplacement,if (result instanceof String,if (result instanceof String,3,
org/apache/commons/dbutils/wrappers/StringTrimmedResultSet.java,95,ConditionalOperatorReplacement,"&& (method.getName().equals(""getObject"")","&& (method.getName().equals(""getObject"")",4,
org/apache/commons/dbutils/wrappers/StringTrimmedResultSet.java,90,NullifyInputVariable,throws Throwable {,throws Throwable { args = null;,5,
org/apache/commons/dbutils/wrappers/StringTrimmedResultSet.java,90,NullifyInputVariable,throws Throwable {,throws Throwable { method = null;,6,
org/apache/commons/dbutils/wrappers/StringTrimmedResultSet.java,90,NullifyInputVariable,throws Throwable {,throws Throwable { proxy = null;,7,
org/apache/commons/dbutils/wrappers/StringTrimmedResultSet.java,58,NullifyInputVariable,public static ResultSet wrap(final ResultSet resultSet) {,public static ResultSet wrap(final ResultSet resultSet) { resultSet = null;,8,
org/apache/commons/dbutils/wrappers/StringTrimmedResultSet.java,59,NullifyObjectInitialization,return ProxyFactory.instance().createResultSet(new StringTrimmedResultSet(resultSet));,return ProxyFactory.instance().createResultSet(null);,9,
