file,line,operator,before,after,mutant_id,paper_category
org/apache/commons/dbutils/AbstractQueryRunner.java,330,ArithmeticOperatorReplacementBinary,"((OutParameter<?>) params[i]).register(call, i + 1);","((OutParameter<?>) params[i]).register(call, i - 1);",0,
org/apache/commons/dbutils/AbstractQueryRunner.java,332,ArithmeticOperatorReplacementBinary,"stmt.setObject(i + 1, params[i]);","stmt.setObject(i - 1, params[i]);",1,
org/apache/commons/dbutils/AbstractQueryRunner.java,428,ConditionalOperatorDeletion,if (!found) {,if ( found) {,10,
org/apache/commons/dbutils/AbstractQueryRunner.java,458,ConditionalOperatorDeletion,if (!pmdKnownBroken) {,if ( pmdKnownBroken) {,11,
org/apache/commons/dbutils/AbstractQueryRunner.java,307,ConditionalOperatorReplacement,if (!pmdKnownBroken && pmd != null) {,if (!pmdKnownBroken || pmd != null) {,12,
org/apache/commons/dbutils/AbstractQueryRunner.java,329,ConditionalOperatorReplacement,if (call != null && params[i] instanceof OutParameter) {,if (call != null || params[i] instanceof OutParameter) {,13,
org/apache/commons/dbutils/AbstractQueryRunner.java,312,NullifyObjectInitialization,"throw new SQLException(""Wrong number of parameters: expected """,throw null;,14,
org/apache/commons/dbutils/AbstractQueryRunner.java,377,NullifyObjectInitialization,"throw new IllegalArgumentException(""No read method for bean property "" + bean.getClass() + "" "" + property.getName());",throw null;,15,
org/apache/commons/dbutils/AbstractQueryRunner.java,382,NullifyObjectInitialization,"throw new IllegalArgumentException(""Couldn't invoke method with 0 arguments: "" + method, e);",throw null;,16,
org/apache/commons/dbutils/AbstractQueryRunner.java,384,NullifyObjectInitialization,"throw new IllegalArgumentException(""Couldn't invoke method: "" + method, e);",throw null;,17,
org/apache/commons/dbutils/AbstractQueryRunner.java,412,NullifyObjectInitialization,"throw new RuntimeException(""Couldn't introspect bean "" + bean.getClass().toString(), e);",throw null;,18,
org/apache/commons/dbutils/AbstractQueryRunner.java,418,NullifyObjectInitialization,"throw new NullPointerException(""propertyName can't be null: "" + i);",throw null;,19,
org/apache/commons/dbutils/AbstractQueryRunner.java,345,ArithmeticOperatorReplacementBinary,sqlType = pmd.getParameterType(i + 1);,sqlType = pmd.getParameterType(i - 1);,2,
org/apache/commons/dbutils/AbstractQueryRunner.java,429,NullifyObjectInitialization,"throw new IllegalStateException(""Couldn't find bean property: "" + bean.getClass() + "" "" + propertyName);",throw null;,20,
org/apache/commons/dbutils/AbstractQueryRunner.java,520,NullifyObjectInitialization,throw new SQLException(,throw null;,21,
org/apache/commons/dbutils/AbstractQueryRunner.java,621,NullifyObjectInitialization,final StringBuilder msg = new StringBuilder(causeMessage);,final StringBuilder msg = null;,22,
org/apache/commons/dbutils/AbstractQueryRunner.java,633,NullifyObjectInitialization,"final SQLException e = new SQLException(msg.toString(), cause.getSQLState(),",final SQLException e = null;,23,
org/apache/commons/dbutils/AbstractQueryRunner.java,443,NullifyReturnValue,return this.ds;,return null;,24,
org/apache/commons/dbutils/AbstractQueryRunner.java,465,NullifyReturnValue,return pmd;,return null;,25,
org/apache/commons/dbutils/AbstractQueryRunner.java,503,NullifyReturnValue,return conn.prepareCall(sql);,return null;,26,
org/apache/commons/dbutils/AbstractQueryRunner.java,524,NullifyReturnValue,return this.getDataSource().getConnection();,return null;,27,
org/apache/commons/dbutils/AbstractQueryRunner.java,556,NullifyReturnValue,return ps;,return null;,28,
org/apache/commons/dbutils/AbstractQueryRunner.java,594,NullifyReturnValue,return ps;,return null;,29,
org/apache/commons/dbutils/AbstractQueryRunner.java,350,ArithmeticOperatorReplacementBinary,"stmt.setNull(i + 1, sqlType);","stmt.setNull(i - 1, sqlType);",3,
org/apache/commons/dbutils/AbstractQueryRunner.java,664,NullifyReturnValue,return rs;,return null;,30,
org/apache/commons/dbutils/AbstractQueryRunner.java,238,RelationalOperatorReplacement,if (stmtConfig != null) {,if (stmtConfig == null) {,31,
org/apache/commons/dbutils/AbstractQueryRunner.java,278,RelationalOperatorReplacement,if (pmd == null) { // can be returned by implementations that don't support the method,if (pmd != null) { // can be returned by implementations that don't support the method,32,
org/apache/commons/dbutils/AbstractQueryRunner.java,307,RelationalOperatorReplacement,if (!pmdKnownBroken && pmd != null) {,if (!pmdKnownBroken && pmd == null) {,33,
org/apache/commons/dbutils/AbstractQueryRunner.java,309,RelationalOperatorReplacement,final int paramsCount = params == null ? 0 : params.length;,final int paramsCount = params != null ? 0 : params.length;,34,
org/apache/commons/dbutils/AbstractQueryRunner.java,311,RelationalOperatorReplacement,if (stmtCount != paramsCount) {,if (stmtCount == paramsCount) {,35,
org/apache/commons/dbutils/AbstractQueryRunner.java,318,RelationalOperatorReplacement,if (params == null) {,if (params != null) {,36,
org/apache/commons/dbutils/AbstractQueryRunner.java,327,RelationalOperatorReplacement,for (int i = 0; i < params.length; i++) {,for (int i = 0; i <= params.length; i++) {,37,
org/apache/commons/dbutils/AbstractQueryRunner.java,328,RelationalOperatorReplacement,if (params[i] != null) {,if (params[i] == null) {,38,
org/apache/commons/dbutils/AbstractQueryRunner.java,329,RelationalOperatorReplacement,if (call != null && params[i] instanceof OutParameter) {,if (call == null && params[i] instanceof OutParameter) {,39,
org/apache/commons/dbutils/AbstractQueryRunner.java,327,ArithmeticOperatorReplacementShortcut,for (int i = 0; i < params.length; i++) {,for (int i = 0; i < params.length; i--) {,4,
org/apache/commons/dbutils/AbstractQueryRunner.java,372,RelationalOperatorReplacement,for (int i = 0; i < properties.length; i++) {,for (int i = 0; i <= properties.length; i++) {,40,
org/apache/commons/dbutils/AbstractQueryRunner.java,376,RelationalOperatorReplacement,if (method == null) {,if (method != null) {,41,
org/apache/commons/dbutils/AbstractQueryRunner.java,415,RelationalOperatorReplacement,for (int i = 0; i < propertyNames.length; i++) {,for (int i = 0; i <= propertyNames.length; i++) {,42,
org/apache/commons/dbutils/AbstractQueryRunner.java,417,RelationalOperatorReplacement,if (propertyName == null) {,if (propertyName != null) {,43,
org/apache/commons/dbutils/AbstractQueryRunner.java,519,RelationalOperatorReplacement,if (this.getDataSource() == null) {,if (this.getDataSource() != null) {,44,
org/apache/commons/dbutils/AbstractQueryRunner.java,618,RelationalOperatorReplacement,if (causeMessage == null) {,if (causeMessage != null) {,45,
org/apache/commons/dbutils/AbstractQueryRunner.java,627,RelationalOperatorReplacement,if (params == null) {,if (params != null) {,46,
org/apache/commons/dbutils/AbstractQueryRunner.java,172,RemoveMethod,protected void close(final Connection conn) throws SQLException {,protected void close(final Connection conn) throws SQLException {,47,
org/apache/commons/dbutils/AbstractQueryRunner.java,187,RemoveMethod,protected void close(final ResultSet resultSet) throws SQLException {,protected void close(final ResultSet resultSet) throws SQLException {,48,
org/apache/commons/dbutils/AbstractQueryRunner.java,202,RemoveMethod,protected void close(final Statement stmt) throws SQLException {,protected void close(final Statement stmt) throws SQLException {,49,
org/apache/commons/dbutils/AbstractQueryRunner.java,372,ArithmeticOperatorReplacementShortcut,for (int i = 0; i < properties.length; i++) {,for (int i = 0; i < properties.length; i--) {,5,
org/apache/commons/dbutils/AbstractQueryRunner.java,212,RemoveMethod,protected void closeQuietly(final Connection conn) {,protected void closeQuietly(final Connection conn) {,50,
org/apache/commons/dbutils/AbstractQueryRunner.java,222,RemoveMethod,protected void closeQuietly(final ResultSet resultSet) {,protected void closeQuietly(final ResultSet resultSet) {,51,
org/apache/commons/dbutils/AbstractQueryRunner.java,232,RemoveMethod,protected void closeQuietly(final Statement statement) {,protected void closeQuietly(final Statement statement) {,52,
org/apache/commons/dbutils/AbstractQueryRunner.java,236,RemoveMethod,private void configureStatement(final Statement stmt) throws SQLException {,private void configureStatement(final Statement stmt) throws SQLException {,53,
org/apache/commons/dbutils/AbstractQueryRunner.java,273,RemoveMethod,"public void fillStatement(final PreparedStatement stmt, final Object... params) throws SQLException {","public void fillStatement(final PreparedStatement stmt, final Object... params) throws SQLException {",54,
org/apache/commons/dbutils/AbstractQueryRunner.java,304,RemoveMethod,throws SQLException {,throws SQLException {,55,
org/apache/commons/dbutils/AbstractQueryRunner.java,370,RemoveMethod,final PropertyDescriptor[] properties) throws SQLException {,final PropertyDescriptor[] properties) throws SQLException {,56,
org/apache/commons/dbutils/AbstractQueryRunner.java,407,RemoveMethod,final String... propertyNames) throws SQLException {,final String... propertyNames) throws SQLException {,57,
org/apache/commons/dbutils/AbstractQueryRunner.java,442,RemoveMethod,public DataSource getDataSource() {,public DataSource getDataSource() {,58,
org/apache/commons/dbutils/AbstractQueryRunner.java,456,RemoveMethod,public ParameterMetaData getParameterMetaData(final PreparedStatement stmt) throws SQLException {,public ParameterMetaData getParameterMetaData(final PreparedStatement stmt) throws SQLException {,59,
org/apache/commons/dbutils/AbstractQueryRunner.java,415,ArithmeticOperatorReplacementShortcut,for (int i = 0; i < propertyNames.length; i++) {,for (int i = 0; i < propertyNames.length; i--) {,6,
org/apache/commons/dbutils/AbstractQueryRunner.java,479,RemoveMethod,public boolean isPmdKnownBroken() {,public boolean isPmdKnownBroken() {,60,
org/apache/commons/dbutils/AbstractQueryRunner.java,479,RemoveMethod,public boolean isPmdKnownBroken() {,public boolean isPmdKnownBroken() {,61,
org/apache/commons/dbutils/AbstractQueryRunner.java,501,RemoveMethod,throws SQLException {,throws SQLException {,62,
org/apache/commons/dbutils/AbstractQueryRunner.java,518,RemoveMethod,protected Connection prepareConnection() throws SQLException {,protected Connection prepareConnection() throws SQLException {,63,
org/apache/commons/dbutils/AbstractQueryRunner.java,545,RemoveMethod,throws SQLException {,throws SQLException {,64,
org/apache/commons/dbutils/AbstractQueryRunner.java,583,RemoveMethod,throws SQLException {,throws SQLException {,65,
org/apache/commons/dbutils/AbstractQueryRunner.java,615,RemoveMethod,throws SQLException {,throws SQLException {,66,
org/apache/commons/dbutils/AbstractQueryRunner.java,663,RemoveMethod,protected ResultSet wrap(final ResultSet rs) {,protected ResultSet wrap(final ResultSet rs) {,67,
org/apache/commons/dbutils/AbstractQueryRunner.java,238,RemoveNullCheck,if (stmtConfig != null) {,if (true) {,68,
org/apache/commons/dbutils/AbstractQueryRunner.java,278,RemoveNullCheck,if (pmd == null) { // can be returned by implementations that don't support the method,if (false) { // can be returned by implementations that don't support the method,69,
org/apache/commons/dbutils/AbstractQueryRunner.java,275,ConditionalOperatorDeletion,if (!pmdKnownBroken) {,if ( pmdKnownBroken) {,7,
org/apache/commons/dbutils/AbstractQueryRunner.java,307,RemoveNullCheck,if (!pmdKnownBroken && pmd != null) {,if (!pmdKnownBroken && true) {,70,
org/apache/commons/dbutils/AbstractQueryRunner.java,309,RemoveNullCheck,final int paramsCount = params == null ? 0 : params.length;,final int paramsCount = false ? 0 : params.length;,71,
org/apache/commons/dbutils/AbstractQueryRunner.java,318,RemoveNullCheck,if (params == null) {,if (false) {,72,
org/apache/commons/dbutils/AbstractQueryRunner.java,328,RemoveNullCheck,if (params[i] != null) {,if (true) {,73,
org/apache/commons/dbutils/AbstractQueryRunner.java,329,RemoveNullCheck,if (call != null && params[i] instanceof OutParameter) {,if (true && params[i] instanceof OutParameter) {,74,
org/apache/commons/dbutils/AbstractQueryRunner.java,376,RemoveNullCheck,if (method == null) {,if (false) {,75,
org/apache/commons/dbutils/AbstractQueryRunner.java,417,RemoveNullCheck,if (propertyName == null) {,if (false) {,76,
org/apache/commons/dbutils/AbstractQueryRunner.java,519,RemoveNullCheck,if (this.getDataSource() == null) {,if (false) {,77,
org/apache/commons/dbutils/AbstractQueryRunner.java,618,RemoveNullCheck,if (causeMessage == null) {,if (false) {,78,
org/apache/commons/dbutils/AbstractQueryRunner.java,627,RemoveNullCheck,if (params == null) {,if (false) {,79,
org/apache/commons/dbutils/AbstractQueryRunner.java,307,ConditionalOperatorDeletion,if (!pmdKnownBroken && pmd != null) {,if ( pmdKnownBroken && pmd != null) {,8,
org/apache/commons/dbutils/AbstractQueryRunner.java,339,ConditionalOperatorDeletion,if (!pmdKnownBroken) {,if ( pmdKnownBroken) {,9,
org/apache/commons/dbutils/AsyncQueryRunner.java,551,NullifyReturnValue,"return executorService.submit(() -> Integer.valueOf(queryRunner.update(sql, param)));",return null;,100,
org/apache/commons/dbutils/AsyncQueryRunner.java,567,NullifyReturnValue,"return executorService.submit(() -> Integer.valueOf(queryRunner.update(sql, params)));",return null;,101,
org/apache/commons/dbutils/AsyncQueryRunner.java,76,RemoveMethod,public int[] call() throws SQLException {,public int[] call() throws SQLException {,102,
org/apache/commons/dbutils/AsyncQueryRunner.java,134,RemoveMethod,public T call() throws SQLException {,public T call() throws SQLException {,103,
org/apache/commons/dbutils/AsyncQueryRunner.java,198,RemoveMethod,public Integer call() throws SQLException {,public Integer call() throws SQLException {,104,
org/apache/commons/dbutils/AsyncQueryRunner.java,301,RemoveMethod,"public Future<int[]> batch(final Connection conn, final String sql, final Object[][] params) throws SQLException {","public Future<int[]> batch(final Connection conn, final String sql, final Object[][] params) throws SQLException {",105,
org/apache/commons/dbutils/AsyncQueryRunner.java,317,RemoveMethod,"public Future<int[]> batch(final String sql, final Object[][] params) throws SQLException {","public Future<int[]> batch(final String sql, final Object[][] params) throws SQLException {",106,
org/apache/commons/dbutils/AsyncQueryRunner.java,333,RemoveMethod,"public <T> Future<T> insert(final Connection conn, final String sql, final ResultSetHandler<T> rsh) throws SQLException {","public <T> Future<T> insert(final Connection conn, final String sql, final ResultSetHandler<T> rsh) throws SQLException {",107,
org/apache/commons/dbutils/AsyncQueryRunner.java,350,RemoveMethod,"public <T> Future<T> insert(final Connection conn, final String sql, final ResultSetHandler<T> rsh, final Object... params) throws SQLException {","public <T> Future<T> insert(final Connection conn, final String sql, final ResultSetHandler<T> rsh, final Object... params) throws SQLException {",108,
org/apache/commons/dbutils/AsyncQueryRunner.java,365,RemoveMethod,"public <T> Future<T> insert(final String sql, final ResultSetHandler<T> rsh) throws SQLException {","public <T> Future<T> insert(final String sql, final ResultSetHandler<T> rsh) throws SQLException {",109,
org/apache/commons/dbutils/AsyncQueryRunner.java,381,RemoveMethod,"public <T> Future<T> insert(final String sql, final ResultSetHandler<T> rsh, final Object... params) throws SQLException {","public <T> Future<T> insert(final String sql, final ResultSetHandler<T> rsh, final Object... params) throws SQLException {",110,
org/apache/commons/dbutils/AsyncQueryRunner.java,399,RemoveMethod,"public <T> Future<T> insertBatch(final Connection conn, final String sql, final ResultSetHandler<T> rsh, final Object[][] params) throws SQLException {","public <T> Future<T> insertBatch(final Connection conn, final String sql, final ResultSetHandler<T> rsh, final Object[][] params) throws SQLException {",111,
org/apache/commons/dbutils/AsyncQueryRunner.java,416,RemoveMethod,"public <T> Future<T> insertBatch(final String sql, final ResultSetHandler<T> rsh, final Object[][] params) throws SQLException {","public <T> Future<T> insertBatch(final String sql, final ResultSetHandler<T> rsh, final Object[][] params) throws SQLException {",112,
org/apache/commons/dbutils/AsyncQueryRunner.java,430,RemoveMethod,"public <T> Future<T> query(final Connection conn, final String sql, final ResultSetHandler<T> rsh) throws SQLException {","public <T> Future<T> query(final Connection conn, final String sql, final ResultSetHandler<T> rsh) throws SQLException {",113,
org/apache/commons/dbutils/AsyncQueryRunner.java,446,RemoveMethod,throws SQLException {,throws SQLException {,114,
org/apache/commons/dbutils/AsyncQueryRunner.java,462,RemoveMethod,"public <T> Future<T> query(final String sql, final ResultSetHandler<T> rsh) throws SQLException {","public <T> Future<T> query(final String sql, final ResultSetHandler<T> rsh) throws SQLException {",115,
org/apache/commons/dbutils/AsyncQueryRunner.java,479,RemoveMethod,"public <T> Future<T> query(final String sql, final ResultSetHandler<T> rsh, final Object... params) throws SQLException {","public <T> Future<T> query(final String sql, final ResultSetHandler<T> rsh, final Object... params) throws SQLException {",116,
org/apache/commons/dbutils/AsyncQueryRunner.java,492,RemoveMethod,"public Future<Integer> update(final Connection conn, final String sql) throws SQLException {","public Future<Integer> update(final Connection conn, final String sql) throws SQLException {",117,
org/apache/commons/dbutils/AsyncQueryRunner.java,506,RemoveMethod,"public Future<Integer> update(final Connection conn, final String sql, final Object param) throws SQLException {","public Future<Integer> update(final Connection conn, final String sql, final Object param) throws SQLException {",118,
org/apache/commons/dbutils/AsyncQueryRunner.java,519,RemoveMethod,"public Future<Integer> update(final Connection conn, final String sql, final Object... params) throws SQLException {","public Future<Integer> update(final Connection conn, final String sql, final Object... params) throws SQLException {",119,
org/apache/commons/dbutils/AsyncQueryRunner.java,534,RemoveMethod,public Future<Integer> update(final String sql) throws SQLException {,public Future<Integer> update(final String sql) throws SQLException {,120,
org/apache/commons/dbutils/AsyncQueryRunner.java,550,RemoveMethod,"public Future<Integer> update(final String sql, final Object param) throws SQLException {","public Future<Integer> update(final String sql, final Object param) throws SQLException {",121,
org/apache/commons/dbutils/AsyncQueryRunner.java,566,RemoveMethod,"public Future<Integer> update(final String sql, final Object... params) throws SQLException {","public Future<Integer> update(final String sql, final Object... params) throws SQLException {",122,
org/apache/commons/dbutils/AsyncQueryRunner.java,251,NullifyObjectInitialization,"this.queryRunner = new QueryRunner(ds, pmdKnownBroken);",this.queryRunner = null;,80,
org/apache/commons/dbutils/AsyncQueryRunner.java,90,NullifyReturnValue,return ret;,return null;,81,
org/apache/commons/dbutils/AsyncQueryRunner.java,154,NullifyReturnValue,return ret;,return null;,82,
org/apache/commons/dbutils/AsyncQueryRunner.java,212,NullifyReturnValue,return Integer.valueOf(rows);,return null;,83,
org/apache/commons/dbutils/AsyncQueryRunner.java,302,NullifyReturnValue,"return executorService.submit(() -> queryRunner.batch(conn, sql, params));",return null;,84,
org/apache/commons/dbutils/AsyncQueryRunner.java,318,NullifyReturnValue,"return executorService.submit(() -> queryRunner.batch(sql, params));",return null;,85,
org/apache/commons/dbutils/AsyncQueryRunner.java,334,NullifyReturnValue,"return executorService.submit(() -> queryRunner.insert(conn, sql, rsh));",return null;,86,
org/apache/commons/dbutils/AsyncQueryRunner.java,351,NullifyReturnValue,"return executorService.submit(() -> queryRunner.insert(conn, sql, rsh, params));",return null;,87,
org/apache/commons/dbutils/AsyncQueryRunner.java,366,NullifyReturnValue,"return executorService.submit(() -> queryRunner.insert(sql, rsh));",return null;,88,
org/apache/commons/dbutils/AsyncQueryRunner.java,382,NullifyReturnValue,"return executorService.submit(() -> queryRunner.insert(sql, rsh, params));",return null;,89,
org/apache/commons/dbutils/AsyncQueryRunner.java,400,NullifyReturnValue,"return executorService.submit(() -> queryRunner.insertBatch(conn, sql, rsh, params));",return null;,90,
org/apache/commons/dbutils/AsyncQueryRunner.java,417,NullifyReturnValue,"return executorService.submit(() -> queryRunner.insertBatch(sql, rsh, params));",return null;,91,
org/apache/commons/dbutils/AsyncQueryRunner.java,431,NullifyReturnValue,"return executorService.submit(() -> queryRunner.query(conn, sql, rsh));",return null;,92,
org/apache/commons/dbutils/AsyncQueryRunner.java,447,NullifyReturnValue,"return executorService.submit(() -> queryRunner.query(conn, sql, rsh, params));",return null;,93,
org/apache/commons/dbutils/AsyncQueryRunner.java,463,NullifyReturnValue,"return executorService.submit(() -> queryRunner.query(sql, rsh));",return null;,94,
org/apache/commons/dbutils/AsyncQueryRunner.java,480,NullifyReturnValue,"return executorService.submit(() -> queryRunner.query(sql, rsh, params));",return null;,95,
org/apache/commons/dbutils/AsyncQueryRunner.java,493,NullifyReturnValue,"return executorService.submit(() -> Integer.valueOf(queryRunner.update(conn, sql)));",return null;,96,
org/apache/commons/dbutils/AsyncQueryRunner.java,507,NullifyReturnValue,"return executorService.submit(() -> Integer.valueOf(queryRunner.update(conn, sql, param)));",return null;,97,
org/apache/commons/dbutils/AsyncQueryRunner.java,520,NullifyReturnValue,"return executorService.submit(() -> Integer.valueOf(queryRunner.update(conn, sql, params)));",return null;,98,
org/apache/commons/dbutils/AsyncQueryRunner.java,535,NullifyReturnValue,return executorService.submit(() -> Integer.valueOf(queryRunner.update(sql)));,return null;,99,
org/apache/commons/dbutils/BaseResultSetHandler.java,679,NullifyObjectInitialization,"throw new IllegalStateException(""Re-entry not allowed!"");",throw null;,123,
org/apache/commons/dbutils/BaseResultSetHandler.java,125,NullifyReturnValue,return resultSet;,return null;,124,
org/apache/commons/dbutils/BaseResultSetHandler.java,132,NullifyReturnValue,return resultSet.getArray(columnIndex);,return null;,125,
org/apache/commons/dbutils/BaseResultSetHandler.java,139,NullifyReturnValue,return resultSet.getArray(columnLabel);,return null;,126,
org/apache/commons/dbutils/BaseResultSetHandler.java,146,NullifyReturnValue,return resultSet.getAsciiStream(columnIndex);,return null;,127,
org/apache/commons/dbutils/BaseResultSetHandler.java,153,NullifyReturnValue,return resultSet.getAsciiStream(columnLabel);,return null;,128,
org/apache/commons/dbutils/BaseResultSetHandler.java,160,NullifyReturnValue,return resultSet.getBigDecimal(columnIndex);,return null;,129,
org/apache/commons/dbutils/BaseResultSetHandler.java,168,NullifyReturnValue,"return resultSet.getBigDecimal(columnIndex, scale);",return null;,130,
org/apache/commons/dbutils/BaseResultSetHandler.java,175,NullifyReturnValue,return resultSet.getBigDecimal(columnLabel);,return null;,131,
org/apache/commons/dbutils/BaseResultSetHandler.java,183,NullifyReturnValue,"return resultSet.getBigDecimal(columnLabel, scale);",return null;,132,
org/apache/commons/dbutils/BaseResultSetHandler.java,190,NullifyReturnValue,return resultSet.getBinaryStream(columnIndex);,return null;,133,
org/apache/commons/dbutils/BaseResultSetHandler.java,197,NullifyReturnValue,return resultSet.getBinaryStream(columnLabel);,return null;,134,
org/apache/commons/dbutils/BaseResultSetHandler.java,204,NullifyReturnValue,return resultSet.getBlob(columnIndex);,return null;,135,
org/apache/commons/dbutils/BaseResultSetHandler.java,211,NullifyReturnValue,return resultSet.getBlob(columnLabel);,return null;,136,
org/apache/commons/dbutils/BaseResultSetHandler.java,246,NullifyReturnValue,return resultSet.getBytes(columnIndex);,return null;,137,
org/apache/commons/dbutils/BaseResultSetHandler.java,253,NullifyReturnValue,return resultSet.getBytes(columnLabel);,return null;,138,
org/apache/commons/dbutils/BaseResultSetHandler.java,260,NullifyReturnValue,return resultSet.getCharacterStream(columnIndex);,return null;,139,
org/apache/commons/dbutils/BaseResultSetHandler.java,267,NullifyReturnValue,return resultSet.getCharacterStream(columnLabel);,return null;,140,
org/apache/commons/dbutils/BaseResultSetHandler.java,274,NullifyReturnValue,return resultSet.getClob(columnIndex);,return null;,141,
org/apache/commons/dbutils/BaseResultSetHandler.java,281,NullifyReturnValue,return resultSet.getClob(columnLabel);,return null;,142,
org/apache/commons/dbutils/BaseResultSetHandler.java,295,NullifyReturnValue,return resultSet.getCursorName();,return null;,143,
org/apache/commons/dbutils/BaseResultSetHandler.java,302,NullifyReturnValue,return resultSet.getDate(columnIndex);,return null;,144,
org/apache/commons/dbutils/BaseResultSetHandler.java,309,NullifyReturnValue,"return resultSet.getDate(columnIndex, cal);",return null;,145,
org/apache/commons/dbutils/BaseResultSetHandler.java,316,NullifyReturnValue,return resultSet.getDate(columnLabel);,return null;,146,
org/apache/commons/dbutils/BaseResultSetHandler.java,323,NullifyReturnValue,"return resultSet.getDate(columnLabel, cal);",return null;,147,
org/apache/commons/dbutils/BaseResultSetHandler.java,407,NullifyReturnValue,return resultSet.getMetaData();,return null;,148,
org/apache/commons/dbutils/BaseResultSetHandler.java,414,NullifyReturnValue,return resultSet.getNCharacterStream(columnIndex);,return null;,149,
org/apache/commons/dbutils/BaseResultSetHandler.java,421,NullifyReturnValue,return resultSet.getNCharacterStream(columnLabel);,return null;,150,
org/apache/commons/dbutils/BaseResultSetHandler.java,428,NullifyReturnValue,return resultSet.getNClob(columnIndex);,return null;,151,
org/apache/commons/dbutils/BaseResultSetHandler.java,435,NullifyReturnValue,return resultSet.getNClob(columnLabel);,return null;,152,
org/apache/commons/dbutils/BaseResultSetHandler.java,442,NullifyReturnValue,return resultSet.getNString(columnIndex);,return null;,153,
org/apache/commons/dbutils/BaseResultSetHandler.java,449,NullifyReturnValue,return resultSet.getNString(columnLabel);,return null;,154,
org/apache/commons/dbutils/BaseResultSetHandler.java,456,NullifyReturnValue,return resultSet.getObject(columnIndex);,return null;,155,
org/apache/commons/dbutils/BaseResultSetHandler.java,463,NullifyReturnValue,"return resultSet.getObject(columnIndex, map);",return null;,156,
org/apache/commons/dbutils/BaseResultSetHandler.java,470,NullifyReturnValue,return resultSet.getObject(columnLabel);,return null;,157,
org/apache/commons/dbutils/BaseResultSetHandler.java,477,NullifyReturnValue,"return resultSet.getObject(columnLabel, map);",return null;,158,
org/apache/commons/dbutils/BaseResultSetHandler.java,484,NullifyReturnValue,return resultSet.getRef(columnIndex);,return null;,159,
org/apache/commons/dbutils/BaseResultSetHandler.java,491,NullifyReturnValue,return resultSet.getRef(columnLabel);,return null;,160,
org/apache/commons/dbutils/BaseResultSetHandler.java,505,NullifyReturnValue,return resultSet.getRowId(columnIndex);,return null;,161,
org/apache/commons/dbutils/BaseResultSetHandler.java,512,NullifyReturnValue,return resultSet.getRowId(columnLabel);,return null;,162,
org/apache/commons/dbutils/BaseResultSetHandler.java,533,NullifyReturnValue,return resultSet.getSQLXML(columnIndex);,return null;,163,
org/apache/commons/dbutils/BaseResultSetHandler.java,540,NullifyReturnValue,return resultSet.getSQLXML(columnLabel);,return null;,164,
org/apache/commons/dbutils/BaseResultSetHandler.java,547,NullifyReturnValue,return resultSet.getStatement();,return null;,165,
org/apache/commons/dbutils/BaseResultSetHandler.java,554,NullifyReturnValue,return resultSet.getString(columnIndex);,return null;,166,
org/apache/commons/dbutils/BaseResultSetHandler.java,561,NullifyReturnValue,return resultSet.getString(columnLabel);,return null;,167,
org/apache/commons/dbutils/BaseResultSetHandler.java,568,NullifyReturnValue,return resultSet.getTime(columnIndex);,return null;,168,
org/apache/commons/dbutils/BaseResultSetHandler.java,575,NullifyReturnValue,"return resultSet.getTime(columnIndex, cal);",return null;,169,
org/apache/commons/dbutils/BaseResultSetHandler.java,582,NullifyReturnValue,return resultSet.getTime(columnLabel);,return null;,170,
org/apache/commons/dbutils/BaseResultSetHandler.java,589,NullifyReturnValue,"return resultSet.getTime(columnLabel, cal);",return null;,171,
org/apache/commons/dbutils/BaseResultSetHandler.java,596,NullifyReturnValue,return resultSet.getTimestamp(columnIndex);,return null;,172,
org/apache/commons/dbutils/BaseResultSetHandler.java,603,NullifyReturnValue,"return resultSet.getTimestamp(columnIndex, cal);",return null;,173,
org/apache/commons/dbutils/BaseResultSetHandler.java,610,NullifyReturnValue,return resultSet.getTimestamp(columnLabel);,return null;,174,
org/apache/commons/dbutils/BaseResultSetHandler.java,617,NullifyReturnValue,"return resultSet.getTimestamp(columnLabel, cal);",return null;,175,
org/apache/commons/dbutils/BaseResultSetHandler.java,632,NullifyReturnValue,return resultSet.getUnicodeStream(columnIndex);,return null;,176,
org/apache/commons/dbutils/BaseResultSetHandler.java,640,NullifyReturnValue,return resultSet.getUnicodeStream(columnLabel);,return null;,177,
org/apache/commons/dbutils/BaseResultSetHandler.java,647,NullifyReturnValue,return resultSet.getURL(columnIndex);,return null;,178,
org/apache/commons/dbutils/BaseResultSetHandler.java,654,NullifyReturnValue,return resultSet.getURL(columnLabel);,return null;,179,
org/apache/commons/dbutils/BaseResultSetHandler.java,661,NullifyReturnValue,return resultSet.getWarnings();,return null;,180,
org/apache/commons/dbutils/BaseResultSetHandler.java,685,NullifyReturnValue,return handle();,return null;,181,
org/apache/commons/dbutils/BaseResultSetHandler.java,828,NullifyReturnValue,return resultSet.unwrap(iface);,return null;,182,
org/apache/commons/dbutils/BaseResultSetHandler.java,678,RelationalOperatorReplacement,if (this.resultSet != null) {,if (this.resultSet == null) {,183,
org/apache/commons/dbutils/BaseResultSetHandler.java,64,RemoveMethod,protected final boolean absolute(final int row) throws SQLException {,protected final boolean absolute(final int row) throws SQLException {,184,
org/apache/commons/dbutils/BaseResultSetHandler.java,64,RemoveMethod,protected final boolean absolute(final int row) throws SQLException {,protected final boolean absolute(final int row) throws SQLException {,185,
org/apache/commons/dbutils/BaseResultSetHandler.java,71,RemoveMethod,protected final void afterLast() throws SQLException {,protected final void afterLast() throws SQLException {,186,
org/apache/commons/dbutils/BaseResultSetHandler.java,78,RemoveMethod,protected final void beforeFirst() throws SQLException {,protected final void beforeFirst() throws SQLException {,187,
org/apache/commons/dbutils/BaseResultSetHandler.java,85,RemoveMethod,protected final void cancelRowUpdates() throws SQLException {,protected final void cancelRowUpdates() throws SQLException {,188,
org/apache/commons/dbutils/BaseResultSetHandler.java,92,RemoveMethod,protected final void clearWarnings() throws SQLException {,protected final void clearWarnings() throws SQLException {,189,
org/apache/commons/dbutils/BaseResultSetHandler.java,99,RemoveMethod,protected final void close() throws SQLException {,protected final void close() throws SQLException {,190,
org/apache/commons/dbutils/BaseResultSetHandler.java,106,RemoveMethod,protected final void deleteRow() throws SQLException {,protected final void deleteRow() throws SQLException {,191,
org/apache/commons/dbutils/BaseResultSetHandler.java,113,RemoveMethod,protected final int findColumn(final String columnLabel) throws SQLException {,protected final int findColumn(final String columnLabel) throws SQLException {,192,
org/apache/commons/dbutils/BaseResultSetHandler.java,113,RemoveMethod,protected final int findColumn(final String columnLabel) throws SQLException {,protected final int findColumn(final String columnLabel) throws SQLException {,193,
org/apache/commons/dbutils/BaseResultSetHandler.java,120,RemoveMethod,protected final boolean first() throws SQLException {,protected final boolean first() throws SQLException {,194,
org/apache/commons/dbutils/BaseResultSetHandler.java,120,RemoveMethod,protected final boolean first() throws SQLException {,protected final boolean first() throws SQLException {,195,
org/apache/commons/dbutils/BaseResultSetHandler.java,124,RemoveMethod,protected final ResultSet getAdaptedResultSet() {,protected final ResultSet getAdaptedResultSet() {,196,
org/apache/commons/dbutils/BaseResultSetHandler.java,131,RemoveMethod,protected final Array getArray(final int columnIndex) throws SQLException {,protected final Array getArray(final int columnIndex) throws SQLException {,197,
org/apache/commons/dbutils/BaseResultSetHandler.java,138,RemoveMethod,protected final Array getArray(final String columnLabel) throws SQLException {,protected final Array getArray(final String columnLabel) throws SQLException {,198,
org/apache/commons/dbutils/BaseResultSetHandler.java,145,RemoveMethod,protected final InputStream getAsciiStream(final int columnIndex) throws SQLException {,protected final InputStream getAsciiStream(final int columnIndex) throws SQLException {,199,
org/apache/commons/dbutils/BaseResultSetHandler.java,152,RemoveMethod,protected final InputStream getAsciiStream(final String columnLabel) throws SQLException {,protected final InputStream getAsciiStream(final String columnLabel) throws SQLException {,200,
org/apache/commons/dbutils/BaseResultSetHandler.java,159,RemoveMethod,protected final BigDecimal getBigDecimal(final int columnIndex) throws SQLException {,protected final BigDecimal getBigDecimal(final int columnIndex) throws SQLException {,201,
org/apache/commons/dbutils/BaseResultSetHandler.java,167,RemoveMethod,"protected final BigDecimal getBigDecimal(final int columnIndex, final int scale) throws SQLException {","protected final BigDecimal getBigDecimal(final int columnIndex, final int scale) throws SQLException {",202,
org/apache/commons/dbutils/BaseResultSetHandler.java,174,RemoveMethod,protected final BigDecimal getBigDecimal(final String columnLabel) throws SQLException {,protected final BigDecimal getBigDecimal(final String columnLabel) throws SQLException {,203,
org/apache/commons/dbutils/BaseResultSetHandler.java,182,RemoveMethod,"protected final BigDecimal getBigDecimal(final String columnLabel, final int scale) throws SQLException {","protected final BigDecimal getBigDecimal(final String columnLabel, final int scale) throws SQLException {",204,
org/apache/commons/dbutils/BaseResultSetHandler.java,189,RemoveMethod,protected final InputStream getBinaryStream(final int columnIndex) throws SQLException {,protected final InputStream getBinaryStream(final int columnIndex) throws SQLException {,205,
org/apache/commons/dbutils/BaseResultSetHandler.java,196,RemoveMethod,protected final InputStream getBinaryStream(final String columnLabel) throws SQLException {,protected final InputStream getBinaryStream(final String columnLabel) throws SQLException {,206,
org/apache/commons/dbutils/BaseResultSetHandler.java,203,RemoveMethod,protected final Blob getBlob(final int columnIndex) throws SQLException {,protected final Blob getBlob(final int columnIndex) throws SQLException {,207,
org/apache/commons/dbutils/BaseResultSetHandler.java,210,RemoveMethod,protected final Blob getBlob(final String columnLabel) throws SQLException {,protected final Blob getBlob(final String columnLabel) throws SQLException {,208,
org/apache/commons/dbutils/BaseResultSetHandler.java,217,RemoveMethod,protected final boolean getBoolean(final int columnIndex) throws SQLException {,protected final boolean getBoolean(final int columnIndex) throws SQLException {,209,
org/apache/commons/dbutils/BaseResultSetHandler.java,217,RemoveMethod,protected final boolean getBoolean(final int columnIndex) throws SQLException {,protected final boolean getBoolean(final int columnIndex) throws SQLException {,210,
org/apache/commons/dbutils/BaseResultSetHandler.java,224,RemoveMethod,protected final boolean getBoolean(final String columnLabel) throws SQLException {,protected final boolean getBoolean(final String columnLabel) throws SQLException {,211,
org/apache/commons/dbutils/BaseResultSetHandler.java,224,RemoveMethod,protected final boolean getBoolean(final String columnLabel) throws SQLException {,protected final boolean getBoolean(final String columnLabel) throws SQLException {,212,
org/apache/commons/dbutils/BaseResultSetHandler.java,231,RemoveMethod,protected final byte getByte(final int columnIndex) throws SQLException {,protected final byte getByte(final int columnIndex) throws SQLException {,213,
org/apache/commons/dbutils/BaseResultSetHandler.java,231,RemoveMethod,protected final byte getByte(final int columnIndex) throws SQLException {,protected final byte getByte(final int columnIndex) throws SQLException {,214,
org/apache/commons/dbutils/BaseResultSetHandler.java,238,RemoveMethod,protected final byte getByte(final String columnLabel) throws SQLException {,protected final byte getByte(final String columnLabel) throws SQLException {,215,
org/apache/commons/dbutils/BaseResultSetHandler.java,238,RemoveMethod,protected final byte getByte(final String columnLabel) throws SQLException {,protected final byte getByte(final String columnLabel) throws SQLException {,216,
org/apache/commons/dbutils/BaseResultSetHandler.java,245,RemoveMethod,protected final byte[] getBytes(final int columnIndex) throws SQLException {,protected final byte[] getBytes(final int columnIndex) throws SQLException {,217,
org/apache/commons/dbutils/BaseResultSetHandler.java,252,RemoveMethod,protected final byte[] getBytes(final String columnLabel) throws SQLException {,protected final byte[] getBytes(final String columnLabel) throws SQLException {,218,
org/apache/commons/dbutils/BaseResultSetHandler.java,259,RemoveMethod,protected final Reader getCharacterStream(final int columnIndex) throws SQLException {,protected final Reader getCharacterStream(final int columnIndex) throws SQLException {,219,
org/apache/commons/dbutils/BaseResultSetHandler.java,266,RemoveMethod,protected final Reader getCharacterStream(final String columnLabel) throws SQLException {,protected final Reader getCharacterStream(final String columnLabel) throws SQLException {,220,
org/apache/commons/dbutils/BaseResultSetHandler.java,273,RemoveMethod,protected final Clob getClob(final int columnIndex) throws SQLException {,protected final Clob getClob(final int columnIndex) throws SQLException {,221,
org/apache/commons/dbutils/BaseResultSetHandler.java,280,RemoveMethod,protected final Clob getClob(final String columnLabel) throws SQLException {,protected final Clob getClob(final String columnLabel) throws SQLException {,222,
org/apache/commons/dbutils/BaseResultSetHandler.java,287,RemoveMethod,protected final int getConcurrency() throws SQLException {,protected final int getConcurrency() throws SQLException {,223,
org/apache/commons/dbutils/BaseResultSetHandler.java,287,RemoveMethod,protected final int getConcurrency() throws SQLException {,protected final int getConcurrency() throws SQLException {,224,
org/apache/commons/dbutils/BaseResultSetHandler.java,294,RemoveMethod,protected final String getCursorName() throws SQLException {,protected final String getCursorName() throws SQLException {,225,
org/apache/commons/dbutils/BaseResultSetHandler.java,294,RemoveMethod,protected final String getCursorName() throws SQLException {,protected final String getCursorName() throws SQLException {,226,
org/apache/commons/dbutils/BaseResultSetHandler.java,301,RemoveMethod,protected final Date getDate(final int columnIndex) throws SQLException {,protected final Date getDate(final int columnIndex) throws SQLException {,227,
org/apache/commons/dbutils/BaseResultSetHandler.java,308,RemoveMethod,"protected final Date getDate(final int columnIndex, final Calendar cal) throws SQLException {","protected final Date getDate(final int columnIndex, final Calendar cal) throws SQLException {",228,
org/apache/commons/dbutils/BaseResultSetHandler.java,315,RemoveMethod,protected final Date getDate(final String columnLabel) throws SQLException {,protected final Date getDate(final String columnLabel) throws SQLException {,229,
org/apache/commons/dbutils/BaseResultSetHandler.java,322,RemoveMethod,"protected final Date getDate(final String columnLabel, final Calendar cal) throws SQLException {","protected final Date getDate(final String columnLabel, final Calendar cal) throws SQLException {",230,
org/apache/commons/dbutils/BaseResultSetHandler.java,329,RemoveMethod,protected final double getDouble(final int columnIndex) throws SQLException {,protected final double getDouble(final int columnIndex) throws SQLException {,231,
org/apache/commons/dbutils/BaseResultSetHandler.java,329,RemoveMethod,protected final double getDouble(final int columnIndex) throws SQLException {,protected final double getDouble(final int columnIndex) throws SQLException {,232,
org/apache/commons/dbutils/BaseResultSetHandler.java,336,RemoveMethod,protected final double getDouble(final String columnLabel) throws SQLException {,protected final double getDouble(final String columnLabel) throws SQLException {,233,
org/apache/commons/dbutils/BaseResultSetHandler.java,336,RemoveMethod,protected final double getDouble(final String columnLabel) throws SQLException {,protected final double getDouble(final String columnLabel) throws SQLException {,234,
org/apache/commons/dbutils/BaseResultSetHandler.java,343,RemoveMethod,protected final int getFetchDirection() throws SQLException {,protected final int getFetchDirection() throws SQLException {,235,
org/apache/commons/dbutils/BaseResultSetHandler.java,343,RemoveMethod,protected final int getFetchDirection() throws SQLException {,protected final int getFetchDirection() throws SQLException {,236,
org/apache/commons/dbutils/BaseResultSetHandler.java,350,RemoveMethod,protected final int getFetchSize() throws SQLException {,protected final int getFetchSize() throws SQLException {,237,
org/apache/commons/dbutils/BaseResultSetHandler.java,350,RemoveMethod,protected final int getFetchSize() throws SQLException {,protected final int getFetchSize() throws SQLException {,238,
org/apache/commons/dbutils/BaseResultSetHandler.java,357,RemoveMethod,protected final float getFloat(final int columnIndex) throws SQLException {,protected final float getFloat(final int columnIndex) throws SQLException {,239,
org/apache/commons/dbutils/BaseResultSetHandler.java,357,RemoveMethod,protected final float getFloat(final int columnIndex) throws SQLException {,protected final float getFloat(final int columnIndex) throws SQLException {,240,
org/apache/commons/dbutils/BaseResultSetHandler.java,364,RemoveMethod,protected final float getFloat(final String columnLabel) throws SQLException {,protected final float getFloat(final String columnLabel) throws SQLException {,241,
org/apache/commons/dbutils/BaseResultSetHandler.java,364,RemoveMethod,protected final float getFloat(final String columnLabel) throws SQLException {,protected final float getFloat(final String columnLabel) throws SQLException {,242,
org/apache/commons/dbutils/BaseResultSetHandler.java,371,RemoveMethod,protected final int getHoldability() throws SQLException {,protected final int getHoldability() throws SQLException {,243,
org/apache/commons/dbutils/BaseResultSetHandler.java,371,RemoveMethod,protected final int getHoldability() throws SQLException {,protected final int getHoldability() throws SQLException {,244,
org/apache/commons/dbutils/BaseResultSetHandler.java,378,RemoveMethod,protected final int getInt(final int columnIndex) throws SQLException {,protected final int getInt(final int columnIndex) throws SQLException {,245,
org/apache/commons/dbutils/BaseResultSetHandler.java,378,RemoveMethod,protected final int getInt(final int columnIndex) throws SQLException {,protected final int getInt(final int columnIndex) throws SQLException {,246,
org/apache/commons/dbutils/BaseResultSetHandler.java,385,RemoveMethod,protected final int getInt(final String columnLabel) throws SQLException {,protected final int getInt(final String columnLabel) throws SQLException {,247,
org/apache/commons/dbutils/BaseResultSetHandler.java,385,RemoveMethod,protected final int getInt(final String columnLabel) throws SQLException {,protected final int getInt(final String columnLabel) throws SQLException {,248,
org/apache/commons/dbutils/BaseResultSetHandler.java,392,RemoveMethod,protected final long getLong(final int columnIndex) throws SQLException {,protected final long getLong(final int columnIndex) throws SQLException {,249,
org/apache/commons/dbutils/BaseResultSetHandler.java,392,RemoveMethod,protected final long getLong(final int columnIndex) throws SQLException {,protected final long getLong(final int columnIndex) throws SQLException {,250,
org/apache/commons/dbutils/BaseResultSetHandler.java,399,RemoveMethod,protected final long getLong(final String columnLabel) throws SQLException {,protected final long getLong(final String columnLabel) throws SQLException {,251,
org/apache/commons/dbutils/BaseResultSetHandler.java,399,RemoveMethod,protected final long getLong(final String columnLabel) throws SQLException {,protected final long getLong(final String columnLabel) throws SQLException {,252,
org/apache/commons/dbutils/BaseResultSetHandler.java,406,RemoveMethod,protected final ResultSetMetaData getMetaData() throws SQLException {,protected final ResultSetMetaData getMetaData() throws SQLException {,253,
org/apache/commons/dbutils/BaseResultSetHandler.java,413,RemoveMethod,protected final Reader getNCharacterStream(final int columnIndex) throws SQLException {,protected final Reader getNCharacterStream(final int columnIndex) throws SQLException {,254,
org/apache/commons/dbutils/BaseResultSetHandler.java,420,RemoveMethod,protected final Reader getNCharacterStream(final String columnLabel) throws SQLException {,protected final Reader getNCharacterStream(final String columnLabel) throws SQLException {,255,
org/apache/commons/dbutils/BaseResultSetHandler.java,427,RemoveMethod,protected final NClob getNClob(final int columnIndex) throws SQLException {,protected final NClob getNClob(final int columnIndex) throws SQLException {,256,
org/apache/commons/dbutils/BaseResultSetHandler.java,434,RemoveMethod,protected final NClob getNClob(final String columnLabel) throws SQLException {,protected final NClob getNClob(final String columnLabel) throws SQLException {,257,
org/apache/commons/dbutils/BaseResultSetHandler.java,441,RemoveMethod,protected final String getNString(final int columnIndex) throws SQLException {,protected final String getNString(final int columnIndex) throws SQLException {,258,
org/apache/commons/dbutils/BaseResultSetHandler.java,441,RemoveMethod,protected final String getNString(final int columnIndex) throws SQLException {,protected final String getNString(final int columnIndex) throws SQLException {,259,
org/apache/commons/dbutils/BaseResultSetHandler.java,448,RemoveMethod,protected final String getNString(final String columnLabel) throws SQLException {,protected final String getNString(final String columnLabel) throws SQLException {,260,
org/apache/commons/dbutils/BaseResultSetHandler.java,448,RemoveMethod,protected final String getNString(final String columnLabel) throws SQLException {,protected final String getNString(final String columnLabel) throws SQLException {,261,
org/apache/commons/dbutils/BaseResultSetHandler.java,455,RemoveMethod,protected final Object getObject(final int columnIndex) throws SQLException {,protected final Object getObject(final int columnIndex) throws SQLException {,262,
org/apache/commons/dbutils/BaseResultSetHandler.java,462,RemoveMethod,"protected final Object getObject(final int columnIndex, final Map<String, Class<?>> map) throws SQLException {","protected final Object getObject(final int columnIndex, final Map<String, Class<?>> map) throws SQLException {",263,
org/apache/commons/dbutils/BaseResultSetHandler.java,469,RemoveMethod,protected final Object getObject(final String columnLabel) throws SQLException {,protected final Object getObject(final String columnLabel) throws SQLException {,264,
org/apache/commons/dbutils/BaseResultSetHandler.java,476,RemoveMethod,"protected final Object getObject(final String columnLabel, final Map<String, Class<?>> map) throws SQLException {","protected final Object getObject(final String columnLabel, final Map<String, Class<?>> map) throws SQLException {",265,
org/apache/commons/dbutils/BaseResultSetHandler.java,483,RemoveMethod,protected final Ref getRef(final int columnIndex) throws SQLException {,protected final Ref getRef(final int columnIndex) throws SQLException {,266,
org/apache/commons/dbutils/BaseResultSetHandler.java,490,RemoveMethod,protected final Ref getRef(final String columnLabel) throws SQLException {,protected final Ref getRef(final String columnLabel) throws SQLException {,267,
org/apache/commons/dbutils/BaseResultSetHandler.java,497,RemoveMethod,protected final int getRow() throws SQLException {,protected final int getRow() throws SQLException {,268,
org/apache/commons/dbutils/BaseResultSetHandler.java,497,RemoveMethod,protected final int getRow() throws SQLException {,protected final int getRow() throws SQLException {,269,
org/apache/commons/dbutils/BaseResultSetHandler.java,504,RemoveMethod,protected final RowId getRowId(final int columnIndex) throws SQLException {,protected final RowId getRowId(final int columnIndex) throws SQLException {,270,
org/apache/commons/dbutils/BaseResultSetHandler.java,511,RemoveMethod,protected final RowId getRowId(final String columnLabel) throws SQLException {,protected final RowId getRowId(final String columnLabel) throws SQLException {,271,
org/apache/commons/dbutils/BaseResultSetHandler.java,518,RemoveMethod,protected final short getShort(final int columnIndex) throws SQLException {,protected final short getShort(final int columnIndex) throws SQLException {,272,
org/apache/commons/dbutils/BaseResultSetHandler.java,518,RemoveMethod,protected final short getShort(final int columnIndex) throws SQLException {,protected final short getShort(final int columnIndex) throws SQLException {,273,
org/apache/commons/dbutils/BaseResultSetHandler.java,525,RemoveMethod,protected final short getShort(final String columnLabel) throws SQLException {,protected final short getShort(final String columnLabel) throws SQLException {,274,
org/apache/commons/dbutils/BaseResultSetHandler.java,525,RemoveMethod,protected final short getShort(final String columnLabel) throws SQLException {,protected final short getShort(final String columnLabel) throws SQLException {,275,
org/apache/commons/dbutils/BaseResultSetHandler.java,532,RemoveMethod,protected final SQLXML getSQLXML(final int columnIndex) throws SQLException {,protected final SQLXML getSQLXML(final int columnIndex) throws SQLException {,276,
org/apache/commons/dbutils/BaseResultSetHandler.java,539,RemoveMethod,protected final SQLXML getSQLXML(final String columnLabel) throws SQLException {,protected final SQLXML getSQLXML(final String columnLabel) throws SQLException {,277,
org/apache/commons/dbutils/BaseResultSetHandler.java,546,RemoveMethod,protected final Statement getStatement() throws SQLException {,protected final Statement getStatement() throws SQLException {,278,
org/apache/commons/dbutils/BaseResultSetHandler.java,553,RemoveMethod,protected final String getString(final int columnIndex) throws SQLException {,protected final String getString(final int columnIndex) throws SQLException {,279,
org/apache/commons/dbutils/BaseResultSetHandler.java,553,RemoveMethod,protected final String getString(final int columnIndex) throws SQLException {,protected final String getString(final int columnIndex) throws SQLException {,280,
org/apache/commons/dbutils/BaseResultSetHandler.java,560,RemoveMethod,protected final String getString(final String columnLabel) throws SQLException {,protected final String getString(final String columnLabel) throws SQLException {,281,
org/apache/commons/dbutils/BaseResultSetHandler.java,560,RemoveMethod,protected final String getString(final String columnLabel) throws SQLException {,protected final String getString(final String columnLabel) throws SQLException {,282,
org/apache/commons/dbutils/BaseResultSetHandler.java,567,RemoveMethod,protected final Time getTime(final int columnIndex) throws SQLException {,protected final Time getTime(final int columnIndex) throws SQLException {,283,
org/apache/commons/dbutils/BaseResultSetHandler.java,574,RemoveMethod,"protected final Time getTime(final int columnIndex, final Calendar cal) throws SQLException {","protected final Time getTime(final int columnIndex, final Calendar cal) throws SQLException {",284,
org/apache/commons/dbutils/BaseResultSetHandler.java,581,RemoveMethod,protected final Time getTime(final String columnLabel) throws SQLException {,protected final Time getTime(final String columnLabel) throws SQLException {,285,
org/apache/commons/dbutils/BaseResultSetHandler.java,588,RemoveMethod,"protected final Time getTime(final String columnLabel, final Calendar cal) throws SQLException {","protected final Time getTime(final String columnLabel, final Calendar cal) throws SQLException {",286,
org/apache/commons/dbutils/BaseResultSetHandler.java,595,RemoveMethod,protected final Timestamp getTimestamp(final int columnIndex) throws SQLException {,protected final Timestamp getTimestamp(final int columnIndex) throws SQLException {,287,
org/apache/commons/dbutils/BaseResultSetHandler.java,602,RemoveMethod,"protected final Timestamp getTimestamp(final int columnIndex, final Calendar cal) throws SQLException {","protected final Timestamp getTimestamp(final int columnIndex, final Calendar cal) throws SQLException {",288,
org/apache/commons/dbutils/BaseResultSetHandler.java,609,RemoveMethod,protected final Timestamp getTimestamp(final String columnLabel) throws SQLException {,protected final Timestamp getTimestamp(final String columnLabel) throws SQLException {,289,
org/apache/commons/dbutils/BaseResultSetHandler.java,616,RemoveMethod,"protected final Timestamp getTimestamp(final String columnLabel, final Calendar cal) throws SQLException {","protected final Timestamp getTimestamp(final String columnLabel, final Calendar cal) throws SQLException {",290,
org/apache/commons/dbutils/BaseResultSetHandler.java,623,RemoveMethod,protected final int getType() throws SQLException {,protected final int getType() throws SQLException {,291,
org/apache/commons/dbutils/BaseResultSetHandler.java,623,RemoveMethod,protected final int getType() throws SQLException {,protected final int getType() throws SQLException {,292,
org/apache/commons/dbutils/BaseResultSetHandler.java,631,RemoveMethod,protected final InputStream getUnicodeStream(final int columnIndex) throws SQLException {,protected final InputStream getUnicodeStream(final int columnIndex) throws SQLException {,293,
org/apache/commons/dbutils/BaseResultSetHandler.java,639,RemoveMethod,protected final InputStream getUnicodeStream(final String columnLabel) throws SQLException {,protected final InputStream getUnicodeStream(final String columnLabel) throws SQLException {,294,
org/apache/commons/dbutils/BaseResultSetHandler.java,646,RemoveMethod,protected final URL getURL(final int columnIndex) throws SQLException {,protected final URL getURL(final int columnIndex) throws SQLException {,295,
org/apache/commons/dbutils/BaseResultSetHandler.java,653,RemoveMethod,protected final URL getURL(final String columnLabel) throws SQLException {,protected final URL getURL(final String columnLabel) throws SQLException {,296,
org/apache/commons/dbutils/BaseResultSetHandler.java,660,RemoveMethod,protected final SQLWarning getWarnings() throws SQLException {,protected final SQLWarning getWarnings() throws SQLException {,297,
org/apache/commons/dbutils/BaseResultSetHandler.java,677,RemoveMethod,public final T handle(final ResultSet rs) throws SQLException {,public final T handle(final ResultSet rs) throws SQLException {,298,
org/apache/commons/dbutils/BaseResultSetHandler.java,694,RemoveMethod,protected final void insertRow() throws SQLException {,protected final void insertRow() throws SQLException {,299,
org/apache/commons/dbutils/BaseResultSetHandler.java,701,RemoveMethod,protected final boolean isAfterLast() throws SQLException {,protected final boolean isAfterLast() throws SQLException {,300,
org/apache/commons/dbutils/BaseResultSetHandler.java,701,RemoveMethod,protected final boolean isAfterLast() throws SQLException {,protected final boolean isAfterLast() throws SQLException {,301,
org/apache/commons/dbutils/BaseResultSetHandler.java,708,RemoveMethod,protected final boolean isBeforeFirst() throws SQLException {,protected final boolean isBeforeFirst() throws SQLException {,302,
org/apache/commons/dbutils/BaseResultSetHandler.java,708,RemoveMethod,protected final boolean isBeforeFirst() throws SQLException {,protected final boolean isBeforeFirst() throws SQLException {,303,
org/apache/commons/dbutils/BaseResultSetHandler.java,715,RemoveMethod,protected final boolean isClosed() throws SQLException {,protected final boolean isClosed() throws SQLException {,304,
org/apache/commons/dbutils/BaseResultSetHandler.java,715,RemoveMethod,protected final boolean isClosed() throws SQLException {,protected final boolean isClosed() throws SQLException {,305,
org/apache/commons/dbutils/BaseResultSetHandler.java,722,RemoveMethod,protected final boolean isFirst() throws SQLException {,protected final boolean isFirst() throws SQLException {,306,
org/apache/commons/dbutils/BaseResultSetHandler.java,722,RemoveMethod,protected final boolean isFirst() throws SQLException {,protected final boolean isFirst() throws SQLException {,307,
org/apache/commons/dbutils/BaseResultSetHandler.java,729,RemoveMethod,protected final boolean isLast() throws SQLException {,protected final boolean isLast() throws SQLException {,308,
org/apache/commons/dbutils/BaseResultSetHandler.java,729,RemoveMethod,protected final boolean isLast() throws SQLException {,protected final boolean isLast() throws SQLException {,309,
org/apache/commons/dbutils/BaseResultSetHandler.java,736,RemoveMethod,protected final boolean isWrapperFor(final Class<?> iface) throws SQLException {,protected final boolean isWrapperFor(final Class<?> iface) throws SQLException {,310,
org/apache/commons/dbutils/BaseResultSetHandler.java,736,RemoveMethod,protected final boolean isWrapperFor(final Class<?> iface) throws SQLException {,protected final boolean isWrapperFor(final Class<?> iface) throws SQLException {,311,
org/apache/commons/dbutils/BaseResultSetHandler.java,743,RemoveMethod,protected final boolean last() throws SQLException {,protected final boolean last() throws SQLException {,312,
org/apache/commons/dbutils/BaseResultSetHandler.java,743,RemoveMethod,protected final boolean last() throws SQLException {,protected final boolean last() throws SQLException {,313,
org/apache/commons/dbutils/BaseResultSetHandler.java,750,RemoveMethod,protected final void moveToCurrentRow() throws SQLException {,protected final void moveToCurrentRow() throws SQLException {,314,
org/apache/commons/dbutils/BaseResultSetHandler.java,757,RemoveMethod,protected final void moveToInsertRow() throws SQLException {,protected final void moveToInsertRow() throws SQLException {,315,
org/apache/commons/dbutils/BaseResultSetHandler.java,764,RemoveMethod,protected final boolean next() throws SQLException {,protected final boolean next() throws SQLException {,316,
org/apache/commons/dbutils/BaseResultSetHandler.java,764,RemoveMethod,protected final boolean next() throws SQLException {,protected final boolean next() throws SQLException {,317,
org/apache/commons/dbutils/BaseResultSetHandler.java,771,RemoveMethod,protected final boolean previous() throws SQLException {,protected final boolean previous() throws SQLException {,318,
org/apache/commons/dbutils/BaseResultSetHandler.java,771,RemoveMethod,protected final boolean previous() throws SQLException {,protected final boolean previous() throws SQLException {,319,
org/apache/commons/dbutils/BaseResultSetHandler.java,778,RemoveMethod,protected final void refreshRow() throws SQLException {,protected final void refreshRow() throws SQLException {,320,
org/apache/commons/dbutils/BaseResultSetHandler.java,785,RemoveMethod,protected final boolean relative(final int rows) throws SQLException {,protected final boolean relative(final int rows) throws SQLException {,321,
org/apache/commons/dbutils/BaseResultSetHandler.java,785,RemoveMethod,protected final boolean relative(final int rows) throws SQLException {,protected final boolean relative(final int rows) throws SQLException {,322,
org/apache/commons/dbutils/BaseResultSetHandler.java,792,RemoveMethod,protected final boolean rowDeleted() throws SQLException {,protected final boolean rowDeleted() throws SQLException {,323,
org/apache/commons/dbutils/BaseResultSetHandler.java,792,RemoveMethod,protected final boolean rowDeleted() throws SQLException {,protected final boolean rowDeleted() throws SQLException {,324,
org/apache/commons/dbutils/BaseResultSetHandler.java,799,RemoveMethod,protected final boolean rowInserted() throws SQLException {,protected final boolean rowInserted() throws SQLException {,325,
org/apache/commons/dbutils/BaseResultSetHandler.java,799,RemoveMethod,protected final boolean rowInserted() throws SQLException {,protected final boolean rowInserted() throws SQLException {,326,
org/apache/commons/dbutils/BaseResultSetHandler.java,806,RemoveMethod,protected final boolean rowUpdated() throws SQLException {,protected final boolean rowUpdated() throws SQLException {,327,
org/apache/commons/dbutils/BaseResultSetHandler.java,806,RemoveMethod,protected final boolean rowUpdated() throws SQLException {,protected final boolean rowUpdated() throws SQLException {,328,
org/apache/commons/dbutils/BaseResultSetHandler.java,813,RemoveMethod,protected final void setFetchDirection(final int direction) throws SQLException {,protected final void setFetchDirection(final int direction) throws SQLException {,329,
org/apache/commons/dbutils/BaseResultSetHandler.java,820,RemoveMethod,protected final void setFetchSize(final int rows) throws SQLException {,protected final void setFetchSize(final int rows) throws SQLException {,330,
org/apache/commons/dbutils/BaseResultSetHandler.java,827,RemoveMethod,protected final <E> E unwrap(final Class<E> iface) throws SQLException {,protected final <E> E unwrap(final Class<E> iface) throws SQLException {,331,
org/apache/commons/dbutils/BaseResultSetHandler.java,834,RemoveMethod,"protected final void updateArray(final int columnIndex, final Array x) throws SQLException {","protected final void updateArray(final int columnIndex, final Array x) throws SQLException {",332,
org/apache/commons/dbutils/BaseResultSetHandler.java,841,RemoveMethod,"protected final void updateArray(final String columnLabel, final Array x) throws SQLException {","protected final void updateArray(final String columnLabel, final Array x) throws SQLException {",333,
org/apache/commons/dbutils/BaseResultSetHandler.java,848,RemoveMethod,"protected final void updateAsciiStream(final int columnIndex, final InputStream x) throws SQLException {","protected final void updateAsciiStream(final int columnIndex, final InputStream x) throws SQLException {",334,
org/apache/commons/dbutils/BaseResultSetHandler.java,855,RemoveMethod,"protected final void updateAsciiStream(final int columnIndex, final InputStream x, final int length) throws SQLException {","protected final void updateAsciiStream(final int columnIndex, final InputStream x, final int length) throws SQLException {",335,
org/apache/commons/dbutils/BaseResultSetHandler.java,862,RemoveMethod,"protected final void updateAsciiStream(final int columnIndex, final InputStream x, final long length) throws SQLException {","protected final void updateAsciiStream(final int columnIndex, final InputStream x, final long length) throws SQLException {",336,
org/apache/commons/dbutils/BaseResultSetHandler.java,869,RemoveMethod,"protected final void updateAsciiStream(final String columnLabel, final InputStream x) throws SQLException {","protected final void updateAsciiStream(final String columnLabel, final InputStream x) throws SQLException {",337,
org/apache/commons/dbutils/BaseResultSetHandler.java,876,RemoveMethod,"protected final void updateAsciiStream(final String columnLabel, final InputStream x, final int length) throws SQLException {","protected final void updateAsciiStream(final String columnLabel, final InputStream x, final int length) throws SQLException {",338,
org/apache/commons/dbutils/BaseResultSetHandler.java,883,RemoveMethod,"protected final void updateAsciiStream(final String columnLabel, final InputStream x, final long length) throws SQLException {","protected final void updateAsciiStream(final String columnLabel, final InputStream x, final long length) throws SQLException {",339,
org/apache/commons/dbutils/BaseResultSetHandler.java,890,RemoveMethod,"protected final void updateBigDecimal(final int columnIndex, final BigDecimal x) throws SQLException {","protected final void updateBigDecimal(final int columnIndex, final BigDecimal x) throws SQLException {",340,
org/apache/commons/dbutils/BaseResultSetHandler.java,897,RemoveMethod,"protected final void updateBigDecimal(final String columnLabel, final BigDecimal x) throws SQLException {","protected final void updateBigDecimal(final String columnLabel, final BigDecimal x) throws SQLException {",341,
org/apache/commons/dbutils/BaseResultSetHandler.java,904,RemoveMethod,"protected final void updateBinaryStream(final int columnIndex, final InputStream x) throws SQLException {","protected final void updateBinaryStream(final int columnIndex, final InputStream x) throws SQLException {",342,
org/apache/commons/dbutils/BaseResultSetHandler.java,911,RemoveMethod,"protected final void updateBinaryStream(final int columnIndex, final InputStream x, final int length) throws SQLException {","protected final void updateBinaryStream(final int columnIndex, final InputStream x, final int length) throws SQLException {",343,
org/apache/commons/dbutils/BaseResultSetHandler.java,918,RemoveMethod,"protected final void updateBinaryStream(final int columnIndex, final InputStream x, final long length) throws SQLException {","protected final void updateBinaryStream(final int columnIndex, final InputStream x, final long length) throws SQLException {",344,
org/apache/commons/dbutils/BaseResultSetHandler.java,925,RemoveMethod,"protected final void updateBinaryStream(final String columnLabel, final InputStream x) throws SQLException {","protected final void updateBinaryStream(final String columnLabel, final InputStream x) throws SQLException {",345,
org/apache/commons/dbutils/BaseResultSetHandler.java,932,RemoveMethod,"protected final void updateBinaryStream(final String columnLabel, final InputStream x, final int length) throws SQLException {","protected final void updateBinaryStream(final String columnLabel, final InputStream x, final int length) throws SQLException {",346,
org/apache/commons/dbutils/BaseResultSetHandler.java,939,RemoveMethod,"protected final void updateBinaryStream(final String columnLabel, final InputStream x, final long length) throws SQLException {","protected final void updateBinaryStream(final String columnLabel, final InputStream x, final long length) throws SQLException {",347,
org/apache/commons/dbutils/BaseResultSetHandler.java,946,RemoveMethod,"protected final void updateBlob(final int columnIndex, final Blob x) throws SQLException {","protected final void updateBlob(final int columnIndex, final Blob x) throws SQLException {",348,
org/apache/commons/dbutils/BaseResultSetHandler.java,953,RemoveMethod,"protected final void updateBlob(final int columnIndex, final InputStream inputStream) throws SQLException {","protected final void updateBlob(final int columnIndex, final InputStream inputStream) throws SQLException {",349,
org/apache/commons/dbutils/BaseResultSetHandler.java,960,RemoveMethod,"protected final void updateBlob(final int columnIndex, final InputStream inputStream, final long length) throws SQLException {","protected final void updateBlob(final int columnIndex, final InputStream inputStream, final long length) throws SQLException {",350,
org/apache/commons/dbutils/BaseResultSetHandler.java,967,RemoveMethod,"protected final void updateBlob(final String columnLabel, final Blob x) throws SQLException {","protected final void updateBlob(final String columnLabel, final Blob x) throws SQLException {",351,
org/apache/commons/dbutils/BaseResultSetHandler.java,974,RemoveMethod,"protected final void updateBlob(final String columnLabel, final InputStream inputStream) throws SQLException {","protected final void updateBlob(final String columnLabel, final InputStream inputStream) throws SQLException {",352,
org/apache/commons/dbutils/BaseResultSetHandler.java,981,RemoveMethod,"protected final void updateBlob(final String columnLabel, final InputStream inputStream, final long length) throws SQLException {","protected final void updateBlob(final String columnLabel, final InputStream inputStream, final long length) throws SQLException {",353,
org/apache/commons/dbutils/BaseResultSetHandler.java,988,RemoveMethod,"protected final void updateBoolean(final int columnIndex, final boolean x) throws SQLException {","protected final void updateBoolean(final int columnIndex, final boolean x) throws SQLException {",354,
org/apache/commons/dbutils/BaseResultSetHandler.java,995,RemoveMethod,"protected final void updateBoolean(final String columnLabel, final boolean x) throws SQLException {","protected final void updateBoolean(final String columnLabel, final boolean x) throws SQLException {",355,
org/apache/commons/dbutils/BaseResultSetHandler.java,1002,RemoveMethod,"protected final void updateByte(final int columnIndex, final byte x) throws SQLException {","protected final void updateByte(final int columnIndex, final byte x) throws SQLException {",356,
org/apache/commons/dbutils/BaseResultSetHandler.java,1009,RemoveMethod,"protected final void updateByte(final String columnLabel, final byte x) throws SQLException {","protected final void updateByte(final String columnLabel, final byte x) throws SQLException {",357,
org/apache/commons/dbutils/BaseResultSetHandler.java,1016,RemoveMethod,"protected final void updateBytes(final int columnIndex, final byte[] x) throws SQLException {","protected final void updateBytes(final int columnIndex, final byte[] x) throws SQLException {",358,
org/apache/commons/dbutils/BaseResultSetHandler.java,1023,RemoveMethod,"protected final void updateBytes(final String columnLabel, final byte[] x) throws SQLException {","protected final void updateBytes(final String columnLabel, final byte[] x) throws SQLException {",359,
org/apache/commons/dbutils/BaseResultSetHandler.java,1030,RemoveMethod,"protected final void updateCharacterStream(final int columnIndex, final Reader x) throws SQLException {","protected final void updateCharacterStream(final int columnIndex, final Reader x) throws SQLException {",360,
org/apache/commons/dbutils/BaseResultSetHandler.java,1037,RemoveMethod,"protected final void updateCharacterStream(final int columnIndex, final Reader x, final int length) throws SQLException {","protected final void updateCharacterStream(final int columnIndex, final Reader x, final int length) throws SQLException {",361,
org/apache/commons/dbutils/BaseResultSetHandler.java,1044,RemoveMethod,"protected final void updateCharacterStream(final int columnIndex, final Reader x, final long length) throws SQLException {","protected final void updateCharacterStream(final int columnIndex, final Reader x, final long length) throws SQLException {",362,
org/apache/commons/dbutils/BaseResultSetHandler.java,1051,RemoveMethod,"protected final void updateCharacterStream(final String columnLabel, final Reader reader) throws SQLException {","protected final void updateCharacterStream(final String columnLabel, final Reader reader) throws SQLException {",363,
org/apache/commons/dbutils/BaseResultSetHandler.java,1058,RemoveMethod,"protected final void updateCharacterStream(final String columnLabel, final Reader reader, final int length) throws SQLException {","protected final void updateCharacterStream(final String columnLabel, final Reader reader, final int length) throws SQLException {",364,
org/apache/commons/dbutils/BaseResultSetHandler.java,1065,RemoveMethod,"protected final void updateCharacterStream(final String columnLabel, final Reader reader, final long length) throws SQLException {","protected final void updateCharacterStream(final String columnLabel, final Reader reader, final long length) throws SQLException {",365,
org/apache/commons/dbutils/BaseResultSetHandler.java,1072,RemoveMethod,"protected final void updateClob(final int columnIndex, final Clob x) throws SQLException {","protected final void updateClob(final int columnIndex, final Clob x) throws SQLException {",366,
org/apache/commons/dbutils/BaseResultSetHandler.java,1079,RemoveMethod,"protected final void updateClob(final int columnIndex, final Reader reader) throws SQLException {","protected final void updateClob(final int columnIndex, final Reader reader) throws SQLException {",367,
org/apache/commons/dbutils/BaseResultSetHandler.java,1086,RemoveMethod,"protected final void updateClob(final int columnIndex, final Reader reader, final long length) throws SQLException {","protected final void updateClob(final int columnIndex, final Reader reader, final long length) throws SQLException {",368,
org/apache/commons/dbutils/BaseResultSetHandler.java,1093,RemoveMethod,"protected final void updateClob(final String columnLabel, final Clob x) throws SQLException {","protected final void updateClob(final String columnLabel, final Clob x) throws SQLException {",369,
org/apache/commons/dbutils/BaseResultSetHandler.java,1100,RemoveMethod,"protected final void updateClob(final String columnLabel, final Reader reader) throws SQLException {","protected final void updateClob(final String columnLabel, final Reader reader) throws SQLException {",370,
org/apache/commons/dbutils/BaseResultSetHandler.java,1107,RemoveMethod,"protected final void updateClob(final String columnLabel, final Reader reader, final long length) throws SQLException {","protected final void updateClob(final String columnLabel, final Reader reader, final long length) throws SQLException {",371,
org/apache/commons/dbutils/BaseResultSetHandler.java,1114,RemoveMethod,"protected final void updateDate(final int columnIndex, final Date x) throws SQLException {","protected final void updateDate(final int columnIndex, final Date x) throws SQLException {",372,
org/apache/commons/dbutils/BaseResultSetHandler.java,1121,RemoveMethod,"protected final void updateDate(final String columnLabel, final Date x) throws SQLException {","protected final void updateDate(final String columnLabel, final Date x) throws SQLException {",373,
org/apache/commons/dbutils/BaseResultSetHandler.java,1128,RemoveMethod,"protected final void updateDouble(final int columnIndex, final double x) throws SQLException {","protected final void updateDouble(final int columnIndex, final double x) throws SQLException {",374,
org/apache/commons/dbutils/BaseResultSetHandler.java,1135,RemoveMethod,"protected final void updateDouble(final String columnLabel, final double x) throws SQLException {","protected final void updateDouble(final String columnLabel, final double x) throws SQLException {",375,
org/apache/commons/dbutils/BaseResultSetHandler.java,1142,RemoveMethod,"protected final void updateFloat(final int columnIndex, final float x) throws SQLException {","protected final void updateFloat(final int columnIndex, final float x) throws SQLException {",376,
org/apache/commons/dbutils/BaseResultSetHandler.java,1149,RemoveMethod,"protected final void updateFloat(final String columnLabel, final float x) throws SQLException {","protected final void updateFloat(final String columnLabel, final float x) throws SQLException {",377,
org/apache/commons/dbutils/BaseResultSetHandler.java,1156,RemoveMethod,"protected final void updateInt(final int columnIndex, final int x) throws SQLException {","protected final void updateInt(final int columnIndex, final int x) throws SQLException {",378,
org/apache/commons/dbutils/BaseResultSetHandler.java,1163,RemoveMethod,"protected final void updateInt(final String columnLabel, final int x) throws SQLException {","protected final void updateInt(final String columnLabel, final int x) throws SQLException {",379,
org/apache/commons/dbutils/BaseResultSetHandler.java,1170,RemoveMethod,"protected final void updateLong(final int columnIndex, final long x) throws SQLException {","protected final void updateLong(final int columnIndex, final long x) throws SQLException {",380,
org/apache/commons/dbutils/BaseResultSetHandler.java,1177,RemoveMethod,"protected final void updateLong(final String columnLabel, final long x) throws SQLException {","protected final void updateLong(final String columnLabel, final long x) throws SQLException {",381,
org/apache/commons/dbutils/BaseResultSetHandler.java,1184,RemoveMethod,"protected final void updateNCharacterStream(final int columnIndex, final Reader x) throws SQLException {","protected final void updateNCharacterStream(final int columnIndex, final Reader x) throws SQLException {",382,
org/apache/commons/dbutils/BaseResultSetHandler.java,1191,RemoveMethod,"protected final void updateNCharacterStream(final int columnIndex, final Reader x, final long length) throws SQLException {","protected final void updateNCharacterStream(final int columnIndex, final Reader x, final long length) throws SQLException {",383,
org/apache/commons/dbutils/BaseResultSetHandler.java,1198,RemoveMethod,"protected final void updateNCharacterStream(final String columnLabel, final Reader reader) throws SQLException {","protected final void updateNCharacterStream(final String columnLabel, final Reader reader) throws SQLException {",384,
org/apache/commons/dbutils/BaseResultSetHandler.java,1205,RemoveMethod,"protected final void updateNCharacterStream(final String columnLabel, final Reader reader, final long length) throws SQLException {","protected final void updateNCharacterStream(final String columnLabel, final Reader reader, final long length) throws SQLException {",385,
org/apache/commons/dbutils/BaseResultSetHandler.java,1212,RemoveMethod,"protected final void updateNClob(final int columnIndex, final NClob nClob) throws SQLException {","protected final void updateNClob(final int columnIndex, final NClob nClob) throws SQLException {",386,
org/apache/commons/dbutils/BaseResultSetHandler.java,1219,RemoveMethod,"protected final void updateNClob(final int columnIndex, final Reader reader) throws SQLException {","protected final void updateNClob(final int columnIndex, final Reader reader) throws SQLException {",387,
org/apache/commons/dbutils/BaseResultSetHandler.java,1226,RemoveMethod,"protected final void updateNClob(final int columnIndex, final Reader reader, final long length) throws SQLException {","protected final void updateNClob(final int columnIndex, final Reader reader, final long length) throws SQLException {",388,
org/apache/commons/dbutils/BaseResultSetHandler.java,1233,RemoveMethod,"protected final void updateNClob(final String columnLabel, final NClob nClob) throws SQLException {","protected final void updateNClob(final String columnLabel, final NClob nClob) throws SQLException {",389,
org/apache/commons/dbutils/BaseResultSetHandler.java,1240,RemoveMethod,"protected final void updateNClob(final String columnLabel, final Reader reader) throws SQLException {","protected final void updateNClob(final String columnLabel, final Reader reader) throws SQLException {",390,
org/apache/commons/dbutils/BaseResultSetHandler.java,1247,RemoveMethod,"protected final void updateNClob(final String columnLabel, final Reader reader, final long length) throws SQLException {","protected final void updateNClob(final String columnLabel, final Reader reader, final long length) throws SQLException {",391,
org/apache/commons/dbutils/BaseResultSetHandler.java,1254,RemoveMethod,"protected final void updateNString(final int columnIndex, final String nString) throws SQLException {","protected final void updateNString(final int columnIndex, final String nString) throws SQLException {",392,
org/apache/commons/dbutils/BaseResultSetHandler.java,1261,RemoveMethod,"protected final void updateNString(final String columnLabel, final String nString) throws SQLException {","protected final void updateNString(final String columnLabel, final String nString) throws SQLException {",393,
org/apache/commons/dbutils/BaseResultSetHandler.java,1268,RemoveMethod,protected final void updateNull(final int columnIndex) throws SQLException {,protected final void updateNull(final int columnIndex) throws SQLException {,394,
org/apache/commons/dbutils/BaseResultSetHandler.java,1275,RemoveMethod,protected final void updateNull(final String columnLabel) throws SQLException {,protected final void updateNull(final String columnLabel) throws SQLException {,395,
org/apache/commons/dbutils/BaseResultSetHandler.java,1282,RemoveMethod,"protected final void updateObject(final int columnIndex, final Object x) throws SQLException {","protected final void updateObject(final int columnIndex, final Object x) throws SQLException {",396,
org/apache/commons/dbutils/BaseResultSetHandler.java,1289,RemoveMethod,"protected final void updateObject(final int columnIndex, final Object x, final int scaleOrLength) throws SQLException {","protected final void updateObject(final int columnIndex, final Object x, final int scaleOrLength) throws SQLException {",397,
org/apache/commons/dbutils/BaseResultSetHandler.java,1296,RemoveMethod,"protected final void updateObject(final String columnLabel, final Object x) throws SQLException {","protected final void updateObject(final String columnLabel, final Object x) throws SQLException {",398,
org/apache/commons/dbutils/BaseResultSetHandler.java,1303,RemoveMethod,"protected final void updateObject(final String columnLabel, final Object x, final int scaleOrLength) throws SQLException {","protected final void updateObject(final String columnLabel, final Object x, final int scaleOrLength) throws SQLException {",399,
org/apache/commons/dbutils/BaseResultSetHandler.java,1310,RemoveMethod,"protected final void updateRef(final int columnIndex, final Ref x) throws SQLException {","protected final void updateRef(final int columnIndex, final Ref x) throws SQLException {",400,
org/apache/commons/dbutils/BaseResultSetHandler.java,1317,RemoveMethod,"protected final void updateRef(final String columnLabel, final Ref x) throws SQLException {","protected final void updateRef(final String columnLabel, final Ref x) throws SQLException {",401,
org/apache/commons/dbutils/BaseResultSetHandler.java,1324,RemoveMethod,protected final void updateRow() throws SQLException {,protected final void updateRow() throws SQLException {,402,
org/apache/commons/dbutils/BaseResultSetHandler.java,1331,RemoveMethod,"protected final void updateRowId(final int columnIndex, final RowId x) throws SQLException {","protected final void updateRowId(final int columnIndex, final RowId x) throws SQLException {",403,
org/apache/commons/dbutils/BaseResultSetHandler.java,1338,RemoveMethod,"protected final void updateRowId(final String columnLabel, final RowId x) throws SQLException {","protected final void updateRowId(final String columnLabel, final RowId x) throws SQLException {",404,
org/apache/commons/dbutils/BaseResultSetHandler.java,1345,RemoveMethod,"protected final void updateShort(final int columnIndex, final short x) throws SQLException {","protected final void updateShort(final int columnIndex, final short x) throws SQLException {",405,
org/apache/commons/dbutils/BaseResultSetHandler.java,1352,RemoveMethod,"protected final void updateShort(final String columnLabel, final short x) throws SQLException {","protected final void updateShort(final String columnLabel, final short x) throws SQLException {",406,
org/apache/commons/dbutils/BaseResultSetHandler.java,1359,RemoveMethod,"protected final void updateSQLXML(final int columnIndex, final SQLXML xmlObject) throws SQLException {","protected final void updateSQLXML(final int columnIndex, final SQLXML xmlObject) throws SQLException {",407,
org/apache/commons/dbutils/BaseResultSetHandler.java,1366,RemoveMethod,"protected final void updateSQLXML(final String columnLabel, final SQLXML xmlObject) throws SQLException {","protected final void updateSQLXML(final String columnLabel, final SQLXML xmlObject) throws SQLException {",408,
org/apache/commons/dbutils/BaseResultSetHandler.java,1373,RemoveMethod,"protected final void updateString(final int columnIndex, final String x) throws SQLException {","protected final void updateString(final int columnIndex, final String x) throws SQLException {",409,
org/apache/commons/dbutils/BaseResultSetHandler.java,1380,RemoveMethod,"protected final void updateString(final String columnLabel, final String x) throws SQLException {","protected final void updateString(final String columnLabel, final String x) throws SQLException {",410,
org/apache/commons/dbutils/BaseResultSetHandler.java,1387,RemoveMethod,"protected final void updateTime(final int columnIndex, final Time x) throws SQLException {","protected final void updateTime(final int columnIndex, final Time x) throws SQLException {",411,
org/apache/commons/dbutils/BaseResultSetHandler.java,1394,RemoveMethod,"protected final void updateTime(final String columnLabel, final Time x) throws SQLException {","protected final void updateTime(final String columnLabel, final Time x) throws SQLException {",412,
org/apache/commons/dbutils/BaseResultSetHandler.java,1401,RemoveMethod,"protected final void updateTimestamp(final int columnIndex, final Timestamp x) throws SQLException {","protected final void updateTimestamp(final int columnIndex, final Timestamp x) throws SQLException {",413,
org/apache/commons/dbutils/BaseResultSetHandler.java,1408,RemoveMethod,"protected final void updateTimestamp(final String columnLabel, final Timestamp x) throws SQLException {","protected final void updateTimestamp(final String columnLabel, final Timestamp x) throws SQLException {",414,
org/apache/commons/dbutils/BaseResultSetHandler.java,1415,RemoveMethod,protected final boolean wasNull() throws SQLException {,protected final boolean wasNull() throws SQLException {,415,
org/apache/commons/dbutils/BaseResultSetHandler.java,1415,RemoveMethod,protected final boolean wasNull() throws SQLException {,protected final boolean wasNull() throws SQLException {,416,
org/apache/commons/dbutils/BaseResultSetHandler.java,678,RemoveNullCheck,if (this.resultSet != null) {,if (true) {,417,
org/apache/commons/dbutils/BasicRowProcessor.java,199,ArithmeticOperatorReplacementBinary,result[i] = resultSet.getObject(i + 1);,result[i] = resultSet.getObject(i - 1);,418,
org/apache/commons/dbutils/BasicRowProcessor.java,198,ArithmeticOperatorReplacementShortcut,for (int i = 0; i < cols; i++) {,for (int i = 0; i < cols; i--) {,419,
org/apache/commons/dbutils/BasicRowProcessor.java,260,ArithmeticOperatorReplacementShortcut,for (int i = 1; i <= cols; i++) {,for (int i = 1; i <= cols; i--) {,420,
org/apache/commons/dbutils/BasicRowProcessor.java,61,ArithmeticOperatorReplacementUnary,private static final long serialVersionUID = -2848100435296897392L;,private static final long serialVersionUID = +2848100435296897392L;,421,
org/apache/commons/dbutils/BasicRowProcessor.java,262,ConditionalOperatorReplacement,if (null == propKey || 0 == propKey.length()) {,if (null == propKey && 0 == propKey.length()) {,422,
org/apache/commons/dbutils/BasicRowProcessor.java,265,ConditionalOperatorReplacement,if (null == propKey || 0 == propKey.length()) {,if (null == propKey && 0 == propKey.length()) {,423,
org/apache/commons/dbutils/BasicRowProcessor.java,77,NullifyObjectInitialization,"private final Map<String, String> lowerCaseMap = new HashMap<>();","private final Map<String, String> lowerCaseMap = null;",424,
org/apache/commons/dbutils/BasicRowProcessor.java,135,NullifyObjectInitialization,private static final BeanProcessor defaultConvert = new BeanProcessor();,private static final BeanProcessor defaultConvert = null;,425,
org/apache/commons/dbutils/BasicRowProcessor.java,140,NullifyObjectInitialization,private static final BasicRowProcessor instance = new BasicRowProcessor();,private static final BasicRowProcessor instance = null;,426,
org/apache/commons/dbutils/BasicRowProcessor.java,143,NullifyObjectInitialization,return new CaseInsensitiveHashMap(cols);,return null;,427,
org/apache/commons/dbutils/BasicRowProcessor.java,98,NullifyReturnValue,return super.get(realKey);,return null;,428,
org/apache/commons/dbutils/BasicRowProcessor.java,114,NullifyReturnValue,return oldValue;,return null;,429,
org/apache/commons/dbutils/BasicRowProcessor.java,127,NullifyReturnValue,return super.remove(realKey);,return null;,430,
org/apache/commons/dbutils/BasicRowProcessor.java,143,NullifyReturnValue,return new CaseInsensitiveHashMap(cols);,return null;,431,
org/apache/commons/dbutils/BasicRowProcessor.java,155,NullifyReturnValue,return instance;,return null;,432,
org/apache/commons/dbutils/BasicRowProcessor.java,202,NullifyReturnValue,return result;,return null;,433,
org/apache/commons/dbutils/BasicRowProcessor.java,218,NullifyReturnValue,"return this.convert.toBean(resultSet, type);",return null;,434,
org/apache/commons/dbutils/BasicRowProcessor.java,235,NullifyReturnValue,"return this.convert.toBeanList(resultSet, type);",return null;,435,
org/apache/commons/dbutils/BasicRowProcessor.java,272,NullifyReturnValue,return result;,return null;,436,
org/apache/commons/dbutils/BasicRowProcessor.java,198,RelationalOperatorReplacement,for (int i = 0; i < cols; i++) {,for (int i = 0; i <= cols; i++) {,437,
org/apache/commons/dbutils/BasicRowProcessor.java,260,RelationalOperatorReplacement,for (int i = 1; i <= cols; i++) {,for (int i = 1; i < cols; i++) {,438,
org/apache/commons/dbutils/BasicRowProcessor.java,262,RelationalOperatorReplacement,if (null == propKey || 0 == propKey.length()) {,if (null != propKey || 0 == propKey.length()) {,439,
org/apache/commons/dbutils/BasicRowProcessor.java,262,RelationalOperatorReplacement,if (null == propKey || 0 == propKey.length()) {,if (null == propKey || 0 != propKey.length()) {,440,
org/apache/commons/dbutils/BasicRowProcessor.java,265,RelationalOperatorReplacement,if (null == propKey || 0 == propKey.length()) {,if (null != propKey || 0 == propKey.length()) {,441,
org/apache/commons/dbutils/BasicRowProcessor.java,265,RelationalOperatorReplacement,if (null == propKey || 0 == propKey.length()) {,if (null == propKey || 0 != propKey.length()) {,442,
org/apache/commons/dbutils/BasicRowProcessor.java,85,RemoveMethod,public boolean containsKey(final Object key) {,public boolean containsKey(final Object key) {,443,
org/apache/commons/dbutils/BasicRowProcessor.java,85,RemoveMethod,public boolean containsKey(final Object key) {,public boolean containsKey(final Object key) {,444,
org/apache/commons/dbutils/BasicRowProcessor.java,96,RemoveMethod,public Object get(final Object key) {,public Object get(final Object key) {,445,
org/apache/commons/dbutils/BasicRowProcessor.java,103,RemoveMethod,"public Object put(final String key, final Object value) {","public Object put(final String key, final Object value) {",446,
org/apache/commons/dbutils/BasicRowProcessor.java,119,RemoveMethod,"public void putAll(final Map<? extends String, ?> m) {","public void putAll(final Map<? extends String, ?> m) {",447,
org/apache/commons/dbutils/BasicRowProcessor.java,125,RemoveMethod,public Object remove(final Object key) {,public Object remove(final Object key) {,448,
org/apache/commons/dbutils/BasicRowProcessor.java,142,RemoveMethod,"protected static Map<String, Object> createCaseInsensitiveHashMap(final int cols) {","protected static Map<String, Object> createCaseInsensitiveHashMap(final int cols) {",449,
org/apache/commons/dbutils/BasicRowProcessor.java,154,RemoveMethod,public static BasicRowProcessor instance() {,public static BasicRowProcessor instance() {,450,
org/apache/commons/dbutils/BasicRowProcessor.java,193,RemoveMethod,public Object[] toArray(final ResultSet resultSet) throws SQLException {,public Object[] toArray(final ResultSet resultSet) throws SQLException {,451,
org/apache/commons/dbutils/BasicRowProcessor.java,217,RemoveMethod,"public <T> T toBean(final ResultSet resultSet, final Class<? extends T> type) throws SQLException {","public <T> T toBean(final ResultSet resultSet, final Class<? extends T> type) throws SQLException {",452,
org/apache/commons/dbutils/BasicRowProcessor.java,234,RemoveMethod,"public <T> List<T> toBeanList(final ResultSet resultSet, final Class<? extends T> type) throws SQLException {","public <T> List<T> toBeanList(final ResultSet resultSet, final Class<? extends T> type) throws SQLException {",453,
org/apache/commons/dbutils/BasicRowProcessor.java,255,RemoveMethod,"public Map<String, Object> toMap(final ResultSet resultSet) throws SQLException {","public Map<String, Object> toMap(final ResultSet resultSet) throws SQLException {",454,
org/apache/commons/dbutils/BasicRowProcessor.java,262,RemoveNullCheck,if (null == propKey || 0 == propKey.length()) {,if (false || 0 == propKey.length()) {,455,
org/apache/commons/dbutils/BasicRowProcessor.java,265,RemoveNullCheck,if (null == propKey || 0 == propKey.length()) {,if (false || 0 == propKey.length()) {,456,
org/apache/commons/dbutils/BeanProcessor.java,218,ArithmeticOperatorReplacementBinary,final int[] columnToProperty = new int[cols + 1];,final int[] columnToProperty = new int[cols - 1];,457,
org/apache/commons/dbutils/BeanProcessor.java,221,ArithmeticOperatorReplacementShortcut,for (int col = 1; col <= cols; col++) {,for (int col = 1; col <= cols; col--) {,458,
org/apache/commons/dbutils/BeanProcessor.java,234,ArithmeticOperatorReplacementShortcut,for (int i = 0; i < props.length; i++) {,for (int i = 0; i < props.length; i--) {,459,
org/apache/commons/dbutils/BeanProcessor.java,340,ArithmeticOperatorReplacementShortcut,for (int i = 1; i < columnToProperty.length; i++) {,for (int i = 1; i < columnToProperty.length; i--) {,460,
org/apache/commons/dbutils/BeanProcessor.java,59,ArithmeticOperatorReplacementUnary,protected static final int PROPERTY_NOT_FOUND = -1;,protected static final int PROPERTY_NOT_FOUND = +1;,461,
org/apache/commons/dbutils/BeanProcessor.java,141,ConditionalOperatorDeletion,"if (!this.isCompatibleType(value, firstParam)) {","if ( this.isCompatibleType(value, firstParam)) {",462,
org/apache/commons/dbutils/BeanProcessor.java,270,ConditionalOperatorDeletion,if (!targetType.isPrimitive()) {,if ( targetType.isPrimitive()) {,463,
org/apache/commons/dbutils/BeanProcessor.java,396,ConditionalOperatorDeletion,if ( !propType.isPrimitive() && retval == null ) {,if ( propType.isPrimitive() && retval == null ) {,464,
org/apache/commons/dbutils/BeanProcessor.java,507,ConditionalOperatorDeletion,if (!resultSet.next()) {,if ( resultSet.next()) {,465,
org/apache/commons/dbutils/BeanProcessor.java,127,ConditionalOperatorReplacement,if (setter == null || setter.getParameterTypes().length != 1) {,if (setter == null && setter.getParameterTypes().length != 1) {,466,
org/apache/commons/dbutils/BeanProcessor.java,194,ConditionalOperatorReplacement,"return value == null || type.isInstance(value) || matchesPrimitive(type, value.getClass());","return value == null && type.isInstance(value) || matchesPrimitive(type, value.getClass());",467,
org/apache/commons/dbutils/BeanProcessor.java,194,ConditionalOperatorReplacement,"return value == null || type.isInstance(value) || matchesPrimitive(type, value.getClass());","return value == null || type.isInstance(value) && matchesPrimitive(type, value.getClass());",468,
org/apache/commons/dbutils/BeanProcessor.java,223,ConditionalOperatorReplacement,if (null == columnName || 0 == columnName.length()) {,if (null == columnName && 0 == columnName.length()) {,469,
org/apache/commons/dbutils/BeanProcessor.java,353,ConditionalOperatorReplacement,if (value == null && propType.isPrimitive()) {,if (value == null || propType.isPrimitive()) {,470,
org/apache/commons/dbutils/BeanProcessor.java,396,ConditionalOperatorReplacement,if ( !propType.isPrimitive() && retval == null ) {,if ( !propType.isPrimitive() || retval == null ) {,471,
org/apache/commons/dbutils/BeanProcessor.java,123,NullifyInputVariable,throws SQLException {,throws SQLException { value = null;,472,
org/apache/commons/dbutils/BeanProcessor.java,66,NullifyObjectInitialization,"private static final Map<Class<?>, Object> PRIMITIVE_DEFAULTS = new HashMap<>();","private static final Map<Class<?>, Object> PRIMITIVE_DEFAULTS = null;",473,
org/apache/commons/dbutils/BeanProcessor.java,68,NullifyObjectInitialization,private static final List<ColumnHandler<?>> COLUMN_HANDLERS = new ArrayList<>();,private static final List<ColumnHandler<?>> COLUMN_HANDLERS = null;,474,
org/apache/commons/dbutils/BeanProcessor.java,70,NullifyObjectInitialization,private static final List<PropertyHandler> PROPERTY_HANDLERS = new ArrayList<>();,private static final List<PropertyHandler> PROPERTY_HANDLERS = null;,475,
org/apache/commons/dbutils/BeanProcessor.java,98,NullifyObjectInitialization,this(new HashMap<>());,this(null);,476,
org/apache/commons/dbutils/BeanProcessor.java,109,NullifyObjectInitialization,"throw new IllegalArgumentException(""columnToPropertyOverrides map cannot be null"");",throw null;,477,
org/apache/commons/dbutils/BeanProcessor.java,142,NullifyObjectInitialization,throw new SQLException(,throw null;,478,
org/apache/commons/dbutils/BeanProcessor.java,149,NullifyObjectInitialization,"throw new SQLException(""Cannot set "" + prop.getName() + "": "" + e.getMessage());",throw null;,479,
org/apache/commons/dbutils/BeanProcessor.java,305,NullifyObjectInitialization,"throw new SQLException(""Cannot create "" + c.getName() + "": "" + e.getMessage());",throw null;,480,
org/apache/commons/dbutils/BeanProcessor.java,426,NullifyObjectInitialization,throw new SQLException(,throw null;,481,
org/apache/commons/dbutils/BeanProcessor.java,505,NullifyObjectInitialization,final List<T> results = new ArrayList<>();,final List<T> results = null;,482,
org/apache/commons/dbutils/BeanProcessor.java,165,NullifyReturnValue,"return populateBean(resultSet, this.newInstance(type), props, columnToProperty);",return null;,483,
org/apache/commons/dbutils/BeanProcessor.java,178,NullifyReturnValue,return prop.getWriteMethod();,return null;,484,
org/apache/commons/dbutils/BeanProcessor.java,259,NullifyReturnValue,return columnToProperty;,return null;,485,
org/apache/commons/dbutils/BeanProcessor.java,301,NullifyReturnValue,return c.getDeclaredConstructor().newInstance();,return null;,486,
org/apache/commons/dbutils/BeanProcessor.java,322,NullifyReturnValue,"return populateBean(resultSet, bean, props, columnToProperty);",return null;,487,
org/apache/commons/dbutils/BeanProcessor.java,361,NullifyReturnValue,return bean;,return null;,488,
org/apache/commons/dbutils/BeanProcessor.java,397,NullifyReturnValue,return null;,return null;,489,
org/apache/commons/dbutils/BeanProcessor.java,407,NullifyReturnValue,return retval;,return null;,490,
org/apache/commons/dbutils/BeanProcessor.java,430,NullifyReturnValue,return beanInfo.getPropertyDescriptors();,return null;,491,
org/apache/commons/dbutils/BeanProcessor.java,468,NullifyReturnValue,"return this.populateBean(rs, bean);",return null;,492,
org/apache/commons/dbutils/BeanProcessor.java,508,NullifyReturnValue,return results;,return null;,493,
org/apache/commons/dbutils/BeanProcessor.java,519,NullifyReturnValue,return results;,return null;,494,
org/apache/commons/dbutils/BeanProcessor.java,108,RelationalOperatorReplacement,if (columnToPropertyOverrides == null) {,if (columnToPropertyOverrides != null) {,495,
org/apache/commons/dbutils/BeanProcessor.java,127,RelationalOperatorReplacement,if (setter == null || setter.getParameterTypes().length != 1) {,if (setter != null || setter.getParameterTypes().length != 1) {,496,
org/apache/commons/dbutils/BeanProcessor.java,127,RelationalOperatorReplacement,if (setter == null || setter.getParameterTypes().length != 1) {,if (setter == null || setter.getParameterTypes().length == 1) {,497,
org/apache/commons/dbutils/BeanProcessor.java,194,RelationalOperatorReplacement,"return value == null || type.isInstance(value) || matchesPrimitive(type, value.getClass());","return value != null || type.isInstance(value) || matchesPrimitive(type, value.getClass());",498,
org/apache/commons/dbutils/BeanProcessor.java,221,RelationalOperatorReplacement,for (int col = 1; col <= cols; col++) {,for (int col = 1; col < cols; col++) {,499,
org/apache/commons/dbutils/BeanProcessor.java,223,RelationalOperatorReplacement,if (null == columnName || 0 == columnName.length()) {,if (null != columnName || 0 == columnName.length()) {,500,
org/apache/commons/dbutils/BeanProcessor.java,223,RelationalOperatorReplacement,if (null == columnName || 0 == columnName.length()) {,if (null == columnName || 0 != columnName.length()) {,501,
org/apache/commons/dbutils/BeanProcessor.java,227,RelationalOperatorReplacement,if (propertyName == null) {,if (propertyName != null) {,502,
org/apache/commons/dbutils/BeanProcessor.java,230,RelationalOperatorReplacement,if (propertyName == null) {,if (propertyName != null) {,503,
org/apache/commons/dbutils/BeanProcessor.java,234,RelationalOperatorReplacement,for (int i = 0; i < props.length; i++) {,for (int i = 0; i <= props.length; i++) {,504,
org/apache/commons/dbutils/BeanProcessor.java,240,RelationalOperatorReplacement,if (reader != null) {,if (reader == null) {,505,
org/apache/commons/dbutils/BeanProcessor.java,247,RelationalOperatorReplacement,if (column != null) {,if (column == null) {,506,
org/apache/commons/dbutils/BeanProcessor.java,279,RelationalOperatorReplacement,if (targetType == primitiveValueType) {,if (targetType != primitiveValueType) {,507,
org/apache/commons/dbutils/BeanProcessor.java,340,RelationalOperatorReplacement,for (int i = 1; i < columnToProperty.length; i++) {,for (int i = 1; i <= columnToProperty.length; i++) {,508,
org/apache/commons/dbutils/BeanProcessor.java,342,RelationalOperatorReplacement,if (columnToProperty[i] == PROPERTY_NOT_FOUND) {,if (columnToProperty[i] != PROPERTY_NOT_FOUND) {,509,
org/apache/commons/dbutils/BeanProcessor.java,350,RelationalOperatorReplacement,if (propType != null) {,if (propType == null) {,510,
org/apache/commons/dbutils/BeanProcessor.java,353,RelationalOperatorReplacement,if (value == null && propType.isPrimitive()) {,if (value != null && propType.isPrimitive()) {,511,
org/apache/commons/dbutils/BeanProcessor.java,396,RelationalOperatorReplacement,if ( !propType.isPrimitive() && retval == null ) {,if ( !propType.isPrimitive() && retval != null ) {,512,
org/apache/commons/dbutils/BeanProcessor.java,123,RemoveMethod,throws SQLException {,throws SQLException {,513,
org/apache/commons/dbutils/BeanProcessor.java,164,RemoveMethod,throws SQLException {,throws SQLException {,514,
org/apache/commons/dbutils/BeanProcessor.java,177,RemoveMethod,"protected Method getWriteMethod(final Object target, final PropertyDescriptor prop, final Object value) {","protected Method getWriteMethod(final Object target, final PropertyDescriptor prop, final Object value) {",515,
org/apache/commons/dbutils/BeanProcessor.java,192,RemoveMethod,"private boolean isCompatibleType(final Object value, final Class<?> type) {","private boolean isCompatibleType(final Object value, final Class<?> type) {",516,
org/apache/commons/dbutils/BeanProcessor.java,192,RemoveMethod,"private boolean isCompatibleType(final Object value, final Class<?> type) {","private boolean isCompatibleType(final Object value, final Class<?> type) {",517,
org/apache/commons/dbutils/BeanProcessor.java,215,RemoveMethod,final PropertyDescriptor[] props) throws SQLException {,final PropertyDescriptor[] props) throws SQLException {,518,
org/apache/commons/dbutils/BeanProcessor.java,269,RemoveMethod,"private boolean matchesPrimitive(final Class<?> targetType, final Class<?> valueType) {","private boolean matchesPrimitive(final Class<?> targetType, final Class<?> valueType) {",519,
org/apache/commons/dbutils/BeanProcessor.java,269,RemoveMethod,"private boolean matchesPrimitive(final Class<?> targetType, final Class<?> valueType) {","private boolean matchesPrimitive(final Class<?> targetType, final Class<?> valueType) {",520,
org/apache/commons/dbutils/BeanProcessor.java,299,RemoveMethod,protected <T> T newInstance(final Class<T> c) throws SQLException {,protected <T> T newInstance(final Class<T> c) throws SQLException {,521,
org/apache/commons/dbutils/BeanProcessor.java,317,RemoveMethod,"public <T> T populateBean(final ResultSet resultSet, final T bean) throws SQLException {","public <T> T populateBean(final ResultSet resultSet, final T bean) throws SQLException {",522,
org/apache/commons/dbutils/BeanProcessor.java,338,RemoveMethod,throws SQLException {,throws SQLException {,523,
org/apache/commons/dbutils/BeanProcessor.java,392,RemoveMethod,throws SQLException {,throws SQLException {,524,
org/apache/commons/dbutils/BeanProcessor.java,419,RemoveMethod,throws SQLException {,throws SQLException {,525,
org/apache/commons/dbutils/BeanProcessor.java,466,RemoveMethod,"public <T> T toBean(final ResultSet rs, final Class<? extends T> type) throws SQLException {","public <T> T toBean(final ResultSet rs, final Class<? extends T> type) throws SQLException {",526,
org/apache/commons/dbutils/BeanProcessor.java,504,RemoveMethod,"public <T> List<T> toBeanList(final ResultSet resultSet, final Class<? extends T> type) throws SQLException {","public <T> List<T> toBeanList(final ResultSet resultSet, final Class<? extends T> type) throws SQLException {",527,
org/apache/commons/dbutils/BeanProcessor.java,108,RemoveNullCheck,if (columnToPropertyOverrides == null) {,if (false) {,528,
org/apache/commons/dbutils/BeanProcessor.java,127,RemoveNullCheck,if (setter == null || setter.getParameterTypes().length != 1) {,if (false || setter.getParameterTypes().length != 1) {,529,
org/apache/commons/dbutils/BeanProcessor.java,194,RemoveNullCheck,"return value == null || type.isInstance(value) || matchesPrimitive(type, value.getClass());","return false || type.isInstance(value) || matchesPrimitive(type, value.getClass());",530,
org/apache/commons/dbutils/BeanProcessor.java,223,RemoveNullCheck,if (null == columnName || 0 == columnName.length()) {,if (false || 0 == columnName.length()) {,531,
org/apache/commons/dbutils/BeanProcessor.java,227,RemoveNullCheck,if (propertyName == null) {,if (false) {,532,
org/apache/commons/dbutils/BeanProcessor.java,230,RemoveNullCheck,if (propertyName == null) {,if (false) {,533,
org/apache/commons/dbutils/BeanProcessor.java,240,RemoveNullCheck,if (reader != null) {,if (true) {,534,
org/apache/commons/dbutils/BeanProcessor.java,247,RemoveNullCheck,if (column != null) {,if (true) {,535,
org/apache/commons/dbutils/BeanProcessor.java,350,RemoveNullCheck,if (propType != null) {,if (true) {,536,
org/apache/commons/dbutils/BeanProcessor.java,353,RemoveNullCheck,if (value == null && propType.isPrimitive()) {,if (false && propType.isPrimitive()) {,537,
org/apache/commons/dbutils/BeanProcessor.java,396,RemoveNullCheck,if ( !propType.isPrimitive() && retval == null ) {,if ( !propType.isPrimitive() && false ) {,538,
org/apache/commons/dbutils/DbUtils.java,262,ConditionalOperatorDeletion,if (!Driver.class.isAssignableFrom(loadedClass)) {,if ( Driver.class.isAssignableFrom(loadedClass)) {,539,
org/apache/commons/dbutils/DbUtils.java,276,ConditionalOperatorDeletion,if (!isConstructorAccessible) {,if ( isConstructorAccessible) {,540,
org/apache/commons/dbutils/DbUtils.java,282,NullifyObjectInitialization,registerDriver(new DriverProxy(driver));,registerDriver(null);,541,
org/apache/commons/dbutils/DbUtils.java,310,NullifyObjectInitialization,"printStackTrace(e, new PrintWriter(System.err));","printStackTrace(e, null);",542,
org/apache/commons/dbutils/DbUtils.java,338,NullifyObjectInitialization,"printWarnings(conn, new PrintWriter(System.err));","printWarnings(conn, null);",543,
org/apache/commons/dbutils/DbUtils.java,72,NullifyReturnValue,"return adapted.connect(url, info);",return null;,544,
org/apache/commons/dbutils/DbUtils.java,96,NullifyReturnValue,return adapted.getParentLogger();,return null;,545,
org/apache/commons/dbutils/DbUtils.java,104,NullifyReturnValue,"return adapted.getPropertyInfo(url, info);",return null;,546,
org/apache/commons/dbutils/DbUtils.java,124,RelationalOperatorReplacement,if (conn != null) {,if (conn == null) {,547,
org/apache/commons/dbutils/DbUtils.java,136,RelationalOperatorReplacement,if (resultSet != null) {,if (resultSet == null) {,548,
org/apache/commons/dbutils/DbUtils.java,148,RelationalOperatorReplacement,if (stmt != null) {,if (stmt == null) {,549,
org/apache/commons/dbutils/DbUtils.java,226,RelationalOperatorReplacement,if (conn != null) {,if (conn == null) {,550,
org/apache/commons/dbutils/DbUtils.java,323,RelationalOperatorReplacement,while (next != null) {,while (next == null) {,551,
org/apache/commons/dbutils/DbUtils.java,326,RelationalOperatorReplacement,if (next != null) {,if (next == null) {,552,
org/apache/commons/dbutils/DbUtils.java,348,RelationalOperatorReplacement,if (conn != null) {,if (conn == null) {,553,
org/apache/commons/dbutils/DbUtils.java,363,RelationalOperatorReplacement,if (conn != null) {,if (conn == null) {,554,
org/apache/commons/dbutils/DbUtils.java,378,RelationalOperatorReplacement,if (conn != null) {,if (conn == null) {,555,
org/apache/commons/dbutils/DbUtils.java,63,RemoveMethod,public boolean acceptsURL(final String url) throws SQLException {,public boolean acceptsURL(final String url) throws SQLException {,556,
org/apache/commons/dbutils/DbUtils.java,63,RemoveMethod,public boolean acceptsURL(final String url) throws SQLException {,public boolean acceptsURL(final String url) throws SQLException {,557,
org/apache/commons/dbutils/DbUtils.java,71,RemoveMethod,"public Connection connect(final String url, final Properties info) throws SQLException {","public Connection connect(final String url, final Properties info) throws SQLException {",558,
org/apache/commons/dbutils/DbUtils.java,79,RemoveMethod,public int getMajorVersion() {,public int getMajorVersion() {,559,
org/apache/commons/dbutils/DbUtils.java,79,RemoveMethod,public int getMajorVersion() {,public int getMajorVersion() {,560,
org/apache/commons/dbutils/DbUtils.java,87,RemoveMethod,public int getMinorVersion() {,public int getMinorVersion() {,561,
org/apache/commons/dbutils/DbUtils.java,87,RemoveMethod,public int getMinorVersion() {,public int getMinorVersion() {,562,
org/apache/commons/dbutils/DbUtils.java,95,RemoveMethod,public Logger getParentLogger() throws SQLFeatureNotSupportedException {,public Logger getParentLogger() throws SQLFeatureNotSupportedException {,563,
org/apache/commons/dbutils/DbUtils.java,103,RemoveMethod,"public DriverPropertyInfo[] getPropertyInfo(final String url, final Properties info) throws SQLException {","public DriverPropertyInfo[] getPropertyInfo(final String url, final Properties info) throws SQLException {",564,
org/apache/commons/dbutils/DbUtils.java,111,RemoveMethod,public boolean jdbcCompliant() {,public boolean jdbcCompliant() {,565,
org/apache/commons/dbutils/DbUtils.java,111,RemoveMethod,public boolean jdbcCompliant() {,public boolean jdbcCompliant() {,566,
org/apache/commons/dbutils/DbUtils.java,123,RemoveMethod,public static void close(final Connection conn) throws SQLException {,public static void close(final Connection conn) throws SQLException {,567,
org/apache/commons/dbutils/DbUtils.java,135,RemoveMethod,public static void close(final ResultSet resultSet) throws SQLException {,public static void close(final ResultSet resultSet) throws SQLException {,568,
org/apache/commons/dbutils/DbUtils.java,147,RemoveMethod,public static void close(final Statement stmt) throws SQLException {,public static void close(final Statement stmt) throws SQLException {,569,
org/apache/commons/dbutils/DbUtils.java,159,RemoveMethod,public static void closeQuietly(final Connection conn) {,public static void closeQuietly(final Connection conn) {,570,
org/apache/commons/dbutils/DbUtils.java,177,RemoveMethod,final ResultSet rs) {,final ResultSet rs) {,571,
org/apache/commons/dbutils/DbUtils.java,197,RemoveMethod,public static void closeQuietly(final ResultSet resultSet) {,public static void closeQuietly(final ResultSet resultSet) {,572,
org/apache/commons/dbutils/DbUtils.java,211,RemoveMethod,public static void closeQuietly(final Statement stmt) {,public static void closeQuietly(final Statement stmt) {,573,
org/apache/commons/dbutils/DbUtils.java,225,RemoveMethod,public static void commitAndClose(final Connection conn) throws SQLException {,public static void commitAndClose(final Connection conn) throws SQLException {,574,
org/apache/commons/dbutils/DbUtils.java,241,RemoveMethod,public static void commitAndCloseQuietly(final Connection conn) {,public static void commitAndCloseQuietly(final Connection conn) {,575,
org/apache/commons/dbutils/DbUtils.java,258,RemoveMethod,"public static boolean loadDriver(final ClassLoader classLoader, final String driverClassName) {","public static boolean loadDriver(final ClassLoader classLoader, final String driverClassName) {",576,
org/apache/commons/dbutils/DbUtils.java,258,RemoveMethod,"public static boolean loadDriver(final ClassLoader classLoader, final String driverClassName) {","public static boolean loadDriver(final ClassLoader classLoader, final String driverClassName) {",577,
org/apache/commons/dbutils/DbUtils.java,300,RemoveMethod,public static boolean loadDriver(final String driverClassName) {,public static boolean loadDriver(final String driverClassName) {,578,
org/apache/commons/dbutils/DbUtils.java,300,RemoveMethod,public static boolean loadDriver(final String driverClassName) {,public static boolean loadDriver(final String driverClassName) {,579,
org/apache/commons/dbutils/DbUtils.java,309,RemoveMethod,public static void printStackTrace(final SQLException e) {,public static void printStackTrace(final SQLException e) {,580,
org/apache/commons/dbutils/DbUtils.java,320,RemoveMethod,"public static void printStackTrace(final SQLException e, final PrintWriter pw) {","public static void printStackTrace(final SQLException e, final PrintWriter pw) {",581,
org/apache/commons/dbutils/DbUtils.java,337,RemoveMethod,public static void printWarnings(final Connection conn) {,public static void printWarnings(final Connection conn) {,582,
org/apache/commons/dbutils/DbUtils.java,347,RemoveMethod,"public static void printWarnings(final Connection conn, final PrintWriter pw) {","public static void printWarnings(final Connection conn, final PrintWriter pw) {",583,
org/apache/commons/dbutils/DbUtils.java,362,RemoveMethod,public static void rollback(final Connection conn) throws SQLException {,public static void rollback(final Connection conn) throws SQLException {,584,
org/apache/commons/dbutils/DbUtils.java,377,RemoveMethod,public static void rollbackAndClose(final Connection conn) throws SQLException {,public static void rollbackAndClose(final Connection conn) throws SQLException {,585,
org/apache/commons/dbutils/DbUtils.java,394,RemoveMethod,public static void rollbackAndCloseQuietly(final Connection conn) {,public static void rollbackAndCloseQuietly(final Connection conn) {,586,
org/apache/commons/dbutils/DbUtils.java,409,RemoveMethod,public static void rollbackQuietly(final Connection conn) {,public static void rollbackQuietly(final Connection conn) {,587,
org/apache/commons/dbutils/DbUtils.java,124,RemoveNullCheck,if (conn != null) {,if (true) {,588,
org/apache/commons/dbutils/DbUtils.java,136,RemoveNullCheck,if (resultSet != null) {,if (true) {,589,
org/apache/commons/dbutils/DbUtils.java,148,RemoveNullCheck,if (stmt != null) {,if (true) {,590,
org/apache/commons/dbutils/DbUtils.java,226,RemoveNullCheck,if (conn != null) {,if (true) {,591,
org/apache/commons/dbutils/DbUtils.java,323,RemoveNullCheck,while (next != null) {,while (true) {,592,
org/apache/commons/dbutils/DbUtils.java,326,RemoveNullCheck,if (next != null) {,if (true) {,593,
org/apache/commons/dbutils/DbUtils.java,348,RemoveNullCheck,if (conn != null) {,if (true) {,594,
org/apache/commons/dbutils/DbUtils.java,363,RemoveNullCheck,if (conn != null) {,if (true) {,595,
org/apache/commons/dbutils/DbUtils.java,378,RemoveNullCheck,if (conn != null) {,if (true) {,596,
org/apache/commons/dbutils/GenerousBeanProcessor.java,45,ArithmeticOperatorReplacementBinary,final int[] columnToProperty = new int[cols + 1];,final int[] columnToProperty = new int[cols - 1];,597,
org/apache/commons/dbutils/GenerousBeanProcessor.java,48,ArithmeticOperatorReplacementShortcut,for (int col = 1; col <= cols; col++) {,for (int col = 1; col <= cols; col--) {,598,
org/apache/commons/dbutils/GenerousBeanProcessor.java,59,ArithmeticOperatorReplacementShortcut,for (int i = 0; i < props.length; i++) {,for (int i = 0; i < props.length; i--) {,599,
org/apache/commons/dbutils/GenerousBeanProcessor.java,51,ConditionalOperatorReplacement,if (null == columnName || 0 == columnName.length()) {,if (null == columnName && 0 == columnName.length()) {,600,
org/apache/commons/dbutils/GenerousBeanProcessor.java,63,ConditionalOperatorReplacement,if (columnName.equalsIgnoreCase(propName) ||,if (columnName.equalsIgnoreCase(propName) &&,601,
org/apache/commons/dbutils/GenerousBeanProcessor.java,71,NullifyReturnValue,return columnToProperty;,return null;,602,
org/apache/commons/dbutils/GenerousBeanProcessor.java,48,RelationalOperatorReplacement,for (int col = 1; col <= cols; col++) {,for (int col = 1; col < cols; col++) {,603,
org/apache/commons/dbutils/GenerousBeanProcessor.java,51,RelationalOperatorReplacement,if (null == columnName || 0 == columnName.length()) {,if (null != columnName || 0 == columnName.length()) {,604,
org/apache/commons/dbutils/GenerousBeanProcessor.java,51,RelationalOperatorReplacement,if (null == columnName || 0 == columnName.length()) {,if (null == columnName || 0 != columnName.length()) {,605,
org/apache/commons/dbutils/GenerousBeanProcessor.java,59,RelationalOperatorReplacement,for (int i = 0; i < props.length; i++) {,for (int i = 0; i <= props.length; i++) {,606,
org/apache/commons/dbutils/GenerousBeanProcessor.java,42,RemoveMethod,final PropertyDescriptor[] props) throws SQLException {,final PropertyDescriptor[] props) throws SQLException {,607,
org/apache/commons/dbutils/GenerousBeanProcessor.java,51,RemoveNullCheck,if (null == columnName || 0 == columnName.length()) {,if (false || 0 == columnName.length()) {,608,
org/apache/commons/dbutils/OutParameter.java,77,NullifyReturnValue,return javaType;,return null;,609,
org/apache/commons/dbutils/OutParameter.java,94,NullifyReturnValue,return value;,return null;,610,
org/apache/commons/dbutils/OutParameter.java,138,NullifyReturnValue,"return ""OutParameter{"" + ""sqlType="" + sqlType + "", javaType=""",return null;,611,
org/apache/commons/dbutils/OutParameter.java,109,RelationalOperatorReplacement,if (value != null) {,if (value == null) {,612,
org/apache/commons/dbutils/OutParameter.java,76,RemoveMethod,public Class<T> getJavaType() {,public Class<T> getJavaType() {,613,
org/apache/commons/dbutils/OutParameter.java,84,RemoveMethod,public int getSqlType() {,public int getSqlType() {,614,
org/apache/commons/dbutils/OutParameter.java,84,RemoveMethod,public int getSqlType() {,public int getSqlType() {,615,
org/apache/commons/dbutils/OutParameter.java,93,RemoveMethod,public T getValue() {,public T getValue() {,616,
org/apache/commons/dbutils/OutParameter.java,107,RemoveMethod,"void register(final CallableStatement stmt, final int index) throws SQLException {","void register(final CallableStatement stmt, final int index) throws SQLException {",617,
org/apache/commons/dbutils/OutParameter.java,122,RemoveMethod,"void setValue(final CallableStatement stmt, final int index) throws SQLException {","void setValue(final CallableStatement stmt, final int index) throws SQLException {",618,
org/apache/commons/dbutils/OutParameter.java,132,RemoveMethod,public void setValue(final T value) {,public void setValue(final T value) {,619,
org/apache/commons/dbutils/OutParameter.java,137,RemoveMethod,public String toString() {,public String toString() {,620,
org/apache/commons/dbutils/OutParameter.java,137,RemoveMethod,public String toString() {,public String toString() {,621,
org/apache/commons/dbutils/OutParameter.java,109,RemoveNullCheck,if (value != null) {,if (true) {,622,
org/apache/commons/dbutils/ProxyFactory.java,42,NullifyObjectInitialization,private static final ProxyFactory instance = new ProxyFactory();,private static final ProxyFactory instance = null;,623,
org/apache/commons/dbutils/ProxyFactory.java,50,NullifyReturnValue,return instance;,return null;,624,
org/apache/commons/dbutils/ProxyFactory.java,65,NullifyReturnValue,"return newProxyInstance(CallableStatement.class, handler);",return null;,625,
org/apache/commons/dbutils/ProxyFactory.java,74,NullifyReturnValue,"return newProxyInstance(Connection.class, handler);",return null;,626,
org/apache/commons/dbutils/ProxyFactory.java,83,NullifyReturnValue,"return newProxyInstance(Driver.class, handler);",return null;,627,
org/apache/commons/dbutils/ProxyFactory.java,92,NullifyReturnValue,"return newProxyInstance(PreparedStatement.class, handler);",return null;,628,
org/apache/commons/dbutils/ProxyFactory.java,101,NullifyReturnValue,"return newProxyInstance(ResultSet.class, handler);",return null;,629,
org/apache/commons/dbutils/ProxyFactory.java,110,NullifyReturnValue,"return newProxyInstance(ResultSetMetaData.class, handler);",return null;,630,
org/apache/commons/dbutils/ProxyFactory.java,119,NullifyReturnValue,"return newProxyInstance(Statement.class, handler);",return null;,631,
org/apache/commons/dbutils/ProxyFactory.java,131,NullifyReturnValue,"return type.cast(Proxy.newProxyInstance(handler.getClass().getClassLoader(), new Class<?>[] {type}, handler));",return null;,632,
org/apache/commons/dbutils/ProxyFactory.java,49,RemoveMethod,public static ProxyFactory instance() {,public static ProxyFactory instance() {,633,
org/apache/commons/dbutils/ProxyFactory.java,64,RemoveMethod,public CallableStatement createCallableStatement(final InvocationHandler handler) {,public CallableStatement createCallableStatement(final InvocationHandler handler) {,634,
org/apache/commons/dbutils/ProxyFactory.java,73,RemoveMethod,public Connection createConnection(final InvocationHandler handler) {,public Connection createConnection(final InvocationHandler handler) {,635,
org/apache/commons/dbutils/ProxyFactory.java,82,RemoveMethod,public Driver createDriver(final InvocationHandler handler) {,public Driver createDriver(final InvocationHandler handler) {,636,
org/apache/commons/dbutils/ProxyFactory.java,91,RemoveMethod,public PreparedStatement createPreparedStatement(final InvocationHandler handler) {,public PreparedStatement createPreparedStatement(final InvocationHandler handler) {,637,
org/apache/commons/dbutils/ProxyFactory.java,100,RemoveMethod,public ResultSet createResultSet(final InvocationHandler handler) {,public ResultSet createResultSet(final InvocationHandler handler) {,638,
org/apache/commons/dbutils/ProxyFactory.java,109,RemoveMethod,public ResultSetMetaData createResultSetMetaData(final InvocationHandler handler) {,public ResultSetMetaData createResultSetMetaData(final InvocationHandler handler) {,639,
org/apache/commons/dbutils/ProxyFactory.java,118,RemoveMethod,public Statement createStatement(final InvocationHandler handler) {,public Statement createStatement(final InvocationHandler handler) {,640,
org/apache/commons/dbutils/ProxyFactory.java,130,RemoveMethod,"public <T> T newProxyInstance(final Class<T> type, final InvocationHandler handler) {","public <T> T newProxyInstance(final Class<T> type, final InvocationHandler handler) {",641,
org/apache/commons/dbutils/QueryLoader.java,37,NullifyObjectInitialization,private static final QueryLoader INSTANCE = new QueryLoader();,private static final QueryLoader INSTANCE = null;,642,
org/apache/commons/dbutils/QueryLoader.java,55,NullifyObjectInitialization,"private final Map<String, Map<String, String>> queries = new HashMap<>();","private final Map<String, Map<String, String>> queries = null;",643,
org/apache/commons/dbutils/QueryLoader.java,116,NullifyObjectInitialization,"throw new IllegalArgumentException(path + "" not found."");",throw null;,644,
org/apache/commons/dbutils/QueryLoader.java,118,NullifyObjectInitialization,props = new Properties();,props = null;,645,
org/apache/commons/dbutils/QueryLoader.java,129,NullifyObjectInitialization,"final HashMap<String, String> hashMap = new HashMap(props);","final HashMap<String, String> hashMap = null;",646,
org/apache/commons/dbutils/QueryLoader.java,49,NullifyReturnValue,return INSTANCE;,return null;,647,
org/apache/commons/dbutils/QueryLoader.java,91,NullifyReturnValue,return queryMap;,return null;,648,
org/apache/commons/dbutils/QueryLoader.java,130,NullifyReturnValue,return hashMap;,return null;,649,
org/apache/commons/dbutils/QueryLoader.java,86,RelationalOperatorReplacement,if (queryMap == null) {,if (queryMap != null) {,650,
org/apache/commons/dbutils/QueryLoader.java,115,RelationalOperatorReplacement,if (in == null) {,if (in != null) {,651,
org/apache/commons/dbutils/QueryLoader.java,48,RemoveMethod,public static QueryLoader instance() {,public static QueryLoader instance() {,652,
org/apache/commons/dbutils/QueryLoader.java,82,RemoveMethod,"public synchronized Map<String, String> load(final String path) throws IOException {","public synchronized Map<String, String> load(final String path) throws IOException {",653,
org/apache/commons/dbutils/QueryLoader.java,110,RemoveMethod,"protected Map<String, String> loadQueries(final String path) throws IOException {","protected Map<String, String> loadQueries(final String path) throws IOException {",654,
org/apache/commons/dbutils/QueryLoader.java,137,RemoveMethod,public synchronized void unload(final String path) {,public synchronized void unload(final String path) {,655,
org/apache/commons/dbutils/QueryLoader.java,86,RemoveNullCheck,if (queryMap == null) {,if (false) {,656,
org/apache/commons/dbutils/QueryLoader.java,115,RemoveNullCheck,if (in == null) {,if (false) {,657,
org/apache/commons/dbutils/QueryRunner.java,718,ArithmeticOperatorReplacementBinary,"((OutParameter<?>) params[i]).setValue(stmt, i + 1);","((OutParameter<?>) params[i]).setValue(stmt, i - 1);",658,
org/apache/commons/dbutils/QueryRunner.java,716,ArithmeticOperatorReplacementShortcut,for (int i = 0; i < params.length; i++) {,for (int i = 0; i < params.length; i--) {,659,
org/apache/commons/dbutils/QueryRunner.java,399,ConditionalOperatorReplacement,if (params != null && params.length > 0) {,if (params != null || params.length > 0) {,660,
org/apache/commons/dbutils/QueryRunner.java,602,ConditionalOperatorReplacement,if (params != null && params.length > 0) {,if (params != null || params.length > 0) {,661,
org/apache/commons/dbutils/QueryRunner.java,773,ConditionalOperatorReplacement,if (params != null && params.length > 0) {,if (params != null || params.length > 0) {,662,
org/apache/commons/dbutils/QueryRunner.java,134,NullifyObjectInitialization,"throw new SQLException(""Null connection"");",throw null;,663,
org/apache/commons/dbutils/QueryRunner.java,138,NullifyObjectInitialization,"throw new SQLException(""Null SQL statement"");",throw null;,664,
org/apache/commons/dbutils/QueryRunner.java,142,NullifyObjectInitialization,"throw new SQLException(""Null parameters. If parameters aren't need, pass an empty array."");",throw null;,665,
org/apache/commons/dbutils/QueryRunner.java,209,NullifyObjectInitialization,"throw new SQLException(""Null connection"");",throw null;,666,
org/apache/commons/dbutils/QueryRunner.java,213,NullifyObjectInitialization,"throw new SQLException(""Null SQL statement"");",throw null;,667,
org/apache/commons/dbutils/QueryRunner.java,260,NullifyObjectInitialization,"throw new SQLException(""Null connection"");",throw null;,668,
org/apache/commons/dbutils/QueryRunner.java,264,NullifyObjectInitialization,"throw new SQLException(""Null SQL statement"");",throw null;,669,
org/apache/commons/dbutils/QueryRunner.java,268,NullifyObjectInitialization,"throw new SQLException(""Null ResultSetHandler"");",throw null;,670,
org/apache/commons/dbutils/QueryRunner.java,272,NullifyObjectInitialization,final List<T> results = new LinkedList<>();,final List<T> results = null;,671,
org/apache/commons/dbutils/QueryRunner.java,384,NullifyObjectInitialization,"throw new SQLException(""Null connection"");",throw null;,672,
org/apache/commons/dbutils/QueryRunner.java,388,NullifyObjectInitialization,"throw new SQLException(""Null SQL statement"");",throw null;,673,
org/apache/commons/dbutils/QueryRunner.java,392,NullifyObjectInitialization,"throw new SQLException(""Null ResultSetHandler"");",throw null;,674,
org/apache/commons/dbutils/QueryRunner.java,472,NullifyObjectInitialization,"throw new SQLException(""Null connection"");",throw null;,675,
org/apache/commons/dbutils/QueryRunner.java,476,NullifyObjectInitialization,"throw new SQLException(""Null SQL statement"");",throw null;,676,
org/apache/commons/dbutils/QueryRunner.java,480,NullifyObjectInitialization,"throw new SQLException(""Null parameters. If parameters aren't need, pass an empty array."");",throw null;,677,
org/apache/commons/dbutils/QueryRunner.java,586,NullifyObjectInitialization,"throw new SQLException(""Null connection"");",throw null;,678,
org/apache/commons/dbutils/QueryRunner.java,590,NullifyObjectInitialization,"throw new SQLException(""Null SQL statement"");",throw null;,679,
org/apache/commons/dbutils/QueryRunner.java,594,NullifyObjectInitialization,"throw new SQLException(""Null ResultSetHandler"");",throw null;,680,
org/apache/commons/dbutils/QueryRunner.java,762,NullifyObjectInitialization,"throw new SQLException(""Null connection"");",throw null;,681,
org/apache/commons/dbutils/QueryRunner.java,766,NullifyObjectInitialization,"throw new SQLException(""Null SQL statement"");",throw null;,682,
org/apache/commons/dbutils/QueryRunner.java,166,NullifyReturnValue,return rows;,return null;,683,
org/apache/commons/dbutils/QueryRunner.java,184,NullifyReturnValue,"return this.batch(conn, sql, params);",return null;,684,
org/apache/commons/dbutils/QueryRunner.java,297,NullifyReturnValue,return results;,return null;,685,
org/apache/commons/dbutils/QueryRunner.java,351,NullifyReturnValue,"return this.execute(conn, sql, rsh, params);",return null;,686,
org/apache/commons/dbutils/QueryRunner.java,367,NullifyReturnValue,"return insert(conn, sql, rsh, (Object[]) null);",return null;,687,
org/apache/commons/dbutils/QueryRunner.java,417,NullifyReturnValue,return generatedKeys;,return null;,688,
org/apache/commons/dbutils/QueryRunner.java,434,NullifyReturnValue,"return insert(conn, sql, rsh, (Object[]) null);",return null;,689,
org/apache/commons/dbutils/QueryRunner.java,454,NullifyReturnValue,"return insert(conn, sql, rsh, params);",return null;,690,
org/apache/commons/dbutils/QueryRunner.java,502,NullifyReturnValue,return generatedKeys;,return null;,691,
org/apache/commons/dbutils/QueryRunner.java,521,NullifyReturnValue,"return insertBatch(conn, sql, rsh, params);",return null;,692,
org/apache/commons/dbutils/QueryRunner.java,539,NullifyReturnValue,"return this.<T>query(conn, sql, rsh, param);",return null;,693,
org/apache/commons/dbutils/QueryRunner.java,556,NullifyReturnValue,"return this.<T>query(conn, sql, rsh, params);",return null;,694,
org/apache/commons/dbutils/QueryRunner.java,570,NullifyReturnValue,"return this.<T>query(conn, sql, rsh, (Object[]) null);",return null;,695,
org/apache/commons/dbutils/QueryRunner.java,621,NullifyReturnValue,return result;,return null;,696,
org/apache/commons/dbutils/QueryRunner.java,641,NullifyReturnValue,"return this.<T>query(conn, sql, rsh, param);",return null;,697,
org/apache/commons/dbutils/QueryRunner.java,664,NullifyReturnValue,"return this.<T>query(conn, sql, rsh, params);",return null;,698,
org/apache/commons/dbutils/QueryRunner.java,682,NullifyReturnValue,"return this.<T>query(conn, sql, rsh, (Object[]) null);",return null;,699,
org/apache/commons/dbutils/QueryRunner.java,701,NullifyReturnValue,"return this.<T>query(conn, sql, rsh, params);",return null;,700,
org/apache/commons/dbutils/QueryRunner.java,133,RelationalOperatorReplacement,if (conn == null) {,if (conn != null) {,701,
org/apache/commons/dbutils/QueryRunner.java,137,RelationalOperatorReplacement,if (sql == null) {,if (sql != null) {,702,
org/apache/commons/dbutils/QueryRunner.java,141,RelationalOperatorReplacement,if (params == null) {,if (params != null) {,703,
org/apache/commons/dbutils/QueryRunner.java,208,RelationalOperatorReplacement,if (conn == null) {,if (conn != null) {,704,
org/apache/commons/dbutils/QueryRunner.java,212,RelationalOperatorReplacement,if (sql == null) {,if (sql != null) {,705,
org/apache/commons/dbutils/QueryRunner.java,259,RelationalOperatorReplacement,if (conn == null) {,if (conn != null) {,706,
org/apache/commons/dbutils/QueryRunner.java,263,RelationalOperatorReplacement,if (sql == null) {,if (sql != null) {,707,
org/apache/commons/dbutils/QueryRunner.java,267,RelationalOperatorReplacement,if (rsh == null) {,if (rsh != null) {,708,
org/apache/commons/dbutils/QueryRunner.java,383,RelationalOperatorReplacement,if (conn == null) {,if (conn != null) {,709,
org/apache/commons/dbutils/QueryRunner.java,387,RelationalOperatorReplacement,if (sql == null) {,if (sql != null) {,710,
org/apache/commons/dbutils/QueryRunner.java,391,RelationalOperatorReplacement,if (rsh == null) {,if (rsh != null) {,711,
org/apache/commons/dbutils/QueryRunner.java,399,RelationalOperatorReplacement,if (params != null && params.length > 0) {,if (params == null && params.length > 0) {,712,
org/apache/commons/dbutils/QueryRunner.java,399,RelationalOperatorReplacement,if (params != null && params.length > 0) {,if (params != null && params.length >= 0) {,713,
org/apache/commons/dbutils/QueryRunner.java,471,RelationalOperatorReplacement,if (conn == null) {,if (conn != null) {,714,
org/apache/commons/dbutils/QueryRunner.java,475,RelationalOperatorReplacement,if (sql == null) {,if (sql != null) {,715,
org/apache/commons/dbutils/QueryRunner.java,479,RelationalOperatorReplacement,if (params == null) {,if (params != null) {,716,
org/apache/commons/dbutils/QueryRunner.java,585,RelationalOperatorReplacement,if (conn == null) {,if (conn != null) {,717,
org/apache/commons/dbutils/QueryRunner.java,589,RelationalOperatorReplacement,if (sql == null) {,if (sql != null) {,718,
org/apache/commons/dbutils/QueryRunner.java,593,RelationalOperatorReplacement,if (rsh == null) {,if (rsh != null) {,719,
org/apache/commons/dbutils/QueryRunner.java,602,RelationalOperatorReplacement,if (params != null && params.length > 0) {,if (params == null && params.length > 0) {,720,
org/apache/commons/dbutils/QueryRunner.java,602,RelationalOperatorReplacement,if (params != null && params.length > 0) {,if (params != null && params.length >= 0) {,721,
org/apache/commons/dbutils/QueryRunner.java,715,RelationalOperatorReplacement,if (params != null) {,if (params == null) {,722,
org/apache/commons/dbutils/QueryRunner.java,716,RelationalOperatorReplacement,for (int i = 0; i < params.length; i++) {,for (int i = 0; i <= params.length; i++) {,723,
org/apache/commons/dbutils/QueryRunner.java,761,RelationalOperatorReplacement,if (conn == null) {,if (conn != null) {,724,
org/apache/commons/dbutils/QueryRunner.java,765,RelationalOperatorReplacement,if (sql == null) {,if (sql != null) {,725,
org/apache/commons/dbutils/QueryRunner.java,773,RelationalOperatorReplacement,if (params != null && params.length > 0) {,if (params == null && params.length > 0) {,726,
org/apache/commons/dbutils/QueryRunner.java,773,RelationalOperatorReplacement,if (params != null && params.length > 0) {,if (params != null && params.length >= 0) {,727,
org/apache/commons/dbutils/QueryRunner.java,132,RemoveMethod,"public int[] batch(final Connection conn, final String sql, final Object[][] params) throws SQLException {","public int[] batch(final Connection conn, final String sql, final Object[][] params) throws SQLException {",728,
org/apache/commons/dbutils/QueryRunner.java,182,RemoveMethod,"public int[] batch(final String sql, final Object[][] params) throws SQLException {","public int[] batch(final String sql, final Object[][] params) throws SQLException {",729,
org/apache/commons/dbutils/QueryRunner.java,207,RemoveMethod,"public int execute(final Connection conn, final String sql, final Object... params) throws SQLException {","public int execute(final Connection conn, final String sql, final Object... params) throws SQLException {",730,
org/apache/commons/dbutils/QueryRunner.java,207,RemoveMethod,"public int execute(final Connection conn, final String sql, final Object... params) throws SQLException {","public int execute(final Connection conn, final String sql, final Object... params) throws SQLException {",731,
org/apache/commons/dbutils/QueryRunner.java,258,RemoveMethod,"public <T> List<T> execute(final Connection conn, final String sql, final ResultSetHandler<T> rsh, final Object... params) throws SQLException {","public <T> List<T> execute(final Connection conn, final String sql, final ResultSetHandler<T> rsh, final Object... params) throws SQLException {",732,
org/apache/commons/dbutils/QueryRunner.java,322,RemoveMethod,"public int execute(final String sql, final Object... params) throws SQLException {","public int execute(final String sql, final Object... params) throws SQLException {",733,
org/apache/commons/dbutils/QueryRunner.java,322,RemoveMethod,"public int execute(final String sql, final Object... params) throws SQLException {","public int execute(final String sql, final Object... params) throws SQLException {",734,
org/apache/commons/dbutils/QueryRunner.java,349,RemoveMethod,"public <T> List<T> execute(final String sql, final ResultSetHandler<T> rsh, final Object... params) throws SQLException {","public <T> List<T> execute(final String sql, final ResultSetHandler<T> rsh, final Object... params) throws SQLException {",735,
org/apache/commons/dbutils/QueryRunner.java,366,RemoveMethod,"public <T> T insert(final Connection conn, final String sql, final ResultSetHandler<T> rsh) throws SQLException {","public <T> T insert(final Connection conn, final String sql, final ResultSetHandler<T> rsh) throws SQLException {",736,
org/apache/commons/dbutils/QueryRunner.java,382,RemoveMethod,"public <T> T insert(final Connection conn, final String sql, final ResultSetHandler<T> rsh, final Object... params) throws SQLException {","public <T> T insert(final Connection conn, final String sql, final ResultSetHandler<T> rsh, final Object... params) throws SQLException {",737,
org/apache/commons/dbutils/QueryRunner.java,432,RemoveMethod,"public <T> T insert(final String sql, final ResultSetHandler<T> rsh) throws SQLException {","public <T> T insert(final String sql, final ResultSetHandler<T> rsh) throws SQLException {",738,
org/apache/commons/dbutils/QueryRunner.java,452,RemoveMethod,"public <T> T insert(final String sql, final ResultSetHandler<T> rsh, final Object... params) throws SQLException {","public <T> T insert(final String sql, final ResultSetHandler<T> rsh, final Object... params) throws SQLException {",739,
org/apache/commons/dbutils/QueryRunner.java,470,RemoveMethod,"public <T> T insertBatch(final Connection conn, final String sql, final ResultSetHandler<T> rsh, final Object[][] params) throws SQLException {","public <T> T insertBatch(final Connection conn, final String sql, final ResultSetHandler<T> rsh, final Object[][] params) throws SQLException {",740,
org/apache/commons/dbutils/QueryRunner.java,519,RemoveMethod,"public <T> T insertBatch(final String sql, final ResultSetHandler<T> rsh, final Object[][] params) throws SQLException {","public <T> T insertBatch(final String sql, final ResultSetHandler<T> rsh, final Object[][] params) throws SQLException {",741,
org/apache/commons/dbutils/QueryRunner.java,538,RemoveMethod,"public <T> T query(final Connection conn, final String sql, final Object param, final ResultSetHandler<T> rsh) throws SQLException {","public <T> T query(final Connection conn, final String sql, final Object param, final ResultSetHandler<T> rsh) throws SQLException {",742,
org/apache/commons/dbutils/QueryRunner.java,555,RemoveMethod,"public <T> T query(final Connection conn, final String sql, final Object[] params, final ResultSetHandler<T> rsh) throws SQLException {","public <T> T query(final Connection conn, final String sql, final Object[] params, final ResultSetHandler<T> rsh) throws SQLException {",743,
org/apache/commons/dbutils/QueryRunner.java,569,RemoveMethod,"public <T> T query(final Connection conn, final String sql, final ResultSetHandler<T> rsh) throws SQLException {","public <T> T query(final Connection conn, final String sql, final ResultSetHandler<T> rsh) throws SQLException {",744,
org/apache/commons/dbutils/QueryRunner.java,584,RemoveMethod,"public <T> T query(final Connection conn, final String sql, final ResultSetHandler<T> rsh, final Object... params) throws SQLException {","public <T> T query(final Connection conn, final String sql, final ResultSetHandler<T> rsh, final Object... params) throws SQLException {",745,
org/apache/commons/dbutils/QueryRunner.java,639,RemoveMethod,"public <T> T query(final String sql, final Object param, final ResultSetHandler<T> rsh) throws SQLException {","public <T> T query(final String sql, final Object param, final ResultSetHandler<T> rsh) throws SQLException {",746,
org/apache/commons/dbutils/QueryRunner.java,662,RemoveMethod,"public <T> T query(final String sql, final Object[] params, final ResultSetHandler<T> rsh) throws SQLException {","public <T> T query(final String sql, final Object[] params, final ResultSetHandler<T> rsh) throws SQLException {",747,
org/apache/commons/dbutils/QueryRunner.java,680,RemoveMethod,"public <T> T query(final String sql, final ResultSetHandler<T> rsh) throws SQLException {","public <T> T query(final String sql, final ResultSetHandler<T> rsh) throws SQLException {",748,
org/apache/commons/dbutils/QueryRunner.java,699,RemoveMethod,"public <T> T query(final String sql, final ResultSetHandler<T> rsh, final Object... params) throws SQLException {","public <T> T query(final String sql, final ResultSetHandler<T> rsh, final Object... params) throws SQLException {",749,
org/apache/commons/dbutils/QueryRunner.java,714,RemoveMethod,"private void retrieveOutParameters(final CallableStatement stmt, final Object[] params) throws SQLException {","private void retrieveOutParameters(final CallableStatement stmt, final Object[] params) throws SQLException {",750,
org/apache/commons/dbutils/QueryRunner.java,733,RemoveMethod,"public int update(final Connection conn, final String sql) throws SQLException {","public int update(final Connection conn, final String sql) throws SQLException {",751,
org/apache/commons/dbutils/QueryRunner.java,733,RemoveMethod,"public int update(final Connection conn, final String sql) throws SQLException {","public int update(final Connection conn, final String sql) throws SQLException {",752,
org/apache/commons/dbutils/QueryRunner.java,747,RemoveMethod,"public int update(final Connection conn, final String sql, final Object param) throws SQLException {","public int update(final Connection conn, final String sql, final Object param) throws SQLException {",753,
org/apache/commons/dbutils/QueryRunner.java,747,RemoveMethod,"public int update(final Connection conn, final String sql, final Object param) throws SQLException {","public int update(final Connection conn, final String sql, final Object param) throws SQLException {",754,
org/apache/commons/dbutils/QueryRunner.java,760,RemoveMethod,"public int update(final Connection conn, final String sql, final Object... params) throws SQLException {","public int update(final Connection conn, final String sql, final Object... params) throws SQLException {",755,
org/apache/commons/dbutils/QueryRunner.java,760,RemoveMethod,"public int update(final Connection conn, final String sql, final Object... params) throws SQLException {","public int update(final Connection conn, final String sql, final Object... params) throws SQLException {",756,
org/apache/commons/dbutils/QueryRunner.java,804,RemoveMethod,public int update(final String sql) throws SQLException {,public int update(final String sql) throws SQLException {,757,
org/apache/commons/dbutils/QueryRunner.java,804,RemoveMethod,public int update(final String sql) throws SQLException {,public int update(final String sql) throws SQLException {,758,
org/apache/commons/dbutils/QueryRunner.java,822,RemoveMethod,"public int update(final String sql, final Object param) throws SQLException {","public int update(final String sql, final Object param) throws SQLException {",759,
org/apache/commons/dbutils/QueryRunner.java,822,RemoveMethod,"public int update(final String sql, final Object param) throws SQLException {","public int update(final String sql, final Object param) throws SQLException {",760,
org/apache/commons/dbutils/QueryRunner.java,840,RemoveMethod,"public int update(final String sql, final Object... params) throws SQLException {","public int update(final String sql, final Object... params) throws SQLException {",761,
org/apache/commons/dbutils/QueryRunner.java,840,RemoveMethod,"public int update(final String sql, final Object... params) throws SQLException {","public int update(final String sql, final Object... params) throws SQLException {",762,
org/apache/commons/dbutils/QueryRunner.java,133,RemoveNullCheck,if (conn == null) {,if (false) {,763,
org/apache/commons/dbutils/QueryRunner.java,137,RemoveNullCheck,if (sql == null) {,if (false) {,764,
org/apache/commons/dbutils/QueryRunner.java,141,RemoveNullCheck,if (params == null) {,if (false) {,765,
org/apache/commons/dbutils/QueryRunner.java,208,RemoveNullCheck,if (conn == null) {,if (false) {,766,
org/apache/commons/dbutils/QueryRunner.java,212,RemoveNullCheck,if (sql == null) {,if (false) {,767,
org/apache/commons/dbutils/QueryRunner.java,259,RemoveNullCheck,if (conn == null) {,if (false) {,768,
org/apache/commons/dbutils/QueryRunner.java,263,RemoveNullCheck,if (sql == null) {,if (false) {,769,
org/apache/commons/dbutils/QueryRunner.java,267,RemoveNullCheck,if (rsh == null) {,if (false) {,770,
org/apache/commons/dbutils/QueryRunner.java,383,RemoveNullCheck,if (conn == null) {,if (false) {,771,
org/apache/commons/dbutils/QueryRunner.java,387,RemoveNullCheck,if (sql == null) {,if (false) {,772,
org/apache/commons/dbutils/QueryRunner.java,391,RemoveNullCheck,if (rsh == null) {,if (false) {,773,
org/apache/commons/dbutils/QueryRunner.java,399,RemoveNullCheck,if (params != null && params.length > 0) {,if (true && params.length > 0) {,774,
org/apache/commons/dbutils/QueryRunner.java,471,RemoveNullCheck,if (conn == null) {,if (false) {,775,
org/apache/commons/dbutils/QueryRunner.java,475,RemoveNullCheck,if (sql == null) {,if (false) {,776,
org/apache/commons/dbutils/QueryRunner.java,479,RemoveNullCheck,if (params == null) {,if (false) {,777,
org/apache/commons/dbutils/QueryRunner.java,585,RemoveNullCheck,if (conn == null) {,if (false) {,778,
org/apache/commons/dbutils/QueryRunner.java,589,RemoveNullCheck,if (sql == null) {,if (false) {,779,
org/apache/commons/dbutils/QueryRunner.java,593,RemoveNullCheck,if (rsh == null) {,if (false) {,780,
org/apache/commons/dbutils/QueryRunner.java,602,RemoveNullCheck,if (params != null && params.length > 0) {,if (true && params.length > 0) {,781,
org/apache/commons/dbutils/QueryRunner.java,715,RemoveNullCheck,if (params != null) {,if (true) {,782,
org/apache/commons/dbutils/QueryRunner.java,761,RemoveNullCheck,if (conn == null) {,if (false) {,783,
org/apache/commons/dbutils/QueryRunner.java,765,RemoveNullCheck,if (sql == null) {,if (false) {,784,
org/apache/commons/dbutils/QueryRunner.java,773,RemoveNullCheck,if (params != null && params.length > 0) {,if (true && params.length > 0) {,785,
org/apache/commons/dbutils/ResultSetIterator.java,85,ConditionalOperatorDeletion,return !resultSet.isLast();,return resultSet.isLast();,786,
org/apache/commons/dbutils/ResultSetIterator.java,44,NullifyObjectInitialization,return () -> new ResultSetIterator(resultSet);,return () -> null;,787,
org/apache/commons/dbutils/ResultSetIterator.java,62,NullifyObjectInitialization,"this(resultSet, new BasicRowProcessor());","this(resultSet, null);",788,
org/apache/commons/dbutils/ResultSetIterator.java,131,NullifyObjectInitialization,throw new RuntimeException(e.getMessage());,throw null;,789,
org/apache/commons/dbutils/ResultSetIterator.java,44,NullifyReturnValue,return () -> new ResultSetIterator(resultSet);,return null;,790,
org/apache/commons/dbutils/ResultSetIterator.java,103,NullifyReturnValue,return this.convert.toArray(resultSet);,return null;,791,
org/apache/commons/dbutils/ResultSetIterator.java,106,NullifyReturnValue,return null;,return null;,792,
org/apache/commons/dbutils/ResultSetIterator.java,43,RemoveMethod,public static Iterable<Object[]> iterable(final ResultSet resultSet) {,public static Iterable<Object[]> iterable(final ResultSet resultSet) {,793,
org/apache/commons/dbutils/ResultSetIterator.java,83,RemoveMethod,public boolean hasNext() {,public boolean hasNext() {,794,
org/apache/commons/dbutils/ResultSetIterator.java,83,RemoveMethod,public boolean hasNext() {,public boolean hasNext() {,795,
org/apache/commons/dbutils/ResultSetIterator.java,100,RemoveMethod,public Object[] next() {,public Object[] next() {,796,
org/apache/commons/dbutils/ResultSetIterator.java,116,RemoveMethod,public void remove() {,public void remove() {,797,
org/apache/commons/dbutils/ResultSetIterator.java,130,RemoveMethod,protected void rethrow(final SQLException e) {,protected void rethrow(final SQLException e) {,798,
org/apache/commons/dbutils/StatementConfiguration.java,129,ConditionalOperatorReplacement,if (queryTimeout != null && queryTimeout.getSeconds() > Integer.MAX_VALUE) {,if (queryTimeout != null || queryTimeout.getSeconds() > Integer.MAX_VALUE) {,799,
org/apache/commons/dbutils/StatementConfiguration.java,39,NullifyObjectInitialization,"return new StatementConfiguration(fetchDirection, fetchSize, maxFieldSize, maxRows, queryTimeout);",return null;,800,
org/apache/commons/dbutils/StatementConfiguration.java,130,NullifyObjectInitialization,"throw new IllegalArgumentException(String.format(""queryTimeout overflow: %d > %,d"", queryTimeout.getSeconds(), Integer.MAX_VALUE));",throw null;,801,
org/apache/commons/dbutils/StatementConfiguration.java,39,NullifyReturnValue,"return new StatementConfiguration(fetchDirection, fetchSize, maxFieldSize, maxRows, queryTimeout);",return null;,802,
org/apache/commons/dbutils/StatementConfiguration.java,49,NullifyReturnValue,return this;,return null;,803,
org/apache/commons/dbutils/StatementConfiguration.java,59,NullifyReturnValue,return this;,return null;,804,
org/apache/commons/dbutils/StatementConfiguration.java,69,NullifyReturnValue,return this;,return null;,805,
org/apache/commons/dbutils/StatementConfiguration.java,79,NullifyReturnValue,return this;,return null;,806,
org/apache/commons/dbutils/StatementConfiguration.java,90,NullifyReturnValue,return this;,return null;,807,
org/apache/commons/dbutils/StatementConfiguration.java,102,NullifyReturnValue,return this;,return null;,808,
org/apache/commons/dbutils/StatementConfiguration.java,158,NullifyReturnValue,return fetchDirection;,return null;,809,
org/apache/commons/dbutils/StatementConfiguration.java,167,NullifyReturnValue,return fetchSize;,return null;,810,
org/apache/commons/dbutils/StatementConfiguration.java,176,NullifyReturnValue,return maxFieldSize;,return null;,811,
org/apache/commons/dbutils/StatementConfiguration.java,185,NullifyReturnValue,return maxRows;,return null;,812,
org/apache/commons/dbutils/StatementConfiguration.java,196,NullifyReturnValue,return queryTimeout != null ? (int) queryTimeout.getSeconds() : null;,return null;,813,
org/apache/commons/dbutils/StatementConfiguration.java,206,NullifyReturnValue,return queryTimeout;,return null;,814,
org/apache/commons/dbutils/StatementConfiguration.java,101,RelationalOperatorReplacement,this.queryTimeout = queryTimeout != null ? Duration.ofSeconds(queryTimeout) : null;,this.queryTimeout = queryTimeout == null ? Duration.ofSeconds(queryTimeout) : null;,815,
org/apache/commons/dbutils/StatementConfiguration.java,129,RelationalOperatorReplacement,if (queryTimeout != null && queryTimeout.getSeconds() > Integer.MAX_VALUE) {,if (queryTimeout == null && queryTimeout.getSeconds() > Integer.MAX_VALUE) {,816,
org/apache/commons/dbutils/StatementConfiguration.java,129,RelationalOperatorReplacement,if (queryTimeout != null && queryTimeout.getSeconds() > Integer.MAX_VALUE) {,if (queryTimeout != null && queryTimeout.getSeconds() >= Integer.MAX_VALUE) {,817,
org/apache/commons/dbutils/StatementConfiguration.java,196,RelationalOperatorReplacement,return queryTimeout != null ? (int) queryTimeout.getSeconds() : null;,return queryTimeout == null ? (int) queryTimeout.getSeconds() : null;,818,
org/apache/commons/dbutils/StatementConfiguration.java,215,RelationalOperatorReplacement,return fetchDirection != null;,return fetchDirection == null;,819,
org/apache/commons/dbutils/StatementConfiguration.java,224,RelationalOperatorReplacement,return fetchSize != null;,return fetchSize == null;,820,
org/apache/commons/dbutils/StatementConfiguration.java,233,RelationalOperatorReplacement,return maxFieldSize != null;,return maxFieldSize == null;,821,
org/apache/commons/dbutils/StatementConfiguration.java,242,RelationalOperatorReplacement,return maxRows != null;,return maxRows == null;,822,
org/apache/commons/dbutils/StatementConfiguration.java,251,RelationalOperatorReplacement,return queryTimeout != null;,return queryTimeout == null;,823,
org/apache/commons/dbutils/StatementConfiguration.java,38,RemoveMethod,public StatementConfiguration build() {,public StatementConfiguration build() {,824,
org/apache/commons/dbutils/StatementConfiguration.java,47,RemoveMethod,public Builder fetchDirection(final Integer fetchDirection) {,public Builder fetchDirection(final Integer fetchDirection) {,825,
org/apache/commons/dbutils/StatementConfiguration.java,57,RemoveMethod,public Builder fetchSize(final Integer fetchSize) {,public Builder fetchSize(final Integer fetchSize) {,826,
org/apache/commons/dbutils/StatementConfiguration.java,67,RemoveMethod,public Builder maxFieldSize(final Integer maxFieldSize) {,public Builder maxFieldSize(final Integer maxFieldSize) {,827,
org/apache/commons/dbutils/StatementConfiguration.java,77,RemoveMethod,public Builder maxRows(final Integer maxRows) {,public Builder maxRows(final Integer maxRows) {,828,
org/apache/commons/dbutils/StatementConfiguration.java,88,RemoveMethod,public Builder queryTimeout(final Duration queryTimeout) {,public Builder queryTimeout(final Duration queryTimeout) {,829,
org/apache/commons/dbutils/StatementConfiguration.java,100,RemoveMethod,public Builder queryTimeout(final Integer queryTimeout) {,public Builder queryTimeout(final Integer queryTimeout) {,830,
org/apache/commons/dbutils/StatementConfiguration.java,157,RemoveMethod,public Integer getFetchDirection() {,public Integer getFetchDirection() {,831,
org/apache/commons/dbutils/StatementConfiguration.java,166,RemoveMethod,public Integer getFetchSize() {,public Integer getFetchSize() {,832,
org/apache/commons/dbutils/StatementConfiguration.java,175,RemoveMethod,public Integer getMaxFieldSize() {,public Integer getMaxFieldSize() {,833,
org/apache/commons/dbutils/StatementConfiguration.java,184,RemoveMethod,public Integer getMaxRows() {,public Integer getMaxRows() {,834,
org/apache/commons/dbutils/StatementConfiguration.java,195,RemoveMethod,public Integer getQueryTimeout() {,public Integer getQueryTimeout() {,835,
org/apache/commons/dbutils/StatementConfiguration.java,205,RemoveMethod,public Duration getQueryTimeoutDuration() {,public Duration getQueryTimeoutDuration() {,836,
org/apache/commons/dbutils/StatementConfiguration.java,214,RemoveMethod,public boolean isFetchDirectionSet() {,public boolean isFetchDirectionSet() {,837,
org/apache/commons/dbutils/StatementConfiguration.java,214,RemoveMethod,public boolean isFetchDirectionSet() {,public boolean isFetchDirectionSet() {,838,
org/apache/commons/dbutils/StatementConfiguration.java,223,RemoveMethod,public boolean isFetchSizeSet() {,public boolean isFetchSizeSet() {,839,
org/apache/commons/dbutils/StatementConfiguration.java,223,RemoveMethod,public boolean isFetchSizeSet() {,public boolean isFetchSizeSet() {,840,
org/apache/commons/dbutils/StatementConfiguration.java,232,RemoveMethod,public boolean isMaxFieldSizeSet() {,public boolean isMaxFieldSizeSet() {,841,
org/apache/commons/dbutils/StatementConfiguration.java,232,RemoveMethod,public boolean isMaxFieldSizeSet() {,public boolean isMaxFieldSizeSet() {,842,
org/apache/commons/dbutils/StatementConfiguration.java,241,RemoveMethod,public boolean isMaxRowsSet() {,public boolean isMaxRowsSet() {,843,
org/apache/commons/dbutils/StatementConfiguration.java,241,RemoveMethod,public boolean isMaxRowsSet() {,public boolean isMaxRowsSet() {,844,
org/apache/commons/dbutils/StatementConfiguration.java,250,RemoveMethod,public boolean isQueryTimeoutSet() {,public boolean isQueryTimeoutSet() {,845,
org/apache/commons/dbutils/StatementConfiguration.java,250,RemoveMethod,public boolean isQueryTimeoutSet() {,public boolean isQueryTimeoutSet() {,846,
org/apache/commons/dbutils/StatementConfiguration.java,101,RemoveNullCheck,this.queryTimeout = queryTimeout != null ? Duration.ofSeconds(queryTimeout) : null;,this.queryTimeout = true ? Duration.ofSeconds(queryTimeout) : null;,847,
org/apache/commons/dbutils/StatementConfiguration.java,129,RemoveNullCheck,if (queryTimeout != null && queryTimeout.getSeconds() > Integer.MAX_VALUE) {,if (true && queryTimeout.getSeconds() > Integer.MAX_VALUE) {,848,
org/apache/commons/dbutils/StatementConfiguration.java,196,RemoveNullCheck,return queryTimeout != null ? (int) queryTimeout.getSeconds() : null;,return true ? (int) queryTimeout.getSeconds() : null;,849,
org/apache/commons/dbutils/StatementConfiguration.java,215,RemoveNullCheck,return fetchDirection != null;,return true;,850,
org/apache/commons/dbutils/StatementConfiguration.java,224,RemoveNullCheck,return fetchSize != null;,return true;,851,
org/apache/commons/dbutils/StatementConfiguration.java,233,RemoveNullCheck,return maxFieldSize != null;,return true;,852,
org/apache/commons/dbutils/StatementConfiguration.java,242,RemoveNullCheck,return maxRows != null;,return true;,853,
org/apache/commons/dbutils/StatementConfiguration.java,251,RemoveNullCheck,return queryTimeout != null;,return true;,854,
org/apache/commons/dbutils/handlers/AbstractKeyedHandler.java,57,NullifyObjectInitialization,return new HashMap<>();,return null;,855,
org/apache/commons/dbutils/handlers/AbstractKeyedHandler.java,57,NullifyReturnValue,return new HashMap<>();,return null;,856,
org/apache/commons/dbutils/handlers/AbstractKeyedHandler.java,83,NullifyReturnValue,return result;,return null;,857,
org/apache/commons/dbutils/handlers/AbstractKeyedHandler.java,56,RemoveMethod,"protected Map<K, V> createMap() {","protected Map<K, V> createMap() {",858,
org/apache/commons/dbutils/handlers/AbstractKeyedHandler.java,78,RemoveMethod,"public Map<K, V> handle(final ResultSet resultSet) throws SQLException {","public Map<K, V> handle(final ResultSet resultSet) throws SQLException {",859,
org/apache/commons/dbutils/handlers/AbstractListHandler.java,47,NullifyObjectInitialization,final List<T> rows = new ArrayList<>();,final List<T> rows = null;,860,
org/apache/commons/dbutils/handlers/AbstractListHandler.java,51,NullifyReturnValue,return rows;,return null;,861,
org/apache/commons/dbutils/handlers/AbstractListHandler.java,46,RemoveMethod,public List<T> handle(final ResultSet resultSet) throws SQLException {,public List<T> handle(final ResultSet resultSet) throws SQLException {,862,
org/apache/commons/dbutils/handlers/ArrayHandler.java,40,NullifyObjectInitialization,static final RowProcessor ROW_PROCESSOR = new BasicRowProcessor();,static final RowProcessor ROW_PROCESSOR = null;,863,
org/apache/commons/dbutils/handlers/ArrayHandler.java,82,NullifyReturnValue,return resultSet.next() ? this.convert.toArray(resultSet) : EMPTY_ARRAY;,return null;,864,
org/apache/commons/dbutils/handlers/ArrayHandler.java,81,RemoveMethod,public Object[] handle(final ResultSet resultSet) throws SQLException {,public Object[] handle(final ResultSet resultSet) throws SQLException {,865,
org/apache/commons/dbutils/handlers/ArrayListHandler.java,68,NullifyReturnValue,return this.convert.toArray(resultSet);,return null;,866,
org/apache/commons/dbutils/handlers/ArrayListHandler.java,67,RemoveMethod,protected Object[] handleRow(final ResultSet resultSet) throws SQLException {,protected Object[] handleRow(final ResultSet resultSet) throws SQLException {,867,
org/apache/commons/dbutils/handlers/BeanHandler.java,80,NullifyReturnValue,"return resultSet.next() ? this.convert.toBean(resultSet, this.type) : null;",return null;,868,
org/apache/commons/dbutils/handlers/BeanHandler.java,79,RemoveMethod,public T handle(final ResultSet resultSet) throws SQLException {,public T handle(final ResultSet resultSet) throws SQLException {,869,
org/apache/commons/dbutils/handlers/BeanListHandler.java,83,NullifyReturnValue,"return this.convert.toBeanList(resultSet, type);",return null;,870,
org/apache/commons/dbutils/handlers/BeanListHandler.java,82,RemoveMethod,public List<T> handle(final ResultSet resultSet) throws SQLException {,public List<T> handle(final ResultSet resultSet) throws SQLException {,871,
org/apache/commons/dbutils/handlers/BeanMapHandler.java,174,NullifyReturnValue,return columnName == null ?,return null;,872,
org/apache/commons/dbutils/handlers/BeanMapHandler.java,181,NullifyReturnValue,"return this.convert.toBean(resultSet, type);",return null;,873,
org/apache/commons/dbutils/handlers/BeanMapHandler.java,174,RelationalOperatorReplacement,return columnName == null ?,return columnName != null ?,874,
org/apache/commons/dbutils/handlers/BeanMapHandler.java,173,RemoveMethod,protected K createKey(final ResultSet resultSet) throws SQLException {,protected K createKey(final ResultSet resultSet) throws SQLException {,875,
org/apache/commons/dbutils/handlers/BeanMapHandler.java,180,RemoveMethod,protected V createRow(final ResultSet resultSet) throws SQLException {,protected V createRow(final ResultSet resultSet) throws SQLException {,876,
org/apache/commons/dbutils/handlers/BeanMapHandler.java,174,RemoveNullCheck,return columnName == null ?,return false ?,877,
org/apache/commons/dbutils/handlers/ColumnListHandler.java,99,NullifyReturnValue,return (T) resultSet.getObject(this.columnIndex);,return null;,878,
org/apache/commons/dbutils/handlers/ColumnListHandler.java,101,NullifyReturnValue,return (T) resultSet.getObject(this.columnName);,return null;,879,
org/apache/commons/dbutils/handlers/ColumnListHandler.java,98,RelationalOperatorReplacement,if (this.columnName == null) {,if (this.columnName != null) {,880,
org/apache/commons/dbutils/handlers/ColumnListHandler.java,97,RemoveMethod,protected T handleRow(final ResultSet resultSet) throws SQLException {,protected T handleRow(final ResultSet resultSet) throws SQLException {,881,
org/apache/commons/dbutils/handlers/ColumnListHandler.java,98,RemoveNullCheck,if (this.columnName == null) {,if (false) {,882,
org/apache/commons/dbutils/handlers/KeyedHandler.java,140,NullifyReturnValue,return columnName == null ?,return null;,883,
org/apache/commons/dbutils/handlers/KeyedHandler.java,157,NullifyReturnValue,return this.convert.toMap(resultSet);,return null;,884,
org/apache/commons/dbutils/handlers/KeyedHandler.java,140,RelationalOperatorReplacement,return columnName == null ?,return columnName != null ?,885,
org/apache/commons/dbutils/handlers/KeyedHandler.java,139,RemoveMethod,protected K createKey(final ResultSet rs) throws SQLException {,protected K createKey(final ResultSet rs) throws SQLException {,886,
org/apache/commons/dbutils/handlers/KeyedHandler.java,156,RemoveMethod,"protected Map<String, Object> createRow(final ResultSet resultSet) throws SQLException {","protected Map<String, Object> createRow(final ResultSet resultSet) throws SQLException {",887,
org/apache/commons/dbutils/handlers/KeyedHandler.java,140,RemoveNullCheck,return columnName == null ?,return false ?,888,
org/apache/commons/dbutils/handlers/MapHandler.java,72,NullifyReturnValue,return resultSet.next() ? this.convert.toMap(resultSet) : null;,return null;,889,
org/apache/commons/dbutils/handlers/MapHandler.java,71,RemoveMethod,"public Map<String, Object> handle(final ResultSet resultSet) throws SQLException {","public Map<String, Object> handle(final ResultSet resultSet) throws SQLException {",890,
org/apache/commons/dbutils/handlers/MapListHandler.java,69,NullifyReturnValue,return this.convert.toMap(resultSet);,return null;,891,
org/apache/commons/dbutils/handlers/MapListHandler.java,68,RemoveMethod,"protected Map<String, Object> handleRow(final ResultSet resultSet) throws SQLException {","protected Map<String, Object> handleRow(final ResultSet resultSet) throws SQLException {",892,
org/apache/commons/dbutils/handlers/ScalarHandler.java,104,NullifyReturnValue,return (T) resultSet.getObject(this.columnIndex);,return null;,893,
org/apache/commons/dbutils/handlers/ScalarHandler.java,106,NullifyReturnValue,return (T) resultSet.getObject(this.columnName);,return null;,894,
org/apache/commons/dbutils/handlers/ScalarHandler.java,108,NullifyReturnValue,return null;,return null;,895,
org/apache/commons/dbutils/handlers/ScalarHandler.java,103,RelationalOperatorReplacement,if (this.columnName == null) {,if (this.columnName != null) {,896,
org/apache/commons/dbutils/handlers/ScalarHandler.java,100,RemoveMethod,public T handle(final ResultSet resultSet) throws SQLException {,public T handle(final ResultSet resultSet) throws SQLException {,897,
org/apache/commons/dbutils/handlers/ScalarHandler.java,103,RemoveNullCheck,if (this.columnName == null) {,if (false) {,898,
org/apache/commons/dbutils/handlers/columns/BooleanColumnHandler.java,33,ConditionalOperatorReplacement,return propType.equals(Boolean.TYPE) || propType.equals(Boolean.class);,return propType.equals(Boolean.TYPE) && propType.equals(Boolean.class);,899,
org/apache/commons/dbutils/handlers/columns/BooleanColumnHandler.java,28,NullifyReturnValue,return Boolean.valueOf(resultSet.getBoolean(columnIndex));,return null;,900,
org/apache/commons/dbutils/handlers/columns/BooleanColumnHandler.java,27,RemoveMethod,"public Boolean apply(final ResultSet resultSet, final int columnIndex) throws SQLException {","public Boolean apply(final ResultSet resultSet, final int columnIndex) throws SQLException {",901,
org/apache/commons/dbutils/handlers/columns/BooleanColumnHandler.java,32,RemoveMethod,public boolean match(final Class<?> propType) {,public boolean match(final Class<?> propType) {,902,
org/apache/commons/dbutils/handlers/columns/BooleanColumnHandler.java,32,RemoveMethod,public boolean match(final Class<?> propType) {,public boolean match(final Class<?> propType) {,903,
org/apache/commons/dbutils/handlers/columns/ByteColumnHandler.java,33,ConditionalOperatorReplacement,return propType.equals(Byte.TYPE) || propType.equals(Byte.class);,return propType.equals(Byte.TYPE) && propType.equals(Byte.class);,904,
org/apache/commons/dbutils/handlers/columns/ByteColumnHandler.java,28,NullifyReturnValue,return Byte.valueOf(resultSet.getByte(columnIndex));,return null;,905,
org/apache/commons/dbutils/handlers/columns/ByteColumnHandler.java,27,RemoveMethod,"public Byte apply(final ResultSet resultSet, final int columnIndex) throws SQLException {","public Byte apply(final ResultSet resultSet, final int columnIndex) throws SQLException {",906,
org/apache/commons/dbutils/handlers/columns/ByteColumnHandler.java,32,RemoveMethod,public boolean match(final Class<?> propType) {,public boolean match(final Class<?> propType) {,907,
org/apache/commons/dbutils/handlers/columns/ByteColumnHandler.java,32,RemoveMethod,public boolean match(final Class<?> propType) {,public boolean match(final Class<?> propType) {,908,
org/apache/commons/dbutils/handlers/columns/DoubleColumnHandler.java,33,ConditionalOperatorReplacement,return propType.equals(Double.TYPE) || propType.equals(Double.class);,return propType.equals(Double.TYPE) && propType.equals(Double.class);,909,
org/apache/commons/dbutils/handlers/columns/DoubleColumnHandler.java,28,NullifyReturnValue,return Double.valueOf(resultSet.getDouble(columnIndex));,return null;,910,
org/apache/commons/dbutils/handlers/columns/DoubleColumnHandler.java,27,RemoveMethod,"public Double apply(final ResultSet resultSet, final int columnIndex) throws SQLException {","public Double apply(final ResultSet resultSet, final int columnIndex) throws SQLException {",911,
org/apache/commons/dbutils/handlers/columns/DoubleColumnHandler.java,32,RemoveMethod,public boolean match(final Class<?> propType) {,public boolean match(final Class<?> propType) {,912,
org/apache/commons/dbutils/handlers/columns/DoubleColumnHandler.java,32,RemoveMethod,public boolean match(final Class<?> propType) {,public boolean match(final Class<?> propType) {,913,
org/apache/commons/dbutils/handlers/columns/FloatColumnHandler.java,33,ConditionalOperatorReplacement,return propType.equals(Float.TYPE) || propType.equals(Float.class);,return propType.equals(Float.TYPE) && propType.equals(Float.class);,914,
org/apache/commons/dbutils/handlers/columns/FloatColumnHandler.java,28,NullifyReturnValue,return Float.valueOf(resultSet.getFloat(columnIndex));,return null;,915,
org/apache/commons/dbutils/handlers/columns/FloatColumnHandler.java,27,RemoveMethod,"public Float apply(final ResultSet resultSet, final int columnIndex) throws SQLException {","public Float apply(final ResultSet resultSet, final int columnIndex) throws SQLException {",916,
org/apache/commons/dbutils/handlers/columns/FloatColumnHandler.java,32,RemoveMethod,public boolean match(final Class<?> propType) {,public boolean match(final Class<?> propType) {,917,
org/apache/commons/dbutils/handlers/columns/FloatColumnHandler.java,32,RemoveMethod,public boolean match(final Class<?> propType) {,public boolean match(final Class<?> propType) {,918,
org/apache/commons/dbutils/handlers/columns/IntegerColumnHandler.java,33,ConditionalOperatorReplacement,return propType.equals(Integer.TYPE) || propType.equals(Integer.class);,return propType.equals(Integer.TYPE) && propType.equals(Integer.class);,919,
org/apache/commons/dbutils/handlers/columns/IntegerColumnHandler.java,28,NullifyReturnValue,return Integer.valueOf(resultSet.getInt(columnIndex));,return null;,920,
org/apache/commons/dbutils/handlers/columns/IntegerColumnHandler.java,27,RemoveMethod,"public Integer apply(final ResultSet resultSet, final int columnIndex) throws SQLException {","public Integer apply(final ResultSet resultSet, final int columnIndex) throws SQLException {",921,
org/apache/commons/dbutils/handlers/columns/IntegerColumnHandler.java,32,RemoveMethod,public boolean match(final Class<?> propType) {,public boolean match(final Class<?> propType) {,922,
org/apache/commons/dbutils/handlers/columns/IntegerColumnHandler.java,32,RemoveMethod,public boolean match(final Class<?> propType) {,public boolean match(final Class<?> propType) {,923,
org/apache/commons/dbutils/handlers/columns/LongColumnHandler.java,33,ConditionalOperatorReplacement,return propType.equals(Long.TYPE) || propType.equals(Long.class);,return propType.equals(Long.TYPE) && propType.equals(Long.class);,924,
org/apache/commons/dbutils/handlers/columns/LongColumnHandler.java,28,NullifyReturnValue,return Long.valueOf(resultSet.getLong(columnIndex));,return null;,925,
org/apache/commons/dbutils/handlers/columns/LongColumnHandler.java,27,RemoveMethod,"public Long apply(final ResultSet resultSet, final int columnIndex) throws SQLException {","public Long apply(final ResultSet resultSet, final int columnIndex) throws SQLException {",926,
org/apache/commons/dbutils/handlers/columns/LongColumnHandler.java,32,RemoveMethod,public boolean match(final Class<?> propType) {,public boolean match(final Class<?> propType) {,927,
org/apache/commons/dbutils/handlers/columns/LongColumnHandler.java,32,RemoveMethod,public boolean match(final Class<?> propType) {,public boolean match(final Class<?> propType) {,928,
org/apache/commons/dbutils/handlers/columns/SQLXMLColumnHandler.java,29,NullifyReturnValue,return resultSet.getSQLXML(columnIndex);,return null;,929,
org/apache/commons/dbutils/handlers/columns/SQLXMLColumnHandler.java,28,RemoveMethod,"public SQLXML apply(final ResultSet resultSet, final int columnIndex) throws SQLException {","public SQLXML apply(final ResultSet resultSet, final int columnIndex) throws SQLException {",930,
org/apache/commons/dbutils/handlers/columns/SQLXMLColumnHandler.java,33,RemoveMethod,public boolean match(final Class<?> propType) {,public boolean match(final Class<?> propType) {,931,
org/apache/commons/dbutils/handlers/columns/SQLXMLColumnHandler.java,33,RemoveMethod,public boolean match(final Class<?> propType) {,public boolean match(final Class<?> propType) {,932,
org/apache/commons/dbutils/handlers/columns/ShortColumnHandler.java,33,ConditionalOperatorReplacement,return propType.equals(Short.TYPE) || propType.equals(Short.class);,return propType.equals(Short.TYPE) && propType.equals(Short.class);,933,
org/apache/commons/dbutils/handlers/columns/ShortColumnHandler.java,28,NullifyReturnValue,return Short.valueOf(resultSet.getShort(columnIndex));,return null;,934,
org/apache/commons/dbutils/handlers/columns/ShortColumnHandler.java,27,RemoveMethod,"public Short apply(final ResultSet resultSet, final int columnIndex) throws SQLException {","public Short apply(final ResultSet resultSet, final int columnIndex) throws SQLException {",935,
org/apache/commons/dbutils/handlers/columns/ShortColumnHandler.java,32,RemoveMethod,public boolean match(final Class<?> propType) {,public boolean match(final Class<?> propType) {,936,
org/apache/commons/dbutils/handlers/columns/ShortColumnHandler.java,32,RemoveMethod,public boolean match(final Class<?> propType) {,public boolean match(final Class<?> propType) {,937,
org/apache/commons/dbutils/handlers/columns/StringColumnHandler.java,28,NullifyReturnValue,return resultSet.getString(columnIndex);,return null;,938,
org/apache/commons/dbutils/handlers/columns/StringColumnHandler.java,27,RemoveMethod,"public String apply(final ResultSet resultSet, final int columnIndex) throws SQLException {","public String apply(final ResultSet resultSet, final int columnIndex) throws SQLException {",939,
org/apache/commons/dbutils/handlers/columns/StringColumnHandler.java,27,RemoveMethod,"public String apply(final ResultSet resultSet, final int columnIndex) throws SQLException {","public String apply(final ResultSet resultSet, final int columnIndex) throws SQLException {",940,
org/apache/commons/dbutils/handlers/columns/StringColumnHandler.java,32,RemoveMethod,public boolean match(final Class<?> propType) {,public boolean match(final Class<?> propType) {,941,
org/apache/commons/dbutils/handlers/columns/StringColumnHandler.java,32,RemoveMethod,public boolean match(final Class<?> propType) {,public boolean match(final Class<?> propType) {,942,
org/apache/commons/dbutils/handlers/columns/TimestampColumnHandler.java,29,NullifyReturnValue,return resultSet.getTimestamp(columnIndex);,return null;,943,
org/apache/commons/dbutils/handlers/columns/TimestampColumnHandler.java,28,RemoveMethod,"public Timestamp apply(final ResultSet resultSet, final int columnIndex) throws SQLException {","public Timestamp apply(final ResultSet resultSet, final int columnIndex) throws SQLException {",944,
org/apache/commons/dbutils/handlers/columns/TimestampColumnHandler.java,33,RemoveMethod,public boolean match(final Class<?> propType) {,public boolean match(final Class<?> propType) {,945,
org/apache/commons/dbutils/handlers/columns/TimestampColumnHandler.java,33,RemoveMethod,public boolean match(final Class<?> propType) {,public boolean match(final Class<?> propType) {,946,
org/apache/commons/dbutils/handlers/properties/DatePropertyHandler.java,61,ConditionalOperatorDeletion,if (JAVA_SQL_TIMESTAMP.equals(targetType) && !Timestamp.class.isInstance(value)) {,if (JAVA_SQL_TIMESTAMP.equals(targetType) && Timestamp.class.isInstance(value)) {,947,
org/apache/commons/dbutils/handlers/properties/DatePropertyHandler.java,61,ConditionalOperatorReplacement,if (JAVA_SQL_TIMESTAMP.equals(targetType) && !Timestamp.class.isInstance(value)) {,if (JAVA_SQL_TIMESTAMP.equals(targetType) || !Timestamp.class.isInstance(value)) {,948,
org/apache/commons/dbutils/handlers/properties/DatePropertyHandler.java,35,NullifyInputVariable,"public Object apply(final Class<?> parameter, Object value) {","public Object apply(final Class<?> parameter, Object value) { value = null;",949,
org/apache/commons/dbutils/handlers/properties/DatePropertyHandler.java,41,NullifyObjectInitialization,value = new java.sql.Date(time);,value = null;,950,
org/apache/commons/dbutils/handlers/properties/DatePropertyHandler.java,43,NullifyObjectInitialization,value = new java.sql.Time(time);,value = null;,951,
org/apache/commons/dbutils/handlers/properties/DatePropertyHandler.java,45,NullifyObjectInitialization,value = new Timestamp(time);,value = null;,952,
org/apache/commons/dbutils/handlers/properties/DatePropertyHandler.java,48,NullifyReturnValue,return value;,return null;,953,
org/apache/commons/dbutils/handlers/properties/DatePropertyHandler.java,35,RemoveMethod,"public Object apply(final Class<?> parameter, Object value) {","public Object apply(final Class<?> parameter, Object value) {",954,
org/apache/commons/dbutils/handlers/properties/DatePropertyHandler.java,52,RemoveMethod,"public boolean match(final Class<?> parameter, final Object value) {","public boolean match(final Class<?> parameter, final Object value) {",955,
org/apache/commons/dbutils/handlers/properties/DatePropertyHandler.java,52,RemoveMethod,"public boolean match(final Class<?> parameter, final Object value) {","public boolean match(final Class<?> parameter, final Object value) {",956,
org/apache/commons/dbutils/handlers/properties/StringEnumPropertyHandler.java,34,ConditionalOperatorReplacement,return value instanceof String && parameter.isEnum();,return value instanceof String || parameter.isEnum();,957,
org/apache/commons/dbutils/handlers/properties/StringEnumPropertyHandler.java,29,NullifyReturnValue,"return Enum.valueOf(parameter.asSubclass(Enum.class), (String) value);",return null;,958,
org/apache/commons/dbutils/handlers/properties/StringEnumPropertyHandler.java,28,RemoveMethod,"public Object apply(final Class<?> parameter, final Object value) {","public Object apply(final Class<?> parameter, final Object value) {",959,
org/apache/commons/dbutils/handlers/properties/StringEnumPropertyHandler.java,33,RemoveMethod,"public boolean match(final Class<?> parameter, final Object value) {","public boolean match(final Class<?> parameter, final Object value) {",960,
org/apache/commons/dbutils/handlers/properties/StringEnumPropertyHandler.java,33,RemoveMethod,"public boolean match(final Class<?> parameter, final Object value) {","public boolean match(final Class<?> parameter, final Object value) {",961,
org/apache/commons/dbutils/wrappers/SqlNullCheckedResultSet.java,169,RemoveMethod,public BigDecimal getNullBigDecimal() {,public BigDecimal getNullBigDecimal() {,1000,
org/apache/commons/dbutils/wrappers/SqlNullCheckedResultSet.java,179,RemoveMethod,public InputStream getNullBinaryStream() {,public InputStream getNullBinaryStream() {,1001,
org/apache/commons/dbutils/wrappers/SqlNullCheckedResultSet.java,189,RemoveMethod,public Blob getNullBlob() {,public Blob getNullBlob() {,1002,
org/apache/commons/dbutils/wrappers/SqlNullCheckedResultSet.java,199,RemoveMethod,public boolean getNullBoolean() {,public boolean getNullBoolean() {,1003,
org/apache/commons/dbutils/wrappers/SqlNullCheckedResultSet.java,199,RemoveMethod,public boolean getNullBoolean() {,public boolean getNullBoolean() {,1004,
org/apache/commons/dbutils/wrappers/SqlNullCheckedResultSet.java,209,RemoveMethod,public byte getNullByte() {,public byte getNullByte() {,1005,
org/apache/commons/dbutils/wrappers/SqlNullCheckedResultSet.java,209,RemoveMethod,public byte getNullByte() {,public byte getNullByte() {,1006,
org/apache/commons/dbutils/wrappers/SqlNullCheckedResultSet.java,219,RemoveMethod,public byte[] getNullBytes() {,public byte[] getNullBytes() {,1007,
org/apache/commons/dbutils/wrappers/SqlNullCheckedResultSet.java,232,RemoveMethod,public Reader getNullCharacterStream() {,public Reader getNullCharacterStream() {,1008,
org/apache/commons/dbutils/wrappers/SqlNullCheckedResultSet.java,242,RemoveMethod,public Clob getNullClob() {,public Clob getNullClob() {,1009,
org/apache/commons/dbutils/wrappers/SqlNullCheckedResultSet.java,252,RemoveMethod,public Date getNullDate() {,public Date getNullDate() {,1010,
org/apache/commons/dbutils/wrappers/SqlNullCheckedResultSet.java,262,RemoveMethod,public double getNullDouble() {,public double getNullDouble() {,1011,
org/apache/commons/dbutils/wrappers/SqlNullCheckedResultSet.java,262,RemoveMethod,public double getNullDouble() {,public double getNullDouble() {,1012,
org/apache/commons/dbutils/wrappers/SqlNullCheckedResultSet.java,272,RemoveMethod,public float getNullFloat() {,public float getNullFloat() {,1013,
org/apache/commons/dbutils/wrappers/SqlNullCheckedResultSet.java,272,RemoveMethod,public float getNullFloat() {,public float getNullFloat() {,1014,
org/apache/commons/dbutils/wrappers/SqlNullCheckedResultSet.java,282,RemoveMethod,public int getNullInt() {,public int getNullInt() {,1015,
org/apache/commons/dbutils/wrappers/SqlNullCheckedResultSet.java,282,RemoveMethod,public int getNullInt() {,public int getNullInt() {,1016,
org/apache/commons/dbutils/wrappers/SqlNullCheckedResultSet.java,292,RemoveMethod,public long getNullLong() {,public long getNullLong() {,1017,
org/apache/commons/dbutils/wrappers/SqlNullCheckedResultSet.java,292,RemoveMethod,public long getNullLong() {,public long getNullLong() {,1018,
org/apache/commons/dbutils/wrappers/SqlNullCheckedResultSet.java,302,RemoveMethod,public Object getNullObject() {,public Object getNullObject() {,1019,
org/apache/commons/dbutils/wrappers/SqlNullCheckedResultSet.java,312,RemoveMethod,public Ref getNullRef() {,public Ref getNullRef() {,1020,
org/apache/commons/dbutils/wrappers/SqlNullCheckedResultSet.java,322,RemoveMethod,public short getNullShort() {,public short getNullShort() {,1021,
org/apache/commons/dbutils/wrappers/SqlNullCheckedResultSet.java,322,RemoveMethod,public short getNullShort() {,public short getNullShort() {,1022,
org/apache/commons/dbutils/wrappers/SqlNullCheckedResultSet.java,332,RemoveMethod,public String getNullString() {,public String getNullString() {,1023,
org/apache/commons/dbutils/wrappers/SqlNullCheckedResultSet.java,332,RemoveMethod,public String getNullString() {,public String getNullString() {,1024,
org/apache/commons/dbutils/wrappers/SqlNullCheckedResultSet.java,342,RemoveMethod,public Time getNullTime() {,public Time getNullTime() {,1025,
org/apache/commons/dbutils/wrappers/SqlNullCheckedResultSet.java,352,RemoveMethod,public Timestamp getNullTimestamp() {,public Timestamp getNullTimestamp() {,1026,
org/apache/commons/dbutils/wrappers/SqlNullCheckedResultSet.java,368,RemoveMethod,public URL getNullURL() {,public URL getNullURL() {,1027,
org/apache/commons/dbutils/wrappers/SqlNullCheckedResultSet.java,386,RemoveMethod,throws Throwable {,throws Throwable {,1028,
org/apache/commons/dbutils/wrappers/SqlNullCheckedResultSet.java,405,RemoveMethod,public void setNullAsciiStream(final InputStream nullAsciiStream) {,public void setNullAsciiStream(final InputStream nullAsciiStream) {,1029,
org/apache/commons/dbutils/wrappers/SqlNullCheckedResultSet.java,415,RemoveMethod,public void setNullBigDecimal(final BigDecimal nullBigDecimal) {,public void setNullBigDecimal(final BigDecimal nullBigDecimal) {,1030,
org/apache/commons/dbutils/wrappers/SqlNullCheckedResultSet.java,425,RemoveMethod,public void setNullBinaryStream(final InputStream nullBinaryStream) {,public void setNullBinaryStream(final InputStream nullBinaryStream) {,1031,
org/apache/commons/dbutils/wrappers/SqlNullCheckedResultSet.java,435,RemoveMethod,public void setNullBlob(final Blob nullBlob) {,public void setNullBlob(final Blob nullBlob) {,1032,
org/apache/commons/dbutils/wrappers/SqlNullCheckedResultSet.java,445,RemoveMethod,public void setNullBoolean(final boolean nullBoolean) {,public void setNullBoolean(final boolean nullBoolean) {,1033,
org/apache/commons/dbutils/wrappers/SqlNullCheckedResultSet.java,455,RemoveMethod,public void setNullByte(final byte nullByte) {,public void setNullByte(final byte nullByte) {,1034,
org/apache/commons/dbutils/wrappers/SqlNullCheckedResultSet.java,465,RemoveMethod,public void setNullBytes(final byte[] nullBytes) {,public void setNullBytes(final byte[] nullBytes) {,1035,
org/apache/commons/dbutils/wrappers/SqlNullCheckedResultSet.java,479,RemoveMethod,public void setNullCharacterStream(final Reader nullCharacterStream) {,public void setNullCharacterStream(final Reader nullCharacterStream) {,1036,
org/apache/commons/dbutils/wrappers/SqlNullCheckedResultSet.java,489,RemoveMethod,public void setNullClob(final Clob nullClob) {,public void setNullClob(final Clob nullClob) {,1037,
org/apache/commons/dbutils/wrappers/SqlNullCheckedResultSet.java,499,RemoveMethod,public void setNullDate(final Date nullDate) {,public void setNullDate(final Date nullDate) {,1038,
org/apache/commons/dbutils/wrappers/SqlNullCheckedResultSet.java,509,RemoveMethod,public void setNullDouble(final double nullDouble) {,public void setNullDouble(final double nullDouble) {,1039,
org/apache/commons/dbutils/wrappers/SqlNullCheckedResultSet.java,519,RemoveMethod,public void setNullFloat(final float nullFloat) {,public void setNullFloat(final float nullFloat) {,1040,
org/apache/commons/dbutils/wrappers/SqlNullCheckedResultSet.java,529,RemoveMethod,public void setNullInt(final int nullInt) {,public void setNullInt(final int nullInt) {,1041,
org/apache/commons/dbutils/wrappers/SqlNullCheckedResultSet.java,539,RemoveMethod,public void setNullLong(final long nullLong) {,public void setNullLong(final long nullLong) {,1042,
org/apache/commons/dbutils/wrappers/SqlNullCheckedResultSet.java,549,RemoveMethod,public void setNullObject(final Object nullObject) {,public void setNullObject(final Object nullObject) {,1043,
org/apache/commons/dbutils/wrappers/SqlNullCheckedResultSet.java,559,RemoveMethod,public void setNullRef(final Ref nullRef) {,public void setNullRef(final Ref nullRef) {,1044,
org/apache/commons/dbutils/wrappers/SqlNullCheckedResultSet.java,569,RemoveMethod,public void setNullShort(final short nullShort) {,public void setNullShort(final short nullShort) {,1045,
org/apache/commons/dbutils/wrappers/SqlNullCheckedResultSet.java,579,RemoveMethod,public void setNullString(final String nullString) {,public void setNullString(final String nullString) {,1046,
org/apache/commons/dbutils/wrappers/SqlNullCheckedResultSet.java,589,RemoveMethod,public void setNullTime(final Time nullTime) {,public void setNullTime(final Time nullTime) {,1047,
org/apache/commons/dbutils/wrappers/SqlNullCheckedResultSet.java,599,RemoveMethod,public void setNullTimestamp(final Timestamp nullTimestamp) {,public void setNullTimestamp(final Timestamp nullTimestamp) {,1048,
org/apache/commons/dbutils/wrappers/SqlNullCheckedResultSet.java,614,RemoveMethod,public void setNullURL(final URL nullURL) {,public void setNullURL(final URL nullURL) {,1049,
org/apache/commons/dbutils/wrappers/SqlNullCheckedResultSet.java,220,RemoveNullCheck,if (this.nullBytes == null) {,if (false) {,1050,
org/apache/commons/dbutils/wrappers/SqlNullCheckedResultSet.java,253,RemoveNullCheck,return this.nullDate != null ? new Date(this.nullDate.getTime()) : null;,return true ? new Date(this.nullDate.getTime()) : null;,1051,
org/apache/commons/dbutils/wrappers/SqlNullCheckedResultSet.java,343,RemoveNullCheck,return this.nullTime != null ? new Time(this.nullTime.getTime()) : null;,return true ? new Time(this.nullTime.getTime()) : null;,1052,
org/apache/commons/dbutils/wrappers/SqlNullCheckedResultSet.java,353,RemoveNullCheck,if (this.nullTimestamp == null) {,if (false) {,1053,
org/apache/commons/dbutils/wrappers/SqlNullCheckedResultSet.java,394,RemoveNullCheck,return nullMethod != null && this.resultSet.wasNull(),return true && this.resultSet.wasNull(),1054,
org/apache/commons/dbutils/wrappers/SqlNullCheckedResultSet.java,466,RemoveNullCheck,if (nullBytes != null) {,if (true) {,1055,
org/apache/commons/dbutils/wrappers/SqlNullCheckedResultSet.java,500,RemoveNullCheck,this.nullDate = nullDate != null ? new Date(nullDate.getTime()) : null;,this.nullDate = true ? new Date(nullDate.getTime()) : null;,1056,
org/apache/commons/dbutils/wrappers/SqlNullCheckedResultSet.java,590,RemoveNullCheck,this.nullTime = nullTime != null ? new Time(nullTime.getTime()) : null;,this.nullTime = true ? new Time(nullTime.getTime()) : null;,1057,
org/apache/commons/dbutils/wrappers/SqlNullCheckedResultSet.java,600,RemoveNullCheck,if (nullTimestamp != null) {,if (true) {,1058,
org/apache/commons/dbutils/wrappers/SqlNullCheckedResultSet.java,394,ConditionalOperatorReplacement,return nullMethod != null && this.resultSet.wasNull(),return nullMethod != null || this.resultSet.wasNull(),962,
org/apache/commons/dbutils/wrappers/SqlNullCheckedResultSet.java,77,NullifyObjectInitialization,"private static final Map<String, Method> NULL_METHODS = new HashMap<>();","private static final Map<String, Method> NULL_METHODS = null;",963,
org/apache/commons/dbutils/wrappers/SqlNullCheckedResultSet.java,113,NullifyObjectInitialization,return factory.createResultSet(new SqlNullCheckedResultSet(resultSet));,return factory.createResultSet(null);,964,
org/apache/commons/dbutils/wrappers/SqlNullCheckedResultSet.java,253,NullifyObjectInitialization,return this.nullDate != null ? new Date(this.nullDate.getTime()) : null;,return this.nullDate != null ? null : null;,965,
org/apache/commons/dbutils/wrappers/SqlNullCheckedResultSet.java,343,NullifyObjectInitialization,return this.nullTime != null ? new Time(this.nullTime.getTime()) : null;,return this.nullTime != null ? null : null;,966,
org/apache/commons/dbutils/wrappers/SqlNullCheckedResultSet.java,357,NullifyObjectInitialization,final Timestamp ts = new Timestamp(this.nullTimestamp.getTime());,final Timestamp ts = null;,967,
org/apache/commons/dbutils/wrappers/SqlNullCheckedResultSet.java,500,NullifyObjectInitialization,this.nullDate = nullDate != null ? new Date(nullDate.getTime()) : null;,this.nullDate = nullDate != null ? null : null;,968,
org/apache/commons/dbutils/wrappers/SqlNullCheckedResultSet.java,590,NullifyObjectInitialization,this.nullTime = nullTime != null ? new Time(nullTime.getTime()) : null;,this.nullTime = nullTime != null ? null : null;,969,
org/apache/commons/dbutils/wrappers/SqlNullCheckedResultSet.java,601,NullifyObjectInitialization,this.nullTimestamp = new Timestamp(nullTimestamp.getTime());,this.nullTimestamp = null;,970,
org/apache/commons/dbutils/wrappers/SqlNullCheckedResultSet.java,113,NullifyReturnValue,return factory.createResultSet(new SqlNullCheckedResultSet(resultSet));,return null;,971,
org/apache/commons/dbutils/wrappers/SqlNullCheckedResultSet.java,160,NullifyReturnValue,return this.nullAsciiStream;,return null;,972,
org/apache/commons/dbutils/wrappers/SqlNullCheckedResultSet.java,170,NullifyReturnValue,return this.nullBigDecimal;,return null;,973,
org/apache/commons/dbutils/wrappers/SqlNullCheckedResultSet.java,180,NullifyReturnValue,return this.nullBinaryStream;,return null;,974,
org/apache/commons/dbutils/wrappers/SqlNullCheckedResultSet.java,190,NullifyReturnValue,return this.nullBlob;,return null;,975,
org/apache/commons/dbutils/wrappers/SqlNullCheckedResultSet.java,221,NullifyReturnValue,return null;,return null;,976,
org/apache/commons/dbutils/wrappers/SqlNullCheckedResultSet.java,223,NullifyReturnValue,return this.nullBytes.clone();,return null;,977,
org/apache/commons/dbutils/wrappers/SqlNullCheckedResultSet.java,233,NullifyReturnValue,return this.nullCharacterStream;,return null;,978,
org/apache/commons/dbutils/wrappers/SqlNullCheckedResultSet.java,243,NullifyReturnValue,return this.nullClob;,return null;,979,
org/apache/commons/dbutils/wrappers/SqlNullCheckedResultSet.java,253,NullifyReturnValue,return this.nullDate != null ? new Date(this.nullDate.getTime()) : null;,return null;,980,
org/apache/commons/dbutils/wrappers/SqlNullCheckedResultSet.java,303,NullifyReturnValue,return this.nullObject;,return null;,981,
org/apache/commons/dbutils/wrappers/SqlNullCheckedResultSet.java,313,NullifyReturnValue,return this.nullRef;,return null;,982,
org/apache/commons/dbutils/wrappers/SqlNullCheckedResultSet.java,333,NullifyReturnValue,return this.nullString;,return null;,983,
org/apache/commons/dbutils/wrappers/SqlNullCheckedResultSet.java,343,NullifyReturnValue,return this.nullTime != null ? new Time(this.nullTime.getTime()) : null;,return null;,984,
org/apache/commons/dbutils/wrappers/SqlNullCheckedResultSet.java,354,NullifyReturnValue,return null;,return null;,985,
org/apache/commons/dbutils/wrappers/SqlNullCheckedResultSet.java,359,NullifyReturnValue,return ts;,return null;,986,
org/apache/commons/dbutils/wrappers/SqlNullCheckedResultSet.java,369,NullifyReturnValue,return this.nullURL;,return null;,987,
org/apache/commons/dbutils/wrappers/SqlNullCheckedResultSet.java,394,NullifyReturnValue,return nullMethod != null && this.resultSet.wasNull(),return null;,988,
org/apache/commons/dbutils/wrappers/SqlNullCheckedResultSet.java,220,RelationalOperatorReplacement,if (this.nullBytes == null) {,if (this.nullBytes != null) {,989,
org/apache/commons/dbutils/wrappers/SqlNullCheckedResultSet.java,253,RelationalOperatorReplacement,return this.nullDate != null ? new Date(this.nullDate.getTime()) : null;,return this.nullDate == null ? new Date(this.nullDate.getTime()) : null;,990,
org/apache/commons/dbutils/wrappers/SqlNullCheckedResultSet.java,343,RelationalOperatorReplacement,return this.nullTime != null ? new Time(this.nullTime.getTime()) : null;,return this.nullTime == null ? new Time(this.nullTime.getTime()) : null;,991,
org/apache/commons/dbutils/wrappers/SqlNullCheckedResultSet.java,353,RelationalOperatorReplacement,if (this.nullTimestamp == null) {,if (this.nullTimestamp != null) {,992,
org/apache/commons/dbutils/wrappers/SqlNullCheckedResultSet.java,394,RelationalOperatorReplacement,return nullMethod != null && this.resultSet.wasNull(),return nullMethod == null && this.resultSet.wasNull(),993,
org/apache/commons/dbutils/wrappers/SqlNullCheckedResultSet.java,466,RelationalOperatorReplacement,if (nullBytes != null) {,if (nullBytes == null) {,994,
org/apache/commons/dbutils/wrappers/SqlNullCheckedResultSet.java,500,RelationalOperatorReplacement,this.nullDate = nullDate != null ? new Date(nullDate.getTime()) : null;,this.nullDate = nullDate == null ? new Date(nullDate.getTime()) : null;,995,
org/apache/commons/dbutils/wrappers/SqlNullCheckedResultSet.java,590,RelationalOperatorReplacement,this.nullTime = nullTime != null ? new Time(nullTime.getTime()) : null;,this.nullTime = nullTime == null ? new Time(nullTime.getTime()) : null;,996,
org/apache/commons/dbutils/wrappers/SqlNullCheckedResultSet.java,600,RelationalOperatorReplacement,if (nullTimestamp != null) {,if (nullTimestamp == null) {,997,
org/apache/commons/dbutils/wrappers/SqlNullCheckedResultSet.java,112,RemoveMethod,public static ResultSet wrap(final ResultSet resultSet) {,public static ResultSet wrap(final ResultSet resultSet) {,998,
org/apache/commons/dbutils/wrappers/SqlNullCheckedResultSet.java,159,RemoveMethod,public InputStream getNullAsciiStream() {,public InputStream getNullAsciiStream() {,999,
org/apache/commons/dbutils/wrappers/StringTrimmedResultSet.java,94,ConditionalOperatorReplacement,if (result instanceof String,if (result instanceof String,1059,
org/apache/commons/dbutils/wrappers/StringTrimmedResultSet.java,95,ConditionalOperatorReplacement,"&& (method.getName().equals(""getObject"")","&& (method.getName().equals(""getObject"")",1060,
org/apache/commons/dbutils/wrappers/StringTrimmedResultSet.java,59,NullifyObjectInitialization,return ProxyFactory.instance().createResultSet(new StringTrimmedResultSet(resultSet));,return ProxyFactory.instance().createResultSet(null);,1061,
org/apache/commons/dbutils/wrappers/StringTrimmedResultSet.java,59,NullifyReturnValue,return ProxyFactory.instance().createResultSet(new StringTrimmedResultSet(resultSet));,return null;,1062,
org/apache/commons/dbutils/wrappers/StringTrimmedResultSet.java,100,NullifyReturnValue,return result;,return null;,1063,
org/apache/commons/dbutils/wrappers/StringTrimmedResultSet.java,58,RemoveMethod,public static ResultSet wrap(final ResultSet resultSet) {,public static ResultSet wrap(final ResultSet resultSet) {,1064,
org/apache/commons/dbutils/wrappers/StringTrimmedResultSet.java,90,RemoveMethod,throws Throwable {,throws Throwable {,1065,
