file,line,operator,before,after,mutant_id,paper_category
org/codehaus/jettison/AbstractDOMDocumentParser.java,50,NullifyInputVariable,public Document parse(InputStream input) throws IOException {,public Document parse(InputStream input) throws IOException { input = null;,0,
org/codehaus/jettison/AbstractDOMDocumentParser.java,62,NullifyObjectInitialization,ByteArrayOutputStream baos = new ByteArrayOutputStream();,ByteArrayOutputStream baos = null;,1,
org/codehaus/jettison/AbstractDOMDocumentParser.java,70,NullifyObjectInitialization,ByteArrayInputStream bais = new ByteArrayInputStream(baos.toByteArray());,ByteArrayInputStream bais = null;,2,
org/codehaus/jettison/AbstractDOMDocumentParser.java,76,NullifyObjectInitialization,"IOException ioex = new IOException(""Cannot parse input stream"");",IOException ioex = null;,3,
org/codehaus/jettison/AbstractDOMDocumentParser.java,91,NullifyObjectInitialization,"throw new RuntimeException(""Failed to create DocumentBuilder"", e);",throw null;,4,
org/codehaus/jettison/AbstractDOMDocumentParser.java,71,NullifyReturnValue,return getDocumentBuilder().parse(bais);,return null;,5,
org/codehaus/jettison/AbstractDOMDocumentParser.java,89,NullifyReturnValue,return builder;,return null;,6,
org/codehaus/jettison/AbstractDOMDocumentParser.java,50,RemoveMethod,public Document parse(InputStream input) throws IOException {,public Document parse(InputStream input) throws IOException {,7,
org/codehaus/jettison/AbstractDOMDocumentParser.java,82,RemoveMethod,private DocumentBuilder getDocumentBuilder() {,private DocumentBuilder getDocumentBuilder() {,8,
org/codehaus/jettison/AbstractDOMDocumentSerializer.java,50,NullifyObjectInitialization,"throw new IllegalStateException(""OutputStream cannot be null"");",throw null;,10,
org/codehaus/jettison/AbstractDOMDocumentSerializer.java,53,NullifyObjectInitialization,DOMSource source = new DOMSource(el);,DOMSource source = null;,11,
org/codehaus/jettison/AbstractDOMDocumentSerializer.java,65,NullifyObjectInitialization,"IOException ioex = new IOException(""Cannot serialize: "" + el);",IOException ioex = null;,12,
org/codehaus/jettison/AbstractDOMDocumentSerializer.java,49,RelationalOperatorReplacement,if (output == null),if (output != null),13,
org/codehaus/jettison/AbstractDOMDocumentSerializer.java,48,RemoveMethod,public void serialize(Element el) throws IOException {,public void serialize(Element el) throws IOException {,14,
org/codehaus/jettison/AbstractDOMDocumentSerializer.java,49,RemoveNullCheck,if (output == null),if (false),15,
org/codehaus/jettison/AbstractDOMDocumentSerializer.java,48,NullifyInputVariable,public void serialize(Element el) throws IOException {,public void serialize(Element el) throws IOException { el = null;,9,
org/codehaus/jettison/AbstractXMLEventWriter.java,51,ConditionalOperatorReplacement,if (elQName.getPrefix().length() > 0,if (elQName.getPrefix().length() > 0,16,
org/codehaus/jettison/AbstractXMLEventWriter.java,76,ConditionalOperatorReplacement,if (atQName.getPrefix().length() > 0,if (atQName.getPrefix().length() > 0,17,
org/codehaus/jettison/AbstractXMLEventWriter.java,45,NullifyInputVariable,public void add(XMLEvent event) throws XMLStreamException {,public void add(XMLEvent event) throws XMLStreamException { event = null;,18,
org/codehaus/jettison/AbstractXMLEventWriter.java,98,NullifyInputVariable,public void add(XMLEventReader eventReader) throws XMLStreamException {,public void add(XMLEventReader eventReader) throws XMLStreamException { eventReader = null;,19,
org/codehaus/jettison/AbstractXMLEventWriter.java,118,NullifyInputVariable,public String getPrefix(String prefix) throws XMLStreamException {,public String getPrefix(String prefix) throws XMLStreamException { prefix = null;,20,
org/codehaus/jettison/AbstractXMLEventWriter.java,122,NullifyInputVariable,public void setDefaultNamespace(String namespace) throws XMLStreamException {,public void setDefaultNamespace(String namespace) throws XMLStreamException { namespace = null;,21,
org/codehaus/jettison/AbstractXMLEventWriter.java,127,NullifyInputVariable,throws XMLStreamException {,throws XMLStreamException { nsContext = null;,22,
org/codehaus/jettison/AbstractXMLEventWriter.java,131,NullifyInputVariable,"public void setPrefix(String prefix, String uri) throws XMLStreamException {","public void setPrefix(String prefix, String uri) throws XMLStreamException { uri = null;",23,
org/codehaus/jettison/AbstractXMLEventWriter.java,131,NullifyInputVariable,"public void setPrefix(String prefix, String uri) throws XMLStreamException {","public void setPrefix(String prefix, String uri) throws XMLStreamException { prefix = null;",24,
org/codehaus/jettison/AbstractXMLEventWriter.java,94,NullifyObjectInitialization,"throw new XMLStreamException(""Unsupported event type: "" + event);",throw null;,25,
org/codehaus/jettison/AbstractXMLEventWriter.java,115,NullifyReturnValue,return streamWriter.getNamespaceContext();,return null;,26,
org/codehaus/jettison/AbstractXMLEventWriter.java,119,NullifyReturnValue,return streamWriter.getPrefix(prefix);,return null;,27,
org/codehaus/jettison/AbstractXMLEventWriter.java,51,RelationalOperatorReplacement,if (elQName.getPrefix().length() > 0,if (elQName.getPrefix().length() >= 0,28,
org/codehaus/jettison/AbstractXMLEventWriter.java,52,RelationalOperatorReplacement,&& elQName.getNamespaceURI().length() > 0),&& elQName.getNamespaceURI().length() >= 0),29,
org/codehaus/jettison/AbstractXMLEventWriter.java,55,RelationalOperatorReplacement,else if (elQName.getNamespaceURI().length() > 0),else if (elQName.getNamespaceURI().length() >= 0),30,
org/codehaus/jettison/AbstractXMLEventWriter.java,76,RelationalOperatorReplacement,if (atQName.getPrefix().length() > 0,if (atQName.getPrefix().length() >= 0,31,
org/codehaus/jettison/AbstractXMLEventWriter.java,77,RelationalOperatorReplacement,&& atQName.getNamespaceURI().length() > 0),&& atQName.getNamespaceURI().length() >= 0),32,
org/codehaus/jettison/AbstractXMLEventWriter.java,80,RelationalOperatorReplacement,else if (atQName.getNamespaceURI().length() > 0),else if (atQName.getNamespaceURI().length() >= 0),33,
org/codehaus/jettison/AbstractXMLEventWriter.java,45,RemoveMethod,public void add(XMLEvent event) throws XMLStreamException {,public void add(XMLEvent event) throws XMLStreamException {,34,
org/codehaus/jettison/AbstractXMLEventWriter.java,98,RemoveMethod,public void add(XMLEventReader eventReader) throws XMLStreamException {,public void add(XMLEventReader eventReader) throws XMLStreamException {,35,
org/codehaus/jettison/AbstractXMLEventWriter.java,106,RemoveMethod,public void close() throws XMLStreamException {,public void close() throws XMLStreamException {,36,
org/codehaus/jettison/AbstractXMLEventWriter.java,110,RemoveMethod,public void flush() throws XMLStreamException {,public void flush() throws XMLStreamException {,37,
org/codehaus/jettison/AbstractXMLEventWriter.java,114,RemoveMethod,public NamespaceContext getNamespaceContext() {,public NamespaceContext getNamespaceContext() {,38,
org/codehaus/jettison/AbstractXMLEventWriter.java,118,RemoveMethod,public String getPrefix(String prefix) throws XMLStreamException {,public String getPrefix(String prefix) throws XMLStreamException {,39,
org/codehaus/jettison/AbstractXMLEventWriter.java,118,RemoveMethod,public String getPrefix(String prefix) throws XMLStreamException {,public String getPrefix(String prefix) throws XMLStreamException {,40,
org/codehaus/jettison/AbstractXMLEventWriter.java,122,RemoveMethod,public void setDefaultNamespace(String namespace) throws XMLStreamException {,public void setDefaultNamespace(String namespace) throws XMLStreamException {,41,
org/codehaus/jettison/AbstractXMLEventWriter.java,127,RemoveMethod,throws XMLStreamException {,throws XMLStreamException {,42,
org/codehaus/jettison/AbstractXMLEventWriter.java,131,RemoveMethod,"public void setPrefix(String prefix, String uri) throws XMLStreamException {","public void setPrefix(String prefix, String uri) throws XMLStreamException {",43,
org/codehaus/jettison/AbstractXMLInputFactory.java,86,NullifyReturnValue,return null;,return null;,100,
org/codehaus/jettison/AbstractXMLInputFactory.java,92,NullifyReturnValue,return null;,return null;,101,
org/codehaus/jettison/AbstractXMLInputFactory.java,98,NullifyReturnValue,return null;,return null;,102,
org/codehaus/jettison/AbstractXMLInputFactory.java,103,NullifyReturnValue,"return createXMLStreamReader(is, null);",return null;,103,
org/codehaus/jettison/AbstractXMLInputFactory.java,116,NullifyReturnValue,return createXMLStreamReader(createNewJSONTokener(doc));,return null;,104,
org/codehaus/jettison/AbstractXMLInputFactory.java,123,NullifyReturnValue,return new JSONTokener(doc);,return null;,105,
org/codehaus/jettison/AbstractXMLInputFactory.java,158,NullifyReturnValue,"return (bos == null) ? """" : bos.toString(encoding);",return null;,106,
org/codehaus/jettison/AbstractXMLInputFactory.java,165,NullifyReturnValue,return createXMLStreamReader(new JSONTokener(readAll(reader)));,return null;,107,
org/codehaus/jettison/AbstractXMLInputFactory.java,181,NullifyReturnValue,"return (len == 0) ? """" : new String(buf, 0, len);",return null;,108,
org/codehaus/jettison/AbstractXMLInputFactory.java,195,NullifyReturnValue,return wrt.toString();,return null;,109,
org/codehaus/jettison/AbstractXMLInputFactory.java,207,NullifyReturnValue,"return createXMLStreamReader(systemId, in);",return null;,110,
org/codehaus/jettison/AbstractXMLInputFactory.java,209,NullifyReturnValue,return createXMLStreamReader(in);,return null;,111,
org/codehaus/jettison/AbstractXMLInputFactory.java,214,NullifyReturnValue,"return createXMLStreamReader(systemId, r);",return null;,112,
org/codehaus/jettison/AbstractXMLInputFactory.java,216,NullifyReturnValue,return createXMLStreamReader(r);,return null;,113,
org/codehaus/jettison/AbstractXMLInputFactory.java,226,NullifyReturnValue,"return createXMLStreamReader(arg1, null);",return null;,114,
org/codehaus/jettison/AbstractXMLInputFactory.java,231,NullifyReturnValue,return createXMLStreamReader(r);,return null;,115,
org/codehaus/jettison/AbstractXMLInputFactory.java,237,NullifyReturnValue,return null;,return null;,116,
org/codehaus/jettison/AbstractXMLInputFactory.java,248,NullifyReturnValue,return null;,return null;,117,
org/codehaus/jettison/AbstractXMLInputFactory.java,253,NullifyReturnValue,return null;,return null;,118,
org/codehaus/jettison/AbstractXMLInputFactory.java,111,RelationalOperatorReplacement,if (charset == null) {,if (charset != null) {,119,
org/codehaus/jettison/AbstractXMLInputFactory.java,137,RelationalOperatorReplacement,if (count < 0) { // EOF,if (count <= 0) { // EOF,120,
org/codehaus/jettison/AbstractXMLInputFactory.java,144,RelationalOperatorReplacement,if (bos == null) {,if (bos != null) {,121,
org/codehaus/jettison/AbstractXMLInputFactory.java,146,RelationalOperatorReplacement,if (count < 64) {,if (count <= 64) {,122,
org/codehaus/jettison/AbstractXMLInputFactory.java,148,RelationalOperatorReplacement,} else if (count == bufSize) {,} else if (count != bufSize) {,123,
org/codehaus/jettison/AbstractXMLInputFactory.java,158,RelationalOperatorReplacement,"return (bos == null) ? """" : bos.toString(encoding);","return (bos != null) ? """" : bos.toString(encoding);",124,
org/codehaus/jettison/AbstractXMLInputFactory.java,180,RelationalOperatorReplacement,if (count < 0) { // Got it all,if (count <= 0) { // Got it all,125,
org/codehaus/jettison/AbstractXMLInputFactory.java,181,RelationalOperatorReplacement,"return (len == 0) ? """" : new String(buf, 0, len);","return (len != 0) ? """" : new String(buf, 0, len);",126,
org/codehaus/jettison/AbstractXMLInputFactory.java,184,RelationalOperatorReplacement,} while (len < buf.length);,} while (len <= buf.length);,127,
org/codehaus/jettison/AbstractXMLInputFactory.java,192,RelationalOperatorReplacement,while ((len = r.read(buf)) != -1) {,while ((len = r.read(buf)) == -1) {,128,
org/codehaus/jettison/AbstractXMLInputFactory.java,205,RelationalOperatorReplacement,if (in != null) {,if (in == null) {,129,
org/codehaus/jettison/AbstractXMLInputFactory.java,206,RelationalOperatorReplacement,if (systemId != null) {,if (systemId == null) {,130,
org/codehaus/jettison/AbstractXMLInputFactory.java,212,RelationalOperatorReplacement,if (r != null) {,if (r == null) {,131,
org/codehaus/jettison/AbstractXMLInputFactory.java,213,RelationalOperatorReplacement,if (systemId != null) {,if (systemId == null) {,132,
org/codehaus/jettison/AbstractXMLInputFactory.java,48,RemoveMethod,"public XMLEventReader createFilteredReader(XMLEventReader arg0, EventFilter arg1) throws XMLStreamException {","public XMLEventReader createFilteredReader(XMLEventReader arg0, EventFilter arg1) throws XMLStreamException {",133,
org/codehaus/jettison/AbstractXMLInputFactory.java,54,RemoveMethod,"public XMLStreamReader createFilteredReader(XMLStreamReader arg0, StreamFilter arg1) throws XMLStreamException {","public XMLStreamReader createFilteredReader(XMLStreamReader arg0, StreamFilter arg1) throws XMLStreamException {",134,
org/codehaus/jettison/AbstractXMLInputFactory.java,60,RemoveMethod,"public XMLEventReader createXMLEventReader(InputStream arg0, String encoding) throws XMLStreamException {","public XMLEventReader createXMLEventReader(InputStream arg0, String encoding) throws XMLStreamException {",135,
org/codehaus/jettison/AbstractXMLInputFactory.java,66,RemoveMethod,public XMLEventReader createXMLEventReader(InputStream arg0) throws XMLStreamException {,public XMLEventReader createXMLEventReader(InputStream arg0) throws XMLStreamException {,136,
org/codehaus/jettison/AbstractXMLInputFactory.java,72,RemoveMethod,public XMLEventReader createXMLEventReader(Reader arg0) throws XMLStreamException {,public XMLEventReader createXMLEventReader(Reader arg0) throws XMLStreamException {,137,
org/codehaus/jettison/AbstractXMLInputFactory.java,78,RemoveMethod,public XMLEventReader createXMLEventReader(Source arg0) throws XMLStreamException {,public XMLEventReader createXMLEventReader(Source arg0) throws XMLStreamException {,138,
org/codehaus/jettison/AbstractXMLInputFactory.java,84,RemoveMethod,"public XMLEventReader createXMLEventReader(String systemId, InputStream arg1) throws XMLStreamException {","public XMLEventReader createXMLEventReader(String systemId, InputStream arg1) throws XMLStreamException {",139,
org/codehaus/jettison/AbstractXMLInputFactory.java,90,RemoveMethod,"public XMLEventReader createXMLEventReader(String systemId, Reader arg1) throws XMLStreamException {","public XMLEventReader createXMLEventReader(String systemId, Reader arg1) throws XMLStreamException {",140,
org/codehaus/jettison/AbstractXMLInputFactory.java,96,RemoveMethod,public XMLEventReader createXMLEventReader(XMLStreamReader arg0) throws XMLStreamException {,public XMLEventReader createXMLEventReader(XMLStreamReader arg0) throws XMLStreamException {,141,
org/codehaus/jettison/AbstractXMLInputFactory.java,102,RemoveMethod,public XMLStreamReader createXMLStreamReader(InputStream is) throws XMLStreamException {,public XMLStreamReader createXMLStreamReader(InputStream is) throws XMLStreamException {,142,
org/codehaus/jettison/AbstractXMLInputFactory.java,106,RemoveMethod,"public XMLStreamReader createXMLStreamReader(InputStream is, String charset) throws XMLStreamException {","public XMLStreamReader createXMLStreamReader(InputStream is, String charset) throws XMLStreamException {",143,
org/codehaus/jettison/AbstractXMLInputFactory.java,122,RemoveMethod,protected JSONTokener createNewJSONTokener(String doc) {,protected JSONTokener createNewJSONTokener(String doc) {,144,
org/codehaus/jettison/AbstractXMLInputFactory.java,132,RemoveMethod,{,{,145,
org/codehaus/jettison/AbstractXMLInputFactory.java,132,RemoveMethod,{,{,146,
org/codehaus/jettison/AbstractXMLInputFactory.java,163,RemoveMethod,public XMLStreamReader createXMLStreamReader(Reader reader) throws XMLStreamException {,public XMLStreamReader createXMLStreamReader(Reader reader) throws XMLStreamException {,147,
org/codehaus/jettison/AbstractXMLInputFactory.java,173,RemoveMethod,{,{,148,
org/codehaus/jettison/AbstractXMLInputFactory.java,173,RemoveMethod,{,{,149,
org/codehaus/jettison/AbstractXMLInputFactory.java,199,RemoveMethod,{,{,150,
org/codehaus/jettison/AbstractXMLInputFactory.java,224,RemoveMethod,"public XMLStreamReader createXMLStreamReader(String systemId, InputStream arg1) throws XMLStreamException {","public XMLStreamReader createXMLStreamReader(String systemId, InputStream arg1) throws XMLStreamException {",151,
org/codehaus/jettison/AbstractXMLInputFactory.java,230,RemoveMethod,"public XMLStreamReader createXMLStreamReader(String systemId, Reader r) throws XMLStreamException {","public XMLStreamReader createXMLStreamReader(String systemId, Reader r) throws XMLStreamException {",152,
org/codehaus/jettison/AbstractXMLInputFactory.java,235,RemoveMethod,public XMLEventAllocator getEventAllocator() {,public XMLEventAllocator getEventAllocator() {,153,
org/codehaus/jettison/AbstractXMLInputFactory.java,241,RemoveMethod,public Object getProperty(String arg0) throws IllegalArgumentException {,public Object getProperty(String arg0) throws IllegalArgumentException {,154,
org/codehaus/jettison/AbstractXMLInputFactory.java,247,RemoveMethod,public XMLReporter getXMLReporter() {,public XMLReporter getXMLReporter() {,155,
org/codehaus/jettison/AbstractXMLInputFactory.java,252,RemoveMethod,public XMLResolver getXMLResolver() {,public XMLResolver getXMLResolver() {,156,
org/codehaus/jettison/AbstractXMLInputFactory.java,257,RemoveMethod,public boolean isPropertySupported(String arg0) {,public boolean isPropertySupported(String arg0) {,157,
org/codehaus/jettison/AbstractXMLInputFactory.java,257,RemoveMethod,public boolean isPropertySupported(String arg0) {,public boolean isPropertySupported(String arg0) {,158,
org/codehaus/jettison/AbstractXMLInputFactory.java,262,RemoveMethod,public void setEventAllocator(XMLEventAllocator arg0) {,public void setEventAllocator(XMLEventAllocator arg0) {,159,
org/codehaus/jettison/AbstractXMLInputFactory.java,268,RemoveMethod,"public void setProperty(String arg0, Object arg1) throws IllegalArgumentException {","public void setProperty(String arg0, Object arg1) throws IllegalArgumentException {",160,
org/codehaus/jettison/AbstractXMLInputFactory.java,274,RemoveMethod,public void setXMLReporter(XMLReporter arg0) {,public void setXMLReporter(XMLReporter arg0) {,161,
org/codehaus/jettison/AbstractXMLInputFactory.java,280,RemoveMethod,public void setXMLResolver(XMLResolver arg0) {,public void setXMLResolver(XMLResolver arg0) {,162,
org/codehaus/jettison/AbstractXMLInputFactory.java,111,RemoveNullCheck,if (charset == null) {,if (false) {,163,
org/codehaus/jettison/AbstractXMLInputFactory.java,144,RemoveNullCheck,if (bos == null) {,if (false) {,164,
org/codehaus/jettison/AbstractXMLInputFactory.java,158,RemoveNullCheck,"return (bos == null) ? """" : bos.toString(encoding);","return (false) ? """" : bos.toString(encoding);",165,
org/codehaus/jettison/AbstractXMLInputFactory.java,205,RemoveNullCheck,if (in != null) {,if (true) {,166,
org/codehaus/jettison/AbstractXMLInputFactory.java,206,RemoveNullCheck,if (systemId != null) {,if (true) {,167,
org/codehaus/jettison/AbstractXMLInputFactory.java,212,RemoveNullCheck,if (r != null) {,if (true) {,168,
org/codehaus/jettison/AbstractXMLInputFactory.java,213,RemoveNullCheck,if (systemId != null) {,if (true) {,169,
org/codehaus/jettison/AbstractXMLInputFactory.java,150,ArithmeticOperatorReplacementBinary,cap = bufSize * 4;,cap = bufSize / 4;,44,
org/codehaus/jettison/AbstractXMLInputFactory.java,179,ArithmeticOperatorReplacementBinary,"int count = r.read(buf, len, buf.length-len);","int count = r.read(buf, len, buf.length+len);",45,
org/codehaus/jettison/AbstractXMLInputFactory.java,189,ArithmeticOperatorReplacementBinary,CharArrayWriter wrt = new CharArrayWriter(bufSize * 4);,CharArrayWriter wrt = new CharArrayWriter(bufSize / 4);,46,
org/codehaus/jettison/AbstractXMLInputFactory.java,192,ArithmeticOperatorReplacementUnary,while ((len = r.read(buf)) != -1) {,while ((len = r.read(buf)) != +1) {,47,
org/codehaus/jettison/AbstractXMLInputFactory.java,183,AssignmentOperatorReplacementShortcut,len += count;,len -= count;,48,
org/codehaus/jettison/AbstractXMLInputFactory.java,48,NullifyInputVariable,"public XMLEventReader createFilteredReader(XMLEventReader arg0, EventFilter arg1) throws XMLStreamException {","public XMLEventReader createFilteredReader(XMLEventReader arg0, EventFilter arg1) throws XMLStreamException { arg1 = null;",49,
org/codehaus/jettison/AbstractXMLInputFactory.java,48,NullifyInputVariable,"public XMLEventReader createFilteredReader(XMLEventReader arg0, EventFilter arg1) throws XMLStreamException {","public XMLEventReader createFilteredReader(XMLEventReader arg0, EventFilter arg1) throws XMLStreamException { arg0 = null;",50,
org/codehaus/jettison/AbstractXMLInputFactory.java,54,NullifyInputVariable,"public XMLStreamReader createFilteredReader(XMLStreamReader arg0, StreamFilter arg1) throws XMLStreamException {","public XMLStreamReader createFilteredReader(XMLStreamReader arg0, StreamFilter arg1) throws XMLStreamException { arg1 = null;",51,
org/codehaus/jettison/AbstractXMLInputFactory.java,54,NullifyInputVariable,"public XMLStreamReader createFilteredReader(XMLStreamReader arg0, StreamFilter arg1) throws XMLStreamException {","public XMLStreamReader createFilteredReader(XMLStreamReader arg0, StreamFilter arg1) throws XMLStreamException { arg0 = null;",52,
org/codehaus/jettison/AbstractXMLInputFactory.java,60,NullifyInputVariable,"public XMLEventReader createXMLEventReader(InputStream arg0, String encoding) throws XMLStreamException {","public XMLEventReader createXMLEventReader(InputStream arg0, String encoding) throws XMLStreamException { encoding = null;",53,
org/codehaus/jettison/AbstractXMLInputFactory.java,60,NullifyInputVariable,"public XMLEventReader createXMLEventReader(InputStream arg0, String encoding) throws XMLStreamException {","public XMLEventReader createXMLEventReader(InputStream arg0, String encoding) throws XMLStreamException { arg0 = null;",54,
org/codehaus/jettison/AbstractXMLInputFactory.java,66,NullifyInputVariable,public XMLEventReader createXMLEventReader(InputStream arg0) throws XMLStreamException {,public XMLEventReader createXMLEventReader(InputStream arg0) throws XMLStreamException { arg0 = null;,55,
org/codehaus/jettison/AbstractXMLInputFactory.java,72,NullifyInputVariable,public XMLEventReader createXMLEventReader(Reader arg0) throws XMLStreamException {,public XMLEventReader createXMLEventReader(Reader arg0) throws XMLStreamException { arg0 = null;,56,
org/codehaus/jettison/AbstractXMLInputFactory.java,78,NullifyInputVariable,public XMLEventReader createXMLEventReader(Source arg0) throws XMLStreamException {,public XMLEventReader createXMLEventReader(Source arg0) throws XMLStreamException { arg0 = null;,57,
org/codehaus/jettison/AbstractXMLInputFactory.java,84,NullifyInputVariable,"public XMLEventReader createXMLEventReader(String systemId, InputStream arg1) throws XMLStreamException {","public XMLEventReader createXMLEventReader(String systemId, InputStream arg1) throws XMLStreamException { arg1 = null;",58,
org/codehaus/jettison/AbstractXMLInputFactory.java,84,NullifyInputVariable,"public XMLEventReader createXMLEventReader(String systemId, InputStream arg1) throws XMLStreamException {","public XMLEventReader createXMLEventReader(String systemId, InputStream arg1) throws XMLStreamException { systemId = null;",59,
org/codehaus/jettison/AbstractXMLInputFactory.java,90,NullifyInputVariable,"public XMLEventReader createXMLEventReader(String systemId, Reader arg1) throws XMLStreamException {","public XMLEventReader createXMLEventReader(String systemId, Reader arg1) throws XMLStreamException { arg1 = null;",60,
org/codehaus/jettison/AbstractXMLInputFactory.java,90,NullifyInputVariable,"public XMLEventReader createXMLEventReader(String systemId, Reader arg1) throws XMLStreamException {","public XMLEventReader createXMLEventReader(String systemId, Reader arg1) throws XMLStreamException { systemId = null;",61,
org/codehaus/jettison/AbstractXMLInputFactory.java,96,NullifyInputVariable,public XMLEventReader createXMLEventReader(XMLStreamReader arg0) throws XMLStreamException {,public XMLEventReader createXMLEventReader(XMLStreamReader arg0) throws XMLStreamException { arg0 = null;,62,
org/codehaus/jettison/AbstractXMLInputFactory.java,102,NullifyInputVariable,public XMLStreamReader createXMLStreamReader(InputStream is) throws XMLStreamException {,public XMLStreamReader createXMLStreamReader(InputStream is) throws XMLStreamException { is = null;,63,
org/codehaus/jettison/AbstractXMLInputFactory.java,106,NullifyInputVariable,"public XMLStreamReader createXMLStreamReader(InputStream is, String charset) throws XMLStreamException {","public XMLStreamReader createXMLStreamReader(InputStream is, String charset) throws XMLStreamException { charset = null;",64,
org/codehaus/jettison/AbstractXMLInputFactory.java,106,NullifyInputVariable,"public XMLStreamReader createXMLStreamReader(InputStream is, String charset) throws XMLStreamException {","public XMLStreamReader createXMLStreamReader(InputStream is, String charset) throws XMLStreamException { is = null;",65,
org/codehaus/jettison/AbstractXMLInputFactory.java,122,NullifyInputVariable,protected JSONTokener createNewJSONTokener(String doc) {,protected JSONTokener createNewJSONTokener(String doc) { doc = null;,66,
org/codehaus/jettison/AbstractXMLInputFactory.java,132,NullifyInputVariable,{,{ encoding = null;,67,
org/codehaus/jettison/AbstractXMLInputFactory.java,132,NullifyInputVariable,{,{ in = null;,68,
org/codehaus/jettison/AbstractXMLInputFactory.java,163,NullifyInputVariable,public XMLStreamReader createXMLStreamReader(Reader reader) throws XMLStreamException {,public XMLStreamReader createXMLStreamReader(Reader reader) throws XMLStreamException { reader = null;,69,
org/codehaus/jettison/AbstractXMLInputFactory.java,173,NullifyInputVariable,{,{ r = null;,70,
org/codehaus/jettison/AbstractXMLInputFactory.java,199,NullifyInputVariable,{,{ src = null;,71,
org/codehaus/jettison/AbstractXMLInputFactory.java,224,NullifyInputVariable,"public XMLStreamReader createXMLStreamReader(String systemId, InputStream arg1) throws XMLStreamException {","public XMLStreamReader createXMLStreamReader(String systemId, InputStream arg1) throws XMLStreamException { arg1 = null;",72,
org/codehaus/jettison/AbstractXMLInputFactory.java,224,NullifyInputVariable,"public XMLStreamReader createXMLStreamReader(String systemId, InputStream arg1) throws XMLStreamException {","public XMLStreamReader createXMLStreamReader(String systemId, InputStream arg1) throws XMLStreamException { systemId = null;",73,
org/codehaus/jettison/AbstractXMLInputFactory.java,230,NullifyInputVariable,"public XMLStreamReader createXMLStreamReader(String systemId, Reader r) throws XMLStreamException {","public XMLStreamReader createXMLStreamReader(String systemId, Reader r) throws XMLStreamException { r = null;",74,
org/codehaus/jettison/AbstractXMLInputFactory.java,230,NullifyInputVariable,"public XMLStreamReader createXMLStreamReader(String systemId, Reader r) throws XMLStreamException {","public XMLStreamReader createXMLStreamReader(String systemId, Reader r) throws XMLStreamException { systemId = null;",75,
org/codehaus/jettison/AbstractXMLInputFactory.java,241,NullifyInputVariable,public Object getProperty(String arg0) throws IllegalArgumentException {,public Object getProperty(String arg0) throws IllegalArgumentException { arg0 = null;,76,
org/codehaus/jettison/AbstractXMLInputFactory.java,257,NullifyInputVariable,public boolean isPropertySupported(String arg0) {,public boolean isPropertySupported(String arg0) { arg0 = null;,77,
org/codehaus/jettison/AbstractXMLInputFactory.java,262,NullifyInputVariable,public void setEventAllocator(XMLEventAllocator arg0) {,public void setEventAllocator(XMLEventAllocator arg0) { arg0 = null;,78,
org/codehaus/jettison/AbstractXMLInputFactory.java,268,NullifyInputVariable,"public void setProperty(String arg0, Object arg1) throws IllegalArgumentException {","public void setProperty(String arg0, Object arg1) throws IllegalArgumentException { arg1 = null;",79,
org/codehaus/jettison/AbstractXMLInputFactory.java,268,NullifyInputVariable,"public void setProperty(String arg0, Object arg1) throws IllegalArgumentException {","public void setProperty(String arg0, Object arg1) throws IllegalArgumentException { arg0 = null;",80,
org/codehaus/jettison/AbstractXMLInputFactory.java,274,NullifyInputVariable,public void setXMLReporter(XMLReporter arg0) {,public void setXMLReporter(XMLReporter arg0) { arg0 = null;,81,
org/codehaus/jettison/AbstractXMLInputFactory.java,280,NullifyInputVariable,public void setXMLResolver(XMLResolver arg0) {,public void setXMLResolver(XMLResolver arg0) { arg0 = null;,82,
org/codehaus/jettison/AbstractXMLInputFactory.java,118,NullifyObjectInitialization,throw new XMLStreamException(e);,throw null;,83,
org/codehaus/jettison/AbstractXMLInputFactory.java,123,NullifyObjectInitialization,return new JSONTokener(doc);,return null;,84,
org/codehaus/jettison/AbstractXMLInputFactory.java,154,NullifyObjectInitialization,bos = new ByteArrayOutputStream(cap);,bos = null;,85,
org/codehaus/jettison/AbstractXMLInputFactory.java,165,NullifyObjectInitialization,return createXMLStreamReader(new JSONTokener(readAll(reader)));,return createXMLStreamReader(null);,86,
org/codehaus/jettison/AbstractXMLInputFactory.java,167,NullifyObjectInitialization,throw new XMLStreamException(e);,throw null;,87,
org/codehaus/jettison/AbstractXMLInputFactory.java,181,NullifyObjectInitialization,"return (len == 0) ? """" : new String(buf, 0, len);","return (len == 0) ? """" : null;",88,
org/codehaus/jettison/AbstractXMLInputFactory.java,189,NullifyObjectInitialization,CharArrayWriter wrt = new CharArrayWriter(bufSize * 4);,CharArrayWriter wrt = null;,89,
org/codehaus/jettison/AbstractXMLInputFactory.java,218,NullifyObjectInitialization,"throw new UnsupportedOperationException(""Only those javax.xml.transform.stream.StreamSource instances supported that have an InputStream or Reader"");",throw null;,90,
org/codehaus/jettison/AbstractXMLInputFactory.java,220,NullifyObjectInitialization,"throw new UnsupportedOperationException(""Only javax.xml.transform.stream.StreamSource type supported"");",throw null;,91,
org/codehaus/jettison/AbstractXMLInputFactory.java,243,NullifyObjectInitialization,throw new IllegalArgumentException();,throw null;,92,
org/codehaus/jettison/AbstractXMLInputFactory.java,270,NullifyObjectInitialization,throw new IllegalArgumentException();,throw null;,93,
org/codehaus/jettison/AbstractXMLInputFactory.java,50,NullifyReturnValue,return null;,return null;,94,
org/codehaus/jettison/AbstractXMLInputFactory.java,56,NullifyReturnValue,return null;,return null;,95,
org/codehaus/jettison/AbstractXMLInputFactory.java,62,NullifyReturnValue,return null;,return null;,96,
org/codehaus/jettison/AbstractXMLInputFactory.java,68,NullifyReturnValue,return null;,return null;,97,
org/codehaus/jettison/AbstractXMLInputFactory.java,74,NullifyReturnValue,return null;,return null;,98,
org/codehaus/jettison/AbstractXMLInputFactory.java,80,NullifyReturnValue,return null;,return null;,99,
org/codehaus/jettison/AbstractXMLOutputFactory.java,33,NullifyInputVariable,"public XMLEventWriter createXMLEventWriter(OutputStream out, String charset) throws XMLStreamException {","public XMLEventWriter createXMLEventWriter(OutputStream out, String charset) throws XMLStreamException { charset = null;",170,
org/codehaus/jettison/AbstractXMLOutputFactory.java,33,NullifyInputVariable,"public XMLEventWriter createXMLEventWriter(OutputStream out, String charset) throws XMLStreamException {","public XMLEventWriter createXMLEventWriter(OutputStream out, String charset) throws XMLStreamException { out = null;",171,
org/codehaus/jettison/AbstractXMLOutputFactory.java,37,NullifyInputVariable,public XMLEventWriter createXMLEventWriter(OutputStream out) throws XMLStreamException {,public XMLEventWriter createXMLEventWriter(OutputStream out) throws XMLStreamException { out = null;,172,
org/codehaus/jettison/AbstractXMLOutputFactory.java,41,NullifyInputVariable,public XMLEventWriter createXMLEventWriter(Result result) throws XMLStreamException {,public XMLEventWriter createXMLEventWriter(Result result) throws XMLStreamException { result = null;,173,
org/codehaus/jettison/AbstractXMLOutputFactory.java,45,NullifyInputVariable,public XMLEventWriter createXMLEventWriter(Writer writer) throws XMLStreamException {,public XMLEventWriter createXMLEventWriter(Writer writer) throws XMLStreamException { writer = null;,174,
org/codehaus/jettison/AbstractXMLOutputFactory.java,49,NullifyInputVariable,"public XMLStreamWriter createXMLStreamWriter(OutputStream out, String charset) throws XMLStreamException {","public XMLStreamWriter createXMLStreamWriter(OutputStream out, String charset) throws XMLStreamException { charset = null;",175,
org/codehaus/jettison/AbstractXMLOutputFactory.java,49,NullifyInputVariable,"public XMLStreamWriter createXMLStreamWriter(OutputStream out, String charset) throws XMLStreamException {","public XMLStreamWriter createXMLStreamWriter(OutputStream out, String charset) throws XMLStreamException { out = null;",176,
org/codehaus/jettison/AbstractXMLOutputFactory.java,60,NullifyInputVariable,public XMLStreamWriter createXMLStreamWriter(OutputStream out) throws XMLStreamException {,public XMLStreamWriter createXMLStreamWriter(OutputStream out) throws XMLStreamException { out = null;,177,
org/codehaus/jettison/AbstractXMLOutputFactory.java,64,NullifyInputVariable,public XMLStreamWriter createXMLStreamWriter(Result result) throws XMLStreamException {,public XMLStreamWriter createXMLStreamWriter(Result result) throws XMLStreamException { result = null;,178,
org/codehaus/jettison/AbstractXMLOutputFactory.java,83,NullifyInputVariable,public Object getProperty(String arg0) throws IllegalArgumentException {,public Object getProperty(String arg0) throws IllegalArgumentException { arg0 = null;,179,
org/codehaus/jettison/AbstractXMLOutputFactory.java,88,NullifyInputVariable,public boolean isPropertySupported(String arg0) {,public boolean isPropertySupported(String arg0) { arg0 = null;,180,
org/codehaus/jettison/AbstractXMLOutputFactory.java,93,NullifyInputVariable,"public void setProperty(String arg0, Object arg1) throws IllegalArgumentException {","public void setProperty(String arg0, Object arg1) throws IllegalArgumentException { arg1 = null;",181,
org/codehaus/jettison/AbstractXMLOutputFactory.java,93,NullifyInputVariable,"public void setProperty(String arg0, Object arg1) throws IllegalArgumentException {","public void setProperty(String arg0, Object arg1) throws IllegalArgumentException { arg0 = null;",182,
org/codehaus/jettison/AbstractXMLOutputFactory.java,34,NullifyObjectInitialization,"return new AbstractXMLEventWriter(createXMLStreamWriter(out, charset));",return null;,183,
org/codehaus/jettison/AbstractXMLOutputFactory.java,38,NullifyObjectInitialization,return new AbstractXMLEventWriter(createXMLStreamWriter(out));,return null;,184,
org/codehaus/jettison/AbstractXMLOutputFactory.java,42,NullifyObjectInitialization,return new AbstractXMLEventWriter(createXMLStreamWriter(result));,return null;,185,
org/codehaus/jettison/AbstractXMLOutputFactory.java,46,NullifyObjectInitialization,return new AbstractXMLEventWriter(createXMLStreamWriter(writer));,return null;,186,
org/codehaus/jettison/AbstractXMLOutputFactory.java,54,NullifyObjectInitialization,"return createXMLStreamWriter(new OutputStreamWriter(out, charset));",return createXMLStreamWriter(null);,187,
org/codehaus/jettison/AbstractXMLOutputFactory.java,56,NullifyObjectInitialization,throw new XMLStreamException(e);,throw null;,188,
org/codehaus/jettison/AbstractXMLOutputFactory.java,76,NullifyObjectInitialization,"throw new UnsupportedOperationException(""Only those javax.xml.transform.stream.StreamResult instances supported that have an OutputStream or Writer"");",throw null;,189,
org/codehaus/jettison/AbstractXMLOutputFactory.java,78,NullifyObjectInitialization,"throw new UnsupportedOperationException(""Only javax.xml.transform.stream.StreamResult type supported"");",throw null;,190,
org/codehaus/jettison/AbstractXMLOutputFactory.java,34,NullifyReturnValue,"return new AbstractXMLEventWriter(createXMLStreamWriter(out, charset));",return null;,191,
org/codehaus/jettison/AbstractXMLOutputFactory.java,38,NullifyReturnValue,return new AbstractXMLEventWriter(createXMLStreamWriter(out));,return null;,192,
org/codehaus/jettison/AbstractXMLOutputFactory.java,42,NullifyReturnValue,return new AbstractXMLEventWriter(createXMLStreamWriter(result));,return null;,193,
org/codehaus/jettison/AbstractXMLOutputFactory.java,46,NullifyReturnValue,return new AbstractXMLEventWriter(createXMLStreamWriter(writer));,return null;,194,
org/codehaus/jettison/AbstractXMLOutputFactory.java,54,NullifyReturnValue,"return createXMLStreamWriter(new OutputStreamWriter(out, charset));",return null;,195,
org/codehaus/jettison/AbstractXMLOutputFactory.java,61,NullifyReturnValue,"return createXMLStreamWriter(out, null);",return null;,196,
org/codehaus/jettison/AbstractXMLOutputFactory.java,70,NullifyReturnValue,return createXMLStreamWriter(out);,return null;,197,
org/codehaus/jettison/AbstractXMLOutputFactory.java,74,NullifyReturnValue,return createXMLStreamWriter(w);,return null;,198,
org/codehaus/jettison/AbstractXMLOutputFactory.java,85,NullifyReturnValue,return null;,return null;,199,
org/codehaus/jettison/AbstractXMLOutputFactory.java,50,RelationalOperatorReplacement,if (charset == null) {,if (charset != null) {,200,
org/codehaus/jettison/AbstractXMLOutputFactory.java,69,RelationalOperatorReplacement,if (out != null) {,if (out == null) {,201,
org/codehaus/jettison/AbstractXMLOutputFactory.java,73,RelationalOperatorReplacement,if (w != null) {,if (w == null) {,202,
org/codehaus/jettison/AbstractXMLOutputFactory.java,33,RemoveMethod,"public XMLEventWriter createXMLEventWriter(OutputStream out, String charset) throws XMLStreamException {","public XMLEventWriter createXMLEventWriter(OutputStream out, String charset) throws XMLStreamException {",203,
org/codehaus/jettison/AbstractXMLOutputFactory.java,37,RemoveMethod,public XMLEventWriter createXMLEventWriter(OutputStream out) throws XMLStreamException {,public XMLEventWriter createXMLEventWriter(OutputStream out) throws XMLStreamException {,204,
org/codehaus/jettison/AbstractXMLOutputFactory.java,41,RemoveMethod,public XMLEventWriter createXMLEventWriter(Result result) throws XMLStreamException {,public XMLEventWriter createXMLEventWriter(Result result) throws XMLStreamException {,205,
org/codehaus/jettison/AbstractXMLOutputFactory.java,45,RemoveMethod,public XMLEventWriter createXMLEventWriter(Writer writer) throws XMLStreamException {,public XMLEventWriter createXMLEventWriter(Writer writer) throws XMLStreamException {,206,
org/codehaus/jettison/AbstractXMLOutputFactory.java,49,RemoveMethod,"public XMLStreamWriter createXMLStreamWriter(OutputStream out, String charset) throws XMLStreamException {","public XMLStreamWriter createXMLStreamWriter(OutputStream out, String charset) throws XMLStreamException {",207,
org/codehaus/jettison/AbstractXMLOutputFactory.java,60,RemoveMethod,public XMLStreamWriter createXMLStreamWriter(OutputStream out) throws XMLStreamException {,public XMLStreamWriter createXMLStreamWriter(OutputStream out) throws XMLStreamException {,208,
org/codehaus/jettison/AbstractXMLOutputFactory.java,64,RemoveMethod,public XMLStreamWriter createXMLStreamWriter(Result result) throws XMLStreamException {,public XMLStreamWriter createXMLStreamWriter(Result result) throws XMLStreamException {,209,
org/codehaus/jettison/AbstractXMLOutputFactory.java,83,RemoveMethod,public Object getProperty(String arg0) throws IllegalArgumentException {,public Object getProperty(String arg0) throws IllegalArgumentException {,210,
org/codehaus/jettison/AbstractXMLOutputFactory.java,88,RemoveMethod,public boolean isPropertySupported(String arg0) {,public boolean isPropertySupported(String arg0) {,211,
org/codehaus/jettison/AbstractXMLOutputFactory.java,88,RemoveMethod,public boolean isPropertySupported(String arg0) {,public boolean isPropertySupported(String arg0) {,212,
org/codehaus/jettison/AbstractXMLOutputFactory.java,93,RemoveMethod,"public void setProperty(String arg0, Object arg1) throws IllegalArgumentException {","public void setProperty(String arg0, Object arg1) throws IllegalArgumentException {",213,
org/codehaus/jettison/AbstractXMLOutputFactory.java,50,RemoveNullCheck,if (charset == null) {,if (false) {,214,
org/codehaus/jettison/AbstractXMLOutputFactory.java,69,RemoveNullCheck,if (out != null) {,if (true) {,215,
org/codehaus/jettison/AbstractXMLOutputFactory.java,73,RemoveNullCheck,if (w != null) {,if (true) {,216,
org/codehaus/jettison/AbstractXMLStreamReader.java,217,ArithmeticOperatorReplacementBinary,"text.getChars(sourceStart,sourceStart+length,target,targetStart);","text.getChars(sourceStart,sourceStart-length,target,targetStart);",217,
org/codehaus/jettison/AbstractXMLStreamReader.java,79,ArithmeticOperatorReplacementShortcut,for (int i = 0; i <= n; i++) {,for (int i = 0; i <= n; i--) {,218,
org/codehaus/jettison/AbstractXMLStreamReader.java,96,ArithmeticOperatorReplacementShortcut,for (int i = 0; i <= n; i++) {,for (int i = 0; i <= n; i--) {,219,
org/codehaus/jettison/AbstractXMLStreamReader.java,175,ArithmeticOperatorReplacementUnary,return -1;,return +1;,220,
org/codehaus/jettison/AbstractXMLStreamReader.java,55,ConditionalOperatorReplacement,while (event != START_ELEMENT && event != END_ELEMENT) {,while (event != START_ELEMENT || event != END_ELEMENT) {,221,
org/codehaus/jettison/AbstractXMLStreamReader.java,65,NullifyInputVariable,"public void require(int arg0, String arg1, String arg2) throws XMLStreamException {","public void require(int arg0, String arg1, String arg2) throws XMLStreamException { arg2 = null;",222,
org/codehaus/jettison/AbstractXMLStreamReader.java,65,NullifyInputVariable,"public void require(int arg0, String arg1, String arg2) throws XMLStreamException {","public void require(int arg0, String arg1, String arg2) throws XMLStreamException { arg1 = null;",223,
org/codehaus/jettison/AbstractXMLStreamReader.java,102,NullifyInputVariable,"public String getAttributeValue(String ns, String local) {","public String getAttributeValue(String ns, String local) { local = null;",224,
org/codehaus/jettison/AbstractXMLStreamReader.java,102,NullifyInputVariable,"public String getAttributeValue(String ns, String local) {","public String getAttributeValue(String ns, String local) { ns = null;",225,
org/codehaus/jettison/AbstractXMLStreamReader.java,134,NullifyInputVariable,public String getNamespaceURI(String prefix) {,public String getNamespaceURI(String prefix) { prefix = null;,226,
org/codehaus/jettison/AbstractXMLStreamReader.java,201,NullifyInputVariable,public Object getProperty(String arg0) throws IllegalArgumentException {,public Object getProperty(String arg0) throws IllegalArgumentException { arg0 = null;,227,
org/codehaus/jettison/AbstractXMLStreamReader.java,103,NullifyObjectInitialization,"return (String) node.getAttributes().get(new QName(ns, local));",return (String) node.getAttributes().get(null);,228,
org/codehaus/jettison/AbstractXMLStreamReader.java,73,NullifyReturnValue,return getAttributeName(n).getLocalPart();,return null;,229,
org/codehaus/jettison/AbstractXMLStreamReader.java,82,NullifyReturnValue,return name;,return null;,230,
org/codehaus/jettison/AbstractXMLStreamReader.java,86,NullifyReturnValue,return getAttributeName(n).getNamespaceURI();,return null;,231,
org/codehaus/jettison/AbstractXMLStreamReader.java,90,NullifyReturnValue,return getAttributeName(n).getPrefix();,return null;,232,
org/codehaus/jettison/AbstractXMLStreamReader.java,99,NullifyReturnValue,return name;,return null;,233,
org/codehaus/jettison/AbstractXMLStreamReader.java,103,NullifyReturnValue,"return (String) node.getAttributes().get(new QName(ns, local));",return null;,234,
org/codehaus/jettison/AbstractXMLStreamReader.java,107,NullifyReturnValue,"return ""CDATA"";",return null;,235,
org/codehaus/jettison/AbstractXMLStreamReader.java,111,NullifyReturnValue,return getName().getLocalPart();,return null;,236,
org/codehaus/jettison/AbstractXMLStreamReader.java,115,NullifyReturnValue,return node.getName();,return null;,237,
org/codehaus/jettison/AbstractXMLStreamReader.java,119,NullifyReturnValue,return getName().getNamespaceURI();,return null;,238,
org/codehaus/jettison/AbstractXMLStreamReader.java,127,NullifyReturnValue,return node.getNamespacePrefix(n);,return null;,239,
org/codehaus/jettison/AbstractXMLStreamReader.java,131,NullifyReturnValue,return node.getNamespaceURI(n);,return null;,240,
org/codehaus/jettison/AbstractXMLStreamReader.java,135,NullifyReturnValue,return node.getNamespaceURI(prefix);,return null;,241,
org/codehaus/jettison/AbstractXMLStreamReader.java,156,NullifyReturnValue,return null;,return null;,242,
org/codehaus/jettison/AbstractXMLStreamReader.java,160,NullifyReturnValue,return null;,return null;,243,
org/codehaus/jettison/AbstractXMLStreamReader.java,164,NullifyReturnValue,return new Location() {,return null;,244,
org/codehaus/jettison/AbstractXMLStreamReader.java,179,NullifyReturnValue,return null;,return null;,245,
org/codehaus/jettison/AbstractXMLStreamReader.java,183,NullifyReturnValue,return null;,return null;,246,
org/codehaus/jettison/AbstractXMLStreamReader.java,190,NullifyReturnValue,return null;,return null;,247,
org/codehaus/jettison/AbstractXMLStreamReader.java,194,NullifyReturnValue,return null;,return null;,248,
org/codehaus/jettison/AbstractXMLStreamReader.java,198,NullifyReturnValue,return getName().getPrefix();,return null;,249,
org/codehaus/jettison/AbstractXMLStreamReader.java,202,NullifyReturnValue,return null;,return null;,250,
org/codehaus/jettison/AbstractXMLStreamReader.java,206,NullifyReturnValue,return null;,return null;,251,
org/codehaus/jettison/AbstractXMLStreamReader.java,211,NullifyReturnValue,return text != null ? text.toCharArray() : new char[]{};,return null;,252,
org/codehaus/jettison/AbstractXMLStreamReader.java,34,RelationalOperatorReplacement,return event == CHARACTERS;,return event != CHARACTERS;,253,
org/codehaus/jettison/AbstractXMLStreamReader.java,38,RelationalOperatorReplacement,return event == END_ELEMENT;,return event != END_ELEMENT;,254,
org/codehaus/jettison/AbstractXMLStreamReader.java,46,RelationalOperatorReplacement,return event == START_ELEMENT;,return event != START_ELEMENT;,255,
org/codehaus/jettison/AbstractXMLStreamReader.java,55,RelationalOperatorReplacement,while (event != START_ELEMENT && event != END_ELEMENT) {,while (event == START_ELEMENT && event != END_ELEMENT) {,256,
org/codehaus/jettison/AbstractXMLStreamReader.java,55,RelationalOperatorReplacement,while (event != START_ELEMENT && event != END_ELEMENT) {,while (event != START_ELEMENT && event == END_ELEMENT) {,257,
org/codehaus/jettison/AbstractXMLStreamReader.java,79,RelationalOperatorReplacement,for (int i = 0; i <= n; i++) {,for (int i = 0; i < n; i++) {,258,
org/codehaus/jettison/AbstractXMLStreamReader.java,96,RelationalOperatorReplacement,for (int i = 0; i <= n; i++) {,for (int i = 0; i < n; i++) {,259,
org/codehaus/jettison/AbstractXMLStreamReader.java,144,RelationalOperatorReplacement,return event != END_DOCUMENT;,return event == END_DOCUMENT;,260,
org/codehaus/jettison/AbstractXMLStreamReader.java,148,RelationalOperatorReplacement,return event == CHARACTERS;,return event != CHARACTERS;,261,
org/codehaus/jettison/AbstractXMLStreamReader.java,211,RelationalOperatorReplacement,return text != null ? text.toCharArray() : new char[]{};,return text == null ? text.toCharArray() : new char[]{};,262,
org/codehaus/jettison/AbstractXMLStreamReader.java,216,RelationalOperatorReplacement,if (text != null) {,if (text == null) {,263,
org/codehaus/jettison/AbstractXMLStreamReader.java,226,RelationalOperatorReplacement,return text != null ? text.length() : 0;,return text == null ? text.length() : 0;,264,
org/codehaus/jettison/AbstractXMLStreamReader.java,29,RemoveMethod,public boolean isAttributeSpecified(int index) {,public boolean isAttributeSpecified(int index) {,265,
org/codehaus/jettison/AbstractXMLStreamReader.java,29,RemoveMethod,public boolean isAttributeSpecified(int index) {,public boolean isAttributeSpecified(int index) {,266,
org/codehaus/jettison/AbstractXMLStreamReader.java,33,RemoveMethod,public boolean isCharacters() {,public boolean isCharacters() {,267,
org/codehaus/jettison/AbstractXMLStreamReader.java,33,RemoveMethod,public boolean isCharacters() {,public boolean isCharacters() {,268,
org/codehaus/jettison/AbstractXMLStreamReader.java,37,RemoveMethod,public boolean isEndElement() {,public boolean isEndElement() {,269,
org/codehaus/jettison/AbstractXMLStreamReader.java,37,RemoveMethod,public boolean isEndElement() {,public boolean isEndElement() {,270,
org/codehaus/jettison/AbstractXMLStreamReader.java,41,RemoveMethod,public boolean isStandalone() {,public boolean isStandalone() {,271,
org/codehaus/jettison/AbstractXMLStreamReader.java,41,RemoveMethod,public boolean isStandalone() {,public boolean isStandalone() {,272,
org/codehaus/jettison/AbstractXMLStreamReader.java,45,RemoveMethod,public boolean isStartElement() {,public boolean isStartElement() {,273,
org/codehaus/jettison/AbstractXMLStreamReader.java,45,RemoveMethod,public boolean isStartElement() {,public boolean isStartElement() {,274,
org/codehaus/jettison/AbstractXMLStreamReader.java,49,RemoveMethod,public boolean isWhiteSpace() {,public boolean isWhiteSpace() {,275,
org/codehaus/jettison/AbstractXMLStreamReader.java,49,RemoveMethod,public boolean isWhiteSpace() {,public boolean isWhiteSpace() {,276,
org/codehaus/jettison/AbstractXMLStreamReader.java,53,RemoveMethod,public int nextTag() throws XMLStreamException {,public int nextTag() throws XMLStreamException {,277,
org/codehaus/jettison/AbstractXMLStreamReader.java,53,RemoveMethod,public int nextTag() throws XMLStreamException {,public int nextTag() throws XMLStreamException {,278,
org/codehaus/jettison/AbstractXMLStreamReader.java,61,RemoveMethod,public int getEventType() {,public int getEventType() {,279,
org/codehaus/jettison/AbstractXMLStreamReader.java,61,RemoveMethod,public int getEventType() {,public int getEventType() {,280,
org/codehaus/jettison/AbstractXMLStreamReader.java,65,RemoveMethod,"public void require(int arg0, String arg1, String arg2) throws XMLStreamException {","public void require(int arg0, String arg1, String arg2) throws XMLStreamException {",281,
org/codehaus/jettison/AbstractXMLStreamReader.java,68,RemoveMethod,public int getAttributeCount() {,public int getAttributeCount() {,282,
org/codehaus/jettison/AbstractXMLStreamReader.java,68,RemoveMethod,public int getAttributeCount() {,public int getAttributeCount() {,283,
org/codehaus/jettison/AbstractXMLStreamReader.java,72,RemoveMethod,public String getAttributeLocalName(int n) {,public String getAttributeLocalName(int n) {,284,
org/codehaus/jettison/AbstractXMLStreamReader.java,72,RemoveMethod,public String getAttributeLocalName(int n) {,public String getAttributeLocalName(int n) {,285,
org/codehaus/jettison/AbstractXMLStreamReader.java,76,RemoveMethod,public QName getAttributeName(int n) {,public QName getAttributeName(int n) {,286,
org/codehaus/jettison/AbstractXMLStreamReader.java,85,RemoveMethod,public String getAttributeNamespace(int n) {,public String getAttributeNamespace(int n) {,287,
org/codehaus/jettison/AbstractXMLStreamReader.java,85,RemoveMethod,public String getAttributeNamespace(int n) {,public String getAttributeNamespace(int n) {,288,
org/codehaus/jettison/AbstractXMLStreamReader.java,89,RemoveMethod,public String getAttributePrefix(int n) {,public String getAttributePrefix(int n) {,289,
org/codehaus/jettison/AbstractXMLStreamReader.java,89,RemoveMethod,public String getAttributePrefix(int n) {,public String getAttributePrefix(int n) {,290,
org/codehaus/jettison/AbstractXMLStreamReader.java,93,RemoveMethod,public String getAttributeValue(int n) {,public String getAttributeValue(int n) {,291,
org/codehaus/jettison/AbstractXMLStreamReader.java,93,RemoveMethod,public String getAttributeValue(int n) {,public String getAttributeValue(int n) {,292,
org/codehaus/jettison/AbstractXMLStreamReader.java,102,RemoveMethod,"public String getAttributeValue(String ns, String local) {","public String getAttributeValue(String ns, String local) {",293,
org/codehaus/jettison/AbstractXMLStreamReader.java,102,RemoveMethod,"public String getAttributeValue(String ns, String local) {","public String getAttributeValue(String ns, String local) {",294,
org/codehaus/jettison/AbstractXMLStreamReader.java,106,RemoveMethod,public String getAttributeType(int index) {,public String getAttributeType(int index) {,295,
org/codehaus/jettison/AbstractXMLStreamReader.java,106,RemoveMethod,public String getAttributeType(int index) {,public String getAttributeType(int index) {,296,
org/codehaus/jettison/AbstractXMLStreamReader.java,110,RemoveMethod,public String getLocalName() {,public String getLocalName() {,297,
org/codehaus/jettison/AbstractXMLStreamReader.java,110,RemoveMethod,public String getLocalName() {,public String getLocalName() {,298,
org/codehaus/jettison/AbstractXMLStreamReader.java,114,RemoveMethod,public QName getName() {,public QName getName() {,299,
org/codehaus/jettison/AbstractXMLStreamReader.java,118,RemoveMethod,public String getNamespaceURI() {,public String getNamespaceURI() {,300,
org/codehaus/jettison/AbstractXMLStreamReader.java,118,RemoveMethod,public String getNamespaceURI() {,public String getNamespaceURI() {,301,
org/codehaus/jettison/AbstractXMLStreamReader.java,122,RemoveMethod,public int getNamespaceCount() {,public int getNamespaceCount() {,302,
org/codehaus/jettison/AbstractXMLStreamReader.java,122,RemoveMethod,public int getNamespaceCount() {,public int getNamespaceCount() {,303,
org/codehaus/jettison/AbstractXMLStreamReader.java,126,RemoveMethod,public String getNamespacePrefix(int n) {,public String getNamespacePrefix(int n) {,304,
org/codehaus/jettison/AbstractXMLStreamReader.java,126,RemoveMethod,public String getNamespacePrefix(int n) {,public String getNamespacePrefix(int n) {,305,
org/codehaus/jettison/AbstractXMLStreamReader.java,130,RemoveMethod,public String getNamespaceURI(int n) {,public String getNamespaceURI(int n) {,306,
org/codehaus/jettison/AbstractXMLStreamReader.java,130,RemoveMethod,public String getNamespaceURI(int n) {,public String getNamespaceURI(int n) {,307,
org/codehaus/jettison/AbstractXMLStreamReader.java,134,RemoveMethod,public String getNamespaceURI(String prefix) {,public String getNamespaceURI(String prefix) {,308,
org/codehaus/jettison/AbstractXMLStreamReader.java,134,RemoveMethod,public String getNamespaceURI(String prefix) {,public String getNamespaceURI(String prefix) {,309,
org/codehaus/jettison/AbstractXMLStreamReader.java,138,RemoveMethod,public boolean hasName() {,public boolean hasName() {,310,
org/codehaus/jettison/AbstractXMLStreamReader.java,138,RemoveMethod,public boolean hasName() {,public boolean hasName() {,311,
org/codehaus/jettison/AbstractXMLStreamReader.java,143,RemoveMethod,public boolean hasNext() throws XMLStreamException {,public boolean hasNext() throws XMLStreamException {,312,
org/codehaus/jettison/AbstractXMLStreamReader.java,143,RemoveMethod,public boolean hasNext() throws XMLStreamException {,public boolean hasNext() throws XMLStreamException {,313,
org/codehaus/jettison/AbstractXMLStreamReader.java,147,RemoveMethod,public boolean hasText() {,public boolean hasText() {,314,
org/codehaus/jettison/AbstractXMLStreamReader.java,147,RemoveMethod,public boolean hasText() {,public boolean hasText() {,315,
org/codehaus/jettison/AbstractXMLStreamReader.java,151,RemoveMethod,public boolean standaloneSet() {,public boolean standaloneSet() {,316,
org/codehaus/jettison/AbstractXMLStreamReader.java,151,RemoveMethod,public boolean standaloneSet() {,public boolean standaloneSet() {,317,
org/codehaus/jettison/AbstractXMLStreamReader.java,155,RemoveMethod,public String getCharacterEncodingScheme() {,public String getCharacterEncodingScheme() {,318,
org/codehaus/jettison/AbstractXMLStreamReader.java,155,RemoveMethod,public String getCharacterEncodingScheme() {,public String getCharacterEncodingScheme() {,319,
org/codehaus/jettison/AbstractXMLStreamReader.java,159,RemoveMethod,public String getEncoding() {,public String getEncoding() {,320,
org/codehaus/jettison/AbstractXMLStreamReader.java,159,RemoveMethod,public String getEncoding() {,public String getEncoding() {,321,
org/codehaus/jettison/AbstractXMLStreamReader.java,163,RemoveMethod,public Location getLocation() {,public Location getLocation() {,322,
org/codehaus/jettison/AbstractXMLStreamReader.java,166,RemoveMethod,public int getCharacterOffset() {,public int getCharacterOffset() {,323,
org/codehaus/jettison/AbstractXMLStreamReader.java,166,RemoveMethod,public int getCharacterOffset() {,public int getCharacterOffset() {,324,
org/codehaus/jettison/AbstractXMLStreamReader.java,170,RemoveMethod,public int getColumnNumber() {,public int getColumnNumber() {,325,
org/codehaus/jettison/AbstractXMLStreamReader.java,170,RemoveMethod,public int getColumnNumber() {,public int getColumnNumber() {,326,
org/codehaus/jettison/AbstractXMLStreamReader.java,174,RemoveMethod,public int getLineNumber() {,public int getLineNumber() {,327,
org/codehaus/jettison/AbstractXMLStreamReader.java,174,RemoveMethod,public int getLineNumber() {,public int getLineNumber() {,328,
org/codehaus/jettison/AbstractXMLStreamReader.java,178,RemoveMethod,public String getPublicId() {,public String getPublicId() {,329,
org/codehaus/jettison/AbstractXMLStreamReader.java,178,RemoveMethod,public String getPublicId() {,public String getPublicId() {,330,
org/codehaus/jettison/AbstractXMLStreamReader.java,182,RemoveMethod,public String getSystemId() {,public String getSystemId() {,331,
org/codehaus/jettison/AbstractXMLStreamReader.java,182,RemoveMethod,public String getSystemId() {,public String getSystemId() {,332,
org/codehaus/jettison/AbstractXMLStreamReader.java,189,RemoveMethod,public String getPIData() {,public String getPIData() {,333,
org/codehaus/jettison/AbstractXMLStreamReader.java,189,RemoveMethod,public String getPIData() {,public String getPIData() {,334,
org/codehaus/jettison/AbstractXMLStreamReader.java,193,RemoveMethod,public String getPITarget() {,public String getPITarget() {,335,
org/codehaus/jettison/AbstractXMLStreamReader.java,193,RemoveMethod,public String getPITarget() {,public String getPITarget() {,336,
org/codehaus/jettison/AbstractXMLStreamReader.java,197,RemoveMethod,public String getPrefix() {,public String getPrefix() {,337,
org/codehaus/jettison/AbstractXMLStreamReader.java,197,RemoveMethod,public String getPrefix() {,public String getPrefix() {,338,
org/codehaus/jettison/AbstractXMLStreamReader.java,201,RemoveMethod,public Object getProperty(String arg0) throws IllegalArgumentException {,public Object getProperty(String arg0) throws IllegalArgumentException {,339,
org/codehaus/jettison/AbstractXMLStreamReader.java,205,RemoveMethod,public String getVersion() {,public String getVersion() {,340,
org/codehaus/jettison/AbstractXMLStreamReader.java,205,RemoveMethod,public String getVersion() {,public String getVersion() {,341,
org/codehaus/jettison/AbstractXMLStreamReader.java,209,RemoveMethod,public char[] getTextCharacters() {,public char[] getTextCharacters() {,342,
org/codehaus/jettison/AbstractXMLStreamReader.java,214,RemoveMethod,"public int getTextCharacters(int sourceStart, char[] target, int targetStart, int length) throws XMLStreamException {","public int getTextCharacters(int sourceStart, char[] target, int targetStart, int length) throws XMLStreamException {",343,
org/codehaus/jettison/AbstractXMLStreamReader.java,214,RemoveMethod,"public int getTextCharacters(int sourceStart, char[] target, int targetStart, int length) throws XMLStreamException {","public int getTextCharacters(int sourceStart, char[] target, int targetStart, int length) throws XMLStreamException {",344,
org/codehaus/jettison/AbstractXMLStreamReader.java,224,RemoveMethod,public int getTextLength() {,public int getTextLength() {,345,
org/codehaus/jettison/AbstractXMLStreamReader.java,224,RemoveMethod,public int getTextLength() {,public int getTextLength() {,346,
org/codehaus/jettison/AbstractXMLStreamReader.java,229,RemoveMethod,public int getTextStart() {,public int getTextStart() {,347,
org/codehaus/jettison/AbstractXMLStreamReader.java,229,RemoveMethod,public int getTextStart() {,public int getTextStart() {,348,
org/codehaus/jettison/AbstractXMLStreamReader.java,211,RemoveNullCheck,return text != null ? text.toCharArray() : new char[]{};,return true ? text.toCharArray() : new char[]{};,349,
org/codehaus/jettison/AbstractXMLStreamReader.java,216,RemoveNullCheck,if (text != null) {,if (true) {,350,
org/codehaus/jettison/AbstractXMLStreamReader.java,226,RemoveNullCheck,return text != null ? text.length() : 0;,return true ? text.length() : 0;,351,
org/codehaus/jettison/AbstractXMLStreamWriter.java,78,ConditionalOperatorDeletion,if (!arrayKeysWithSlashAvailable) {,if ( arrayKeysWithSlashAvailable) {,352,
org/codehaus/jettison/AbstractXMLStreamWriter.java,28,NullifyInputVariable,public void writeCData(String text) throws XMLStreamException {,public void writeCData(String text) throws XMLStreamException { text = null;,353,
org/codehaus/jettison/AbstractXMLStreamWriter.java,36,NullifyInputVariable,"public void writeEmptyElement(String prefix, String local, String ns) throws XMLStreamException {","public void writeEmptyElement(String prefix, String local, String ns) throws XMLStreamException { ns = null;",354,
org/codehaus/jettison/AbstractXMLStreamWriter.java,36,NullifyInputVariable,"public void writeEmptyElement(String prefix, String local, String ns) throws XMLStreamException {","public void writeEmptyElement(String prefix, String local, String ns) throws XMLStreamException { local = null;",355,
org/codehaus/jettison/AbstractXMLStreamWriter.java,36,NullifyInputVariable,"public void writeEmptyElement(String prefix, String local, String ns) throws XMLStreamException {","public void writeEmptyElement(String prefix, String local, String ns) throws XMLStreamException { prefix = null;",356,
org/codehaus/jettison/AbstractXMLStreamWriter.java,41,NullifyInputVariable,"public void writeEmptyElement(String ns, String local) throws XMLStreamException {","public void writeEmptyElement(String ns, String local) throws XMLStreamException { local = null;",357,
org/codehaus/jettison/AbstractXMLStreamWriter.java,41,NullifyInputVariable,"public void writeEmptyElement(String ns, String local) throws XMLStreamException {","public void writeEmptyElement(String ns, String local) throws XMLStreamException { ns = null;",358,
org/codehaus/jettison/AbstractXMLStreamWriter.java,46,NullifyInputVariable,public void writeEmptyElement(String local) throws XMLStreamException {,public void writeEmptyElement(String local) throws XMLStreamException { local = null;,359,
org/codehaus/jettison/AbstractXMLStreamWriter.java,51,NullifyInputVariable,"public void writeStartDocument(String arg0, String arg1) throws XMLStreamException {","public void writeStartDocument(String arg0, String arg1) throws XMLStreamException { arg1 = null;",360,
org/codehaus/jettison/AbstractXMLStreamWriter.java,51,NullifyInputVariable,"public void writeStartDocument(String arg0, String arg1) throws XMLStreamException {","public void writeStartDocument(String arg0, String arg1) throws XMLStreamException { arg0 = null;",361,
org/codehaus/jettison/AbstractXMLStreamWriter.java,55,NullifyInputVariable,public void writeStartDocument(String arg0) throws XMLStreamException {,public void writeStartDocument(String arg0) throws XMLStreamException { arg0 = null;,362,
org/codehaus/jettison/AbstractXMLStreamWriter.java,59,NullifyInputVariable,"public void writeStartElement(String ns, String local) throws XMLStreamException {","public void writeStartElement(String ns, String local) throws XMLStreamException { local = null;",363,
org/codehaus/jettison/AbstractXMLStreamWriter.java,59,NullifyInputVariable,"public void writeStartElement(String ns, String local) throws XMLStreamException {","public void writeStartElement(String ns, String local) throws XMLStreamException { ns = null;",364,
org/codehaus/jettison/AbstractXMLStreamWriter.java,63,NullifyInputVariable,public void writeStartElement(String local) throws XMLStreamException {,public void writeStartElement(String local) throws XMLStreamException { local = null;,365,
org/codehaus/jettison/AbstractXMLStreamWriter.java,67,NullifyInputVariable,public void writeComment(String arg0) throws XMLStreamException {,public void writeComment(String arg0) throws XMLStreamException { arg0 = null;,366,
org/codehaus/jettison/AbstractXMLStreamWriter.java,70,NullifyInputVariable,public void writeDTD(String arg0) throws XMLStreamException {,public void writeDTD(String arg0) throws XMLStreamException { arg0 = null;,367,
org/codehaus/jettison/AbstractXMLStreamWriter.java,76,NullifyInputVariable,public void serializeAsArray(String name) {,public void serializeAsArray(String name) { name = null;,368,
org/codehaus/jettison/AbstractXMLStreamWriter.java,88,NullifyInputVariable,public void seriliazeAsArray(String name) {,public void seriliazeAsArray(String name) { name = null;,369,
org/codehaus/jettison/AbstractXMLStreamWriter.java,25,NullifyObjectInitialization,private ArrayList<String> serializedAsArrays = new ArrayList<String>();,private ArrayList<String> serializedAsArrays = null;,370,
org/codehaus/jettison/AbstractXMLStreamWriter.java,33,NullifyObjectInitialization,"writeCharacters(new String(arg0, arg1, arg2));",writeCharacters(null);,371,
org/codehaus/jettison/AbstractXMLStreamWriter.java,93,NullifyReturnValue,return serializedAsArrays;,return null;,372,
org/codehaus/jettison/AbstractXMLStreamWriter.java,28,RemoveMethod,public void writeCData(String text) throws XMLStreamException {,public void writeCData(String text) throws XMLStreamException {,373,
org/codehaus/jettison/AbstractXMLStreamWriter.java,32,RemoveMethod,"public void writeCharacters(char[] arg0, int arg1, int arg2) throws XMLStreamException {","public void writeCharacters(char[] arg0, int arg1, int arg2) throws XMLStreamException {",374,
org/codehaus/jettison/AbstractXMLStreamWriter.java,36,RemoveMethod,"public void writeEmptyElement(String prefix, String local, String ns) throws XMLStreamException {","public void writeEmptyElement(String prefix, String local, String ns) throws XMLStreamException {",375,
org/codehaus/jettison/AbstractXMLStreamWriter.java,41,RemoveMethod,"public void writeEmptyElement(String ns, String local) throws XMLStreamException {","public void writeEmptyElement(String ns, String local) throws XMLStreamException {",376,
org/codehaus/jettison/AbstractXMLStreamWriter.java,46,RemoveMethod,public void writeEmptyElement(String local) throws XMLStreamException {,public void writeEmptyElement(String local) throws XMLStreamException {,377,
org/codehaus/jettison/AbstractXMLStreamWriter.java,51,RemoveMethod,"public void writeStartDocument(String arg0, String arg1) throws XMLStreamException {","public void writeStartDocument(String arg0, String arg1) throws XMLStreamException {",378,
org/codehaus/jettison/AbstractXMLStreamWriter.java,55,RemoveMethod,public void writeStartDocument(String arg0) throws XMLStreamException {,public void writeStartDocument(String arg0) throws XMLStreamException {,379,
org/codehaus/jettison/AbstractXMLStreamWriter.java,59,RemoveMethod,"public void writeStartElement(String ns, String local) throws XMLStreamException {","public void writeStartElement(String ns, String local) throws XMLStreamException {",380,
org/codehaus/jettison/AbstractXMLStreamWriter.java,63,RemoveMethod,public void writeStartElement(String local) throws XMLStreamException {,public void writeStartElement(String local) throws XMLStreamException {,381,
org/codehaus/jettison/AbstractXMLStreamWriter.java,67,RemoveMethod,public void writeComment(String arg0) throws XMLStreamException {,public void writeComment(String arg0) throws XMLStreamException {,382,
org/codehaus/jettison/AbstractXMLStreamWriter.java,70,RemoveMethod,public void writeDTD(String arg0) throws XMLStreamException {,public void writeDTD(String arg0) throws XMLStreamException {,383,
org/codehaus/jettison/AbstractXMLStreamWriter.java,73,RemoveMethod,public void writeEndDocument() throws XMLStreamException {,public void writeEndDocument() throws XMLStreamException {,384,
org/codehaus/jettison/AbstractXMLStreamWriter.java,76,RemoveMethod,public void serializeAsArray(String name) {,public void serializeAsArray(String name) {,385,
org/codehaus/jettison/AbstractXMLStreamWriter.java,88,RemoveMethod,public void seriliazeAsArray(String name) {,public void seriliazeAsArray(String name) {,386,
org/codehaus/jettison/AbstractXMLStreamWriter.java,92,RemoveMethod,public ArrayList<String> getSerializedAsArrays() {,public ArrayList<String> getSerializedAsArrays() {,387,
org/codehaus/jettison/AbstractXMLStreamWriter.java,96,RemoveMethod,public boolean isArrayKeysWithSlashAvailable() {,public boolean isArrayKeysWithSlashAvailable() {,388,
org/codehaus/jettison/AbstractXMLStreamWriter.java,96,RemoveMethod,public boolean isArrayKeysWithSlashAvailable() {,public boolean isArrayKeysWithSlashAvailable() {,389,
org/codehaus/jettison/JSONSequenceTooLargeException.java,20,ArithmeticOperatorReplacementUnary,private static final long serialVersionUID = -8281225263069171596L;,private static final long serialVersionUID = +8281225263069171596L;,390,
org/codehaus/jettison/Node.java,92,ArithmeticOperatorReplacementShortcut,while (--index >= 0) {,while (++index >= 0) {,391,
org/codehaus/jettison/Node.java,118,ArithmeticOperatorReplacementShortcut,while (--index >= 0) {,while (++index >= 0) {,392,
org/codehaus/jettison/Node.java,81,ConditionalOperatorReplacement,if (result == null && parent != null) {,if (result == null || parent != null) {,393,
org/codehaus/jettison/Node.java,88,ConditionalOperatorReplacement,if (index < 0 || index >= getNamespaceCount()) {,if (index < 0 && index >= getNamespaceCount()) {,394,
org/codehaus/jettison/Node.java,107,ConditionalOperatorReplacement,if (result == null && parent != null) {,if (result == null || parent != null) {,395,
org/codehaus/jettison/Node.java,114,ConditionalOperatorReplacement,if (index < 0 || index >= getNamespaceCount()) {,if (index < 0 && index >= getNamespaceCount()) {,396,
org/codehaus/jettison/Node.java,79,NullifyInputVariable,public String getNamespaceURI(String prefix) {,public String getNamespaceURI(String prefix) { prefix = null;,397,
org/codehaus/jettison/Node.java,99,NullifyInputVariable,public String getNamespacePrefix(String URI) {,public String getNamespacePrefix(String URI) { URI = null;,398,
org/codehaus/jettison/Node.java,124,NullifyInputVariable,public void setNamespaces(Map namespaces) {,public void setNamespaces(Map namespaces) { namespaces = null;,399,
org/codehaus/jettison/Node.java,128,NullifyInputVariable,"public void setNamespace(String prefix, String uri) {","public void setNamespace(String prefix, String uri) { uri = null;",400,
org/codehaus/jettison/Node.java,128,NullifyInputVariable,"public void setNamespace(String prefix, String uri) {","public void setNamespace(String prefix, String uri) { prefix = null;",401,
org/codehaus/jettison/Node.java,136,NullifyInputVariable,"public void setAttribute(QName name, String value) {","public void setAttribute(QName name, String value) { value = null;",402,
org/codehaus/jettison/Node.java,136,NullifyInputVariable,"public void setAttribute(QName name, String value) {","public void setAttribute(QName name, String value) { name = null;",403,
org/codehaus/jettison/Node.java,152,NullifyInputVariable,public void setObject(JSONObject object) {,public void setObject(JSONObject object) { object = null;,404,
org/codehaus/jettison/Node.java,160,NullifyInputVariable,public void setArray(JSONArray array) {,public void setArray(JSONArray array) { array = null;,405,
org/codehaus/jettison/Node.java,176,NullifyInputVariable,public void setCurrentKey(String currentKey) {,public void setCurrentKey(String currentKey) { currentKey = null;,406,
org/codehaus/jettison/Node.java,53,NullifyObjectInitialization,this.namespaces = new LinkedHashMap();,this.namespaces = null;,407,
org/codehaus/jettison/Node.java,54,NullifyObjectInitialization,this.attributes = new LinkedHashMap();,this.attributes = null;,408,
org/codehaus/jettison/Node.java,65,NullifyObjectInitialization,this.namespaces = new HashMap();,this.namespaces = null;,409,
org/codehaus/jettison/Node.java,66,NullifyObjectInitialization,this.attributes = new HashMap();,this.attributes = null;,410,
org/codehaus/jettison/Node.java,71,NullifyObjectInitialization,this.namespaces = new HashMap();,this.namespaces = null;,411,
org/codehaus/jettison/Node.java,72,NullifyObjectInitialization,this.attributes = new HashMap();,this.attributes = null;,412,
org/codehaus/jettison/Node.java,89,NullifyObjectInitialization,"throw new IllegalArgumentException(""Illegal index: element has ""+getNamespaceCount()+"" namespace declarations"");",throw null;,413,
org/codehaus/jettison/Node.java,115,NullifyObjectInitialization,"throw new IllegalArgumentException(""Illegal index: element has ""+getNamespaceCount()+"" namespace declarations"");",throw null;,414,
org/codehaus/jettison/Node.java,84,NullifyReturnValue,return result;,return null;,415,
org/codehaus/jettison/Node.java,96,NullifyReturnValue,"return ns == null ? """" : ns.toString();",return null;,416,
org/codehaus/jettison/Node.java,110,NullifyReturnValue,return result;,return null;,417,
org/codehaus/jettison/Node.java,121,NullifyReturnValue,return itr.next().toString();,return null;,418,
org/codehaus/jettison/Node.java,133,NullifyReturnValue,return attributes;,return null;,419,
org/codehaus/jettison/Node.java,141,NullifyReturnValue,return keys;,return null;,420,
org/codehaus/jettison/Node.java,145,NullifyReturnValue,return name;,return null;,421,
org/codehaus/jettison/Node.java,149,NullifyReturnValue,return object;,return null;,422,
org/codehaus/jettison/Node.java,157,NullifyReturnValue,return array;,return null;,423,
org/codehaus/jettison/Node.java,173,NullifyReturnValue,return currentKey;,return null;,424,
org/codehaus/jettison/Node.java,182,NullifyReturnValue,return this.name.toString();,return null;,425,
org/codehaus/jettison/Node.java,184,NullifyReturnValue,return super.toString();,return null;,426,
org/codehaus/jettison/Node.java,81,RelationalOperatorReplacement,if (result == null && parent != null) {,if (result != null && parent != null) {,427,
org/codehaus/jettison/Node.java,81,RelationalOperatorReplacement,if (result == null && parent != null) {,if (result == null && parent == null) {,428,
org/codehaus/jettison/Node.java,88,RelationalOperatorReplacement,if (index < 0 || index >= getNamespaceCount()) {,if (index <= 0 || index >= getNamespaceCount()) {,429,
org/codehaus/jettison/Node.java,88,RelationalOperatorReplacement,if (index < 0 || index >= getNamespaceCount()) {,if (index < 0 || index > getNamespaceCount()) {,430,
org/codehaus/jettison/Node.java,92,RelationalOperatorReplacement,while (--index >= 0) {,while (--index > 0) {,431,
org/codehaus/jettison/Node.java,96,RelationalOperatorReplacement,"return ns == null ? """" : ns.toString();","return ns != null ? """" : ns.toString();",432,
org/codehaus/jettison/Node.java,107,RelationalOperatorReplacement,if (result == null && parent != null) {,if (result != null && parent != null) {,433,
org/codehaus/jettison/Node.java,107,RelationalOperatorReplacement,if (result == null && parent != null) {,if (result == null && parent == null) {,434,
org/codehaus/jettison/Node.java,114,RelationalOperatorReplacement,if (index < 0 || index >= getNamespaceCount()) {,if (index <= 0 || index >= getNamespaceCount()) {,435,
org/codehaus/jettison/Node.java,114,RelationalOperatorReplacement,if (index < 0 || index >= getNamespaceCount()) {,if (index < 0 || index > getNamespaceCount()) {,436,
org/codehaus/jettison/Node.java,118,RelationalOperatorReplacement,while (--index >= 0) {,while (--index > 0) {,437,
org/codehaus/jettison/Node.java,181,RelationalOperatorReplacement,if (this.name != null) {,if (this.name == null) {,438,
org/codehaus/jettison/Node.java,75,RemoveMethod,public int getNamespaceCount() {,public int getNamespaceCount() {,439,
org/codehaus/jettison/Node.java,75,RemoveMethod,public int getNamespaceCount() {,public int getNamespaceCount() {,440,
org/codehaus/jettison/Node.java,79,RemoveMethod,public String getNamespaceURI(String prefix) {,public String getNamespaceURI(String prefix) {,441,
org/codehaus/jettison/Node.java,79,RemoveMethod,public String getNamespaceURI(String prefix) {,public String getNamespaceURI(String prefix) {,442,
org/codehaus/jettison/Node.java,87,RemoveMethod,public String getNamespaceURI(int index) {,public String getNamespaceURI(int index) {,443,
org/codehaus/jettison/Node.java,87,RemoveMethod,public String getNamespaceURI(int index) {,public String getNamespaceURI(int index) {,444,
org/codehaus/jettison/Node.java,99,RemoveMethod,public String getNamespacePrefix(String URI) {,public String getNamespacePrefix(String URI) {,445,
org/codehaus/jettison/Node.java,99,RemoveMethod,public String getNamespacePrefix(String URI) {,public String getNamespacePrefix(String URI) {,446,
org/codehaus/jettison/Node.java,113,RemoveMethod,public String getNamespacePrefix(int index) {,public String getNamespacePrefix(int index) {,447,
org/codehaus/jettison/Node.java,113,RemoveMethod,public String getNamespacePrefix(int index) {,public String getNamespacePrefix(int index) {,448,
org/codehaus/jettison/Node.java,124,RemoveMethod,public void setNamespaces(Map namespaces) {,public void setNamespaces(Map namespaces) {,449,
org/codehaus/jettison/Node.java,128,RemoveMethod,"public void setNamespace(String prefix, String uri) {","public void setNamespace(String prefix, String uri) {",450,
org/codehaus/jettison/Node.java,132,RemoveMethod,public Map getAttributes() {,public Map getAttributes() {,451,
org/codehaus/jettison/Node.java,136,RemoveMethod,"public void setAttribute(QName name, String value) {","public void setAttribute(QName name, String value) {",452,
org/codehaus/jettison/Node.java,140,RemoveMethod,public Iterator getKeys() {,public Iterator getKeys() {,453,
org/codehaus/jettison/Node.java,144,RemoveMethod,public QName getName() {,public QName getName() {,454,
org/codehaus/jettison/Node.java,148,RemoveMethod,public JSONObject getObject() {,public JSONObject getObject() {,455,
org/codehaus/jettison/Node.java,152,RemoveMethod,public void setObject(JSONObject object) {,public void setObject(JSONObject object) {,456,
org/codehaus/jettison/Node.java,156,RemoveMethod,public JSONArray getArray() {,public JSONArray getArray() {,457,
org/codehaus/jettison/Node.java,160,RemoveMethod,public void setArray(JSONArray array) {,public void setArray(JSONArray array) {,458,
org/codehaus/jettison/Node.java,164,RemoveMethod,public int getArrayIndex() {,public int getArrayIndex() {,459,
org/codehaus/jettison/Node.java,164,RemoveMethod,public int getArrayIndex() {,public int getArrayIndex() {,460,
org/codehaus/jettison/Node.java,168,RemoveMethod,public void setArrayIndex(int arrayIndex) {,public void setArrayIndex(int arrayIndex) {,461,
org/codehaus/jettison/Node.java,172,RemoveMethod,public String getCurrentKey() {,public String getCurrentKey() {,462,
org/codehaus/jettison/Node.java,172,RemoveMethod,public String getCurrentKey() {,public String getCurrentKey() {,463,
org/codehaus/jettison/Node.java,176,RemoveMethod,public void setCurrentKey(String currentKey) {,public void setCurrentKey(String currentKey) {,464,
org/codehaus/jettison/Node.java,180,RemoveMethod,public String toString() {,public String toString() {,465,
org/codehaus/jettison/Node.java,180,RemoveMethod,public String toString() {,public String toString() {,466,
org/codehaus/jettison/Node.java,81,RemoveNullCheck,if (result == null && parent != null) {,if (false && parent != null) {,467,
org/codehaus/jettison/Node.java,81,RemoveNullCheck,if (result == null && parent != null) {,if (result == null && true) {,468,
org/codehaus/jettison/Node.java,96,RemoveNullCheck,"return ns == null ? """" : ns.toString();","return false ? """" : ns.toString();",469,
org/codehaus/jettison/Node.java,107,RemoveNullCheck,if (result == null && parent != null) {,if (false && parent != null) {,470,
org/codehaus/jettison/Node.java,107,RemoveNullCheck,if (result == null && parent != null) {,if (result == null && true) {,471,
org/codehaus/jettison/Node.java,181,RemoveNullCheck,if (this.name != null) {,if (true) {,472,
org/codehaus/jettison/XsonNamespaceContext.java,33,NullifyInputVariable,public String getNamespaceURI(String prefix) {,public String getNamespaceURI(String prefix) { prefix = null;,473,
org/codehaus/jettison/XsonNamespaceContext.java,45,NullifyInputVariable,public String getPrefix(String namespaceURI) {,public String getPrefix(String namespaceURI) { namespaceURI = null;,474,
org/codehaus/jettison/XsonNamespaceContext.java,56,NullifyInputVariable,public Iterator getPrefixes(String namespaceURI) {,public Iterator getPrefixes(String namespaceURI) { namespaceURI = null;,475,
org/codehaus/jettison/XsonNamespaceContext.java,39,NullifyReturnValue,return uri;,return null;,476,
org/codehaus/jettison/XsonNamespaceContext.java,42,NullifyReturnValue,return null;,return null;,477,
org/codehaus/jettison/XsonNamespaceContext.java,50,NullifyReturnValue,return prefix;,return null;,478,
org/codehaus/jettison/XsonNamespaceContext.java,53,NullifyReturnValue,return null;,return null;,479,
org/codehaus/jettison/XsonNamespaceContext.java,57,NullifyReturnValue,return null;,return null;,480,
org/codehaus/jettison/XsonNamespaceContext.java,38,RelationalOperatorReplacement,if (uri != null) {,if (uri == null) {,481,
org/codehaus/jettison/XsonNamespaceContext.java,49,RelationalOperatorReplacement,if (prefix != null) {,if (prefix == null) {,482,
org/codehaus/jettison/XsonNamespaceContext.java,33,RemoveMethod,public String getNamespaceURI(String prefix) {,public String getNamespaceURI(String prefix) {,483,
org/codehaus/jettison/XsonNamespaceContext.java,33,RemoveMethod,public String getNamespaceURI(String prefix) {,public String getNamespaceURI(String prefix) {,484,
org/codehaus/jettison/XsonNamespaceContext.java,45,RemoveMethod,public String getPrefix(String namespaceURI) {,public String getPrefix(String namespaceURI) {,485,
org/codehaus/jettison/XsonNamespaceContext.java,45,RemoveMethod,public String getPrefix(String namespaceURI) {,public String getPrefix(String namespaceURI) {,486,
org/codehaus/jettison/XsonNamespaceContext.java,56,RemoveMethod,public Iterator getPrefixes(String namespaceURI) {,public Iterator getPrefixes(String namespaceURI) {,487,
org/codehaus/jettison/XsonNamespaceContext.java,38,RemoveNullCheck,if (uri != null) {,if (true) {,488,
org/codehaus/jettison/XsonNamespaceContext.java,49,RemoveNullCheck,if (prefix != null) {,if (true) {,489,
org/codehaus/jettison/badgerfish/BadgerFishConvention.java,80,ArithmeticOperatorReplacementBinary,String local = rootName.substring(idx+1);,String local = rootName.substring(idx-1);,490,
org/codehaus/jettison/badgerfish/BadgerFishConvention.java,78,ArithmeticOperatorReplacementUnary,if (idx != -1) {,if (idx != +1) {,491,
org/codehaus/jettison/badgerfish/BadgerFishConvention.java,36,NullifyInputVariable,"throws JSONException, XMLStreamException {","throws JSONException, XMLStreamException { object = null;",492,
org/codehaus/jettison/badgerfish/BadgerFishConvention.java,36,NullifyInputVariable,"throws JSONException, XMLStreamException {","throws JSONException, XMLStreamException { n = null;",493,
org/codehaus/jettison/badgerfish/BadgerFishConvention.java,76,NullifyInputVariable,"public QName createQName(String rootName, Node node) throws XMLStreamException {","public QName createQName(String rootName, Node node) throws XMLStreamException { node = null;",494,
org/codehaus/jettison/badgerfish/BadgerFishConvention.java,76,NullifyInputVariable,"public QName createQName(String rootName, Node node) throws XMLStreamException {","public QName createQName(String rootName, Node node) throws XMLStreamException { rootName = null;",495,
org/codehaus/jettison/badgerfish/BadgerFishConvention.java,67,NullifyObjectInitialization,"name = new QName(XMLConstants.DEFAULT_NS_PREFIX, k);",name = null;,496,
org/codehaus/jettison/badgerfish/BadgerFishConvention.java,84,NullifyObjectInitialization,"throw new XMLStreamException(""Invalid prefix "" + prefix",throw null;,497,
org/codehaus/jettison/badgerfish/BadgerFishConvention.java,88,NullifyObjectInitialization,"return new QName(uri, local, prefix);",return null;,498,
org/codehaus/jettison/badgerfish/BadgerFishConvention.java,93,NullifyObjectInitialization,"return new QName(uri, rootName);",return null;,499,
org/codehaus/jettison/badgerfish/BadgerFishConvention.java,96,NullifyObjectInitialization,return new QName(rootName);,return null;,500,
org/codehaus/jettison/badgerfish/BadgerFishConvention.java,88,NullifyReturnValue,"return new QName(uri, local, prefix);",return null;,501,
org/codehaus/jettison/badgerfish/BadgerFishConvention.java,93,NullifyReturnValue,"return new QName(uri, rootName);",return null;,502,
org/codehaus/jettison/badgerfish/BadgerFishConvention.java,96,NullifyReturnValue,return new QName(rootName);,return null;,503,
org/codehaus/jettison/badgerfish/BadgerFishConvention.java,78,RelationalOperatorReplacement,if (idx != -1) {,if (idx == -1) {,504,
org/codehaus/jettison/badgerfish/BadgerFishConvention.java,83,RelationalOperatorReplacement,if (uri == null) {,if (uri != null) {,505,
org/codehaus/jettison/badgerfish/BadgerFishConvention.java,92,RelationalOperatorReplacement,if (uri != null) {,if (uri == null) {,506,
org/codehaus/jettison/badgerfish/BadgerFishConvention.java,36,RemoveMethod,"throws JSONException, XMLStreamException {","throws JSONException, XMLStreamException {",507,
org/codehaus/jettison/badgerfish/BadgerFishConvention.java,76,RemoveMethod,"public QName createQName(String rootName, Node node) throws XMLStreamException {","public QName createQName(String rootName, Node node) throws XMLStreamException {",508,
org/codehaus/jettison/badgerfish/BadgerFishConvention.java,83,RemoveNullCheck,if (uri == null) {,if (false) {,509,
org/codehaus/jettison/badgerfish/BadgerFishConvention.java,92,RemoveNullCheck,if (uri != null) {,if (true) {,510,
org/codehaus/jettison/badgerfish/BadgerFishDOMDocumentParser.java,30,NullifyObjectInitialization,super(new BadgerFishXMLInputFactory());,super(null);,511,
org/codehaus/jettison/badgerfish/BadgerFishDOMDocumentSerializer.java,33,NullifyObjectInitialization,"super(output, new BadgerFishXMLOutputFactory());","super(output, null);",512,
org/codehaus/jettison/badgerfish/BadgerFishXMLInputFactory.java,31,NullifyInputVariable,public XMLStreamReader createXMLStreamReader(JSONTokener tokener) throws XMLStreamException {,public XMLStreamReader createXMLStreamReader(JSONTokener tokener) throws XMLStreamException { tokener = null;,513,
org/codehaus/jettison/badgerfish/BadgerFishXMLInputFactory.java,33,NullifyObjectInitialization,JSONObject root = new JSONObject(tokener);,JSONObject root = null;,514,
org/codehaus/jettison/badgerfish/BadgerFishXMLInputFactory.java,34,NullifyObjectInitialization,return new BadgerFishXMLStreamReader(root);,return null;,515,
org/codehaus/jettison/badgerfish/BadgerFishXMLInputFactory.java,36,NullifyObjectInitialization,throw new XMLStreamException(e);,throw null;,516,
org/codehaus/jettison/badgerfish/BadgerFishXMLInputFactory.java,34,NullifyReturnValue,return new BadgerFishXMLStreamReader(root);,return null;,517,
org/codehaus/jettison/badgerfish/BadgerFishXMLInputFactory.java,31,RemoveMethod,public XMLStreamReader createXMLStreamReader(JSONTokener tokener) throws XMLStreamException {,public XMLStreamReader createXMLStreamReader(JSONTokener tokener) throws XMLStreamException {,518,
org/codehaus/jettison/badgerfish/BadgerFishXMLOutputFactory.java,31,NullifyInputVariable,public XMLStreamWriter createXMLStreamWriter(Writer writer) throws XMLStreamException {,public XMLStreamWriter createXMLStreamWriter(Writer writer) throws XMLStreamException { writer = null;,519,
org/codehaus/jettison/badgerfish/BadgerFishXMLOutputFactory.java,32,NullifyObjectInitialization,return new BadgerFishXMLStreamWriter(writer);,return null;,520,
org/codehaus/jettison/badgerfish/BadgerFishXMLOutputFactory.java,32,NullifyReturnValue,return new BadgerFishXMLStreamWriter(writer);,return null;,521,
org/codehaus/jettison/badgerfish/BadgerFishXMLOutputFactory.java,31,RemoveMethod,public XMLStreamWriter createXMLStreamWriter(Writer writer) throws XMLStreamException {,public XMLStreamWriter createXMLStreamWriter(Writer writer) throws XMLStreamException {,522,
org/codehaus/jettison/badgerfish/BadgerFishXMLStreamReader.java,63,ArithmeticOperatorReplacementShortcut,idx++;,idx--;,523,
org/codehaus/jettison/badgerfish/BadgerFishXMLStreamReader.java,98,ArithmeticOperatorReplacementShortcut,for (int i = 0; i < arr.length(); i++) {,for (int i = 0; i < arr.length(); i--) {,524,
org/codehaus/jettison/badgerfish/BadgerFishXMLStreamReader.java,47,ConditionalOperatorReplacement,if (event == END_ELEMENT && nodes.size() != 0) {,if (event == END_ELEMENT || nodes.size() != 0) {,525,
org/codehaus/jettison/badgerfish/BadgerFishXMLStreamReader.java,51,ConditionalOperatorReplacement,if (node.getArray() != null,if (node.getArray() != null,526,
org/codehaus/jettison/badgerfish/BadgerFishXMLStreamReader.java,65,ConditionalOperatorReplacement,} else if (node.getKeys() != null && node.getKeys().hasNext()) {,} else if (node.getKeys() != null || node.getKeys().hasNext()) {,527,
org/codehaus/jettison/badgerfish/BadgerFishXMLStreamReader.java,92,NullifyInputVariable,"private void processKey(String nextKey, Object newObj) throws JSONException, XMLStreamException {","private void processKey(String nextKey, Object newObj) throws JSONException, XMLStreamException { newObj = null;",528,
org/codehaus/jettison/badgerfish/BadgerFishXMLStreamReader.java,92,NullifyInputVariable,"private void processKey(String nextKey, Object newObj) throws JSONException, XMLStreamException {","private void processKey(String nextKey, Object newObj) throws JSONException, XMLStreamException { nextKey = null;",529,
org/codehaus/jettison/badgerfish/BadgerFishXMLStreamReader.java,30,NullifyObjectInitialization,private static final BadgerFishConvention CONVENTION = new BadgerFishConvention();,private static final BadgerFishConvention CONVENTION = null;,530,
org/codehaus/jettison/badgerfish/BadgerFishXMLStreamReader.java,37,NullifyObjectInitialization,"this.node = new Node(null, rootName, obj.getJSONObject(rootName), CONVENTION);",this.node = null;,531,
org/codehaus/jettison/badgerfish/BadgerFishXMLStreamReader.java,38,NullifyObjectInitialization,this.nodes = new FastStack();,this.nodes = null;,532,
org/codehaus/jettison/badgerfish/BadgerFishXMLStreamReader.java,60,NullifyObjectInitialization,throw new XMLStreamException(e);,throw null;,533,
org/codehaus/jettison/badgerfish/BadgerFishXMLStreamReader.java,88,NullifyObjectInitialization,throw new XMLStreamException(e);,throw null;,534,
org/codehaus/jettison/badgerfish/BadgerFishXMLStreamReader.java,97,NullifyObjectInitialization,StringBuilder buf = new StringBuilder();,StringBuilder buf = null;,535,
org/codehaus/jettison/badgerfish/BadgerFishXMLStreamReader.java,107,NullifyObjectInitialization,"node = new Node((Node)nodes.peek(), nextKey, (JSONObject) newObj, CONVENTION);",node = null;,536,
org/codehaus/jettison/badgerfish/BadgerFishXMLStreamReader.java,127,NullifyObjectInitialization,"throw new JSONException(""Element ["" + nextKey + ""] did not contain object, array or text content."");",throw null;,537,
org/codehaus/jettison/badgerfish/BadgerFishXMLStreamReader.java,135,NullifyReturnValue,return null;,return null;,538,
org/codehaus/jettison/badgerfish/BadgerFishXMLStreamReader.java,139,NullifyReturnValue,return null;,return null;,539,
org/codehaus/jettison/badgerfish/BadgerFishXMLStreamReader.java,143,NullifyReturnValue,return currentText;,return null;,540,
org/codehaus/jettison/badgerfish/BadgerFishXMLStreamReader.java,147,NullifyReturnValue,return null;,return null;,541,
org/codehaus/jettison/badgerfish/BadgerFishXMLStreamReader.java,151,NullifyReturnValue,return currentText;,return null;,542,
org/codehaus/jettison/badgerfish/BadgerFishXMLStreamReader.java,44,RelationalOperatorReplacement,if (event == START_DOCUMENT) {,if (event != START_DOCUMENT) {,543,
org/codehaus/jettison/badgerfish/BadgerFishXMLStreamReader.java,47,RelationalOperatorReplacement,if (event == END_ELEMENT && nodes.size() != 0) {,if (event != END_ELEMENT && nodes.size() != 0) {,544,
org/codehaus/jettison/badgerfish/BadgerFishXMLStreamReader.java,47,RelationalOperatorReplacement,if (event == END_ELEMENT && nodes.size() != 0) {,if (event == END_ELEMENT && nodes.size() == 0) {,545,
org/codehaus/jettison/badgerfish/BadgerFishXMLStreamReader.java,51,RelationalOperatorReplacement,if (node.getArray() != null,if (node.getArray() == null,546,
org/codehaus/jettison/badgerfish/BadgerFishXMLStreamReader.java,52,RelationalOperatorReplacement,&& node.getArray().length() > node.getArrayIndex()) {,&& node.getArray().length() >= node.getArrayIndex()) {,547,
org/codehaus/jettison/badgerfish/BadgerFishXMLStreamReader.java,65,RelationalOperatorReplacement,} else if (node.getKeys() != null && node.getKeys().hasNext()) {,} else if (node.getKeys() == null && node.getKeys().hasNext()) {,548,
org/codehaus/jettison/badgerfish/BadgerFishXMLStreamReader.java,68,RelationalOperatorReplacement,if (nodes.size() != 0) {,if (nodes.size() == 0) {,549,
org/codehaus/jettison/badgerfish/BadgerFishXMLStreamReader.java,98,RelationalOperatorReplacement,for (int i = 0; i < arr.length(); i++) {,for (int i = 0; i <= arr.length(); i++) {,550,
org/codehaus/jettison/badgerfish/BadgerFishXMLStreamReader.java,103,RelationalOperatorReplacement,currentText = newObj == null ? null : newObj.toString();,currentText = newObj != null ? null : newObj.toString();,551,
org/codehaus/jettison/badgerfish/BadgerFishXMLStreamReader.java,114,RelationalOperatorReplacement,if (arr.length() == 0) {,if (arr.length() != 0) {,552,
org/codehaus/jettison/badgerfish/BadgerFishXMLStreamReader.java,43,RemoveMethod,public int next() throws XMLStreamException {,public int next() throws XMLStreamException {,553,
org/codehaus/jettison/badgerfish/BadgerFishXMLStreamReader.java,43,RemoveMethod,public int next() throws XMLStreamException {,public int next() throws XMLStreamException {,554,
org/codehaus/jettison/badgerfish/BadgerFishXMLStreamReader.java,80,RemoveMethod,private void processElement() throws XMLStreamException {,private void processElement() throws XMLStreamException {,555,
org/codehaus/jettison/badgerfish/BadgerFishXMLStreamReader.java,92,RemoveMethod,"private void processKey(String nextKey, Object newObj) throws JSONException, XMLStreamException {","private void processKey(String nextKey, Object newObj) throws JSONException, XMLStreamException {",556,
org/codehaus/jettison/badgerfish/BadgerFishXMLStreamReader.java,131,RemoveMethod,public void close() throws XMLStreamException {,public void close() throws XMLStreamException {,557,
org/codehaus/jettison/badgerfish/BadgerFishXMLStreamReader.java,134,RemoveMethod,public String getAttributeType(int arg0) {,public String getAttributeType(int arg0) {,558,
org/codehaus/jettison/badgerfish/BadgerFishXMLStreamReader.java,134,RemoveMethod,public String getAttributeType(int arg0) {,public String getAttributeType(int arg0) {,559,
org/codehaus/jettison/badgerfish/BadgerFishXMLStreamReader.java,138,RemoveMethod,public String getCharacterEncodingScheme() {,public String getCharacterEncodingScheme() {,560,
org/codehaus/jettison/badgerfish/BadgerFishXMLStreamReader.java,138,RemoveMethod,public String getCharacterEncodingScheme() {,public String getCharacterEncodingScheme() {,561,
org/codehaus/jettison/badgerfish/BadgerFishXMLStreamReader.java,142,RemoveMethod,public String getElementText() throws XMLStreamException {,public String getElementText() throws XMLStreamException {,562,
org/codehaus/jettison/badgerfish/BadgerFishXMLStreamReader.java,142,RemoveMethod,public String getElementText() throws XMLStreamException {,public String getElementText() throws XMLStreamException {,563,
org/codehaus/jettison/badgerfish/BadgerFishXMLStreamReader.java,146,RemoveMethod,public NamespaceContext getNamespaceContext() {,public NamespaceContext getNamespaceContext() {,564,
org/codehaus/jettison/badgerfish/BadgerFishXMLStreamReader.java,150,RemoveMethod,public String getText() {,public String getText() {,565,
org/codehaus/jettison/badgerfish/BadgerFishXMLStreamReader.java,150,RemoveMethod,public String getText() {,public String getText() {,566,
org/codehaus/jettison/badgerfish/BadgerFishXMLStreamReader.java,51,RemoveNullCheck,if (node.getArray() != null,if (true,567,
org/codehaus/jettison/badgerfish/BadgerFishXMLStreamReader.java,65,RemoveNullCheck,} else if (node.getKeys() != null && node.getKeys().hasNext()) {,} else if (true && node.getKeys().hasNext()) {,568,
org/codehaus/jettison/badgerfish/BadgerFishXMLStreamReader.java,103,RemoveNullCheck,currentText = newObj == null ? null : newObj.toString();,currentText = false ? null : newObj.toString();,569,
org/codehaus/jettison/badgerfish/BadgerFishXMLStreamWriter.java,110,ArithmeticOperatorReplacementBinary,"return p + "":"" + local;","return p + "":"" - local;",570,
org/codehaus/jettison/badgerfish/BadgerFishXMLStreamWriter.java,106,ConditionalOperatorReplacement,"if (p == null || p.equals("""")) {","if (p == null && p.equals("""")) {",571,
org/codehaus/jettison/badgerfish/BadgerFishXMLStreamWriter.java,73,NullifyInputVariable,public String getPrefix(String ns) throws XMLStreamException {,public String getPrefix(String ns) throws XMLStreamException { ns = null;,572,
org/codehaus/jettison/badgerfish/BadgerFishXMLStreamWriter.java,77,NullifyInputVariable,public Object getProperty(String arg0) throws IllegalArgumentException {,public Object getProperty(String arg0) throws IllegalArgumentException { arg0 = null;,573,
org/codehaus/jettison/badgerfish/BadgerFishXMLStreamWriter.java,81,NullifyInputVariable,public void setDefaultNamespace(String arg0) throws XMLStreamException {,public void setDefaultNamespace(String arg0) throws XMLStreamException { arg0 = null;,574,
org/codehaus/jettison/badgerfish/BadgerFishXMLStreamWriter.java,84,NullifyInputVariable,public void setNamespaceContext(NamespaceContext context) throws XMLStreamException {,public void setNamespaceContext(NamespaceContext context) throws XMLStreamException { context = null;,575,
org/codehaus/jettison/badgerfish/BadgerFishXMLStreamWriter.java,88,NullifyInputVariable,"public void setPrefix(String arg0, String arg1) throws XMLStreamException {","public void setPrefix(String arg0, String arg1) throws XMLStreamException { arg1 = null;",576,
org/codehaus/jettison/badgerfish/BadgerFishXMLStreamWriter.java,88,NullifyInputVariable,"public void setPrefix(String arg0, String arg1) throws XMLStreamException {","public void setPrefix(String arg0, String arg1) throws XMLStreamException { arg0 = null;",577,
org/codehaus/jettison/badgerfish/BadgerFishXMLStreamWriter.java,92,NullifyInputVariable,"public void writeAttribute(String p, String ns, String local, String value) throws XMLStreamException {","public void writeAttribute(String p, String ns, String local, String value) throws XMLStreamException { value = null;",578,
org/codehaus/jettison/badgerfish/BadgerFishXMLStreamWriter.java,92,NullifyInputVariable,"public void writeAttribute(String p, String ns, String local, String value) throws XMLStreamException {","public void writeAttribute(String p, String ns, String local, String value) throws XMLStreamException { local = null;",579,
org/codehaus/jettison/badgerfish/BadgerFishXMLStreamWriter.java,92,NullifyInputVariable,"public void writeAttribute(String p, String ns, String local, String value) throws XMLStreamException {","public void writeAttribute(String p, String ns, String local, String value) throws XMLStreamException { ns = null;",580,
org/codehaus/jettison/badgerfish/BadgerFishXMLStreamWriter.java,92,NullifyInputVariable,"public void writeAttribute(String p, String ns, String local, String value) throws XMLStreamException {","public void writeAttribute(String p, String ns, String local, String value) throws XMLStreamException { p = null;",581,
org/codehaus/jettison/badgerfish/BadgerFishXMLStreamWriter.java,101,NullifyInputVariable,"private String createAttributeKey(String p, String ns, String local) {","private String createAttributeKey(String p, String ns, String local) { local = null;",582,
org/codehaus/jettison/badgerfish/BadgerFishXMLStreamWriter.java,101,NullifyInputVariable,"private String createAttributeKey(String p, String ns, String local) {","private String createAttributeKey(String p, String ns, String local) { ns = null;",583,
org/codehaus/jettison/badgerfish/BadgerFishXMLStreamWriter.java,101,NullifyInputVariable,"private String createAttributeKey(String p, String ns, String local) {","private String createAttributeKey(String p, String ns, String local) { p = null;",584,
org/codehaus/jettison/badgerfish/BadgerFishXMLStreamWriter.java,105,NullifyInputVariable,"private String createKey(String p, String ns, String local) {","private String createKey(String p, String ns, String local) { local = null;",585,
org/codehaus/jettison/badgerfish/BadgerFishXMLStreamWriter.java,105,NullifyInputVariable,"private String createKey(String p, String ns, String local) {","private String createKey(String p, String ns, String local) { ns = null;",586,
org/codehaus/jettison/badgerfish/BadgerFishXMLStreamWriter.java,105,NullifyInputVariable,"private String createKey(String p, String ns, String local) {","private String createKey(String p, String ns, String local) { p = null;",587,
org/codehaus/jettison/badgerfish/BadgerFishXMLStreamWriter.java,113,NullifyInputVariable,"public void writeAttribute(String ns, String local, String value) throws XMLStreamException {","public void writeAttribute(String ns, String local, String value) throws XMLStreamException { value = null;",588,
org/codehaus/jettison/badgerfish/BadgerFishXMLStreamWriter.java,113,NullifyInputVariable,"public void writeAttribute(String ns, String local, String value) throws XMLStreamException {","public void writeAttribute(String ns, String local, String value) throws XMLStreamException { local = null;",589,
org/codehaus/jettison/badgerfish/BadgerFishXMLStreamWriter.java,113,NullifyInputVariable,"public void writeAttribute(String ns, String local, String value) throws XMLStreamException {","public void writeAttribute(String ns, String local, String value) throws XMLStreamException { ns = null;",590,
org/codehaus/jettison/badgerfish/BadgerFishXMLStreamWriter.java,117,NullifyInputVariable,"public void writeAttribute(String local, String value) throws XMLStreamException {","public void writeAttribute(String local, String value) throws XMLStreamException { value = null;",591,
org/codehaus/jettison/badgerfish/BadgerFishXMLStreamWriter.java,117,NullifyInputVariable,"public void writeAttribute(String local, String value) throws XMLStreamException {","public void writeAttribute(String local, String value) throws XMLStreamException { local = null;",592,
org/codehaus/jettison/badgerfish/BadgerFishXMLStreamWriter.java,121,NullifyInputVariable,public void writeCharacters(String text) throws XMLStreamException {,public void writeCharacters(String text) throws XMLStreamException { text = null;,593,
org/codehaus/jettison/badgerfish/BadgerFishXMLStreamWriter.java,143,NullifyInputVariable,public void writeDefaultNamespace(String ns) throws XMLStreamException {,public void writeDefaultNamespace(String ns) throws XMLStreamException { ns = null;,594,
org/codehaus/jettison/badgerfish/BadgerFishXMLStreamWriter.java,154,NullifyInputVariable,public void writeEntityRef(String arg0) throws XMLStreamException {,public void writeEntityRef(String arg0) throws XMLStreamException { arg0 = null;,595,
org/codehaus/jettison/badgerfish/BadgerFishXMLStreamWriter.java,159,NullifyInputVariable,"public void writeNamespace(String prefix, String ns) throws XMLStreamException {","public void writeNamespace(String prefix, String ns) throws XMLStreamException { ns = null;",596,
org/codehaus/jettison/badgerfish/BadgerFishXMLStreamWriter.java,159,NullifyInputVariable,"public void writeNamespace(String prefix, String ns) throws XMLStreamException {","public void writeNamespace(String prefix, String ns) throws XMLStreamException { prefix = null;",597,
org/codehaus/jettison/badgerfish/BadgerFishXMLStreamWriter.java,176,NullifyInputVariable,"public void writeProcessingInstruction(String arg0, String arg1) throws XMLStreamException {","public void writeProcessingInstruction(String arg0, String arg1) throws XMLStreamException { arg1 = null;",598,
org/codehaus/jettison/badgerfish/BadgerFishXMLStreamWriter.java,176,NullifyInputVariable,"public void writeProcessingInstruction(String arg0, String arg1) throws XMLStreamException {","public void writeProcessingInstruction(String arg0, String arg1) throws XMLStreamException { arg0 = null;",599,
org/codehaus/jettison/badgerfish/BadgerFishXMLStreamWriter.java,181,NullifyInputVariable,public void writeProcessingInstruction(String arg0) throws XMLStreamException {,public void writeProcessingInstruction(String arg0) throws XMLStreamException { arg0 = null;,600,
org/codehaus/jettison/badgerfish/BadgerFishXMLStreamWriter.java,201,NullifyInputVariable,"public void writeStartElement(String prefix, String local, String ns) throws XMLStreamException {","public void writeStartElement(String prefix, String local, String ns) throws XMLStreamException { ns = null;",601,
org/codehaus/jettison/badgerfish/BadgerFishXMLStreamWriter.java,201,NullifyInputVariable,"public void writeStartElement(String prefix, String local, String ns) throws XMLStreamException {","public void writeStartElement(String prefix, String local, String ns) throws XMLStreamException { local = null;",602,
org/codehaus/jettison/badgerfish/BadgerFishXMLStreamWriter.java,201,NullifyInputVariable,"public void writeStartElement(String prefix, String local, String ns) throws XMLStreamException {","public void writeStartElement(String prefix, String local, String ns) throws XMLStreamException { prefix = null;",603,
org/codehaus/jettison/badgerfish/BadgerFishXMLStreamWriter.java,41,NullifyObjectInitialization,"this(writer, new JSONObject());","this(writer, null);",604,
org/codehaus/jettison/badgerfish/BadgerFishXMLStreamWriter.java,46,NullifyObjectInitialization,"this(writer, new JSONObject(), new FastStack());","this(writer, null, new FastStack());",605,
org/codehaus/jettison/badgerfish/BadgerFishXMLStreamWriter.java,46,NullifyObjectInitialization,"this(writer, new JSONObject(), new FastStack());","this(writer, new JSONObject(), null);",606,
org/codehaus/jettison/badgerfish/BadgerFishXMLStreamWriter.java,57,NullifyObjectInitialization,this.ctx = new XsonNamespaceContext(nodes);,this.ctx = null;,607,
org/codehaus/jettison/badgerfish/BadgerFishXMLStreamWriter.java,97,NullifyObjectInitialization,throw new XMLStreamException(e);,throw null;,608,
org/codehaus/jettison/badgerfish/BadgerFishXMLStreamWriter.java,131,NullifyObjectInitialization,JSONArray arr = new JSONArray();,JSONArray arr = null;,609,
org/codehaus/jettison/badgerfish/BadgerFishXMLStreamWriter.java,139,NullifyObjectInitialization,throw new XMLStreamException(e);,throw null;,610,
org/codehaus/jettison/badgerfish/BadgerFishXMLStreamWriter.java,164,NullifyObjectInitialization,nsObj = new JSONObject();,nsObj = null;,611,
org/codehaus/jettison/badgerfish/BadgerFishXMLStreamWriter.java,172,NullifyObjectInitialization,throw new XMLStreamException(e);,throw null;,612,
org/codehaus/jettison/badgerfish/BadgerFishXMLStreamWriter.java,195,NullifyObjectInitialization,throw new XMLStreamException(e);,throw null;,613,
org/codehaus/jettison/badgerfish/BadgerFishXMLStreamWriter.java,197,NullifyObjectInitialization,throw new XMLStreamException(e);,throw null;,614,
org/codehaus/jettison/badgerfish/BadgerFishXMLStreamWriter.java,209,NullifyObjectInitialization,JSONArray array = new JSONArray();,JSONArray array = null;,615,
org/codehaus/jettison/badgerfish/BadgerFishXMLStreamWriter.java,212,NullifyObjectInitialization,JSONObject newCurrent = new JSONObject();,JSONObject newCurrent = null;,616,
org/codehaus/jettison/badgerfish/BadgerFishXMLStreamWriter.java,218,NullifyObjectInitialization,Node node = new Node(currentNode);,Node node = null;,617,
org/codehaus/jettison/badgerfish/BadgerFishXMLStreamWriter.java,221,NullifyObjectInitialization,JSONObject newCurrent = new JSONObject();,JSONObject newCurrent = null;,618,
org/codehaus/jettison/badgerfish/BadgerFishXMLStreamWriter.java,230,NullifyObjectInitialization,Node node = new Node(currentNode);,Node node = null;,619,
org/codehaus/jettison/badgerfish/BadgerFishXMLStreamWriter.java,234,NullifyObjectInitialization,"throw new XMLStreamException(""Could not write start element!"", e);",throw null;,620,
org/codehaus/jettison/badgerfish/BadgerFishXMLStreamWriter.java,70,NullifyReturnValue,return ctx;,return null;,621,
org/codehaus/jettison/badgerfish/BadgerFishXMLStreamWriter.java,74,NullifyReturnValue,return getNamespaceContext().getPrefix(ns);,return null;,622,
org/codehaus/jettison/badgerfish/BadgerFishXMLStreamWriter.java,78,NullifyReturnValue,return null;,return null;,623,
org/codehaus/jettison/badgerfish/BadgerFishXMLStreamWriter.java,102,NullifyReturnValue,"return ""@"" + createKey(p, ns, local);",return null;,624,
org/codehaus/jettison/badgerfish/BadgerFishXMLStreamWriter.java,107,NullifyReturnValue,return local;,return null;,625,
org/codehaus/jettison/badgerfish/BadgerFishXMLStreamWriter.java,110,NullifyReturnValue,"return p + "":"" + local;",return null;,626,
org/codehaus/jettison/badgerfish/BadgerFishXMLStreamWriter.java,239,NullifyReturnValue,return currentNode;,return null;,627,
org/codehaus/jettison/badgerfish/BadgerFishXMLStreamWriter.java,243,NullifyReturnValue,return nodes;,return null;,628,
org/codehaus/jettison/badgerfish/BadgerFishXMLStreamWriter.java,106,RelationalOperatorReplacement,"if (p == null || p.equals("""")) {","if (p != null || p.equals("""")) {",629,
org/codehaus/jettison/badgerfish/BadgerFishXMLStreamWriter.java,123,RelationalOperatorReplacement,if (text.length() == 0) {,if (text.length() != 0) {,630,
org/codehaus/jettison/badgerfish/BadgerFishXMLStreamWriter.java,148,RelationalOperatorReplacement,if (getNodes().size() > 1) {,if (getNodes().size() >= 1) {,631,
org/codehaus/jettison/badgerfish/BadgerFishXMLStreamWriter.java,163,RelationalOperatorReplacement,if (nsObj == null) {,if (nsObj != null) {,632,
org/codehaus/jettison/badgerfish/BadgerFishXMLStreamWriter.java,62,RemoveMethod,public void close() throws XMLStreamException {,public void close() throws XMLStreamException {,633,
org/codehaus/jettison/badgerfish/BadgerFishXMLStreamWriter.java,65,RemoveMethod,public void flush() throws XMLStreamException {,public void flush() throws XMLStreamException {,634,
org/codehaus/jettison/badgerfish/BadgerFishXMLStreamWriter.java,69,RemoveMethod,public NamespaceContext getNamespaceContext() {,public NamespaceContext getNamespaceContext() {,635,
org/codehaus/jettison/badgerfish/BadgerFishXMLStreamWriter.java,73,RemoveMethod,public String getPrefix(String ns) throws XMLStreamException {,public String getPrefix(String ns) throws XMLStreamException {,636,
org/codehaus/jettison/badgerfish/BadgerFishXMLStreamWriter.java,73,RemoveMethod,public String getPrefix(String ns) throws XMLStreamException {,public String getPrefix(String ns) throws XMLStreamException {,637,
org/codehaus/jettison/badgerfish/BadgerFishXMLStreamWriter.java,77,RemoveMethod,public Object getProperty(String arg0) throws IllegalArgumentException {,public Object getProperty(String arg0) throws IllegalArgumentException {,638,
org/codehaus/jettison/badgerfish/BadgerFishXMLStreamWriter.java,81,RemoveMethod,public void setDefaultNamespace(String arg0) throws XMLStreamException {,public void setDefaultNamespace(String arg0) throws XMLStreamException {,639,
org/codehaus/jettison/badgerfish/BadgerFishXMLStreamWriter.java,84,RemoveMethod,public void setNamespaceContext(NamespaceContext context) throws XMLStreamException {,public void setNamespaceContext(NamespaceContext context) throws XMLStreamException {,640,
org/codehaus/jettison/badgerfish/BadgerFishXMLStreamWriter.java,88,RemoveMethod,"public void setPrefix(String arg0, String arg1) throws XMLStreamException {","public void setPrefix(String arg0, String arg1) throws XMLStreamException {",641,
org/codehaus/jettison/badgerfish/BadgerFishXMLStreamWriter.java,92,RemoveMethod,"public void writeAttribute(String p, String ns, String local, String value) throws XMLStreamException {","public void writeAttribute(String p, String ns, String local, String value) throws XMLStreamException {",642,
org/codehaus/jettison/badgerfish/BadgerFishXMLStreamWriter.java,101,RemoveMethod,"private String createAttributeKey(String p, String ns, String local) {","private String createAttributeKey(String p, String ns, String local) {",643,
org/codehaus/jettison/badgerfish/BadgerFishXMLStreamWriter.java,101,RemoveMethod,"private String createAttributeKey(String p, String ns, String local) {","private String createAttributeKey(String p, String ns, String local) {",644,
org/codehaus/jettison/badgerfish/BadgerFishXMLStreamWriter.java,105,RemoveMethod,"private String createKey(String p, String ns, String local) {","private String createKey(String p, String ns, String local) {",645,
org/codehaus/jettison/badgerfish/BadgerFishXMLStreamWriter.java,105,RemoveMethod,"private String createKey(String p, String ns, String local) {","private String createKey(String p, String ns, String local) {",646,
org/codehaus/jettison/badgerfish/BadgerFishXMLStreamWriter.java,113,RemoveMethod,"public void writeAttribute(String ns, String local, String value) throws XMLStreamException {","public void writeAttribute(String ns, String local, String value) throws XMLStreamException {",647,
org/codehaus/jettison/badgerfish/BadgerFishXMLStreamWriter.java,117,RemoveMethod,"public void writeAttribute(String local, String value) throws XMLStreamException {","public void writeAttribute(String local, String value) throws XMLStreamException {",648,
org/codehaus/jettison/badgerfish/BadgerFishXMLStreamWriter.java,121,RemoveMethod,public void writeCharacters(String text) throws XMLStreamException {,public void writeCharacters(String text) throws XMLStreamException {,649,
org/codehaus/jettison/badgerfish/BadgerFishXMLStreamWriter.java,143,RemoveMethod,public void writeDefaultNamespace(String ns) throws XMLStreamException {,public void writeDefaultNamespace(String ns) throws XMLStreamException {,650,
org/codehaus/jettison/badgerfish/BadgerFishXMLStreamWriter.java,147,RemoveMethod,public void writeEndElement() throws XMLStreamException {,public void writeEndElement() throws XMLStreamException {,651,
org/codehaus/jettison/badgerfish/BadgerFishXMLStreamWriter.java,154,RemoveMethod,public void writeEntityRef(String arg0) throws XMLStreamException {,public void writeEntityRef(String arg0) throws XMLStreamException {,652,
org/codehaus/jettison/badgerfish/BadgerFishXMLStreamWriter.java,159,RemoveMethod,"public void writeNamespace(String prefix, String ns) throws XMLStreamException {","public void writeNamespace(String prefix, String ns) throws XMLStreamException {",653,
org/codehaus/jettison/badgerfish/BadgerFishXMLStreamWriter.java,176,RemoveMethod,"public void writeProcessingInstruction(String arg0, String arg1) throws XMLStreamException {","public void writeProcessingInstruction(String arg0, String arg1) throws XMLStreamException {",654,
org/codehaus/jettison/badgerfish/BadgerFishXMLStreamWriter.java,181,RemoveMethod,public void writeProcessingInstruction(String arg0) throws XMLStreamException {,public void writeProcessingInstruction(String arg0) throws XMLStreamException {,655,
org/codehaus/jettison/badgerfish/BadgerFishXMLStreamWriter.java,186,RemoveMethod,public void writeStartDocument() throws XMLStreamException {,public void writeStartDocument() throws XMLStreamException {,656,
org/codehaus/jettison/badgerfish/BadgerFishXMLStreamWriter.java,190,RemoveMethod,public void writeEndDocument() throws XMLStreamException {,public void writeEndDocument() throws XMLStreamException {,657,
org/codehaus/jettison/badgerfish/BadgerFishXMLStreamWriter.java,201,RemoveMethod,"public void writeStartElement(String prefix, String local, String ns) throws XMLStreamException {","public void writeStartElement(String prefix, String local, String ns) throws XMLStreamException {",658,
org/codehaus/jettison/badgerfish/BadgerFishXMLStreamWriter.java,238,RemoveMethod,protected JSONObject getCurrentNode() {,protected JSONObject getCurrentNode() {,659,
org/codehaus/jettison/badgerfish/BadgerFishXMLStreamWriter.java,242,RemoveMethod,protected FastStack getNodes() {,protected FastStack getNodes() {,660,
org/codehaus/jettison/badgerfish/BadgerFishXMLStreamWriter.java,106,RemoveNullCheck,"if (p == null || p.equals("""")) {","if (false || p.equals("""")) {",661,
org/codehaus/jettison/badgerfish/BadgerFishXMLStreamWriter.java,163,RemoveNullCheck,if (nsObj == null) {,if (false) {,662,
org/codehaus/jettison/json/JSONArray.java,201,ArithmeticOperatorReplacementBinary,"iter.set(new JSONArray((Collection) e, recursionDepth + 1));","iter.set(new JSONArray((Collection) e, recursionDepth - 1));",663,
org/codehaus/jettison/json/JSONArray.java,824,ArithmeticOperatorReplacementBinary,"return '[' + join("","") + ']';","return '[' - join("","") + ']';",664,
org/codehaus/jettison/json/JSONArray.java,824,ArithmeticOperatorReplacementBinary,"return '[' + join("","") + ']';","return '[' + join("","") - ']';",665,
org/codehaus/jettison/json/JSONArray.java,868,ArithmeticOperatorReplacementBinary,int newindent = indent + indentFactor;,int newindent = indent - indentFactor;,666,
org/codehaus/jettison/json/JSONArray.java,368,AssignmentOperatorReplacementShortcut,for (int i = 0; i < len; i += 1) {,for (int i = 0; i < len; i -= 1) {,667,
org/codehaus/jettison/json/JSONArray.java,804,AssignmentOperatorReplacementShortcut,for (int i = 0; i < names.length(); i += 1) {,for (int i = 0; i < names.length(); i -= 1) {,668,
org/codehaus/jettison/json/JSONArray.java,870,AssignmentOperatorReplacementShortcut,for (i = 0; i < len; i += 1) {,for (i = 0; i < len; i -= 1) {,669,
org/codehaus/jettison/json/JSONArray.java,874,AssignmentOperatorReplacementShortcut,for (int j = 0; j < newindent; j += 1) {,for (int j = 0; j < newindent; j -= 1) {,670,
org/codehaus/jettison/json/JSONArray.java,881,AssignmentOperatorReplacementShortcut,for (i = 0; i < indent; i += 1) {,for (i = 0; i < indent; i -= 1) {,671,
org/codehaus/jettison/json/JSONArray.java,920,AssignmentOperatorReplacementShortcut,for (int i = 0; i < len; i += 1) {,for (int i = 0; i < len; i -= 1) {,672,
org/codehaus/jettison/json/JSONArray.java,236,ConditionalOperatorReplacement,if (o.equals(Boolean.FALSE) ||,if (o.equals(Boolean.FALSE) &&,673,
org/codehaus/jettison/json/JSONArray.java,237,ConditionalOperatorReplacement,(o instanceof String &&,(o instanceof String ||,674,
org/codehaus/jettison/json/JSONArray.java,240,ConditionalOperatorReplacement,} else if (o.equals(Boolean.TRUE) ||,} else if (o.equals(Boolean.TRUE) &&,675,
org/codehaus/jettison/json/JSONArray.java,241,ConditionalOperatorReplacement,(o instanceof String &&,(o instanceof String ||,676,
org/codehaus/jettison/json/JSONArray.java,395,ConditionalOperatorReplacement,return (index < 0 || index >= length()) ?,return (index < 0 && index >= length()) ?,677,
org/codehaus/jettison/json/JSONArray.java,800,ConditionalOperatorReplacement,if (names == null || names.length() == 0 || length() == 0) {,if (names == null && names.length() == 0 || length() == 0) {,678,
org/codehaus/jettison/json/JSONArray.java,800,ConditionalOperatorReplacement,if (names == null || names.length() == 0 || length() == 0) {,if (names == null || names.length() == 0 && length() == 0) {,679,
org/codehaus/jettison/json/JSONArray.java,364,NullifyInputVariable,public String join(String separator) throws JSONException {,public String join(String separator) throws JSONException { separator = null;,680,
org/codehaus/jettison/json/JSONArray.java,569,NullifyInputVariable,"public String optString(int index, String defaultValue) {","public String optString(int index, String defaultValue) { defaultValue = null;",681,
org/codehaus/jettison/json/JSONArray.java,594,NullifyInputVariable,public JSONArray put(Collection value) throws JSONException {,public JSONArray put(Collection value) throws JSONException { value = null;,682,
org/codehaus/jettison/json/JSONArray.java,646,NullifyInputVariable,public JSONArray put(Map value) throws JSONException {,public JSONArray put(Map value) throws JSONException { value = null;,683,
org/codehaus/jettison/json/JSONArray.java,659,NullifyInputVariable,public JSONArray put(Object value) {,public JSONArray put(Object value) { value = null;,684,
org/codehaus/jettison/json/JSONArray.java,664,NullifyInputVariable,public JSONArray remove(Object value) {,public JSONArray remove(Object value) { value = null;,685,
org/codehaus/jettison/json/JSONArray.java,694,NullifyInputVariable,"public JSONArray put(int index, Collection value) throws JSONException {","public JSONArray put(int index, Collection value) throws JSONException { value = null;",686,
org/codehaus/jettison/json/JSONArray.java,755,NullifyInputVariable,"public JSONArray put(int index, Map value) throws JSONException {","public JSONArray put(int index, Map value) throws JSONException { value = null;",687,
org/codehaus/jettison/json/JSONArray.java,773,NullifyInputVariable,"public JSONArray put(int index, Object value) throws JSONException {","public JSONArray put(int index, Object value) throws JSONException { value = null;",688,
org/codehaus/jettison/json/JSONArray.java,799,NullifyInputVariable,public JSONObject toJSONObject(JSONArray names) throws JSONException {,public JSONObject toJSONObject(JSONArray names) throws JSONException { names = null;,689,
org/codehaus/jettison/json/JSONArray.java,895,NullifyInputVariable,public boolean equals(Object obj) {,public boolean equals(Object obj) { obj = null;,690,
org/codehaus/jettison/json/JSONArray.java,913,NullifyInputVariable,public Writer write(Writer writer) throws JSONException {,public Writer write(Writer writer) throws JSONException { writer = null;,691,
org/codehaus/jettison/json/JSONArray.java,105,NullifyObjectInitialization,this.myArrayList = new ArrayList();,this.myArrayList = null;,692,
org/codehaus/jettison/json/JSONArray.java,113,NullifyObjectInitialization,this.myArrayList = new ArrayList(capacity);,this.myArrayList = null;,693,
org/codehaus/jettison/json/JSONArray.java,175,NullifyObjectInitialization,this(new JSONTokener(string));,this(null);,694,
org/codehaus/jettison/json/JSONArray.java,190,NullifyObjectInitialization,"throw new JSONException(""JSONArray has reached recursion depth limit of """,throw null;,695,
org/codehaus/jettison/json/JSONArray.java,195,NullifyObjectInitialization,new ArrayList() :,null :,696,
org/codehaus/jettison/json/JSONArray.java,196,NullifyObjectInitialization,new ArrayList(collection);,null;,697,
org/codehaus/jettison/json/JSONArray.java,201,NullifyObjectInitialization,"iter.set(new JSONArray((Collection) e, recursionDepth + 1));",iter.set(null);,698,
org/codehaus/jettison/json/JSONArray.java,204,NullifyObjectInitialization,iter.set(new JSONObject((Map) e));,iter.set(null);,699,
org/codehaus/jettison/json/JSONArray.java,219,NullifyObjectInitialization,"throw new JSONException(""JSONArray["" + index + ""] not found."");",throw null;,700,
org/codehaus/jettison/json/JSONArray.java,245,NullifyObjectInitialization,"throw new JSONException(""JSONArray["" + index + ""] is not a Boolean."");",throw null;,701,
org/codehaus/jettison/json/JSONArray.java,264,NullifyObjectInitialization,"throw new JSONException(""JSONArray["" + index +",throw null;,702,
org/codehaus/jettison/json/JSONArray.java,298,NullifyObjectInitialization,"throw new JSONException(""JSONArray["" + index +",throw null;,703,
org/codehaus/jettison/json/JSONArray.java,315,NullifyObjectInitialization,"throw new JSONException(""JSONArray["" + index +",throw null;,704,
org/codehaus/jettison/json/JSONArray.java,366,NullifyObjectInitialization,StringBuilder sb = new StringBuilder();,StringBuilder sb = null;,705,
org/codehaus/jettison/json/JSONArray.java,595,NullifyObjectInitialization,put(new JSONArray(value));,put(null);,706,
org/codehaus/jettison/json/JSONArray.java,608,NullifyObjectInitialization,Double d = new Double(value);,Double d = null;,707,
org/codehaus/jettison/json/JSONArray.java,647,NullifyObjectInitialization,put(new JSONObject(value));,put(null);,708,
org/codehaus/jettison/json/JSONArray.java,695,NullifyObjectInitialization,"put(index, new JSONArray(value));","put(index, null);",709,
org/codehaus/jettison/json/JSONArray.java,711,NullifyObjectInitialization,"put(index, new Double(value));","put(index, null);",710,
org/codehaus/jettison/json/JSONArray.java,756,NullifyObjectInitialization,"put(index, new JSONObject(value));","put(index, null);",711,
org/codehaus/jettison/json/JSONArray.java,776,NullifyObjectInitialization,"throw new JSONException(""JSONArray["" + index + ""] not found."");",throw null;,712,
org/codehaus/jettison/json/JSONArray.java,803,NullifyObjectInitialization,JSONObject jo = new JSONObject();,JSONObject jo = null;,713,
org/codehaus/jettison/json/JSONArray.java,863,NullifyObjectInitialization,"StringBuilder sb = new StringBuilder(""["");",StringBuilder sb = null;,714,
org/codehaus/jettison/json/JSONArray.java,937,NullifyObjectInitialization,throw new JSONException(e);,throw null;,715,
org/codehaus/jettison/json/JSONArray.java,221,NullifyReturnValue,return o;,return null;,716,
org/codehaus/jettison/json/JSONArray.java,296,NullifyReturnValue,return (JSONArray)o;,return null;,717,
org/codehaus/jettison/json/JSONArray.java,313,NullifyReturnValue,return (JSONObject)o;,return null;,718,
org/codehaus/jettison/json/JSONArray.java,342,NullifyReturnValue,return get(index).toString();,return null;,719,
org/codehaus/jettison/json/JSONArray.java,374,NullifyReturnValue,return sb.toString();,return null;,720,
org/codehaus/jettison/json/JSONArray.java,395,NullifyReturnValue,return (index < 0 || index >= length()) ?,return null;,721,
org/codehaus/jettison/json/JSONArray.java,500,NullifyReturnValue,return o instanceof JSONArray ? (JSONArray)o : null;,return null;,722,
org/codehaus/jettison/json/JSONArray.java,514,NullifyReturnValue,return o instanceof JSONObject ? (JSONObject)o : null;,return null;,723,
org/codehaus/jettison/json/JSONArray.java,557,NullifyReturnValue,"return optString(index, """");",return null;,724,
org/codehaus/jettison/json/JSONArray.java,571,NullifyReturnValue,return o != null ? o.toString() : defaultValue;,return null;,725,
org/codehaus/jettison/json/JSONArray.java,583,NullifyReturnValue,return this;,return null;,726,
org/codehaus/jettison/json/JSONArray.java,596,NullifyReturnValue,return this;,return null;,727,
org/codehaus/jettison/json/JSONArray.java,611,NullifyReturnValue,return this;,return null;,728,
org/codehaus/jettison/json/JSONArray.java,623,NullifyReturnValue,return this;,return null;,729,
org/codehaus/jettison/json/JSONArray.java,635,NullifyReturnValue,return this;,return null;,730,
org/codehaus/jettison/json/JSONArray.java,648,NullifyReturnValue,return this;,return null;,731,
org/codehaus/jettison/json/JSONArray.java,661,NullifyReturnValue,return this;,return null;,732,
org/codehaus/jettison/json/JSONArray.java,666,NullifyReturnValue,return this;,return null;,733,
org/codehaus/jettison/json/JSONArray.java,681,NullifyReturnValue,return this;,return null;,734,
org/codehaus/jettison/json/JSONArray.java,696,NullifyReturnValue,return this;,return null;,735,
org/codehaus/jettison/json/JSONArray.java,712,NullifyReturnValue,return this;,return null;,736,
org/codehaus/jettison/json/JSONArray.java,727,NullifyReturnValue,return this;,return null;,737,
org/codehaus/jettison/json/JSONArray.java,742,NullifyReturnValue,return this;,return null;,738,
org/codehaus/jettison/json/JSONArray.java,757,NullifyReturnValue,return this;,return null;,739,
org/codehaus/jettison/json/JSONArray.java,786,NullifyReturnValue,return this;,return null;,740,
org/codehaus/jettison/json/JSONArray.java,801,NullifyReturnValue,return null;,return null;,741,
org/codehaus/jettison/json/JSONArray.java,807,NullifyReturnValue,return jo;,return null;,742,
org/codehaus/jettison/json/JSONArray.java,824,NullifyReturnValue,"return '[' + join("","") + ']';",return null;,743,
org/codehaus/jettison/json/JSONArray.java,826,NullifyReturnValue,return null;,return null;,744,
org/codehaus/jettison/json/JSONArray.java,843,NullifyReturnValue,"return toString(indentFactor, 0);",return null;,745,
org/codehaus/jettison/json/JSONArray.java,860,NullifyReturnValue,"return ""[]"";",return null;,746,
org/codehaus/jettison/json/JSONArray.java,886,NullifyReturnValue,return sb.toString();,return null;,747,
org/codehaus/jettison/json/JSONArray.java,935,NullifyReturnValue,return writer;,return null;,748,
org/codehaus/jettison/json/JSONArray.java,123,RelationalOperatorReplacement,if (x.nextClean() != '[') {,if (x.nextClean() == '[') {,749,
org/codehaus/jettison/json/JSONArray.java,127,RelationalOperatorReplacement,if (c == 0) {,if (c != 0) {,750,
org/codehaus/jettison/json/JSONArray.java,129,RelationalOperatorReplacement,"} else if (c == ',') {","} else if (c != ',') {",751,
org/codehaus/jettison/json/JSONArray.java,132,RelationalOperatorReplacement,if (c == ']') {,if (c != ']') {,752,
org/codehaus/jettison/json/JSONArray.java,137,RelationalOperatorReplacement,"if (x.nextClean() == ',') {","if (x.nextClean() != ',') {",753,
org/codehaus/jettison/json/JSONArray.java,138,RelationalOperatorReplacement,if (c == '[') {,if (c != '[') {,754,
org/codehaus/jettison/json/JSONArray.java,151,RelationalOperatorReplacement,if (nextClean == 0) {,if (nextClean != 0) {,755,
org/codehaus/jettison/json/JSONArray.java,153,RelationalOperatorReplacement,} else if (nextClean == ']') {,} else if (nextClean != ']') {,756,
org/codehaus/jettison/json/JSONArray.java,189,RelationalOperatorReplacement,if (recursionDepth > JSONObject.getGlobalRecursionDepthLimit()) {,if (recursionDepth >= JSONObject.getGlobalRecursionDepthLimit()) {,757,
org/codehaus/jettison/json/JSONArray.java,194,RelationalOperatorReplacement,this.myArrayList = (collection == null) ?,this.myArrayList = (collection != null) ?,758,
org/codehaus/jettison/json/JSONArray.java,218,RelationalOperatorReplacement,if (o == null) {,if (o != null) {,759,
org/codehaus/jettison/json/JSONArray.java,368,RelationalOperatorReplacement,for (int i = 0; i < len; i += 1) {,for (int i = 0; i <= len; i += 1) {,760,
org/codehaus/jettison/json/JSONArray.java,369,RelationalOperatorReplacement,if (i > 0) {,if (i >= 0) {,761,
org/codehaus/jettison/json/JSONArray.java,395,RelationalOperatorReplacement,return (index < 0 || index >= length()) ?,return (index <= 0 || index >= length()) ?,762,
org/codehaus/jettison/json/JSONArray.java,395,RelationalOperatorReplacement,return (index < 0 || index >= length()) ?,return (index < 0 || index > length()) ?,763,
org/codehaus/jettison/json/JSONArray.java,571,RelationalOperatorReplacement,return o != null ? o.toString() : defaultValue;,return o == null ? o.toString() : defaultValue;,764,
org/codehaus/jettison/json/JSONArray.java,775,RelationalOperatorReplacement,if (index < 0) {,if (index <= 0) {,765,
org/codehaus/jettison/json/JSONArray.java,778,RelationalOperatorReplacement,if (index < length()) {,if (index <= length()) {,766,
org/codehaus/jettison/json/JSONArray.java,781,RelationalOperatorReplacement,while (index != length()) {,while (index == length()) {,767,
org/codehaus/jettison/json/JSONArray.java,800,RelationalOperatorReplacement,if (names == null || names.length() == 0 || length() == 0) {,if (names != null || names.length() == 0 || length() == 0) {,768,
org/codehaus/jettison/json/JSONArray.java,800,RelationalOperatorReplacement,if (names == null || names.length() == 0 || length() == 0) {,if (names == null || names.length() != 0 || length() == 0) {,769,
org/codehaus/jettison/json/JSONArray.java,800,RelationalOperatorReplacement,if (names == null || names.length() == 0 || length() == 0) {,if (names == null || names.length() == 0 || length() != 0) {,770,
org/codehaus/jettison/json/JSONArray.java,804,RelationalOperatorReplacement,for (int i = 0; i < names.length(); i += 1) {,for (int i = 0; i <= names.length(); i += 1) {,771,
org/codehaus/jettison/json/JSONArray.java,859,RelationalOperatorReplacement,if (len == 0) {,if (len != 0) {,772,
org/codehaus/jettison/json/JSONArray.java,864,RelationalOperatorReplacement,if (len == 1) {,if (len != 1) {,773,
org/codehaus/jettison/json/JSONArray.java,870,RelationalOperatorReplacement,for (i = 0; i < len; i += 1) {,for (i = 0; i <= len; i += 1) {,774,
org/codehaus/jettison/json/JSONArray.java,871,RelationalOperatorReplacement,if (i > 0) {,if (i >= 0) {,775,
org/codehaus/jettison/json/JSONArray.java,874,RelationalOperatorReplacement,for (int j = 0; j < newindent; j += 1) {,for (int j = 0; j <= newindent; j += 1) {,776,
org/codehaus/jettison/json/JSONArray.java,881,RelationalOperatorReplacement,for (i = 0; i < indent; i += 1) {,for (i = 0; i <= indent; i += 1) {,777,
org/codehaus/jettison/json/JSONArray.java,920,RelationalOperatorReplacement,for (int i = 0; i < len; i += 1) {,for (int i = 0; i <= len; i += 1) {,778,
org/codehaus/jettison/json/JSONArray.java,93,RemoveMethod,public boolean isEscapeForwardSlashAlways() {,public boolean isEscapeForwardSlashAlways() {,779,
org/codehaus/jettison/json/JSONArray.java,93,RemoveMethod,public boolean isEscapeForwardSlashAlways() {,public boolean isEscapeForwardSlashAlways() {,780,
org/codehaus/jettison/json/JSONArray.java,97,RemoveMethod,public void setEscapeForwardSlashAlways(boolean escapeForwardSlashAlways) {,public void setEscapeForwardSlashAlways(boolean escapeForwardSlashAlways) {,781,
org/codehaus/jettison/json/JSONArray.java,216,RemoveMethod,public Object get(int index) throws JSONException {,public Object get(int index) throws JSONException {,782,
org/codehaus/jettison/json/JSONArray.java,234,RemoveMethod,public boolean getBoolean(int index) throws JSONException {,public boolean getBoolean(int index) throws JSONException {,783,
org/codehaus/jettison/json/JSONArray.java,234,RemoveMethod,public boolean getBoolean(int index) throws JSONException {,public boolean getBoolean(int index) throws JSONException {,784,
org/codehaus/jettison/json/JSONArray.java,257,RemoveMethod,public double getDouble(int index) throws JSONException {,public double getDouble(int index) throws JSONException {,785,
org/codehaus/jettison/json/JSONArray.java,257,RemoveMethod,public double getDouble(int index) throws JSONException {,public double getDouble(int index) throws JSONException {,786,
org/codehaus/jettison/json/JSONArray.java,279,RemoveMethod,public int getInt(int index) throws JSONException {,public int getInt(int index) throws JSONException {,787,
org/codehaus/jettison/json/JSONArray.java,279,RemoveMethod,public int getInt(int index) throws JSONException {,public int getInt(int index) throws JSONException {,788,
org/codehaus/jettison/json/JSONArray.java,293,RemoveMethod,public JSONArray getJSONArray(int index) throws JSONException {,public JSONArray getJSONArray(int index) throws JSONException {,789,
org/codehaus/jettison/json/JSONArray.java,310,RemoveMethod,public JSONObject getJSONObject(int index) throws JSONException {,public JSONObject getJSONObject(int index) throws JSONException {,790,
org/codehaus/jettison/json/JSONArray.java,328,RemoveMethod,public long getLong(int index) throws JSONException {,public long getLong(int index) throws JSONException {,791,
org/codehaus/jettison/json/JSONArray.java,328,RemoveMethod,public long getLong(int index) throws JSONException {,public long getLong(int index) throws JSONException {,792,
org/codehaus/jettison/json/JSONArray.java,341,RemoveMethod,public String getString(int index) throws JSONException {,public String getString(int index) throws JSONException {,793,
org/codehaus/jettison/json/JSONArray.java,341,RemoveMethod,public String getString(int index) throws JSONException {,public String getString(int index) throws JSONException {,794,
org/codehaus/jettison/json/JSONArray.java,351,RemoveMethod,public boolean isNull(int index) {,public boolean isNull(int index) {,795,
org/codehaus/jettison/json/JSONArray.java,351,RemoveMethod,public boolean isNull(int index) {,public boolean isNull(int index) {,796,
org/codehaus/jettison/json/JSONArray.java,364,RemoveMethod,public String join(String separator) throws JSONException {,public String join(String separator) throws JSONException {,797,
org/codehaus/jettison/json/JSONArray.java,364,RemoveMethod,public String join(String separator) throws JSONException {,public String join(String separator) throws JSONException {,798,
org/codehaus/jettison/json/JSONArray.java,383,RemoveMethod,public int length() {,public int length() {,799,
org/codehaus/jettison/json/JSONArray.java,383,RemoveMethod,public int length() {,public int length() {,800,
org/codehaus/jettison/json/JSONArray.java,394,RemoveMethod,public Object opt(int index) {,public Object opt(int index) {,801,
org/codehaus/jettison/json/JSONArray.java,408,RemoveMethod,public boolean optBoolean(int index) {,public boolean optBoolean(int index) {,802,
org/codehaus/jettison/json/JSONArray.java,408,RemoveMethod,public boolean optBoolean(int index) {,public boolean optBoolean(int index) {,803,
org/codehaus/jettison/json/JSONArray.java,422,RemoveMethod,"public boolean optBoolean(int index, boolean defaultValue) {","public boolean optBoolean(int index, boolean defaultValue) {",804,
org/codehaus/jettison/json/JSONArray.java,422,RemoveMethod,"public boolean optBoolean(int index, boolean defaultValue) {","public boolean optBoolean(int index, boolean defaultValue) {",805,
org/codehaus/jettison/json/JSONArray.java,439,RemoveMethod,public double optDouble(int index) {,public double optDouble(int index) {,806,
org/codehaus/jettison/json/JSONArray.java,439,RemoveMethod,public double optDouble(int index) {,public double optDouble(int index) {,807,
org/codehaus/jettison/json/JSONArray.java,453,RemoveMethod,"public double optDouble(int index, double defaultValue) {","public double optDouble(int index, double defaultValue) {",808,
org/codehaus/jettison/json/JSONArray.java,453,RemoveMethod,"public double optDouble(int index, double defaultValue) {","public double optDouble(int index, double defaultValue) {",809,
org/codehaus/jettison/json/JSONArray.java,470,RemoveMethod,public int optInt(int index) {,public int optInt(int index) {,810,
org/codehaus/jettison/json/JSONArray.java,470,RemoveMethod,public int optInt(int index) {,public int optInt(int index) {,811,
org/codehaus/jettison/json/JSONArray.java,483,RemoveMethod,"public int optInt(int index, int defaultValue) {","public int optInt(int index, int defaultValue) {",812,
org/codehaus/jettison/json/JSONArray.java,483,RemoveMethod,"public int optInt(int index, int defaultValue) {","public int optInt(int index, int defaultValue) {",813,
org/codehaus/jettison/json/JSONArray.java,498,RemoveMethod,public JSONArray optJSONArray(int index) {,public JSONArray optJSONArray(int index) {,814,
org/codehaus/jettison/json/JSONArray.java,512,RemoveMethod,public JSONObject optJSONObject(int index) {,public JSONObject optJSONObject(int index) {,815,
org/codehaus/jettison/json/JSONArray.java,526,RemoveMethod,public long optLong(int index) {,public long optLong(int index) {,816,
org/codehaus/jettison/json/JSONArray.java,526,RemoveMethod,public long optLong(int index) {,public long optLong(int index) {,817,
org/codehaus/jettison/json/JSONArray.java,539,RemoveMethod,"public long optLong(int index, long defaultValue) {","public long optLong(int index, long defaultValue) {",818,
org/codehaus/jettison/json/JSONArray.java,539,RemoveMethod,"public long optLong(int index, long defaultValue) {","public long optLong(int index, long defaultValue) {",819,
org/codehaus/jettison/json/JSONArray.java,556,RemoveMethod,public String optString(int index) {,public String optString(int index) {,820,
org/codehaus/jettison/json/JSONArray.java,556,RemoveMethod,public String optString(int index) {,public String optString(int index) {,821,
org/codehaus/jettison/json/JSONArray.java,569,RemoveMethod,"public String optString(int index, String defaultValue) {","public String optString(int index, String defaultValue) {",822,
org/codehaus/jettison/json/JSONArray.java,569,RemoveMethod,"public String optString(int index, String defaultValue) {","public String optString(int index, String defaultValue) {",823,
org/codehaus/jettison/json/JSONArray.java,581,RemoveMethod,public JSONArray put(boolean value) {,public JSONArray put(boolean value) {,824,
org/codehaus/jettison/json/JSONArray.java,594,RemoveMethod,public JSONArray put(Collection value) throws JSONException {,public JSONArray put(Collection value) throws JSONException {,825,
org/codehaus/jettison/json/JSONArray.java,607,RemoveMethod,public JSONArray put(double value) throws JSONException {,public JSONArray put(double value) throws JSONException {,826,
org/codehaus/jettison/json/JSONArray.java,621,RemoveMethod,public JSONArray put(int value) {,public JSONArray put(int value) {,827,
org/codehaus/jettison/json/JSONArray.java,633,RemoveMethod,public JSONArray put(long value) {,public JSONArray put(long value) {,828,
org/codehaus/jettison/json/JSONArray.java,646,RemoveMethod,public JSONArray put(Map value) throws JSONException {,public JSONArray put(Map value) throws JSONException {,829,
org/codehaus/jettison/json/JSONArray.java,659,RemoveMethod,public JSONArray put(Object value) {,public JSONArray put(Object value) {,830,
org/codehaus/jettison/json/JSONArray.java,664,RemoveMethod,public JSONArray remove(Object value) {,public JSONArray remove(Object value) {,831,
org/codehaus/jettison/json/JSONArray.java,679,RemoveMethod,"public JSONArray put(int index, boolean value) throws JSONException {","public JSONArray put(int index, boolean value) throws JSONException {",832,
org/codehaus/jettison/json/JSONArray.java,694,RemoveMethod,"public JSONArray put(int index, Collection value) throws JSONException {","public JSONArray put(int index, Collection value) throws JSONException {",833,
org/codehaus/jettison/json/JSONArray.java,710,RemoveMethod,"public JSONArray put(int index, double value) throws JSONException {","public JSONArray put(int index, double value) throws JSONException {",834,
org/codehaus/jettison/json/JSONArray.java,725,RemoveMethod,"public JSONArray put(int index, int value) throws JSONException {","public JSONArray put(int index, int value) throws JSONException {",835,
org/codehaus/jettison/json/JSONArray.java,740,RemoveMethod,"public JSONArray put(int index, long value) throws JSONException {","public JSONArray put(int index, long value) throws JSONException {",836,
org/codehaus/jettison/json/JSONArray.java,755,RemoveMethod,"public JSONArray put(int index, Map value) throws JSONException {","public JSONArray put(int index, Map value) throws JSONException {",837,
org/codehaus/jettison/json/JSONArray.java,773,RemoveMethod,"public JSONArray put(int index, Object value) throws JSONException {","public JSONArray put(int index, Object value) throws JSONException {",838,
org/codehaus/jettison/json/JSONArray.java,799,RemoveMethod,public JSONObject toJSONObject(JSONArray names) throws JSONException {,public JSONObject toJSONObject(JSONArray names) throws JSONException {,839,
org/codehaus/jettison/json/JSONArray.java,822,RemoveMethod,public String toString() {,public String toString() {,840,
org/codehaus/jettison/json/JSONArray.java,822,RemoveMethod,public String toString() {,public String toString() {,841,
org/codehaus/jettison/json/JSONArray.java,842,RemoveMethod,public String toString(int indentFactor) throws JSONException {,public String toString(int indentFactor) throws JSONException {,842,
org/codehaus/jettison/json/JSONArray.java,842,RemoveMethod,public String toString(int indentFactor) throws JSONException {,public String toString(int indentFactor) throws JSONException {,843,
org/codehaus/jettison/json/JSONArray.java,857,RemoveMethod,"String toString(int indentFactor, int indent) throws JSONException {","String toString(int indentFactor, int indent) throws JSONException {",844,
org/codehaus/jettison/json/JSONArray.java,857,RemoveMethod,"String toString(int indentFactor, int indent) throws JSONException {","String toString(int indentFactor, int indent) throws JSONException {",845,
org/codehaus/jettison/json/JSONArray.java,890,RemoveMethod,public int hashCode() {,public int hashCode() {,846,
org/codehaus/jettison/json/JSONArray.java,890,RemoveMethod,public int hashCode() {,public int hashCode() {,847,
org/codehaus/jettison/json/JSONArray.java,895,RemoveMethod,public boolean equals(Object obj) {,public boolean equals(Object obj) {,848,
org/codehaus/jettison/json/JSONArray.java,895,RemoveMethod,public boolean equals(Object obj) {,public boolean equals(Object obj) {,849,
org/codehaus/jettison/json/JSONArray.java,913,RemoveMethod,public Writer write(Writer writer) throws JSONException {,public Writer write(Writer writer) throws JSONException {,850,
org/codehaus/jettison/json/JSONArray.java,194,RemoveNullCheck,this.myArrayList = (collection == null) ?,this.myArrayList = (false) ?,851,
org/codehaus/jettison/json/JSONArray.java,218,RemoveNullCheck,if (o == null) {,if (false) {,852,
org/codehaus/jettison/json/JSONArray.java,571,RemoveNullCheck,return o != null ? o.toString() : defaultValue;,return true ? o.toString() : defaultValue;,853,
org/codehaus/jettison/json/JSONArray.java,800,RemoveNullCheck,if (names == null || names.length() == 0 || length() == 0) {,if (false || names.length() == 0 || length() == 0) {,854,
org/codehaus/jettison/json/JSONException.java,24,ArithmeticOperatorReplacementUnary,private int line = -1;,private int line = +1;,855,
org/codehaus/jettison/json/JSONException.java,25,ArithmeticOperatorReplacementUnary,private int column = -1;,private int column = +1;,856,
org/codehaus/jettison/json/JSONException.java,44,RemoveMethod,public int getColumn() {,public int getColumn() {,857,
org/codehaus/jettison/json/JSONException.java,44,RemoveMethod,public int getColumn() {,public int getColumn() {,858,
org/codehaus/jettison/json/JSONException.java,48,RemoveMethod,public int getLine() {,public int getLine() {,859,
org/codehaus/jettison/json/JSONException.java,48,RemoveMethod,public int getLine() {,public int getLine() {,860,
org/codehaus/jettison/json/JSONObject.java,847,NullifyObjectInitialization,throw new RuntimeException(ex);,throw null;,1000,
org/codehaus/jettison/json/JSONObject.java,903,NullifyObjectInitialization,"put(key, new Double(value));","put(key, null);",1001,
org/codehaus/jettison/json/JSONObject.java,945,NullifyObjectInitialization,"put(key, new JSONObject(value));","put(key, null);",1002,
org/codehaus/jettison/json/JSONObject.java,971,NullifyObjectInitialization,"throw new JSONException(""Null key."");",throw null;,1003,
org/codehaus/jettison/json/JSONObject.java,978,NullifyObjectInitialization,"throw new JSONSequenceTooLargeException(""Threshold has been exceeded"");",throw null;,1004,
org/codehaus/jettison/json/JSONObject.java,986,NullifyObjectInitialization,array = new JSONArray(Collections.singletonList(existingValue));,array = null;,1005,
org/codehaus/jettison/json/JSONObject.java,1038,NullifyObjectInitialization,StringBuilder sb = new StringBuilder(len + 4);,StringBuilder sb = null;,1006,
org/codehaus/jettison/json/JSONObject.java,1111,NullifyObjectInitialization,throw new JSONException(,throw null;,1007,
org/codehaus/jettison/json/JSONObject.java,1116,NullifyObjectInitialization,throw new JSONException(,throw null;,1008,
org/codehaus/jettison/json/JSONObject.java,1136,NullifyObjectInitialization,JSONArray ja = new JSONArray();,JSONArray ja = null;,1009,
org/codehaus/jettison/json/JSONObject.java,1172,NullifyObjectInitialization,"StringBuilder sb = new StringBuilder(""{"");",StringBuilder sb = null;,1010,
org/codehaus/jettison/json/JSONObject.java,1228,NullifyObjectInitialization,"StringBuilder sb = new StringBuilder(""{"");",StringBuilder sb = null;,1011,
org/codehaus/jettison/json/JSONObject.java,1282,NullifyObjectInitialization,throw new JSONException(e);,throw null;,1012,
org/codehaus/jettison/json/JSONObject.java,1287,NullifyObjectInitialization,"throw new JSONException(""Bad value from toJSONString: "" + o);",throw null;,1013,
org/codehaus/jettison/json/JSONObject.java,1440,NullifyObjectInitialization,throw new JSONException(e);,throw null;,1014,
org/codehaus/jettison/json/JSONObject.java,117,NullifyReturnValue,return this;,return null;,1015,
org/codehaus/jettison/json/JSONObject.java,137,NullifyReturnValue,"return isExplicitNull() ? null : ""null"";",return null;,1016,
org/codehaus/jettison/json/JSONObject.java,359,NullifyReturnValue,return this;,return null;,1017,
org/codehaus/jettison/json/JSONObject.java,386,NullifyReturnValue,return this;,return null;,1018,
org/codehaus/jettison/json/JSONObject.java,398,NullifyReturnValue,"return ""null"";",return null;,1019,
org/codehaus/jettison/json/JSONObject.java,412,NullifyReturnValue,return s;,return null;,1020,
org/codehaus/jettison/json/JSONObject.java,429,NullifyReturnValue,return o;,return null;,1021,
org/codehaus/jettison/json/JSONObject.java,510,NullifyReturnValue,return (JSONArray)o;,return null;,1022,
org/codehaus/jettison/json/JSONObject.java,528,NullifyReturnValue,return (JSONObject)o;,return null;,1023,
org/codehaus/jettison/json/JSONObject.java,562,NullifyReturnValue,return get(key).toString();,return null;,1024,
org/codehaus/jettison/json/JSONObject.java,594,NullifyReturnValue,return this.myHashMap.keySet().iterator();,return null;,1025,
org/codehaus/jettison/json/JSONObject.java,620,NullifyReturnValue,return ja.length() == 0 ? null : ja;,return null;,1026,
org/codehaus/jettison/json/JSONObject.java,647,NullifyReturnValue,return s;,return null;,1027,
org/codehaus/jettison/json/JSONObject.java,657,NullifyReturnValue,return key == null ? null : this.myHashMap.get(key);,return null;,1028,
org/codehaus/jettison/json/JSONObject.java,707,NullifyReturnValue,return this;,return null;,1029,
org/codehaus/jettison/json/JSONObject.java,797,NullifyReturnValue,return o instanceof JSONArray ? (JSONArray)o : null;,return null;,1030,
org/codehaus/jettison/json/JSONObject.java,811,NullifyReturnValue,return o instanceof JSONObject ? (JSONObject)o : null;,return null;,1031,
org/codehaus/jettison/json/JSONObject.java,862,NullifyReturnValue,"return optString(key, """");",return null;,1032,
org/codehaus/jettison/json/JSONObject.java,876,NullifyReturnValue,return o != null ? o.toString() : defaultValue;,return null;,1033,
org/codehaus/jettison/json/JSONObject.java,890,NullifyReturnValue,return this;,return null;,1034,
org/codehaus/jettison/json/JSONObject.java,904,NullifyReturnValue,return this;,return null;,1035,
org/codehaus/jettison/json/JSONObject.java,918,NullifyReturnValue,return this;,return null;,1036,
org/codehaus/jettison/json/JSONObject.java,932,NullifyReturnValue,return this;,return null;,1037,
org/codehaus/jettison/json/JSONObject.java,946,NullifyReturnValue,return this;,return null;,1038,
org/codehaus/jettison/json/JSONObject.java,962,NullifyReturnValue,"return doPut(key, value, -1, false);",return null;,1039,
org/codehaus/jettison/json/JSONObject.java,996,NullifyReturnValue,return this;,return null;,1040,
org/codehaus/jettison/json/JSONObject.java,1014,NullifyReturnValue,return this;,return null;,1041,
org/codehaus/jettison/json/JSONObject.java,1028,NullifyReturnValue,"return quote(string, true);",return null;,1042,
org/codehaus/jettison/json/JSONObject.java,1032,NullifyReturnValue,"return ""\""\"""";",return null;,1043,
org/codehaus/jettison/json/JSONObject.java,1088,NullifyReturnValue,return sb.toString();,return null;,1044,
org/codehaus/jettison/json/JSONObject.java,1098,NullifyReturnValue,return this.myHashMap.remove(key);,return null;,1045,
org/codehaus/jettison/json/JSONObject.java,1134,NullifyReturnValue,return null;,return null;,1046,
org/codehaus/jettison/json/JSONObject.java,1140,NullifyReturnValue,return ja;,return null;,1047,
org/codehaus/jettison/json/JSONObject.java,1184,NullifyReturnValue,return sb.toString();,return null;,1048,
org/codehaus/jettison/json/JSONObject.java,1186,NullifyReturnValue,return null;,return null;,1049,
org/codehaus/jettison/json/JSONObject.java,1204,NullifyReturnValue,"return toString(indentFactor, 0);",return null;,1050,
org/codehaus/jettison/json/JSONObject.java,1225,NullifyReturnValue,"return ""{}"";",return null;,1051,
org/codehaus/jettison/json/JSONObject.java,1252,NullifyReturnValue,return sb.toString();,return null;,1052,
org/codehaus/jettison/json/JSONObject.java,1275,NullifyReturnValue,"return ""null"";",return null;,1053,
org/codehaus/jettison/json/JSONObject.java,1285,NullifyReturnValue,return o;,return null;,1054,
org/codehaus/jettison/json/JSONObject.java,1290,NullifyReturnValue,return numberToString((Number) value);,return null;,1055,
org/codehaus/jettison/json/JSONObject.java,1294,NullifyReturnValue,return value.toString();,return null;,1056,
org/codehaus/jettison/json/JSONObject.java,1296,NullifyReturnValue,"return quote(value.toString(), escapeForwardSlash);",return null;,1057,
org/codehaus/jettison/json/JSONObject.java,1317,NullifyReturnValue,"return ""null"";",return null;,1058,
org/codehaus/jettison/json/JSONObject.java,1321,NullifyReturnValue,return ((JSONString)value).toJSONString();,return null;,1059,
org/codehaus/jettison/json/JSONObject.java,1327,NullifyReturnValue,return numberToString((Number) value);,return null;,1060,
org/codehaus/jettison/json/JSONObject.java,1330,NullifyReturnValue,return value.toString();,return null;,1061,
org/codehaus/jettison/json/JSONObject.java,1333,NullifyReturnValue,"return ((JSONObject)value).toString(indentFactor, indent);",return null;,1062,
org/codehaus/jettison/json/JSONObject.java,1336,NullifyReturnValue,"return ((JSONArray)value).toString(indentFactor, indent);",return null;,1063,
org/codehaus/jettison/json/JSONObject.java,1338,NullifyReturnValue,"return quote(value.toString(), escapeForwardSlash);",return null;,1064,
org/codehaus/jettison/json/JSONObject.java,1438,NullifyReturnValue,return writer;,return null;,1065,
org/codehaus/jettison/json/JSONObject.java,1453,NullifyReturnValue,return Collections.unmodifiableMap(myHashMap);,return null;,1066,
org/codehaus/jettison/json/JSONObject.java,128,RelationalOperatorReplacement,return object == null || object == this;,return object != null || object == this;,1067,
org/codehaus/jettison/json/JSONObject.java,128,RelationalOperatorReplacement,return object == null || object == this;,return object == null || object != this;,1068,
org/codehaus/jettison/json/JSONObject.java,197,RelationalOperatorReplacement,for (int i = 0; i < sa.length; i += 1) {,for (int i = 0; i <= sa.length; i += 1) {,1069,
org/codehaus/jettison/json/JSONObject.java,213,RelationalOperatorReplacement,if (x.nextClean() != '{') {,if (x.nextClean() == '{') {,1070,
org/codehaus/jettison/json/JSONObject.java,235,RelationalOperatorReplacement,if (c == '=') {,if (c != '=') {,1071,
org/codehaus/jettison/json/JSONObject.java,236,RelationalOperatorReplacement,if (x.next() != '>') {,if (x.next() == '>') {,1072,
org/codehaus/jettison/json/JSONObject.java,239,RelationalOperatorReplacement,} else if (c != ':') {,} else if (c == ':') {,1073,
org/codehaus/jettison/json/JSONObject.java,251,RelationalOperatorReplacement,if (x.nextClean() == '}') {,if (x.nextClean() != '}') {,1074,
org/codehaus/jettison/json/JSONObject.java,277,RelationalOperatorReplacement,if (recursionDepth > RECURSION_DEPTH_LIMIT) {,if (recursionDepth >= RECURSION_DEPTH_LIMIT) {,1075,
org/codehaus/jettison/json/JSONObject.java,280,RelationalOperatorReplacement,this.myHashMap = (map == null) ?,this.myHashMap = (map != null) ?,1076,
org/codehaus/jettison/json/JSONObject.java,289,RelationalOperatorReplacement,if (v instanceof Map && v != map) {,if (v instanceof Map && v == map) {,1077,
org/codehaus/jettison/json/JSONObject.java,310,RelationalOperatorReplacement,for (int i = 0; i < names.length; i += 1) {,for (int i = 0; i <= names.length; i += 1) {,1078,
org/codehaus/jettison/json/JSONObject.java,352,RelationalOperatorReplacement,if (o == null) {,if (o != null) {,1079,
org/codehaus/jettison/json/JSONObject.java,378,RelationalOperatorReplacement,if (o == null) {,if (o != null) {,1080,
org/codehaus/jettison/json/JSONObject.java,404,RelationalOperatorReplacement,if (s.indexOf('.') > 0 && s.indexOf('e') < 0 && s.indexOf('E') < 0) {,if (s.indexOf('.') >= 0 && s.indexOf('e') < 0 && s.indexOf('E') < 0) {,1081,
org/codehaus/jettison/json/JSONObject.java,404,RelationalOperatorReplacement,if (s.indexOf('.') > 0 && s.indexOf('e') < 0 && s.indexOf('E') < 0) {,if (s.indexOf('.') > 0 && s.indexOf('e') <= 0 && s.indexOf('E') < 0) {,1082,
org/codehaus/jettison/json/JSONObject.java,404,RelationalOperatorReplacement,if (s.indexOf('.') > 0 && s.indexOf('e') < 0 && s.indexOf('E') < 0) {,if (s.indexOf('.') > 0 && s.indexOf('e') < 0 && s.indexOf('E') <= 0) {,1083,
org/codehaus/jettison/json/JSONObject.java,425,RelationalOperatorReplacement,if (o == null) {,if (o != null) {,1084,
org/codehaus/jettison/json/JSONObject.java,620,RelationalOperatorReplacement,return ja.length() == 0 ? null : ja;,return ja.length() != 0 ? null : ja;,1085,
org/codehaus/jettison/json/JSONObject.java,631,RelationalOperatorReplacement,if (n == null) {,if (n != null) {,1086,
org/codehaus/jettison/json/JSONObject.java,639,RelationalOperatorReplacement,if (s.indexOf('.') > 0 && s.indexOf('e') < 0 && s.indexOf('E') < 0) {,if (s.indexOf('.') >= 0 && s.indexOf('e') < 0 && s.indexOf('E') < 0) {,1087,
org/codehaus/jettison/json/JSONObject.java,639,RelationalOperatorReplacement,if (s.indexOf('.') > 0 && s.indexOf('e') < 0 && s.indexOf('E') < 0) {,if (s.indexOf('.') > 0 && s.indexOf('e') <= 0 && s.indexOf('E') < 0) {,1088,
org/codehaus/jettison/json/JSONObject.java,639,RelationalOperatorReplacement,if (s.indexOf('.') > 0 && s.indexOf('e') < 0 && s.indexOf('E') < 0) {,if (s.indexOf('.') > 0 && s.indexOf('e') < 0 && s.indexOf('E') <= 0) {,1089,
org/codehaus/jettison/json/JSONObject.java,657,RelationalOperatorReplacement,return key == null ? null : this.myHashMap.get(key);,return key != null ? null : this.myHashMap.get(key);,1090,
org/codehaus/jettison/json/JSONObject.java,685,RelationalOperatorReplacement,if (o == null) {,if (o != null) {,1091,
org/codehaus/jettison/json/JSONObject.java,737,RelationalOperatorReplacement,if (o == null) {,if (o != null) {,1092,
org/codehaus/jettison/json/JSONObject.java,775,RelationalOperatorReplacement,if (o == null) {,if (o != null) {,1093,
org/codehaus/jettison/json/JSONObject.java,841,RelationalOperatorReplacement,if (o == null) {,if (o != null) {,1094,
org/codehaus/jettison/json/JSONObject.java,876,RelationalOperatorReplacement,return o != null ? o.toString() : defaultValue;,return o == null ? o.toString() : defaultValue;,1095,
org/codehaus/jettison/json/JSONObject.java,970,RelationalOperatorReplacement,if (key == null) {,if (key != null) {,1096,
org/codehaus/jettison/json/JSONObject.java,973,RelationalOperatorReplacement,if (value != null) {,if (value == null) {,1097,
org/codehaus/jettison/json/JSONObject.java,977,RelationalOperatorReplacement,if (threshold > 0 && myHashMap.size() >= threshold) {,if (threshold >= 0 && myHashMap.size() >= threshold) {,1098,
org/codehaus/jettison/json/JSONObject.java,977,RelationalOperatorReplacement,if (threshold > 0 && myHashMap.size() >= threshold) {,if (threshold > 0 && myHashMap.size() > threshold) {,1099,
org/codehaus/jettison/json/JSONObject.java,1011,RelationalOperatorReplacement,if (key != null && value != null) {,if (key == null && value != null) {,1100,
org/codehaus/jettison/json/JSONObject.java,1011,RelationalOperatorReplacement,if (key != null && value != null) {,if (key != null && value == null) {,1101,
org/codehaus/jettison/json/JSONObject.java,1031,RelationalOperatorReplacement,if (string == null || string.length() == 0) {,if (string != null || string.length() == 0) {,1102,
org/codehaus/jettison/json/JSONObject.java,1031,RelationalOperatorReplacement,if (string == null || string.length() == 0) {,if (string == null || string.length() != 0) {,1103,
org/codehaus/jettison/json/JSONObject.java,1042,RelationalOperatorReplacement,for (i = 0; i < len; i += 1) {,for (i = 0; i <= len; i += 1) {,1104,
org/codehaus/jettison/json/JSONObject.java,1052,RelationalOperatorReplacement,if (escapeForwardSlashAlways || i > 0 && string.charAt(i - 1) == '<') {,if (escapeForwardSlashAlways || i >= 0 && string.charAt(i - 1) == '<') {,1105,
org/codehaus/jettison/json/JSONObject.java,1052,RelationalOperatorReplacement,if (escapeForwardSlashAlways || i > 0 && string.charAt(i - 1) == '<') {,if (escapeForwardSlashAlways || i > 0 && string.charAt(i - 1) != '<') {,1106,
org/codehaus/jettison/json/JSONObject.java,1079,RelationalOperatorReplacement,if (c < ' ') {,if (c <= ' ') {,1107,
org/codehaus/jettison/json/JSONObject.java,1108,RelationalOperatorReplacement,if (o != null) {,if (o == null) {,1108,
org/codehaus/jettison/json/JSONObject.java,1133,RelationalOperatorReplacement,if (names == null || names.length() == 0) {,if (names != null || names.length() == 0) {,1109,
org/codehaus/jettison/json/JSONObject.java,1133,RelationalOperatorReplacement,if (names == null || names.length() == 0) {,if (names == null || names.length() != 0) {,1110,
org/codehaus/jettison/json/JSONObject.java,1137,RelationalOperatorReplacement,for (int i = 0; i < names.length(); i += 1) {,for (int i = 0; i <= names.length(); i += 1) {,1111,
org/codehaus/jettison/json/JSONObject.java,1175,RelationalOperatorReplacement,if (sb.length() > 1) {,if (sb.length() >= 1) {,1112,
org/codehaus/jettison/json/JSONObject.java,1224,RelationalOperatorReplacement,if (n == 0) {,if (n != 0) {,1113,
org/codehaus/jettison/json/JSONObject.java,1232,RelationalOperatorReplacement,if (sb.length() > 1) {,if (sb.length() >= 1) {,1114,
org/codehaus/jettison/json/JSONObject.java,1237,RelationalOperatorReplacement,for (i = 0; i < newindent; i += 1) {,for (i = 0; i <= newindent; i += 1) {,1115,
org/codehaus/jettison/json/JSONObject.java,1245,RelationalOperatorReplacement,if (sb.length() > 1) {,if (sb.length() >= 1) {,1116,
org/codehaus/jettison/json/JSONObject.java,1247,RelationalOperatorReplacement,for (i = 0; i < indent; i += 1) {,for (i = 0; i <= indent; i += 1) {,1117,
org/codehaus/jettison/json/JSONObject.java,1274,RelationalOperatorReplacement,if (value == null || value.equals(null)) {,if (value != null || value.equals(null)) {,1118,
org/codehaus/jettison/json/JSONObject.java,1284,RelationalOperatorReplacement,if (o != null) {,if (o == null) {,1119,
org/codehaus/jettison/json/JSONObject.java,1316,RelationalOperatorReplacement,if (value == null || value.equals(null)) {,if (value != null || value.equals(null)) {,1120,
org/codehaus/jettison/json/JSONObject.java,1394,RelationalOperatorReplacement,if (hashMapSize == 1) {,if (hashMapSize != 1) {,1121,
org/codehaus/jettison/json/JSONObject.java,1396,RelationalOperatorReplacement,|| ignoredElements != null && ignoredElements.contains(keys().next());,|| ignoredElements == null && ignoredElements.contains(keys().next());,1122,
org/codehaus/jettison/json/JSONObject.java,1416,RelationalOperatorReplacement,mayBeDropSimpleElement = hashMapSize > 1,mayBeDropSimpleElement = hashMapSize >= 1,1123,
org/codehaus/jettison/json/JSONObject.java,1417,RelationalOperatorReplacement,&& ignoredElements != null && ignoredElements.contains(k);,&& ignoredElements == null && ignoredElements.contains(k);,1124,
org/codehaus/jettison/json/JSONObject.java,116,RemoveMethod,protected final Object clone() {,protected final Object clone() {,1125,
org/codehaus/jettison/json/JSONObject.java,127,RemoveMethod,public boolean equals(Object object) {,public boolean equals(Object object) {,1126,
org/codehaus/jettison/json/JSONObject.java,127,RemoveMethod,public boolean equals(Object object) {,public boolean equals(Object object) {,1127,
org/codehaus/jettison/json/JSONObject.java,136,RemoveMethod,public String toString() {,public String toString() {,1128,
org/codehaus/jettison/json/JSONObject.java,136,RemoveMethod,public String toString() {,public String toString() {,1129,
org/codehaus/jettison/json/JSONObject.java,140,RemoveMethod,public boolean isExplicitNull() {,public boolean isExplicitNull() {,1130,
org/codehaus/jettison/json/JSONObject.java,140,RemoveMethod,public boolean isExplicitNull() {,public boolean isExplicitNull() {,1131,
org/codehaus/jettison/json/JSONObject.java,349,RemoveMethod,throws JSONException {,throws JSONException {,1132,
org/codehaus/jettison/json/JSONObject.java,375,RemoveMethod,throws JSONException {,throws JSONException {,1133,
org/codehaus/jettison/json/JSONObject.java,396,RemoveMethod,static public String doubleToString(double d) {,static public String doubleToString(double d) {,1134,
org/codehaus/jettison/json/JSONObject.java,396,RemoveMethod,static public String doubleToString(double d) {,static public String doubleToString(double d) {,1135,
org/codehaus/jettison/json/JSONObject.java,423,RemoveMethod,public Object get(String key) throws JSONException {,public Object get(String key) throws JSONException {,1136,
org/codehaus/jettison/json/JSONObject.java,441,RemoveMethod,public boolean getBoolean(String key) throws JSONException {,public boolean getBoolean(String key) throws JSONException {,1137,
org/codehaus/jettison/json/JSONObject.java,441,RemoveMethod,public boolean getBoolean(String key) throws JSONException {,public boolean getBoolean(String key) throws JSONException {,1138,
org/codehaus/jettison/json/JSONObject.java,444,RemoveMethod,"private boolean doGetBoolean(String key, Object o) throws JSONException {","private boolean doGetBoolean(String key, Object o) throws JSONException {",1139,
org/codehaus/jettison/json/JSONObject.java,444,RemoveMethod,"private boolean doGetBoolean(String key, Object o) throws JSONException {","private boolean doGetBoolean(String key, Object o) throws JSONException {",1140,
org/codehaus/jettison/json/JSONObject.java,466,RemoveMethod,public double getDouble(String key) throws JSONException {,public double getDouble(String key) throws JSONException {,1141,
org/codehaus/jettison/json/JSONObject.java,466,RemoveMethod,public double getDouble(String key) throws JSONException {,public double getDouble(String key) throws JSONException {,1142,
org/codehaus/jettison/json/JSONObject.java,469,RemoveMethod,"private double doGetDouble(String key, Object o) throws JSONException {","private double doGetDouble(String key, Object o) throws JSONException {",1143,
org/codehaus/jettison/json/JSONObject.java,469,RemoveMethod,"private double doGetDouble(String key, Object o) throws JSONException {","private double doGetDouble(String key, Object o) throws JSONException {",1144,
org/codehaus/jettison/json/JSONObject.java,490,RemoveMethod,public int getInt(String key) throws JSONException {,public int getInt(String key) throws JSONException {,1145,
org/codehaus/jettison/json/JSONObject.java,490,RemoveMethod,public int getInt(String key) throws JSONException {,public int getInt(String key) throws JSONException {,1146,
org/codehaus/jettison/json/JSONObject.java,494,RemoveMethod,"private int doGetInt(String key, Object o) throws JSONException {","private int doGetInt(String key, Object o) throws JSONException {",1147,
org/codehaus/jettison/json/JSONObject.java,494,RemoveMethod,"private int doGetInt(String key, Object o) throws JSONException {","private int doGetInt(String key, Object o) throws JSONException {",1148,
org/codehaus/jettison/json/JSONObject.java,507,RemoveMethod,public JSONArray getJSONArray(String key) throws JSONException {,public JSONArray getJSONArray(String key) throws JSONException {,1149,
org/codehaus/jettison/json/JSONObject.java,525,RemoveMethod,public JSONObject getJSONObject(String key) throws JSONException {,public JSONObject getJSONObject(String key) throws JSONException {,1150,
org/codehaus/jettison/json/JSONObject.java,544,RemoveMethod,public long getLong(String key) throws JSONException {,public long getLong(String key) throws JSONException {,1151,
org/codehaus/jettison/json/JSONObject.java,544,RemoveMethod,public long getLong(String key) throws JSONException {,public long getLong(String key) throws JSONException {,1152,
org/codehaus/jettison/json/JSONObject.java,548,RemoveMethod,"private long doGetLong(String key, Object o) throws JSONException {","private long doGetLong(String key, Object o) throws JSONException {",1153,
org/codehaus/jettison/json/JSONObject.java,548,RemoveMethod,"private long doGetLong(String key, Object o) throws JSONException {","private long doGetLong(String key, Object o) throws JSONException {",1154,
org/codehaus/jettison/json/JSONObject.java,561,RemoveMethod,public String getString(String key) throws JSONException {,public String getString(String key) throws JSONException {,1155,
org/codehaus/jettison/json/JSONObject.java,561,RemoveMethod,public String getString(String key) throws JSONException {,public String getString(String key) throws JSONException {,1156,
org/codehaus/jettison/json/JSONObject.java,571,RemoveMethod,public boolean has(String key) {,public boolean has(String key) {,1157,
org/codehaus/jettison/json/JSONObject.java,571,RemoveMethod,public boolean has(String key) {,public boolean has(String key) {,1158,
org/codehaus/jettison/json/JSONObject.java,583,RemoveMethod,public boolean isNull(String key) {,public boolean isNull(String key) {,1159,
org/codehaus/jettison/json/JSONObject.java,583,RemoveMethod,public boolean isNull(String key) {,public boolean isNull(String key) {,1160,
org/codehaus/jettison/json/JSONObject.java,593,RemoveMethod,public Iterator keys() {,public Iterator keys() {,1161,
org/codehaus/jettison/json/JSONObject.java,603,RemoveMethod,public int length() {,public int length() {,1162,
org/codehaus/jettison/json/JSONObject.java,603,RemoveMethod,public int length() {,public int length() {,1163,
org/codehaus/jettison/json/JSONObject.java,614,RemoveMethod,public JSONArray names() {,public JSONArray names() {,1164,
org/codehaus/jettison/json/JSONObject.java,630,RemoveMethod,throws JSONException {,throws JSONException {,1165,
org/codehaus/jettison/json/JSONObject.java,630,RemoveMethod,throws JSONException {,throws JSONException {,1166,
org/codehaus/jettison/json/JSONObject.java,656,RemoveMethod,public Object opt(String key) {,public Object opt(String key) {,1167,
org/codehaus/jettison/json/JSONObject.java,669,RemoveMethod,public boolean optBoolean(String key) {,public boolean optBoolean(String key) {,1168,
org/codehaus/jettison/json/JSONObject.java,669,RemoveMethod,public boolean optBoolean(String key) {,public boolean optBoolean(String key) {,1169,
org/codehaus/jettison/json/JSONObject.java,683,RemoveMethod,"public boolean optBoolean(String key, boolean defaultValue) {","public boolean optBoolean(String key, boolean defaultValue) {",1170,
org/codehaus/jettison/json/JSONObject.java,683,RemoveMethod,"public boolean optBoolean(String key, boolean defaultValue) {","public boolean optBoolean(String key, boolean defaultValue) {",1171,
org/codehaus/jettison/json/JSONObject.java,705,RemoveMethod,"public JSONObject put(String key, Collection value) throws JSONException {","public JSONObject put(String key, Collection value) throws JSONException {",1172,
org/codehaus/jettison/json/JSONObject.java,720,RemoveMethod,public double optDouble(String key) {,public double optDouble(String key) {,1173,
org/codehaus/jettison/json/JSONObject.java,720,RemoveMethod,public double optDouble(String key) {,public double optDouble(String key) {,1174,
org/codehaus/jettison/json/JSONObject.java,735,RemoveMethod,"public double optDouble(String key, double defaultValue) {","public double optDouble(String key, double defaultValue) {",1175,
org/codehaus/jettison/json/JSONObject.java,735,RemoveMethod,"public double optDouble(String key, double defaultValue) {","public double optDouble(String key, double defaultValue) {",1176,
org/codehaus/jettison/json/JSONObject.java,758,RemoveMethod,public int optInt(String key) {,public int optInt(String key) {,1177,
org/codehaus/jettison/json/JSONObject.java,758,RemoveMethod,public int optInt(String key) {,public int optInt(String key) {,1178,
org/codehaus/jettison/json/JSONObject.java,773,RemoveMethod,"public int optInt(String key, int defaultValue) {","public int optInt(String key, int defaultValue) {",1179,
org/codehaus/jettison/json/JSONObject.java,773,RemoveMethod,"public int optInt(String key, int defaultValue) {","public int optInt(String key, int defaultValue) {",1180,
org/codehaus/jettison/json/JSONObject.java,795,RemoveMethod,public JSONArray optJSONArray(String key) {,public JSONArray optJSONArray(String key) {,1181,
org/codehaus/jettison/json/JSONObject.java,809,RemoveMethod,public JSONObject optJSONObject(String key) {,public JSONObject optJSONObject(String key) {,1182,
org/codehaus/jettison/json/JSONObject.java,824,RemoveMethod,public long optLong(String key) {,public long optLong(String key) {,1183,
org/codehaus/jettison/json/JSONObject.java,824,RemoveMethod,public long optLong(String key) {,public long optLong(String key) {,1184,
org/codehaus/jettison/json/JSONObject.java,839,RemoveMethod,"public long optLong(String key, long defaultValue) {","public long optLong(String key, long defaultValue) {",1185,
org/codehaus/jettison/json/JSONObject.java,839,RemoveMethod,"public long optLong(String key, long defaultValue) {","public long optLong(String key, long defaultValue) {",1186,
org/codehaus/jettison/json/JSONObject.java,861,RemoveMethod,public String optString(String key) {,public String optString(String key) {,1187,
org/codehaus/jettison/json/JSONObject.java,861,RemoveMethod,public String optString(String key) {,public String optString(String key) {,1188,
org/codehaus/jettison/json/JSONObject.java,874,RemoveMethod,"public String optString(String key, String defaultValue) {","public String optString(String key, String defaultValue) {",1189,
org/codehaus/jettison/json/JSONObject.java,874,RemoveMethod,"public String optString(String key, String defaultValue) {","public String optString(String key, String defaultValue) {",1190,
org/codehaus/jettison/json/JSONObject.java,888,RemoveMethod,"public JSONObject put(String key, boolean value) throws JSONException {","public JSONObject put(String key, boolean value) throws JSONException {",1191,
org/codehaus/jettison/json/JSONObject.java,902,RemoveMethod,"public JSONObject put(String key, double value) throws JSONException {","public JSONObject put(String key, double value) throws JSONException {",1192,
org/codehaus/jettison/json/JSONObject.java,916,RemoveMethod,"public JSONObject put(String key, int value) throws JSONException {","public JSONObject put(String key, int value) throws JSONException {",1193,
org/codehaus/jettison/json/JSONObject.java,930,RemoveMethod,"public JSONObject put(String key, long value) throws JSONException {","public JSONObject put(String key, long value) throws JSONException {",1194,
org/codehaus/jettison/json/JSONObject.java,944,RemoveMethod,"public JSONObject put(String key, Map value) throws JSONException {","public JSONObject put(String key, Map value) throws JSONException {",1195,
org/codehaus/jettison/json/JSONObject.java,961,RemoveMethod,"public JSONObject put(String key, Object value) throws JSONException {","public JSONObject put(String key, Object value) throws JSONException {",1196,
org/codehaus/jettison/json/JSONObject.java,969,RemoveMethod,throws JSONException {,throws JSONException {,1197,
org/codehaus/jettison/json/JSONObject.java,1010,RemoveMethod,"public JSONObject putOpt(String key, Object value) throws JSONException {","public JSONObject putOpt(String key, Object value) throws JSONException {",1198,
org/codehaus/jettison/json/JSONObject.java,1027,RemoveMethod,public static String quote(String string) {,public static String quote(String string) {,1199,
org/codehaus/jettison/json/JSONObject.java,1027,RemoveMethod,public static String quote(String string) {,public static String quote(String string) {,1200,
org/codehaus/jettison/json/JSONObject.java,1030,RemoveMethod,"public static String quote(String string, boolean escapeForwardSlashAlways) {","public static String quote(String string, boolean escapeForwardSlashAlways) {",1201,
org/codehaus/jettison/json/JSONObject.java,1030,RemoveMethod,"public static String quote(String string, boolean escapeForwardSlashAlways) {","public static String quote(String string, boolean escapeForwardSlashAlways) {",1202,
org/codehaus/jettison/json/JSONObject.java,1097,RemoveMethod,public Object remove(String key) {,public Object remove(String key) {,1203,
org/codehaus/jettison/json/JSONObject.java,1107,RemoveMethod,static void testValidity(Object o) throws JSONException {,static void testValidity(Object o) throws JSONException {,1204,
org/codehaus/jettison/json/JSONObject.java,1132,RemoveMethod,public JSONArray toJSONArray(JSONArray names) throws JSONException {,public JSONArray toJSONArray(JSONArray names) throws JSONException {,1205,
org/codehaus/jettison/json/JSONObject.java,1144,RemoveMethod,public int hashCode() {,public int hashCode() {,1206,
org/codehaus/jettison/json/JSONObject.java,1144,RemoveMethod,public int hashCode() {,public int hashCode() {,1207,
org/codehaus/jettison/json/JSONObject.java,1149,RemoveMethod,public boolean equals(Object obj) {,public boolean equals(Object obj) {,1208,
org/codehaus/jettison/json/JSONObject.java,1149,RemoveMethod,public boolean equals(Object obj) {,public boolean equals(Object obj) {,1209,
org/codehaus/jettison/json/JSONObject.java,1169,RemoveMethod,public String toString() {,public String toString() {,1210,
org/codehaus/jettison/json/JSONObject.java,1169,RemoveMethod,public String toString() {,public String toString() {,1211,
org/codehaus/jettison/json/JSONObject.java,1203,RemoveMethod,public String toString(int indentFactor) throws JSONException {,public String toString(int indentFactor) throws JSONException {,1212,
org/codehaus/jettison/json/JSONObject.java,1203,RemoveMethod,public String toString(int indentFactor) throws JSONException {,public String toString(int indentFactor) throws JSONException {,1213,
org/codehaus/jettison/json/JSONObject.java,1221,RemoveMethod,"String toString(int indentFactor, int indent) throws JSONException {","String toString(int indentFactor, int indent) throws JSONException {",1214,
org/codehaus/jettison/json/JSONObject.java,1221,RemoveMethod,"String toString(int indentFactor, int indent) throws JSONException {","String toString(int indentFactor, int indent) throws JSONException {",1215,
org/codehaus/jettison/json/JSONObject.java,1272,RemoveMethod,"static String valueToString(Object value, boolean escapeForwardSlash) throws JSONException {","static String valueToString(Object value, boolean escapeForwardSlash) throws JSONException {",1216,
org/codehaus/jettison/json/JSONObject.java,1272,RemoveMethod,"static String valueToString(Object value, boolean escapeForwardSlash) throws JSONException {","static String valueToString(Object value, boolean escapeForwardSlash) throws JSONException {",1217,
org/codehaus/jettison/json/JSONObject.java,1315,RemoveMethod,throws JSONException {,throws JSONException {,1218,
org/codehaus/jettison/json/JSONObject.java,1315,RemoveMethod,throws JSONException {,throws JSONException {,1219,
org/codehaus/jettison/json/JSONObject.java,1346,RemoveMethod,public static void setGlobalRecursionDepthLimit(int newRecursionDepthLimit) {,public static void setGlobalRecursionDepthLimit(int newRecursionDepthLimit) {,1220,
org/codehaus/jettison/json/JSONObject.java,1356,RemoveMethod,public void setRecursionDepthLimit(int newRecursionDepthLimit) {,public void setRecursionDepthLimit(int newRecursionDepthLimit) {,1221,
org/codehaus/jettison/json/JSONObject.java,1365,RemoveMethod,public static int getGlobalRecursionDepthLimit() {,public static int getGlobalRecursionDepthLimit() {,1222,
org/codehaus/jettison/json/JSONObject.java,1365,RemoveMethod,public static int getGlobalRecursionDepthLimit() {,public static int getGlobalRecursionDepthLimit() {,1223,
org/codehaus/jettison/json/JSONObject.java,1375,RemoveMethod,public int getRecursionDepthLimit() {,public int getRecursionDepthLimit() {,1224,
org/codehaus/jettison/json/JSONObject.java,1375,RemoveMethod,public int getRecursionDepthLimit() {,public int getRecursionDepthLimit() {,1225,
org/codehaus/jettison/json/JSONObject.java,1389,RemoveMethod,public Writer write(Writer writer) throws JSONException {,public Writer write(Writer writer) throws JSONException {,1226,
org/codehaus/jettison/json/JSONObject.java,1444,RemoveMethod,public boolean isEscapeForwardSlashAlways() {,public boolean isEscapeForwardSlashAlways() {,1227,
org/codehaus/jettison/json/JSONObject.java,1444,RemoveMethod,public boolean isEscapeForwardSlashAlways() {,public boolean isEscapeForwardSlashAlways() {,1228,
org/codehaus/jettison/json/JSONObject.java,1448,RemoveMethod,public void setEscapeForwardSlashAlways(boolean escapeForwardSlashAlways) {,public void setEscapeForwardSlashAlways(boolean escapeForwardSlashAlways) {,1229,
org/codehaus/jettison/json/JSONObject.java,1452,RemoveMethod,public Map toMap() {,public Map toMap() {,1230,
org/codehaus/jettison/json/JSONObject.java,128,RemoveNullCheck,return object == null || object == this;,return false || object == this;,1231,
org/codehaus/jettison/json/JSONObject.java,280,RemoveNullCheck,this.myHashMap = (map == null) ?,this.myHashMap = (false) ?,1232,
org/codehaus/jettison/json/JSONObject.java,352,RemoveNullCheck,if (o == null) {,if (false) {,1233,
org/codehaus/jettison/json/JSONObject.java,378,RemoveNullCheck,if (o == null) {,if (false) {,1234,
org/codehaus/jettison/json/JSONObject.java,425,RemoveNullCheck,if (o == null) {,if (false) {,1235,
org/codehaus/jettison/json/JSONObject.java,631,RemoveNullCheck,if (n == null) {,if (false) {,1236,
org/codehaus/jettison/json/JSONObject.java,657,RemoveNullCheck,return key == null ? null : this.myHashMap.get(key);,return false ? null : this.myHashMap.get(key);,1237,
org/codehaus/jettison/json/JSONObject.java,685,RemoveNullCheck,if (o == null) {,if (false) {,1238,
org/codehaus/jettison/json/JSONObject.java,737,RemoveNullCheck,if (o == null) {,if (false) {,1239,
org/codehaus/jettison/json/JSONObject.java,775,RemoveNullCheck,if (o == null) {,if (false) {,1240,
org/codehaus/jettison/json/JSONObject.java,841,RemoveNullCheck,if (o == null) {,if (false) {,1241,
org/codehaus/jettison/json/JSONObject.java,876,RemoveNullCheck,return o != null ? o.toString() : defaultValue;,return true ? o.toString() : defaultValue;,1242,
org/codehaus/jettison/json/JSONObject.java,970,RemoveNullCheck,if (key == null) {,if (false) {,1243,
org/codehaus/jettison/json/JSONObject.java,973,RemoveNullCheck,if (value != null) {,if (true) {,1244,
org/codehaus/jettison/json/JSONObject.java,1011,RemoveNullCheck,if (key != null && value != null) {,if (true && value != null) {,1245,
org/codehaus/jettison/json/JSONObject.java,1011,RemoveNullCheck,if (key != null && value != null) {,if (key != null && true) {,1246,
org/codehaus/jettison/json/JSONObject.java,1031,RemoveNullCheck,if (string == null || string.length() == 0) {,if (false || string.length() == 0) {,1247,
org/codehaus/jettison/json/JSONObject.java,1108,RemoveNullCheck,if (o != null) {,if (true) {,1248,
org/codehaus/jettison/json/JSONObject.java,1133,RemoveNullCheck,if (names == null || names.length() == 0) {,if (false || names.length() == 0) {,1249,
org/codehaus/jettison/json/JSONObject.java,1274,RemoveNullCheck,if (value == null || value.equals(null)) {,if (false || value.equals(null)) {,1250,
org/codehaus/jettison/json/JSONObject.java,1284,RemoveNullCheck,if (o != null) {,if (true) {,1251,
org/codehaus/jettison/json/JSONObject.java,1316,RemoveNullCheck,if (value == null || value.equals(null)) {,if (false || value.equals(null)) {,1252,
org/codehaus/jettison/json/JSONObject.java,1396,RemoveNullCheck,|| ignoredElements != null && ignoredElements.contains(keys().next());,|| true && ignoredElements.contains(keys().next());,1253,
org/codehaus/jettison/json/JSONObject.java,1417,RemoveNullCheck,&& ignoredElements != null && ignoredElements.contains(k);,&& true && ignoredElements.contains(k);,1254,
org/codehaus/jettison/json/JSONObject.java,290,ArithmeticOperatorReplacementBinary,"myHashMap.put(entry.getKey(), new JSONObject((Map) v, recursionDepth + 1));","myHashMap.put(entry.getKey(), new JSONObject((Map) v, recursionDepth - 1));",861,
org/codehaus/jettison/json/JSONObject.java,406,ArithmeticOperatorReplacementBinary,"s = s.substring(0, s.length() - 1);","s = s.substring(0, s.length() + 1);",862,
org/codehaus/jettison/json/JSONObject.java,409,ArithmeticOperatorReplacementBinary,"s = s.substring(0, s.length() - 1);","s = s.substring(0, s.length() + 1);",863,
org/codehaus/jettison/json/JSONObject.java,641,ArithmeticOperatorReplacementBinary,"s = s.substring(0, s.length() - 1);","s = s.substring(0, s.length() + 1);",864,
org/codehaus/jettison/json/JSONObject.java,644,ArithmeticOperatorReplacementBinary,"s = s.substring(0, s.length() - 1);","s = s.substring(0, s.length() + 1);",865,
org/codehaus/jettison/json/JSONObject.java,1038,ArithmeticOperatorReplacementBinary,StringBuilder sb = new StringBuilder(len + 4);,StringBuilder sb = new StringBuilder(len - 4);,866,
org/codehaus/jettison/json/JSONObject.java,1052,ArithmeticOperatorReplacementBinary,if (escapeForwardSlashAlways || i > 0 && string.charAt(i - 1) == '<') {,if (escapeForwardSlashAlways || i > 0 && string.charAt(i + 1) == '<') {,867,
org/codehaus/jettison/json/JSONObject.java,1081,ArithmeticOperatorReplacementBinary,"sb.append(""\\u"" + t.substring(t.length() - 4));","sb.append(""\\u"" + t.substring(t.length() + 4));",868,
org/codehaus/jettison/json/JSONObject.java,1229,ArithmeticOperatorReplacementBinary,int newindent = indent + indentFactor;,int newindent = indent - indentFactor;,869,
org/codehaus/jettison/json/JSONObject.java,962,ArithmeticOperatorReplacementUnary,"return doPut(key, value, -1, false);","return doPut(key, value, +1, false);",870,
org/codehaus/jettison/json/JSONObject.java,197,AssignmentOperatorReplacementShortcut,for (int i = 0; i < sa.length; i += 1) {,for (int i = 0; i < sa.length; i -= 1) {,871,
org/codehaus/jettison/json/JSONObject.java,310,AssignmentOperatorReplacementShortcut,for (int i = 0; i < names.length; i += 1) {,for (int i = 0; i < names.length; i -= 1) {,872,
org/codehaus/jettison/json/JSONObject.java,1042,AssignmentOperatorReplacementShortcut,for (i = 0; i < len; i += 1) {,for (i = 0; i < len; i -= 1) {,873,
org/codehaus/jettison/json/JSONObject.java,1137,AssignmentOperatorReplacementShortcut,for (int i = 0; i < names.length(); i += 1) {,for (int i = 0; i < names.length(); i -= 1) {,874,
org/codehaus/jettison/json/JSONObject.java,1237,AssignmentOperatorReplacementShortcut,for (i = 0; i < newindent; i += 1) {,for (i = 0; i < newindent; i -= 1) {,875,
org/codehaus/jettison/json/JSONObject.java,1247,AssignmentOperatorReplacementShortcut,for (i = 0; i < indent; i += 1) {,for (i = 0; i < indent; i -= 1) {,876,
org/codehaus/jettison/json/JSONObject.java,380,ConditionalOperatorDeletion,} else if (!(o instanceof JSONArray)){,} else if ( (o instanceof JSONArray)){,877,
org/codehaus/jettison/json/JSONObject.java,975,ConditionalOperatorDeletion,if (!checkExistingValue || !this.myHashMap.containsKey(key)) {,if ( checkExistingValue || !this.myHashMap.containsKey(key)) {,878,
org/codehaus/jettison/json/JSONObject.java,975,ConditionalOperatorDeletion,if (!checkExistingValue || !this.myHashMap.containsKey(key)) {,if (!checkExistingValue || this.myHashMap.containsKey(key)) {,879,
org/codehaus/jettison/json/JSONObject.java,991,ConditionalOperatorDeletion,} else if (!writeNullAsString) {,} else if ( writeNullAsString) {,880,
org/codehaus/jettison/json/JSONObject.java,1399,ConditionalOperatorDeletion,if (!dropObjectKeyName) {,if ( dropObjectKeyName) {,881,
org/codehaus/jettison/json/JSONObject.java,1415,ConditionalOperatorDeletion,if (!dropObjectKeyName) {,if ( dropObjectKeyName) {,882,
org/codehaus/jettison/json/JSONObject.java,1418,ConditionalOperatorDeletion,if (!mayBeDropSimpleElement) {,if ( mayBeDropSimpleElement) {,883,
org/codehaus/jettison/json/JSONObject.java,1428,ConditionalOperatorDeletion,} else if (!mayBeDropSimpleElement) {,} else if ( mayBeDropSimpleElement) {,884,
org/codehaus/jettison/json/JSONObject.java,1431,ConditionalOperatorDeletion,if (!mayBeDropSimpleElement) {,if ( mayBeDropSimpleElement) {,885,
org/codehaus/jettison/json/JSONObject.java,1435,ConditionalOperatorDeletion,if (!dropObjectKeyName) {,if ( dropObjectKeyName) {,886,
org/codehaus/jettison/json/JSONObject.java,128,ConditionalOperatorReplacement,return object == null || object == this;,return object == null && object == this;,887,
org/codehaus/jettison/json/JSONObject.java,289,ConditionalOperatorReplacement,if (v instanceof Map && v != map) {,if (v instanceof Map || v != map) {,888,
org/codehaus/jettison/json/JSONObject.java,397,ConditionalOperatorReplacement,if (Double.isInfinite(d) || Double.isNaN(d)) {,if (Double.isInfinite(d) && Double.isNaN(d)) {,889,
org/codehaus/jettison/json/JSONObject.java,404,ConditionalOperatorReplacement,if (s.indexOf('.') > 0 && s.indexOf('e') < 0 && s.indexOf('E') < 0) {,if (s.indexOf('.') > 0 || s.indexOf('e') < 0 && s.indexOf('E') < 0) {,890,
org/codehaus/jettison/json/JSONObject.java,404,ConditionalOperatorReplacement,if (s.indexOf('.') > 0 && s.indexOf('e') < 0 && s.indexOf('E') < 0) {,if (s.indexOf('.') > 0 && s.indexOf('e') < 0 || s.indexOf('E') < 0) {,891,
org/codehaus/jettison/json/JSONObject.java,445,ConditionalOperatorReplacement,if (o.equals(Boolean.FALSE) ||,if (o.equals(Boolean.FALSE) &&,892,
org/codehaus/jettison/json/JSONObject.java,446,ConditionalOperatorReplacement,(o instanceof String &&,(o instanceof String ||,893,
org/codehaus/jettison/json/JSONObject.java,449,ConditionalOperatorReplacement,} else if (o.equals(Boolean.TRUE) ||,} else if (o.equals(Boolean.TRUE) &&,894,
org/codehaus/jettison/json/JSONObject.java,450,ConditionalOperatorReplacement,(o instanceof String &&,(o instanceof String ||,895,
org/codehaus/jettison/json/JSONObject.java,584,ConditionalOperatorReplacement,return JSONObject.NULL.equals(opt(key)) || JSONObject.EXPLICIT_NULL.equals(opt(key));,return JSONObject.NULL.equals(opt(key)) && JSONObject.EXPLICIT_NULL.equals(opt(key));,896,
org/codehaus/jettison/json/JSONObject.java,639,ConditionalOperatorReplacement,if (s.indexOf('.') > 0 && s.indexOf('e') < 0 && s.indexOf('E') < 0) {,if (s.indexOf('.') > 0 || s.indexOf('e') < 0 && s.indexOf('E') < 0) {,897,
org/codehaus/jettison/json/JSONObject.java,639,ConditionalOperatorReplacement,if (s.indexOf('.') > 0 && s.indexOf('e') < 0 && s.indexOf('E') < 0) {,if (s.indexOf('.') > 0 && s.indexOf('e') < 0 || s.indexOf('E') < 0) {,898,
org/codehaus/jettison/json/JSONObject.java,975,ConditionalOperatorReplacement,if (!checkExistingValue || !this.myHashMap.containsKey(key)) {,if (!checkExistingValue && !this.myHashMap.containsKey(key)) {,899,
org/codehaus/jettison/json/JSONObject.java,977,ConditionalOperatorReplacement,if (threshold > 0 && myHashMap.size() >= threshold) {,if (threshold > 0 || myHashMap.size() >= threshold) {,900,
org/codehaus/jettison/json/JSONObject.java,1011,ConditionalOperatorReplacement,if (key != null && value != null) {,if (key != null || value != null) {,901,
org/codehaus/jettison/json/JSONObject.java,1031,ConditionalOperatorReplacement,if (string == null || string.length() == 0) {,if (string == null && string.length() == 0) {,902,
org/codehaus/jettison/json/JSONObject.java,1052,ConditionalOperatorReplacement,if (escapeForwardSlashAlways || i > 0 && string.charAt(i - 1) == '<') {,if (escapeForwardSlashAlways && i > 0 && string.charAt(i - 1) == '<') {,903,
org/codehaus/jettison/json/JSONObject.java,1052,ConditionalOperatorReplacement,if (escapeForwardSlashAlways || i > 0 && string.charAt(i - 1) == '<') {,if (escapeForwardSlashAlways || i > 0 || string.charAt(i - 1) == '<') {,904,
org/codehaus/jettison/json/JSONObject.java,1110,ConditionalOperatorReplacement,if (((Double)o).isInfinite() || ((Double)o).isNaN()) {,if (((Double)o).isInfinite() && ((Double)o).isNaN()) {,905,
org/codehaus/jettison/json/JSONObject.java,1115,ConditionalOperatorReplacement,if (((Float)o).isInfinite() || ((Float)o).isNaN()) {,if (((Float)o).isInfinite() && ((Float)o).isNaN()) {,906,
org/codehaus/jettison/json/JSONObject.java,1133,ConditionalOperatorReplacement,if (names == null || names.length() == 0) {,if (names == null && names.length() == 0) {,907,
org/codehaus/jettison/json/JSONObject.java,1274,ConditionalOperatorReplacement,if (value == null || value.equals(null)) {,if (value == null && value.equals(null)) {,908,
org/codehaus/jettison/json/JSONObject.java,1292,ConditionalOperatorReplacement,if (value instanceof Boolean || value instanceof JSONObject ||,if (value instanceof Boolean && value instanceof JSONObject ||,909,
org/codehaus/jettison/json/JSONObject.java,1292,ConditionalOperatorReplacement,if (value instanceof Boolean || value instanceof JSONObject ||,if (value instanceof Boolean || value instanceof JSONObject &&,910,
org/codehaus/jettison/json/JSONObject.java,1316,ConditionalOperatorReplacement,if (value == null || value.equals(null)) {,if (value == null && value.equals(null)) {,911,
org/codehaus/jettison/json/JSONObject.java,1395,ConditionalOperatorReplacement,dropObjectKeyName = dropRootElement,dropObjectKeyName = dropRootElement,912,
org/codehaus/jettison/json/JSONObject.java,1396,ConditionalOperatorReplacement,|| ignoredElements != null && ignoredElements.contains(keys().next());,|| ignoredElements != null || ignoredElements.contains(keys().next());,913,
org/codehaus/jettison/json/JSONObject.java,1416,ConditionalOperatorReplacement,mayBeDropSimpleElement = hashMapSize > 1,mayBeDropSimpleElement = hashMapSize > 1,914,
org/codehaus/jettison/json/JSONObject.java,1416,ConditionalOperatorReplacement,mayBeDropSimpleElement = hashMapSize > 1,mayBeDropSimpleElement = hashMapSize > 1,915,
org/codehaus/jettison/json/JSONObject.java,127,NullifyInputVariable,public boolean equals(Object object) {,public boolean equals(Object object) { object = null;,916,
org/codehaus/jettison/json/JSONObject.java,349,NullifyInputVariable,throws JSONException {,throws JSONException { value = null;,917,
org/codehaus/jettison/json/JSONObject.java,349,NullifyInputVariable,throws JSONException {,throws JSONException { key = null;,918,
org/codehaus/jettison/json/JSONObject.java,375,NullifyInputVariable,throws JSONException {,throws JSONException { value = null;,919,
org/codehaus/jettison/json/JSONObject.java,375,NullifyInputVariable,throws JSONException {,throws JSONException { key = null;,920,
org/codehaus/jettison/json/JSONObject.java,423,NullifyInputVariable,public Object get(String key) throws JSONException {,public Object get(String key) throws JSONException { key = null;,921,
org/codehaus/jettison/json/JSONObject.java,441,NullifyInputVariable,public boolean getBoolean(String key) throws JSONException {,public boolean getBoolean(String key) throws JSONException { key = null;,922,
org/codehaus/jettison/json/JSONObject.java,444,NullifyInputVariable,"private boolean doGetBoolean(String key, Object o) throws JSONException {","private boolean doGetBoolean(String key, Object o) throws JSONException { o = null;",923,
org/codehaus/jettison/json/JSONObject.java,444,NullifyInputVariable,"private boolean doGetBoolean(String key, Object o) throws JSONException {","private boolean doGetBoolean(String key, Object o) throws JSONException { key = null;",924,
org/codehaus/jettison/json/JSONObject.java,466,NullifyInputVariable,public double getDouble(String key) throws JSONException {,public double getDouble(String key) throws JSONException { key = null;,925,
org/codehaus/jettison/json/JSONObject.java,469,NullifyInputVariable,"private double doGetDouble(String key, Object o) throws JSONException {","private double doGetDouble(String key, Object o) throws JSONException { o = null;",926,
org/codehaus/jettison/json/JSONObject.java,469,NullifyInputVariable,"private double doGetDouble(String key, Object o) throws JSONException {","private double doGetDouble(String key, Object o) throws JSONException { key = null;",927,
org/codehaus/jettison/json/JSONObject.java,490,NullifyInputVariable,public int getInt(String key) throws JSONException {,public int getInt(String key) throws JSONException { key = null;,928,
org/codehaus/jettison/json/JSONObject.java,494,NullifyInputVariable,"private int doGetInt(String key, Object o) throws JSONException {","private int doGetInt(String key, Object o) throws JSONException { o = null;",929,
org/codehaus/jettison/json/JSONObject.java,494,NullifyInputVariable,"private int doGetInt(String key, Object o) throws JSONException {","private int doGetInt(String key, Object o) throws JSONException { key = null;",930,
org/codehaus/jettison/json/JSONObject.java,507,NullifyInputVariable,public JSONArray getJSONArray(String key) throws JSONException {,public JSONArray getJSONArray(String key) throws JSONException { key = null;,931,
org/codehaus/jettison/json/JSONObject.java,525,NullifyInputVariable,public JSONObject getJSONObject(String key) throws JSONException {,public JSONObject getJSONObject(String key) throws JSONException { key = null;,932,
org/codehaus/jettison/json/JSONObject.java,544,NullifyInputVariable,public long getLong(String key) throws JSONException {,public long getLong(String key) throws JSONException { key = null;,933,
org/codehaus/jettison/json/JSONObject.java,548,NullifyInputVariable,"private long doGetLong(String key, Object o) throws JSONException {","private long doGetLong(String key, Object o) throws JSONException { o = null;",934,
org/codehaus/jettison/json/JSONObject.java,548,NullifyInputVariable,"private long doGetLong(String key, Object o) throws JSONException {","private long doGetLong(String key, Object o) throws JSONException { key = null;",935,
org/codehaus/jettison/json/JSONObject.java,561,NullifyInputVariable,public String getString(String key) throws JSONException {,public String getString(String key) throws JSONException { key = null;,936,
org/codehaus/jettison/json/JSONObject.java,571,NullifyInputVariable,public boolean has(String key) {,public boolean has(String key) { key = null;,937,
org/codehaus/jettison/json/JSONObject.java,583,NullifyInputVariable,public boolean isNull(String key) {,public boolean isNull(String key) { key = null;,938,
org/codehaus/jettison/json/JSONObject.java,630,NullifyInputVariable,throws JSONException {,throws JSONException { n = null;,939,
org/codehaus/jettison/json/JSONObject.java,656,NullifyInputVariable,public Object opt(String key) {,public Object opt(String key) { key = null;,940,
org/codehaus/jettison/json/JSONObject.java,669,NullifyInputVariable,public boolean optBoolean(String key) {,public boolean optBoolean(String key) { key = null;,941,
org/codehaus/jettison/json/JSONObject.java,683,NullifyInputVariable,"public boolean optBoolean(String key, boolean defaultValue) {","public boolean optBoolean(String key, boolean defaultValue) { key = null;",942,
org/codehaus/jettison/json/JSONObject.java,705,NullifyInputVariable,"public JSONObject put(String key, Collection value) throws JSONException {","public JSONObject put(String key, Collection value) throws JSONException { value = null;",943,
org/codehaus/jettison/json/JSONObject.java,705,NullifyInputVariable,"public JSONObject put(String key, Collection value) throws JSONException {","public JSONObject put(String key, Collection value) throws JSONException { key = null;",944,
org/codehaus/jettison/json/JSONObject.java,720,NullifyInputVariable,public double optDouble(String key) {,public double optDouble(String key) { key = null;,945,
org/codehaus/jettison/json/JSONObject.java,735,NullifyInputVariable,"public double optDouble(String key, double defaultValue) {","public double optDouble(String key, double defaultValue) { key = null;",946,
org/codehaus/jettison/json/JSONObject.java,758,NullifyInputVariable,public int optInt(String key) {,public int optInt(String key) { key = null;,947,
org/codehaus/jettison/json/JSONObject.java,773,NullifyInputVariable,"public int optInt(String key, int defaultValue) {","public int optInt(String key, int defaultValue) { key = null;",948,
org/codehaus/jettison/json/JSONObject.java,795,NullifyInputVariable,public JSONArray optJSONArray(String key) {,public JSONArray optJSONArray(String key) { key = null;,949,
org/codehaus/jettison/json/JSONObject.java,809,NullifyInputVariable,public JSONObject optJSONObject(String key) {,public JSONObject optJSONObject(String key) { key = null;,950,
org/codehaus/jettison/json/JSONObject.java,824,NullifyInputVariable,public long optLong(String key) {,public long optLong(String key) { key = null;,951,
org/codehaus/jettison/json/JSONObject.java,839,NullifyInputVariable,"public long optLong(String key, long defaultValue) {","public long optLong(String key, long defaultValue) { key = null;",952,
org/codehaus/jettison/json/JSONObject.java,861,NullifyInputVariable,public String optString(String key) {,public String optString(String key) { key = null;,953,
org/codehaus/jettison/json/JSONObject.java,874,NullifyInputVariable,"public String optString(String key, String defaultValue) {","public String optString(String key, String defaultValue) { defaultValue = null;",954,
org/codehaus/jettison/json/JSONObject.java,874,NullifyInputVariable,"public String optString(String key, String defaultValue) {","public String optString(String key, String defaultValue) { key = null;",955,
org/codehaus/jettison/json/JSONObject.java,888,NullifyInputVariable,"public JSONObject put(String key, boolean value) throws JSONException {","public JSONObject put(String key, boolean value) throws JSONException { key = null;",956,
org/codehaus/jettison/json/JSONObject.java,902,NullifyInputVariable,"public JSONObject put(String key, double value) throws JSONException {","public JSONObject put(String key, double value) throws JSONException { key = null;",957,
org/codehaus/jettison/json/JSONObject.java,916,NullifyInputVariable,"public JSONObject put(String key, int value) throws JSONException {","public JSONObject put(String key, int value) throws JSONException { key = null;",958,
org/codehaus/jettison/json/JSONObject.java,930,NullifyInputVariable,"public JSONObject put(String key, long value) throws JSONException {","public JSONObject put(String key, long value) throws JSONException { key = null;",959,
org/codehaus/jettison/json/JSONObject.java,944,NullifyInputVariable,"public JSONObject put(String key, Map value) throws JSONException {","public JSONObject put(String key, Map value) throws JSONException { value = null;",960,
org/codehaus/jettison/json/JSONObject.java,944,NullifyInputVariable,"public JSONObject put(String key, Map value) throws JSONException {","public JSONObject put(String key, Map value) throws JSONException { key = null;",961,
org/codehaus/jettison/json/JSONObject.java,961,NullifyInputVariable,"public JSONObject put(String key, Object value) throws JSONException {","public JSONObject put(String key, Object value) throws JSONException { value = null;",962,
org/codehaus/jettison/json/JSONObject.java,961,NullifyInputVariable,"public JSONObject put(String key, Object value) throws JSONException {","public JSONObject put(String key, Object value) throws JSONException { key = null;",963,
org/codehaus/jettison/json/JSONObject.java,969,NullifyInputVariable,throws JSONException {,throws JSONException { value = null;,964,
org/codehaus/jettison/json/JSONObject.java,969,NullifyInputVariable,throws JSONException {,throws JSONException { key = null;,965,
org/codehaus/jettison/json/JSONObject.java,1010,NullifyInputVariable,"public JSONObject putOpt(String key, Object value) throws JSONException {","public JSONObject putOpt(String key, Object value) throws JSONException { value = null;",966,
org/codehaus/jettison/json/JSONObject.java,1010,NullifyInputVariable,"public JSONObject putOpt(String key, Object value) throws JSONException {","public JSONObject putOpt(String key, Object value) throws JSONException { key = null;",967,
org/codehaus/jettison/json/JSONObject.java,1027,NullifyInputVariable,public static String quote(String string) {,public static String quote(String string) { string = null;,968,
org/codehaus/jettison/json/JSONObject.java,1030,NullifyInputVariable,"public static String quote(String string, boolean escapeForwardSlashAlways) {","public static String quote(String string, boolean escapeForwardSlashAlways) { string = null;",969,
org/codehaus/jettison/json/JSONObject.java,1097,NullifyInputVariable,public Object remove(String key) {,public Object remove(String key) { key = null;,970,
org/codehaus/jettison/json/JSONObject.java,1107,NullifyInputVariable,static void testValidity(Object o) throws JSONException {,static void testValidity(Object o) throws JSONException { o = null;,971,
org/codehaus/jettison/json/JSONObject.java,1132,NullifyInputVariable,public JSONArray toJSONArray(JSONArray names) throws JSONException {,public JSONArray toJSONArray(JSONArray names) throws JSONException { names = null;,972,
org/codehaus/jettison/json/JSONObject.java,1149,NullifyInputVariable,public boolean equals(Object obj) {,public boolean equals(Object obj) { obj = null;,973,
org/codehaus/jettison/json/JSONObject.java,1272,NullifyInputVariable,"static String valueToString(Object value, boolean escapeForwardSlash) throws JSONException {","static String valueToString(Object value, boolean escapeForwardSlash) throws JSONException { value = null;",974,
org/codehaus/jettison/json/JSONObject.java,1315,NullifyInputVariable,throws JSONException {,throws JSONException { value = null;,975,
org/codehaus/jettison/json/JSONObject.java,1389,NullifyInputVariable,public Writer write(Writer writer) throws JSONException {,public Writer write(Writer writer) throws JSONException { writer = null;,976,
org/codehaus/jettison/json/JSONObject.java,162,NullifyObjectInitialization,public static final Object NULL = new Null();,public static final Object NULL = null;,977,
org/codehaus/jettison/json/JSONObject.java,163,NullifyObjectInitialization,public static final Object EXPLICIT_NULL = new Null(true);,public static final Object EXPLICIT_NULL = null;,978,
org/codehaus/jettison/json/JSONObject.java,179,NullifyObjectInitialization,"this.myHashMap = new LinkedHashMap<Object,Object>();",this.myHashMap = null;,979,
org/codehaus/jettison/json/JSONObject.java,278,NullifyObjectInitialization,"throw new JSONException(""JSONObject has reached recursion depth limit of "" + RECURSION_DEPTH_LIMIT);",throw null;,980,
org/codehaus/jettison/json/JSONObject.java,281,NullifyObjectInitialization,"new LinkedHashMap<Object,Object>() :",null :,981,
org/codehaus/jettison/json/JSONObject.java,282,NullifyObjectInitialization,"new LinkedHashMap<Object,Object>(map);",null;,982,
org/codehaus/jettison/json/JSONObject.java,287,NullifyObjectInitialization,"myHashMap.put(entry.getKey(), new JSONArray((Collection) v));","myHashMap.put(entry.getKey(), null);",983,
org/codehaus/jettison/json/JSONObject.java,290,NullifyObjectInitialization,"myHashMap.put(entry.getKey(), new JSONObject((Map) v, recursionDepth + 1));","myHashMap.put(entry.getKey(), null);",984,
org/codehaus/jettison/json/JSONObject.java,332,NullifyObjectInitialization,this(new JSONTokener(string));,this(null);,985,
org/codehaus/jettison/json/JSONObject.java,357,NullifyObjectInitialization,"put(key, new JSONArray().put(o).put(value));","put(key, null.put(o).put(value));",986,
org/codehaus/jettison/json/JSONObject.java,379,NullifyObjectInitialization,"put(key, new JSONArray().put(value));","put(key, null.put(value));",987,
org/codehaus/jettison/json/JSONObject.java,381,NullifyObjectInitialization,"throw new JSONException(""JSONObject["" + key +",throw null;,988,
org/codehaus/jettison/json/JSONObject.java,426,NullifyObjectInitialization,"throw new JSONException(""JSONObject["" + quote(key) +",throw null;,989,
org/codehaus/jettison/json/JSONObject.java,454,NullifyObjectInitialization,"throw new JSONException(""JSONObject["" + quote(key) +",throw null;,990,
org/codehaus/jettison/json/JSONObject.java,475,NullifyObjectInitialization,"throw new JSONException(""JSONObject["" + quote(key) +",throw null;,991,
org/codehaus/jettison/json/JSONObject.java,512,NullifyObjectInitialization,"throw new JSONException(""JSONObject["" + quote(key) +",throw null;,992,
org/codehaus/jettison/json/JSONObject.java,530,NullifyObjectInitialization,"throw new JSONException(""JSONObject["" + quote(key) +",throw null;,993,
org/codehaus/jettison/json/JSONObject.java,615,NullifyObjectInitialization,JSONArray ja = new JSONArray();,JSONArray ja = null;,994,
org/codehaus/jettison/json/JSONObject.java,632,NullifyObjectInitialization,"throw new JSONException(""Null pointer"");",throw null;,995,
org/codehaus/jettison/json/JSONObject.java,691,NullifyObjectInitialization,throw new RuntimeException(ex);,throw null;,996,
org/codehaus/jettison/json/JSONObject.java,706,NullifyObjectInitialization,"put(key, new JSONArray(value));","put(key, null);",997,
org/codehaus/jettison/json/JSONObject.java,743,NullifyObjectInitialization,throw new RuntimeException(ex);,throw null;,998,
org/codehaus/jettison/json/JSONObject.java,781,NullifyObjectInitialization,throw new RuntimeException(ex);,throw null;,999,
org/codehaus/jettison/json/JSONStringer.java,55,NullifyObjectInitialization,super(new StringWriter());,super(null);,1255,
org/codehaus/jettison/json/JSONStringer.java,67,NullifyReturnValue,return this.mode == 'd' ? this.writer.toString() : null;,return null;,1256,
org/codehaus/jettison/json/JSONStringer.java,67,RelationalOperatorReplacement,return this.mode == 'd' ? this.writer.toString() : null;,return this.mode != 'd' ? this.writer.toString() : null;,1257,
org/codehaus/jettison/json/JSONStringer.java,66,RemoveMethod,public String toString() {,public String toString() {,1258,
org/codehaus/jettison/json/JSONStringer.java,66,RemoveMethod,public String toString() {,public String toString() {,1259,
org/codehaus/jettison/json/JSONTokener.java,97,ArithmeticOperatorReplacementBinary,return c - '0';,return c + '0';,1260,
org/codehaus/jettison/json/JSONTokener.java,100,ArithmeticOperatorReplacementBinary,return c - ('A' - 10);,return c + ('A' - 10);,1261,
org/codehaus/jettison/json/JSONTokener.java,100,ArithmeticOperatorReplacementBinary,return c - ('A' - 10);,return c - ('A' + 10);,1262,
org/codehaus/jettison/json/JSONTokener.java,103,ArithmeticOperatorReplacementBinary,return c - ('a' - 10);,return c + ('a' - 10);,1263,
org/codehaus/jettison/json/JSONTokener.java,103,ArithmeticOperatorReplacementBinary,return c - ('a' - 10);,return c - ('a' + 10);,1264,
org/codehaus/jettison/json/JSONTokener.java,162,ArithmeticOperatorReplacementBinary,int j = i + n;,int j = i - n;,1265,
org/codehaus/jettison/json/JSONTokener.java,492,ArithmeticOperatorReplacementBinary,"return new JSONException(message + toString(), 0, myIndex);","return new JSONException(message - toString(), 0, myIndex);",1266,
org/codehaus/jettison/json/JSONTokener.java,430,ArithmeticOperatorReplacementShortcut,recursionDepth--;,recursionDepth++;,1267,
org/codehaus/jettison/json/JSONTokener.java,437,ArithmeticOperatorReplacementShortcut,recursionDepth--;,recursionDepth++;,1268,
org/codehaus/jettison/json/JSONTokener.java,442,ArithmeticOperatorReplacementShortcut,recursionDepth++;,recursionDepth--;,1269,
org/codehaus/jettison/json/JSONTokener.java,46,ArithmeticOperatorReplacementUnary,private int threshold = -1;,private int threshold = +1;,1270,
org/codehaus/jettison/json/JSONTokener.java,105,ArithmeticOperatorReplacementUnary,return -1;,return +1;,1271,
org/codehaus/jettison/json/JSONTokener.java,83,AssignmentOperatorReplacementShortcut,this.myIndex -= 1;,this.myIndex += 1;,1272,
org/codehaus/jettison/json/JSONTokener.java,127,AssignmentOperatorReplacementShortcut,this.myIndex += 1;,this.myIndex -= 1;,1273,
org/codehaus/jettison/json/JSONTokener.java,166,AssignmentOperatorReplacementShortcut,this.myIndex += n;,this.myIndex -= n;,1274,
org/codehaus/jettison/json/JSONTokener.java,480,AssignmentOperatorReplacementShortcut,this.myIndex += to.length();,this.myIndex -= to.length();,1275,
org/codehaus/jettison/json/JSONTokener.java,201,ConditionalOperatorDeletion,if (!more()) {,if ( more()) {,1276,
org/codehaus/jettison/json/JSONTokener.java,96,ConditionalOperatorReplacement,if (c >= '0' && c <= '9') {,if (c >= '0' || c <= '9') {,1277,
org/codehaus/jettison/json/JSONTokener.java,99,ConditionalOperatorReplacement,if (c >= 'A' && c <= 'F') {,if (c >= 'A' || c <= 'F') {,1278,
org/codehaus/jettison/json/JSONTokener.java,102,ConditionalOperatorReplacement,if (c >= 'a' && c <= 'f') {,if (c >= 'a' || c <= 'f') {,1279,
org/codehaus/jettison/json/JSONTokener.java,185,ConditionalOperatorReplacement,} while (c != '\n' && c != '\r' && c != 0);,} while (c != '\n' || c != '\r' && c != 0);,1280,
org/codehaus/jettison/json/JSONTokener.java,185,ConditionalOperatorReplacement,} while (c != '\n' && c != '\r' && c != 0);,} while (c != '\n' && c != '\r' || c != 0);,1281,
org/codehaus/jettison/json/JSONTokener.java,210,ConditionalOperatorReplacement,} while (c != '\n' && c != '\r' && c != 0);,} while (c != '\n' || c != '\r' && c != 0);,1282,
org/codehaus/jettison/json/JSONTokener.java,210,ConditionalOperatorReplacement,} while (c != '\n' && c != '\r' && c != 0);,} while (c != '\n' && c != '\r' || c != 0);,1283,
org/codehaus/jettison/json/JSONTokener.java,211,ConditionalOperatorReplacement,} else if (c == 0 || c > ' ') {,} else if (c == 0 && c > ' ') {,1284,
org/codehaus/jettison/json/JSONTokener.java,287,ConditionalOperatorReplacement,if (c == d || c == 0 || c == '\n' || c == '\r') {,if (c == d && c == 0 || c == '\n' || c == '\r') {,1285,
org/codehaus/jettison/json/JSONTokener.java,287,ConditionalOperatorReplacement,if (c == d || c == 0 || c == '\n' || c == '\r') {,if (c == d || c == 0 && c == '\n' || c == '\r') {,1286,
org/codehaus/jettison/json/JSONTokener.java,287,ConditionalOperatorReplacement,if (c == d || c == 0 || c == '\n' || c == '\r') {,if (c == d || c == 0 || c == '\n' && c == '\r') {,1287,
org/codehaus/jettison/json/JSONTokener.java,309,ConditionalOperatorReplacement,if (delimiters.indexOf(c) >= 0 || c == 0 ||,if (delimiters.indexOf(c) >= 0 && c == 0 ||,1288,
org/codehaus/jettison/json/JSONTokener.java,309,ConditionalOperatorReplacement,if (delimiters.indexOf(c) >= 0 || c == 0 ||,if (delimiters.indexOf(c) >= 0 || c == 0 &&,1289,
org/codehaus/jettison/json/JSONTokener.java,309,ConditionalOperatorReplacement,if (delimiters.indexOf(c) >= 0 || c == 0 ||,if (delimiters.indexOf(c) >= 0 || c == 0 ||,1290,
org/codehaus/jettison/json/JSONTokener.java,356,ConditionalOperatorReplacement,"while (c >= ' ' && "",:]}/\\\""[{;=#"".indexOf(c) < 0) {","while (c >= ' ' || "",:]}/\\\""[{;=#"".indexOf(c) < 0) {",1291,
org/codehaus/jettison/json/JSONTokener.java,388,ConditionalOperatorReplacement,if ((b >= '0' && b <= '9') || b == '.' || b == '-' || b == '+') {,if ((b >= '0' || b <= '9') || b == '.' || b == '-' || b == '+') {,1292,
org/codehaus/jettison/json/JSONTokener.java,388,ConditionalOperatorReplacement,if ((b >= '0' && b <= '9') || b == '.' || b == '-' || b == '+') {,if ((b >= '0' && b <= '9') && b == '.' || b == '-' || b == '+') {,1293,
org/codehaus/jettison/json/JSONTokener.java,388,ConditionalOperatorReplacement,if ((b >= '0' && b <= '9') || b == '.' || b == '-' || b == '+') {,if ((b >= '0' && b <= '9') || b == '.' && b == '-' || b == '+') {,1294,
org/codehaus/jettison/json/JSONTokener.java,388,ConditionalOperatorReplacement,if ((b >= '0' && b <= '9') || b == '.' || b == '-' || b == '+') {,if ((b >= '0' && b <= '9') || b == '.' || b == '-' && b == '+') {,1295,
org/codehaus/jettison/json/JSONTokener.java,390,ConditionalOperatorReplacement,if (s.length() > 2 &&,if (s.length() > 2 ||,1296,
org/codehaus/jettison/json/JSONTokener.java,391,ConditionalOperatorReplacement,(s.charAt(1) == 'x' || s.charAt(1) == 'X')) {,(s.charAt(1) == 'x' && s.charAt(1) == 'X')) {,1297,
org/codehaus/jettison/json/JSONTokener.java,304,NullifyInputVariable,public String nextTo(String delimiters) {,public String nextTo(String delimiters) { delimiters = null;,1298,
org/codehaus/jettison/json/JSONTokener.java,475,NullifyInputVariable,public void skipPast(String to) {,public void skipPast(String to) { to = null;,1299,
org/codehaus/jettison/json/JSONTokener.java,491,NullifyInputVariable,public JSONException syntaxError(String message) {,public JSONException syntaxError(String message) { message = null;,1300,
org/codehaus/jettison/json/JSONTokener.java,231,NullifyObjectInitialization,StringBuilder sb = new StringBuilder();,StringBuilder sb = null;,1301,
org/codehaus/jettison/json/JSONTokener.java,284,NullifyObjectInitialization,StringBuilder sb = new StringBuilder();,StringBuilder sb = null;,1302,
org/codehaus/jettison/json/JSONTokener.java,306,NullifyObjectInitialization,StringBuilder sb = new StringBuilder();,StringBuilder sb = null;,1303,
org/codehaus/jettison/json/JSONTokener.java,354,NullifyObjectInitialization,StringBuilder sb = new StringBuilder();,StringBuilder sb = null;,1304,
org/codehaus/jettison/json/JSONTokener.java,414,NullifyObjectInitialization,return new BigDecimal(s);,return null;,1305,
org/codehaus/jettison/json/JSONTokener.java,416,NullifyObjectInitialization,return new Double(s);,return null;,1306,
org/codehaus/jettison/json/JSONTokener.java,429,NullifyObjectInitialization,JSONObject object = new JSONObject(this);,JSONObject object = null;,1307,
org/codehaus/jettison/json/JSONTokener.java,436,NullifyObjectInitialization,JSONArray array = new JSONArray(this);,JSONArray array = null;,1308,
org/codehaus/jettison/json/JSONTokener.java,444,NullifyObjectInitialization,"throw new JSONException(""JSONTokener has reached recursion depth limit of "" + JSONObject.RECURSION_DEPTH_LIMIT);",throw null;,1309,
org/codehaus/jettison/json/JSONTokener.java,492,NullifyObjectInitialization,"return new JSONException(message + toString(), 0, myIndex);",return null;,1310,
org/codehaus/jettison/json/JSONTokener.java,167,NullifyReturnValue,"return this.mySource.substring(i, j);",return null;,1311,
org/codehaus/jettison/json/JSONTokener.java,269,NullifyReturnValue,return sb.toString();,return null;,1312,
org/codehaus/jettison/json/JSONTokener.java,291,NullifyReturnValue,return sb.toString().trim();,return null;,1313,
org/codehaus/jettison/json/JSONTokener.java,314,NullifyReturnValue,return sb.toString().trim();,return null;,1314,
org/codehaus/jettison/json/JSONTokener.java,336,NullifyReturnValue,return nextString(c);,return null;,1315,
org/codehaus/jettison/json/JSONTokener.java,339,NullifyReturnValue,return newJSONObject();,return null;,1316,
org/codehaus/jettison/json/JSONTokener.java,342,NullifyReturnValue,return newJSONArray();,return null;,1317,
org/codehaus/jettison/json/JSONTokener.java,371,NullifyReturnValue,return Boolean.TRUE;,return null;,1318,
org/codehaus/jettison/json/JSONTokener.java,374,NullifyReturnValue,return Boolean.FALSE;,return null;,1319,
org/codehaus/jettison/json/JSONTokener.java,377,NullifyReturnValue,return JSONObject.EXPLICIT_NULL;,return null;,1320,
org/codehaus/jettison/json/JSONTokener.java,393,NullifyReturnValue,"return Integer.valueOf(Integer.parseInt(s.substring(2),",return null;,1321,
org/codehaus/jettison/json/JSONTokener.java,400,NullifyReturnValue,"return Integer.valueOf(Integer.parseInt(s, 8));",return null;,1322,
org/codehaus/jettison/json/JSONTokener.java,407,NullifyReturnValue,return Integer.valueOf(s);,return null;,1323,
org/codehaus/jettison/json/JSONTokener.java,410,NullifyReturnValue,return Long.valueOf(s);,return null;,1324,
org/codehaus/jettison/json/JSONTokener.java,414,NullifyReturnValue,return new BigDecimal(s);,return null;,1325,
org/codehaus/jettison/json/JSONTokener.java,416,NullifyReturnValue,return new Double(s);,return null;,1326,
org/codehaus/jettison/json/JSONTokener.java,419,NullifyReturnValue,return s;,return null;,1327,
org/codehaus/jettison/json/JSONTokener.java,424,NullifyReturnValue,return s;,return null;,1328,
org/codehaus/jettison/json/JSONTokener.java,431,NullifyReturnValue,return object;,return null;,1329,
org/codehaus/jettison/json/JSONTokener.java,438,NullifyReturnValue,return array;,return null;,1330,
org/codehaus/jettison/json/JSONTokener.java,492,NullifyReturnValue,"return new JSONException(message + toString(), 0, myIndex);",return null;,1331,
org/codehaus/jettison/json/JSONTokener.java,502,NullifyReturnValue,"return "" at character "" + this.myIndex + "" of "" + this.mySource;",return null;,1332,
org/codehaus/jettison/json/JSONTokener.java,82,RelationalOperatorReplacement,if (this.myIndex > 0) {,if (this.myIndex >= 0) {,1333,
org/codehaus/jettison/json/JSONTokener.java,96,RelationalOperatorReplacement,if (c >= '0' && c <= '9') {,if (c > '0' && c <= '9') {,1334,
org/codehaus/jettison/json/JSONTokener.java,96,RelationalOperatorReplacement,if (c >= '0' && c <= '9') {,if (c >= '0' && c < '9') {,1335,
org/codehaus/jettison/json/JSONTokener.java,99,RelationalOperatorReplacement,if (c >= 'A' && c <= 'F') {,if (c > 'A' && c <= 'F') {,1336,
org/codehaus/jettison/json/JSONTokener.java,99,RelationalOperatorReplacement,if (c >= 'A' && c <= 'F') {,if (c >= 'A' && c < 'F') {,1337,
org/codehaus/jettison/json/JSONTokener.java,102,RelationalOperatorReplacement,if (c >= 'a' && c <= 'f') {,if (c > 'a' && c <= 'f') {,1338,
org/codehaus/jettison/json/JSONTokener.java,102,RelationalOperatorReplacement,if (c >= 'a' && c <= 'f') {,if (c >= 'a' && c < 'f') {,1339,
org/codehaus/jettison/json/JSONTokener.java,115,RelationalOperatorReplacement,return this.myIndex < this.mySource.length();,return this.myIndex <= this.mySource.length();,1340,
org/codehaus/jettison/json/JSONTokener.java,143,RelationalOperatorReplacement,if (n != c) {,if (n == c) {,1341,
org/codehaus/jettison/json/JSONTokener.java,163,RelationalOperatorReplacement,if (j >= this.mySource.length()) {,if (j > this.mySource.length()) {,1342,
org/codehaus/jettison/json/JSONTokener.java,180,RelationalOperatorReplacement,if (c == '/') {,if (c != '/') {,1343,
org/codehaus/jettison/json/JSONTokener.java,185,RelationalOperatorReplacement,} while (c != '\n' && c != '\r' && c != 0);,} while (c == '\n' && c != '\r' && c != 0);,1344,
org/codehaus/jettison/json/JSONTokener.java,185,RelationalOperatorReplacement,} while (c != '\n' && c != '\r' && c != 0);,} while (c != '\n' && c == '\r' && c != 0);,1345,
org/codehaus/jettison/json/JSONTokener.java,185,RelationalOperatorReplacement,} while (c != '\n' && c != '\r' && c != 0);,} while (c != '\n' && c != '\r' && c == 0);,1346,
org/codehaus/jettison/json/JSONTokener.java,190,RelationalOperatorReplacement,if (c == 0) {,if (c != 0) {,1347,
org/codehaus/jettison/json/JSONTokener.java,193,RelationalOperatorReplacement,if (c == '*') {,if (c != '*') {,1348,
org/codehaus/jettison/json/JSONTokener.java,194,RelationalOperatorReplacement,if (next() == '/') {,if (next() != '/') {,1349,
org/codehaus/jettison/json/JSONTokener.java,207,RelationalOperatorReplacement,} else if (c == '#') {,} else if (c != '#') {,1350,
org/codehaus/jettison/json/JSONTokener.java,210,RelationalOperatorReplacement,} while (c != '\n' && c != '\r' && c != 0);,} while (c == '\n' && c != '\r' && c != 0);,1351,
org/codehaus/jettison/json/JSONTokener.java,210,RelationalOperatorReplacement,} while (c != '\n' && c != '\r' && c != 0);,} while (c != '\n' && c == '\r' && c != 0);,1352,
org/codehaus/jettison/json/JSONTokener.java,210,RelationalOperatorReplacement,} while (c != '\n' && c != '\r' && c != 0);,} while (c != '\n' && c != '\r' && c == 0);,1353,
org/codehaus/jettison/json/JSONTokener.java,211,RelationalOperatorReplacement,} else if (c == 0 || c > ' ') {,} else if (c != 0 || c > ' ') {,1354,
org/codehaus/jettison/json/JSONTokener.java,211,RelationalOperatorReplacement,} else if (c == 0 || c > ' ') {,} else if (c == 0 || c >= ' ') {,1355,
org/codehaus/jettison/json/JSONTokener.java,268,RelationalOperatorReplacement,if (c == quote) {,if (c != quote) {,1356,
org/codehaus/jettison/json/JSONTokener.java,287,RelationalOperatorReplacement,if (c == d || c == 0 || c == '\n' || c == '\r') {,if (c != d || c == 0 || c == '\n' || c == '\r') {,1357,
org/codehaus/jettison/json/JSONTokener.java,287,RelationalOperatorReplacement,if (c == d || c == 0 || c == '\n' || c == '\r') {,if (c == d || c != 0 || c == '\n' || c == '\r') {,1358,
org/codehaus/jettison/json/JSONTokener.java,287,RelationalOperatorReplacement,if (c == d || c == 0 || c == '\n' || c == '\r') {,if (c == d || c == 0 || c != '\n' || c == '\r') {,1359,
org/codehaus/jettison/json/JSONTokener.java,287,RelationalOperatorReplacement,if (c == d || c == 0 || c == '\n' || c == '\r') {,if (c == d || c == 0 || c == '\n' || c != '\r') {,1360,
org/codehaus/jettison/json/JSONTokener.java,288,RelationalOperatorReplacement,if (c != 0) {,if (c == 0) {,1361,
org/codehaus/jettison/json/JSONTokener.java,309,RelationalOperatorReplacement,if (delimiters.indexOf(c) >= 0 || c == 0 ||,if (delimiters.indexOf(c) > 0 || c == 0 ||,1362,
org/codehaus/jettison/json/JSONTokener.java,309,RelationalOperatorReplacement,if (delimiters.indexOf(c) >= 0 || c == 0 ||,if (delimiters.indexOf(c) >= 0 || c != 0 ||,1363,
org/codehaus/jettison/json/JSONTokener.java,310,RelationalOperatorReplacement,c == '\n' || c == '\r') {,c != '\n' || c == '\r') {,1364,
org/codehaus/jettison/json/JSONTokener.java,310,RelationalOperatorReplacement,c == '\n' || c == '\r') {,c == '\n' || c != '\r') {,1365,
org/codehaus/jettison/json/JSONTokener.java,311,RelationalOperatorReplacement,if (c != 0) {,if (c == 0) {,1366,
org/codehaus/jettison/json/JSONTokener.java,356,RelationalOperatorReplacement,"while (c >= ' ' && "",:]}/\\\""[{;=#"".indexOf(c) < 0) {","while (c > ' ' && "",:]}/\\\""[{;=#"".indexOf(c) < 0) {",1367,
org/codehaus/jettison/json/JSONTokener.java,356,RelationalOperatorReplacement,"while (c >= ' ' && "",:]}/\\\""[{;=#"".indexOf(c) < 0) {","while (c >= ' ' && "",:]}/\\\""[{;=#"".indexOf(c) <= 0) {",1368,
org/codehaus/jettison/json/JSONTokener.java,388,RelationalOperatorReplacement,if ((b >= '0' && b <= '9') || b == '.' || b == '-' || b == '+') {,if ((b > '0' && b <= '9') || b == '.' || b == '-' || b == '+') {,1369,
org/codehaus/jettison/json/JSONTokener.java,388,RelationalOperatorReplacement,if ((b >= '0' && b <= '9') || b == '.' || b == '-' || b == '+') {,if ((b >= '0' && b < '9') || b == '.' || b == '-' || b == '+') {,1370,
org/codehaus/jettison/json/JSONTokener.java,388,RelationalOperatorReplacement,if ((b >= '0' && b <= '9') || b == '.' || b == '-' || b == '+') {,if ((b >= '0' && b <= '9') || b != '.' || b == '-' || b == '+') {,1371,
org/codehaus/jettison/json/JSONTokener.java,388,RelationalOperatorReplacement,if ((b >= '0' && b <= '9') || b == '.' || b == '-' || b == '+') {,if ((b >= '0' && b <= '9') || b == '.' || b != '-' || b == '+') {,1372,
org/codehaus/jettison/json/JSONTokener.java,388,RelationalOperatorReplacement,if ((b >= '0' && b <= '9') || b == '.' || b == '-' || b == '+') {,if ((b >= '0' && b <= '9') || b == '.' || b == '-' || b != '+') {,1373,
org/codehaus/jettison/json/JSONTokener.java,389,RelationalOperatorReplacement,if (b == '0') {,if (b != '0') {,1374,
org/codehaus/jettison/json/JSONTokener.java,390,RelationalOperatorReplacement,if (s.length() > 2 &&,if (s.length() >= 2 &&,1375,
org/codehaus/jettison/json/JSONTokener.java,391,RelationalOperatorReplacement,(s.charAt(1) == 'x' || s.charAt(1) == 'X')) {,(s.charAt(1) != 'x' || s.charAt(1) == 'X')) {,1376,
org/codehaus/jettison/json/JSONTokener.java,391,RelationalOperatorReplacement,(s.charAt(1) == 'x' || s.charAt(1) == 'X')) {,(s.charAt(1) == 'x' || s.charAt(1) != 'X')) {,1377,
org/codehaus/jettison/json/JSONTokener.java,443,RelationalOperatorReplacement,if (recursionDepth > JSONObject.RECURSION_DEPTH_LIMIT) {,if (recursionDepth >= JSONObject.RECURSION_DEPTH_LIMIT) {,1378,
org/codehaus/jettison/json/JSONTokener.java,460,RelationalOperatorReplacement,if (c == 0) {,if (c != 0) {,1379,
org/codehaus/jettison/json/JSONTokener.java,464,RelationalOperatorReplacement,} while (c != to);,} while (c == to);,1380,
org/codehaus/jettison/json/JSONTokener.java,477,RelationalOperatorReplacement,if (this.myIndex < 0) {,if (this.myIndex <= 0) {,1381,
org/codehaus/jettison/json/JSONTokener.java,72,RemoveMethod,public int getThreshold() {,public int getThreshold() {,1382,
org/codehaus/jettison/json/JSONTokener.java,72,RemoveMethod,public int getThreshold() {,public int getThreshold() {,1383,
org/codehaus/jettison/json/JSONTokener.java,81,RemoveMethod,public void back() {,public void back() {,1384,
org/codehaus/jettison/json/JSONTokener.java,95,RemoveMethod,public static int dehexchar(char c) {,public static int dehexchar(char c) {,1385,
org/codehaus/jettison/json/JSONTokener.java,95,RemoveMethod,public static int dehexchar(char c) {,public static int dehexchar(char c) {,1386,
org/codehaus/jettison/json/JSONTokener.java,114,RemoveMethod,public boolean more() {,public boolean more() {,1387,
org/codehaus/jettison/json/JSONTokener.java,114,RemoveMethod,public boolean more() {,public boolean more() {,1388,
org/codehaus/jettison/json/JSONTokener.java,124,RemoveMethod,public char next() {,public char next() {,1389,
org/codehaus/jettison/json/JSONTokener.java,124,RemoveMethod,public char next() {,public char next() {,1390,
org/codehaus/jettison/json/JSONTokener.java,141,RemoveMethod,public char next(char c) throws JSONException {,public char next(char c) throws JSONException {,1391,
org/codehaus/jettison/json/JSONTokener.java,141,RemoveMethod,public char next(char c) throws JSONException {,public char next(char c) throws JSONException {,1392,
org/codehaus/jettison/json/JSONTokener.java,160,RemoveMethod,public String next(int n) throws JSONException {,public String next(int n) throws JSONException {,1393,
org/codehaus/jettison/json/JSONTokener.java,160,RemoveMethod,public String next(int n) throws JSONException {,public String next(int n) throws JSONException {,1394,
org/codehaus/jettison/json/JSONTokener.java,177,RemoveMethod,public char nextClean() throws JSONException {,public char nextClean() throws JSONException {,1395,
org/codehaus/jettison/json/JSONTokener.java,177,RemoveMethod,public char nextClean() throws JSONException {,public char nextClean() throws JSONException {,1396,
org/codehaus/jettison/json/JSONTokener.java,229,RemoveMethod,public String nextString(char quote) throws JSONException {,public String nextString(char quote) throws JSONException {,1397,
org/codehaus/jettison/json/JSONTokener.java,229,RemoveMethod,public String nextString(char quote) throws JSONException {,public String nextString(char quote) throws JSONException {,1398,
org/codehaus/jettison/json/JSONTokener.java,283,RemoveMethod,public String nextTo(char d) {,public String nextTo(char d) {,1399,
org/codehaus/jettison/json/JSONTokener.java,283,RemoveMethod,public String nextTo(char d) {,public String nextTo(char d) {,1400,
org/codehaus/jettison/json/JSONTokener.java,304,RemoveMethod,public String nextTo(String delimiters) {,public String nextTo(String delimiters) {,1401,
org/codehaus/jettison/json/JSONTokener.java,304,RemoveMethod,public String nextTo(String delimiters) {,public String nextTo(String delimiters) {,1402,
org/codehaus/jettison/json/JSONTokener.java,329,RemoveMethod,public Object nextValue() throws JSONException {,public Object nextValue() throws JSONException {,1403,
org/codehaus/jettison/json/JSONTokener.java,427,RemoveMethod,protected JSONObject newJSONObject() throws JSONException {,protected JSONObject newJSONObject() throws JSONException {,1404,
org/codehaus/jettison/json/JSONTokener.java,434,RemoveMethod,protected JSONArray newJSONArray() throws JSONException {,protected JSONArray newJSONArray() throws JSONException {,1405,
org/codehaus/jettison/json/JSONTokener.java,441,RemoveMethod,private void checkRecursionDepth() throws JSONException {,private void checkRecursionDepth() throws JSONException {,1406,
org/codehaus/jettison/json/JSONTokener.java,455,RemoveMethod,public char skipTo(char to) {,public char skipTo(char to) {,1407,
org/codehaus/jettison/json/JSONTokener.java,455,RemoveMethod,public char skipTo(char to) {,public char skipTo(char to) {,1408,
org/codehaus/jettison/json/JSONTokener.java,475,RemoveMethod,public void skipPast(String to) {,public void skipPast(String to) {,1409,
org/codehaus/jettison/json/JSONTokener.java,491,RemoveMethod,public JSONException syntaxError(String message) {,public JSONException syntaxError(String message) {,1410,
org/codehaus/jettison/json/JSONTokener.java,501,RemoveMethod,public String toString() {,public String toString() {,1411,
org/codehaus/jettison/json/JSONTokener.java,501,RemoveMethod,public String toString() {,public String toString() {,1412,
org/codehaus/jettison/json/JSONWriter.java,261,ArithmeticOperatorReplacementBinary,if (this.top <= 0 || this.stack[this.top - 1] != c) {,if (this.top <= 0 || this.stack[this.top + 1] != c) {,1413,
org/codehaus/jettison/json/JSONWriter.java,265,ArithmeticOperatorReplacementBinary,this.mode = this.top == 0 ? 'd' : this.stack[this.top - 1];,this.mode = this.top == 0 ? 'd' : this.stack[this.top + 1];,1414,
org/codehaus/jettison/json/JSONWriter.java,264,AssignmentOperatorReplacementShortcut,this.top -= 1;,this.top += 1;,1415,
org/codehaus/jettison/json/JSONWriter.java,279,AssignmentOperatorReplacementShortcut,this.top += 1;,this.top -= 1;,1416,
org/codehaus/jettison/json/JSONWriter.java,122,ConditionalOperatorReplacement,if (this.mode == 'o' || this.mode == 'a') {,if (this.mode == 'o' && this.mode == 'a') {,1417,
org/codehaus/jettison/json/JSONWriter.java,124,ConditionalOperatorReplacement,if (this.comma && this.mode == 'a') {,if (this.comma || this.mode == 'a') {,1418,
org/codehaus/jettison/json/JSONWriter.java,150,ConditionalOperatorReplacement,if (this.mode == 'i' || this.mode == 'o' || this.mode == 'a') {,if (this.mode == 'i' && this.mode == 'o' || this.mode == 'a') {,1419,
org/codehaus/jettison/json/JSONWriter.java,150,ConditionalOperatorReplacement,if (this.mode == 'i' || this.mode == 'o' || this.mode == 'a') {,if (this.mode == 'i' || this.mode == 'o' && this.mode == 'a') {,1420,
org/codehaus/jettison/json/JSONWriter.java,244,ConditionalOperatorReplacement,if (this.mode == 'o' || this.mode == 'a') {,if (this.mode == 'o' && this.mode == 'a') {,1421,
org/codehaus/jettison/json/JSONWriter.java,261,ConditionalOperatorReplacement,if (this.top <= 0 || this.stack[this.top - 1] != c) {,if (this.top <= 0 && this.stack[this.top - 1] != c) {,1422,
org/codehaus/jettison/json/JSONWriter.java,118,NullifyInputVariable,private JSONWriter append(String s) throws JSONException {,private JSONWriter append(String s) throws JSONException { s = null;,1423,
org/codehaus/jettison/json/JSONWriter.java,209,NullifyInputVariable,public JSONWriter key(String s) throws JSONException {,public JSONWriter key(String s) throws JSONException { s = null;,1424,
org/codehaus/jettison/json/JSONWriter.java,323,NullifyInputVariable,public JSONWriter value(Object o) throws JSONException {,public JSONWriter value(Object o) throws JSONException { o = null;,1425,
org/codehaus/jettison/json/JSONWriter.java,120,NullifyObjectInitialization,"throw new JSONException(""Null pointer"");",throw null;,1426,
org/codehaus/jettison/json/JSONWriter.java,129,NullifyObjectInitialization,throw new JSONException(e);,throw null;,1427,
org/codehaus/jettison/json/JSONWriter.java,137,NullifyObjectInitialization,"throw new JSONException(""Value out of sequence."");",throw null;,1428,
org/codehaus/jettison/json/JSONWriter.java,156,NullifyObjectInitialization,"throw new JSONException(""Misplaced array."");",throw null;,1429,
org/codehaus/jettison/json/JSONWriter.java,168,NullifyObjectInitialization,"throw new JSONException(m == 'o' ? ""Misplaced endObject."" :",throw null;,1430,
org/codehaus/jettison/json/JSONWriter.java,175,NullifyObjectInitialization,throw new JSONException(e);,throw null;,1431,
org/codehaus/jettison/json/JSONWriter.java,211,NullifyObjectInitialization,"throw new JSONException(""Null key."");",throw null;,1432,
org/codehaus/jettison/json/JSONWriter.java,224,NullifyObjectInitialization,throw new JSONException(e);,throw null;,1433,
org/codehaus/jettison/json/JSONWriter.java,227,NullifyObjectInitialization,"throw new JSONException(""Misplaced key."");",throw null;,1434,
org/codehaus/jettison/json/JSONWriter.java,250,NullifyObjectInitialization,"throw new JSONException(""Misplaced object."");",throw null;,1435,
org/codehaus/jettison/json/JSONWriter.java,262,NullifyObjectInitialization,"throw new JSONException(""Nesting error."");",throw null;,1436,
org/codehaus/jettison/json/JSONWriter.java,275,NullifyObjectInitialization,"throw new JSONException(""Nesting too deep."");",throw null;,1437,
org/codehaus/jettison/json/JSONWriter.java,301,NullifyObjectInitialization,return this.value(new Double(d));,return this.value(null);,1438,
org/codehaus/jettison/json/JSONWriter.java,135,NullifyReturnValue,return this;,return null;,1439,
org/codehaus/jettison/json/JSONWriter.java,154,NullifyReturnValue,return this;,return null;,1440,
org/codehaus/jettison/json/JSONWriter.java,178,NullifyReturnValue,return this;,return null;,1441,
org/codehaus/jettison/json/JSONWriter.java,188,NullifyReturnValue,"return this.end('a', ']');",return null;,1442,
org/codehaus/jettison/json/JSONWriter.java,198,NullifyReturnValue,"return this.end('k', '}');",return null;,1443,
org/codehaus/jettison/json/JSONWriter.java,222,NullifyReturnValue,return this;,return null;,1444,
org/codehaus/jettison/json/JSONWriter.java,248,NullifyReturnValue,return this;,return null;,1445,
org/codehaus/jettison/json/JSONWriter.java,291,NullifyReturnValue,"return this.append(b ? ""true"" : ""false"");",return null;,1446,
org/codehaus/jettison/json/JSONWriter.java,301,NullifyReturnValue,return this.value(new Double(d));,return null;,1447,
org/codehaus/jettison/json/JSONWriter.java,311,NullifyReturnValue,return this.append(Long.toString(l));,return null;,1448,
org/codehaus/jettison/json/JSONWriter.java,324,NullifyReturnValue,"return this.append(JSONObject.valueToString(o, true));",return null;,1449,
org/codehaus/jettison/json/JSONWriter.java,119,RelationalOperatorReplacement,if (s == null) {,if (s != null) {,1450,
org/codehaus/jettison/json/JSONWriter.java,122,RelationalOperatorReplacement,if (this.mode == 'o' || this.mode == 'a') {,if (this.mode != 'o' || this.mode == 'a') {,1451,
org/codehaus/jettison/json/JSONWriter.java,122,RelationalOperatorReplacement,if (this.mode == 'o' || this.mode == 'a') {,if (this.mode == 'o' || this.mode != 'a') {,1452,
org/codehaus/jettison/json/JSONWriter.java,124,RelationalOperatorReplacement,if (this.comma && this.mode == 'a') {,if (this.comma && this.mode != 'a') {,1453,
org/codehaus/jettison/json/JSONWriter.java,131,RelationalOperatorReplacement,if (this.mode == 'o') {,if (this.mode != 'o') {,1454,
org/codehaus/jettison/json/JSONWriter.java,150,RelationalOperatorReplacement,if (this.mode == 'i' || this.mode == 'o' || this.mode == 'a') {,if (this.mode != 'i' || this.mode == 'o' || this.mode == 'a') {,1455,
org/codehaus/jettison/json/JSONWriter.java,150,RelationalOperatorReplacement,if (this.mode == 'i' || this.mode == 'o' || this.mode == 'a') {,if (this.mode == 'i' || this.mode != 'o' || this.mode == 'a') {,1456,
org/codehaus/jettison/json/JSONWriter.java,150,RelationalOperatorReplacement,if (this.mode == 'i' || this.mode == 'o' || this.mode == 'a') {,if (this.mode == 'i' || this.mode == 'o' || this.mode != 'a') {,1457,
org/codehaus/jettison/json/JSONWriter.java,167,RelationalOperatorReplacement,if (this.mode != m) {,if (this.mode == m) {,1458,
org/codehaus/jettison/json/JSONWriter.java,168,RelationalOperatorReplacement,"throw new JSONException(m == 'o' ? ""Misplaced endObject."" :","throw new JSONException(m != 'o' ? ""Misplaced endObject."" :",1459,
org/codehaus/jettison/json/JSONWriter.java,210,RelationalOperatorReplacement,if (s == null) {,if (s != null) {,1460,
org/codehaus/jettison/json/JSONWriter.java,213,RelationalOperatorReplacement,if (this.mode == 'k') {,if (this.mode != 'k') {,1461,
org/codehaus/jettison/json/JSONWriter.java,241,RelationalOperatorReplacement,if (this.mode == 'i') {,if (this.mode != 'i') {,1462,
org/codehaus/jettison/json/JSONWriter.java,244,RelationalOperatorReplacement,if (this.mode == 'o' || this.mode == 'a') {,if (this.mode != 'o' || this.mode == 'a') {,1463,
org/codehaus/jettison/json/JSONWriter.java,244,RelationalOperatorReplacement,if (this.mode == 'o' || this.mode == 'a') {,if (this.mode == 'o' || this.mode != 'a') {,1464,
org/codehaus/jettison/json/JSONWriter.java,261,RelationalOperatorReplacement,if (this.top <= 0 || this.stack[this.top - 1] != c) {,if (this.top < 0 || this.stack[this.top - 1] != c) {,1465,
org/codehaus/jettison/json/JSONWriter.java,261,RelationalOperatorReplacement,if (this.top <= 0 || this.stack[this.top - 1] != c) {,if (this.top <= 0 || this.stack[this.top - 1] == c) {,1466,
org/codehaus/jettison/json/JSONWriter.java,265,RelationalOperatorReplacement,this.mode = this.top == 0 ? 'd' : this.stack[this.top - 1];,this.mode = this.top != 0 ? 'd' : this.stack[this.top - 1];,1467,
org/codehaus/jettison/json/JSONWriter.java,274,RelationalOperatorReplacement,if (this.top >= maxdepth) {,if (this.top > maxdepth) {,1468,
org/codehaus/jettison/json/JSONWriter.java,118,RemoveMethod,private JSONWriter append(String s) throws JSONException {,private JSONWriter append(String s) throws JSONException {,1469,
org/codehaus/jettison/json/JSONWriter.java,149,RemoveMethod,public JSONWriter array() throws JSONException {,public JSONWriter array() throws JSONException {,1470,
org/codehaus/jettison/json/JSONWriter.java,166,RemoveMethod,"private JSONWriter end(char m, char c) throws JSONException {","private JSONWriter end(char m, char c) throws JSONException {",1471,
org/codehaus/jettison/json/JSONWriter.java,187,RemoveMethod,public JSONWriter endArray() throws JSONException {,public JSONWriter endArray() throws JSONException {,1472,
org/codehaus/jettison/json/JSONWriter.java,197,RemoveMethod,public JSONWriter endObject() throws JSONException {,public JSONWriter endObject() throws JSONException {,1473,
org/codehaus/jettison/json/JSONWriter.java,209,RemoveMethod,public JSONWriter key(String s) throws JSONException {,public JSONWriter key(String s) throws JSONException {,1474,
org/codehaus/jettison/json/JSONWriter.java,240,RemoveMethod,public JSONWriter object() throws JSONException {,public JSONWriter object() throws JSONException {,1475,
org/codehaus/jettison/json/JSONWriter.java,260,RemoveMethod,private void pop(char c) throws JSONException {,private void pop(char c) throws JSONException {,1476,
org/codehaus/jettison/json/JSONWriter.java,273,RemoveMethod,private void push(char c) throws JSONException {,private void push(char c) throws JSONException {,1477,
org/codehaus/jettison/json/JSONWriter.java,290,RemoveMethod,public JSONWriter value(boolean b) throws JSONException {,public JSONWriter value(boolean b) throws JSONException {,1478,
org/codehaus/jettison/json/JSONWriter.java,300,RemoveMethod,public JSONWriter value(double d) throws JSONException {,public JSONWriter value(double d) throws JSONException {,1479,
org/codehaus/jettison/json/JSONWriter.java,310,RemoveMethod,public JSONWriter value(long l) throws JSONException {,public JSONWriter value(long l) throws JSONException {,1480,
org/codehaus/jettison/json/JSONWriter.java,323,RemoveMethod,public JSONWriter value(Object o) throws JSONException {,public JSONWriter value(Object o) throws JSONException {,1481,
org/codehaus/jettison/json/JSONWriter.java,119,RemoveNullCheck,if (s == null) {,if (false) {,1482,
org/codehaus/jettison/json/JSONWriter.java,210,RemoveNullCheck,if (s == null) {,if (false) {,1483,
org/codehaus/jettison/mapped/Configuration.java,40,ConditionalOperatorReplacement,if( userSpecifiedClass != null && userSpecifiedClass.length() > 0 ) {,if( userSpecifiedClass != null || userSpecifiedClass.length() > 0 ) {,1484,
org/codehaus/jettison/mapped/Configuration.java,114,NullifyInputVariable,public void setAttributesAsElements(List attributesAsElements) {,public void setAttributesAsElements(List attributesAsElements) { attributesAsElements = null;,1485,
org/codehaus/jettison/mapped/Configuration.java,120,NullifyInputVariable,public void setIgnoredElements(List ignoredElements) {,public void setIgnoredElements(List ignoredElements) { ignoredElements = null;,1486,
org/codehaus/jettison/mapped/Configuration.java,126,NullifyInputVariable,public void setXmlToJsonNamespaces(Map xmlToJsonNamespaces) {,public void setXmlToJsonNamespaces(Map xmlToJsonNamespaces) { xmlToJsonNamespaces = null;,1487,
org/codehaus/jettison/mapped/Configuration.java,134,NullifyInputVariable,public void setTypeConverter(TypeConverter typeConverter) {,public void setTypeConverter(TypeConverter typeConverter) { typeConverter = null;,1488,
org/codehaus/jettison/mapped/Configuration.java,150,NullifyInputVariable,public void setAttributeKey(String attributeKey) {,public void setAttributeKey(String attributeKey) { attributeKey = null;,1489,
org/codehaus/jettison/mapped/Configuration.java,162,NullifyInputVariable,public void setPrimitiveArrayKeys(Set primitiveArrayKeys) {,public void setPrimitiveArrayKeys(Set primitiveArrayKeys) { primitiveArrayKeys = null;,1490,
org/codehaus/jettison/mapped/Configuration.java,220,NullifyInputVariable,public void setJsonNamespaceSeparator(String jsonNamespaceSeparator) {,public void setJsonNamespaceSeparator(String jsonNamespaceSeparator) { jsonNamespaceSeparator = null;,1491,
org/codehaus/jettison/mapped/Configuration.java,31,NullifyObjectInitialization,return new DefaultConverter();,return null;,1492,
org/codehaus/jettison/mapped/Configuration.java,53,NullifyObjectInitialization,throw new ExceptionInInitializerError( e );,throw null;,1493,
org/codehaus/jettison/mapped/Configuration.java,59,NullifyObjectInitialization,throw new ExceptionInInitializerError( e );,throw null;,1494,
org/codehaus/jettison/mapped/Configuration.java,63,NullifyObjectInitialization,cf = new ConverterFactory();,cf = null;,1495,
org/codehaus/jettison/mapped/Configuration.java,90,NullifyObjectInitialization,this.xmlToJsonNamespaces = new HashMap();,this.xmlToJsonNamespaces = null;,1496,
org/codehaus/jettison/mapped/Configuration.java,31,NullifyReturnValue,return new DefaultConverter();,return null;,1497,
org/codehaus/jettison/mapped/Configuration.java,48,NullifyReturnValue,return tc.newInstance();,return null;,1498,
org/codehaus/jettison/mapped/Configuration.java,112,NullifyReturnValue,return attributesAsElements;,return null;,1499,
org/codehaus/jettison/mapped/Configuration.java,118,NullifyReturnValue,return ignoredElements;,return null;,1500,
org/codehaus/jettison/mapped/Configuration.java,124,NullifyReturnValue,return xmlToJsonNamespaces;,return null;,1501,
org/codehaus/jettison/mapped/Configuration.java,131,NullifyReturnValue,return typeConverter;,return null;,1502,
org/codehaus/jettison/mapped/Configuration.java,147,NullifyReturnValue,return this.attributeKey;,return null;,1503,
org/codehaus/jettison/mapped/Configuration.java,155,NullifyReturnValue,return converterFactory.newDefaultConverterInstance();,return null;,1504,
org/codehaus/jettison/mapped/Configuration.java,159,NullifyReturnValue,return primitiveArrayKeys;,return null;,1505,
org/codehaus/jettison/mapped/Configuration.java,217,NullifyReturnValue,return jsonNamespaceSeparator;,return null;,1506,
org/codehaus/jettison/mapped/Configuration.java,40,RelationalOperatorReplacement,if( userSpecifiedClass != null && userSpecifiedClass.length() > 0 ) {,if( userSpecifiedClass == null && userSpecifiedClass.length() > 0 ) {,1507,
org/codehaus/jettison/mapped/Configuration.java,40,RelationalOperatorReplacement,if( userSpecifiedClass != null && userSpecifiedClass.length() > 0 ) {,if( userSpecifiedClass != null && userSpecifiedClass.length() >= 0 ) {,1508,
org/codehaus/jettison/mapped/Configuration.java,62,RelationalOperatorReplacement,if( cf == null ){,if( cf != null ){,1509,
org/codehaus/jettison/mapped/Configuration.java,30,RemoveMethod,TypeConverter newDefaultConverterInstance() {,TypeConverter newDefaultConverterInstance() {,1510,
org/codehaus/jettison/mapped/Configuration.java,46,RemoveMethod,public TypeConverter newDefaultConverterInstance() {,public TypeConverter newDefaultConverterInstance() {,1511,
org/codehaus/jettison/mapped/Configuration.java,105,RemoveMethod,public boolean isIgnoreNamespaces() {,public boolean isIgnoreNamespaces() {,1512,
org/codehaus/jettison/mapped/Configuration.java,105,RemoveMethod,public boolean isIgnoreNamespaces() {,public boolean isIgnoreNamespaces() {,1513,
org/codehaus/jettison/mapped/Configuration.java,108,RemoveMethod,public void setIgnoreNamespaces( boolean ignoreNamespaces ) {,public void setIgnoreNamespaces( boolean ignoreNamespaces ) {,1514,
org/codehaus/jettison/mapped/Configuration.java,111,RemoveMethod,public List getAttributesAsElements() {,public List getAttributesAsElements() {,1515,
org/codehaus/jettison/mapped/Configuration.java,114,RemoveMethod,public void setAttributesAsElements(List attributesAsElements) {,public void setAttributesAsElements(List attributesAsElements) {,1516,
org/codehaus/jettison/mapped/Configuration.java,117,RemoveMethod,public List getIgnoredElements() {,public List getIgnoredElements() {,1517,
org/codehaus/jettison/mapped/Configuration.java,120,RemoveMethod,public void setIgnoredElements(List ignoredElements) {,public void setIgnoredElements(List ignoredElements) {,1518,
org/codehaus/jettison/mapped/Configuration.java,123,RemoveMethod,public Map getXmlToJsonNamespaces() {,public Map getXmlToJsonNamespaces() {,1519,
org/codehaus/jettison/mapped/Configuration.java,126,RemoveMethod,public void setXmlToJsonNamespaces(Map xmlToJsonNamespaces) {,public void setXmlToJsonNamespaces(Map xmlToJsonNamespaces) {,1520,
org/codehaus/jettison/mapped/Configuration.java,130,RemoveMethod,public TypeConverter getTypeConverter() {,public TypeConverter getTypeConverter() {,1521,
org/codehaus/jettison/mapped/Configuration.java,134,RemoveMethod,public void setTypeConverter(TypeConverter typeConverter) {,public void setTypeConverter(TypeConverter typeConverter) {,1522,
org/codehaus/jettison/mapped/Configuration.java,138,RemoveMethod,public boolean isSupressAtAttributes() {,public boolean isSupressAtAttributes() {,1523,
org/codehaus/jettison/mapped/Configuration.java,138,RemoveMethod,public boolean isSupressAtAttributes() {,public boolean isSupressAtAttributes() {,1524,
org/codehaus/jettison/mapped/Configuration.java,142,RemoveMethod,public void setSupressAtAttributes(boolean supressAtAttributes) {,public void setSupressAtAttributes(boolean supressAtAttributes) {,1525,
org/codehaus/jettison/mapped/Configuration.java,146,RemoveMethod,public String getAttributeKey() {,public String getAttributeKey() {,1526,
org/codehaus/jettison/mapped/Configuration.java,146,RemoveMethod,public String getAttributeKey() {,public String getAttributeKey() {,1527,
org/codehaus/jettison/mapped/Configuration.java,150,RemoveMethod,public void setAttributeKey(String attributeKey) {,public void setAttributeKey(String attributeKey) {,1528,
org/codehaus/jettison/mapped/Configuration.java,154,RemoveMethod,static TypeConverter newDefaultConverterInstance() {,static TypeConverter newDefaultConverterInstance() {,1529,
org/codehaus/jettison/mapped/Configuration.java,158,RemoveMethod,public Set getPrimitiveArrayKeys() {,public Set getPrimitiveArrayKeys() {,1530,
org/codehaus/jettison/mapped/Configuration.java,162,RemoveMethod,public void setPrimitiveArrayKeys(Set primitiveArrayKeys) {,public void setPrimitiveArrayKeys(Set primitiveArrayKeys) {,1531,
org/codehaus/jettison/mapped/Configuration.java,166,RemoveMethod,public boolean isDropRootElement() {,public boolean isDropRootElement() {,1532,
org/codehaus/jettison/mapped/Configuration.java,166,RemoveMethod,public boolean isDropRootElement() {,public boolean isDropRootElement() {,1533,
org/codehaus/jettison/mapped/Configuration.java,170,RemoveMethod,public void setDropRootElement(boolean dropRootElement) {,public void setDropRootElement(boolean dropRootElement) {,1534,
org/codehaus/jettison/mapped/Configuration.java,173,RemoveMethod,public boolean isRootElementArrayWrapper() {,public boolean isRootElementArrayWrapper() {,1535,
org/codehaus/jettison/mapped/Configuration.java,173,RemoveMethod,public boolean isRootElementArrayWrapper() {,public boolean isRootElementArrayWrapper() {,1536,
org/codehaus/jettison/mapped/Configuration.java,177,RemoveMethod,public void setRootElementArrayWrapper(boolean rootElementArrayWrapper) {,public void setRootElementArrayWrapper(boolean rootElementArrayWrapper) {,1537,
org/codehaus/jettison/mapped/Configuration.java,181,RemoveMethod,public boolean isWriteNullAsString() {,public boolean isWriteNullAsString() {,1538,
org/codehaus/jettison/mapped/Configuration.java,181,RemoveMethod,public boolean isWriteNullAsString() {,public boolean isWriteNullAsString() {,1539,
org/codehaus/jettison/mapped/Configuration.java,185,RemoveMethod,public void setWriteNullAsString(boolean writeNullAsString) {,public void setWriteNullAsString(boolean writeNullAsString) {,1540,
org/codehaus/jettison/mapped/Configuration.java,189,RemoveMethod,public boolean isReadNullAsString() {,public boolean isReadNullAsString() {,1541,
org/codehaus/jettison/mapped/Configuration.java,189,RemoveMethod,public boolean isReadNullAsString() {,public boolean isReadNullAsString() {,1542,
org/codehaus/jettison/mapped/Configuration.java,193,RemoveMethod,public void setReadNullAsString(boolean readNullString) {,public void setReadNullAsString(boolean readNullString) {,1543,
org/codehaus/jettison/mapped/Configuration.java,197,RemoveMethod,public boolean isIgnoreEmptyArrayValues() {,public boolean isIgnoreEmptyArrayValues() {,1544,
org/codehaus/jettison/mapped/Configuration.java,197,RemoveMethod,public boolean isIgnoreEmptyArrayValues() {,public boolean isIgnoreEmptyArrayValues() {,1545,
org/codehaus/jettison/mapped/Configuration.java,200,RemoveMethod,public void setIgnoreEmptyArrayValues(boolean ignoreEmptyArrayValues) {,public void setIgnoreEmptyArrayValues(boolean ignoreEmptyArrayValues) {,1546,
org/codehaus/jettison/mapped/Configuration.java,205,RemoveMethod,public void setReadNullAsEmptyString(boolean read) {,public void setReadNullAsEmptyString(boolean read) {,1547,
org/codehaus/jettison/mapped/Configuration.java,208,RemoveMethod,public boolean isEscapeForwardSlashAlways() {,public boolean isEscapeForwardSlashAlways() {,1548,
org/codehaus/jettison/mapped/Configuration.java,208,RemoveMethod,public boolean isEscapeForwardSlashAlways() {,public boolean isEscapeForwardSlashAlways() {,1549,
org/codehaus/jettison/mapped/Configuration.java,212,RemoveMethod,public void setEscapeForwardSlashAlways(boolean escapeForwardSlash) {,public void setEscapeForwardSlashAlways(boolean escapeForwardSlash) {,1550,
org/codehaus/jettison/mapped/Configuration.java,216,RemoveMethod,public String getJsonNamespaceSeparator() {,public String getJsonNamespaceSeparator() {,1551,
org/codehaus/jettison/mapped/Configuration.java,216,RemoveMethod,public String getJsonNamespaceSeparator() {,public String getJsonNamespaceSeparator() {,1552,
org/codehaus/jettison/mapped/Configuration.java,220,RemoveMethod,public void setJsonNamespaceSeparator(String jsonNamespaceSeparator) {,public void setJsonNamespaceSeparator(String jsonNamespaceSeparator) {,1553,
org/codehaus/jettison/mapped/Configuration.java,40,RemoveNullCheck,if( userSpecifiedClass != null && userSpecifiedClass.length() > 0 ) {,if( true && userSpecifiedClass.length() > 0 ) {,1554,
org/codehaus/jettison/mapped/Configuration.java,62,RemoveNullCheck,if( cf == null ){,if( false ){,1555,
org/codehaus/jettison/mapped/DefaultConverter.java,90,ArithmeticOperatorReplacementBinary,private static final int MAX_LENGTH_LONG_NEGATIVE = String.valueOf(Long.MAX_VALUE).length() + 1;,private static final int MAX_LENGTH_LONG_NEGATIVE = String.valueOf(Long.MAX_VALUE).length() - 1;,1556,
org/codehaus/jettison/mapped/DefaultConverter.java,136,ArithmeticOperatorReplacementBinary,private static final int MAX_LENGTH_INTEGER_NEGATIVE = String.valueOf(Integer.MAX_VALUE).length() + 1;,private static final int MAX_LENGTH_INTEGER_NEGATIVE = String.valueOf(Integer.MAX_VALUE).length() - 1;,1557,
org/codehaus/jettison/mapped/DefaultConverter.java,113,ArithmeticOperatorReplacementShortcut,i++;,i--;,1558,
org/codehaus/jettison/mapped/DefaultConverter.java,120,ArithmeticOperatorReplacementShortcut,for (; i < text.length(); i++) {,for (; i < text.length(); i--) {,1559,
org/codehaus/jettison/mapped/DefaultConverter.java,159,ArithmeticOperatorReplacementShortcut,i++;,i--;,1560,
org/codehaus/jettison/mapped/DefaultConverter.java,166,ArithmeticOperatorReplacementShortcut,for (; i < text.length(); i++) {,for (; i < text.length(); i--) {,1561,
org/codehaus/jettison/mapped/DefaultConverter.java,196,ArithmeticOperatorReplacementShortcut,i++;,i--;,1562,
org/codehaus/jettison/mapped/DefaultConverter.java,202,ArithmeticOperatorReplacementShortcut,for (; i < text.length(); i++) {,for (; i < text.length(); i--) {,1563,
org/codehaus/jettison/mapped/DefaultConverter.java,81,ConditionalOperatorDeletion,if (primitive == null || !primitive.toString().equals(text)) {,if (primitive == null || primitive.toString().equals(text)) {,1564,
org/codehaus/jettison/mapped/DefaultConverter.java,121,ConditionalOperatorDeletion,if (!Character.isDigit(text.charAt(i))) {,if ( Character.isDigit(text.charAt(i))) {,1565,
org/codehaus/jettison/mapped/DefaultConverter.java,167,ConditionalOperatorDeletion,if (!Character.isDigit(text.charAt(i))) {,if ( Character.isDigit(text.charAt(i))) {,1566,
org/codehaus/jettison/mapped/DefaultConverter.java,204,ConditionalOperatorDeletion,if (!Character.isDigit(next)) {,if ( Character.isDigit(next)) {,1567,
org/codehaus/jettison/mapped/DefaultConverter.java,43,ConditionalOperatorReplacement,if ((first < '0' || first > '9') && first != '-') {,if ((first < '0' && first > '9') && first != '-') {,1568,
org/codehaus/jettison/mapped/DefaultConverter.java,43,ConditionalOperatorReplacement,if ((first < '0' || first > '9') && first != '-') {,if ((first < '0' || first > '9') || first != '-') {,1569,
org/codehaus/jettison/mapped/DefaultConverter.java,72,ConditionalOperatorReplacement,if (dbl.isInfinite() || dbl.isNaN()) {,if (dbl.isInfinite() && dbl.isNaN()) {,1570,
org/codehaus/jettison/mapped/DefaultConverter.java,81,ConditionalOperatorReplacement,if (primitive == null || !primitive.toString().equals(text)) {,if (primitive == null && !primitive.toString().equals(text)) {,1571,
org/codehaus/jettison/mapped/DefaultConverter.java,209,ConditionalOperatorReplacement,} else if (next == 'E' || next == 'e') {,} else if (next == 'E' && next == 'e') {,1572,
org/codehaus/jettison/mapped/DefaultConverter.java,34,NullifyInputVariable,public Object convertToJSONPrimitive(String text) {,public Object convertToJSONPrimitive(String text) { text = null;,1573,
org/codehaus/jettison/mapped/DefaultConverter.java,96,NullifyInputVariable,{,{ text = null;,1574,
org/codehaus/jettison/mapped/DefaultConverter.java,141,NullifyInputVariable,private static Integer getInteger(String text) {,private static Integer getInteger(String text) { text = null;,1575,
org/codehaus/jettison/mapped/DefaultConverter.java,184,NullifyInputVariable,private static Double getDouble(String text) {,private static Double getDouble(String text) { text = null;,1576,
org/codehaus/jettison/mapped/DefaultConverter.java,35,NullifyReturnValue,if(text == null) return text;,if(text == null) return null;,1577,
org/codehaus/jettison/mapped/DefaultConverter.java,47,NullifyReturnValue,return Boolean.TRUE;,return null;,1578,
org/codehaus/jettison/mapped/DefaultConverter.java,51,NullifyReturnValue,return Boolean.FALSE;,return null;,1579,
org/codehaus/jettison/mapped/DefaultConverter.java,56,NullifyReturnValue,return text;,return null;,1580,
org/codehaus/jettison/mapped/DefaultConverter.java,86,NullifyReturnValue,return primitive;,return null;,1581,
org/codehaus/jettison/mapped/DefaultConverter.java,98,NullifyReturnValue,if (text.isEmpty()) return null;,if (text.isEmpty()) return null;,1582,
org/codehaus/jettison/mapped/DefaultConverter.java,103,NullifyReturnValue,return null;,return null;,1583,
org/codehaus/jettison/mapped/DefaultConverter.java,106,NullifyReturnValue,return null;,return null;,1584,
org/codehaus/jettison/mapped/DefaultConverter.java,115,NullifyReturnValue,return null;,return null;,1585,
org/codehaus/jettison/mapped/DefaultConverter.java,122,NullifyReturnValue,return null;,return null;,1586,
org/codehaus/jettison/mapped/DefaultConverter.java,128,NullifyReturnValue,return Long.parseLong(text);,return null;,1587,
org/codehaus/jettison/mapped/DefaultConverter.java,131,NullifyReturnValue,return null;,return null;,1588,
org/codehaus/jettison/mapped/DefaultConverter.java,143,NullifyReturnValue,if (text.isEmpty()) return null;,if (text.isEmpty()) return null;,1589,
org/codehaus/jettison/mapped/DefaultConverter.java,148,NullifyReturnValue,return null;,return null;,1590,
org/codehaus/jettison/mapped/DefaultConverter.java,152,NullifyReturnValue,return null;,return null;,1591,
org/codehaus/jettison/mapped/DefaultConverter.java,161,NullifyReturnValue,return null;,return null;,1592,
org/codehaus/jettison/mapped/DefaultConverter.java,168,NullifyReturnValue,return null;,return null;,1593,
org/codehaus/jettison/mapped/DefaultConverter.java,174,NullifyReturnValue,return Integer.parseInt(text);,return null;,1594,
org/codehaus/jettison/mapped/DefaultConverter.java,177,NullifyReturnValue,return null;,return null;,1595,
org/codehaus/jettison/mapped/DefaultConverter.java,190,NullifyReturnValue,return null;,return null;,1596,
org/codehaus/jettison/mapped/DefaultConverter.java,198,NullifyReturnValue,return null;,return null;,1597,
org/codehaus/jettison/mapped/DefaultConverter.java,207,NullifyReturnValue,return null;,return null;,1598,
org/codehaus/jettison/mapped/DefaultConverter.java,211,NullifyReturnValue,return null;,return null;,1599,
org/codehaus/jettison/mapped/DefaultConverter.java,214,NullifyReturnValue,return null;,return null;,1600,
org/codehaus/jettison/mapped/DefaultConverter.java,220,NullifyReturnValue,return Double.parseDouble(text);,return null;,1601,
org/codehaus/jettison/mapped/DefaultConverter.java,223,NullifyReturnValue,return null;,return null;,1602,
org/codehaus/jettison/mapped/DefaultConverter.java,35,RelationalOperatorReplacement,if(text == null) return text;,if(text != null) return text;,1603,
org/codehaus/jettison/mapped/DefaultConverter.java,38,RelationalOperatorReplacement,if (text.length() >= 1) {,if (text.length() > 1) {,1604,
org/codehaus/jettison/mapped/DefaultConverter.java,43,RelationalOperatorReplacement,if ((first < '0' || first > '9') && first != '-') {,if ((first <= '0' || first > '9') && first != '-') {,1605,
org/codehaus/jettison/mapped/DefaultConverter.java,43,RelationalOperatorReplacement,if ((first < '0' || first > '9') && first != '-') {,if ((first < '0' || first >= '9') && first != '-') {,1606,
org/codehaus/jettison/mapped/DefaultConverter.java,43,RelationalOperatorReplacement,if ((first < '0' || first > '9') && first != '-') {,if ((first < '0' || first > '9') && first == '-') {,1607,
org/codehaus/jettison/mapped/DefaultConverter.java,45,RelationalOperatorReplacement,if (first == 't') {,if (first != 't') {,1608,
org/codehaus/jettison/mapped/DefaultConverter.java,49,RelationalOperatorReplacement,} else if (first == 'f') {,} else if (first != 'f') {,1609,
org/codehaus/jettison/mapped/DefaultConverter.java,68,RelationalOperatorReplacement,if (primitive == null) {,if (primitive != null) {,1610,
org/codehaus/jettison/mapped/DefaultConverter.java,71,RelationalOperatorReplacement,if (dbl != null) {,if (dbl == null) {,1611,
org/codehaus/jettison/mapped/DefaultConverter.java,81,RelationalOperatorReplacement,if (primitive == null || !primitive.toString().equals(text)) {,if (primitive != null || !primitive.toString().equals(text)) {,1612,
org/codehaus/jettison/mapped/DefaultConverter.java,101,RelationalOperatorReplacement,if (text.charAt(0) == '-') {,if (text.charAt(0) != '-') {,1613,
org/codehaus/jettison/mapped/DefaultConverter.java,102,RelationalOperatorReplacement,if (text.length() > MAX_LENGTH_LONG_NEGATIVE) {,if (text.length() >= MAX_LENGTH_LONG_NEGATIVE) {,1614,
org/codehaus/jettison/mapped/DefaultConverter.java,105,RelationalOperatorReplacement,} else if (text.length() > MAX_LENGTH_LONG) {,} else if (text.length() >= MAX_LENGTH_LONG) {,1615,
org/codehaus/jettison/mapped/DefaultConverter.java,111,RelationalOperatorReplacement,if (text.charAt(0) == '-') {,if (text.charAt(0) != '-') {,1616,
org/codehaus/jettison/mapped/DefaultConverter.java,112,RelationalOperatorReplacement,if (text.length() > 1) {,if (text.length() >= 1) {,1617,
org/codehaus/jettison/mapped/DefaultConverter.java,120,RelationalOperatorReplacement,for (; i < text.length(); i++) {,for (; i <= text.length(); i++) {,1618,
org/codehaus/jettison/mapped/DefaultConverter.java,146,RelationalOperatorReplacement,if (text.charAt(0) == '-') {,if (text.charAt(0) != '-') {,1619,
org/codehaus/jettison/mapped/DefaultConverter.java,147,RelationalOperatorReplacement,if (text.length() > MAX_LENGTH_INTEGER_NEGATIVE) {,if (text.length() >= MAX_LENGTH_INTEGER_NEGATIVE) {,1620,
org/codehaus/jettison/mapped/DefaultConverter.java,151,RelationalOperatorReplacement,else if (text.length() > MAX_LENGTH_INTEGER) {,else if (text.length() >= MAX_LENGTH_INTEGER) {,1621,
org/codehaus/jettison/mapped/DefaultConverter.java,157,RelationalOperatorReplacement,if (text.charAt(0) == '-') {,if (text.charAt(0) != '-') {,1622,
org/codehaus/jettison/mapped/DefaultConverter.java,158,RelationalOperatorReplacement,if (text.length() > 1) {,if (text.length() >= 1) {,1623,
org/codehaus/jettison/mapped/DefaultConverter.java,166,RelationalOperatorReplacement,for (; i < text.length(); i++) {,for (; i <= text.length(); i++) {,1624,
org/codehaus/jettison/mapped/DefaultConverter.java,194,RelationalOperatorReplacement,if (text.charAt(0) == '-') {,if (text.charAt(0) != '-') {,1625,
org/codehaus/jettison/mapped/DefaultConverter.java,195,RelationalOperatorReplacement,if (text.length() > 1),if (text.length() >= 1),1626,
org/codehaus/jettison/mapped/DefaultConverter.java,202,RelationalOperatorReplacement,for (; i < text.length(); i++) {,for (; i <= text.length(); i++) {,1627,
org/codehaus/jettison/mapped/DefaultConverter.java,205,RelationalOperatorReplacement,if (next == '.') {,if (next != '.') {,1628,
org/codehaus/jettison/mapped/DefaultConverter.java,209,RelationalOperatorReplacement,} else if (next == 'E' || next == 'e') {,} else if (next != 'E' || next == 'e') {,1629,
org/codehaus/jettison/mapped/DefaultConverter.java,209,RelationalOperatorReplacement,} else if (next == 'E' || next == 'e') {,} else if (next == 'E' || next != 'e') {,1630,
org/codehaus/jettison/mapped/DefaultConverter.java,30,RemoveMethod,public void setEnforce32BitInt(boolean enforce32BitInt) {,public void setEnforce32BitInt(boolean enforce32BitInt) {,1631,
org/codehaus/jettison/mapped/DefaultConverter.java,34,RemoveMethod,public Object convertToJSONPrimitive(String text) {,public Object convertToJSONPrimitive(String text) {,1632,
org/codehaus/jettison/mapped/DefaultConverter.java,96,RemoveMethod,{,{,1633,
org/codehaus/jettison/mapped/DefaultConverter.java,141,RemoveMethod,private static Integer getInteger(String text) {,private static Integer getInteger(String text) {,1634,
org/codehaus/jettison/mapped/DefaultConverter.java,184,RemoveMethod,private static Double getDouble(String text) {,private static Double getDouble(String text) {,1635,
org/codehaus/jettison/mapped/DefaultConverter.java,35,RemoveNullCheck,if(text == null) return text;,if(false) return text;,1636,
org/codehaus/jettison/mapped/DefaultConverter.java,68,RemoveNullCheck,if (primitive == null) {,if (false) {,1637,
org/codehaus/jettison/mapped/DefaultConverter.java,71,RemoveNullCheck,if (dbl != null) {,if (true) {,1638,
org/codehaus/jettison/mapped/DefaultConverter.java,81,RemoveNullCheck,if (primitive == null || !primitive.toString().equals(text)) {,if (false || !primitive.toString().equals(text)) {,1639,
org/codehaus/jettison/mapped/MappedDOMDocumentParser.java,32,NullifyObjectInitialization,super(new MappedXMLInputFactory(con));,super(null);,1640,
org/codehaus/jettison/mapped/MappedDOMDocumentSerializer.java,32,NullifyObjectInitialization,"super(output, new MappedXMLOutputFactory(con));","super(output, null);",1641,
org/codehaus/jettison/mapped/MappedNamespaceConvention.java,255,ArithmeticOperatorReplacementBinary,local = local.substring( dot + nsSeparator.length() );,local = local.substring( dot - nsSeparator.length() );,1642,
org/codehaus/jettison/mapped/MappedNamespaceConvention.java,233,ArithmeticOperatorReplacementShortcut,for (int i = 0; i < array.length(); i++) {,for (int i = 0; i < array.length(); i--) {,1643,
org/codehaus/jettison/mapped/MappedNamespaceConvention.java,178,ArithmeticOperatorReplacementUnary,if ( dot != -1 ) {,if ( dot != +1 ) {,1644,
org/codehaus/jettison/mapped/MappedNamespaceConvention.java,251,ArithmeticOperatorReplacementUnary,if ( dot == -1 ) {,if ( dot == +1 ) {,1645,
org/codehaus/jettison/mapped/MappedNamespaceConvention.java,94,ConditionalOperatorDeletion,if (!writeNullAsString && typeConverter != null) {,if ( writeNullAsString && typeConverter != null) {,1646,
org/codehaus/jettison/mapped/MappedNamespaceConvention.java,115,ConditionalOperatorDeletion,if ( !this.jsonAttributesAsElements.contains( k ) ) {,if ( this.jsonAttributesAsElements.contains( k ) ) {,1647,
org/codehaus/jettison/mapped/MappedNamespaceConvention.java,274,ConditionalOperatorDeletion,if ( !this.supressAtAttributes ) {,if ( this.supressAtAttributes ) {,1648,
org/codehaus/jettison/mapped/MappedNamespaceConvention.java,94,ConditionalOperatorReplacement,if (!writeNullAsString && typeConverter != null) {,if (!writeNullAsString || typeConverter != null) {,1649,
org/codehaus/jettison/mapped/MappedNamespaceConvention.java,279,ConditionalOperatorReplacement,if ( jns != null && jns.length() != 0 ) {,if ( jns != null || jns.length() != 0 ) {,1650,
org/codehaus/jettison/mapped/MappedNamespaceConvention.java,287,ConditionalOperatorReplacement,if ( ns == null || ns.length() == 0 || ignoreNamespaces ),if ( ns == null && ns.length() == 0 || ignoreNamespaces ),1651,
org/codehaus/jettison/mapped/MappedNamespaceConvention.java,287,ConditionalOperatorReplacement,if ( ns == null || ns.length() == 0 || ignoreNamespaces ),if ( ns == null || ns.length() == 0 && ignoreNamespaces ),1652,
org/codehaus/jettison/mapped/MappedNamespaceConvention.java,291,ConditionalOperatorReplacement,if (jns == null && providedPrefix != null && providedPrefix.length() > 0) {,if (jns == null || providedPrefix != null && providedPrefix.length() > 0) {,1653,
org/codehaus/jettison/mapped/MappedNamespaceConvention.java,291,ConditionalOperatorReplacement,if (jns == null && providedPrefix != null && providedPrefix.length() > 0) {,if (jns == null && providedPrefix != null || providedPrefix.length() > 0) {,1654,
org/codehaus/jettison/mapped/MappedNamespaceConvention.java,305,ConditionalOperatorReplacement,if ( jns != null && jns.length() != 0 ) {,if ( jns != null || jns.length() != 0 ) {,1655,
org/codehaus/jettison/mapped/MappedNamespaceConvention.java,319,ConditionalOperatorReplacement,if ( q.getNamespaceURI().equals( ns ) && q.getLocalPart().equals( local ) ) {,if ( q.getNamespaceURI().equals( ns ) || q.getLocalPart().equals( local ) ) {,1656,
org/codehaus/jettison/mapped/MappedNamespaceConvention.java,375,ConditionalOperatorReplacement,if (text != null && NULL_STRING.equals(text)) {,if (text != null || NULL_STRING.equals(text)) {,1657,
org/codehaus/jettison/mapped/MappedNamespaceConvention.java,102,NullifyInputVariable,"public void processAttributesAndNamespaces( Node n, JSONObject object ) throws JSONException {","public void processAttributesAndNamespaces( Node n, JSONObject object ) throws JSONException { object = null;",1658,
org/codehaus/jettison/mapped/MappedNamespaceConvention.java,102,NullifyInputVariable,"public void processAttributesAndNamespaces( Node n, JSONObject object ) throws JSONException {","public void processAttributesAndNamespaces( Node n, JSONObject object ) throws JSONException { n = null;",1659,
org/codehaus/jettison/mapped/MappedNamespaceConvention.java,191,NullifyInputVariable,public String getNamespaceURI( String prefix ) {,public String getNamespaceURI( String prefix ) { prefix = null;,1660,
org/codehaus/jettison/mapped/MappedNamespaceConvention.java,205,NullifyInputVariable,public String getPrefix( String namespaceURI ) {,public String getPrefix( String namespaceURI ) { namespaceURI = null;,1661,
org/codehaus/jettison/mapped/MappedNamespaceConvention.java,215,NullifyInputVariable,public Iterator<String> getPrefixes( String arg0 ) {,public Iterator<String> getPrefixes( String arg0 ) { arg0 = null;,1662,
org/codehaus/jettison/mapped/MappedNamespaceConvention.java,225,NullifyInputVariable,"public QName createQName( String rootName, Node node ) {","public QName createQName( String rootName, Node node ) { node = null;",1663,
org/codehaus/jettison/mapped/MappedNamespaceConvention.java,225,NullifyInputVariable,"public QName createQName( String rootName, Node node ) {","public QName createQName( String rootName, Node node ) { rootName = null;",1664,
org/codehaus/jettison/mapped/MappedNamespaceConvention.java,231,NullifyInputVariable,"private void readAttribute( Node n, String k, JSONArray array ) throws JSONException {","private void readAttribute( Node n, String k, JSONArray array ) throws JSONException { array = null;",1665,
org/codehaus/jettison/mapped/MappedNamespaceConvention.java,231,NullifyInputVariable,"private void readAttribute( Node n, String k, JSONArray array ) throws JSONException {","private void readAttribute( Node n, String k, JSONArray array ) throws JSONException { k = null;",1666,
org/codehaus/jettison/mapped/MappedNamespaceConvention.java,231,NullifyInputVariable,"private void readAttribute( Node n, String k, JSONArray array ) throws JSONException {","private void readAttribute( Node n, String k, JSONArray array ) throws JSONException { n = null;",1667,
org/codehaus/jettison/mapped/MappedNamespaceConvention.java,238,NullifyInputVariable,"private void readAttribute( Node n, String name, String value ) throws JSONException {","private void readAttribute( Node n, String name, String value ) throws JSONException { value = null;",1668,
org/codehaus/jettison/mapped/MappedNamespaceConvention.java,238,NullifyInputVariable,"private void readAttribute( Node n, String name, String value ) throws JSONException {","private void readAttribute( Node n, String name, String value ) throws JSONException { name = null;",1669,
org/codehaus/jettison/mapped/MappedNamespaceConvention.java,238,NullifyInputVariable,"private void readAttribute( Node n, String name, String value ) throws JSONException {","private void readAttribute( Node n, String name, String value ) throws JSONException { n = null;",1670,
org/codehaus/jettison/mapped/MappedNamespaceConvention.java,244,NullifyInputVariable,private QName createQName( String name ) {,private QName createQName( String name ) { name = null;,1671,
org/codehaus/jettison/mapped/MappedNamespaceConvention.java,271,NullifyInputVariable,"public String createAttributeKey( String p, String ns, String local ) {","public String createAttributeKey( String p, String ns, String local ) { local = null;",1672,
org/codehaus/jettison/mapped/MappedNamespaceConvention.java,271,NullifyInputVariable,"public String createAttributeKey( String p, String ns, String local ) {","public String createAttributeKey( String p, String ns, String local ) { ns = null;",1673,
org/codehaus/jettison/mapped/MappedNamespaceConvention.java,271,NullifyInputVariable,"public String createAttributeKey( String p, String ns, String local ) {","public String createAttributeKey( String p, String ns, String local ) { p = null;",1674,
org/codehaus/jettison/mapped/MappedNamespaceConvention.java,285,NullifyInputVariable,"private String getJSONNamespace(String providedPrefix, String ns ) {","private String getJSONNamespace(String providedPrefix, String ns ) { ns = null;",1675,
org/codehaus/jettison/mapped/MappedNamespaceConvention.java,285,NullifyInputVariable,"private String getJSONNamespace(String providedPrefix, String ns ) {","private String getJSONNamespace(String providedPrefix, String ns ) { providedPrefix = null;",1676,
org/codehaus/jettison/mapped/MappedNamespaceConvention.java,300,NullifyInputVariable,"public String createKey( String p, String ns, String local ) {","public String createKey( String p, String ns, String local ) { local = null;",1677,
org/codehaus/jettison/mapped/MappedNamespaceConvention.java,300,NullifyInputVariable,"public String createKey( String p, String ns, String local ) {","public String createKey( String p, String ns, String local ) { ns = null;",1678,
org/codehaus/jettison/mapped/MappedNamespaceConvention.java,300,NullifyInputVariable,"public String createKey( String p, String ns, String local ) {","public String createKey( String p, String ns, String local ) { p = null;",1679,
org/codehaus/jettison/mapped/MappedNamespaceConvention.java,311,NullifyInputVariable,"public boolean isElement( String p, String ns, String local ) {","public boolean isElement( String p, String ns, String local ) { local = null;",1680,
org/codehaus/jettison/mapped/MappedNamespaceConvention.java,311,NullifyInputVariable,"public boolean isElement( String p, String ns, String local ) {","public boolean isElement( String p, String ns, String local ) { ns = null;",1681,
org/codehaus/jettison/mapped/MappedNamespaceConvention.java,311,NullifyInputVariable,"public boolean isElement( String p, String ns, String local ) {","public boolean isElement( String p, String ns, String local ) { p = null;",1682,
org/codehaus/jettison/mapped/MappedNamespaceConvention.java,326,NullifyInputVariable,public Object convertToJSONPrimitive( String text ) {,public Object convertToJSONPrimitive( String text ) { text = null;,1683,
org/codehaus/jettison/mapped/MappedNamespaceConvention.java,374,NullifyInputVariable,public Object convertToJSONPrimitive(String text) {,public Object convertToJSONPrimitive(String text) { text = null;,1684,
org/codehaus/jettison/mapped/MappedNamespaceConvention.java,42,NullifyObjectInitialization,"private Map<Object, Object> xnsToJns = new HashMap<Object, Object>();","private Map<Object, Object> xnsToJns = null;",1685,
org/codehaus/jettison/mapped/MappedNamespaceConvention.java,43,NullifyObjectInitialization,"private Map<String, Object> jnsToXns = new HashMap<String, Object>();","private Map<String, Object> jnsToXns = null;",1686,
org/codehaus/jettison/mapped/MappedNamespaceConvention.java,82,NullifyObjectInitialization,jsonAttributesAsElements = new ArrayList<String>();,jsonAttributesAsElements = null;,1687,
org/codehaus/jettison/mapped/MappedNamespaceConvention.java,95,NullifyObjectInitialization,typeConverter = new NullStringConverter(typeConverter);,typeConverter = null;,1688,
org/codehaus/jettison/mapped/MappedNamespaceConvention.java,113,NullifyObjectInitialization,this.jsonAttributesAsElements = new ArrayList<String>();,this.jsonAttributesAsElements = null;,1689,
org/codehaus/jettison/mapped/MappedNamespaceConvention.java,156,NullifyObjectInitialization,"QName name = new QName( XMLConstants.DEFAULT_NS_PREFIX, k);",QName name = null;,1690,
org/codehaus/jettison/mapped/MappedNamespaceConvention.java,169,NullifyObjectInitialization,"name = new QName( XMLConstants.DEFAULT_NS_PREFIX, k );",name = null;,1691,
org/codehaus/jettison/mapped/MappedNamespaceConvention.java,262,NullifyObjectInitialization,qname = new QName( name );,qname = null;,1692,
org/codehaus/jettison/mapped/MappedNamespaceConvention.java,265,NullifyObjectInitialization,"qname = new QName( xns, local );",qname = null;,1693,
org/codehaus/jettison/mapped/MappedNamespaceConvention.java,273,NullifyObjectInitialization,StringBuilder builder = new StringBuilder();,StringBuilder builder = null;,1694,
org/codehaus/jettison/mapped/MappedNamespaceConvention.java,295,NullifyObjectInitialization,"throw new IllegalStateException( ""Invalid JSON namespace: "" + ns );",throw null;,1695,
org/codehaus/jettison/mapped/MappedNamespaceConvention.java,302,NullifyObjectInitialization,StringBuilder builder = new StringBuilder();,StringBuilder builder = null;,1696,
org/codehaus/jettison/mapped/MappedNamespaceConvention.java,194,NullifyReturnValue,"return """";",return null;,1697,
org/codehaus/jettison/mapped/MappedNamespaceConvention.java,197,NullifyReturnValue,return (String) jnsToXns.get( prefix );,return null;,1698,
org/codehaus/jettison/mapped/MappedNamespaceConvention.java,208,NullifyReturnValue,"return """";",return null;,1699,
org/codehaus/jettison/mapped/MappedNamespaceConvention.java,211,NullifyReturnValue,return (String) xnsToJns.get( namespaceURI );,return null;,1700,
org/codehaus/jettison/mapped/MappedNamespaceConvention.java,218,NullifyReturnValue,return Collections.<String>emptySet().iterator();,return null;,1701,
org/codehaus/jettison/mapped/MappedNamespaceConvention.java,221,NullifyReturnValue,return jnsToXns.keySet().iterator();,return null;,1702,
org/codehaus/jettison/mapped/MappedNamespaceConvention.java,227,NullifyReturnValue,return createQName( rootName );,return null;,1703,
org/codehaus/jettison/mapped/MappedNamespaceConvention.java,268,NullifyReturnValue,return qname;,return null;,1704,
org/codehaus/jettison/mapped/MappedNamespaceConvention.java,282,NullifyReturnValue,return builder.append( local ).toString();,return null;,1705,
org/codehaus/jettison/mapped/MappedNamespaceConvention.java,288,NullifyReturnValue,"return """";",return null;,1706,
org/codehaus/jettison/mapped/MappedNamespaceConvention.java,297,NullifyReturnValue,return jns;,return null;,1707,
org/codehaus/jettison/mapped/MappedNamespaceConvention.java,308,NullifyReturnValue,return builder.append( local ).toString();,return null;,1708,
org/codehaus/jettison/mapped/MappedNamespaceConvention.java,328,NullifyReturnValue,return typeConverter.convertToJSONPrimitive( text );,return null;,1709,
org/codehaus/jettison/mapped/MappedNamespaceConvention.java,332,NullifyReturnValue,return primitiveArrayKeys;,return null;,1710,
org/codehaus/jettison/mapped/MappedNamespaceConvention.java,341,NullifyReturnValue,return ignoredElements;,return null;,1711,
org/codehaus/jettison/mapped/MappedNamespaceConvention.java,364,NullifyReturnValue,return jsonNamespaceSeparator == null ? DOT_NAMESPACE_SEP : jsonNamespaceSeparator;,return null;,1712,
org/codehaus/jettison/mapped/MappedNamespaceConvention.java,376,NullifyReturnValue,return null;,return null;,1713,
org/codehaus/jettison/mapped/MappedNamespaceConvention.java,378,NullifyReturnValue,return converter.convertToJSONPrimitive(text);,return null;,1714,
org/codehaus/jettison/mapped/MappedNamespaceConvention.java,83,RelationalOperatorReplacement,if (attributesAsElements != null) {,if (attributesAsElements == null) {,1715,
org/codehaus/jettison/mapped/MappedNamespaceConvention.java,94,RelationalOperatorReplacement,if (!writeNullAsString && typeConverter != null) {,if (!writeNullAsString && typeConverter == null) {,1716,
org/codehaus/jettison/mapped/MappedNamespaceConvention.java,112,RelationalOperatorReplacement,if ( null == this.jsonAttributesAsElements ) {,if ( null != this.jsonAttributesAsElements ) {,1717,
org/codehaus/jettison/mapped/MappedNamespaceConvention.java,161,RelationalOperatorReplacement,String strValue = o == null ? null : o.toString();,String strValue = o != null ? null : o.toString();,1718,
org/codehaus/jettison/mapped/MappedNamespaceConvention.java,178,RelationalOperatorReplacement,if ( dot != -1 ) {,if ( dot == -1 ) {,1719,
org/codehaus/jettison/mapped/MappedNamespaceConvention.java,233,RelationalOperatorReplacement,for (int i = 0; i < array.length(); i++) {,for (int i = 0; i <= array.length(); i++) {,1720,
org/codehaus/jettison/mapped/MappedNamespaceConvention.java,251,RelationalOperatorReplacement,if ( dot == -1 ) {,if ( dot != -1 ) {,1721,
org/codehaus/jettison/mapped/MappedNamespaceConvention.java,261,RelationalOperatorReplacement,if ( xns == null ) {,if ( xns != null ) {,1722,
org/codehaus/jettison/mapped/MappedNamespaceConvention.java,279,RelationalOperatorReplacement,if ( jns != null && jns.length() != 0 ) {,if ( jns == null && jns.length() != 0 ) {,1723,
org/codehaus/jettison/mapped/MappedNamespaceConvention.java,279,RelationalOperatorReplacement,if ( jns != null && jns.length() != 0 ) {,if ( jns != null && jns.length() == 0 ) {,1724,
org/codehaus/jettison/mapped/MappedNamespaceConvention.java,287,RelationalOperatorReplacement,if ( ns == null || ns.length() == 0 || ignoreNamespaces ),if ( ns != null || ns.length() == 0 || ignoreNamespaces ),1725,
org/codehaus/jettison/mapped/MappedNamespaceConvention.java,287,RelationalOperatorReplacement,if ( ns == null || ns.length() == 0 || ignoreNamespaces ),if ( ns == null || ns.length() != 0 || ignoreNamespaces ),1726,
org/codehaus/jettison/mapped/MappedNamespaceConvention.java,291,RelationalOperatorReplacement,if (jns == null && providedPrefix != null && providedPrefix.length() > 0) {,if (jns != null && providedPrefix != null && providedPrefix.length() > 0) {,1727,
org/codehaus/jettison/mapped/MappedNamespaceConvention.java,291,RelationalOperatorReplacement,if (jns == null && providedPrefix != null && providedPrefix.length() > 0) {,if (jns == null && providedPrefix == null && providedPrefix.length() > 0) {,1728,
org/codehaus/jettison/mapped/MappedNamespaceConvention.java,291,RelationalOperatorReplacement,if (jns == null && providedPrefix != null && providedPrefix.length() > 0) {,if (jns == null && providedPrefix != null && providedPrefix.length() >= 0) {,1729,
org/codehaus/jettison/mapped/MappedNamespaceConvention.java,294,RelationalOperatorReplacement,if ( jns == null ) {,if ( jns != null ) {,1730,
org/codehaus/jettison/mapped/MappedNamespaceConvention.java,305,RelationalOperatorReplacement,if ( jns != null && jns.length() != 0 ) {,if ( jns == null && jns.length() != 0 ) {,1731,
org/codehaus/jettison/mapped/MappedNamespaceConvention.java,305,RelationalOperatorReplacement,if ( jns != null && jns.length() != 0 ) {,if ( jns != null && jns.length() == 0 ) {,1732,
org/codehaus/jettison/mapped/MappedNamespaceConvention.java,313,RelationalOperatorReplacement,if ( attributesAsElements == null ),if ( attributesAsElements != null ),1733,
org/codehaus/jettison/mapped/MappedNamespaceConvention.java,364,RelationalOperatorReplacement,return jsonNamespaceSeparator == null ? DOT_NAMESPACE_SEP : jsonNamespaceSeparator;,return jsonNamespaceSeparator != null ? DOT_NAMESPACE_SEP : jsonNamespaceSeparator;,1734,
org/codehaus/jettison/mapped/MappedNamespaceConvention.java,375,RelationalOperatorReplacement,if (text != null && NULL_STRING.equals(text)) {,if (text == null && NULL_STRING.equals(text)) {,1735,
org/codehaus/jettison/mapped/MappedNamespaceConvention.java,102,RemoveMethod,"public void processAttributesAndNamespaces( Node n, JSONObject object ) throws JSONException {","public void processAttributesAndNamespaces( Node n, JSONObject object ) throws JSONException {",1736,
org/codehaus/jettison/mapped/MappedNamespaceConvention.java,191,RemoveMethod,public String getNamespaceURI( String prefix ) {,public String getNamespaceURI( String prefix ) {,1737,
org/codehaus/jettison/mapped/MappedNamespaceConvention.java,191,RemoveMethod,public String getNamespaceURI( String prefix ) {,public String getNamespaceURI( String prefix ) {,1738,
org/codehaus/jettison/mapped/MappedNamespaceConvention.java,205,RemoveMethod,public String getPrefix( String namespaceURI ) {,public String getPrefix( String namespaceURI ) {,1739,
org/codehaus/jettison/mapped/MappedNamespaceConvention.java,205,RemoveMethod,public String getPrefix( String namespaceURI ) {,public String getPrefix( String namespaceURI ) {,1740,
org/codehaus/jettison/mapped/MappedNamespaceConvention.java,215,RemoveMethod,public Iterator<String> getPrefixes( String arg0 ) {,public Iterator<String> getPrefixes( String arg0 ) {,1741,
org/codehaus/jettison/mapped/MappedNamespaceConvention.java,225,RemoveMethod,"public QName createQName( String rootName, Node node ) {","public QName createQName( String rootName, Node node ) {",1742,
org/codehaus/jettison/mapped/MappedNamespaceConvention.java,231,RemoveMethod,"private void readAttribute( Node n, String k, JSONArray array ) throws JSONException {","private void readAttribute( Node n, String k, JSONArray array ) throws JSONException {",1743,
org/codehaus/jettison/mapped/MappedNamespaceConvention.java,238,RemoveMethod,"private void readAttribute( Node n, String name, String value ) throws JSONException {","private void readAttribute( Node n, String name, String value ) throws JSONException {",1744,
org/codehaus/jettison/mapped/MappedNamespaceConvention.java,244,RemoveMethod,private QName createQName( String name ) {,private QName createQName( String name ) {,1745,
org/codehaus/jettison/mapped/MappedNamespaceConvention.java,271,RemoveMethod,"public String createAttributeKey( String p, String ns, String local ) {","public String createAttributeKey( String p, String ns, String local ) {",1746,
org/codehaus/jettison/mapped/MappedNamespaceConvention.java,271,RemoveMethod,"public String createAttributeKey( String p, String ns, String local ) {","public String createAttributeKey( String p, String ns, String local ) {",1747,
org/codehaus/jettison/mapped/MappedNamespaceConvention.java,285,RemoveMethod,"private String getJSONNamespace(String providedPrefix, String ns ) {","private String getJSONNamespace(String providedPrefix, String ns ) {",1748,
org/codehaus/jettison/mapped/MappedNamespaceConvention.java,285,RemoveMethod,"private String getJSONNamespace(String providedPrefix, String ns ) {","private String getJSONNamespace(String providedPrefix, String ns ) {",1749,
org/codehaus/jettison/mapped/MappedNamespaceConvention.java,300,RemoveMethod,"public String createKey( String p, String ns, String local ) {","public String createKey( String p, String ns, String local ) {",1750,
org/codehaus/jettison/mapped/MappedNamespaceConvention.java,300,RemoveMethod,"public String createKey( String p, String ns, String local ) {","public String createKey( String p, String ns, String local ) {",1751,
org/codehaus/jettison/mapped/MappedNamespaceConvention.java,311,RemoveMethod,"public boolean isElement( String p, String ns, String local ) {","public boolean isElement( String p, String ns, String local ) {",1752,
org/codehaus/jettison/mapped/MappedNamespaceConvention.java,311,RemoveMethod,"public boolean isElement( String p, String ns, String local ) {","public boolean isElement( String p, String ns, String local ) {",1753,
org/codehaus/jettison/mapped/MappedNamespaceConvention.java,326,RemoveMethod,public Object convertToJSONPrimitive( String text ) {,public Object convertToJSONPrimitive( String text ) {,1754,
org/codehaus/jettison/mapped/MappedNamespaceConvention.java,331,RemoveMethod,public Set<?> getPrimitiveArrayKeys() {,public Set<?> getPrimitiveArrayKeys() {,1755,
org/codehaus/jettison/mapped/MappedNamespaceConvention.java,334,RemoveMethod,public boolean isDropRootElement() {,public boolean isDropRootElement() {,1756,
org/codehaus/jettison/mapped/MappedNamespaceConvention.java,334,RemoveMethod,public boolean isDropRootElement() {,public boolean isDropRootElement() {,1757,
org/codehaus/jettison/mapped/MappedNamespaceConvention.java,337,RemoveMethod,public boolean isRootElementArrayWrapper() {,public boolean isRootElementArrayWrapper() {,1758,
org/codehaus/jettison/mapped/MappedNamespaceConvention.java,337,RemoveMethod,public boolean isRootElementArrayWrapper() {,public boolean isRootElementArrayWrapper() {,1759,
org/codehaus/jettison/mapped/MappedNamespaceConvention.java,340,RemoveMethod,public List<?> getIgnoredElements() {,public List<?> getIgnoredElements() {,1760,
org/codehaus/jettison/mapped/MappedNamespaceConvention.java,343,RemoveMethod,public boolean isWriteNullAsString() {,public boolean isWriteNullAsString() {,1761,
org/codehaus/jettison/mapped/MappedNamespaceConvention.java,343,RemoveMethod,public boolean isWriteNullAsString() {,public boolean isWriteNullAsString() {,1762,
org/codehaus/jettison/mapped/MappedNamespaceConvention.java,346,RemoveMethod,public boolean isReadNullAsString() {,public boolean isReadNullAsString() {,1763,
org/codehaus/jettison/mapped/MappedNamespaceConvention.java,346,RemoveMethod,public boolean isReadNullAsString() {,public boolean isReadNullAsString() {,1764,
org/codehaus/jettison/mapped/MappedNamespaceConvention.java,350,RemoveMethod,public boolean isIgnoreEmptyArrayValues() {,public boolean isIgnoreEmptyArrayValues() {,1765,
org/codehaus/jettison/mapped/MappedNamespaceConvention.java,350,RemoveMethod,public boolean isIgnoreEmptyArrayValues() {,public boolean isIgnoreEmptyArrayValues() {,1766,
org/codehaus/jettison/mapped/MappedNamespaceConvention.java,355,RemoveMethod,public boolean isEscapeForwardSlashAlways() {,public boolean isEscapeForwardSlashAlways() {,1767,
org/codehaus/jettison/mapped/MappedNamespaceConvention.java,355,RemoveMethod,public boolean isEscapeForwardSlashAlways() {,public boolean isEscapeForwardSlashAlways() {,1768,
org/codehaus/jettison/mapped/MappedNamespaceConvention.java,358,RemoveMethod,public void setEscapeForwardSlashAlways(boolean escapeForwardSlash) {,public void setEscapeForwardSlashAlways(boolean escapeForwardSlash) {,1769,
org/codehaus/jettison/mapped/MappedNamespaceConvention.java,363,RemoveMethod,public String getNamespaceSeparator() {,public String getNamespaceSeparator() {,1770,
org/codehaus/jettison/mapped/MappedNamespaceConvention.java,363,RemoveMethod,public String getNamespaceSeparator() {,public String getNamespaceSeparator() {,1771,
org/codehaus/jettison/mapped/MappedNamespaceConvention.java,374,RemoveMethod,public Object convertToJSONPrimitive(String text) {,public Object convertToJSONPrimitive(String text) {,1772,
org/codehaus/jettison/mapped/MappedNamespaceConvention.java,83,RemoveNullCheck,if (attributesAsElements != null) {,if (true) {,1773,
org/codehaus/jettison/mapped/MappedNamespaceConvention.java,94,RemoveNullCheck,if (!writeNullAsString && typeConverter != null) {,if (!writeNullAsString && true) {,1774,
org/codehaus/jettison/mapped/MappedNamespaceConvention.java,112,RemoveNullCheck,if ( null == this.jsonAttributesAsElements ) {,if ( false ) {,1775,
org/codehaus/jettison/mapped/MappedNamespaceConvention.java,161,RemoveNullCheck,String strValue = o == null ? null : o.toString();,String strValue = false ? null : o.toString();,1776,
org/codehaus/jettison/mapped/MappedNamespaceConvention.java,261,RemoveNullCheck,if ( xns == null ) {,if ( false ) {,1777,
org/codehaus/jettison/mapped/MappedNamespaceConvention.java,279,RemoveNullCheck,if ( jns != null && jns.length() != 0 ) {,if ( true && jns.length() != 0 ) {,1778,
org/codehaus/jettison/mapped/MappedNamespaceConvention.java,287,RemoveNullCheck,if ( ns == null || ns.length() == 0 || ignoreNamespaces ),if ( false || ns.length() == 0 || ignoreNamespaces ),1779,
org/codehaus/jettison/mapped/MappedNamespaceConvention.java,291,RemoveNullCheck,if (jns == null && providedPrefix != null && providedPrefix.length() > 0) {,if (false && providedPrefix != null && providedPrefix.length() > 0) {,1780,
org/codehaus/jettison/mapped/MappedNamespaceConvention.java,291,RemoveNullCheck,if (jns == null && providedPrefix != null && providedPrefix.length() > 0) {,if (jns == null && true && providedPrefix.length() > 0) {,1781,
org/codehaus/jettison/mapped/MappedNamespaceConvention.java,294,RemoveNullCheck,if ( jns == null ) {,if ( false ) {,1782,
org/codehaus/jettison/mapped/MappedNamespaceConvention.java,305,RemoveNullCheck,if ( jns != null && jns.length() != 0 ) {,if ( true && jns.length() != 0 ) {,1783,
org/codehaus/jettison/mapped/MappedNamespaceConvention.java,313,RemoveNullCheck,if ( attributesAsElements == null ),if ( false ),1784,
org/codehaus/jettison/mapped/MappedNamespaceConvention.java,364,RemoveNullCheck,return jsonNamespaceSeparator == null ? DOT_NAMESPACE_SEP : jsonNamespaceSeparator;,return false ? DOT_NAMESPACE_SEP : jsonNamespaceSeparator;,1785,
org/codehaus/jettison/mapped/MappedNamespaceConvention.java,375,RemoveNullCheck,if (text != null && NULL_STRING.equals(text)) {,if (true && NULL_STRING.equals(text)) {,1786,
org/codehaus/jettison/mapped/MappedXMLInputFactory.java,48,ArithmeticOperatorReplacementUnary,if (column == -1) {,if (column == +1) {,1787,
org/codehaus/jettison/mapped/MappedXMLInputFactory.java,64,ArithmeticOperatorReplacementUnary,private int line = -1;,private int line = +1;,1788,
org/codehaus/jettison/mapped/MappedXMLInputFactory.java,65,ArithmeticOperatorReplacementUnary,private int column = -1;,private int column = +1;,1789,
org/codehaus/jettison/mapped/MappedXMLInputFactory.java,42,NullifyInputVariable,public XMLStreamReader createXMLStreamReader(JSONTokener tokener) throws XMLStreamException {,public XMLStreamReader createXMLStreamReader(JSONTokener tokener) throws XMLStreamException { tokener = null;,1790,
org/codehaus/jettison/mapped/MappedXMLInputFactory.java,58,NullifyInputVariable,protected JSONObject createJSONObject(JSONTokener tokener) throws JSONException {,protected JSONObject createJSONObject(JSONTokener tokener) throws JSONException { tokener = null;,1791,
org/codehaus/jettison/mapped/MappedXMLInputFactory.java,35,NullifyObjectInitialization,this(new Configuration(nstojns));,this(null);,1792,
org/codehaus/jettison/mapped/MappedXMLInputFactory.java,39,NullifyObjectInitialization,this.convention = new MappedNamespaceConvention(config);,this.convention = null;,1793,
org/codehaus/jettison/mapped/MappedXMLInputFactory.java,45,NullifyObjectInitialization,"return new MappedXMLStreamReader(root, convention);",return null;,1794,
org/codehaus/jettison/mapped/MappedXMLInputFactory.java,49,NullifyObjectInitialization,throw new XMLStreamException(e);,throw null;,1795,
org/codehaus/jettison/mapped/MappedXMLInputFactory.java,51,NullifyObjectInitialization,"throw new XMLStreamException(e.getMessage(),",throw null;,1796,
org/codehaus/jettison/mapped/MappedXMLInputFactory.java,52,NullifyObjectInitialization,"new ErrorLocation(e.getLine(), e.getColumn()),","null,",1797,
org/codehaus/jettison/mapped/MappedXMLInputFactory.java,59,NullifyObjectInitialization,return new JSONObject(tokener);,return null;,1798,
org/codehaus/jettison/mapped/MappedXMLInputFactory.java,45,NullifyReturnValue,"return new MappedXMLStreamReader(root, convention);",return null;,1799,
org/codehaus/jettison/mapped/MappedXMLInputFactory.java,59,NullifyReturnValue,return new JSONObject(tokener);,return null;,1800,
org/codehaus/jettison/mapped/MappedXMLInputFactory.java,85,NullifyReturnValue,return null;,return null;,1801,
org/codehaus/jettison/mapped/MappedXMLInputFactory.java,89,NullifyReturnValue,return null;,return null;,1802,
org/codehaus/jettison/mapped/MappedXMLInputFactory.java,48,RelationalOperatorReplacement,if (column == -1) {,if (column != -1) {,1803,
org/codehaus/jettison/mapped/MappedXMLInputFactory.java,42,RemoveMethod,public XMLStreamReader createXMLStreamReader(JSONTokener tokener) throws XMLStreamException {,public XMLStreamReader createXMLStreamReader(JSONTokener tokener) throws XMLStreamException {,1804,
org/codehaus/jettison/mapped/MappedXMLInputFactory.java,58,RemoveMethod,protected JSONObject createJSONObject(JSONTokener tokener) throws JSONException {,protected JSONObject createJSONObject(JSONTokener tokener) throws JSONException {,1805,
org/codehaus/jettison/mapped/MappedXMLInputFactory.java,72,RemoveMethod,public int getCharacterOffset() {,public int getCharacterOffset() {,1806,
org/codehaus/jettison/mapped/MappedXMLInputFactory.java,72,RemoveMethod,public int getCharacterOffset() {,public int getCharacterOffset() {,1807,
org/codehaus/jettison/mapped/MappedXMLInputFactory.java,76,RemoveMethod,public int getColumnNumber() {,public int getColumnNumber() {,1808,
org/codehaus/jettison/mapped/MappedXMLInputFactory.java,76,RemoveMethod,public int getColumnNumber() {,public int getColumnNumber() {,1809,
org/codehaus/jettison/mapped/MappedXMLInputFactory.java,80,RemoveMethod,public int getLineNumber() {,public int getLineNumber() {,1810,
org/codehaus/jettison/mapped/MappedXMLInputFactory.java,80,RemoveMethod,public int getLineNumber() {,public int getLineNumber() {,1811,
org/codehaus/jettison/mapped/MappedXMLInputFactory.java,84,RemoveMethod,public String getPublicId() {,public String getPublicId() {,1812,
org/codehaus/jettison/mapped/MappedXMLInputFactory.java,84,RemoveMethod,public String getPublicId() {,public String getPublicId() {,1813,
org/codehaus/jettison/mapped/MappedXMLInputFactory.java,88,RemoveMethod,public String getSystemId() {,public String getSystemId() {,1814,
org/codehaus/jettison/mapped/MappedXMLInputFactory.java,88,RemoveMethod,public String getSystemId() {,public String getSystemId() {,1815,
org/codehaus/jettison/mapped/MappedXMLOutputFactory.java,39,NullifyInputVariable,public XMLStreamWriter createXMLStreamWriter(Writer writer) throws XMLStreamException {,public XMLStreamWriter createXMLStreamWriter(Writer writer) throws XMLStreamException { writer = null;,1816,
org/codehaus/jettison/mapped/MappedXMLOutputFactory.java,32,NullifyObjectInitialization,this(new Configuration(nstojns));,this(null);,1817,
org/codehaus/jettison/mapped/MappedXMLOutputFactory.java,36,NullifyObjectInitialization,this.convention = new MappedNamespaceConvention(config);,this.convention = null;,1818,
org/codehaus/jettison/mapped/MappedXMLOutputFactory.java,40,NullifyObjectInitialization,"return new MappedXMLStreamWriter(convention, writer);",return null;,1819,
org/codehaus/jettison/mapped/MappedXMLOutputFactory.java,40,NullifyReturnValue,"return new MappedXMLStreamWriter(convention, writer);",return null;,1820,
org/codehaus/jettison/mapped/MappedXMLOutputFactory.java,39,RemoveMethod,public XMLStreamWriter createXMLStreamWriter(Writer writer) throws XMLStreamException {,public XMLStreamWriter createXMLStreamWriter(Writer writer) throws XMLStreamException {,1821,
org/codehaus/jettison/mapped/MappedXMLStreamReader.java,144,ArithmeticOperatorReplacementBinary,nextKey = this.convention.getPrefix(node.getName().getNamespaceURI()),nextKey = this.convention.getPrefix(node.getName().getNamespaceURI()),1822,
org/codehaus/jettison/mapped/MappedXMLStreamReader.java,144,ArithmeticOperatorReplacementBinary,nextKey = this.convention.getPrefix(node.getName().getNamespaceURI()),nextKey = this.convention.getPrefix(node.getName().getNamespaceURI()),1823,
org/codehaus/jettison/mapped/MappedXMLStreamReader.java,198,ArithmeticOperatorReplacementBinary,for (int i = arrayLength - 1; i >= 0; i--) {,for (int i = arrayLength + 1; i >= 0; i--) {,1824,
org/codehaus/jettison/mapped/MappedXMLStreamReader.java,81,ArithmeticOperatorReplacementShortcut,popArrayNodes--;,popArrayNodes++;,1825,
org/codehaus/jettison/mapped/MappedXMLStreamReader.java,141,ArithmeticOperatorReplacementShortcut,newObj = node.getArray().get(index++);,newObj = node.getArray().get(index--);,1826,
org/codehaus/jettison/mapped/MappedXMLStreamReader.java,198,ArithmeticOperatorReplacementShortcut,for (int i = arrayLength - 1; i >= 0; i--) {,for (int i = arrayLength - 1; i >= 0; i++) {,1827,
org/codehaus/jettison/mapped/MappedXMLStreamReader.java,207,ArithmeticOperatorReplacementShortcut,depth++;,depth--;,1828,
org/codehaus/jettison/mapped/MappedXMLStreamReader.java,218,ArithmeticOperatorReplacementShortcut,for (int i = 0; i < depth; i++) {,for (int i = 0; i < depth; i--) {,1829,
org/codehaus/jettison/mapped/MappedXMLStreamReader.java,235,ArithmeticOperatorReplacementShortcut,popArrayNodes++;,popArrayNodes--;,1830,
org/codehaus/jettison/mapped/MappedXMLStreamReader.java,52,ConditionalOperatorDeletion,"} else if (top instanceof JSONArray && !(((JSONArray)top).length() == 1 && ((JSONArray)top).get(0).equals(""""))) {","} else if (top instanceof JSONArray && (((JSONArray)top).length() == 1 && ((JSONArray)top).get(0).equals(""""))) {",1831,
org/codehaus/jettison/mapped/MappedXMLStreamReader.java,143,ConditionalOperatorDeletion,"if (!"""".equals(node.getName().getNamespaceURI())) {","if ( """".equals(node.getName().getNamespaceURI())) {",1832,
org/codehaus/jettison/mapped/MappedXMLStreamReader.java,160,ConditionalOperatorDeletion,"if (!processUniformArrayIfPossible(nextKey, array)) {","if ( processUniformArrayIfPossible(nextKey, array)) {",1833,
org/codehaus/jettison/mapped/MappedXMLStreamReader.java,187,ConditionalOperatorDeletion,if (!isAvoidArraySpecificEvents(arrayKey)) {,if ( isAvoidArraySpecificEvents(arrayKey)) {,1834,
org/codehaus/jettison/mapped/MappedXMLStreamReader.java,196,ConditionalOperatorDeletion,"Node parent = !isRoot ? new Node(arrayKey, convention) : node;","Node parent = isRoot ? new Node(arrayKey, convention) : node;",1835,
org/codehaus/jettison/mapped/MappedXMLStreamReader.java,226,ConditionalOperatorDeletion,if (!isRoot) {,if ( isRoot) {,1836,
org/codehaus/jettison/mapped/MappedXMLStreamReader.java,254,ConditionalOperatorDeletion,&& !convention.isReadNullAsString()) {,&& convention.isReadNullAsString()) {,1837,
org/codehaus/jettison/mapped/MappedXMLStreamReader.java,52,ConditionalOperatorReplacement,"} else if (top instanceof JSONArray && !(((JSONArray)top).length() == 1 && ((JSONArray)top).get(0).equals(""""))) {","} else if (top instanceof JSONArray || !(((JSONArray)top).length() == 1 && ((JSONArray)top).get(0).equals(""""))) {",1838,
org/codehaus/jettison/mapped/MappedXMLStreamReader.java,52,ConditionalOperatorReplacement,"} else if (top instanceof JSONArray && !(((JSONArray)top).length() == 1 && ((JSONArray)top).get(0).equals(""""))) {","} else if (top instanceof JSONArray && !(((JSONArray)top).length() == 1 || ((JSONArray)top).get(0).equals(""""))) {",1839,
org/codehaus/jettison/mapped/MappedXMLStreamReader.java,75,ConditionalOperatorReplacement,} else if (event == START_ELEMENT || event == END_ELEMENT) {,} else if (event == START_ELEMENT && event == END_ELEMENT) {,1840,
org/codehaus/jettison/mapped/MappedXMLStreamReader.java,76,ConditionalOperatorReplacement,if (event == END_ELEMENT && nodes.size() > 0) {,if (event == END_ELEMENT || nodes.size() > 0) {,1841,
org/codehaus/jettison/mapped/MappedXMLStreamReader.java,89,ConditionalOperatorReplacement,} else if ((node.getKeys() != null && node.getKeys().hasNext()) || node.getArray() != null) {,} else if ((node.getKeys() != null || node.getKeys().hasNext()) || node.getArray() != null) {,1842,
org/codehaus/jettison/mapped/MappedXMLStreamReader.java,89,ConditionalOperatorReplacement,} else if ((node.getKeys() != null && node.getKeys().hasNext()) || node.getArray() != null) {,} else if ((node.getKeys() != null && node.getKeys().hasNext()) && node.getArray() != null) {,1843,
org/codehaus/jettison/mapped/MappedXMLStreamReader.java,103,ConditionalOperatorReplacement,if (event == START_ELEMENT && next.getName().getLocalPart().equals(valueKey)) {,if (event == START_ELEMENT || next.getName().getLocalPart().equals(valueKey)) {,1844,
org/codehaus/jettison/mapped/MappedXMLStreamReader.java,129,ConditionalOperatorReplacement,if ((node.getKeys() != null && node.getKeys().hasNext()) || node.getArray() != null) {,if ((node.getKeys() != null || node.getKeys().hasNext()) || node.getArray() != null) {,1845,
org/codehaus/jettison/mapped/MappedXMLStreamReader.java,129,ConditionalOperatorReplacement,if ((node.getKeys() != null && node.getKeys().hasNext()) || node.getArray() != null) {,if ((node.getKeys() != null && node.getKeys().hasNext()) && node.getArray() != null) {,1846,
org/codehaus/jettison/mapped/MappedXMLStreamReader.java,205,ConditionalOperatorReplacement,if (lastKey == null || lastKey.equals(theKey)) {,if (lastKey == null && lastKey.equals(theKey)) {,1847,
org/codehaus/jettison/mapped/MappedXMLStreamReader.java,252,ConditionalOperatorReplacement,if (currentValue != null,if (currentValue != null,1848,
org/codehaus/jettison/mapped/MappedXMLStreamReader.java,252,ConditionalOperatorReplacement,if (currentValue != null,if (currentValue != null,1849,
org/codehaus/jettison/mapped/MappedXMLStreamReader.java,266,ConditionalOperatorReplacement,return keys != null && keys.contains(key);,return keys != null || keys.contains(key);,1850,
org/codehaus/jettison/mapped/MappedXMLStreamReader.java,185,NullifyInputVariable,"private boolean processUniformArrayIfPossible(String arrayKey, JSONArray array) throws JSONException, XMLStreamException {","private boolean processUniformArrayIfPossible(String arrayKey, JSONArray array) throws JSONException, XMLStreamException { array = null;",1851,
org/codehaus/jettison/mapped/MappedXMLStreamReader.java,185,NullifyInputVariable,"private boolean processUniformArrayIfPossible(String arrayKey, JSONArray array) throws JSONException, XMLStreamException {","private boolean processUniformArrayIfPossible(String arrayKey, JSONArray array) throws JSONException, XMLStreamException { arrayKey = null;",1852,
org/codehaus/jettison/mapped/MappedXMLStreamReader.java,260,NullifyInputVariable,public void setValueKey(String valueKey) {,public void setValueKey(String valueKey) { valueKey = null;,1853,
org/codehaus/jettison/mapped/MappedXMLStreamReader.java,264,NullifyInputVariable,public boolean isAvoidArraySpecificEvents(String key) {,public boolean isAvoidArraySpecificEvents(String key) { key = null;,1854,
org/codehaus/jettison/mapped/MappedXMLStreamReader.java,39,NullifyObjectInitialization,"this(obj, new MappedNamespaceConvention());","this(obj, null);",1855,
org/codehaus/jettison/mapped/MappedXMLStreamReader.java,47,NullifyObjectInitialization,this.nodes = new FastStack();,this.nodes = null;,1856,
org/codehaus/jettison/mapped/MappedXMLStreamReader.java,51,NullifyObjectInitialization,"this.node = new Node(null, rootName, (JSONObject)top, convention);",this.node = null;,1857,
org/codehaus/jettison/mapped/MappedXMLStreamReader.java,54,NullifyObjectInitialization,"this.node = new Node(null, rootName, obj, convention);",this.node = null;,1858,
org/codehaus/jettison/mapped/MappedXMLStreamReader.java,56,NullifyObjectInitialization,"this.node = new Node(null, rootName, ((JSONArray)top).getJSONObject(0), convention);",this.node = null;,1859,
org/codehaus/jettison/mapped/MappedXMLStreamReader.java,59,NullifyObjectInitialization,"node = new Node(rootName, convention);",node = null;,1860,
org/codehaus/jettison/mapped/MappedXMLStreamReader.java,153,NullifyObjectInitialization,"node = new Node(nextKey, convention);",node = null;,1861,
org/codehaus/jettison/mapped/MappedXMLStreamReader.java,161,NullifyObjectInitialization,"node = new Node(nextKey, convention);",node = null;,1862,
org/codehaus/jettison/mapped/MappedXMLStreamReader.java,169,NullifyObjectInitialization,"node = new Node((Node)nodes.peek(), nextKey, (JSONObject) newObj, convention);",node = null;,1863,
org/codehaus/jettison/mapped/MappedXMLStreamReader.java,174,NullifyObjectInitialization,"node = new Node(nextKey, convention);",node = null;,1864,
org/codehaus/jettison/mapped/MappedXMLStreamReader.java,181,NullifyObjectInitialization,throw new XMLStreamException(e);,throw null;,1865,
org/codehaus/jettison/mapped/MappedXMLStreamReader.java,196,NullifyObjectInitialization,"Node parent = !isRoot ? new Node(arrayKey, convention) : node;",Node parent = !isRoot ? null : node;,1866,
org/codehaus/jettison/mapped/MappedXMLStreamReader.java,208,NullifyObjectInitialization,"Node theNode = new Node(parent, theKey, jsonObject, convention);",Node theNode = null;,1867,
org/codehaus/jettison/mapped/MappedXMLStreamReader.java,244,NullifyReturnValue,return currentValue;,return null;,1868,
org/codehaus/jettison/mapped/MappedXMLStreamReader.java,248,NullifyReturnValue,return ctx;,return null;,1869,
org/codehaus/jettison/mapped/MappedXMLStreamReader.java,255,NullifyReturnValue,return null;,return null;,1870,
org/codehaus/jettison/mapped/MappedXMLStreamReader.java,257,NullifyReturnValue,return currentValue;,return null;,1871,
org/codehaus/jettison/mapped/MappedXMLStreamReader.java,269,NullifyReturnValue,return convention;,return null;,1872,
org/codehaus/jettison/mapped/MappedXMLStreamReader.java,52,RelationalOperatorReplacement,"} else if (top instanceof JSONArray && !(((JSONArray)top).length() == 1 && ((JSONArray)top).get(0).equals(""""))) {","} else if (top instanceof JSONArray && !(((JSONArray)top).length() != 1 && ((JSONArray)top).get(0).equals(""""))) {",1873,
org/codehaus/jettison/mapped/MappedXMLStreamReader.java,69,RelationalOperatorReplacement,if (event == START_DOCUMENT) {,if (event != START_DOCUMENT) {,1874,
org/codehaus/jettison/mapped/MappedXMLStreamReader.java,71,RelationalOperatorReplacement,} else if (event == CHARACTERS) {,} else if (event != CHARACTERS) {,1875,
org/codehaus/jettison/mapped/MappedXMLStreamReader.java,75,RelationalOperatorReplacement,} else if (event == START_ELEMENT || event == END_ELEMENT) {,} else if (event != START_ELEMENT || event == END_ELEMENT) {,1876,
org/codehaus/jettison/mapped/MappedXMLStreamReader.java,75,RelationalOperatorReplacement,} else if (event == START_ELEMENT || event == END_ELEMENT) {,} else if (event == START_ELEMENT || event != END_ELEMENT) {,1877,
org/codehaus/jettison/mapped/MappedXMLStreamReader.java,76,RelationalOperatorReplacement,if (event == END_ELEMENT && nodes.size() > 0) {,if (event != END_ELEMENT && nodes.size() > 0) {,1878,
org/codehaus/jettison/mapped/MappedXMLStreamReader.java,76,RelationalOperatorReplacement,if (event == END_ELEMENT && nodes.size() > 0) {,if (event == END_ELEMENT && nodes.size() >= 0) {,1879,
org/codehaus/jettison/mapped/MappedXMLStreamReader.java,78,RelationalOperatorReplacement,if (popArrayNodes > 0) {,if (popArrayNodes >= 0) {,1880,
org/codehaus/jettison/mapped/MappedXMLStreamReader.java,80,RelationalOperatorReplacement,if (node.getArray() != null) {,if (node.getArray() == null) {,1881,
org/codehaus/jettison/mapped/MappedXMLStreamReader.java,87,RelationalOperatorReplacement,if (currentValue != null) {,if (currentValue == null) {,1882,
org/codehaus/jettison/mapped/MappedXMLStreamReader.java,89,RelationalOperatorReplacement,} else if ((node.getKeys() != null && node.getKeys().hasNext()) || node.getArray() != null) {,} else if ((node.getKeys() == null && node.getKeys().hasNext()) || node.getArray() != null) {,1883,
org/codehaus/jettison/mapped/MappedXMLStreamReader.java,89,RelationalOperatorReplacement,} else if ((node.getKeys() != null && node.getKeys().hasNext()) || node.getArray() != null) {,} else if ((node.getKeys() != null && node.getKeys().hasNext()) || node.getArray() == null) {,1884,
org/codehaus/jettison/mapped/MappedXMLStreamReader.java,92,RelationalOperatorReplacement,if (nodes.size() > 0) {,if (nodes.size() >= 0) {,1885,
org/codehaus/jettison/mapped/MappedXMLStreamReader.java,101,RelationalOperatorReplacement,if (nodes.size() > 0) {,if (nodes.size() >= 0) {,1886,
org/codehaus/jettison/mapped/MappedXMLStreamReader.java,103,RelationalOperatorReplacement,if (event == START_ELEMENT && next.getName().getLocalPart().equals(valueKey)) {,if (event != START_ELEMENT && next.getName().getLocalPart().equals(valueKey)) {,1887,
org/codehaus/jettison/mapped/MappedXMLStreamReader.java,115,RelationalOperatorReplacement,if (node.getArray() != null) {,if (node.getArray() == null) {,1888,
org/codehaus/jettison/mapped/MappedXMLStreamReader.java,117,RelationalOperatorReplacement,if (index >= node.getArray().length()) {,if (index > node.getArray().length()) {,1889,
org/codehaus/jettison/mapped/MappedXMLStreamReader.java,123,RelationalOperatorReplacement,if (node == null),if (node != null),1890,
org/codehaus/jettison/mapped/MappedXMLStreamReader.java,129,RelationalOperatorReplacement,if ((node.getKeys() != null && node.getKeys().hasNext()) || node.getArray() != null) {,if ((node.getKeys() == null && node.getKeys().hasNext()) || node.getArray() != null) {,1891,
org/codehaus/jettison/mapped/MappedXMLStreamReader.java,129,RelationalOperatorReplacement,if ((node.getKeys() != null && node.getKeys().hasNext()) || node.getArray() != null) {,if ((node.getKeys() != null && node.getKeys().hasNext()) || node.getArray() == null) {,1892,
org/codehaus/jettison/mapped/MappedXMLStreamReader.java,130,RelationalOperatorReplacement,if (popArrayNodes > 0) {,if (popArrayNodes >= 0) {,1893,
org/codehaus/jettison/mapped/MappedXMLStreamReader.java,198,RelationalOperatorReplacement,for (int i = arrayLength - 1; i >= 0; i--) {,for (int i = arrayLength - 1; i > 0; i--) {,1894,
org/codehaus/jettison/mapped/MappedXMLStreamReader.java,203,RelationalOperatorReplacement,if (jsonObject.length() == 1) {,if (jsonObject.length() != 1) {,1895,
org/codehaus/jettison/mapped/MappedXMLStreamReader.java,205,RelationalOperatorReplacement,if (lastKey == null || lastKey.equals(theKey)) {,if (lastKey != null || lastKey.equals(theKey)) {,1896,
org/codehaus/jettison/mapped/MappedXMLStreamReader.java,217,RelationalOperatorReplacement,if (lastKey == null) {,if (lastKey != null) {,1897,
org/codehaus/jettison/mapped/MappedXMLStreamReader.java,218,RelationalOperatorReplacement,for (int i = 0; i < depth; i++) {,for (int i = 0; i <= depth; i++) {,1898,
org/codehaus/jettison/mapped/MappedXMLStreamReader.java,252,RelationalOperatorReplacement,if (currentValue != null,if (currentValue == null,1899,
org/codehaus/jettison/mapped/MappedXMLStreamReader.java,266,RelationalOperatorReplacement,return keys != null && keys.contains(key);,return keys == null && keys.contains(key);,1900,
org/codehaus/jettison/mapped/MappedXMLStreamReader.java,68,RemoveMethod,public int next() throws XMLStreamException {,public int next() throws XMLStreamException {,1901,
org/codehaus/jettison/mapped/MappedXMLStreamReader.java,68,RemoveMethod,public int next() throws XMLStreamException {,public int next() throws XMLStreamException {,1902,
org/codehaus/jettison/mapped/MappedXMLStreamReader.java,111,RemoveMethod,private void processElement() throws XMLStreamException {,private void processElement() throws XMLStreamException {,1903,
org/codehaus/jettison/mapped/MappedXMLStreamReader.java,185,RemoveMethod,"private boolean processUniformArrayIfPossible(String arrayKey, JSONArray array) throws JSONException, XMLStreamException {","private boolean processUniformArrayIfPossible(String arrayKey, JSONArray array) throws JSONException, XMLStreamException {",1904,
org/codehaus/jettison/mapped/MappedXMLStreamReader.java,185,RemoveMethod,"private boolean processUniformArrayIfPossible(String arrayKey, JSONArray array) throws JSONException, XMLStreamException {","private boolean processUniformArrayIfPossible(String arrayKey, JSONArray array) throws JSONException, XMLStreamException {",1905,
org/codehaus/jettison/mapped/MappedXMLStreamReader.java,239,RemoveMethod,public void close() throws XMLStreamException {,public void close() throws XMLStreamException {,1906,
org/codehaus/jettison/mapped/MappedXMLStreamReader.java,242,RemoveMethod,public String getElementText() throws XMLStreamException {,public String getElementText() throws XMLStreamException {,1907,
org/codehaus/jettison/mapped/MappedXMLStreamReader.java,242,RemoveMethod,public String getElementText() throws XMLStreamException {,public String getElementText() throws XMLStreamException {,1908,
org/codehaus/jettison/mapped/MappedXMLStreamReader.java,247,RemoveMethod,public NamespaceContext getNamespaceContext() {,public NamespaceContext getNamespaceContext() {,1909,
org/codehaus/jettison/mapped/MappedXMLStreamReader.java,251,RemoveMethod,public String getText() {,public String getText() {,1910,
org/codehaus/jettison/mapped/MappedXMLStreamReader.java,251,RemoveMethod,public String getText() {,public String getText() {,1911,
org/codehaus/jettison/mapped/MappedXMLStreamReader.java,260,RemoveMethod,public void setValueKey(String valueKey) {,public void setValueKey(String valueKey) {,1912,
org/codehaus/jettison/mapped/MappedXMLStreamReader.java,264,RemoveMethod,public boolean isAvoidArraySpecificEvents(String key) {,public boolean isAvoidArraySpecificEvents(String key) {,1913,
org/codehaus/jettison/mapped/MappedXMLStreamReader.java,264,RemoveMethod,public boolean isAvoidArraySpecificEvents(String key) {,public boolean isAvoidArraySpecificEvents(String key) {,1914,
org/codehaus/jettison/mapped/MappedXMLStreamReader.java,268,RemoveMethod,public MappedNamespaceConvention getConvention() {,public MappedNamespaceConvention getConvention() {,1915,
org/codehaus/jettison/mapped/MappedXMLStreamReader.java,80,RemoveNullCheck,if (node.getArray() != null) {,if (true) {,1916,
org/codehaus/jettison/mapped/MappedXMLStreamReader.java,87,RemoveNullCheck,if (currentValue != null) {,if (true) {,1917,
org/codehaus/jettison/mapped/MappedXMLStreamReader.java,89,RemoveNullCheck,} else if ((node.getKeys() != null && node.getKeys().hasNext()) || node.getArray() != null) {,} else if ((true && node.getKeys().hasNext()) || node.getArray() != null) {,1918,
org/codehaus/jettison/mapped/MappedXMLStreamReader.java,89,RemoveNullCheck,} else if ((node.getKeys() != null && node.getKeys().hasNext()) || node.getArray() != null) {,} else if ((node.getKeys() != null && node.getKeys().hasNext()) || true) {,1919,
org/codehaus/jettison/mapped/MappedXMLStreamReader.java,115,RemoveNullCheck,if (node.getArray() != null) {,if (true) {,1920,
org/codehaus/jettison/mapped/MappedXMLStreamReader.java,123,RemoveNullCheck,if (node == null),if (false),1921,
org/codehaus/jettison/mapped/MappedXMLStreamReader.java,129,RemoveNullCheck,if ((node.getKeys() != null && node.getKeys().hasNext()) || node.getArray() != null) {,if ((true && node.getKeys().hasNext()) || node.getArray() != null) {,1922,
org/codehaus/jettison/mapped/MappedXMLStreamReader.java,129,RemoveNullCheck,if ((node.getKeys() != null && node.getKeys().hasNext()) || node.getArray() != null) {,if ((node.getKeys() != null && node.getKeys().hasNext()) || true) {,1923,
org/codehaus/jettison/mapped/MappedXMLStreamReader.java,205,RemoveNullCheck,if (lastKey == null || lastKey.equals(theKey)) {,if (false || lastKey.equals(theKey)) {,1924,
org/codehaus/jettison/mapped/MappedXMLStreamReader.java,217,RemoveNullCheck,if (lastKey == null) {,if (false) {,1925,
org/codehaus/jettison/mapped/MappedXMLStreamReader.java,252,RemoveNullCheck,if (currentValue != null,if (true,1926,
org/codehaus/jettison/mapped/MappedXMLStreamReader.java,266,RemoveNullCheck,return keys != null && keys.contains(key);,return true && keys.contains(key);,1927,
org/codehaus/jettison/mapped/MappedXMLStreamWriter.java,65,ArithmeticOperatorReplacementBinary,"return parentKey == null ? key : parentKey + ""/"" + key;","return parentKey == null ? key : parentKey + ""/"" - key;",1928,
org/codehaus/jettison/mapped/MappedXMLStreamWriter.java,153,ArithmeticOperatorReplacementBinary,text = object.getString(valueKey) + text;,text = object.getString(valueKey) - text;,1929,
org/codehaus/jettison/mapped/MappedXMLStreamWriter.java,112,ConditionalOperatorDeletion,if (value instanceof String && !emptyString) {,if (value instanceof String && emptyString) {,1930,
org/codehaus/jettison/mapped/MappedXMLStreamWriter.java,117,ConditionalOperatorDeletion,if (!convention.isIgnoreEmptyArrayValues(),if ( convention.isIgnoreEmptyArrayValues(),1931,
org/codehaus/jettison/mapped/MappedXMLStreamWriter.java,118,ConditionalOperatorDeletion,|| (!emptyString && value != null)) {,|| ( emptyString && value != null)) {,1932,
org/codehaus/jettison/mapped/MappedXMLStreamWriter.java,168,ConditionalOperatorDeletion,if(value instanceof String && !((String)value).isEmpty()) {,if(value instanceof String && ((String)value).isEmpty()) {,1933,
org/codehaus/jettison/mapped/MappedXMLStreamWriter.java,189,ConditionalOperatorDeletion,if (!convention.isIgnoreEmptyArrayValues(),if ( convention.isIgnoreEmptyArrayValues(),1934,
org/codehaus/jettison/mapped/MappedXMLStreamWriter.java,190,ConditionalOperatorDeletion,|| (!emptyString && value != null)) {,|| ( emptyString && value != null)) {,1935,
org/codehaus/jettison/mapped/MappedXMLStreamWriter.java,283,ConditionalOperatorDeletion,"if (!stack.isEmpty()) throw new XMLStreamException(""Missing some closing tags."");","if ( stack.isEmpty()) throw new XMLStreamException(""Missing some closing tags."");",1936,
org/codehaus/jettison/mapped/MappedXMLStreamWriter.java,111,ConditionalOperatorReplacement,boolean emptyString = value instanceof String && ((String)value).isEmpty();,boolean emptyString = value instanceof String || ((String)value).isEmpty();,1937,
org/codehaus/jettison/mapped/MappedXMLStreamWriter.java,112,ConditionalOperatorReplacement,if (value instanceof String && !emptyString) {,if (value instanceof String || !emptyString) {,1938,
org/codehaus/jettison/mapped/MappedXMLStreamWriter.java,117,ConditionalOperatorReplacement,if (!convention.isIgnoreEmptyArrayValues(),if (!convention.isIgnoreEmptyArrayValues(),1939,
org/codehaus/jettison/mapped/MappedXMLStreamWriter.java,118,ConditionalOperatorReplacement,|| (!emptyString && value != null)) {,|| (!emptyString || value != null)) {,1940,
org/codehaus/jettison/mapped/MappedXMLStreamWriter.java,168,ConditionalOperatorReplacement,if(value instanceof String && !((String)value).isEmpty()) {,if(value instanceof String || !((String)value).isEmpty()) {,1941,
org/codehaus/jettison/mapped/MappedXMLStreamWriter.java,188,ConditionalOperatorReplacement,boolean emptyString = value instanceof String && ((String)value).isEmpty();,boolean emptyString = value instanceof String || ((String)value).isEmpty();,1942,
org/codehaus/jettison/mapped/MappedXMLStreamWriter.java,189,ConditionalOperatorReplacement,if (!convention.isIgnoreEmptyArrayValues(),if (!convention.isIgnoreEmptyArrayValues(),1943,
org/codehaus/jettison/mapped/MappedXMLStreamWriter.java,190,ConditionalOperatorReplacement,|| (!emptyString && value != null)) {,|| (!emptyString || value != null)) {,1944,
org/codehaus/jettison/mapped/MappedXMLStreamWriter.java,73,NullifyInputVariable,public JSONPropertyObject withProperty(JSONProperty property) {,public JSONPropertyObject withProperty(JSONProperty property) { property = null;,1945,
org/codehaus/jettison/mapped/MappedXMLStreamWriter.java,89,NullifyInputVariable,public void addText(String text) {,public void addText(String text) { text = null;,1946,
org/codehaus/jettison/mapped/MappedXMLStreamWriter.java,92,NullifyInputVariable,"public JSONPropertyObject withProperty(JSONProperty property, boolean add) {","public JSONPropertyObject withProperty(JSONProperty property, boolean add) { property = null;",1947,
org/codehaus/jettison/mapped/MappedXMLStreamWriter.java,145,NullifyInputVariable,public void addText(String text) {,public void addText(String text) { text = null;,1948,
org/codehaus/jettison/mapped/MappedXMLStreamWriter.java,166,NullifyInputVariable,"public JSONPropertyObject withProperty(JSONProperty property, boolean add) {","public JSONPropertyObject withProperty(JSONProperty property, boolean add) { property = null;",1949,
org/codehaus/jettison/mapped/MappedXMLStreamWriter.java,213,NullifyInputVariable,private String getPropertyArrayKey(JSONProperty property) {,private String getPropertyArrayKey(JSONProperty property) { property = null;,1950,
org/codehaus/jettison/mapped/MappedXMLStreamWriter.java,222,NullifyInputVariable,throws XMLStreamException {,throws XMLStreamException { context = null;,1951,
org/codehaus/jettison/mapped/MappedXMLStreamWriter.java,230,NullifyInputVariable,public void setValueKey(String valueKey) {,public void setValueKey(String valueKey) { valueKey = null;,1952,
org/codehaus/jettison/mapped/MappedXMLStreamWriter.java,245,NullifyInputVariable,"public void writeStartElement(String prefix, String local, String ns) throws XMLStreamException {","public void writeStartElement(String prefix, String local, String ns) throws XMLStreamException { ns = null;",1953,
org/codehaus/jettison/mapped/MappedXMLStreamWriter.java,245,NullifyInputVariable,"public void writeStartElement(String prefix, String local, String ns) throws XMLStreamException {","public void writeStartElement(String prefix, String local, String ns) throws XMLStreamException { local = null;",1954,
org/codehaus/jettison/mapped/MappedXMLStreamWriter.java,245,NullifyInputVariable,"public void writeStartElement(String prefix, String local, String ns) throws XMLStreamException {","public void writeStartElement(String prefix, String local, String ns) throws XMLStreamException { prefix = null;",1955,
org/codehaus/jettison/mapped/MappedXMLStreamWriter.java,256,NullifyInputVariable,"public void writeAttribute(String prefix, String ns, String local, String value) throws XMLStreamException {","public void writeAttribute(String prefix, String ns, String local, String value) throws XMLStreamException { value = null;",1956,
org/codehaus/jettison/mapped/MappedXMLStreamWriter.java,256,NullifyInputVariable,"public void writeAttribute(String prefix, String ns, String local, String value) throws XMLStreamException {","public void writeAttribute(String prefix, String ns, String local, String value) throws XMLStreamException { local = null;",1957,
org/codehaus/jettison/mapped/MappedXMLStreamWriter.java,256,NullifyInputVariable,"public void writeAttribute(String prefix, String ns, String local, String value) throws XMLStreamException {","public void writeAttribute(String prefix, String ns, String local, String value) throws XMLStreamException { ns = null;",1958,
org/codehaus/jettison/mapped/MappedXMLStreamWriter.java,256,NullifyInputVariable,"public void writeAttribute(String prefix, String ns, String local, String value) throws XMLStreamException {","public void writeAttribute(String prefix, String ns, String local, String value) throws XMLStreamException { prefix = null;",1959,
org/codehaus/jettison/mapped/MappedXMLStreamWriter.java,265,NullifyInputVariable,"public void writeAttribute(String ns, String local, String value) throws XMLStreamException {","public void writeAttribute(String ns, String local, String value) throws XMLStreamException { value = null;",1960,
org/codehaus/jettison/mapped/MappedXMLStreamWriter.java,265,NullifyInputVariable,"public void writeAttribute(String ns, String local, String value) throws XMLStreamException {","public void writeAttribute(String ns, String local, String value) throws XMLStreamException { local = null;",1961,
org/codehaus/jettison/mapped/MappedXMLStreamWriter.java,265,NullifyInputVariable,"public void writeAttribute(String ns, String local, String value) throws XMLStreamException {","public void writeAttribute(String ns, String local, String value) throws XMLStreamException { ns = null;",1962,
org/codehaus/jettison/mapped/MappedXMLStreamWriter.java,269,NullifyInputVariable,"public void writeAttribute(String local, String value) throws XMLStreamException {","public void writeAttribute(String local, String value) throws XMLStreamException { value = null;",1963,
org/codehaus/jettison/mapped/MappedXMLStreamWriter.java,269,NullifyInputVariable,"public void writeAttribute(String local, String value) throws XMLStreamException {","public void writeAttribute(String local, String value) throws XMLStreamException { local = null;",1964,
org/codehaus/jettison/mapped/MappedXMLStreamWriter.java,273,NullifyInputVariable,public void writeCharacters(String text) throws XMLStreamException {,public void writeCharacters(String text) throws XMLStreamException { text = null;,1965,
org/codehaus/jettison/mapped/MappedXMLStreamWriter.java,298,NullifyInputVariable,protected void writeJSONObject(JSONObject root) throws XMLStreamException {,protected void writeJSONObject(JSONObject root) throws XMLStreamException { root = null;,1966,
org/codehaus/jettison/mapped/MappedXMLStreamWriter.java,322,NullifyInputVariable,public String getPrefix(String arg0) throws XMLStreamException {,public String getPrefix(String arg0) throws XMLStreamException { arg0 = null;,1967,
org/codehaus/jettison/mapped/MappedXMLStreamWriter.java,327,NullifyInputVariable,public Object getProperty(String arg0) throws IllegalArgumentException {,public Object getProperty(String arg0) throws IllegalArgumentException { arg0 = null;,1968,
org/codehaus/jettison/mapped/MappedXMLStreamWriter.java,332,NullifyInputVariable,public void setDefaultNamespace(String arg0) throws XMLStreamException {,public void setDefaultNamespace(String arg0) throws XMLStreamException { arg0 = null;,1969,
org/codehaus/jettison/mapped/MappedXMLStreamWriter.java,337,NullifyInputVariable,"public void setPrefix(String arg0, String arg1) throws XMLStreamException {","public void setPrefix(String arg0, String arg1) throws XMLStreamException { arg1 = null;",1970,
org/codehaus/jettison/mapped/MappedXMLStreamWriter.java,337,NullifyInputVariable,"public void setPrefix(String arg0, String arg1) throws XMLStreamException {","public void setPrefix(String arg0, String arg1) throws XMLStreamException { arg0 = null;",1971,
org/codehaus/jettison/mapped/MappedXMLStreamWriter.java,342,NullifyInputVariable,public void writeDefaultNamespace(String arg0) throws XMLStreamException {,public void writeDefaultNamespace(String arg0) throws XMLStreamException { arg0 = null;,1972,
org/codehaus/jettison/mapped/MappedXMLStreamWriter.java,347,NullifyInputVariable,public void writeEntityRef(String arg0) throws XMLStreamException {,public void writeEntityRef(String arg0) throws XMLStreamException { arg0 = null;,1973,
org/codehaus/jettison/mapped/MappedXMLStreamWriter.java,352,NullifyInputVariable,"public void writeNamespace(String arg0, String arg1) throws XMLStreamException {","public void writeNamespace(String arg0, String arg1) throws XMLStreamException { arg1 = null;",1974,
org/codehaus/jettison/mapped/MappedXMLStreamWriter.java,352,NullifyInputVariable,"public void writeNamespace(String arg0, String arg1) throws XMLStreamException {","public void writeNamespace(String arg0, String arg1) throws XMLStreamException { arg0 = null;",1975,
org/codehaus/jettison/mapped/MappedXMLStreamWriter.java,357,NullifyInputVariable,public void writeProcessingInstruction(String arg0) throws XMLStreamException {,public void writeProcessingInstruction(String arg0) throws XMLStreamException { arg0 = null;,1976,
org/codehaus/jettison/mapped/MappedXMLStreamWriter.java,362,NullifyInputVariable,"public void writeProcessingInstruction(String arg0, String arg1) throws XMLStreamException {","public void writeProcessingInstruction(String arg0, String arg1) throws XMLStreamException { arg1 = null;",1977,
org/codehaus/jettison/mapped/MappedXMLStreamWriter.java,362,NullifyInputVariable,"public void writeProcessingInstruction(String arg0, String arg1) throws XMLStreamException {","public void writeProcessingInstruction(String arg0, String arg1) throws XMLStreamException { arg0 = null;",1978,
org/codehaus/jettison/mapped/MappedXMLStreamWriter.java,41,NullifyObjectInitialization,private Stack<JSONProperty> stack = new Stack<JSONProperty>();,private Stack<JSONProperty> stack = null;,1979,
org/codehaus/jettison/mapped/MappedXMLStreamWriter.java,82,NullifyObjectInitialization,private StringBuilder object = new StringBuilder();,private StringBuilder object = null;,1980,
org/codehaus/jettison/mapped/MappedXMLStreamWriter.java,96,NullifyObjectInitialization,"JSONObject jo = new JSONObject(false,",JSONObject jo = null;,1981,
org/codehaus/jettison/mapped/MappedXMLStreamWriter.java,116,NullifyObjectInitialization,JSONArray values = new JSONArray();,JSONArray values = null;,1982,
org/codehaus/jettison/mapped/MappedXMLStreamWriter.java,127,NullifyObjectInitialization,throw new AssertionError(e);,throw null;,1983,
org/codehaus/jettison/mapped/MappedXMLStreamWriter.java,129,NullifyObjectInitialization,"return new JSONPropertyObject(getKey(), getParentKey(), jo);",return null;,1984,
org/codehaus/jettison/mapped/MappedXMLStreamWriter.java,163,NullifyObjectInitialization,throw new AssertionError(e);,throw null;,1985,
org/codehaus/jettison/mapped/MappedXMLStreamWriter.java,180,NullifyObjectInitialization,values = new JSONArray();,values = null;,1986,
org/codehaus/jettison/mapped/MappedXMLStreamWriter.java,187,NullifyObjectInitialization,JSONArray values = new JSONArray();,JSONArray values = null;,1987,
org/codehaus/jettison/mapped/MappedXMLStreamWriter.java,236,NullifyObjectInitialization,"current = new JSONPropertyObject(null,",current = null;,1988,
org/codehaus/jettison/mapped/MappedXMLStreamWriter.java,238,NullifyObjectInitialization,"new JSONObject(convention.isDropRootElement(),",null);,1989,
org/codehaus/jettison/mapped/MappedXMLStreamWriter.java,253,NullifyObjectInitialization,"current = new JSONPropertyString(key, parentKey);",current = null;,1990,
org/codehaus/jettison/mapped/MappedXMLStreamWriter.java,260,NullifyObjectInitialization,"JSONPropertyString prop = new JSONPropertyString(key, null);",JSONPropertyString prop = null;,1991,
org/codehaus/jettison/mapped/MappedXMLStreamWriter.java,278,NullifyObjectInitialization,"if (stack.isEmpty()) throw new XMLStreamException(""Too many closing tags."");",if (stack.isEmpty()) throw null;,1992,
org/codehaus/jettison/mapped/MappedXMLStreamWriter.java,283,NullifyObjectInitialization,"if (!stack.isEmpty()) throw new XMLStreamException(""Missing some closing tags."");",if (!stack.isEmpty()) throw null;,1993,
org/codehaus/jettison/mapped/MappedXMLStreamWriter.java,289,NullifyObjectInitialization,throw new XMLStreamException(e);,throw null;,1994,
org/codehaus/jettison/mapped/MappedXMLStreamWriter.java,303,NullifyObjectInitialization,throw new XMLStreamException(e);,throw null;,1995,
org/codehaus/jettison/mapped/MappedXMLStreamWriter.java,305,NullifyObjectInitialization,throw new XMLStreamException(e);,throw null;,1996,
org/codehaus/jettison/mapped/MappedXMLStreamWriter.java,59,NullifyReturnValue,return key;,return null;,1997,
org/codehaus/jettison/mapped/MappedXMLStreamWriter.java,62,NullifyReturnValue,return parentKey;,return null;,1998,
org/codehaus/jettison/mapped/MappedXMLStreamWriter.java,65,NullifyReturnValue,"return parentKey == null ? key : parentKey + ""/"" + key;",return null;,1999,
org/codehaus/jettison/mapped/MappedXMLStreamWriter.java,74,NullifyReturnValue,"return withProperty(property, true);",return null;,2000,
org/codehaus/jettison/mapped/MappedXMLStreamWriter.java,87,NullifyReturnValue,return object.toString();,return null;,2001,
org/codehaus/jettison/mapped/MappedXMLStreamWriter.java,129,NullifyReturnValue,"return new JSONPropertyObject(getKey(), getParentKey(), jo);",return null;,2002,
org/codehaus/jettison/mapped/MappedXMLStreamWriter.java,143,NullifyReturnValue,return object;,return null;,2003,
org/codehaus/jettison/mapped/MappedXMLStreamWriter.java,202,NullifyReturnValue,return this;,return null;,2004,
org/codehaus/jettison/mapped/MappedXMLStreamWriter.java,214,NullifyReturnValue,return isArrayKeysWithSlashAvailable() ? property.getTreeKey() : property.getKey();,return null;,2005,
org/codehaus/jettison/mapped/MappedXMLStreamWriter.java,218,NullifyReturnValue,return namespaceContext;,return null;,2006,
org/codehaus/jettison/mapped/MappedXMLStreamWriter.java,227,NullifyReturnValue,return valueKey;,return null;,2007,
org/codehaus/jettison/mapped/MappedXMLStreamWriter.java,324,NullifyReturnValue,return null;,return null;,2008,
org/codehaus/jettison/mapped/MappedXMLStreamWriter.java,329,NullifyReturnValue,return null;,return null;,2009,
org/codehaus/jettison/mapped/MappedXMLStreamWriter.java,367,NullifyReturnValue,return convention;,return null;,2010,
org/codehaus/jettison/mapped/MappedXMLStreamWriter.java,65,RelationalOperatorReplacement,"return parentKey == null ? key : parentKey + ""/"" + key;","return parentKey != null ? key : parentKey + ""/"" + key;",2011,
org/codehaus/jettison/mapped/MappedXMLStreamWriter.java,103,RelationalOperatorReplacement,if (MIXED_CONTENT_VALUE_KEY == valueKey) {,if (MIXED_CONTENT_VALUE_KEY != valueKey) {,2012,
org/codehaus/jettison/mapped/MappedXMLStreamWriter.java,106,RelationalOperatorReplacement,if (strValue.length() > 0) {,if (strValue.length() >= 0) {,2013,
org/codehaus/jettison/mapped/MappedXMLStreamWriter.java,118,RelationalOperatorReplacement,|| (!emptyString && value != null)) {,|| (!emptyString && value == null)) {,2014,
org/codehaus/jettison/mapped/MappedXMLStreamWriter.java,146,RelationalOperatorReplacement,if (MIXED_CONTENT_VALUE_KEY == valueKey) {,if (MIXED_CONTENT_VALUE_KEY != valueKey) {,2015,
org/codehaus/jettison/mapped/MappedXMLStreamWriter.java,148,RelationalOperatorReplacement,if (text.length() == 0) {,if (text.length() != 0) {,2016,
org/codehaus/jettison/mapped/MappedXMLStreamWriter.java,158,RelationalOperatorReplacement,if (valueKey != null) {,if (valueKey == null) {,2017,
org/codehaus/jettison/mapped/MappedXMLStreamWriter.java,173,RelationalOperatorReplacement,if(old != null) {,if(old == null) {,2018,
org/codehaus/jettison/mapped/MappedXMLStreamWriter.java,190,RelationalOperatorReplacement,|| (!emptyString && value != null)) {,|| (!emptyString && value == null)) {,2019,
org/codehaus/jettison/mapped/MappedXMLStreamWriter.java,246,RelationalOperatorReplacement,if (current == null) {,if (current != null) {,2020,
org/codehaus/jettison/mapped/MappedXMLStreamWriter.java,300,RelationalOperatorReplacement,"if (root == null) writer.write(""null"");","if (root != null) writer.write(""null"");",2021,
org/codehaus/jettison/mapped/MappedXMLStreamWriter.java,58,RemoveMethod,public String getKey() {,public String getKey() {,2022,
org/codehaus/jettison/mapped/MappedXMLStreamWriter.java,58,RemoveMethod,public String getKey() {,public String getKey() {,2023,
org/codehaus/jettison/mapped/MappedXMLStreamWriter.java,61,RemoveMethod,public String getParentKey() {,public String getParentKey() {,2024,
org/codehaus/jettison/mapped/MappedXMLStreamWriter.java,61,RemoveMethod,public String getParentKey() {,public String getParentKey() {,2025,
org/codehaus/jettison/mapped/MappedXMLStreamWriter.java,64,RemoveMethod,public String getTreeKey() {,public String getTreeKey() {,2026,
org/codehaus/jettison/mapped/MappedXMLStreamWriter.java,64,RemoveMethod,public String getTreeKey() {,public String getTreeKey() {,2027,
org/codehaus/jettison/mapped/MappedXMLStreamWriter.java,73,RemoveMethod,public JSONPropertyObject withProperty(JSONProperty property) {,public JSONPropertyObject withProperty(JSONProperty property) {,2028,
org/codehaus/jettison/mapped/MappedXMLStreamWriter.java,86,RemoveMethod,public Object getValue() {,public Object getValue() {,2029,
org/codehaus/jettison/mapped/MappedXMLStreamWriter.java,89,RemoveMethod,public void addText(String text) {,public void addText(String text) {,2030,
org/codehaus/jettison/mapped/MappedXMLStreamWriter.java,92,RemoveMethod,"public JSONPropertyObject withProperty(JSONProperty property, boolean add) {","public JSONPropertyObject withProperty(JSONProperty property, boolean add) {",2031,
org/codehaus/jettison/mapped/MappedXMLStreamWriter.java,142,RemoveMethod,public Object getValue() {,public Object getValue() {,2032,
org/codehaus/jettison/mapped/MappedXMLStreamWriter.java,145,RemoveMethod,public void addText(String text) {,public void addText(String text) {,2033,
org/codehaus/jettison/mapped/MappedXMLStreamWriter.java,166,RemoveMethod,"public JSONPropertyObject withProperty(JSONProperty property, boolean add) {","public JSONPropertyObject withProperty(JSONProperty property, boolean add) {",2034,
org/codehaus/jettison/mapped/MappedXMLStreamWriter.java,213,RemoveMethod,private String getPropertyArrayKey(JSONProperty property) {,private String getPropertyArrayKey(JSONProperty property) {,2035,
org/codehaus/jettison/mapped/MappedXMLStreamWriter.java,213,RemoveMethod,private String getPropertyArrayKey(JSONProperty property) {,private String getPropertyArrayKey(JSONProperty property) {,2036,
org/codehaus/jettison/mapped/MappedXMLStreamWriter.java,217,RemoveMethod,public NamespaceContext getNamespaceContext() {,public NamespaceContext getNamespaceContext() {,2037,
org/codehaus/jettison/mapped/MappedXMLStreamWriter.java,222,RemoveMethod,throws XMLStreamException {,throws XMLStreamException {,2038,
org/codehaus/jettison/mapped/MappedXMLStreamWriter.java,226,RemoveMethod,public String getTextKey() {,public String getTextKey() {,2039,
org/codehaus/jettison/mapped/MappedXMLStreamWriter.java,226,RemoveMethod,public String getTextKey() {,public String getTextKey() {,2040,
org/codehaus/jettison/mapped/MappedXMLStreamWriter.java,230,RemoveMethod,public void setValueKey(String valueKey) {,public void setValueKey(String valueKey) {,2041,
org/codehaus/jettison/mapped/MappedXMLStreamWriter.java,234,RemoveMethod,public void writeStartDocument() throws XMLStreamException {,public void writeStartDocument() throws XMLStreamException {,2042,
org/codehaus/jettison/mapped/MappedXMLStreamWriter.java,245,RemoveMethod,"public void writeStartElement(String prefix, String local, String ns) throws XMLStreamException {","public void writeStartElement(String prefix, String local, String ns) throws XMLStreamException {",2043,
org/codehaus/jettison/mapped/MappedXMLStreamWriter.java,256,RemoveMethod,"public void writeAttribute(String prefix, String ns, String local, String value) throws XMLStreamException {","public void writeAttribute(String prefix, String ns, String local, String value) throws XMLStreamException {",2044,
org/codehaus/jettison/mapped/MappedXMLStreamWriter.java,265,RemoveMethod,"public void writeAttribute(String ns, String local, String value) throws XMLStreamException {","public void writeAttribute(String ns, String local, String value) throws XMLStreamException {",2045,
org/codehaus/jettison/mapped/MappedXMLStreamWriter.java,269,RemoveMethod,"public void writeAttribute(String local, String value) throws XMLStreamException {","public void writeAttribute(String local, String value) throws XMLStreamException {",2046,
org/codehaus/jettison/mapped/MappedXMLStreamWriter.java,273,RemoveMethod,public void writeCharacters(String text) throws XMLStreamException {,public void writeCharacters(String text) throws XMLStreamException {,2047,
org/codehaus/jettison/mapped/MappedXMLStreamWriter.java,277,RemoveMethod,public void writeEndElement() throws XMLStreamException {,public void writeEndElement() throws XMLStreamException {,2048,
org/codehaus/jettison/mapped/MappedXMLStreamWriter.java,282,RemoveMethod,public void writeEndDocument() throws XMLStreamException {,public void writeEndDocument() throws XMLStreamException {,2049,
org/codehaus/jettison/mapped/MappedXMLStreamWriter.java,298,RemoveMethod,protected void writeJSONObject(JSONObject root) throws XMLStreamException {,protected void writeJSONObject(JSONObject root) throws XMLStreamException {,2050,
org/codehaus/jettison/mapped/MappedXMLStreamWriter.java,312,RemoveMethod,public void close() throws XMLStreamException {,public void close() throws XMLStreamException {,2051,
org/codehaus/jettison/mapped/MappedXMLStreamWriter.java,317,RemoveMethod,public void flush() throws XMLStreamException {,public void flush() throws XMLStreamException {,2052,
org/codehaus/jettison/mapped/MappedXMLStreamWriter.java,322,RemoveMethod,public String getPrefix(String arg0) throws XMLStreamException {,public String getPrefix(String arg0) throws XMLStreamException {,2053,
org/codehaus/jettison/mapped/MappedXMLStreamWriter.java,322,RemoveMethod,public String getPrefix(String arg0) throws XMLStreamException {,public String getPrefix(String arg0) throws XMLStreamException {,2054,
org/codehaus/jettison/mapped/MappedXMLStreamWriter.java,327,RemoveMethod,public Object getProperty(String arg0) throws IllegalArgumentException {,public Object getProperty(String arg0) throws IllegalArgumentException {,2055,
org/codehaus/jettison/mapped/MappedXMLStreamWriter.java,332,RemoveMethod,public void setDefaultNamespace(String arg0) throws XMLStreamException {,public void setDefaultNamespace(String arg0) throws XMLStreamException {,2056,
org/codehaus/jettison/mapped/MappedXMLStreamWriter.java,337,RemoveMethod,"public void setPrefix(String arg0, String arg1) throws XMLStreamException {","public void setPrefix(String arg0, String arg1) throws XMLStreamException {",2057,
org/codehaus/jettison/mapped/MappedXMLStreamWriter.java,342,RemoveMethod,public void writeDefaultNamespace(String arg0) throws XMLStreamException {,public void writeDefaultNamespace(String arg0) throws XMLStreamException {,2058,
org/codehaus/jettison/mapped/MappedXMLStreamWriter.java,347,RemoveMethod,public void writeEntityRef(String arg0) throws XMLStreamException {,public void writeEntityRef(String arg0) throws XMLStreamException {,2059,
org/codehaus/jettison/mapped/MappedXMLStreamWriter.java,352,RemoveMethod,"public void writeNamespace(String arg0, String arg1) throws XMLStreamException {","public void writeNamespace(String arg0, String arg1) throws XMLStreamException {",2060,
org/codehaus/jettison/mapped/MappedXMLStreamWriter.java,357,RemoveMethod,public void writeProcessingInstruction(String arg0) throws XMLStreamException {,public void writeProcessingInstruction(String arg0) throws XMLStreamException {,2061,
org/codehaus/jettison/mapped/MappedXMLStreamWriter.java,362,RemoveMethod,"public void writeProcessingInstruction(String arg0, String arg1) throws XMLStreamException {","public void writeProcessingInstruction(String arg0, String arg1) throws XMLStreamException {",2062,
org/codehaus/jettison/mapped/MappedXMLStreamWriter.java,366,RemoveMethod,public MappedNamespaceConvention getConvention() {,public MappedNamespaceConvention getConvention() {,2063,
org/codehaus/jettison/mapped/MappedXMLStreamWriter.java,65,RemoveNullCheck,"return parentKey == null ? key : parentKey + ""/"" + key;","return false ? key : parentKey + ""/"" + key;",2064,
org/codehaus/jettison/mapped/MappedXMLStreamWriter.java,118,RemoveNullCheck,|| (!emptyString && value != null)) {,|| (!emptyString && true)) {,2065,
org/codehaus/jettison/mapped/MappedXMLStreamWriter.java,158,RemoveNullCheck,if (valueKey != null) {,if (true) {,2066,
org/codehaus/jettison/mapped/MappedXMLStreamWriter.java,173,RemoveNullCheck,if(old != null) {,if(true) {,2067,
org/codehaus/jettison/mapped/MappedXMLStreamWriter.java,190,RemoveNullCheck,|| (!emptyString && value != null)) {,|| (!emptyString && true)) {,2068,
org/codehaus/jettison/mapped/MappedXMLStreamWriter.java,246,RemoveNullCheck,if (current == null) {,if (false) {,2069,
org/codehaus/jettison/mapped/MappedXMLStreamWriter.java,300,RemoveNullCheck,"if (root == null) writer.write(""null"");","if (false) writer.write(""null"");",2070,
org/codehaus/jettison/mapped/SimpleConverter.java,25,NullifyInputVariable,public Object convertToJSONPrimitive(String text) {,public Object convertToJSONPrimitive(String text) { text = null;,2071,
org/codehaus/jettison/mapped/SimpleConverter.java,26,NullifyReturnValue,return text;,return null;,2072,
org/codehaus/jettison/mapped/SimpleConverter.java,25,RemoveMethod,public Object convertToJSONPrimitive(String text) {,public Object convertToJSONPrimitive(String text) {,2073,
org/codehaus/jettison/util/FastStack.java,30,ArithmeticOperatorReplacementBinary,return remove(size() - 1);,return remove(size() + 1);,2074,
org/codehaus/jettison/util/FastStack.java,41,ArithmeticOperatorReplacementBinary,return get(size() - 1);,return get(size() + 1);,2075,
org/codehaus/jettison/util/FastStack.java,22,NullifyInputVariable,public void push(Object o) {,public void push(Object o) { o = null;,2076,
org/codehaus/jettison/util/FastStack.java,28,NullifyObjectInitialization,throw new EmptyStackException();,throw null;,2077,
org/codehaus/jettison/util/FastStack.java,39,NullifyObjectInitialization,throw new EmptyStackException();,throw null;,2078,
org/codehaus/jettison/util/FastStack.java,30,NullifyReturnValue,return remove(size() - 1);,return null;,2079,
org/codehaus/jettison/util/FastStack.java,41,NullifyReturnValue,return get(size() - 1);,return null;,2080,
org/codehaus/jettison/util/FastStack.java,34,RelationalOperatorReplacement,return size() == 0;,return size() != 0;,2081,
org/codehaus/jettison/util/FastStack.java,22,RemoveMethod,public void push(Object o) {,public void push(Object o) {,2082,
org/codehaus/jettison/util/FastStack.java,26,RemoveMethod,public Object pop() {,public Object pop() {,2083,
org/codehaus/jettison/util/FastStack.java,33,RemoveMethod,public boolean empty() {,public boolean empty() {,2084,
org/codehaus/jettison/util/FastStack.java,33,RemoveMethod,public boolean empty() {,public boolean empty() {,2085,
org/codehaus/jettison/util/FastStack.java,37,RemoveMethod,public Object peek() {,public Object peek() {,2086,
org/codehaus/jettison/util/StringIndenter.java,111,ArithmeticOperatorReplacementBinary,if (this.endTagIndex != this.json.length()-1) {,if (this.endTagIndex != this.json.length()+1) {,2087,
org/codehaus/jettison/util/StringIndenter.java,112,ArithmeticOperatorReplacementBinary,"this.result.append(this.json, this.endTagIndex+1, this.json.length());","this.result.append(this.json, this.endTagIndex-1, this.json.length());",2088,
org/codehaus/jettison/util/StringIndenter.java,120,ArithmeticOperatorReplacementBinary,"this.printNewlineIndent(this.startTagIndex, this.startTagIndex+1);","this.printNewlineIndent(this.startTagIndex, this.startTagIndex-1);",2089,
org/codehaus/jettison/util/StringIndenter.java,130,ArithmeticOperatorReplacementBinary,"this.printNewlineIndent(this.startTagIndex, this.startTagIndex+2);","this.printNewlineIndent(this.startTagIndex, this.startTagIndex-2);",2090,
org/codehaus/jettison/util/StringIndenter.java,131,ArithmeticOperatorReplacementBinary,this.endTagIndex = this.startTagIndex+1;,this.endTagIndex = this.startTagIndex-1;,2091,
org/codehaus/jettison/util/StringIndenter.java,143,ArithmeticOperatorReplacementBinary,"this.printNewlineIndent(this.startTagIndex, this.startTagIndex+1);","this.printNewlineIndent(this.startTagIndex, this.startTagIndex-1);",2092,
org/codehaus/jettison/util/StringIndenter.java,150,ArithmeticOperatorReplacementBinary,"this.printNewlineIndent(this.startTagIndex, this.startTagIndex+1);","this.printNewlineIndent(this.startTagIndex, this.startTagIndex-1);",2093,
org/codehaus/jettison/util/StringIndenter.java,158,ArithmeticOperatorReplacementBinary,"this.result.append(this.json, this.startTagIndex, this.endTagIndex+1);","this.result.append(this.json, this.startTagIndex, this.endTagIndex-1);",2094,
org/codehaus/jettison/util/StringIndenter.java,161,ArithmeticOperatorReplacementBinary,if (this.endTagIndex >= this.json.length()-1) {,if (this.endTagIndex >= this.json.length()+1) {,2095,
org/codehaus/jettison/util/StringIndenter.java,164,ArithmeticOperatorReplacementBinary,char nextChar = this.json.charAt(this.endTagIndex+1);,char nextChar = this.json.charAt(this.endTagIndex-1);,2096,
org/codehaus/jettison/util/StringIndenter.java,180,ArithmeticOperatorReplacementBinary,for (int i=this.result.length()-1;i>=0;i--) {,for (int i=this.result.length()+1;i>=0;i--) {,2097,
org/codehaus/jettison/util/StringIndenter.java,245,ArithmeticOperatorReplacementBinary,if (index == json.length()-1) {,if (index == json.length()+1) {,2098,
org/codehaus/jettison/util/StringIndenter.java,248,ArithmeticOperatorReplacementBinary,char nextchar = json.charAt(index+1);,char nextchar = json.charAt(index-1);,2099,
org/codehaus/jettison/util/StringIndenter.java,295,ArithmeticOperatorReplacementBinary,if (this.result.charAt(this.result.length()-1) == ' ') {,if (this.result.charAt(this.result.length()+1) == ' ') {,2100,
org/codehaus/jettison/util/StringIndenter.java,296,ArithmeticOperatorReplacementBinary,this.result.deleteCharAt(this.result.length()-1);,this.result.deleteCharAt(this.result.length()+1);,2101,
org/codehaus/jettison/util/StringIndenter.java,306,ArithmeticOperatorReplacementBinary,"return findNextStartTagIndex(this.json, this.endTagIndex+1);","return findNextStartTagIndex(this.json, this.endTagIndex-1);",2102,
org/codehaus/jettison/util/StringIndenter.java,314,ArithmeticOperatorReplacementBinary,"return findNextEndTagIndex(this.json, this.startTagIndex+1);","return findNextEndTagIndex(this.json, this.startTagIndex-1);",2103,
org/codehaus/jettison/util/StringIndenter.java,346,ArithmeticOperatorReplacementBinary,"boolean quotedString = json.charAt(startFrom-1) == '\""';","boolean quotedString = json.charAt(startFrom+1) == '\""';",2104,
org/codehaus/jettison/util/StringIndenter.java,352,ArithmeticOperatorReplacementBinary,afterSlash = i != ignoreSlashInIndex && i!= startFrom && json.charAt(i-1) == '\\';,afterSlash = i != ignoreSlashInIndex && i!= startFrom && json.charAt(i+1) == '\\';,2105,
org/codehaus/jettison/util/StringIndenter.java,357,ArithmeticOperatorReplacementBinary,ignoreSlashInIndex = i+2;,ignoreSlashInIndex = i-2;,2106,
org/codehaus/jettison/util/StringIndenter.java,364,ArithmeticOperatorReplacementBinary,return i-1;,return i+1;,2107,
org/codehaus/jettison/util/StringIndenter.java,374,ArithmeticOperatorReplacementBinary,return json.length()-1;,return json.length()+1;,2108,
org/codehaus/jettison/util/StringIndenter.java,119,ArithmeticOperatorReplacementShortcut,this.currentNumberOfIndents++;,this.currentNumberOfIndents--;,2109,
org/codehaus/jettison/util/StringIndenter.java,127,ArithmeticOperatorReplacementShortcut,this.currentNumberOfIndents--;,this.currentNumberOfIndents++;,2110,
org/codehaus/jettison/util/StringIndenter.java,137,ArithmeticOperatorReplacementShortcut,this.currentNumberOfIndents--;,this.currentNumberOfIndents++;,2111,
org/codehaus/jettison/util/StringIndenter.java,168,ArithmeticOperatorReplacementShortcut,this.endTagIndex++;,this.endTagIndex--;,2112,
org/codehaus/jettison/util/StringIndenter.java,180,ArithmeticOperatorReplacementShortcut,for (int i=this.result.length()-1;i>=0;i--) {,for (int i=this.result.length()-1;i>=0;i++) {,2113,
org/codehaus/jettison/util/StringIndenter.java,283,ArithmeticOperatorReplacementShortcut,for (int i = 0; i < times; i++) {,for (int i = 0; i < times; i--) {,2114,
org/codehaus/jettison/util/StringIndenter.java,294,ArithmeticOperatorReplacementShortcut,for (int i=0;i<2;i++) {,for (int i=0;i<2;i--) {,2115,
org/codehaus/jettison/util/StringIndenter.java,326,ArithmeticOperatorReplacementShortcut,for (int i= startFrom; i<length;i++) {,for (int i= startFrom; i<length;i--) {,2116,
org/codehaus/jettison/util/StringIndenter.java,350,ArithmeticOperatorReplacementShortcut,for (int i= startFrom; i<length;i++) {,for (int i= startFrom; i<length;i--) {,2117,
org/codehaus/jettison/util/StringIndenter.java,92,ArithmeticOperatorReplacementUnary,this.startTagIndex = -1;,this.startTagIndex = +1;,2118,
org/codehaus/jettison/util/StringIndenter.java,93,ArithmeticOperatorReplacementUnary,this.endTagIndex = -1;,this.endTagIndex = +1;,2119,
org/codehaus/jettison/util/StringIndenter.java,109,ArithmeticOperatorReplacementUnary,if (this.startTagIndex == -1) {,if (this.startTagIndex == +1) {,2120,
org/codehaus/jettison/util/StringIndenter.java,333,ArithmeticOperatorReplacementUnary,return -1;,return +1;,2121,
org/codehaus/jettison/util/StringIndenter.java,348,ArithmeticOperatorReplacementUnary,int ignoreSlashInIndex = -1;,int ignoreSlashInIndex = +1;,2122,
org/codehaus/jettison/util/StringIndenter.java,356,ConditionalOperatorDeletion,if (!afterSlash && curChar == '\\') {,if ( afterSlash && curChar == '\\') {,2123,
org/codehaus/jettison/util/StringIndenter.java,360,ConditionalOperatorDeletion,if (!quotedString) {,if ( quotedString) {,2124,
org/codehaus/jettison/util/StringIndenter.java,368,ConditionalOperatorDeletion,"if (!afterSlash && curChar == '\""') {","if ( afterSlash && curChar == '\""') {",2125,
org/codehaus/jettison/util/StringIndenter.java,203,ConditionalOperatorReplacement,if (curChar == '{' || curChar == '[') {,if (curChar == '{' && curChar == '[') {,2126,
org/codehaus/jettison/util/StringIndenter.java,231,ConditionalOperatorReplacement,if (curChar == '}' || curChar == ']') {,if (curChar == '}' && curChar == ']') {,2127,
org/codehaus/jettison/util/StringIndenter.java,249,ConditionalOperatorReplacement,"if (curChar == '}' && nextchar == ',') {","if (curChar == '}' || nextchar == ',') {",2128,
org/codehaus/jettison/util/StringIndenter.java,352,ConditionalOperatorReplacement,afterSlash = i != ignoreSlashInIndex && i!= startFrom && json.charAt(i-1) == '\\';,afterSlash = i != ignoreSlashInIndex || i!= startFrom && json.charAt(i-1) == '\\';,2129,
org/codehaus/jettison/util/StringIndenter.java,352,ConditionalOperatorReplacement,afterSlash = i != ignoreSlashInIndex && i!= startFrom && json.charAt(i-1) == '\\';,afterSlash = i != ignoreSlashInIndex && i!= startFrom || json.charAt(i-1) == '\\';,2130,
org/codehaus/jettison/util/StringIndenter.java,356,ConditionalOperatorReplacement,if (!afterSlash && curChar == '\\') {,if (!afterSlash || curChar == '\\') {,2131,
org/codehaus/jettison/util/StringIndenter.java,361,ConditionalOperatorReplacement,if (curChar == ':' || Character.isWhitespace(curChar),if (curChar == ':' && Character.isWhitespace(curChar),2132,
org/codehaus/jettison/util/StringIndenter.java,361,ConditionalOperatorReplacement,if (curChar == ':' || Character.isWhitespace(curChar),if (curChar == ':' || Character.isWhitespace(curChar),2133,
org/codehaus/jettison/util/StringIndenter.java,361,ConditionalOperatorReplacement,if (curChar == ':' || Character.isWhitespace(curChar),if (curChar == ':' || Character.isWhitespace(curChar),2134,
org/codehaus/jettison/util/StringIndenter.java,361,ConditionalOperatorReplacement,if (curChar == ':' || Character.isWhitespace(curChar),if (curChar == ':' || Character.isWhitespace(curChar),2135,
org/codehaus/jettison/util/StringIndenter.java,368,ConditionalOperatorReplacement,"if (!afterSlash && curChar == '\""') {","if (!afterSlash || curChar == '\""') {",2136,
org/codehaus/jettison/util/StringIndenter.java,201,NullifyInputVariable,"private static boolean instantIndent(String json, int index) {","private static boolean instantIndent(String json, int index) { json = null;",2137,
org/codehaus/jettison/util/StringIndenter.java,215,NullifyInputVariable,"private static boolean instantNewline(String json, int index) {","private static boolean instantNewline(String json, int index) { json = null;",2138,
org/codehaus/jettison/util/StringIndenter.java,229,NullifyInputVariable,"private static boolean instantUnindent(String json, int index) {","private static boolean instantUnindent(String json, int index) { json = null;",2139,
org/codehaus/jettison/util/StringIndenter.java,243,NullifyInputVariable,"private static boolean instantUnindentTwoChars(String json, int index) {","private static boolean instantUnindentTwoChars(String json, int index) { json = null;",2140,
org/codehaus/jettison/util/StringIndenter.java,280,NullifyInputVariable,"private static String repeat(String theString, int times) {","private static String repeat(String theString, int times) { theString = null;",2141,
org/codehaus/jettison/util/StringIndenter.java,324,NullifyInputVariable,"private static int findNextStartTagIndex(String json, int startFrom) {","private static int findNextStartTagIndex(String json, int startFrom) { json = null;",2142,
org/codehaus/jettison/util/StringIndenter.java,342,NullifyInputVariable,"private static int findNextEndTagIndex(String json, int startFrom) {","private static int findNextEndTagIndex(String json, int startFrom) { json = null;",2143,
org/codehaus/jettison/util/StringIndenter.java,75,NullifyObjectInitialization,"throw new RuntimeException(""Problem here: "" + this, re);",throw null;,2144,
org/codehaus/jettison/util/StringIndenter.java,91,NullifyObjectInitialization,this.result = new StringBuilder();,this.result = null;,2145,
org/codehaus/jettison/util/StringIndenter.java,281,NullifyObjectInitialization,StringBuilder result = new StringBuilder();,StringBuilder result = null;,2146,
org/codehaus/jettison/util/StringIndenter.java,78,NullifyReturnValue,return null;,return null;,2147,
org/codehaus/jettison/util/StringIndenter.java,81,NullifyReturnValue,return resultString.trim();,return null;,2148,
org/codehaus/jettison/util/StringIndenter.java,286,NullifyReturnValue,return result.toString();,return null;,2149,
org/codehaus/jettison/util/StringIndenter.java,77,RelationalOperatorReplacement,if (this.json == null) {,if (this.json != null) {,2150,
org/codehaus/jettison/util/StringIndenter.java,88,RelationalOperatorReplacement,if (this.json == null) {,if (this.json != null) {,2151,
org/codehaus/jettison/util/StringIndenter.java,109,RelationalOperatorReplacement,if (this.startTagIndex == -1) {,if (this.startTagIndex != -1) {,2152,
org/codehaus/jettison/util/StringIndenter.java,111,RelationalOperatorReplacement,if (this.endTagIndex != this.json.length()-1) {,if (this.endTagIndex == this.json.length()-1) {,2153,
org/codehaus/jettison/util/StringIndenter.java,161,RelationalOperatorReplacement,if (this.endTagIndex >= this.json.length()-1) {,if (this.endTagIndex > this.json.length()-1) {,2154,
org/codehaus/jettison/util/StringIndenter.java,166,RelationalOperatorReplacement,if (nextChar == ':') {,if (nextChar != ':') {,2155,
org/codehaus/jettison/util/StringIndenter.java,180,RelationalOperatorReplacement,for (int i=this.result.length()-1;i>=0;i--) {,for (int i=this.result.length()-1;i>0;i--) {,2156,
org/codehaus/jettison/util/StringIndenter.java,182,RelationalOperatorReplacement,if (curChar == '\n') {,if (curChar != '\n') {,2157,
org/codehaus/jettison/util/StringIndenter.java,203,RelationalOperatorReplacement,if (curChar == '{' || curChar == '[') {,if (curChar != '{' || curChar == '[') {,2158,
org/codehaus/jettison/util/StringIndenter.java,203,RelationalOperatorReplacement,if (curChar == '{' || curChar == '[') {,if (curChar == '{' || curChar != '[') {,2159,
org/codehaus/jettison/util/StringIndenter.java,217,RelationalOperatorReplacement,"if (curChar == ',') {","if (curChar != ',') {",2160,
org/codehaus/jettison/util/StringIndenter.java,231,RelationalOperatorReplacement,if (curChar == '}' || curChar == ']') {,if (curChar != '}' || curChar == ']') {,2161,
org/codehaus/jettison/util/StringIndenter.java,231,RelationalOperatorReplacement,if (curChar == '}' || curChar == ']') {,if (curChar == '}' || curChar != ']') {,2162,
org/codehaus/jettison/util/StringIndenter.java,245,RelationalOperatorReplacement,if (index == json.length()-1) {,if (index != json.length()-1) {,2163,
org/codehaus/jettison/util/StringIndenter.java,249,RelationalOperatorReplacement,"if (curChar == '}' && nextchar == ',') {","if (curChar != '}' && nextchar == ',') {",2164,
org/codehaus/jettison/util/StringIndenter.java,249,RelationalOperatorReplacement,"if (curChar == '}' && nextchar == ',') {","if (curChar == '}' && nextchar != ',') {",2165,
org/codehaus/jettison/util/StringIndenter.java,283,RelationalOperatorReplacement,for (int i = 0; i < times; i++) {,for (int i = 0; i <= times; i++) {,2166,
org/codehaus/jettison/util/StringIndenter.java,294,RelationalOperatorReplacement,for (int i=0;i<2;i++) {,for (int i=0;i<=2;i++) {,2167,
org/codehaus/jettison/util/StringIndenter.java,295,RelationalOperatorReplacement,if (this.result.charAt(this.result.length()-1) == ' ') {,if (this.result.charAt(this.result.length()-1) != ' ') {,2168,
org/codehaus/jettison/util/StringIndenter.java,326,RelationalOperatorReplacement,for (int i= startFrom; i<length;i++) {,for (int i= startFrom; i<=length;i++) {,2169,
org/codehaus/jettison/util/StringIndenter.java,346,RelationalOperatorReplacement,"boolean quotedString = json.charAt(startFrom-1) == '\""';","boolean quotedString = json.charAt(startFrom-1) != '\""';",2170,
org/codehaus/jettison/util/StringIndenter.java,350,RelationalOperatorReplacement,for (int i= startFrom; i<length;i++) {,for (int i= startFrom; i<=length;i++) {,2171,
org/codehaus/jettison/util/StringIndenter.java,352,RelationalOperatorReplacement,afterSlash = i != ignoreSlashInIndex && i!= startFrom && json.charAt(i-1) == '\\';,afterSlash = i == ignoreSlashInIndex && i!= startFrom && json.charAt(i-1) == '\\';,2172,
org/codehaus/jettison/util/StringIndenter.java,352,RelationalOperatorReplacement,afterSlash = i != ignoreSlashInIndex && i!= startFrom && json.charAt(i-1) == '\\';,afterSlash = i != ignoreSlashInIndex && i== startFrom && json.charAt(i-1) == '\\';,2173,
org/codehaus/jettison/util/StringIndenter.java,352,RelationalOperatorReplacement,afterSlash = i != ignoreSlashInIndex && i!= startFrom && json.charAt(i-1) == '\\';,afterSlash = i != ignoreSlashInIndex && i!= startFrom && json.charAt(i-1) != '\\';,2174,
org/codehaus/jettison/util/StringIndenter.java,356,RelationalOperatorReplacement,if (!afterSlash && curChar == '\\') {,if (!afterSlash && curChar != '\\') {,2175,
org/codehaus/jettison/util/StringIndenter.java,361,RelationalOperatorReplacement,if (curChar == ':' || Character.isWhitespace(curChar),if (curChar != ':' || Character.isWhitespace(curChar),2176,
org/codehaus/jettison/util/StringIndenter.java,362,RelationalOperatorReplacement,|| curChar == ']' || curChar == '}',|| curChar != ']' || curChar == '}',2177,
org/codehaus/jettison/util/StringIndenter.java,362,RelationalOperatorReplacement,|| curChar == ']' || curChar == '}',|| curChar == ']' || curChar != '}',2178,
org/codehaus/jettison/util/StringIndenter.java,363,RelationalOperatorReplacement,"|| curChar == ',') {","|| curChar != ',') {",2179,
org/codehaus/jettison/util/StringIndenter.java,368,RelationalOperatorReplacement,"if (!afterSlash && curChar == '\""') {","if (!afterSlash && curChar != '\""') {",2180,
org/codehaus/jettison/util/StringIndenter.java,382,RelationalOperatorReplacement,"this.json = theJson == null ? """" : theJson.trim();","this.json = theJson != null ? """" : theJson.trim();",2181,
org/codehaus/jettison/util/StringIndenter.java,71,RemoveMethod,public String result() {,public String result() {,2182,
org/codehaus/jettison/util/StringIndenter.java,71,RemoveMethod,public String result() {,public String result() {,2183,
org/codehaus/jettison/util/StringIndenter.java,87,RemoveMethod,private void indent() {,private void indent() {,2184,
org/codehaus/jettison/util/StringIndenter.java,179,RemoveMethod,private boolean onNewline() {,private boolean onNewline() {,2185,
org/codehaus/jettison/util/StringIndenter.java,179,RemoveMethod,private boolean onNewline() {,private boolean onNewline() {,2186,
org/codehaus/jettison/util/StringIndenter.java,201,RemoveMethod,"private static boolean instantIndent(String json, int index) {","private static boolean instantIndent(String json, int index) {",2187,
org/codehaus/jettison/util/StringIndenter.java,201,RemoveMethod,"private static boolean instantIndent(String json, int index) {","private static boolean instantIndent(String json, int index) {",2188,
org/codehaus/jettison/util/StringIndenter.java,215,RemoveMethod,"private static boolean instantNewline(String json, int index) {","private static boolean instantNewline(String json, int index) {",2189,
org/codehaus/jettison/util/StringIndenter.java,215,RemoveMethod,"private static boolean instantNewline(String json, int index) {","private static boolean instantNewline(String json, int index) {",2190,
org/codehaus/jettison/util/StringIndenter.java,229,RemoveMethod,"private static boolean instantUnindent(String json, int index) {","private static boolean instantUnindent(String json, int index) {",2191,
org/codehaus/jettison/util/StringIndenter.java,229,RemoveMethod,"private static boolean instantUnindent(String json, int index) {","private static boolean instantUnindent(String json, int index) {",2192,
org/codehaus/jettison/util/StringIndenter.java,243,RemoveMethod,"private static boolean instantUnindentTwoChars(String json, int index) {","private static boolean instantUnindentTwoChars(String json, int index) {",2193,
org/codehaus/jettison/util/StringIndenter.java,243,RemoveMethod,"private static boolean instantUnindentTwoChars(String json, int index) {","private static boolean instantUnindentTwoChars(String json, int index) {",2194,
org/codehaus/jettison/util/StringIndenter.java,260,RemoveMethod,"private void printNewlineIndent(int start, int end) {","private void printNewlineIndent(int start, int end) {",2195,
org/codehaus/jettison/util/StringIndenter.java,270,RemoveMethod,private void newlineIndent() {,private void newlineIndent() {,2196,
org/codehaus/jettison/util/StringIndenter.java,280,RemoveMethod,"private static String repeat(String theString, int times) {","private static String repeat(String theString, int times) {",2197,
org/codehaus/jettison/util/StringIndenter.java,280,RemoveMethod,"private static String repeat(String theString, int times) {","private static String repeat(String theString, int times) {",2198,
org/codehaus/jettison/util/StringIndenter.java,293,RemoveMethod,private void unindent() {,private void unindent() {,2199,
org/codehaus/jettison/util/StringIndenter.java,305,RemoveMethod,private int findStartTagIndex() {,private int findStartTagIndex() {,2200,
org/codehaus/jettison/util/StringIndenter.java,305,RemoveMethod,private int findStartTagIndex() {,private int findStartTagIndex() {,2201,
org/codehaus/jettison/util/StringIndenter.java,313,RemoveMethod,private int findEndTagIndex() {,private int findEndTagIndex() {,2202,
org/codehaus/jettison/util/StringIndenter.java,313,RemoveMethod,private int findEndTagIndex() {,private int findEndTagIndex() {,2203,
org/codehaus/jettison/util/StringIndenter.java,324,RemoveMethod,"private static int findNextStartTagIndex(String json, int startFrom) {","private static int findNextStartTagIndex(String json, int startFrom) {",2204,
org/codehaus/jettison/util/StringIndenter.java,324,RemoveMethod,"private static int findNextStartTagIndex(String json, int startFrom) {","private static int findNextStartTagIndex(String json, int startFrom) {",2205,
org/codehaus/jettison/util/StringIndenter.java,342,RemoveMethod,"private static int findNextEndTagIndex(String json, int startFrom) {","private static int findNextEndTagIndex(String json, int startFrom) {",2206,
org/codehaus/jettison/util/StringIndenter.java,342,RemoveMethod,"private static int findNextEndTagIndex(String json, int startFrom) {","private static int findNextEndTagIndex(String json, int startFrom) {",2207,
org/codehaus/jettison/util/StringIndenter.java,77,RemoveNullCheck,if (this.json == null) {,if (false) {,2208,
org/codehaus/jettison/util/StringIndenter.java,88,RemoveNullCheck,if (this.json == null) {,if (false) {,2209,
org/codehaus/jettison/util/StringIndenter.java,382,RemoveNullCheck,"this.json = theJson == null ? """" : theJson.trim();","this.json = false ? """" : theJson.trim();",2210,
