file,line,operator,before,after,mutant_id,paper_category
org/apache/commons/cli/AlreadySelectedException.java,70,NullifyReturnValue,return option;,return null;,0,
org/apache/commons/cli/AlreadySelectedException.java,80,NullifyReturnValue,return group;,return null;,1,
org/apache/commons/cli/AlreadySelectedException.java,69,RemoveMethod,public Option getOption() {,public Option getOption() {,2,
org/apache/commons/cli/AlreadySelectedException.java,79,RemoveMethod,public OptionGroup getOptionGroup() {,public OptionGroup getOptionGroup() {,3,
org/apache/commons/cli/AmbiguousOptionException.java,42,NullifyObjectInitialization,"final StringBuilder buf = new StringBuilder(""Ambiguous option: '"");",final StringBuilder buf = null;,4,
org/apache/commons/cli/AmbiguousOptionException.java,57,NullifyReturnValue,return buf.toString();,return null;,5,
org/apache/commons/cli/AmbiguousOptionException.java,80,NullifyReturnValue,return matchingOptions;,return null;,6,
org/apache/commons/cli/AmbiguousOptionException.java,41,RemoveMethod,"private static String createMessage(final String option, final Collection<String> matchingOptions) {","private static String createMessage(final String option, final Collection<String> matchingOptions) {",7,
org/apache/commons/cli/AmbiguousOptionException.java,41,RemoveMethod,"private static String createMessage(final String option, final Collection<String> matchingOptions) {","private static String createMessage(final String option, final Collection<String> matchingOptions) {",8,
org/apache/commons/cli/AmbiguousOptionException.java,79,RemoveMethod,public Collection<String> getMatchingOptions() {,public Collection<String> getMatchingOptions() {,9,
org/apache/commons/cli/BasicParser.java,47,NullifyReturnValue,return arguments;,return null;,10,
org/apache/commons/cli/BasicParser.java,45,RemoveMethod,"@SuppressWarnings(""unused"") final boolean stopAtNonOption) {","@SuppressWarnings(""unused"") final boolean stopAtNonOption) {",11,
org/apache/commons/cli/CommandLine.java,767,RelationalOperatorReplacement,if (i + 1 < values.size()) {,if (i + 1 <= values.size()) {,100,
org/apache/commons/cli/CommandLine.java,783,RelationalOperatorReplacement,if (actual != null) {,if (actual == null) {,101,
org/apache/commons/cli/CommandLine.java,72,RemoveMethod,public Builder addArg(final String arg) {,public Builder addArg(final String arg) {,102,
org/apache/commons/cli/CommandLine.java,86,RemoveMethod,public Builder addOption(final Option opt) {,public Builder addOption(final Option opt) {,103,
org/apache/commons/cli/CommandLine.java,98,RemoveMethod,public CommandLine build() {,public CommandLine build() {,104,
org/apache/commons/cli/CommandLine.java,109,RemoveMethod,public Builder setDeprecatedHandler(final Consumer<Option> deprecatedHandler) {,public Builder setDeprecatedHandler(final Consumer<Option> deprecatedHandler) {,105,
org/apache/commons/cli/CommandLine.java,124,RemoveMethod,public static Builder builder() {,public static Builder builder() {,106,
org/apache/commons/cli/CommandLine.java,163,RemoveMethod,protected void addArg(final String arg) {,protected void addArg(final String arg) {,107,
org/apache/commons/cli/CommandLine.java,174,RemoveMethod,protected void addOption(final Option opt) {,protected void addOption(final Option opt) {,108,
org/apache/commons/cli/CommandLine.java,180,RemoveMethod,private <T> T get(final Supplier<T> supplier) {,private <T> T get(final Supplier<T> supplier) {,109,
org/apache/commons/cli/CommandLine.java,189,RemoveMethod,public List<String> getArgList() {,public List<String> getArgList() {,110,
org/apache/commons/cli/CommandLine.java,198,RemoveMethod,public String[] getArgs() {,public String[] getArgs() {,111,
org/apache/commons/cli/CommandLine.java,210,RemoveMethod,public Object getOptionObject(final char opt) {,public Object getOptionObject(final char opt) {,112,
org/apache/commons/cli/CommandLine.java,222,RemoveMethod,public Object getOptionObject(final String opt) {,public Object getOptionObject(final String opt) {,113,
org/apache/commons/cli/CommandLine.java,242,RemoveMethod,public Properties getOptionProperties(final Option option) {,public Properties getOptionProperties(final Option option) {,114,
org/apache/commons/cli/CommandLine.java,262,RemoveMethod,public Properties getOptionProperties(final String opt) {,public Properties getOptionProperties(final String opt) {,115,
org/apache/commons/cli/CommandLine.java,277,RemoveMethod,public Option[] getOptions() {,public Option[] getOptions() {,116,
org/apache/commons/cli/CommandLine.java,287,RemoveMethod,public String getOptionValue(final char opt) {,public String getOptionValue(final char opt) {,117,
org/apache/commons/cli/CommandLine.java,287,RemoveMethod,public String getOptionValue(final char opt) {,public String getOptionValue(final char opt) {,118,
org/apache/commons/cli/CommandLine.java,298,RemoveMethod,"public String getOptionValue(final char opt, final String defaultValue) {","public String getOptionValue(final char opt, final String defaultValue) {",119,
org/apache/commons/cli/CommandLine.java,767,ArithmeticOperatorReplacementBinary,if (i + 1 < values.size()) {,if (i - 1 < values.size()) {,12,
org/apache/commons/cli/CommandLine.java,298,RemoveMethod,"public String getOptionValue(final char opt, final String defaultValue) {","public String getOptionValue(final char opt, final String defaultValue) {",120,
org/apache/commons/cli/CommandLine.java,310,RemoveMethod,"public String getOptionValue(final char opt, final Supplier<String> defaultValue) {","public String getOptionValue(final char opt, final Supplier<String> defaultValue) {",121,
org/apache/commons/cli/CommandLine.java,310,RemoveMethod,"public String getOptionValue(final char opt, final Supplier<String> defaultValue) {","public String getOptionValue(final char opt, final Supplier<String> defaultValue) {",122,
org/apache/commons/cli/CommandLine.java,321,RemoveMethod,public String getOptionValue(final Option option) {,public String getOptionValue(final Option option) {,123,
org/apache/commons/cli/CommandLine.java,321,RemoveMethod,public String getOptionValue(final Option option) {,public String getOptionValue(final Option option) {,124,
org/apache/commons/cli/CommandLine.java,334,RemoveMethod,"public String getOptionValue(final Option option, final String defaultValue) {","public String getOptionValue(final Option option, final String defaultValue) {",125,
org/apache/commons/cli/CommandLine.java,334,RemoveMethod,"public String getOptionValue(final Option option, final String defaultValue) {","public String getOptionValue(final Option option, final String defaultValue) {",126,
org/apache/commons/cli/CommandLine.java,346,RemoveMethod,"public String getOptionValue(final Option option, final Supplier<String> defaultValue) {","public String getOptionValue(final Option option, final Supplier<String> defaultValue) {",127,
org/apache/commons/cli/CommandLine.java,346,RemoveMethod,"public String getOptionValue(final Option option, final Supplier<String> defaultValue) {","public String getOptionValue(final Option option, final Supplier<String> defaultValue) {",128,
org/apache/commons/cli/CommandLine.java,358,RemoveMethod,public String getOptionValue(final OptionGroup optionGroup) {,public String getOptionValue(final OptionGroup optionGroup) {,129,
org/apache/commons/cli/CommandLine.java,768,ArithmeticOperatorReplacementBinary,"props.put(values.get(i), values.get(i + 1));","props.put(values.get(i), values.get(i - 1));",13,
org/apache/commons/cli/CommandLine.java,358,RemoveMethod,public String getOptionValue(final OptionGroup optionGroup) {,public String getOptionValue(final OptionGroup optionGroup) {,130,
org/apache/commons/cli/CommandLine.java,371,RemoveMethod,"public String getOptionValue(final OptionGroup optionGroup, final String defaultValue) {","public String getOptionValue(final OptionGroup optionGroup, final String defaultValue) {",131,
org/apache/commons/cli/CommandLine.java,371,RemoveMethod,"public String getOptionValue(final OptionGroup optionGroup, final String defaultValue) {","public String getOptionValue(final OptionGroup optionGroup, final String defaultValue) {",132,
org/apache/commons/cli/CommandLine.java,383,RemoveMethod,"public String getOptionValue(final OptionGroup optionGroup, final Supplier<String> defaultValue) {","public String getOptionValue(final OptionGroup optionGroup, final Supplier<String> defaultValue) {",133,
org/apache/commons/cli/CommandLine.java,383,RemoveMethod,"public String getOptionValue(final OptionGroup optionGroup, final Supplier<String> defaultValue) {","public String getOptionValue(final OptionGroup optionGroup, final Supplier<String> defaultValue) {",134,
org/apache/commons/cli/CommandLine.java,395,RemoveMethod,public String getOptionValue(final String opt) {,public String getOptionValue(final String opt) {,135,
org/apache/commons/cli/CommandLine.java,395,RemoveMethod,public String getOptionValue(final String opt) {,public String getOptionValue(final String opt) {,136,
org/apache/commons/cli/CommandLine.java,406,RemoveMethod,"public String getOptionValue(final String opt, final String defaultValue) {","public String getOptionValue(final String opt, final String defaultValue) {",137,
org/apache/commons/cli/CommandLine.java,406,RemoveMethod,"public String getOptionValue(final String opt, final String defaultValue) {","public String getOptionValue(final String opt, final String defaultValue) {",138,
org/apache/commons/cli/CommandLine.java,418,RemoveMethod,"public String getOptionValue(final String opt, final Supplier<String> defaultValue) {","public String getOptionValue(final String opt, final Supplier<String> defaultValue) {",139,
org/apache/commons/cli/CommandLine.java,766,AssignmentOperatorReplacementShortcut,for (int i = 0; i < values.size(); i += 2) {,for (int i = 0; i < values.size(); i -= 2) {,14,
org/apache/commons/cli/CommandLine.java,418,RemoveMethod,"public String getOptionValue(final String opt, final Supplier<String> defaultValue) {","public String getOptionValue(final String opt, final Supplier<String> defaultValue) {",140,
org/apache/commons/cli/CommandLine.java,429,RemoveMethod,public String[] getOptionValues(final char opt) {,public String[] getOptionValues(final char opt) {,141,
org/apache/commons/cli/CommandLine.java,440,RemoveMethod,public String[] getOptionValues(final Option option) {,public String[] getOptionValues(final Option option) {,142,
org/apache/commons/cli/CommandLine.java,463,RemoveMethod,public String[] getOptionValues(final OptionGroup optionGroup) {,public String[] getOptionValues(final OptionGroup optionGroup) {,143,
org/apache/commons/cli/CommandLine.java,476,RemoveMethod,public String[] getOptionValues(final String opt) {,public String[] getOptionValues(final String opt) {,144,
org/apache/commons/cli/CommandLine.java,490,RemoveMethod,public <T> T getParsedOptionValue(final char opt) throws ParseException {,public <T> T getParsedOptionValue(final char opt) throws ParseException {,145,
org/apache/commons/cli/CommandLine.java,505,RemoveMethod,"public <T> T getParsedOptionValue(final char opt, final Supplier<T> defaultValue) throws ParseException {","public <T> T getParsedOptionValue(final char opt, final Supplier<T> defaultValue) throws ParseException {",146,
org/apache/commons/cli/CommandLine.java,520,RemoveMethod,"public <T> T getParsedOptionValue(final char opt, final T defaultValue) throws ParseException {","public <T> T getParsedOptionValue(final char opt, final T defaultValue) throws ParseException {",147,
org/apache/commons/cli/CommandLine.java,534,RemoveMethod,public <T> T getParsedOptionValue(final Option option) throws ParseException {,public <T> T getParsedOptionValue(final Option option) throws ParseException {,148,
org/apache/commons/cli/CommandLine.java,550,RemoveMethod,"public <T> T getParsedOptionValue(final Option option, final Supplier<T> defaultValue) throws ParseException {","public <T> T getParsedOptionValue(final Option option, final Supplier<T> defaultValue) throws ParseException {",149,
org/apache/commons/cli/CommandLine.java,464,ConditionalOperatorDeletion,if (optionGroup == null || !optionGroup.isSelected()) {,if (optionGroup == null || optionGroup.isSelected()) {,15,
org/apache/commons/cli/CommandLine.java,576,RemoveMethod,"public <T> T getParsedOptionValue(final Option option, final T defaultValue) throws ParseException {","public <T> T getParsedOptionValue(final Option option, final T defaultValue) throws ParseException {",150,
org/apache/commons/cli/CommandLine.java,590,RemoveMethod,public <T> T getParsedOptionValue(final OptionGroup optionGroup) throws ParseException {,public <T> T getParsedOptionValue(final OptionGroup optionGroup) throws ParseException {,151,
org/apache/commons/cli/CommandLine.java,605,RemoveMethod,"public <T> T getParsedOptionValue(final OptionGroup optionGroup, final Supplier<T> defaultValue) throws ParseException {","public <T> T getParsedOptionValue(final OptionGroup optionGroup, final Supplier<T> defaultValue) throws ParseException {",152,
org/apache/commons/cli/CommandLine.java,623,RemoveMethod,"public <T> T getParsedOptionValue(final OptionGroup optionGroup, final T defaultValue) throws ParseException {","public <T> T getParsedOptionValue(final OptionGroup optionGroup, final T defaultValue) throws ParseException {",153,
org/apache/commons/cli/CommandLine.java,637,RemoveMethod,public <T> T getParsedOptionValue(final String opt) throws ParseException {,public <T> T getParsedOptionValue(final String opt) throws ParseException {,154,
org/apache/commons/cli/CommandLine.java,652,RemoveMethod,"public <T> T getParsedOptionValue(final String opt, final Supplier<T> defaultValue) throws ParseException {","public <T> T getParsedOptionValue(final String opt, final Supplier<T> defaultValue) throws ParseException {",155,
org/apache/commons/cli/CommandLine.java,667,RemoveMethod,"public <T> T getParsedOptionValue(final String opt, final T defaultValue) throws ParseException {","public <T> T getParsedOptionValue(final String opt, final T defaultValue) throws ParseException {",156,
org/apache/commons/cli/CommandLine.java,676,RemoveMethod,private void handleDeprecated(final Option option) {,private void handleDeprecated(final Option option) {,157,
org/apache/commons/cli/CommandLine.java,706,RemoveMethod,public boolean hasOption(final char opt) {,public boolean hasOption(final char opt) {,158,
org/apache/commons/cli/CommandLine.java,706,RemoveMethod,public boolean hasOption(final char opt) {,public boolean hasOption(final char opt) {,159,
org/apache/commons/cli/CommandLine.java,606,ConditionalOperatorDeletion,if (optionGroup == null || !optionGroup.isSelected()) {,if (optionGroup == null || optionGroup.isSelected()) {,16,
org/apache/commons/cli/CommandLine.java,717,RemoveMethod,public boolean hasOption(final Option opt) {,public boolean hasOption(final Option opt) {,160,
org/apache/commons/cli/CommandLine.java,717,RemoveMethod,public boolean hasOption(final Option opt) {,public boolean hasOption(final Option opt) {,161,
org/apache/commons/cli/CommandLine.java,732,RemoveMethod,public boolean hasOption(final OptionGroup optionGroup) {,public boolean hasOption(final OptionGroup optionGroup) {,162,
org/apache/commons/cli/CommandLine.java,732,RemoveMethod,public boolean hasOption(final OptionGroup optionGroup) {,public boolean hasOption(final OptionGroup optionGroup) {,163,
org/apache/commons/cli/CommandLine.java,745,RemoveMethod,public boolean hasOption(final String opt) {,public boolean hasOption(final String opt) {,164,
org/apache/commons/cli/CommandLine.java,745,RemoveMethod,public boolean hasOption(final String opt) {,public boolean hasOption(final String opt) {,165,
org/apache/commons/cli/CommandLine.java,754,RemoveMethod,public Iterator<Option> iterator() {,public Iterator<Option> iterator() {,166,
org/apache/commons/cli/CommandLine.java,765,RemoveMethod,"private void processPropertiesFromValues(final Properties props, final List<String> values) {","private void processPropertiesFromValues(final Properties props, final List<String> values) {",167,
org/apache/commons/cli/CommandLine.java,781,RemoveMethod,private Option resolveOption(final String opt) {,private Option resolveOption(final String opt) {,168,
org/apache/commons/cli/CommandLine.java,73,RemoveNullCheck,if (arg != null) {,if (true) {,169,
org/apache/commons/cli/CommandLine.java,733,ConditionalOperatorDeletion,if (optionGroup == null || !optionGroup.isSelected()) {,if (optionGroup == null || optionGroup.isSelected()) {,17,
org/apache/commons/cli/CommandLine.java,87,RemoveNullCheck,if (opt != null) {,if (true) {,170,
org/apache/commons/cli/CommandLine.java,164,RemoveNullCheck,if (arg != null) {,if (true) {,171,
org/apache/commons/cli/CommandLine.java,175,RemoveNullCheck,if (opt != null) {,if (true) {,172,
org/apache/commons/cli/CommandLine.java,181,RemoveNullCheck,return supplier == null ? null : supplier.get();,return false ? null : supplier.get();,173,
org/apache/commons/cli/CommandLine.java,323,RemoveNullCheck,return values == null ? null : values[0];,return false ? null : values[0];,174,
org/apache/commons/cli/CommandLine.java,348,RemoveNullCheck,return answer != null ? answer : get(defaultValue);,return true ? answer : get(defaultValue);,175,
org/apache/commons/cli/CommandLine.java,360,RemoveNullCheck,return values == null ? null : values[0];,return false ? null : values[0];,176,
org/apache/commons/cli/CommandLine.java,385,RemoveNullCheck,return answer != null ? answer : get(defaultValue);,return true ? answer : get(defaultValue);,177,
org/apache/commons/cli/CommandLine.java,441,RemoveNullCheck,if (option == null) {,if (false) {,178,
org/apache/commons/cli/CommandLine.java,464,RemoveNullCheck,if (optionGroup == null || !optionGroup.isSelected()) {,if (false || !optionGroup.isSelected()) {,179,
org/apache/commons/cli/CommandLine.java,265,ConditionalOperatorReplacement,if (opt.equals(option.getOpt()) || opt.equals(option.getLongOpt())) {,if (opt.equals(option.getOpt()) && opt.equals(option.getLongOpt())) {,18,
org/apache/commons/cli/CommandLine.java,551,RemoveNullCheck,if (option == null) {,if (false) {,180,
org/apache/commons/cli/CommandLine.java,556,RemoveNullCheck,if (res == null) {,if (false) {,181,
org/apache/commons/cli/CommandLine.java,606,RemoveNullCheck,if (optionGroup == null || !optionGroup.isSelected()) {,if (false || !optionGroup.isSelected()) {,182,
org/apache/commons/cli/CommandLine.java,677,RemoveNullCheck,if (deprecatedHandler != null) {,if (true) {,183,
org/apache/commons/cli/CommandLine.java,733,RemoveNullCheck,if (optionGroup == null || !optionGroup.isSelected()) {,if (false || !optionGroup.isSelected()) {,184,
org/apache/commons/cli/CommandLine.java,783,RemoveNullCheck,if (actual != null) {,if (true) {,185,
org/apache/commons/cli/CommandLine.java,464,ConditionalOperatorReplacement,if (optionGroup == null || !optionGroup.isSelected()) {,if (optionGroup == null && !optionGroup.isSelected()) {,19,
org/apache/commons/cli/CommandLine.java,606,ConditionalOperatorReplacement,if (optionGroup == null || !optionGroup.isSelected()) {,if (optionGroup == null && !optionGroup.isSelected()) {,20,
org/apache/commons/cli/CommandLine.java,719,ConditionalOperatorReplacement,if (result && opt.isDeprecated()) {,if (result || opt.isDeprecated()) {,21,
org/apache/commons/cli/CommandLine.java,733,ConditionalOperatorReplacement,if (optionGroup == null || !optionGroup.isSelected()) {,if (optionGroup == null && !optionGroup.isSelected()) {,22,
org/apache/commons/cli/CommandLine.java,785,ConditionalOperatorReplacement,if (actual.equals(option.getOpt()) || actual.equals(option.getLongOpt())) {,if (actual.equals(option.getOpt()) && actual.equals(option.getLongOpt())) {,23,
org/apache/commons/cli/CommandLine.java,55,NullifyObjectInitialization,private final List<String> args = new LinkedList<>();,private final List<String> args = null;,24,
org/apache/commons/cli/CommandLine.java,58,NullifyObjectInitialization,private final List<Option> options = new ArrayList<>();,private final List<Option> options = null;,25,
org/apache/commons/cli/CommandLine.java,99,NullifyObjectInitialization,"return new CommandLine(args, options, deprecatedHandler);",return null;,26,
org/apache/commons/cli/CommandLine.java,125,NullifyObjectInitialization,return new Builder();,return null;,27,
org/apache/commons/cli/CommandLine.java,146,NullifyObjectInitialization,"this(new LinkedList<>(), new ArrayList<>(), Builder.DEPRECATED_HANDLER);","this(null, new ArrayList<>(), Builder.DEPRECATED_HANDLER);",28,
org/apache/commons/cli/CommandLine.java,146,NullifyObjectInitialization,"this(new LinkedList<>(), new ArrayList<>(), Builder.DEPRECATED_HANDLER);","this(new LinkedList<>(), null, Builder.DEPRECATED_HANDLER);",29,
org/apache/commons/cli/CommandLine.java,243,NullifyObjectInitialization,final Properties props = new Properties();,final Properties props = null;,30,
org/apache/commons/cli/CommandLine.java,263,NullifyObjectInitialization,final Properties props = new Properties();,final Properties props = null;,31,
org/apache/commons/cli/CommandLine.java,444,NullifyObjectInitialization,final List<String> values = new ArrayList<>();,final List<String> values = null;,32,
org/apache/commons/cli/CommandLine.java,76,NullifyReturnValue,return this;,return null;,33,
org/apache/commons/cli/CommandLine.java,90,NullifyReturnValue,return this;,return null;,34,
org/apache/commons/cli/CommandLine.java,99,NullifyReturnValue,"return new CommandLine(args, options, deprecatedHandler);",return null;,35,
org/apache/commons/cli/CommandLine.java,111,NullifyReturnValue,return this;,return null;,36,
org/apache/commons/cli/CommandLine.java,125,NullifyReturnValue,return new Builder();,return null;,37,
org/apache/commons/cli/CommandLine.java,181,NullifyReturnValue,return supplier == null ? null : supplier.get();,return null;,38,
org/apache/commons/cli/CommandLine.java,190,NullifyReturnValue,return args;,return null;,39,
org/apache/commons/cli/CommandLine.java,199,NullifyReturnValue,return args.toArray(Util.EMPTY_STRING_ARRAY);,return null;,40,
org/apache/commons/cli/CommandLine.java,211,NullifyReturnValue,return getOptionObject(String.valueOf(opt));,return null;,41,
org/apache/commons/cli/CommandLine.java,224,NullifyReturnValue,return getParsedOptionValue(opt);,return null;,42,
org/apache/commons/cli/CommandLine.java,227,NullifyReturnValue,return null;,return null;,43,
org/apache/commons/cli/CommandLine.java,249,NullifyReturnValue,return props;,return null;,44,
org/apache/commons/cli/CommandLine.java,269,NullifyReturnValue,return props;,return null;,45,
org/apache/commons/cli/CommandLine.java,278,NullifyReturnValue,return options.toArray(Option.EMPTY_ARRAY);,return null;,46,
org/apache/commons/cli/CommandLine.java,288,NullifyReturnValue,return getOptionValue(String.valueOf(opt));,return null;,47,
org/apache/commons/cli/CommandLine.java,299,NullifyReturnValue,"return getOptionValue(String.valueOf(opt), () -> defaultValue);",return null;,48,
org/apache/commons/cli/CommandLine.java,311,NullifyReturnValue,"return getOptionValue(String.valueOf(opt), defaultValue);",return null;,49,
org/apache/commons/cli/CommandLine.java,323,NullifyReturnValue,return values == null ? null : values[0];,return null;,50,
org/apache/commons/cli/CommandLine.java,335,NullifyReturnValue,"return getOptionValue(option, () -> defaultValue);",return null;,51,
org/apache/commons/cli/CommandLine.java,348,NullifyReturnValue,return answer != null ? answer : get(defaultValue);,return null;,52,
org/apache/commons/cli/CommandLine.java,360,NullifyReturnValue,return values == null ? null : values[0];,return null;,53,
org/apache/commons/cli/CommandLine.java,372,NullifyReturnValue,"return getOptionValue(optionGroup, () -> defaultValue);",return null;,54,
org/apache/commons/cli/CommandLine.java,385,NullifyReturnValue,return answer != null ? answer : get(defaultValue);,return null;,55,
org/apache/commons/cli/CommandLine.java,396,NullifyReturnValue,return getOptionValue(resolveOption(opt));,return null;,56,
org/apache/commons/cli/CommandLine.java,407,NullifyReturnValue,"return getOptionValue(resolveOption(opt), () -> defaultValue);",return null;,57,
org/apache/commons/cli/CommandLine.java,419,NullifyReturnValue,"return getOptionValue(resolveOption(opt), defaultValue);",return null;,58,
org/apache/commons/cli/CommandLine.java,430,NullifyReturnValue,return getOptionValues(String.valueOf(opt));,return null;,59,
org/apache/commons/cli/CommandLine.java,442,NullifyReturnValue,return null;,return null;,60,
org/apache/commons/cli/CommandLine.java,453,NullifyReturnValue,return values.isEmpty() ? null : values.toArray(Util.EMPTY_STRING_ARRAY);,return null;,61,
org/apache/commons/cli/CommandLine.java,465,NullifyReturnValue,return null;,return null;,62,
org/apache/commons/cli/CommandLine.java,467,NullifyReturnValue,return getOptionValues(optionGroup.getSelected());,return null;,63,
org/apache/commons/cli/CommandLine.java,477,NullifyReturnValue,return getOptionValues(resolveOption(opt));,return null;,64,
org/apache/commons/cli/CommandLine.java,491,NullifyReturnValue,return getParsedOptionValue(String.valueOf(opt));,return null;,65,
org/apache/commons/cli/CommandLine.java,506,NullifyReturnValue,"return getParsedOptionValue(String.valueOf(opt), defaultValue);",return null;,66,
org/apache/commons/cli/CommandLine.java,521,NullifyReturnValue,"return getParsedOptionValue(String.valueOf(opt), defaultValue);",return null;,67,
org/apache/commons/cli/CommandLine.java,535,NullifyReturnValue,"return getParsedOptionValue(option, () -> null);",return null;,68,
org/apache/commons/cli/CommandLine.java,552,NullifyReturnValue,return get(defaultValue);,return null;,69,
org/apache/commons/cli/CommandLine.java,557,NullifyReturnValue,return get(defaultValue);,return null;,70,
org/apache/commons/cli/CommandLine.java,559,NullifyReturnValue,return (T) option.getConverter().apply(res);,return null;,71,
org/apache/commons/cli/CommandLine.java,577,NullifyReturnValue,"return getParsedOptionValue(option, () -> defaultValue);",return null;,72,
org/apache/commons/cli/CommandLine.java,591,NullifyReturnValue,"return getParsedOptionValue(optionGroup, () -> null);",return null;,73,
org/apache/commons/cli/CommandLine.java,607,NullifyReturnValue,return get(defaultValue);,return null;,74,
org/apache/commons/cli/CommandLine.java,609,NullifyReturnValue,"return getParsedOptionValue(optionGroup.getSelected(), defaultValue);",return null;,75,
org/apache/commons/cli/CommandLine.java,624,NullifyReturnValue,"return getParsedOptionValue(optionGroup, () -> defaultValue);",return null;,76,
org/apache/commons/cli/CommandLine.java,638,NullifyReturnValue,return getParsedOptionValue(resolveOption(opt));,return null;,77,
org/apache/commons/cli/CommandLine.java,653,NullifyReturnValue,"return getParsedOptionValue(resolveOption(opt), defaultValue);",return null;,78,
org/apache/commons/cli/CommandLine.java,668,NullifyReturnValue,"return getParsedOptionValue(resolveOption(opt), defaultValue);",return null;,79,
org/apache/commons/cli/CommandLine.java,755,NullifyReturnValue,return options.iterator();,return null;,80,
org/apache/commons/cli/CommandLine.java,786,NullifyReturnValue,return option;,return null;,81,
org/apache/commons/cli/CommandLine.java,790,NullifyReturnValue,return null;,return null;,82,
org/apache/commons/cli/CommandLine.java,73,RelationalOperatorReplacement,if (arg != null) {,if (arg == null) {,83,
org/apache/commons/cli/CommandLine.java,87,RelationalOperatorReplacement,if (opt != null) {,if (opt == null) {,84,
org/apache/commons/cli/CommandLine.java,164,RelationalOperatorReplacement,if (arg != null) {,if (arg == null) {,85,
org/apache/commons/cli/CommandLine.java,175,RelationalOperatorReplacement,if (opt != null) {,if (opt == null) {,86,
org/apache/commons/cli/CommandLine.java,181,RelationalOperatorReplacement,return supplier == null ? null : supplier.get();,return supplier != null ? null : supplier.get();,87,
org/apache/commons/cli/CommandLine.java,323,RelationalOperatorReplacement,return values == null ? null : values[0];,return values != null ? null : values[0];,88,
org/apache/commons/cli/CommandLine.java,348,RelationalOperatorReplacement,return answer != null ? answer : get(defaultValue);,return answer == null ? answer : get(defaultValue);,89,
org/apache/commons/cli/CommandLine.java,360,RelationalOperatorReplacement,return values == null ? null : values[0];,return values != null ? null : values[0];,90,
org/apache/commons/cli/CommandLine.java,385,RelationalOperatorReplacement,return answer != null ? answer : get(defaultValue);,return answer == null ? answer : get(defaultValue);,91,
org/apache/commons/cli/CommandLine.java,441,RelationalOperatorReplacement,if (option == null) {,if (option != null) {,92,
org/apache/commons/cli/CommandLine.java,464,RelationalOperatorReplacement,if (optionGroup == null || !optionGroup.isSelected()) {,if (optionGroup != null || !optionGroup.isSelected()) {,93,
org/apache/commons/cli/CommandLine.java,551,RelationalOperatorReplacement,if (option == null) {,if (option != null) {,94,
org/apache/commons/cli/CommandLine.java,556,RelationalOperatorReplacement,if (res == null) {,if (res != null) {,95,
org/apache/commons/cli/CommandLine.java,606,RelationalOperatorReplacement,if (optionGroup == null || !optionGroup.isSelected()) {,if (optionGroup != null || !optionGroup.isSelected()) {,96,
org/apache/commons/cli/CommandLine.java,677,RelationalOperatorReplacement,if (deprecatedHandler != null) {,if (deprecatedHandler == null) {,97,
org/apache/commons/cli/CommandLine.java,733,RelationalOperatorReplacement,if (optionGroup == null || !optionGroup.isSelected()) {,if (optionGroup != null || !optionGroup.isSelected()) {,98,
org/apache/commons/cli/CommandLine.java,766,RelationalOperatorReplacement,for (int i = 0; i < values.size(); i += 2) {,for (int i = 0; i <= values.size(); i += 2) {,99,
org/apache/commons/cli/Converter.java,62,ArithmeticOperatorReplacementUnary,"Converter<Number, NumberFormatException> NUMBER = s -> s.indexOf('.') != -1 ? (Number) Double.valueOf(s) : (Number) Long.valueOf(s);","Converter<Number, NumberFormatException> NUMBER = s -> s.indexOf('.') != +1 ? (Number) Double.valueOf(s) : (Number) Long.valueOf(s);",186,
org/apache/commons/cli/Converter.java,79,NullifyObjectInitialization,"Converter<Date, java.text.ParseException> DATE = s -> new SimpleDateFormat(""EEE MMM dd HH:mm:ss zzz yyyy"").parse(s);","Converter<Date, java.text.ParseException> DATE = s -> null.parse(s);",187,
org/apache/commons/cli/Converter.java,62,RelationalOperatorReplacement,"Converter<Number, NumberFormatException> NUMBER = s -> s.indexOf('.') != -1 ? (Number) Double.valueOf(s) : (Number) Long.valueOf(s);","Converter<Number, NumberFormatException> NUMBER = s -> s.indexOf('.') == -1 ? (Number) Double.valueOf(s) : (Number) Long.valueOf(s);",188,
org/apache/commons/cli/DefaultParser.java,294,ArithmeticOperatorReplacementBinary,for (i = t.length() - 2; i > 1; i--) {,for (i = t.length() + 2; i > 1; i--) {,189,
org/apache/commons/cli/DefaultParser.java,349,ArithmeticOperatorReplacementBinary,if (currentOption != null && token.length() != i + 1) {,if (currentOption != null && token.length() != i - 1) {,190,
org/apache/commons/cli/DefaultParser.java,351,ArithmeticOperatorReplacementBinary,currentOption.processValue(stripLeadingAndTrailingQuotesDefaultOff(token.substring(i + 1)));,currentOption.processValue(stripLeadingAndTrailingQuotesDefaultOff(token.substring(i - 1)));,191,
org/apache/commons/cli/DefaultParser.java,381,ArithmeticOperatorReplacementBinary,final String value = token.substring(pos + 1);,final String value = token.substring(pos - 1);,192,
org/apache/commons/cli/DefaultParser.java,512,ArithmeticOperatorReplacementBinary,final String value = token.substring(pos + 1);,final String value = token.substring(pos - 1);,193,
org/apache/commons/cli/DefaultParser.java,294,ArithmeticOperatorReplacementShortcut,for (i = t.length() - 2; i > 1; i--) {,for (i = t.length() - 2; i > 1; i++) {,194,
org/apache/commons/cli/DefaultParser.java,342,ArithmeticOperatorReplacementShortcut,for (int i = 1; i < token.length(); i++) {,for (int i = 1; i < token.length(); i--) {,195,
org/apache/commons/cli/DefaultParser.java,365,ArithmeticOperatorReplacementUnary,if (indexOfEqual(token) == -1) {,if (indexOfEqual(token) == +1) {,196,
org/apache/commons/cli/DefaultParser.java,484,ArithmeticOperatorReplacementUnary,} else if (pos == -1) {,} else if (pos == +1) {,197,
org/apache/commons/cli/DefaultParser.java,610,ArithmeticOperatorReplacementUnary,"final String t = pos == -1 ? token : token.substring(0, pos);","final String t = pos == +1 ? token : token.substring(0, pos);",198,
org/apache/commons/cli/DefaultParser.java,657,ArithmeticOperatorReplacementUnary,"final String optName = pos == -1 ? token.substring(1) : token.substring(1, pos);","final String optName = pos == +1 ? token.substring(1) : token.substring(1, pos);",199,
org/apache/commons/cli/DefaultParser.java,280,ConditionalOperatorDeletion,if (!expectedOpts.isEmpty()) {,if ( expectedOpts.isEmpty()) {,200,
org/apache/commons/cli/DefaultParser.java,344,ConditionalOperatorDeletion,if (!options.hasOption(ch)) {,if ( options.hasOption(ch)) {,201,
org/apache/commons/cli/DefaultParser.java,386,ConditionalOperatorDeletion,} else if (matchingOpts.size() > 1 && !options.hasLongOption(opt)) {,} else if (matchingOpts.size() > 1 && options.hasLongOption(opt)) {,202,
org/apache/commons/cli/DefaultParser.java,412,ConditionalOperatorDeletion,} else if (matchingOpts.size() > 1 && !options.hasLongOption(token)) {,} else if (matchingOpts.size() > 1 && options.hasLongOption(token)) {,203,
org/apache/commons/cli/DefaultParser.java,447,ConditionalOperatorDeletion,if (!cmd.hasOption(option) && !selected) {,if ( cmd.hasOption(option) && !selected) {,204,
org/apache/commons/cli/DefaultParser.java,447,ConditionalOperatorDeletion,if (!cmd.hasOption(option) && !selected) {,if (!cmd.hasOption(option) && selected) {,205,
org/apache/commons/cli/DefaultParser.java,455,ConditionalOperatorDeletion,"} else if (!(""yes"".equalsIgnoreCase(value) || ""true"".equalsIgnoreCase(value) || ""1"".equalsIgnoreCase(value))) {","} else if ( (""yes"".equalsIgnoreCase(value) || ""true"".equalsIgnoreCase(value) || ""1"".equalsIgnoreCase(value))) {",206,
org/apache/commons/cli/DefaultParser.java,488,ConditionalOperatorDeletion,} else if (!getMatchingLongOptions(token).isEmpty()) {,} else if ( getMatchingLongOptions(token).isEmpty()) {,207,
org/apache/commons/cli/DefaultParser.java,554,ConditionalOperatorDeletion,"} else if (token.startsWith(""-"") && !""-"".equals(token)) {","} else if (token.startsWith(""-"") && ""-"".equals(token)) {",208,
org/apache/commons/cli/DefaultParser.java,559,ConditionalOperatorDeletion,if (currentOption != null && !currentOption.acceptsArg()) {,if (currentOption != null && currentOption.acceptsArg()) {,209,
org/apache/commons/cli/DefaultParser.java,573,ConditionalOperatorDeletion,"if (token.startsWith(""-"") && token.length() > 1 && !stopAtNonOption) {","if (token.startsWith(""-"") && token.length() > 1 && stopAtNonOption) {",210,
org/apache/commons/cli/DefaultParser.java,588,ConditionalOperatorDeletion,return !isOption(token) || isNegativeNumber(token);,return isOption(token) || isNegativeNumber(token);,211,
org/apache/commons/cli/DefaultParser.java,606,ConditionalOperatorDeletion,"if (token == null || !token.startsWith(""-"") || token.length() == 1) {","if (token == null || token.startsWith(""-"") || token.length() == 1) {",212,
org/apache/commons/cli/DefaultParser.java,611,ConditionalOperatorDeletion,if (!getMatchingLongOptions(t).isEmpty()) {,if ( getMatchingLongOptions(t).isEmpty()) {,213,
org/apache/commons/cli/DefaultParser.java,615,ConditionalOperatorDeletion,"if (getLongPrefix(token) != null && !token.startsWith(""--"")) {","if (getLongPrefix(token) != null && token.startsWith(""--"")) {",214,
org/apache/commons/cli/DefaultParser.java,652,ConditionalOperatorDeletion,"if (token == null || !token.startsWith(""-"") || token.length() == 1) {","if (token == null || token.startsWith(""-"") || token.length() == 1) {",215,
org/apache/commons/cli/DefaultParser.java,662,ConditionalOperatorDeletion,return !optName.isEmpty() && options.hasShortOption(String.valueOf(optName.charAt(0)));,return optName.isEmpty() && options.hasShortOption(String.valueOf(optName.charAt(0)));,216,
org/apache/commons/cli/DefaultParser.java,265,ConditionalOperatorReplacement,if (currentOption != null && currentOption.requiresArg()) {,if (currentOption != null || currentOption.requiresArg()) {,217,
org/apache/commons/cli/DefaultParser.java,266,ConditionalOperatorReplacement,if (isJavaProperty(currentOption.getKey()) && currentOption.getValuesList().size() == 1) {,if (isJavaProperty(currentOption.getKey()) || currentOption.getValuesList().size() == 1) {,218,
org/apache/commons/cli/DefaultParser.java,345,ConditionalOperatorReplacement,handleUnknownToken(stopAtNonOption && i > 1 ? token.substring(i) : token);,handleUnknownToken(stopAtNonOption || i > 1 ? token.substring(i) : token);,219,
org/apache/commons/cli/DefaultParser.java,349,ConditionalOperatorReplacement,if (currentOption != null && token.length() != i + 1) {,if (currentOption != null || token.length() != i + 1) {,220,
org/apache/commons/cli/DefaultParser.java,386,ConditionalOperatorReplacement,} else if (matchingOpts.size() > 1 && !options.hasLongOption(opt)) {,} else if (matchingOpts.size() > 1 || !options.hasLongOption(opt)) {,221,
org/apache/commons/cli/DefaultParser.java,412,ConditionalOperatorReplacement,} else if (matchingOpts.size() > 1 && !options.hasLongOption(token)) {,} else if (matchingOpts.size() > 1 || !options.hasLongOption(token)) {,222,
org/apache/commons/cli/DefaultParser.java,446,ConditionalOperatorReplacement,final boolean selected = group != null && group.isSelected();,final boolean selected = group != null || group.isSelected();,223,
org/apache/commons/cli/DefaultParser.java,447,ConditionalOperatorReplacement,if (!cmd.hasOption(option) && !selected) {,if (!cmd.hasOption(option) || !selected) {,224,
org/apache/commons/cli/DefaultParser.java,455,ConditionalOperatorReplacement,"} else if (!(""yes"".equalsIgnoreCase(value) || ""true"".equalsIgnoreCase(value) || ""1"".equalsIgnoreCase(value))) {","} else if (!(""yes"".equalsIgnoreCase(value) && ""true"".equalsIgnoreCase(value) || ""1"".equalsIgnoreCase(value))) {",225,
org/apache/commons/cli/DefaultParser.java,455,ConditionalOperatorReplacement,"} else if (!(""yes"".equalsIgnoreCase(value) || ""true"".equalsIgnoreCase(value) || ""1"".equalsIgnoreCase(value))) {","} else if (!(""yes"".equalsIgnoreCase(value) || ""true"".equalsIgnoreCase(value) && ""1"".equalsIgnoreCase(value))) {",226,
org/apache/commons/cli/DefaultParser.java,495,ConditionalOperatorReplacement,if (opt != null && options.getOption(opt).acceptsArg()) {,if (opt != null || options.getOption(opt).acceptsArg()) {,227,
org/apache/commons/cli/DefaultParser.java,517,ConditionalOperatorReplacement,if (option != null && option.acceptsArg()) {,if (option != null || option.acceptsArg()) {,228,
org/apache/commons/cli/DefaultParser.java,550,ConditionalOperatorReplacement,} else if (currentOption != null && currentOption.acceptsArg() && isArgument(token)) {,} else if (currentOption != null || currentOption.acceptsArg() && isArgument(token)) {,229,
org/apache/commons/cli/DefaultParser.java,550,ConditionalOperatorReplacement,} else if (currentOption != null && currentOption.acceptsArg() && isArgument(token)) {,} else if (currentOption != null && currentOption.acceptsArg() || isArgument(token)) {,230,
org/apache/commons/cli/DefaultParser.java,554,ConditionalOperatorReplacement,"} else if (token.startsWith(""-"") && !""-"".equals(token)) {","} else if (token.startsWith(""-"") || !""-"".equals(token)) {",231,
org/apache/commons/cli/DefaultParser.java,559,ConditionalOperatorReplacement,if (currentOption != null && !currentOption.acceptsArg()) {,if (currentOption != null || !currentOption.acceptsArg()) {,232,
org/apache/commons/cli/DefaultParser.java,573,ConditionalOperatorReplacement,"if (token.startsWith(""-"") && token.length() > 1 && !stopAtNonOption) {","if (token.startsWith(""-"") || token.length() > 1 && !stopAtNonOption) {",233,
org/apache/commons/cli/DefaultParser.java,573,ConditionalOperatorReplacement,"if (token.startsWith(""-"") && token.length() > 1 && !stopAtNonOption) {","if (token.startsWith(""-"") && token.length() > 1 || !stopAtNonOption) {",234,
org/apache/commons/cli/DefaultParser.java,588,ConditionalOperatorReplacement,return !isOption(token) || isNegativeNumber(token);,return !isOption(token) && isNegativeNumber(token);,235,
org/apache/commons/cli/DefaultParser.java,597,ConditionalOperatorReplacement,return option != null && (option.getArgs() >= 2 || option.getArgs() == Option.UNLIMITED_VALUES);,return option != null || (option.getArgs() >= 2 || option.getArgs() == Option.UNLIMITED_VALUES);,236,
org/apache/commons/cli/DefaultParser.java,597,ConditionalOperatorReplacement,return option != null && (option.getArgs() >= 2 || option.getArgs() == Option.UNLIMITED_VALUES);,return option != null && (option.getArgs() >= 2 && option.getArgs() == Option.UNLIMITED_VALUES);,237,
org/apache/commons/cli/DefaultParser.java,606,ConditionalOperatorReplacement,"if (token == null || !token.startsWith(""-"") || token.length() == 1) {","if (token == null && !token.startsWith(""-"") || token.length() == 1) {",238,
org/apache/commons/cli/DefaultParser.java,606,ConditionalOperatorReplacement,"if (token == null || !token.startsWith(""-"") || token.length() == 1) {","if (token == null || !token.startsWith(""-"") && token.length() == 1) {",239,
org/apache/commons/cli/DefaultParser.java,615,ConditionalOperatorReplacement,"if (getLongPrefix(token) != null && !token.startsWith(""--"")) {","if (getLongPrefix(token) != null || !token.startsWith(""--"")) {",240,
org/apache/commons/cli/DefaultParser.java,642,ConditionalOperatorReplacement,return isLongOption(token) || isShortOption(token);,return isLongOption(token) && isShortOption(token);,241,
org/apache/commons/cli/DefaultParser.java,652,ConditionalOperatorReplacement,"if (token == null || !token.startsWith(""-"") || token.length() == 1) {","if (token == null && !token.startsWith(""-"") || token.length() == 1) {",242,
org/apache/commons/cli/DefaultParser.java,652,ConditionalOperatorReplacement,"if (token == null || !token.startsWith(""-"") || token.length() == 1) {","if (token == null || !token.startsWith(""-"") && token.length() == 1) {",243,
org/apache/commons/cli/DefaultParser.java,662,ConditionalOperatorReplacement,return !optName.isEmpty() && options.hasShortOption(String.valueOf(optName.charAt(0)));,return !optName.isEmpty() || options.hasShortOption(String.valueOf(optName.charAt(0)));,244,
org/apache/commons/cli/DefaultParser.java,735,ConditionalOperatorReplacement,if (stripLeadingAndTrailingQuotes != null && stripLeadingAndTrailingQuotes) {,if (stripLeadingAndTrailingQuotes != null || stripLeadingAndTrailingQuotes) {,245,
org/apache/commons/cli/DefaultParser.java,749,ConditionalOperatorReplacement,if (stripLeadingAndTrailingQuotes == null || stripLeadingAndTrailingQuotes) {,if (stripLeadingAndTrailingQuotes == null && stripLeadingAndTrailingQuotes) {,246,
org/apache/commons/cli/DefaultParser.java,79,NullifyObjectInitialization,"return new DefaultParser(allowPartialMatching, stripLeadingAndTrailingQuotes, deprecatedHandler);",return null;,247,
org/apache/commons/cli/DefaultParser.java,150,NullifyObjectInitialization,return new Builder();,return null;,248,
org/apache/commons/cli/DefaultParser.java,269,NullifyObjectInitialization,throw new MissingArgumentException(currentOption);,throw null;,249,
org/apache/commons/cli/DefaultParser.java,281,NullifyObjectInitialization,throw new MissingOptionException(expectedOpts);,throw null;,250,
org/apache/commons/cli/DefaultParser.java,314,NullifyObjectInitialization,final List<String> matches = new ArrayList<>(1);,final List<String> matches = null;,251,
org/apache/commons/cli/DefaultParser.java,387,NullifyObjectInitialization,"throw new AmbiguousOptionException(opt, matchingOpts);",throw null;,252,
org/apache/commons/cli/DefaultParser.java,413,NullifyObjectInitialization,"throw new AmbiguousOptionException(token, matchingOpts);",throw null;,253,
org/apache/commons/cli/DefaultParser.java,442,NullifyObjectInitialization,"throw new UnrecognizedOptionException(""Default option wasn't defined"", option);",throw null;,254,
org/apache/commons/cli/DefaultParser.java,574,NullifyObjectInitialization,"throw new UnrecognizedOptionException(""Unrecognized option: "" + token, token);",throw null;,255,
org/apache/commons/cli/DefaultParser.java,708,NullifyObjectInitialization,expectedOpts = new ArrayList<>(options.getRequiredOptions());,expectedOpts = null;,256,
org/apache/commons/cli/DefaultParser.java,79,NullifyReturnValue,"return new DefaultParser(allowPartialMatching, stripLeadingAndTrailingQuotes, deprecatedHandler);",return null;,257,
org/apache/commons/cli/DefaultParser.java,106,NullifyReturnValue,return this;,return null;,258,
org/apache/commons/cli/DefaultParser.java,118,NullifyReturnValue,return this;,return null;,259,
org/apache/commons/cli/DefaultParser.java,138,NullifyReturnValue,return this;,return null;,260,
org/apache/commons/cli/DefaultParser.java,150,NullifyReturnValue,return new Builder();,return null;,261,
org/apache/commons/cli/DefaultParser.java,301,NullifyReturnValue,return opt;,return null;,262,
org/apache/commons/cli/DefaultParser.java,312,NullifyReturnValue,return options.getMatchingOptions(token);,return null;,263,
org/apache/commons/cli/DefaultParser.java,318,NullifyReturnValue,return matches;,return null;,264,
org/apache/commons/cli/DefaultParser.java,667,NullifyReturnValue,"return parse(options, arguments, null);",return null;,265,
org/apache/commons/cli/DefaultParser.java,672,NullifyReturnValue,"return parse(options, arguments, null, stopAtNonOption);",return null;,266,
org/apache/commons/cli/DefaultParser.java,686,NullifyReturnValue,"return parse(options, arguments, properties, false);",return null;,267,
org/apache/commons/cli/DefaultParser.java,724,NullifyReturnValue,return cmd;,return null;,268,
org/apache/commons/cli/DefaultParser.java,736,NullifyReturnValue,return Util.stripLeadingAndTrailingQuotes(token);,return null;,269,
org/apache/commons/cli/DefaultParser.java,738,NullifyReturnValue,return token;,return null;,270,
org/apache/commons/cli/DefaultParser.java,750,NullifyReturnValue,return Util.stripLeadingAndTrailingQuotes(token);,return null;,271,
org/apache/commons/cli/DefaultParser.java,752,NullifyReturnValue,return token;,return null;,272,
org/apache/commons/cli/DefaultParser.java,265,RelationalOperatorReplacement,if (currentOption != null && currentOption.requiresArg()) {,if (currentOption == null && currentOption.requiresArg()) {,273,
org/apache/commons/cli/DefaultParser.java,266,RelationalOperatorReplacement,if (isJavaProperty(currentOption.getKey()) && currentOption.getValuesList().size() == 1) {,if (isJavaProperty(currentOption.getKey()) && currentOption.getValuesList().size() != 1) {,274,
org/apache/commons/cli/DefaultParser.java,294,RelationalOperatorReplacement,for (i = t.length() - 2; i > 1; i--) {,for (i = t.length() - 2; i >= 1; i--) {,275,
org/apache/commons/cli/DefaultParser.java,342,RelationalOperatorReplacement,for (int i = 1; i < token.length(); i++) {,for (int i = 1; i <= token.length(); i++) {,276,
org/apache/commons/cli/DefaultParser.java,345,RelationalOperatorReplacement,handleUnknownToken(stopAtNonOption && i > 1 ? token.substring(i) : token);,handleUnknownToken(stopAtNonOption && i >= 1 ? token.substring(i) : token);,277,
org/apache/commons/cli/DefaultParser.java,349,RelationalOperatorReplacement,if (currentOption != null && token.length() != i + 1) {,if (currentOption == null && token.length() != i + 1) {,278,
org/apache/commons/cli/DefaultParser.java,349,RelationalOperatorReplacement,if (currentOption != null && token.length() != i + 1) {,if (currentOption != null && token.length() == i + 1) {,279,
org/apache/commons/cli/DefaultParser.java,365,RelationalOperatorReplacement,if (indexOfEqual(token) == -1) {,if (indexOfEqual(token) != -1) {,280,
org/apache/commons/cli/DefaultParser.java,386,RelationalOperatorReplacement,} else if (matchingOpts.size() > 1 && !options.hasLongOption(opt)) {,} else if (matchingOpts.size() >= 1 && !options.hasLongOption(opt)) {,281,
org/apache/commons/cli/DefaultParser.java,412,RelationalOperatorReplacement,} else if (matchingOpts.size() > 1 && !options.hasLongOption(token)) {,} else if (matchingOpts.size() >= 1 && !options.hasLongOption(token)) {,282,
org/apache/commons/cli/DefaultParser.java,435,RelationalOperatorReplacement,if (properties == null) {,if (properties != null) {,283,
org/apache/commons/cli/DefaultParser.java,441,RelationalOperatorReplacement,if (opt == null) {,if (opt != null) {,284,
org/apache/commons/cli/DefaultParser.java,446,RelationalOperatorReplacement,final boolean selected = group != null && group.isSelected();,final boolean selected = group == null && group.isSelected();,285,
org/apache/commons/cli/DefaultParser.java,477,RelationalOperatorReplacement,if (token.length() == 1) {,if (token.length() != 1) {,286,
org/apache/commons/cli/DefaultParser.java,484,RelationalOperatorReplacement,} else if (pos == -1) {,} else if (pos != -1) {,287,
org/apache/commons/cli/DefaultParser.java,495,RelationalOperatorReplacement,if (opt != null && options.getOption(opt).acceptsArg()) {,if (opt == null && options.getOption(opt).acceptsArg()) {,288,
org/apache/commons/cli/DefaultParser.java,514,RelationalOperatorReplacement,if (opt.length() == 1) {,if (opt.length() != 1) {,289,
org/apache/commons/cli/DefaultParser.java,517,RelationalOperatorReplacement,if (option != null && option.acceptsArg()) {,if (option == null && option.acceptsArg()) {,290,
org/apache/commons/cli/DefaultParser.java,544,RelationalOperatorReplacement,if (token != null) {,if (token == null) {,291,
org/apache/commons/cli/DefaultParser.java,550,RelationalOperatorReplacement,} else if (currentOption != null && currentOption.acceptsArg() && isArgument(token)) {,} else if (currentOption == null && currentOption.acceptsArg() && isArgument(token)) {,292,
org/apache/commons/cli/DefaultParser.java,559,RelationalOperatorReplacement,if (currentOption != null && !currentOption.acceptsArg()) {,if (currentOption == null && !currentOption.acceptsArg()) {,293,
org/apache/commons/cli/DefaultParser.java,573,RelationalOperatorReplacement,"if (token.startsWith(""-"") && token.length() > 1 && !stopAtNonOption) {","if (token.startsWith(""-"") && token.length() >= 1 && !stopAtNonOption) {",294,
org/apache/commons/cli/DefaultParser.java,597,RelationalOperatorReplacement,return option != null && (option.getArgs() >= 2 || option.getArgs() == Option.UNLIMITED_VALUES);,return option == null && (option.getArgs() >= 2 || option.getArgs() == Option.UNLIMITED_VALUES);,295,
org/apache/commons/cli/DefaultParser.java,597,RelationalOperatorReplacement,return option != null && (option.getArgs() >= 2 || option.getArgs() == Option.UNLIMITED_VALUES);,return option != null && (option.getArgs() > 2 || option.getArgs() == Option.UNLIMITED_VALUES);,296,
org/apache/commons/cli/DefaultParser.java,597,RelationalOperatorReplacement,return option != null && (option.getArgs() >= 2 || option.getArgs() == Option.UNLIMITED_VALUES);,return option != null && (option.getArgs() >= 2 || option.getArgs() != Option.UNLIMITED_VALUES);,297,
org/apache/commons/cli/DefaultParser.java,606,RelationalOperatorReplacement,"if (token == null || !token.startsWith(""-"") || token.length() == 1) {","if (token != null || !token.startsWith(""-"") || token.length() == 1) {",298,
org/apache/commons/cli/DefaultParser.java,606,RelationalOperatorReplacement,"if (token == null || !token.startsWith(""-"") || token.length() == 1) {","if (token == null || !token.startsWith(""-"") || token.length() != 1) {",299,
org/apache/commons/cli/DefaultParser.java,610,RelationalOperatorReplacement,"final String t = pos == -1 ? token : token.substring(0, pos);","final String t = pos != -1 ? token : token.substring(0, pos);",300,
org/apache/commons/cli/DefaultParser.java,615,RelationalOperatorReplacement,"if (getLongPrefix(token) != null && !token.startsWith(""--"")) {","if (getLongPrefix(token) == null && !token.startsWith(""--"")) {",301,
org/apache/commons/cli/DefaultParser.java,652,RelationalOperatorReplacement,"if (token == null || !token.startsWith(""-"") || token.length() == 1) {","if (token != null || !token.startsWith(""-"") || token.length() == 1) {",302,
org/apache/commons/cli/DefaultParser.java,652,RelationalOperatorReplacement,"if (token == null || !token.startsWith(""-"") || token.length() == 1) {","if (token == null || !token.startsWith(""-"") || token.length() != 1) {",303,
org/apache/commons/cli/DefaultParser.java,657,RelationalOperatorReplacement,"final String optName = pos == -1 ? token.substring(1) : token.substring(1, pos);","final String optName = pos != -1 ? token.substring(1) : token.substring(1, pos);",304,
org/apache/commons/cli/DefaultParser.java,714,RelationalOperatorReplacement,if (arguments != null) {,if (arguments == null) {,305,
org/apache/commons/cli/DefaultParser.java,735,RelationalOperatorReplacement,if (stripLeadingAndTrailingQuotes != null && stripLeadingAndTrailingQuotes) {,if (stripLeadingAndTrailingQuotes == null && stripLeadingAndTrailingQuotes) {,306,
org/apache/commons/cli/DefaultParser.java,749,RelationalOperatorReplacement,if (stripLeadingAndTrailingQuotes == null || stripLeadingAndTrailingQuotes) {,if (stripLeadingAndTrailingQuotes != null || stripLeadingAndTrailingQuotes) {,307,
org/apache/commons/cli/DefaultParser.java,766,RelationalOperatorReplacement,if (options.getOptionGroup(option) != null) {,if (options.getOptionGroup(option) == null) {,308,
org/apache/commons/cli/DefaultParser.java,78,RemoveMethod,public DefaultParser build() {,public DefaultParser build() {,309,
org/apache/commons/cli/DefaultParser.java,104,RemoveMethod,public Builder setAllowPartialMatching(final boolean allowPartialMatching) {,public Builder setAllowPartialMatching(final boolean allowPartialMatching) {,310,
org/apache/commons/cli/DefaultParser.java,116,RemoveMethod,public Builder setDeprecatedHandler(final Consumer<Option> deprecatedHandler) {,public Builder setDeprecatedHandler(final Consumer<Option> deprecatedHandler) {,311,
org/apache/commons/cli/DefaultParser.java,136,RemoveMethod,public Builder setStripLeadingAndTrailingQuotes(final Boolean stripLeadingAndTrailingQuotes) {,public Builder setStripLeadingAndTrailingQuotes(final Boolean stripLeadingAndTrailingQuotes) {,312,
org/apache/commons/cli/DefaultParser.java,149,RemoveMethod,public static Builder builder() {,public static Builder builder() {,313,
org/apache/commons/cli/DefaultParser.java,153,RemoveMethod,static int indexOfEqual(final String token) {,static int indexOfEqual(final String token) {,314,
org/apache/commons/cli/DefaultParser.java,153,RemoveMethod,static int indexOfEqual(final String token) {,static int indexOfEqual(final String token) {,315,
org/apache/commons/cli/DefaultParser.java,264,RemoveMethod,private void checkRequiredArgs() throws ParseException {,private void checkRequiredArgs() throws ParseException {,316,
org/apache/commons/cli/DefaultParser.java,278,RemoveMethod,protected void checkRequiredOptions() throws MissingOptionException {,protected void checkRequiredOptions() throws MissingOptionException {,317,
org/apache/commons/cli/DefaultParser.java,290,RemoveMethod,private String getLongPrefix(final String token) {,private String getLongPrefix(final String token) {,318,
org/apache/commons/cli/DefaultParser.java,290,RemoveMethod,private String getLongPrefix(final String token) {,private String getLongPrefix(final String token) {,319,
org/apache/commons/cli/DefaultParser.java,310,RemoveMethod,private List<String> getMatchingLongOptions(final String token) {,private List<String> getMatchingLongOptions(final String token) {,320,
org/apache/commons/cli/DefaultParser.java,341,RemoveMethod,protected void handleConcatenatedOptions(final String token) throws ParseException {,protected void handleConcatenatedOptions(final String token) throws ParseException {,321,
org/apache/commons/cli/DefaultParser.java,364,RemoveMethod,private void handleLongOption(final String token) throws ParseException {,private void handleLongOption(final String token) throws ParseException {,322,
org/apache/commons/cli/DefaultParser.java,379,RemoveMethod,private void handleLongOptionWithEqual(final String token) throws ParseException {,private void handleLongOptionWithEqual(final String token) throws ParseException {,323,
org/apache/commons/cli/DefaultParser.java,408,RemoveMethod,private void handleLongOptionWithoutEqual(final String token) throws ParseException {,private void handleLongOptionWithoutEqual(final String token) throws ParseException {,324,
org/apache/commons/cli/DefaultParser.java,420,RemoveMethod,private void handleOption(final Option option) throws ParseException {,private void handleOption(final Option option) throws ParseException {,325,
org/apache/commons/cli/DefaultParser.java,434,RemoveMethod,private void handleProperties(final Properties properties) throws ParseException {,private void handleProperties(final Properties properties) throws ParseException {,326,
org/apache/commons/cli/DefaultParser.java,474,RemoveMethod,private void handleShortAndLongOption(final String hyphenToken) throws ParseException {,private void handleShortAndLongOption(final String hyphenToken) throws ParseException {,327,
org/apache/commons/cli/DefaultParser.java,543,RemoveMethod,private void handleToken(final String token) throws ParseException {,private void handleToken(final String token) throws ParseException {,328,
org/apache/commons/cli/DefaultParser.java,572,RemoveMethod,private void handleUnknownToken(final String token) throws ParseException {,private void handleUnknownToken(final String token) throws ParseException {,329,
org/apache/commons/cli/DefaultParser.java,587,RemoveMethod,private boolean isArgument(final String token) {,private boolean isArgument(final String token) {,330,
org/apache/commons/cli/DefaultParser.java,587,RemoveMethod,private boolean isArgument(final String token) {,private boolean isArgument(final String token) {,331,
org/apache/commons/cli/DefaultParser.java,594,RemoveMethod,private boolean isJavaProperty(final String token) {,private boolean isJavaProperty(final String token) {,332,
org/apache/commons/cli/DefaultParser.java,594,RemoveMethod,private boolean isJavaProperty(final String token) {,private boolean isJavaProperty(final String token) {,333,
org/apache/commons/cli/DefaultParser.java,605,RemoveMethod,private boolean isLongOption(final String token) {,private boolean isLongOption(final String token) {,334,
org/apache/commons/cli/DefaultParser.java,605,RemoveMethod,private boolean isLongOption(final String token) {,private boolean isLongOption(final String token) {,335,
org/apache/commons/cli/DefaultParser.java,627,RemoveMethod,private boolean isNegativeNumber(final String token) {,private boolean isNegativeNumber(final String token) {,336,
org/apache/commons/cli/DefaultParser.java,627,RemoveMethod,private boolean isNegativeNumber(final String token) {,private boolean isNegativeNumber(final String token) {,337,
org/apache/commons/cli/DefaultParser.java,641,RemoveMethod,private boolean isOption(final String token) {,private boolean isOption(final String token) {,338,
org/apache/commons/cli/DefaultParser.java,641,RemoveMethod,private boolean isOption(final String token) {,private boolean isOption(final String token) {,339,
org/apache/commons/cli/DefaultParser.java,650,RemoveMethod,private boolean isShortOption(final String token) {,private boolean isShortOption(final String token) {,340,
org/apache/commons/cli/DefaultParser.java,650,RemoveMethod,private boolean isShortOption(final String token) {,private boolean isShortOption(final String token) {,341,
org/apache/commons/cli/DefaultParser.java,666,RemoveMethod,"public CommandLine parse(final Options options, final String[] arguments) throws ParseException {","public CommandLine parse(final Options options, final String[] arguments) throws ParseException {",342,
org/apache/commons/cli/DefaultParser.java,671,RemoveMethod,"public CommandLine parse(final Options options, final String[] arguments, final boolean stopAtNonOption) throws ParseException {","public CommandLine parse(final Options options, final String[] arguments, final boolean stopAtNonOption) throws ParseException {",343,
org/apache/commons/cli/DefaultParser.java,685,RemoveMethod,"public CommandLine parse(final Options options, final String[] arguments, final Properties properties) throws ParseException {","public CommandLine parse(final Options options, final String[] arguments, final Properties properties) throws ParseException {",344,
org/apache/commons/cli/DefaultParser.java,703,RemoveMethod,throws ParseException {,throws ParseException {,345,
org/apache/commons/cli/DefaultParser.java,734,RemoveMethod,private String stripLeadingAndTrailingQuotesDefaultOff(final String token) {,private String stripLeadingAndTrailingQuotesDefaultOff(final String token) {,346,
org/apache/commons/cli/DefaultParser.java,734,RemoveMethod,private String stripLeadingAndTrailingQuotesDefaultOff(final String token) {,private String stripLeadingAndTrailingQuotesDefaultOff(final String token) {,347,
org/apache/commons/cli/DefaultParser.java,748,RemoveMethod,private String stripLeadingAndTrailingQuotesDefaultOn(final String token) {,private String stripLeadingAndTrailingQuotesDefaultOn(final String token) {,348,
org/apache/commons/cli/DefaultParser.java,748,RemoveMethod,private String stripLeadingAndTrailingQuotesDefaultOn(final String token) {,private String stripLeadingAndTrailingQuotesDefaultOn(final String token) {,349,
org/apache/commons/cli/DefaultParser.java,760,RemoveMethod,private void updateRequiredOptions(final Option option) throws AlreadySelectedException {,private void updateRequiredOptions(final Option option) throws AlreadySelectedException {,350,
org/apache/commons/cli/DefaultParser.java,265,RemoveNullCheck,if (currentOption != null && currentOption.requiresArg()) {,if (true && currentOption.requiresArg()) {,351,
org/apache/commons/cli/DefaultParser.java,349,RemoveNullCheck,if (currentOption != null && token.length() != i + 1) {,if (true && token.length() != i + 1) {,352,
org/apache/commons/cli/DefaultParser.java,435,RemoveNullCheck,if (properties == null) {,if (false) {,353,
org/apache/commons/cli/DefaultParser.java,441,RemoveNullCheck,if (opt == null) {,if (false) {,354,
org/apache/commons/cli/DefaultParser.java,446,RemoveNullCheck,final boolean selected = group != null && group.isSelected();,final boolean selected = true && group.isSelected();,355,
org/apache/commons/cli/DefaultParser.java,495,RemoveNullCheck,if (opt != null && options.getOption(opt).acceptsArg()) {,if (true && options.getOption(opt).acceptsArg()) {,356,
org/apache/commons/cli/DefaultParser.java,517,RemoveNullCheck,if (option != null && option.acceptsArg()) {,if (true && option.acceptsArg()) {,357,
org/apache/commons/cli/DefaultParser.java,544,RemoveNullCheck,if (token != null) {,if (true) {,358,
org/apache/commons/cli/DefaultParser.java,550,RemoveNullCheck,} else if (currentOption != null && currentOption.acceptsArg() && isArgument(token)) {,} else if (true && currentOption.acceptsArg() && isArgument(token)) {,359,
org/apache/commons/cli/DefaultParser.java,559,RemoveNullCheck,if (currentOption != null && !currentOption.acceptsArg()) {,if (true && !currentOption.acceptsArg()) {,360,
org/apache/commons/cli/DefaultParser.java,597,RemoveNullCheck,return option != null && (option.getArgs() >= 2 || option.getArgs() == Option.UNLIMITED_VALUES);,return true && (option.getArgs() >= 2 || option.getArgs() == Option.UNLIMITED_VALUES);,361,
org/apache/commons/cli/DefaultParser.java,606,RemoveNullCheck,"if (token == null || !token.startsWith(""-"") || token.length() == 1) {","if (false || !token.startsWith(""-"") || token.length() == 1) {",362,
org/apache/commons/cli/DefaultParser.java,615,RemoveNullCheck,"if (getLongPrefix(token) != null && !token.startsWith(""--"")) {","if (true && !token.startsWith(""--"")) {",363,
org/apache/commons/cli/DefaultParser.java,652,RemoveNullCheck,"if (token == null || !token.startsWith(""-"") || token.length() == 1) {","if (false || !token.startsWith(""-"") || token.length() == 1) {",364,
org/apache/commons/cli/DefaultParser.java,714,RemoveNullCheck,if (arguments != null) {,if (true) {,365,
org/apache/commons/cli/DefaultParser.java,735,RemoveNullCheck,if (stripLeadingAndTrailingQuotes != null && stripLeadingAndTrailingQuotes) {,if (true && stripLeadingAndTrailingQuotes) {,366,
org/apache/commons/cli/DefaultParser.java,749,RemoveNullCheck,if (stripLeadingAndTrailingQuotes == null || stripLeadingAndTrailingQuotes) {,if (false || stripLeadingAndTrailingQuotes) {,367,
org/apache/commons/cli/DefaultParser.java,766,RemoveNullCheck,if (options.getOptionGroup(option) != null) {,if (true) {,368,
org/apache/commons/cli/DeprecatedAttributes.java,176,ConditionalOperatorDeletion,if (!since.isEmpty()) {,if ( since.isEmpty()) {,369,
org/apache/commons/cli/DeprecatedAttributes.java,180,ConditionalOperatorDeletion,if (!description.isEmpty()) {,if ( description.isEmpty()) {,370,
org/apache/commons/cli/DeprecatedAttributes.java,60,NullifyObjectInitialization,"return new DeprecatedAttributes(description, since, forRemoval);",return null;,371,
org/apache/commons/cli/DeprecatedAttributes.java,101,NullifyObjectInitialization,"static final DeprecatedAttributes DEFAULT = new DeprecatedAttributes("""", """", false);",static final DeprecatedAttributes DEFAULT = null;,372,
org/apache/commons/cli/DeprecatedAttributes.java,114,NullifyObjectInitialization,return new Builder();,return null;,373,
org/apache/commons/cli/DeprecatedAttributes.java,172,NullifyObjectInitialization,"final StringBuilder builder = new StringBuilder(""Deprecated"");",final StringBuilder builder = null;,374,
org/apache/commons/cli/DeprecatedAttributes.java,60,NullifyReturnValue,"return new DeprecatedAttributes(description, since, forRemoval);",return null;,375,
org/apache/commons/cli/DeprecatedAttributes.java,71,NullifyReturnValue,return this;,return null;,376,
org/apache/commons/cli/DeprecatedAttributes.java,83,NullifyReturnValue,return this;,return null;,377,
org/apache/commons/cli/DeprecatedAttributes.java,94,NullifyReturnValue,return this;,return null;,378,
org/apache/commons/cli/DeprecatedAttributes.java,114,NullifyReturnValue,return new Builder();,return null;,379,
org/apache/commons/cli/DeprecatedAttributes.java,145,NullifyReturnValue,return description;,return null;,380,
org/apache/commons/cli/DeprecatedAttributes.java,154,NullifyReturnValue,return since;,return null;,381,
org/apache/commons/cli/DeprecatedAttributes.java,167,NullifyReturnValue,return since != null ? since : EMPTY_STRING;,return null;,382,
org/apache/commons/cli/DeprecatedAttributes.java,184,NullifyReturnValue,return builder.toString();,return null;,383,
org/apache/commons/cli/DeprecatedAttributes.java,167,RelationalOperatorReplacement,return since != null ? since : EMPTY_STRING;,return since == null ? since : EMPTY_STRING;,384,
org/apache/commons/cli/DeprecatedAttributes.java,59,RemoveMethod,public DeprecatedAttributes get() {,public DeprecatedAttributes get() {,385,
org/apache/commons/cli/DeprecatedAttributes.java,69,RemoveMethod,public Builder setDescription(final String description) {,public Builder setDescription(final String description) {,386,
org/apache/commons/cli/DeprecatedAttributes.java,81,RemoveMethod,public Builder setForRemoval(final boolean forRemoval) {,public Builder setForRemoval(final boolean forRemoval) {,387,
org/apache/commons/cli/DeprecatedAttributes.java,92,RemoveMethod,public Builder setSince(final String since) {,public Builder setSince(final String since) {,388,
org/apache/commons/cli/DeprecatedAttributes.java,113,RemoveMethod,public static Builder builder() {,public static Builder builder() {,389,
org/apache/commons/cli/DeprecatedAttributes.java,144,RemoveMethod,public String getDescription() {,public String getDescription() {,390,
org/apache/commons/cli/DeprecatedAttributes.java,144,RemoveMethod,public String getDescription() {,public String getDescription() {,391,
org/apache/commons/cli/DeprecatedAttributes.java,153,RemoveMethod,public String getSince() {,public String getSince() {,392,
org/apache/commons/cli/DeprecatedAttributes.java,153,RemoveMethod,public String getSince() {,public String getSince() {,393,
org/apache/commons/cli/DeprecatedAttributes.java,162,RemoveMethod,public boolean isForRemoval() {,public boolean isForRemoval() {,394,
org/apache/commons/cli/DeprecatedAttributes.java,162,RemoveMethod,public boolean isForRemoval() {,public boolean isForRemoval() {,395,
org/apache/commons/cli/DeprecatedAttributes.java,166,RemoveMethod,private String toEmpty(final String since) {,private String toEmpty(final String since) {,396,
org/apache/commons/cli/DeprecatedAttributes.java,166,RemoveMethod,private String toEmpty(final String since) {,private String toEmpty(final String since) {,397,
org/apache/commons/cli/DeprecatedAttributes.java,171,RemoveMethod,public String toString() {,public String toString() {,398,
org/apache/commons/cli/DeprecatedAttributes.java,171,RemoveMethod,public String toString() {,public String toString() {,399,
org/apache/commons/cli/DeprecatedAttributes.java,167,RemoveNullCheck,return since != null ? since : EMPTY_STRING;,return true ? since : EMPTY_STRING;,400,
org/apache/commons/cli/GnuParser.java,66,ArithmeticOperatorReplacementBinary,tokens.add(arg.substring(arg.indexOf(Char.EQUAL) + 1)); // value,tokens.add(arg.substring(arg.indexOf(Char.EQUAL) - 1)); // value,401,
org/apache/commons/cli/GnuParser.java,49,ArithmeticOperatorReplacementShortcut,for (int i = 0; i < arguments.length; i++) {,for (int i = 0; i < arguments.length; i--) {,402,
org/apache/commons/cli/GnuParser.java,81,ArithmeticOperatorReplacementShortcut,for (i++; i < arguments.length; i++) { // NOPMD,for (i--; i < arguments.length; i++) { // NOPMD,403,
org/apache/commons/cli/GnuParser.java,81,ArithmeticOperatorReplacementShortcut,for (i++; i < arguments.length; i++) { // NOPMD,for (i++; i < arguments.length; i--) { // NOPMD,404,
org/apache/commons/cli/GnuParser.java,63,ArithmeticOperatorReplacementUnary,"if (equalPos != -1 && options.hasOption(opt.substring(0, equalPos))) {","if (equalPos != +1 && options.hasOption(opt.substring(0, equalPos))) {",405,
org/apache/commons/cli/GnuParser.java,63,ConditionalOperatorReplacement,"if (equalPos != -1 && options.hasOption(opt.substring(0, equalPos))) {","if (equalPos != -1 || options.hasOption(opt.substring(0, equalPos))) {",406,
org/apache/commons/cli/GnuParser.java,47,NullifyObjectInitialization,final List<String> tokens = new ArrayList<>();,final List<String> tokens = null;,407,
org/apache/commons/cli/GnuParser.java,88,NullifyReturnValue,return tokens.toArray(Util.EMPTY_STRING_ARRAY);,return null;,408,
org/apache/commons/cli/GnuParser.java,49,RelationalOperatorReplacement,for (int i = 0; i < arguments.length; i++) {,for (int i = 0; i <= arguments.length; i++) {,409,
org/apache/commons/cli/GnuParser.java,51,RelationalOperatorReplacement,if (arg != null) {,if (arg == null) {,410,
org/apache/commons/cli/GnuParser.java,63,RelationalOperatorReplacement,"if (equalPos != -1 && options.hasOption(opt.substring(0, equalPos))) {","if (equalPos == -1 && options.hasOption(opt.substring(0, equalPos))) {",411,
org/apache/commons/cli/GnuParser.java,81,RelationalOperatorReplacement,for (i++; i < arguments.length; i++) { // NOPMD,for (i++; i <= arguments.length; i++) { // NOPMD,412,
org/apache/commons/cli/GnuParser.java,46,RemoveMethod,"protected String[] flatten(final Options options, final String[] arguments, final boolean stopAtNonOption) {","protected String[] flatten(final Options options, final String[] arguments, final boolean stopAtNonOption) {",413,
org/apache/commons/cli/GnuParser.java,51,RemoveNullCheck,if (arg != null) {,if (true) {,414,
org/apache/commons/cli/HelpFormatter.java,415,ArithmeticOperatorReplacementBinary,final int maxSince = showSince ? determineMaxSinceLength(options) + leftPad : 0;,final int maxSince = showSince ? determineMaxSinceLength(options) - leftPad : 0;,415,
org/apache/commons/cli/HelpFormatter.java,443,ArithmeticOperatorReplacementBinary,"max = Math.max(optBuf.length() + maxSince, max);","max = Math.max(optBuf.length() - maxSince, max);",416,
org/apache/commons/cli/HelpFormatter.java,445,ArithmeticOperatorReplacementBinary,final int nextLineTabStop = max + descPad;,final int nextLineTabStop = max - descPad;,417,
org/apache/commons/cli/HelpFormatter.java,447,ArithmeticOperatorReplacementBinary,final StringBuilder optHeader = new StringBuilder(HEADER_OPTIONS).append(createPadding(max - maxSince - HEADER_OPTIONS.length() + leftPad)),final StringBuilder optHeader = new StringBuilder(HEADER_OPTIONS).append(createPadding(max + maxSince - HEADER_OPTIONS.length() + leftPad)),418,
org/apache/commons/cli/HelpFormatter.java,447,ArithmeticOperatorReplacementBinary,final StringBuilder optHeader = new StringBuilder(HEADER_OPTIONS).append(createPadding(max - maxSince - HEADER_OPTIONS.length() + leftPad)),final StringBuilder optHeader = new StringBuilder(HEADER_OPTIONS).append(createPadding(max - maxSince + HEADER_OPTIONS.length() + leftPad)),419,
org/apache/commons/cli/HelpFormatter.java,447,ArithmeticOperatorReplacementBinary,final StringBuilder optHeader = new StringBuilder(HEADER_OPTIONS).append(createPadding(max - maxSince - HEADER_OPTIONS.length() + leftPad)),final StringBuilder optHeader = new StringBuilder(HEADER_OPTIONS).append(createPadding(max - maxSince - HEADER_OPTIONS.length() - leftPad)),420,
org/apache/commons/cli/HelpFormatter.java,449,ArithmeticOperatorReplacementBinary,optHeader.append(createPadding(max - optHeader.length())).append(lpad).append(HEADER_DESCRIPTION);,optHeader.append(createPadding(max + optHeader.length())).append(lpad).append(HEADER_DESCRIPTION);,421,
org/apache/commons/cli/HelpFormatter.java,459,ArithmeticOperatorReplacementBinary,optBuf.append(createPadding(max - maxSince - optBuf.length()));,optBuf.append(createPadding(max + maxSince - optBuf.length()));,422,
org/apache/commons/cli/HelpFormatter.java,459,ArithmeticOperatorReplacementBinary,optBuf.append(createPadding(max - maxSince - optBuf.length()));,optBuf.append(createPadding(max - maxSince + optBuf.length()));,423,
org/apache/commons/cli/HelpFormatter.java,463,ArithmeticOperatorReplacementBinary,optBuf.append(createPadding(max - optBuf.length()));,optBuf.append(createPadding(max + optBuf.length()));,424,
org/apache/commons/cli/HelpFormatter.java,507,ArithmeticOperatorReplacementBinary,render = padding + render.substring(pos).trim();,render = padding - render.substring(pos).trim();,425,
org/apache/commons/cli/HelpFormatter.java,513,ArithmeticOperatorReplacementBinary,if (render.length() > width && pos == nextLineTabStopPos - 1) {,if (render.length() > width && pos == nextLineTabStopPos + 1) {,426,
org/apache/commons/cli/HelpFormatter.java,553,ArithmeticOperatorReplacementBinary,return pos + 1;,return pos - 1;,427,
org/apache/commons/cli/HelpFormatter.java,557,ArithmeticOperatorReplacementBinary,return pos + 1;,return pos - 1;,428,
org/apache/commons/cli/HelpFormatter.java,559,ArithmeticOperatorReplacementBinary,if (startPos + width >= text.length()) {,if (startPos - width >= text.length()) {,429,
org/apache/commons/cli/HelpFormatter.java,563,ArithmeticOperatorReplacementBinary,for (pos = startPos + width; pos >= startPos; --pos) {,for (pos = startPos - width; pos >= startPos; --pos) {,430,
org/apache/commons/cli/HelpFormatter.java,574,ArithmeticOperatorReplacementBinary,pos = startPos + width;,pos = startPos - width;,431,
org/apache/commons/cli/HelpFormatter.java,832,ArithmeticOperatorReplacementBinary,final int argPos = cmdLineSyntax.indexOf(' ') + 1;,final int argPos = cmdLineSyntax.indexOf(' ') - 1;,432,
org/apache/commons/cli/HelpFormatter.java,833,ArithmeticOperatorReplacementBinary,"printWrapped(pw, width, getSyntaxPrefix().length() + argPos, getSyntaxPrefix() + cmdLineSyntax);","printWrapped(pw, width, getSyntaxPrefix().length() - argPos, getSyntaxPrefix() + cmdLineSyntax);",433,
org/apache/commons/cli/HelpFormatter.java,833,ArithmeticOperatorReplacementBinary,"printWrapped(pw, width, getSyntaxPrefix().length() + argPos, getSyntaxPrefix() + cmdLineSyntax);","printWrapped(pw, width, getSyntaxPrefix().length() + argPos, getSyntaxPrefix() - cmdLineSyntax);",434,
org/apache/commons/cli/HelpFormatter.java,881,ArithmeticOperatorReplacementBinary,"printWrapped(pw, width, buff.toString().indexOf(' ') + 1, buff.toString());","printWrapped(pw, width, buff.toString().indexOf(' ') - 1, buff.toString());",435,
org/apache/commons/cli/HelpFormatter.java,985,ArithmeticOperatorReplacementBinary,while (pos > 0 && Character.isWhitespace(s.charAt(pos - 1))) {,while (pos > 0 && Character.isWhitespace(s.charAt(pos + 1))) {,436,
org/apache/commons/cli/HelpFormatter.java,457,ArithmeticOperatorReplacementShortcut,final StringBuilder optBuf = new StringBuilder(prefixList.get(x++).toString());,final StringBuilder optBuf = new StringBuilder(prefixList.get(x--).toString());,437,
org/apache/commons/cli/HelpFormatter.java,563,ArithmeticOperatorReplacementShortcut,for (pos = startPos + width; pos >= startPos; --pos) {,for (pos = startPos + width; pos >= startPos; ++pos) {,438,
org/apache/commons/cli/HelpFormatter.java,986,ArithmeticOperatorReplacementShortcut,--pos;,++pos;,439,
org/apache/commons/cli/HelpFormatter.java,495,ArithmeticOperatorReplacementUnary,if (pos == -1) {,if (pos == +1) {,440,
org/apache/commons/cli/HelpFormatter.java,509,ArithmeticOperatorReplacementUnary,if (pos == -1) {,if (pos == +1) {,441,
org/apache/commons/cli/HelpFormatter.java,552,ArithmeticOperatorReplacementUnary,if (pos != -1 && pos <= width) {,if (pos != +1 && pos <= width) {,442,
org/apache/commons/cli/HelpFormatter.java,556,ArithmeticOperatorReplacementUnary,if (pos != -1 && pos <= width) {,if (pos != +1 && pos <= width) {,443,
org/apache/commons/cli/HelpFormatter.java,560,ArithmeticOperatorReplacementUnary,return -1;,return +1;,444,
org/apache/commons/cli/HelpFormatter.java,575,ArithmeticOperatorReplacementUnary,return pos == text.length() ? -1 : pos;,return pos == text.length() ? +1 : pos;,445,
org/apache/commons/cli/HelpFormatter.java,347,ConditionalOperatorDeletion,if (!required) {,if ( required) {,446,
org/apache/commons/cli/HelpFormatter.java,356,ConditionalOperatorDeletion,if (option.hasArg() && (option.getArgName() == null || !option.getArgName().isEmpty())) {,if (option.hasArg() && (option.getArgName() == null || option.getArgName().isEmpty())) {,447,
org/apache/commons/cli/HelpFormatter.java,361,ConditionalOperatorDeletion,if (!required) {,if ( required) {,448,
org/apache/commons/cli/HelpFormatter.java,375,ConditionalOperatorDeletion,if (!group.isRequired()) {,if ( group.isRequired()) {,449,
org/apache/commons/cli/HelpFormatter.java,391,ConditionalOperatorDeletion,if (!group.isRequired()) {,if ( group.isRequired()) {,450,
org/apache/commons/cli/HelpFormatter.java,746,ConditionalOperatorDeletion,if (header != null && !header.isEmpty()) {,if (header != null && header.isEmpty()) {,451,
org/apache/commons/cli/HelpFormatter.java,750,ConditionalOperatorDeletion,if (footer != null && !footer.isEmpty()) {,if (footer != null && footer.isEmpty()) {,452,
org/apache/commons/cli/HelpFormatter.java,862,ConditionalOperatorDeletion,if (!processedGroups.contains(group)) {,if ( processedGroups.contains(group)) {,453,
org/apache/commons/cli/HelpFormatter.java,961,ConditionalOperatorDeletion,if (!firstLine) {,if ( firstLine) {,454,
org/apache/commons/cli/HelpFormatter.java,356,ConditionalOperatorReplacement,if (option.hasArg() && (option.getArgName() == null || !option.getArgName().isEmpty())) {,if (option.hasArg() || (option.getArgName() == null || !option.getArgName().isEmpty())) {,455,
org/apache/commons/cli/HelpFormatter.java,356,ConditionalOperatorReplacement,if (option.hasArg() && (option.getArgName() == null || !option.getArgName().isEmpty())) {,if (option.hasArg() && (option.getArgName() == null && !option.getArgName().isEmpty())) {,456,
org/apache/commons/cli/HelpFormatter.java,433,ConditionalOperatorReplacement,if (argName != null && argName.isEmpty()) {,if (argName != null || argName.isEmpty()) {,457,
org/apache/commons/cli/HelpFormatter.java,467,ConditionalOperatorReplacement,if (deprecatedFormatFunction != null && option.isDeprecated()) {,if (deprecatedFormatFunction != null || option.isDeprecated()) {,458,
org/apache/commons/cli/HelpFormatter.java,513,ConditionalOperatorReplacement,if (render.length() > width && pos == nextLineTabStopPos - 1) {,if (render.length() > width || pos == nextLineTabStopPos - 1) {,459,
org/apache/commons/cli/HelpFormatter.java,552,ConditionalOperatorReplacement,if (pos != -1 && pos <= width) {,if (pos != -1 || pos <= width) {,460,
org/apache/commons/cli/HelpFormatter.java,556,ConditionalOperatorReplacement,if (pos != -1 && pos <= width) {,if (pos != -1 || pos <= width) {,461,
org/apache/commons/cli/HelpFormatter.java,565,ConditionalOperatorReplacement,if (c == Char.SP || c == Char.LF || c == Char.CR) {,if (c == Char.SP && c == Char.LF || c == Char.CR) {,462,
org/apache/commons/cli/HelpFormatter.java,565,ConditionalOperatorReplacement,if (c == Char.SP || c == Char.LF || c == Char.CR) {,if (c == Char.SP || c == Char.LF && c == Char.CR) {,463,
org/apache/commons/cli/HelpFormatter.java,746,ConditionalOperatorReplacement,if (header != null && !header.isEmpty()) {,if (header != null || !header.isEmpty()) {,464,
org/apache/commons/cli/HelpFormatter.java,750,ConditionalOperatorReplacement,if (footer != null && !footer.isEmpty()) {,if (footer != null || !footer.isEmpty()) {,465,
org/apache/commons/cli/HelpFormatter.java,985,ConditionalOperatorReplacement,while (pos > 0 && Character.isWhitespace(s.charAt(pos - 1))) {,while (pos > 0 || Character.isWhitespace(s.charAt(pos - 1))) {,466,
org/apache/commons/cli/HelpFormatter.java,99,NullifyObjectInitialization,"return new HelpFormatter(deprecatedFormatFunction, printStream, showSince);",return null;,467,
org/apache/commons/cli/HelpFormatter.java,213,NullifyObjectInitialization,return new Builder();,return null;,468,
org/apache/commons/cli/HelpFormatter.java,217,NullifyObjectInitialization,return new PrintWriter(System.out);,return null;,469,
org/apache/commons/cli/HelpFormatter.java,300,NullifyObjectInitialization,protected Comparator<Option> optionComparator = new OptionComparator();,protected Comparator<Option> optionComparator = null;,470,
org/apache/commons/cli/HelpFormatter.java,378,NullifyObjectInitialization,final List<Option> optList = new ArrayList<>(group.getOptions());,final List<Option> optList = null;,471,
org/apache/commons/cli/HelpFormatter.java,416,NullifyObjectInitialization,final List<StringBuilder> prefixList = new ArrayList<>();,final List<StringBuilder> prefixList = null;,472,
org/apache/commons/cli/HelpFormatter.java,422,NullifyObjectInitialization,final StringBuilder optBuf = new StringBuilder();,final StringBuilder optBuf = null;,473,
org/apache/commons/cli/HelpFormatter.java,447,NullifyObjectInitialization,final StringBuilder optHeader = new StringBuilder(HEADER_OPTIONS).append(createPadding(max - maxSince - HEADER_OPTIONS.length() + leftPad)),final StringBuilder optHeader = null.append(createPadding(max - maxSince - HEADER_OPTIONS.length() + leftPad)),474,
org/apache/commons/cli/HelpFormatter.java,457,NullifyObjectInitialization,final StringBuilder optBuf = new StringBuilder(prefixList.get(x++).toString());,final StringBuilder optBuf = null;,475,
org/apache/commons/cli/HelpFormatter.java,530,NullifyObjectInitialization,return new String(padding);,return null;,476,
org/apache/commons/cli/HelpFormatter.java,698,NullifyObjectInitialization,final PrintWriter pw = new PrintWriter(printWriter);,final PrintWriter pw = null;,477,
org/apache/commons/cli/HelpFormatter.java,739,NullifyObjectInitialization,"throw new IllegalArgumentException(""cmdLineSyntax not provided"");",throw null;,478,
org/apache/commons/cli/HelpFormatter.java,817,NullifyObjectInitialization,"pw.println(appendOptions(new StringBuilder(), width, options, leftPad, descPad));","pw.println(appendOptions(null, width, options, leftPad, descPad));",479,
org/apache/commons/cli/HelpFormatter.java,820,NullifyObjectInitialization,throw new UncheckedIOException(e);,throw null;,480,
org/apache/commons/cli/HelpFormatter.java,846,NullifyObjectInitialization,final StringBuilder buff = new StringBuilder(getSyntaxPrefix()).append(app).append(Char.SP);,final StringBuilder buff = null.append(app).append(Char.SP);,481,
org/apache/commons/cli/HelpFormatter.java,848,NullifyObjectInitialization,final Collection<OptionGroup> processedGroups = new ArrayList<>();,final Collection<OptionGroup> processedGroups = null;,482,
org/apache/commons/cli/HelpFormatter.java,849,NullifyObjectInitialization,final List<Option> optList = new ArrayList<>(options.getOptions());,final List<Option> optList = null;,483,
org/apache/commons/cli/HelpFormatter.java,893,NullifyObjectInitialization,"pw.println(renderWrappedTextBlock(new StringBuilder(text.length()), width, nextLineTabStop, text));","pw.println(renderWrappedTextBlock(null, width, nextLineTabStop, text));",484,
org/apache/commons/cli/HelpFormatter.java,923,NullifyObjectInitialization,throw new UncheckedIOException(e);,throw null;,485,
org/apache/commons/cli/HelpFormatter.java,942,NullifyObjectInitialization,throw new UncheckedIOException(e);,throw null;,486,
org/apache/commons/cli/HelpFormatter.java,957,NullifyObjectInitialization,final BufferedReader in = new BufferedReader(new StringReader(text));,final BufferedReader in = null;,487,
org/apache/commons/cli/HelpFormatter.java,957,NullifyObjectInitialization,final BufferedReader in = new BufferedReader(new StringReader(text));,final BufferedReader in = new BufferedReader(null);,488,
org/apache/commons/cli/HelpFormatter.java,99,NullifyReturnValue,"return new HelpFormatter(deprecatedFormatFunction, printStream, showSince);",return null;,489,
org/apache/commons/cli/HelpFormatter.java,110,NullifyReturnValue,return this;,return null;,490,
org/apache/commons/cli/HelpFormatter.java,120,NullifyReturnValue,return setShowDeprecated(useDefaultFormat ? DEFAULT_DEPRECATED_FORMAT : null);,return null;,491,
org/apache/commons/cli/HelpFormatter.java,132,NullifyReturnValue,return this;,return null;,492,
org/apache/commons/cli/HelpFormatter.java,143,NullifyReturnValue,return this;,return null;,493,
org/apache/commons/cli/HelpFormatter.java,213,NullifyReturnValue,return new Builder();,return null;,494,
org/apache/commons/cli/HelpFormatter.java,217,NullifyReturnValue,return new PrintWriter(System.out);,return null;,495,
org/apache/commons/cli/HelpFormatter.java,228,NullifyReturnValue,"return desc == null ? """" : desc;",return null;,496,
org/apache/commons/cli/HelpFormatter.java,477,NullifyReturnValue,return sb;,return null;,497,
org/apache/commons/cli/HelpFormatter.java,497,NullifyReturnValue,return appendable;,return null;,498,
org/apache/commons/cli/HelpFormatter.java,511,NullifyReturnValue,return appendable;,return null;,499,
org/apache/commons/cli/HelpFormatter.java,530,NullifyReturnValue,return new String(padding);,return null;,500,
org/apache/commons/cli/HelpFormatter.java,584,NullifyReturnValue,return defaultArgName;,return null;,501,
org/apache/commons/cli/HelpFormatter.java,611,NullifyReturnValue,return defaultLongOptPrefix;,return null;,502,
org/apache/commons/cli/HelpFormatter.java,621,NullifyReturnValue,return longOptSeparator;,return null;,503,
org/apache/commons/cli/HelpFormatter.java,630,NullifyReturnValue,return defaultNewLine;,return null;,504,
org/apache/commons/cli/HelpFormatter.java,641,NullifyReturnValue,return optionComparator;,return null;,505,
org/apache/commons/cli/HelpFormatter.java,650,NullifyReturnValue,return defaultOptPrefix;,return null;,506,
org/apache/commons/cli/HelpFormatter.java,659,NullifyReturnValue,return defaultSyntaxPrefix;,return null;,507,
org/apache/commons/cli/HelpFormatter.java,920,NullifyReturnValue,"return appendOptions(sb, width, options, leftPad, descPad);",return null;,508,
org/apache/commons/cli/HelpFormatter.java,939,NullifyReturnValue,"return appendWrappedText(sb, width, nextLineTabStop, text);",return null;,509,
org/apache/commons/cli/HelpFormatter.java,971,NullifyReturnValue,return appendable;,return null;,510,
org/apache/commons/cli/HelpFormatter.java,982,NullifyReturnValue,return s;,return null;,511,
org/apache/commons/cli/HelpFormatter.java,988,NullifyReturnValue,"return s.substring(0, pos);",return null;,512,
org/apache/commons/cli/HelpFormatter.java,228,RelationalOperatorReplacement,"return desc == null ? """" : desc;","return desc != null ? """" : desc;",513,
org/apache/commons/cli/HelpFormatter.java,350,RelationalOperatorReplacement,if (option.getOpt() != null) {,if (option.getOpt() == null) {,514,
org/apache/commons/cli/HelpFormatter.java,356,RelationalOperatorReplacement,if (option.hasArg() && (option.getArgName() == null || !option.getArgName().isEmpty())) {,if (option.hasArg() && (option.getArgName() != null || !option.getArgName().isEmpty())) {,515,
org/apache/commons/cli/HelpFormatter.java,357,RelationalOperatorReplacement,"buff.append(option.getOpt() == null ? longOptSeparator : "" "");","buff.append(option.getOpt() != null ? longOptSeparator : "" "");",516,
org/apache/commons/cli/HelpFormatter.java,358,RelationalOperatorReplacement,"buff.append(""<"").append(option.getArgName() != null ? option.getArgName() : getArgName()).append("">"");","buff.append(""<"").append(option.getArgName() == null ? option.getArgName() : getArgName()).append("">"");",517,
org/apache/commons/cli/HelpFormatter.java,379,RelationalOperatorReplacement,if (getOptionComparator() != null) {,if (getOptionComparator() == null) {,518,
org/apache/commons/cli/HelpFormatter.java,418,RelationalOperatorReplacement,if (getOptionComparator() != null) {,if (getOptionComparator() == null) {,519,
org/apache/commons/cli/HelpFormatter.java,423,RelationalOperatorReplacement,if (option.getOpt() == null) {,if (option.getOpt() != null) {,520,
org/apache/commons/cli/HelpFormatter.java,433,RelationalOperatorReplacement,if (argName != null && argName.isEmpty()) {,if (argName == null && argName.isEmpty()) {,521,
org/apache/commons/cli/HelpFormatter.java,438,RelationalOperatorReplacement,"optBuf.append(""<"").append(argName != null ? option.getArgName() : getArgName()).append("">"");","optBuf.append(""<"").append(argName == null ? option.getArgName() : getArgName()).append("">"");",522,
org/apache/commons/cli/HelpFormatter.java,458,RelationalOperatorReplacement,if (optBuf.length() < max) {,if (optBuf.length() <= max) {,523,
org/apache/commons/cli/HelpFormatter.java,461,RelationalOperatorReplacement,"optBuf.append(lpad).append(option.getSince() == null ? ""-"" : option.getSince());","optBuf.append(lpad).append(option.getSince() != null ? ""-"" : option.getSince());",524,
org/apache/commons/cli/HelpFormatter.java,467,RelationalOperatorReplacement,if (deprecatedFormatFunction != null && option.isDeprecated()) {,if (deprecatedFormatFunction == null && option.isDeprecated()) {,525,
org/apache/commons/cli/HelpFormatter.java,469,RelationalOperatorReplacement,} else if (option.getDescription() != null) {,} else if (option.getDescription() == null) {,526,
org/apache/commons/cli/HelpFormatter.java,495,RelationalOperatorReplacement,if (pos == -1) {,if (pos != -1) {,527,
org/apache/commons/cli/HelpFormatter.java,500,RelationalOperatorReplacement,if (nextLineTabStopPos >= width) {,if (nextLineTabStopPos > width) {,528,
org/apache/commons/cli/HelpFormatter.java,509,RelationalOperatorReplacement,if (pos == -1) {,if (pos != -1) {,529,
org/apache/commons/cli/HelpFormatter.java,513,RelationalOperatorReplacement,if (render.length() > width && pos == nextLineTabStopPos - 1) {,if (render.length() >= width && pos == nextLineTabStopPos - 1) {,530,
org/apache/commons/cli/HelpFormatter.java,513,RelationalOperatorReplacement,if (render.length() > width && pos == nextLineTabStopPos - 1) {,if (render.length() > width && pos != nextLineTabStopPos - 1) {,531,
org/apache/commons/cli/HelpFormatter.java,535,RelationalOperatorReplacement,final int len = options.getOptions().stream().map(o -> o.getSince() == null ? minLen : o.getSince().length()).max(Integer::compareTo).orElse(minLen);,final int len = options.getOptions().stream().map(o -> o.getSince() != null ? minLen : o.getSince().length()).max(Integer::compareTo).orElse(minLen);,532,
org/apache/commons/cli/HelpFormatter.java,536,RelationalOperatorReplacement,return len < minLen ? minLen : len;,return len <= minLen ? minLen : len;,533,
org/apache/commons/cli/HelpFormatter.java,552,RelationalOperatorReplacement,if (pos != -1 && pos <= width) {,if (pos == -1 && pos <= width) {,534,
org/apache/commons/cli/HelpFormatter.java,552,RelationalOperatorReplacement,if (pos != -1 && pos <= width) {,if (pos != -1 && pos < width) {,535,
org/apache/commons/cli/HelpFormatter.java,556,RelationalOperatorReplacement,if (pos != -1 && pos <= width) {,if (pos == -1 && pos <= width) {,536,
org/apache/commons/cli/HelpFormatter.java,556,RelationalOperatorReplacement,if (pos != -1 && pos <= width) {,if (pos != -1 && pos < width) {,537,
org/apache/commons/cli/HelpFormatter.java,559,RelationalOperatorReplacement,if (startPos + width >= text.length()) {,if (startPos + width > text.length()) {,538,
org/apache/commons/cli/HelpFormatter.java,563,RelationalOperatorReplacement,for (pos = startPos + width; pos >= startPos; --pos) {,for (pos = startPos + width; pos > startPos; --pos) {,539,
org/apache/commons/cli/HelpFormatter.java,565,RelationalOperatorReplacement,if (c == Char.SP || c == Char.LF || c == Char.CR) {,if (c != Char.SP || c == Char.LF || c == Char.CR) {,540,
org/apache/commons/cli/HelpFormatter.java,565,RelationalOperatorReplacement,if (c == Char.SP || c == Char.LF || c == Char.CR) {,if (c == Char.SP || c != Char.LF || c == Char.CR) {,541,
org/apache/commons/cli/HelpFormatter.java,565,RelationalOperatorReplacement,if (c == Char.SP || c == Char.LF || c == Char.CR) {,if (c == Char.SP || c == Char.LF || c != Char.CR) {,542,
org/apache/commons/cli/HelpFormatter.java,570,RelationalOperatorReplacement,if (pos > startPos) {,if (pos >= startPos) {,543,
org/apache/commons/cli/HelpFormatter.java,575,RelationalOperatorReplacement,return pos == text.length() ? -1 : pos;,return pos != text.length() ? -1 : pos;,544,
org/apache/commons/cli/HelpFormatter.java,746,RelationalOperatorReplacement,if (header != null && !header.isEmpty()) {,if (header == null && !header.isEmpty()) {,545,
org/apache/commons/cli/HelpFormatter.java,750,RelationalOperatorReplacement,if (footer != null && !footer.isEmpty()) {,if (footer == null && !footer.isEmpty()) {,546,
org/apache/commons/cli/HelpFormatter.java,850,RelationalOperatorReplacement,if (getOptionComparator() != null) {,if (getOptionComparator() == null) {,547,
org/apache/commons/cli/HelpFormatter.java,860,RelationalOperatorReplacement,if (group != null) {,if (group == null) {,548,
org/apache/commons/cli/HelpFormatter.java,960,RelationalOperatorReplacement,while ((line = in.readLine()) != null) {,while ((line = in.readLine()) == null) {,549,
org/apache/commons/cli/HelpFormatter.java,985,RelationalOperatorReplacement,while (pos > 0 && Character.isWhitespace(s.charAt(pos - 1))) {,while (pos >= 0 && Character.isWhitespace(s.charAt(pos - 1))) {,550,
org/apache/commons/cli/HelpFormatter.java,98,RemoveMethod,public HelpFormatter get() {,public HelpFormatter get() {,551,
org/apache/commons/cli/HelpFormatter.java,108,RemoveMethod,public Builder setPrintWriter(final PrintWriter printWriter) {,public Builder setPrintWriter(final PrintWriter printWriter) {,552,
org/apache/commons/cli/HelpFormatter.java,119,RemoveMethod,public Builder setShowDeprecated(final boolean useDefaultFormat) {,public Builder setShowDeprecated(final boolean useDefaultFormat) {,553,
org/apache/commons/cli/HelpFormatter.java,130,RemoveMethod,"public Builder setShowDeprecated(final Function<Option, String> deprecatedFormatFunction) {","public Builder setShowDeprecated(final Function<Option, String> deprecatedFormatFunction) {",554,
org/apache/commons/cli/HelpFormatter.java,141,RemoveMethod,public Builder setShowSince(final boolean showSince) {,public Builder setShowSince(final boolean showSince) {,555,
org/apache/commons/cli/HelpFormatter.java,165,RemoveMethod,"public int compare(final Option opt1, final Option opt2) {","public int compare(final Option opt1, final Option opt2) {",556,
org/apache/commons/cli/HelpFormatter.java,165,RemoveMethod,"public int compare(final Option opt1, final Option opt2) {","public int compare(final Option opt1, final Option opt2) {",557,
org/apache/commons/cli/HelpFormatter.java,212,RemoveMethod,public static Builder builder() {,public static Builder builder() {,558,
org/apache/commons/cli/HelpFormatter.java,216,RemoveMethod,private static PrintWriter createDefaultPrintWriter() {,private static PrintWriter createDefaultPrintWriter() {,559,
org/apache/commons/cli/HelpFormatter.java,226,RemoveMethod,public static String getDescription(final Option option) {,public static String getDescription(final Option option) {,560,
org/apache/commons/cli/HelpFormatter.java,226,RemoveMethod,public static String getDescription(final Option option) {,public static String getDescription(final Option option) {,561,
org/apache/commons/cli/HelpFormatter.java,346,RemoveMethod,"private void appendOption(final StringBuilder buff, final Option option, final boolean required) {","private void appendOption(final StringBuilder buff, final Option option, final boolean required) {",562,
org/apache/commons/cli/HelpFormatter.java,374,RemoveMethod,"private void appendOptionGroup(final StringBuilder buff, final OptionGroup group) {","private void appendOptionGroup(final StringBuilder buff, final OptionGroup group) {",563,
org/apache/commons/cli/HelpFormatter.java,407,RemoveMethod,"<A extends Appendable> A appendOptions(final A sb, final int width, final Options options, final int leftPad, final int descPad) throws IOException {","<A extends Appendable> A appendOptions(final A sb, final int width, final Options options, final int leftPad, final int descPad) throws IOException {",564,
org/apache/commons/cli/HelpFormatter.java,491,RemoveMethod,"<A extends Appendable> A appendWrappedText(final A appendable, final int width, final int nextLineTabStop, final String text) throws IOException {","<A extends Appendable> A appendWrappedText(final A appendable, final int width, final int nextLineTabStop, final String text) throws IOException {",565,
org/apache/commons/cli/HelpFormatter.java,527,RemoveMethod,protected String createPadding(final int len) {,protected String createPadding(final int len) {,566,
org/apache/commons/cli/HelpFormatter.java,527,RemoveMethod,protected String createPadding(final int len) {,protected String createPadding(final int len) {,567,
org/apache/commons/cli/HelpFormatter.java,533,RemoveMethod,private int determineMaxSinceLength(final Options options) {,private int determineMaxSinceLength(final Options options) {,568,
org/apache/commons/cli/HelpFormatter.java,533,RemoveMethod,private int determineMaxSinceLength(final Options options) {,private int determineMaxSinceLength(final Options options) {,569,
org/apache/commons/cli/HelpFormatter.java,549,RemoveMethod,"protected int findWrapPos(final String text, final int width, final int startPos) {","protected int findWrapPos(final String text, final int width, final int startPos) {",570,
org/apache/commons/cli/HelpFormatter.java,549,RemoveMethod,"protected int findWrapPos(final String text, final int width, final int startPos) {","protected int findWrapPos(final String text, final int width, final int startPos) {",571,
org/apache/commons/cli/HelpFormatter.java,583,RemoveMethod,public String getArgName() {,public String getArgName() {,572,
org/apache/commons/cli/HelpFormatter.java,583,RemoveMethod,public String getArgName() {,public String getArgName() {,573,
org/apache/commons/cli/HelpFormatter.java,592,RemoveMethod,public int getDescPadding() {,public int getDescPadding() {,574,
org/apache/commons/cli/HelpFormatter.java,592,RemoveMethod,public int getDescPadding() {,public int getDescPadding() {,575,
org/apache/commons/cli/HelpFormatter.java,601,RemoveMethod,public int getLeftPadding() {,public int getLeftPadding() {,576,
org/apache/commons/cli/HelpFormatter.java,601,RemoveMethod,public int getLeftPadding() {,public int getLeftPadding() {,577,
org/apache/commons/cli/HelpFormatter.java,610,RemoveMethod,public String getLongOptPrefix() {,public String getLongOptPrefix() {,578,
org/apache/commons/cli/HelpFormatter.java,610,RemoveMethod,public String getLongOptPrefix() {,public String getLongOptPrefix() {,579,
org/apache/commons/cli/HelpFormatter.java,620,RemoveMethod,public String getLongOptSeparator() {,public String getLongOptSeparator() {,580,
org/apache/commons/cli/HelpFormatter.java,620,RemoveMethod,public String getLongOptSeparator() {,public String getLongOptSeparator() {,581,
org/apache/commons/cli/HelpFormatter.java,629,RemoveMethod,public String getNewLine() {,public String getNewLine() {,582,
org/apache/commons/cli/HelpFormatter.java,629,RemoveMethod,public String getNewLine() {,public String getNewLine() {,583,
org/apache/commons/cli/HelpFormatter.java,640,RemoveMethod,public Comparator<Option> getOptionComparator() {,public Comparator<Option> getOptionComparator() {,584,
org/apache/commons/cli/HelpFormatter.java,649,RemoveMethod,public String getOptPrefix() {,public String getOptPrefix() {,585,
org/apache/commons/cli/HelpFormatter.java,649,RemoveMethod,public String getOptPrefix() {,public String getOptPrefix() {,586,
org/apache/commons/cli/HelpFormatter.java,658,RemoveMethod,public String getSyntaxPrefix() {,public String getSyntaxPrefix() {,587,
org/apache/commons/cli/HelpFormatter.java,658,RemoveMethod,public String getSyntaxPrefix() {,public String getSyntaxPrefix() {,588,
org/apache/commons/cli/HelpFormatter.java,667,RemoveMethod,public int getWidth() {,public int getWidth() {,589,
org/apache/commons/cli/HelpFormatter.java,667,RemoveMethod,public int getWidth() {,public int getWidth() {,590,
org/apache/commons/cli/HelpFormatter.java,681,RemoveMethod,"public void printHelp(final int width, final String cmdLineSyntax, final String header, final Options options, final String footer) {","public void printHelp(final int width, final String cmdLineSyntax, final String header, final Options options, final String footer) {",591,
org/apache/commons/cli/HelpFormatter.java,697,RemoveMethod,final boolean autoUsage) {,final boolean autoUsage) {,592,
org/apache/commons/cli/HelpFormatter.java,718,RemoveMethod,"final int descPad, final String footer) {","final int descPad, final String footer) {",593,
org/apache/commons/cli/HelpFormatter.java,737,RemoveMethod,"final int descPad, final String footer, final boolean autoUsage) {","final int descPad, final String footer, final boolean autoUsage) {",594,
org/apache/commons/cli/HelpFormatter.java,762,RemoveMethod,"public void printHelp(final String cmdLineSyntax, final Options options) {","public void printHelp(final String cmdLineSyntax, final Options options) {",595,
org/apache/commons/cli/HelpFormatter.java,774,RemoveMethod,"public void printHelp(final String cmdLineSyntax, final Options options, final boolean autoUsage) {","public void printHelp(final String cmdLineSyntax, final Options options, final boolean autoUsage) {",596,
org/apache/commons/cli/HelpFormatter.java,787,RemoveMethod,"public void printHelp(final String cmdLineSyntax, final String header, final Options options, final String footer) {","public void printHelp(final String cmdLineSyntax, final String header, final Options options, final String footer) {",597,
org/apache/commons/cli/HelpFormatter.java,801,RemoveMethod,"public void printHelp(final String cmdLineSyntax, final String header, final Options options, final String footer, final boolean autoUsage) {","public void printHelp(final String cmdLineSyntax, final String header, final Options options, final String footer, final boolean autoUsage) {",598,
org/apache/commons/cli/HelpFormatter.java,815,RemoveMethod,"public void printOptions(final PrintWriter pw, final int width, final Options options, final int leftPad, final int descPad) {","public void printOptions(final PrintWriter pw, final int width, final Options options, final int leftPad, final int descPad) {",599,
org/apache/commons/cli/HelpFormatter.java,831,RemoveMethod,"public void printUsage(final PrintWriter pw, final int width, final String cmdLineSyntax) {","public void printUsage(final PrintWriter pw, final int width, final String cmdLineSyntax) {",600,
org/apache/commons/cli/HelpFormatter.java,844,RemoveMethod,"public void printUsage(final PrintWriter pw, final int width, final String app, final Options options) {","public void printUsage(final PrintWriter pw, final int width, final String app, final Options options) {",601,
org/apache/commons/cli/HelpFormatter.java,892,RemoveMethod,"public void printWrapped(final PrintWriter pw, final int width, final int nextLineTabStop, final String text) {","public void printWrapped(final PrintWriter pw, final int width, final int nextLineTabStop, final String text) {",602,
org/apache/commons/cli/HelpFormatter.java,903,RemoveMethod,"public void printWrapped(final PrintWriter pw, final int width, final String text) {","public void printWrapped(final PrintWriter pw, final int width, final String text) {",603,
org/apache/commons/cli/HelpFormatter.java,918,RemoveMethod,"protected StringBuffer renderOptions(final StringBuffer sb, final int width, final Options options, final int leftPad, final int descPad) {","protected StringBuffer renderOptions(final StringBuffer sb, final int width, final Options options, final int leftPad, final int descPad) {",604,
org/apache/commons/cli/HelpFormatter.java,937,RemoveMethod,"protected StringBuffer renderWrappedText(final StringBuffer sb, final int width, final int nextLineTabStop, final String text) {","protected StringBuffer renderWrappedText(final StringBuffer sb, final int width, final int nextLineTabStop, final String text) {",605,
org/apache/commons/cli/HelpFormatter.java,955,RemoveMethod,"private <A extends Appendable> A renderWrappedTextBlock(final A appendable, final int width, final int nextLineTabStop, final String text) {","private <A extends Appendable> A renderWrappedTextBlock(final A appendable, final int width, final int nextLineTabStop, final String text) {",606,
org/apache/commons/cli/HelpFormatter.java,980,RemoveMethod,protected String rtrim(final String s) {,protected String rtrim(final String s) {,607,
org/apache/commons/cli/HelpFormatter.java,980,RemoveMethod,protected String rtrim(final String s) {,protected String rtrim(final String s) {,608,
org/apache/commons/cli/HelpFormatter.java,996,RemoveMethod,public void setArgName(final String name) {,public void setArgName(final String name) {,609,
org/apache/commons/cli/HelpFormatter.java,1005,RemoveMethod,public void setDescPadding(final int padding) {,public void setDescPadding(final int padding) {,610,
org/apache/commons/cli/HelpFormatter.java,1014,RemoveMethod,public void setLeftPadding(final int padding) {,public void setLeftPadding(final int padding) {,611,
org/apache/commons/cli/HelpFormatter.java,1023,RemoveMethod,public void setLongOptPrefix(final String prefix) {,public void setLongOptPrefix(final String prefix) {,612,
org/apache/commons/cli/HelpFormatter.java,1034,RemoveMethod,public void setLongOptSeparator(final String longOptSeparator) {,public void setLongOptSeparator(final String longOptSeparator) {,613,
org/apache/commons/cli/HelpFormatter.java,1043,RemoveMethod,public void setNewLine(final String newline) {,public void setNewLine(final String newline) {,614,
org/apache/commons/cli/HelpFormatter.java,1054,RemoveMethod,public void setOptionComparator(final Comparator<Option> comparator) {,public void setOptionComparator(final Comparator<Option> comparator) {,615,
org/apache/commons/cli/HelpFormatter.java,1063,RemoveMethod,public void setOptPrefix(final String prefix) {,public void setOptPrefix(final String prefix) {,616,
org/apache/commons/cli/HelpFormatter.java,1072,RemoveMethod,public void setSyntaxPrefix(final String prefix) {,public void setSyntaxPrefix(final String prefix) {,617,
org/apache/commons/cli/HelpFormatter.java,1081,RemoveMethod,public void setWidth(final int width) {,public void setWidth(final int width) {,618,
org/apache/commons/cli/HelpFormatter.java,228,RemoveNullCheck,"return desc == null ? """" : desc;","return false ? """" : desc;",619,
org/apache/commons/cli/HelpFormatter.java,350,RemoveNullCheck,if (option.getOpt() != null) {,if (true) {,620,
org/apache/commons/cli/HelpFormatter.java,356,RemoveNullCheck,if (option.hasArg() && (option.getArgName() == null || !option.getArgName().isEmpty())) {,if (option.hasArg() && (false || !option.getArgName().isEmpty())) {,621,
org/apache/commons/cli/HelpFormatter.java,357,RemoveNullCheck,"buff.append(option.getOpt() == null ? longOptSeparator : "" "");","buff.append(false ? longOptSeparator : "" "");",622,
org/apache/commons/cli/HelpFormatter.java,358,RemoveNullCheck,"buff.append(""<"").append(option.getArgName() != null ? option.getArgName() : getArgName()).append("">"");","buff.append(""<"").append(true ? option.getArgName() : getArgName()).append("">"");",623,
org/apache/commons/cli/HelpFormatter.java,379,RemoveNullCheck,if (getOptionComparator() != null) {,if (true) {,624,
org/apache/commons/cli/HelpFormatter.java,418,RemoveNullCheck,if (getOptionComparator() != null) {,if (true) {,625,
org/apache/commons/cli/HelpFormatter.java,423,RemoveNullCheck,if (option.getOpt() == null) {,if (false) {,626,
org/apache/commons/cli/HelpFormatter.java,433,RemoveNullCheck,if (argName != null && argName.isEmpty()) {,if (true && argName.isEmpty()) {,627,
org/apache/commons/cli/HelpFormatter.java,438,RemoveNullCheck,"optBuf.append(""<"").append(argName != null ? option.getArgName() : getArgName()).append("">"");","optBuf.append(""<"").append(true ? option.getArgName() : getArgName()).append("">"");",628,
org/apache/commons/cli/HelpFormatter.java,461,RemoveNullCheck,"optBuf.append(lpad).append(option.getSince() == null ? ""-"" : option.getSince());","optBuf.append(lpad).append(false ? ""-"" : option.getSince());",629,
org/apache/commons/cli/HelpFormatter.java,467,RemoveNullCheck,if (deprecatedFormatFunction != null && option.isDeprecated()) {,if (true && option.isDeprecated()) {,630,
org/apache/commons/cli/HelpFormatter.java,469,RemoveNullCheck,} else if (option.getDescription() != null) {,} else if (true) {,631,
org/apache/commons/cli/HelpFormatter.java,535,RemoveNullCheck,final int len = options.getOptions().stream().map(o -> o.getSince() == null ? minLen : o.getSince().length()).max(Integer::compareTo).orElse(minLen);,final int len = options.getOptions().stream().map(o -> false ? minLen : o.getSince().length()).max(Integer::compareTo).orElse(minLen);,632,
org/apache/commons/cli/HelpFormatter.java,746,RemoveNullCheck,if (header != null && !header.isEmpty()) {,if (true && !header.isEmpty()) {,633,
org/apache/commons/cli/HelpFormatter.java,750,RemoveNullCheck,if (footer != null && !footer.isEmpty()) {,if (true && !footer.isEmpty()) {,634,
org/apache/commons/cli/HelpFormatter.java,850,RemoveNullCheck,if (getOptionComparator() != null) {,if (true) {,635,
org/apache/commons/cli/HelpFormatter.java,860,RemoveNullCheck,if (group != null) {,if (true) {,636,
org/apache/commons/cli/HelpFormatter.java,960,RemoveNullCheck,while ((line = in.readLine()) != null) {,while (true) {,637,
org/apache/commons/cli/MissingArgumentException.java,27,ArithmeticOperatorReplacementUnary,private static final long serialVersionUID = -7098538588704965017L;,private static final long serialVersionUID = +7098538588704965017L;,638,
org/apache/commons/cli/MissingArgumentException.java,59,NullifyReturnValue,return option;,return null;,639,
org/apache/commons/cli/MissingArgumentException.java,58,RemoveMethod,public Option getOption() {,public Option getOption() {,640,
org/apache/commons/cli/MissingOptionException.java,36,NullifyObjectInitialization,"final StringBuilder buf = new StringBuilder(""Missing required option"");",final StringBuilder buf = null;,641,
org/apache/commons/cli/MissingOptionException.java,48,NullifyReturnValue,return buf.toString();,return null;,642,
org/apache/commons/cli/MissingOptionException.java,82,NullifyReturnValue,return missingOptions;,return null;,643,
org/apache/commons/cli/MissingOptionException.java,37,RelationalOperatorReplacement,"buf.append(missingOptions.size() == 1 ? """" : ""s"");","buf.append(missingOptions.size() != 1 ? """" : ""s"");",644,
org/apache/commons/cli/MissingOptionException.java,35,RemoveMethod,private static String createMessage(final List<?> missingOptions) {,private static String createMessage(final List<?> missingOptions) {,645,
org/apache/commons/cli/MissingOptionException.java,35,RemoveMethod,private static String createMessage(final List<?> missingOptions) {,private static String createMessage(final List<?> missingOptions) {,646,
org/apache/commons/cli/MissingOptionException.java,81,RemoveMethod,public List getMissingOptions() {,public List getMissingOptions() {,647,
org/apache/commons/cli/Option.java,850,ArithmeticOperatorReplacementBinary,if (values.size() == argCount - 1) {,if (values.size() == argCount + 1) {,648,
org/apache/commons/cli/Option.java,856,ArithmeticOperatorReplacementBinary,add = add.substring(index + 1);,add = add.substring(index - 1);,649,
org/apache/commons/cli/Option.java,351,ArithmeticOperatorReplacementUnary,public static final int UNINITIALIZED = -1;,public static final int UNINITIALIZED = +1;,650,
org/apache/commons/cli/Option.java,354,ArithmeticOperatorReplacementUnary,public static final int UNLIMITED_VALUES = -2;,public static final int UNLIMITED_VALUES = +2;,651,
org/apache/commons/cli/Option.java,848,ArithmeticOperatorReplacementUnary,while (index != -1) {,while (index != +1) {,652,
org/apache/commons/cli/Option.java,506,ConditionalOperatorDeletion,if (!acceptsArg()) {,if ( acceptsArg()) {,653,
org/apache/commons/cli/Option.java,561,ConditionalOperatorDeletion,if (!(obj instanceof Option)) {,if ( (obj instanceof Option)) {,654,
org/apache/commons/cli/Option.java,757,ConditionalOperatorDeletion,return argName != null && !argName.isEmpty();,return argName != null && argName.isEmpty();,655,
org/apache/commons/cli/Option.java,979,ConditionalOperatorDeletion,if (!isDeprecated()) {,if ( isDeprecated()) {,656,
org/apache/commons/cli/Option.java,133,ConditionalOperatorReplacement,if (option == null && longOption == null) {,if (option == null || longOption == null) {,657,
org/apache/commons/cli/Option.java,260,ConditionalOperatorReplacement,if (optionalArg && argCount == UNINITIALIZED) {,if (optionalArg || argCount == UNINITIALIZED) {,658,
org/apache/commons/cli/Option.java,496,ConditionalOperatorReplacement,return (hasArg() || hasArgs() || hasOptionalArg()) && (argCount <= 0 || values.size() < argCount);,return (hasArg() && hasArgs() || hasOptionalArg()) && (argCount <= 0 || values.size() < argCount);,659,
org/apache/commons/cli/Option.java,496,ConditionalOperatorReplacement,return (hasArg() || hasArgs() || hasOptionalArg()) && (argCount <= 0 || values.size() < argCount);,return (hasArg() || hasArgs() && hasOptionalArg()) && (argCount <= 0 || values.size() < argCount);,660,
org/apache/commons/cli/Option.java,496,ConditionalOperatorReplacement,return (hasArg() || hasArgs() || hasOptionalArg()) && (argCount <= 0 || values.size() < argCount);,return (hasArg() || hasArgs() || hasOptionalArg()) || (argCount <= 0 || values.size() < argCount);,661,
org/apache/commons/cli/Option.java,496,ConditionalOperatorReplacement,return (hasArg() || hasArgs() || hasOptionalArg()) && (argCount <= 0 || values.size() < argCount);,return (hasArg() || hasArgs() || hasOptionalArg()) && (argCount <= 0 && values.size() < argCount);,662,
org/apache/commons/cli/Option.java,565,ConditionalOperatorReplacement,"return Objects.equals(longOption, other.longOption) && Objects.equals(option, other.option);","return Objects.equals(longOption, other.longOption) || Objects.equals(option, other.option);",663,
org/apache/commons/cli/Option.java,748,ConditionalOperatorReplacement,return argCount > 0 || argCount == UNLIMITED_VALUES;,return argCount > 0 && argCount == UNLIMITED_VALUES;,664,
org/apache/commons/cli/Option.java,757,ConditionalOperatorReplacement,return argName != null && !argName.isEmpty();,return argName != null || !argName.isEmpty();,665,
org/apache/commons/cli/Option.java,766,ConditionalOperatorReplacement,return argCount > 1 || argCount == UNLIMITED_VALUES;,return argCount > 1 && argCount == UNLIMITED_VALUES;,666,
org/apache/commons/cli/Option.java,134,NullifyObjectInitialization,"throw new IllegalArgumentException(""Either opt or longOpt must be specified"");",throw null;,667,
org/apache/commons/cli/Option.java,136,NullifyObjectInitialization,return new Option(this);,return null;,668,
org/apache/commons/cli/Option.java,375,NullifyObjectInitialization,return new Builder(option);,return null;,669,
org/apache/commons/cli/Option.java,417,NullifyObjectInitialization,private List<String> values = new ArrayList<>();,private List<String> values = null;,670,
org/apache/commons/cli/Option.java,507,NullifyObjectInitialization,"throw new IllegalArgumentException(""Cannot add value, list full."");",throw null;,671,
org/apache/commons/cli/Option.java,523,NullifyObjectInitialization,throw new UnsupportedOperationException(,throw null;,672,
org/apache/commons/cli/Option.java,549,NullifyObjectInitialization,option.values = new ArrayList<>(values);,option.values = null;,673,
org/apache/commons/cli/Option.java,552,NullifyObjectInitialization,"throw new UnsupportedOperationException(e.getMessage(), e);",throw null;,674,
org/apache/commons/cli/Option.java,838,NullifyObjectInitialization,"throw new IllegalArgumentException(""NO_ARGS_ALLOWED"");",throw null;,675,
org/apache/commons/cli/Option.java,983,NullifyObjectInitialization,final StringBuilder buf = new StringBuilder(),final StringBuilder buf = null,676,
org/apache/commons/cli/Option.java,1002,NullifyObjectInitialization,"final StringBuilder buf = new StringBuilder().append(""[ "");","final StringBuilder buf = null.append(""[ "");",677,
org/apache/commons/cli/Option.java,66,NullifyReturnValue,return type != null ? type : DEFAULT_TYPE;,return null;,678,
org/apache/commons/cli/Option.java,123,NullifyReturnValue,return this;,return null;,679,
org/apache/commons/cli/Option.java,136,NullifyReturnValue,return new Option(this);,return null;,680,
org/apache/commons/cli/Option.java,151,NullifyReturnValue,return this;,return null;,681,
org/apache/commons/cli/Option.java,161,NullifyReturnValue,return deprecated(DeprecatedAttributes.DEFAULT);,return null;,682,
org/apache/commons/cli/Option.java,173,NullifyReturnValue,return this;,return null;,683,
org/apache/commons/cli/Option.java,184,NullifyReturnValue,return this;,return null;,684,
org/apache/commons/cli/Option.java,193,NullifyReturnValue,return hasArg(true);,return null;,685,
org/apache/commons/cli/Option.java,205,NullifyReturnValue,return this;,return null;,686,
org/apache/commons/cli/Option.java,215,NullifyReturnValue,return this;,return null;,687,
org/apache/commons/cli/Option.java,226,NullifyReturnValue,return this;,return null;,688,
org/apache/commons/cli/Option.java,237,NullifyReturnValue,return this;,return null;,689,
org/apache/commons/cli/Option.java,250,NullifyReturnValue,return this;,return null;,690,
org/apache/commons/cli/Option.java,264,NullifyReturnValue,return this;,return null;,691,
org/apache/commons/cli/Option.java,273,NullifyReturnValue,return required(true);,return null;,692,
org/apache/commons/cli/Option.java,284,NullifyReturnValue,return this;,return null;,693,
org/apache/commons/cli/Option.java,294,NullifyReturnValue,return this;,return null;,694,
org/apache/commons/cli/Option.java,305,NullifyReturnValue,return this;,return null;,695,
org/apache/commons/cli/Option.java,314,NullifyReturnValue,return valueSeparator(Char.EQUAL);,return null;,696,
org/apache/commons/cli/Option.java,339,NullifyReturnValue,return this;,return null;,697,
org/apache/commons/cli/Option.java,363,NullifyReturnValue,return builder(null);,return null;,698,
org/apache/commons/cli/Option.java,375,NullifyReturnValue,return new Builder(option);,return null;,699,
org/apache/commons/cli/Option.java,550,NullifyReturnValue,return option;,return null;,700,
org/apache/commons/cli/Option.java,574,NullifyReturnValue,return argName;,return null;,701,
org/apache/commons/cli/Option.java,600,NullifyReturnValue,return converter == null ? TypeHandler.getDefault().getConverter(type) : converter;,return null;,702,
org/apache/commons/cli/Option.java,610,NullifyReturnValue,return deprecated;,return null;,703,
org/apache/commons/cli/Option.java,619,NullifyReturnValue,return description;,return null;,704,
org/apache/commons/cli/Option.java,639,NullifyReturnValue,return option == null ? longOption : option;,return null;,705,
org/apache/commons/cli/Option.java,648,NullifyReturnValue,return longOption;,return null;,706,
org/apache/commons/cli/Option.java,660,NullifyReturnValue,return option;,return null;,707,
org/apache/commons/cli/Option.java,668,NullifyReturnValue,return since;,return null;,708,
org/apache/commons/cli/Option.java,678,NullifyReturnValue,return type;,return null;,709,
org/apache/commons/cli/Option.java,687,NullifyReturnValue,return hasNoValues() ? null : values.get(0);,return null;,710,
org/apache/commons/cli/Option.java,700,NullifyReturnValue,return hasNoValues() ? null : values.get(index);,return null;,711,
org/apache/commons/cli/Option.java,712,NullifyReturnValue,return value != null ? value : defaultValue;,return null;,712,
org/apache/commons/cli/Option.java,721,NullifyReturnValue,return hasNoValues() ? null : values.toArray(EMPTY_STRING_ARRAY);,return null;,713,
org/apache/commons/cli/Option.java,739,NullifyReturnValue,return values;,return null;,714,
org/apache/commons/cli/Option.java,980,NullifyReturnValue,"return """";",return null;,715,
org/apache/commons/cli/Option.java,992,NullifyReturnValue,return buf.toString();,return null;,716,
org/apache/commons/cli/Option.java,1018,NullifyReturnValue,"return buf.append("" :: "")",return null;,717,
org/apache/commons/cli/Option.java,66,RelationalOperatorReplacement,return type != null ? type : DEFAULT_TYPE;,return type == null ? type : DEFAULT_TYPE;,718,
org/apache/commons/cli/Option.java,133,RelationalOperatorReplacement,if (option == null && longOption == null) {,if (option != null && longOption == null) {,719,
org/apache/commons/cli/Option.java,133,RelationalOperatorReplacement,if (option == null && longOption == null) {,if (option == null && longOption != null) {,720,
org/apache/commons/cli/Option.java,260,RelationalOperatorReplacement,if (optionalArg && argCount == UNINITIALIZED) {,if (optionalArg && argCount != UNINITIALIZED) {,721,
org/apache/commons/cli/Option.java,496,RelationalOperatorReplacement,return (hasArg() || hasArgs() || hasOptionalArg()) && (argCount <= 0 || values.size() < argCount);,return (hasArg() || hasArgs() || hasOptionalArg()) && (argCount < 0 || values.size() < argCount);,722,
org/apache/commons/cli/Option.java,496,RelationalOperatorReplacement,return (hasArg() || hasArgs() || hasOptionalArg()) && (argCount <= 0 || values.size() < argCount);,return (hasArg() || hasArgs() || hasOptionalArg()) && (argCount <= 0 || values.size() <= argCount);,723,
org/apache/commons/cli/Option.java,558,RelationalOperatorReplacement,if (this == obj) {,if (this != obj) {,724,
org/apache/commons/cli/Option.java,600,RelationalOperatorReplacement,return converter == null ? TypeHandler.getDefault().getConverter(type) : converter;,return converter != null ? TypeHandler.getDefault().getConverter(type) : converter;,725,
org/apache/commons/cli/Option.java,639,RelationalOperatorReplacement,return option == null ? longOption : option;,return option != null ? longOption : option;,726,
org/apache/commons/cli/Option.java,712,RelationalOperatorReplacement,return value != null ? value : defaultValue;,return value == null ? value : defaultValue;,727,
org/apache/commons/cli/Option.java,748,RelationalOperatorReplacement,return argCount > 0 || argCount == UNLIMITED_VALUES;,return argCount >= 0 || argCount == UNLIMITED_VALUES;,728,
org/apache/commons/cli/Option.java,748,RelationalOperatorReplacement,return argCount > 0 || argCount == UNLIMITED_VALUES;,return argCount > 0 || argCount != UNLIMITED_VALUES;,729,
org/apache/commons/cli/Option.java,757,RelationalOperatorReplacement,return argName != null && !argName.isEmpty();,return argName == null && !argName.isEmpty();,730,
org/apache/commons/cli/Option.java,766,RelationalOperatorReplacement,return argCount > 1 || argCount == UNLIMITED_VALUES;,return argCount >= 1 || argCount == UNLIMITED_VALUES;,731,
org/apache/commons/cli/Option.java,766,RelationalOperatorReplacement,return argCount > 1 || argCount == UNLIMITED_VALUES;,return argCount > 1 || argCount != UNLIMITED_VALUES;,732,
org/apache/commons/cli/Option.java,780,RelationalOperatorReplacement,return longOption != null;,return longOption == null;,733,
org/apache/commons/cli/Option.java,808,RelationalOperatorReplacement,return valueSeparator > 0;,return valueSeparator >= 0;,734,
org/apache/commons/cli/Option.java,818,RelationalOperatorReplacement,return deprecated != null;,return deprecated == null;,735,
org/apache/commons/cli/Option.java,837,RelationalOperatorReplacement,if (argCount == UNINITIALIZED) {,if (argCount != UNINITIALIZED) {,736,
org/apache/commons/cli/Option.java,848,RelationalOperatorReplacement,while (index != -1) {,while (index == -1) {,737,
org/apache/commons/cli/Option.java,850,RelationalOperatorReplacement,if (values.size() == argCount - 1) {,if (values.size() != argCount - 1) {,738,
org/apache/commons/cli/Option.java,874,RelationalOperatorReplacement,if (argCount == UNLIMITED_VALUES) {,if (argCount != UNLIMITED_VALUES) {,739,
org/apache/commons/cli/Option.java,988,RelationalOperatorReplacement,if (longOption != null) {,if (longOption == null) {,740,
org/apache/commons/cli/Option.java,1005,RelationalOperatorReplacement,if (longOption != null) {,if (longOption == null) {,741,
org/apache/commons/cli/Option.java,65,RemoveMethod,private static Class<?> toType(final Class<?> type) {,private static Class<?> toType(final Class<?> type) {,742,
org/apache/commons/cli/Option.java,121,RemoveMethod,public Builder argName(final String argName) {,public Builder argName(final String argName) {,743,
org/apache/commons/cli/Option.java,132,RemoveMethod,public Option build() {,public Option build() {,744,
org/apache/commons/cli/Option.java,149,RemoveMethod,"public Builder converter(final Converter<?, ?> converter) {","public Builder converter(final Converter<?, ?> converter) {",745,
org/apache/commons/cli/Option.java,160,RemoveMethod,public Builder deprecated() {,public Builder deprecated() {,746,
org/apache/commons/cli/Option.java,171,RemoveMethod,public Builder deprecated(final DeprecatedAttributes deprecated) {,public Builder deprecated(final DeprecatedAttributes deprecated) {,747,
org/apache/commons/cli/Option.java,182,RemoveMethod,public Builder desc(final String description) {,public Builder desc(final String description) {,748,
org/apache/commons/cli/Option.java,192,RemoveMethod,public Builder hasArg() {,public Builder hasArg() {,749,
org/apache/commons/cli/Option.java,202,RemoveMethod,public Builder hasArg(final boolean hasArg) {,public Builder hasArg(final boolean hasArg) {,750,
org/apache/commons/cli/Option.java,213,RemoveMethod,public Builder hasArgs() {,public Builder hasArgs() {,751,
org/apache/commons/cli/Option.java,224,RemoveMethod,public Builder longOpt(final String longOption) {,public Builder longOpt(final String longOption) {,752,
org/apache/commons/cli/Option.java,235,RemoveMethod,public Builder numberOfArgs(final int argCount) {,public Builder numberOfArgs(final int argCount) {,753,
org/apache/commons/cli/Option.java,248,RemoveMethod,public Builder option(final String option) throws IllegalArgumentException {,public Builder option(final String option) throws IllegalArgumentException {,754,
org/apache/commons/cli/Option.java,259,RemoveMethod,public Builder optionalArg(final boolean optionalArg) {,public Builder optionalArg(final boolean optionalArg) {,755,
org/apache/commons/cli/Option.java,272,RemoveMethod,public Builder required() {,public Builder required() {,756,
org/apache/commons/cli/Option.java,282,RemoveMethod,public Builder required(final boolean required) {,public Builder required(final boolean required) {,757,
org/apache/commons/cli/Option.java,292,RemoveMethod,public Builder since(final String since) {,public Builder since(final String since) {,758,
org/apache/commons/cli/Option.java,303,RemoveMethod,public Builder type(final Class<?> type) {,public Builder type(final Class<?> type) {,759,
org/apache/commons/cli/Option.java,313,RemoveMethod,public Builder valueSeparator() {,public Builder valueSeparator() {,760,
org/apache/commons/cli/Option.java,337,RemoveMethod,public Builder valueSeparator(final char valueSeparator) {,public Builder valueSeparator(final char valueSeparator) {,761,
org/apache/commons/cli/Option.java,362,RemoveMethod,public static Builder builder() {,public static Builder builder() {,762,
org/apache/commons/cli/Option.java,374,RemoveMethod,public static Builder builder(final String option) {,public static Builder builder(final String option) {,763,
org/apache/commons/cli/Option.java,495,RemoveMethod,boolean acceptsArg() {,boolean acceptsArg() {,764,
org/apache/commons/cli/Option.java,495,RemoveMethod,boolean acceptsArg() {,boolean acceptsArg() {,765,
org/apache/commons/cli/Option.java,505,RemoveMethod,private void add(final String value) {,private void add(final String value) {,766,
org/apache/commons/cli/Option.java,522,RemoveMethod,public boolean addValue(final String value) {,public boolean addValue(final String value) {,767,
org/apache/commons/cli/Option.java,522,RemoveMethod,public boolean addValue(final String value) {,public boolean addValue(final String value) {,768,
org/apache/commons/cli/Option.java,532,RemoveMethod,void clearValues() {,void clearValues() {,769,
org/apache/commons/cli/Option.java,546,RemoveMethod,public Object clone() {,public Object clone() {,770,
org/apache/commons/cli/Option.java,557,RemoveMethod,public boolean equals(final Object obj) {,public boolean equals(final Object obj) {,771,
org/apache/commons/cli/Option.java,557,RemoveMethod,public boolean equals(final Object obj) {,public boolean equals(final Object obj) {,772,
org/apache/commons/cli/Option.java,573,RemoveMethod,public String getArgName() {,public String getArgName() {,773,
org/apache/commons/cli/Option.java,573,RemoveMethod,public String getArgName() {,public String getArgName() {,774,
org/apache/commons/cli/Option.java,589,RemoveMethod,public int getArgs() {,public int getArgs() {,775,
org/apache/commons/cli/Option.java,589,RemoveMethod,public int getArgs() {,public int getArgs() {,776,
org/apache/commons/cli/Option.java,599,RemoveMethod,"public Converter<?, ?> getConverter() {","public Converter<?, ?> getConverter() {",777,
org/apache/commons/cli/Option.java,609,RemoveMethod,public DeprecatedAttributes getDeprecated() {,public DeprecatedAttributes getDeprecated() {,778,
org/apache/commons/cli/Option.java,618,RemoveMethod,public String getDescription() {,public String getDescription() {,779,
org/apache/commons/cli/Option.java,618,RemoveMethod,public String getDescription() {,public String getDescription() {,780,
org/apache/commons/cli/Option.java,627,RemoveMethod,public int getId() {,public int getId() {,781,
org/apache/commons/cli/Option.java,627,RemoveMethod,public int getId() {,public int getId() {,782,
org/apache/commons/cli/Option.java,637,RemoveMethod,public String getKey() {,public String getKey() {,783,
org/apache/commons/cli/Option.java,637,RemoveMethod,public String getKey() {,public String getKey() {,784,
org/apache/commons/cli/Option.java,647,RemoveMethod,public String getLongOpt() {,public String getLongOpt() {,785,
org/apache/commons/cli/Option.java,647,RemoveMethod,public String getLongOpt() {,public String getLongOpt() {,786,
org/apache/commons/cli/Option.java,659,RemoveMethod,public String getOpt() {,public String getOpt() {,787,
org/apache/commons/cli/Option.java,659,RemoveMethod,public String getOpt() {,public String getOpt() {,788,
org/apache/commons/cli/Option.java,667,RemoveMethod,public String getSince() {,public String getSince() {,789,
org/apache/commons/cli/Option.java,667,RemoveMethod,public String getSince() {,public String getSince() {,790,
org/apache/commons/cli/Option.java,677,RemoveMethod,public Object getType() {,public Object getType() {,791,
org/apache/commons/cli/Option.java,686,RemoveMethod,public String getValue() {,public String getValue() {,792,
org/apache/commons/cli/Option.java,686,RemoveMethod,public String getValue() {,public String getValue() {,793,
org/apache/commons/cli/Option.java,699,RemoveMethod,public String getValue(final int index) throws IndexOutOfBoundsException {,public String getValue(final int index) throws IndexOutOfBoundsException {,794,
org/apache/commons/cli/Option.java,699,RemoveMethod,public String getValue(final int index) throws IndexOutOfBoundsException {,public String getValue(final int index) throws IndexOutOfBoundsException {,795,
org/apache/commons/cli/Option.java,710,RemoveMethod,public String getValue(final String defaultValue) {,public String getValue(final String defaultValue) {,796,
org/apache/commons/cli/Option.java,710,RemoveMethod,public String getValue(final String defaultValue) {,public String getValue(final String defaultValue) {,797,
org/apache/commons/cli/Option.java,720,RemoveMethod,public String[] getValues() {,public String[] getValues() {,798,
org/apache/commons/cli/Option.java,729,RemoveMethod,public char getValueSeparator() {,public char getValueSeparator() {,799,
org/apache/commons/cli/Option.java,729,RemoveMethod,public char getValueSeparator() {,public char getValueSeparator() {,800,
org/apache/commons/cli/Option.java,738,RemoveMethod,public List<String> getValuesList() {,public List<String> getValuesList() {,801,
org/apache/commons/cli/Option.java,747,RemoveMethod,public boolean hasArg() {,public boolean hasArg() {,802,
org/apache/commons/cli/Option.java,747,RemoveMethod,public boolean hasArg() {,public boolean hasArg() {,803,
org/apache/commons/cli/Option.java,756,RemoveMethod,public boolean hasArgName() {,public boolean hasArgName() {,804,
org/apache/commons/cli/Option.java,756,RemoveMethod,public boolean hasArgName() {,public boolean hasArgName() {,805,
org/apache/commons/cli/Option.java,765,RemoveMethod,public boolean hasArgs() {,public boolean hasArgs() {,806,
org/apache/commons/cli/Option.java,765,RemoveMethod,public boolean hasArgs() {,public boolean hasArgs() {,807,
org/apache/commons/cli/Option.java,770,RemoveMethod,public int hashCode() {,public int hashCode() {,808,
org/apache/commons/cli/Option.java,770,RemoveMethod,public int hashCode() {,public int hashCode() {,809,
org/apache/commons/cli/Option.java,779,RemoveMethod,public boolean hasLongOpt() {,public boolean hasLongOpt() {,810,
org/apache/commons/cli/Option.java,779,RemoveMethod,public boolean hasLongOpt() {,public boolean hasLongOpt() {,811,
org/apache/commons/cli/Option.java,788,RemoveMethod,private boolean hasNoValues() {,private boolean hasNoValues() {,812,
org/apache/commons/cli/Option.java,788,RemoveMethod,private boolean hasNoValues() {,private boolean hasNoValues() {,813,
org/apache/commons/cli/Option.java,797,RemoveMethod,public boolean hasOptionalArg() {,public boolean hasOptionalArg() {,814,
org/apache/commons/cli/Option.java,797,RemoveMethod,public boolean hasOptionalArg() {,public boolean hasOptionalArg() {,815,
org/apache/commons/cli/Option.java,807,RemoveMethod,public boolean hasValueSeparator() {,public boolean hasValueSeparator() {,816,
org/apache/commons/cli/Option.java,807,RemoveMethod,public boolean hasValueSeparator() {,public boolean hasValueSeparator() {,817,
org/apache/commons/cli/Option.java,817,RemoveMethod,public boolean isDeprecated() {,public boolean isDeprecated() {,818,
org/apache/commons/cli/Option.java,817,RemoveMethod,public boolean isDeprecated() {,public boolean isDeprecated() {,819,
org/apache/commons/cli/Option.java,826,RemoveMethod,public boolean isRequired() {,public boolean isRequired() {,820,
org/apache/commons/cli/Option.java,826,RemoveMethod,public boolean isRequired() {,public boolean isRequired() {,821,
org/apache/commons/cli/Option.java,836,RemoveMethod,void processValue(final String value) {,void processValue(final String value) {,822,
org/apache/commons/cli/Option.java,870,RemoveMethod,boolean requiresArg() {,boolean requiresArg() {,823,
org/apache/commons/cli/Option.java,870,RemoveMethod,boolean requiresArg() {,boolean requiresArg() {,824,
org/apache/commons/cli/Option.java,885,RemoveMethod,public void setArgName(final String argName) {,public void setArgName(final String argName) {,825,
org/apache/commons/cli/Option.java,894,RemoveMethod,public void setArgs(final int num) {,public void setArgs(final int num) {,826,
org/apache/commons/cli/Option.java,904,RemoveMethod,"public void setConverter(final Converter<?, ?> converter) {","public void setConverter(final Converter<?, ?> converter) {",827,
org/apache/commons/cli/Option.java,914,RemoveMethod,public void setDescription(final String description) {,public void setDescription(final String description) {,828,
org/apache/commons/cli/Option.java,923,RemoveMethod,public void setLongOpt(final String longOpt) {,public void setLongOpt(final String longOpt) {,829,
org/apache/commons/cli/Option.java,932,RemoveMethod,public void setOptionalArg(final boolean optionalArg) {,public void setOptionalArg(final boolean optionalArg) {,830,
org/apache/commons/cli/Option.java,941,RemoveMethod,public void setRequired(final boolean required) {,public void setRequired(final boolean required) {,831,
org/apache/commons/cli/Option.java,951,RemoveMethod,public void setType(final Class<?> type) {,public void setType(final Class<?> type) {,832,
org/apache/commons/cli/Option.java,965,RemoveMethod,public void setType(final Object type) {,public void setType(final Object type) {,833,
org/apache/commons/cli/Option.java,974,RemoveMethod,public void setValueSeparator(final char valueSeparator) {,public void setValueSeparator(final char valueSeparator) {,834,
org/apache/commons/cli/Option.java,978,RemoveMethod,String toDeprecatedString() {,String toDeprecatedString() {,835,
org/apache/commons/cli/Option.java,978,RemoveMethod,String toDeprecatedString() {,String toDeprecatedString() {,836,
org/apache/commons/cli/Option.java,1001,RemoveMethod,public String toString() {,public String toString() {,837,
org/apache/commons/cli/Option.java,1001,RemoveMethod,public String toString() {,public String toString() {,838,
org/apache/commons/cli/Option.java,66,RemoveNullCheck,return type != null ? type : DEFAULT_TYPE;,return true ? type : DEFAULT_TYPE;,839,
org/apache/commons/cli/Option.java,133,RemoveNullCheck,if (option == null && longOption == null) {,if (false && longOption == null) {,840,
org/apache/commons/cli/Option.java,133,RemoveNullCheck,if (option == null && longOption == null) {,if (option == null && false) {,841,
org/apache/commons/cli/Option.java,600,RemoveNullCheck,return converter == null ? TypeHandler.getDefault().getConverter(type) : converter;,return false ? TypeHandler.getDefault().getConverter(type) : converter;,842,
org/apache/commons/cli/Option.java,639,RemoveNullCheck,return option == null ? longOption : option;,return false ? longOption : option;,843,
org/apache/commons/cli/Option.java,712,RemoveNullCheck,return value != null ? value : defaultValue;,return true ? value : defaultValue;,844,
org/apache/commons/cli/Option.java,757,RemoveNullCheck,return argName != null && !argName.isEmpty();,return true && !argName.isEmpty();,845,
org/apache/commons/cli/Option.java,780,RemoveNullCheck,return longOption != null;,return true;,846,
org/apache/commons/cli/Option.java,818,RemoveNullCheck,return deprecated != null;,return true;,847,
org/apache/commons/cli/Option.java,988,RemoveNullCheck,if (longOption != null) {,if (true) {,848,
org/apache/commons/cli/Option.java,1005,RemoveNullCheck,if (longOption != null) {,if (true) {,849,
org/apache/commons/cli/OptionBuilder.java,59,NullifyObjectInitialization,private static final OptionBuilder INSTANCE = new OptionBuilder();,private static final OptionBuilder INSTANCE = null;,850,
org/apache/commons/cli/OptionBuilder.java,75,NullifyObjectInitialization,"throw new IllegalArgumentException(""must specify longopt"");",throw null;,851,
org/apache/commons/cli/OptionBuilder.java,103,NullifyObjectInitialization,"option = new Option(opt, description);",option = null;,852,
org/apache/commons/cli/OptionBuilder.java,78,NullifyReturnValue,return create(null);,return null;,853,
org/apache/commons/cli/OptionBuilder.java,89,NullifyReturnValue,return create(String.valueOf(opt));,return null;,854,
org/apache/commons/cli/OptionBuilder.java,120,NullifyReturnValue,return option;,return null;,855,
org/apache/commons/cli/OptionBuilder.java,130,NullifyReturnValue,return INSTANCE;,return null;,856,
org/apache/commons/cli/OptionBuilder.java,141,NullifyReturnValue,return INSTANCE;,return null;,857,
org/apache/commons/cli/OptionBuilder.java,151,NullifyReturnValue,return INSTANCE;,return null;,858,
org/apache/commons/cli/OptionBuilder.java,162,NullifyReturnValue,return INSTANCE;,return null;,859,
org/apache/commons/cli/OptionBuilder.java,173,NullifyReturnValue,return INSTANCE;,return null;,860,
org/apache/commons/cli/OptionBuilder.java,184,NullifyReturnValue,return INSTANCE;,return null;,861,
org/apache/commons/cli/OptionBuilder.java,196,NullifyReturnValue,return INSTANCE;,return null;,862,
org/apache/commons/cli/OptionBuilder.java,206,NullifyReturnValue,return INSTANCE;,return null;,863,
org/apache/commons/cli/OptionBuilder.java,217,NullifyReturnValue,return INSTANCE;,return null;,864,
org/apache/commons/cli/OptionBuilder.java,242,NullifyReturnValue,return INSTANCE;,return null;,865,
org/apache/commons/cli/OptionBuilder.java,253,NullifyReturnValue,return INSTANCE;,return null;,866,
org/apache/commons/cli/OptionBuilder.java,264,NullifyReturnValue,return INSTANCE;,return null;,867,
org/apache/commons/cli/OptionBuilder.java,276,NullifyReturnValue,return INSTANCE;,return null;,868,
org/apache/commons/cli/OptionBuilder.java,291,NullifyReturnValue,return withType((Class<?>) newType);,return null;,869,
org/apache/commons/cli/OptionBuilder.java,311,NullifyReturnValue,return INSTANCE;,return null;,870,
org/apache/commons/cli/OptionBuilder.java,334,NullifyReturnValue,return INSTANCE;,return null;,871,
org/apache/commons/cli/OptionBuilder.java,73,RelationalOperatorReplacement,if (longOption == null) {,if (longOption != null) {,872,
org/apache/commons/cli/OptionBuilder.java,72,RemoveMethod,public static Option create() throws IllegalArgumentException {,public static Option create() throws IllegalArgumentException {,873,
org/apache/commons/cli/OptionBuilder.java,88,RemoveMethod,public static Option create(final char opt) throws IllegalArgumentException {,public static Option create(final char opt) throws IllegalArgumentException {,874,
org/apache/commons/cli/OptionBuilder.java,99,RemoveMethod,public static Option create(final String opt) throws IllegalArgumentException {,public static Option create(final String opt) throws IllegalArgumentException {,875,
org/apache/commons/cli/OptionBuilder.java,128,RemoveMethod,public static OptionBuilder hasArg() {,public static OptionBuilder hasArg() {,876,
org/apache/commons/cli/OptionBuilder.java,139,RemoveMethod,public static OptionBuilder hasArg(final boolean hasArg) {,public static OptionBuilder hasArg(final boolean hasArg) {,877,
org/apache/commons/cli/OptionBuilder.java,149,RemoveMethod,public static OptionBuilder hasArgs() {,public static OptionBuilder hasArgs() {,878,
org/apache/commons/cli/OptionBuilder.java,160,RemoveMethod,public static OptionBuilder hasArgs(final int num) {,public static OptionBuilder hasArgs(final int num) {,879,
org/apache/commons/cli/OptionBuilder.java,170,RemoveMethod,public static OptionBuilder hasOptionalArg() {,public static OptionBuilder hasOptionalArg() {,880,
org/apache/commons/cli/OptionBuilder.java,181,RemoveMethod,public static OptionBuilder hasOptionalArgs() {,public static OptionBuilder hasOptionalArgs() {,881,
org/apache/commons/cli/OptionBuilder.java,193,RemoveMethod,public static OptionBuilder hasOptionalArgs(final int numArgs) {,public static OptionBuilder hasOptionalArgs(final int numArgs) {,882,
org/apache/commons/cli/OptionBuilder.java,204,RemoveMethod,public static OptionBuilder isRequired() {,public static OptionBuilder isRequired() {,883,
org/apache/commons/cli/OptionBuilder.java,215,RemoveMethod,public static OptionBuilder isRequired(final boolean newRequired) {,public static OptionBuilder isRequired(final boolean newRequired) {,884,
org/apache/commons/cli/OptionBuilder.java,223,RemoveMethod,private static void reset() {,private static void reset() {,885,
org/apache/commons/cli/OptionBuilder.java,240,RemoveMethod,public static OptionBuilder withArgName(final String name) {,public static OptionBuilder withArgName(final String name) {,886,
org/apache/commons/cli/OptionBuilder.java,251,RemoveMethod,public static OptionBuilder withDescription(final String newDescription) {,public static OptionBuilder withDescription(final String newDescription) {,887,
org/apache/commons/cli/OptionBuilder.java,262,RemoveMethod,public static OptionBuilder withLongOpt(final String newLongopt) {,public static OptionBuilder withLongOpt(final String newLongopt) {,888,
org/apache/commons/cli/OptionBuilder.java,274,RemoveMethod,public static OptionBuilder withType(final Class<?> newType) {,public static OptionBuilder withType(final Class<?> newType) {,889,
org/apache/commons/cli/OptionBuilder.java,290,RemoveMethod,public static OptionBuilder withType(final Object newType) {,public static OptionBuilder withType(final Object newType) {,890,
org/apache/commons/cli/OptionBuilder.java,309,RemoveMethod,public static OptionBuilder withValueSeparator() {,public static OptionBuilder withValueSeparator() {,891,
org/apache/commons/cli/OptionBuilder.java,332,RemoveMethod,public static OptionBuilder withValueSeparator(final char sep) {,public static OptionBuilder withValueSeparator(final char sep) {,892,
org/apache/commons/cli/OptionBuilder.java,73,RemoveNullCheck,if (longOption == null) {,if (false) {,893,
org/apache/commons/cli/OptionGroup.java,131,ConditionalOperatorDeletion,if (selected != null && !selected.equals(option.getKey())) {,if (selected != null && selected.equals(option.getKey())) {,894,
org/apache/commons/cli/OptionGroup.java,131,ConditionalOperatorReplacement,if (selected != null && !selected.equals(option.getKey())) {,if (selected != null || !selected.equals(option.getKey())) {,895,
org/apache/commons/cli/OptionGroup.java,35,NullifyObjectInitialization,"private final Map<String, Option> optionMap = new LinkedHashMap<>();","private final Map<String, Option> optionMap = null;",896,
org/apache/commons/cli/OptionGroup.java,132,NullifyObjectInitialization,"throw new AlreadySelectedException(this, option);",throw null;,897,
org/apache/commons/cli/OptionGroup.java,144,NullifyObjectInitialization,final StringBuilder buff = new StringBuilder();,final StringBuilder buff = null;,898,
org/apache/commons/cli/OptionGroup.java,53,NullifyReturnValue,return this;,return null;,899,
org/apache/commons/cli/OptionGroup.java,63,NullifyReturnValue,return optionMap.keySet();,return null;,900,
org/apache/commons/cli/OptionGroup.java,73,NullifyReturnValue,return optionMap.values();,return null;,901,
org/apache/commons/cli/OptionGroup.java,83,NullifyReturnValue,return selected;,return null;,902,
org/apache/commons/cli/OptionGroup.java,167,NullifyReturnValue,return buff.toString();,return null;,903,
org/apache/commons/cli/OptionGroup.java,103,RelationalOperatorReplacement,return selected != null;,return selected == null;,904,
org/apache/commons/cli/OptionGroup.java,123,RelationalOperatorReplacement,if (option == null) {,if (option != null) {,905,
org/apache/commons/cli/OptionGroup.java,131,RelationalOperatorReplacement,if (selected != null && !selected.equals(option.getKey())) {,if (selected == null && !selected.equals(option.getKey())) {,906,
org/apache/commons/cli/OptionGroup.java,149,RelationalOperatorReplacement,if (option.getOpt() != null) {,if (option.getOpt() == null) {,907,
org/apache/commons/cli/OptionGroup.java,157,RelationalOperatorReplacement,if (option.getDescription() != null) {,if (option.getDescription() == null) {,908,
org/apache/commons/cli/OptionGroup.java,49,RemoveMethod,public OptionGroup addOption(final Option option) {,public OptionGroup addOption(final Option option) {,909,
org/apache/commons/cli/OptionGroup.java,61,RemoveMethod,public Collection<String> getNames() {,public Collection<String> getNames() {,910,
org/apache/commons/cli/OptionGroup.java,71,RemoveMethod,public Collection<Option> getOptions() {,public Collection<Option> getOptions() {,911,
org/apache/commons/cli/OptionGroup.java,82,RemoveMethod,public String getSelected() {,public String getSelected() {,912,
org/apache/commons/cli/OptionGroup.java,82,RemoveMethod,public String getSelected() {,public String getSelected() {,913,
org/apache/commons/cli/OptionGroup.java,91,RemoveMethod,public boolean isRequired() {,public boolean isRequired() {,914,
org/apache/commons/cli/OptionGroup.java,91,RemoveMethod,public boolean isRequired() {,public boolean isRequired() {,915,
org/apache/commons/cli/OptionGroup.java,102,RemoveMethod,public boolean isSelected() {,public boolean isSelected() {,916,
org/apache/commons/cli/OptionGroup.java,102,RemoveMethod,public boolean isSelected() {,public boolean isSelected() {,917,
org/apache/commons/cli/OptionGroup.java,111,RemoveMethod,public void setRequired(final boolean required) {,public void setRequired(final boolean required) {,918,
org/apache/commons/cli/OptionGroup.java,122,RemoveMethod,public void setSelected(final Option option) throws AlreadySelectedException {,public void setSelected(final Option option) throws AlreadySelectedException {,919,
org/apache/commons/cli/OptionGroup.java,143,RemoveMethod,public String toString() {,public String toString() {,920,
org/apache/commons/cli/OptionGroup.java,143,RemoveMethod,public String toString() {,public String toString() {,921,
org/apache/commons/cli/OptionGroup.java,103,RemoveNullCheck,return selected != null;,return true;,922,
org/apache/commons/cli/OptionGroup.java,123,RemoveNullCheck,if (option == null) {,if (false) {,923,
org/apache/commons/cli/OptionGroup.java,131,RemoveNullCheck,if (selected != null && !selected.equals(option.getKey())) {,if (true && !selected.equals(option.getKey())) {,924,
org/apache/commons/cli/OptionGroup.java,149,RemoveNullCheck,if (option.getOpt() != null) {,if (true) {,925,
org/apache/commons/cli/OptionGroup.java,157,RemoveNullCheck,if (option.getDescription() != null) {,if (true) {,926,
org/apache/commons/cli/OptionValidator.java,129,ArithmeticOperatorReplacementShortcut,for (int i = 1; i < chars.length; i++) {,for (int i = 1; i < chars.length; i--) {,927,
org/apache/commons/cli/OptionValidator.java,124,ConditionalOperatorDeletion,if (!isValidOpt(ch0)) {,if ( isValidOpt(ch0)) {,928,
org/apache/commons/cli/OptionValidator.java,131,ConditionalOperatorDeletion,if (!isValidChar(ch)) {,if ( isValidChar(ch)) {,929,
org/apache/commons/cli/OptionValidator.java,48,ConditionalOperatorReplacement,"return Character.isJavaIdentifierPart(c) || search(ADDITIONAL_LONG_CHARS, c);","return Character.isJavaIdentifierPart(c) && search(ADDITIONAL_LONG_CHARS, c);",930,
org/apache/commons/cli/OptionValidator.java,69,ConditionalOperatorReplacement,"return Character.isJavaIdentifierPart(c) || search(ADDITIONAL_OPTION_CHARS, c);","return Character.isJavaIdentifierPart(c) && search(ADDITIONAL_OPTION_CHARS, c);",931,
org/apache/commons/cli/OptionValidator.java,120,NullifyObjectInitialization,"throw new IllegalArgumentException(""Empty option name."");",throw null;,932,
org/apache/commons/cli/OptionValidator.java,125,NullifyObjectInitialization,"throw new IllegalArgumentException(String.format(""Illegal option name '%s'."", ch0));",throw null;,933,
org/apache/commons/cli/OptionValidator.java,132,NullifyObjectInitialization,"throw new IllegalArgumentException(String.format(""The option '%s' contains an illegal "" + ""character : '%s'."", option, ch));",throw null;,934,
org/apache/commons/cli/OptionValidator.java,117,NullifyReturnValue,return null;,return null;,935,
org/apache/commons/cli/OptionValidator.java,136,NullifyReturnValue,return option;,return null;,936,
org/apache/commons/cli/OptionValidator.java,80,RelationalOperatorReplacement,if (a == c) {,if (a != c) {,937,
org/apache/commons/cli/OptionValidator.java,116,RelationalOperatorReplacement,if (option == null) {,if (option != null) {,938,
org/apache/commons/cli/OptionValidator.java,128,RelationalOperatorReplacement,if (option.length() > 1) {,if (option.length() >= 1) {,939,
org/apache/commons/cli/OptionValidator.java,129,RelationalOperatorReplacement,for (int i = 1; i < chars.length; i++) {,for (int i = 1; i <= chars.length; i++) {,940,
org/apache/commons/cli/OptionValidator.java,47,RemoveMethod,private static boolean isValidChar(final char c) {,private static boolean isValidChar(final char c) {,941,
org/apache/commons/cli/OptionValidator.java,47,RemoveMethod,private static boolean isValidChar(final char c) {,private static boolean isValidChar(final char c) {,942,
org/apache/commons/cli/OptionValidator.java,68,RemoveMethod,private static boolean isValidOpt(final char c) {,private static boolean isValidOpt(final char c) {,943,
org/apache/commons/cli/OptionValidator.java,68,RemoveMethod,private static boolean isValidOpt(final char c) {,private static boolean isValidOpt(final char c) {,944,
org/apache/commons/cli/OptionValidator.java,78,RemoveMethod,"private static boolean search(final char[] chars, final char c) {","private static boolean search(final char[] chars, final char c) {",945,
org/apache/commons/cli/OptionValidator.java,78,RemoveMethod,"private static boolean search(final char[] chars, final char c) {","private static boolean search(final char[] chars, final char c) {",946,
org/apache/commons/cli/OptionValidator.java,114,RemoveMethod,static String validate(final String option) throws IllegalArgumentException {,static String validate(final String option) throws IllegalArgumentException {,947,
org/apache/commons/cli/OptionValidator.java,114,RemoveMethod,static String validate(final String option) throws IllegalArgumentException {,static String validate(final String option) throws IllegalArgumentException {,948,
org/apache/commons/cli/OptionValidator.java,116,RemoveNullCheck,if (option == null) {,if (false) {,949,
org/apache/commons/cli/Options.java,326,RemoveMethod,public String toString() {,public String toString() {,1000,
org/apache/commons/cli/Options.java,232,RemoveNullCheck,return option != null ? option : longOpts.get(clean);,return true ? option : longOpts.get(clean);,1001,
org/apache/commons/cli/Options.java,296,ConditionalOperatorReplacement,return shortOpts.containsKey(clean) || longOpts.containsKey(clean);,return shortOpts.containsKey(clean) && longOpts.containsKey(clean);,950,
org/apache/commons/cli/Options.java,46,NullifyObjectInitialization,"private final Map<String, Option> shortOpts = new LinkedHashMap<>();","private final Map<String, Option> shortOpts = null;",951,
org/apache/commons/cli/Options.java,49,NullifyObjectInitialization,"private final Map<String, Option> longOpts = new LinkedHashMap<>();","private final Map<String, Option> longOpts = null;",952,
org/apache/commons/cli/Options.java,54,NullifyObjectInitialization,private final List<Object> requiredOpts = new ArrayList<>();,private final List<Object> requiredOpts = null;,953,
org/apache/commons/cli/Options.java,57,NullifyObjectInitialization,"private final Map<String, OptionGroup> optionGroups = new LinkedHashMap<>();","private final Map<String, OptionGroup> optionGroups = null;",954,
org/apache/commons/cli/Options.java,127,NullifyObjectInitialization,"addOption(new Option(opt, longOpt, hasArg, description));",addOption(null);,955,
org/apache/commons/cli/Options.java,163,NullifyObjectInitialization,"throw new IllegalArgumentException(""Duplicate key: "" + opt.getKey());",throw null;,956,
org/apache/commons/cli/Options.java,192,NullifyObjectInitialization,"final Option option = new Option(opt, longOpt, hasArg, description);",final Option option = null;,957,
org/apache/commons/cli/Options.java,207,NullifyObjectInitialization,final List<String> matchingOpts = new ArrayList<>();,final List<String> matchingOpts = null;,958,
org/apache/commons/cli/Options.java,256,NullifyObjectInitialization,return new HashSet<>(optionGroups.values());,return null;,959,
org/apache/commons/cli/Options.java,317,NullifyObjectInitialization,return new ArrayList<>(shortOpts.values());,return null;,960,
org/apache/commons/cli/Options.java,327,NullifyObjectInitialization,final StringBuilder buf = new StringBuilder();,final StringBuilder buf = null;,961,
org/apache/commons/cli/Options.java,79,NullifyReturnValue,return this;,return null;,962,
org/apache/commons/cli/Options.java,95,NullifyReturnValue,return this;,return null;,963,
org/apache/commons/cli/Options.java,111,NullifyReturnValue,return this;,return null;,964,
org/apache/commons/cli/Options.java,128,NullifyReturnValue,return this;,return null;,965,
org/apache/commons/cli/Options.java,149,NullifyReturnValue,return this;,return null;,966,
org/apache/commons/cli/Options.java,168,NullifyReturnValue,return this;,return null;,967,
org/apache/commons/cli/Options.java,195,NullifyReturnValue,return this;,return null;,968,
org/apache/commons/cli/Options.java,210,NullifyReturnValue,return Collections.singletonList(clean);,return null;,969,
org/apache/commons/cli/Options.java,217,NullifyReturnValue,return matchingOpts;,return null;,970,
org/apache/commons/cli/Options.java,232,NullifyReturnValue,return option != null ? option : longOpts.get(clean);,return null;,971,
org/apache/commons/cli/Options.java,242,NullifyReturnValue,return optionGroups.get(opt.getKey());,return null;,972,
org/apache/commons/cli/Options.java,256,NullifyReturnValue,return new HashSet<>(optionGroups.values());,return null;,973,
org/apache/commons/cli/Options.java,265,NullifyReturnValue,return Collections.unmodifiableCollection(helpOptions());,return null;,974,
org/apache/commons/cli/Options.java,274,NullifyReturnValue,return Collections.unmodifiableList(requiredOpts);,return null;,975,
org/apache/commons/cli/Options.java,317,NullifyReturnValue,return new ArrayList<>(shortOpts.values());,return null;,976,
org/apache/commons/cli/Options.java,333,NullifyReturnValue,return buf.toString();,return null;,977,
org/apache/commons/cli/Options.java,232,RelationalOperatorReplacement,return option != null ? option : longOpts.get(clean);,return option == null ? option : longOpts.get(clean);,978,
org/apache/commons/cli/Options.java,65,RemoveMethod,public Options addOption(final Option opt) {,public Options addOption(final Option opt) {,979,
org/apache/commons/cli/Options.java,93,RemoveMethod,"public Options addOption(final String opt, final boolean hasArg, final String description) {","public Options addOption(final String opt, final boolean hasArg, final String description) {",980,
org/apache/commons/cli/Options.java,109,RemoveMethod,"public Options addOption(final String opt, final String description) {","public Options addOption(final String opt, final String description) {",981,
org/apache/commons/cli/Options.java,126,RemoveMethod,"public Options addOption(final String opt, final String longOpt, final boolean hasArg, final String description) {","public Options addOption(final String opt, final String longOpt, final boolean hasArg, final String description) {",982,
org/apache/commons/cli/Options.java,137,RemoveMethod,public Options addOptionGroup(final OptionGroup group) {,public Options addOptionGroup(final OptionGroup group) {,983,
org/apache/commons/cli/Options.java,160,RemoveMethod,public Options addOptions(final Options options) {,public Options addOptions(final Options options) {,984,
org/apache/commons/cli/Options.java,191,RemoveMethod,"public Options addRequiredOption(final String opt, final String longOpt, final boolean hasArg, final String description) {","public Options addRequiredOption(final String opt, final String longOpt, final boolean hasArg, final String description) {",985,
org/apache/commons/cli/Options.java,205,RemoveMethod,public List<String> getMatchingOptions(final String opt) {,public List<String> getMatchingOptions(final String opt) {,986,
org/apache/commons/cli/Options.java,229,RemoveMethod,public Option getOption(final String opt) {,public Option getOption(final String opt) {,987,
org/apache/commons/cli/Options.java,241,RemoveMethod,public OptionGroup getOptionGroup(final Option opt) {,public OptionGroup getOptionGroup(final Option opt) {,988,
org/apache/commons/cli/Options.java,250,RemoveMethod,Collection<OptionGroup> getOptionGroups() {,Collection<OptionGroup> getOptionGroups() {,989,
org/apache/commons/cli/Options.java,264,RemoveMethod,public Collection<Option> getOptions() {,public Collection<Option> getOptions() {,990,
org/apache/commons/cli/Options.java,273,RemoveMethod,public List<?> getRequiredOptions() {,public List<?> getRequiredOptions() {,991,
org/apache/commons/cli/Options.java,284,RemoveMethod,public boolean hasLongOption(final String opt) {,public boolean hasLongOption(final String opt) {,992,
org/apache/commons/cli/Options.java,284,RemoveMethod,public boolean hasLongOption(final String opt) {,public boolean hasLongOption(final String opt) {,993,
org/apache/commons/cli/Options.java,294,RemoveMethod,public boolean hasOption(final String opt) {,public boolean hasOption(final String opt) {,994,
org/apache/commons/cli/Options.java,294,RemoveMethod,public boolean hasOption(final String opt) {,public boolean hasOption(final String opt) {,995,
org/apache/commons/cli/Options.java,306,RemoveMethod,public boolean hasShortOption(final String opt) {,public boolean hasShortOption(final String opt) {,996,
org/apache/commons/cli/Options.java,306,RemoveMethod,public boolean hasShortOption(final String opt) {,public boolean hasShortOption(final String opt) {,997,
org/apache/commons/cli/Options.java,316,RemoveMethod,List<Option> helpOptions() {,List<Option> helpOptions() {,998,
org/apache/commons/cli/Options.java,326,RemoveMethod,public String toString() {,public String toString() {,999,
org/apache/commons/cli/ParseException.java,50,NullifyObjectInitialization,return new ParseException(e);,return null;,1002,
org/apache/commons/cli/ParseException.java,48,NullifyReturnValue,return (ParseException) e;,return null;,1003,
org/apache/commons/cli/ParseException.java,50,NullifyReturnValue,return new ParseException(e);,return null;,1004,
org/apache/commons/cli/ParseException.java,42,RemoveMethod,public static ParseException wrap(final Throwable e) throws UnsupportedOperationException {,public static ParseException wrap(final Throwable e) throws UnsupportedOperationException {,1005,
org/apache/commons/cli/Parser.java,50,ConditionalOperatorDeletion,if (!getRequiredOptions().isEmpty()) {,if ( getRequiredOptions().isEmpty()) {,1006,
org/apache/commons/cli/Parser.java,172,ConditionalOperatorDeletion,if (stopAtNonOption && !getOptions().hasOption(token)) {,if (stopAtNonOption && getOptions().hasOption(token)) {,1007,
org/apache/commons/cli/Parser.java,190,ConditionalOperatorDeletion,"if (!""--"".equals(str)) {","if ( ""--"".equals(str)) {",1008,
org/apache/commons/cli/Parser.java,227,ConditionalOperatorDeletion,if (opt.getValues() == null && !opt.hasOptionalArg()) {,if (opt.getValues() == null && opt.hasOptionalArg()) {,1009,
org/apache/commons/cli/Parser.java,243,ConditionalOperatorDeletion,if (!hasOption) {,if ( hasOption) {,1010,
org/apache/commons/cli/Parser.java,277,ConditionalOperatorDeletion,if (!cmd.hasOption(option) && !selected) {,if ( cmd.hasOption(option) && !selected) {,1011,
org/apache/commons/cli/Parser.java,277,ConditionalOperatorDeletion,if (!cmd.hasOption(option) && !selected) {,if (!cmd.hasOption(option) && selected) {,1012,
org/apache/commons/cli/Parser.java,288,ConditionalOperatorDeletion,"} else if (!(""yes"".equalsIgnoreCase(value) || ""true"".equalsIgnoreCase(value) || ""1"".equalsIgnoreCase(value))) {","} else if ( (""yes"".equalsIgnoreCase(value) || ""true"".equalsIgnoreCase(value) || ""1"".equalsIgnoreCase(value))) {",1013,
org/apache/commons/cli/Parser.java,172,ConditionalOperatorReplacement,if (stopAtNonOption && !getOptions().hasOption(token)) {,if (stopAtNonOption || !getOptions().hasOption(token)) {,1014,
org/apache/commons/cli/Parser.java,215,ConditionalOperatorReplacement,"if (getOptions().hasOption(str) && str.startsWith(""-"")) {","if (getOptions().hasOption(str) || str.startsWith(""-"")) {",1015,
org/apache/commons/cli/Parser.java,227,ConditionalOperatorReplacement,if (opt.getValues() == null && !opt.hasOptionalArg()) {,if (opt.getValues() == null || !opt.hasOptionalArg()) {,1016,
org/apache/commons/cli/Parser.java,276,ConditionalOperatorReplacement,final boolean selected = group != null && group.isSelected();,final boolean selected = group != null || group.isSelected();,1017,
org/apache/commons/cli/Parser.java,277,ConditionalOperatorReplacement,if (!cmd.hasOption(option) && !selected) {,if (!cmd.hasOption(option) || !selected) {,1018,
org/apache/commons/cli/Parser.java,288,ConditionalOperatorReplacement,"} else if (!(""yes"".equalsIgnoreCase(value) || ""true"".equalsIgnoreCase(value) || ""1"".equalsIgnoreCase(value))) {","} else if (!(""yes"".equalsIgnoreCase(value) && ""true"".equalsIgnoreCase(value) || ""1"".equalsIgnoreCase(value))) {",1019,
org/apache/commons/cli/Parser.java,288,ConditionalOperatorReplacement,"} else if (!(""yes"".equalsIgnoreCase(value) || ""true"".equalsIgnoreCase(value) || ""1"".equalsIgnoreCase(value))) {","} else if (!(""yes"".equalsIgnoreCase(value) || ""true"".equalsIgnoreCase(value) && ""1"".equalsIgnoreCase(value))) {",1020,
org/apache/commons/cli/Parser.java,51,NullifyObjectInitialization,throw new MissingOptionException(getRequiredOptions());,throw null;,1021,
org/apache/commons/cli/Parser.java,228,NullifyObjectInitialization,throw new MissingArgumentException(opt);,throw null;,1022,
org/apache/commons/cli/Parser.java,244,NullifyObjectInitialization,"throw new UnrecognizedOptionException(""Unrecognized option: "" + arg, arg);",throw null;,1023,
org/apache/commons/cli/Parser.java,272,NullifyObjectInitialization,"throw new UnrecognizedOptionException(""Default option wasn't defined"", option);",throw null;,1024,
org/apache/commons/cli/Parser.java,306,NullifyObjectInitialization,this.requiredOptions = new ArrayList<>(options.getRequiredOptions());,this.requiredOptions = null;,1025,
org/apache/commons/cli/Parser.java,72,NullifyReturnValue,return options;,return null;,1026,
org/apache/commons/cli/Parser.java,81,NullifyReturnValue,return requiredOptions;,return null;,1027,
org/apache/commons/cli/Parser.java,94,NullifyReturnValue,"return parse(options, arguments, null, false);",return null;,1028,
org/apache/commons/cli/Parser.java,110,NullifyReturnValue,"return parse(options, arguments, null, stopAtNonOption);",return null;,1029,
org/apache/commons/cli/Parser.java,124,NullifyReturnValue,"return parse(options, arguments, properties, false);",return null;,1030,
org/apache/commons/cli/Parser.java,199,NullifyReturnValue,return cmd;,return null;,1031,
org/apache/commons/cli/Parser.java,154,RelationalOperatorReplacement,"final List<String> tokenList = Arrays.asList(flatten(getOptions(), arguments == null ? new String[0] : arguments, stopAtNonOption));","final List<String> tokenList = Arrays.asList(flatten(getOptions(), arguments != null ? new String[0] : arguments, stopAtNonOption));",1032,
org/apache/commons/cli/Parser.java,159,RelationalOperatorReplacement,if (token != null) {,if (token == null) {,1033,
org/apache/commons/cli/Parser.java,227,RelationalOperatorReplacement,if (opt.getValues() == null && !opt.hasOptionalArg()) {,if (opt.getValues() != null && !opt.hasOptionalArg()) {,1034,
org/apache/commons/cli/Parser.java,265,RelationalOperatorReplacement,if (properties == null) {,if (properties != null) {,1035,
org/apache/commons/cli/Parser.java,271,RelationalOperatorReplacement,if (opt == null) {,if (opt != null) {,1036,
org/apache/commons/cli/Parser.java,276,RelationalOperatorReplacement,final boolean selected = group != null && group.isSelected();,final boolean selected = group == null && group.isSelected();,1037,
org/apache/commons/cli/Parser.java,322,RelationalOperatorReplacement,if (getOptions().getOptionGroup(opt) != null) {,if (getOptions().getOptionGroup(opt) == null) {,1038,
org/apache/commons/cli/Parser.java,48,RemoveMethod,protected void checkRequiredOptions() throws MissingOptionException {,protected void checkRequiredOptions() throws MissingOptionException {,1039,
org/apache/commons/cli/Parser.java,71,RemoveMethod,protected Options getOptions() {,protected Options getOptions() {,1040,
org/apache/commons/cli/Parser.java,80,RemoveMethod,protected List getRequiredOptions() {,protected List getRequiredOptions() {,1041,
org/apache/commons/cli/Parser.java,93,RemoveMethod,"public CommandLine parse(final Options options, final String[] arguments) throws ParseException {","public CommandLine parse(final Options options, final String[] arguments) throws ParseException {",1042,
org/apache/commons/cli/Parser.java,109,RemoveMethod,"public CommandLine parse(final Options options, final String[] arguments, final boolean stopAtNonOption) throws ParseException {","public CommandLine parse(final Options options, final String[] arguments, final boolean stopAtNonOption) throws ParseException {",1043,
org/apache/commons/cli/Parser.java,123,RemoveMethod,"public CommandLine parse(final Options options, final String[] arguments, final Properties properties) throws ParseException {","public CommandLine parse(final Options options, final String[] arguments, final Properties properties) throws ParseException {",1044,
org/apache/commons/cli/Parser.java,141,RemoveMethod,throws ParseException {,throws ParseException {,1045,
org/apache/commons/cli/Parser.java,210,RemoveMethod,"public void processArgs(final Option opt, final ListIterator<String> iter) throws ParseException {","public void processArgs(final Option opt, final ListIterator<String> iter) throws ParseException {",1046,
org/apache/commons/cli/Parser.java,240,RemoveMethod,"protected void processOption(final String arg, final ListIterator<String> iter) throws ParseException {","protected void processOption(final String arg, final ListIterator<String> iter) throws ParseException {",1047,
org/apache/commons/cli/Parser.java,264,RemoveMethod,protected void processProperties(final Properties properties) throws ParseException {,protected void processProperties(final Properties properties) throws ParseException {,1048,
org/apache/commons/cli/Parser.java,304,RemoveMethod,protected void setOptions(final Options options) {,protected void setOptions(final Options options) {,1049,
org/apache/commons/cli/Parser.java,314,RemoveMethod,private void updateRequiredOptions(final Option opt) throws ParseException {,private void updateRequiredOptions(final Option opt) throws ParseException {,1050,
org/apache/commons/cli/Parser.java,154,RemoveNullCheck,"final List<String> tokenList = Arrays.asList(flatten(getOptions(), arguments == null ? new String[0] : arguments, stopAtNonOption));","final List<String> tokenList = Arrays.asList(flatten(getOptions(), false ? new String[0] : arguments, stopAtNonOption));",1051,
org/apache/commons/cli/Parser.java,159,RemoveNullCheck,if (token != null) {,if (true) {,1052,
org/apache/commons/cli/Parser.java,227,RemoveNullCheck,if (opt.getValues() == null && !opt.hasOptionalArg()) {,if (false && !opt.hasOptionalArg()) {,1053,
org/apache/commons/cli/Parser.java,265,RemoveNullCheck,if (properties == null) {,if (false) {,1054,
org/apache/commons/cli/Parser.java,271,RemoveNullCheck,if (opt == null) {,if (false) {,1055,
org/apache/commons/cli/Parser.java,276,RemoveNullCheck,final boolean selected = group != null && group.isSelected();,final boolean selected = true && group.isSelected();,1056,
org/apache/commons/cli/Parser.java,322,RemoveNullCheck,if (getOptions().getOptionGroup(opt) != null) {,if (true) {,1057,
org/apache/commons/cli/PatternOptionBuilder.java,181,ArithmeticOperatorReplacementShortcut,for (int i = 0; i < pattern.length(); i++) {,for (int i = 0; i < pattern.length(); i--) {,1058,
org/apache/commons/cli/PatternOptionBuilder.java,186,ConditionalOperatorDeletion,if (!isValueCode(ch)) {,if ( isValueCode(ch)) {,1059,
org/apache/commons/cli/PatternOptionBuilder.java,164,ConditionalOperatorReplacement,return ch == '@' || ch == ':' || ch == '%' || ch == '+' || ch == '#' || ch == '<' || ch == '>' || ch == '*' || ch == '/' || ch == '!';,return ch == '@' && ch == ':' || ch == '%' || ch == '+' || ch == '#' || ch == '<' || ch == '>' || ch == '*' || ch == '/' || ch == '!';,1060,
org/apache/commons/cli/PatternOptionBuilder.java,164,ConditionalOperatorReplacement,return ch == '@' || ch == ':' || ch == '%' || ch == '+' || ch == '#' || ch == '<' || ch == '>' || ch == '*' || ch == '/' || ch == '!';,return ch == '@' || ch == ':' && ch == '%' || ch == '+' || ch == '#' || ch == '<' || ch == '>' || ch == '*' || ch == '/' || ch == '!';,1061,
org/apache/commons/cli/PatternOptionBuilder.java,164,ConditionalOperatorReplacement,return ch == '@' || ch == ':' || ch == '%' || ch == '+' || ch == '#' || ch == '<' || ch == '>' || ch == '*' || ch == '/' || ch == '!';,return ch == '@' || ch == ':' || ch == '%' && ch == '+' || ch == '#' || ch == '<' || ch == '>' || ch == '*' || ch == '/' || ch == '!';,1062,
org/apache/commons/cli/PatternOptionBuilder.java,164,ConditionalOperatorReplacement,return ch == '@' || ch == ':' || ch == '%' || ch == '+' || ch == '#' || ch == '<' || ch == '>' || ch == '*' || ch == '/' || ch == '!';,return ch == '@' || ch == ':' || ch == '%' || ch == '+' && ch == '#' || ch == '<' || ch == '>' || ch == '*' || ch == '/' || ch == '!';,1063,
org/apache/commons/cli/PatternOptionBuilder.java,164,ConditionalOperatorReplacement,return ch == '@' || ch == ':' || ch == '%' || ch == '+' || ch == '#' || ch == '<' || ch == '>' || ch == '*' || ch == '/' || ch == '!';,return ch == '@' || ch == ':' || ch == '%' || ch == '+' || ch == '#' && ch == '<' || ch == '>' || ch == '*' || ch == '/' || ch == '!';,1064,
org/apache/commons/cli/PatternOptionBuilder.java,164,ConditionalOperatorReplacement,return ch == '@' || ch == ':' || ch == '%' || ch == '+' || ch == '#' || ch == '<' || ch == '>' || ch == '*' || ch == '/' || ch == '!';,return ch == '@' || ch == ':' || ch == '%' || ch == '+' || ch == '#' || ch == '<' && ch == '>' || ch == '*' || ch == '/' || ch == '!';,1065,
org/apache/commons/cli/PatternOptionBuilder.java,164,ConditionalOperatorReplacement,return ch == '@' || ch == ':' || ch == '%' || ch == '+' || ch == '#' || ch == '<' || ch == '>' || ch == '*' || ch == '/' || ch == '!';,return ch == '@' || ch == ':' || ch == '%' || ch == '+' || ch == '#' || ch == '<' || ch == '>' && ch == '*' || ch == '/' || ch == '!';,1066,
org/apache/commons/cli/PatternOptionBuilder.java,164,ConditionalOperatorReplacement,return ch == '@' || ch == ':' || ch == '%' || ch == '+' || ch == '#' || ch == '<' || ch == '>' || ch == '*' || ch == '/' || ch == '!';,return ch == '@' || ch == ':' || ch == '%' || ch == '+' || ch == '#' || ch == '<' || ch == '>' || ch == '*' && ch == '/' || ch == '!';,1067,
org/apache/commons/cli/PatternOptionBuilder.java,164,ConditionalOperatorReplacement,return ch == '@' || ch == ':' || ch == '%' || ch == '+' || ch == '#' || ch == '<' || ch == '>' || ch == '*' || ch == '/' || ch == '!';,return ch == '@' || ch == ':' || ch == '%' || ch == '+' || ch == '#' || ch == '<' || ch == '>' || ch == '*' || ch == '/' && ch == '!';,1068,
org/apache/commons/cli/PatternOptionBuilder.java,110,NullifyObjectInitialization,"throw new UnsupportedOperationException(""Not yet implemented"");",throw null;,1069,
org/apache/commons/cli/PatternOptionBuilder.java,179,NullifyObjectInitialization,final Options options = new Options();,final Options options = null;,1070,
org/apache/commons/cli/PatternOptionBuilder.java,211,NullifyObjectInitialization,converter = new TypeHandler(map).getConverter(getValueType(ch));,converter = null.getConverter(getValueType(ch));,1071,
org/apache/commons/cli/PatternOptionBuilder.java,122,NullifyReturnValue,return getValueType(ch);,return null;,1072,
org/apache/commons/cli/PatternOptionBuilder.java,135,NullifyReturnValue,return OBJECT_VALUE;,return null;,1073,
org/apache/commons/cli/PatternOptionBuilder.java,137,NullifyReturnValue,return STRING_VALUE;,return null;,1074,
org/apache/commons/cli/PatternOptionBuilder.java,139,NullifyReturnValue,return NUMBER_VALUE;,return null;,1075,
org/apache/commons/cli/PatternOptionBuilder.java,141,NullifyReturnValue,return CLASS_VALUE;,return null;,1076,
org/apache/commons/cli/PatternOptionBuilder.java,143,NullifyReturnValue,return DATE_VALUE;,return null;,1077,
org/apache/commons/cli/PatternOptionBuilder.java,145,NullifyReturnValue,return EXISTING_FILE_VALUE;,return null;,1078,
org/apache/commons/cli/PatternOptionBuilder.java,147,NullifyReturnValue,return FILE_VALUE;,return null;,1079,
org/apache/commons/cli/PatternOptionBuilder.java,149,NullifyReturnValue,return FILES_VALUE;,return null;,1080,
org/apache/commons/cli/PatternOptionBuilder.java,151,NullifyReturnValue,return URL_VALUE;,return null;,1081,
org/apache/commons/cli/PatternOptionBuilder.java,154,NullifyReturnValue,return null;,return null;,1082,
org/apache/commons/cli/PatternOptionBuilder.java,222,NullifyReturnValue,return options;,return null;,1083,
org/apache/commons/cli/PatternOptionBuilder.java,227,NullifyReturnValue,return (T) UNSUPPORTED;,return null;,1084,
org/apache/commons/cli/PatternOptionBuilder.java,164,RelationalOperatorReplacement,return ch == '@' || ch == ':' || ch == '%' || ch == '+' || ch == '#' || ch == '<' || ch == '>' || ch == '*' || ch == '/' || ch == '!';,return ch != '@' || ch == ':' || ch == '%' || ch == '+' || ch == '#' || ch == '<' || ch == '>' || ch == '*' || ch == '/' || ch == '!';,1085,
org/apache/commons/cli/PatternOptionBuilder.java,164,RelationalOperatorReplacement,return ch == '@' || ch == ':' || ch == '%' || ch == '+' || ch == '#' || ch == '<' || ch == '>' || ch == '*' || ch == '/' || ch == '!';,return ch == '@' || ch != ':' || ch == '%' || ch == '+' || ch == '#' || ch == '<' || ch == '>' || ch == '*' || ch == '/' || ch == '!';,1086,
org/apache/commons/cli/PatternOptionBuilder.java,164,RelationalOperatorReplacement,return ch == '@' || ch == ':' || ch == '%' || ch == '+' || ch == '#' || ch == '<' || ch == '>' || ch == '*' || ch == '/' || ch == '!';,return ch == '@' || ch == ':' || ch != '%' || ch == '+' || ch == '#' || ch == '<' || ch == '>' || ch == '*' || ch == '/' || ch == '!';,1087,
org/apache/commons/cli/PatternOptionBuilder.java,164,RelationalOperatorReplacement,return ch == '@' || ch == ':' || ch == '%' || ch == '+' || ch == '#' || ch == '<' || ch == '>' || ch == '*' || ch == '/' || ch == '!';,return ch == '@' || ch == ':' || ch == '%' || ch != '+' || ch == '#' || ch == '<' || ch == '>' || ch == '*' || ch == '/' || ch == '!';,1088,
org/apache/commons/cli/PatternOptionBuilder.java,164,RelationalOperatorReplacement,return ch == '@' || ch == ':' || ch == '%' || ch == '+' || ch == '#' || ch == '<' || ch == '>' || ch == '*' || ch == '/' || ch == '!';,return ch == '@' || ch == ':' || ch == '%' || ch == '+' || ch != '#' || ch == '<' || ch == '>' || ch == '*' || ch == '/' || ch == '!';,1089,
org/apache/commons/cli/PatternOptionBuilder.java,164,RelationalOperatorReplacement,return ch == '@' || ch == ':' || ch == '%' || ch == '+' || ch == '#' || ch == '<' || ch == '>' || ch == '*' || ch == '/' || ch == '!';,return ch == '@' || ch == ':' || ch == '%' || ch == '+' || ch == '#' || ch != '<' || ch == '>' || ch == '*' || ch == '/' || ch == '!';,1090,
org/apache/commons/cli/PatternOptionBuilder.java,164,RelationalOperatorReplacement,return ch == '@' || ch == ':' || ch == '%' || ch == '+' || ch == '#' || ch == '<' || ch == '>' || ch == '*' || ch == '/' || ch == '!';,return ch == '@' || ch == ':' || ch == '%' || ch == '+' || ch == '#' || ch == '<' || ch != '>' || ch == '*' || ch == '/' || ch == '!';,1091,
org/apache/commons/cli/PatternOptionBuilder.java,164,RelationalOperatorReplacement,return ch == '@' || ch == ':' || ch == '%' || ch == '+' || ch == '#' || ch == '<' || ch == '>' || ch == '*' || ch == '/' || ch == '!';,return ch == '@' || ch == ':' || ch == '%' || ch == '+' || ch == '#' || ch == '<' || ch == '>' || ch != '*' || ch == '/' || ch == '!';,1092,
org/apache/commons/cli/PatternOptionBuilder.java,164,RelationalOperatorReplacement,return ch == '@' || ch == ':' || ch == '%' || ch == '+' || ch == '#' || ch == '<' || ch == '>' || ch == '*' || ch == '/' || ch == '!';,return ch == '@' || ch == ':' || ch == '%' || ch == '+' || ch == '#' || ch == '<' || ch == '>' || ch == '*' || ch != '/' || ch == '!';,1093,
org/apache/commons/cli/PatternOptionBuilder.java,164,RelationalOperatorReplacement,return ch == '@' || ch == ':' || ch == '%' || ch == '+' || ch == '#' || ch == '<' || ch == '>' || ch == '*' || ch == '/' || ch == '!';,return ch == '@' || ch == ':' || ch == '%' || ch == '+' || ch == '#' || ch == '<' || ch == '>' || ch == '*' || ch == '/' || ch != '!';,1094,
org/apache/commons/cli/PatternOptionBuilder.java,181,RelationalOperatorReplacement,for (int i = 0; i < pattern.length(); i++) {,for (int i = 0; i <= pattern.length(); i++) {,1095,
org/apache/commons/cli/PatternOptionBuilder.java,187,RelationalOperatorReplacement,if (opt != Char.SP) {,if (opt == Char.SP) {,1096,
org/apache/commons/cli/PatternOptionBuilder.java,190,RelationalOperatorReplacement,.hasArg(type != null),.hasArg(type == null),1097,
org/apache/commons/cli/PatternOptionBuilder.java,204,RelationalOperatorReplacement,} else if (ch == '!') {,} else if (ch != '!') {,1098,
org/apache/commons/cli/PatternOptionBuilder.java,215,RelationalOperatorReplacement,if (opt != Char.SP) {,if (opt == Char.SP) {,1099,
org/apache/commons/cli/PatternOptionBuilder.java,216,RelationalOperatorReplacement,final Option option = Option.builder(String.valueOf(opt)).hasArg(type != null).required(required).type(type).build();,final Option option = Option.builder(String.valueOf(opt)).hasArg(type == null).required(required).type(type).build();,1100,
org/apache/commons/cli/PatternOptionBuilder.java,121,RemoveMethod,public static Object getValueClass(final char ch) {,public static Object getValueClass(final char ch) {,1101,
org/apache/commons/cli/PatternOptionBuilder.java,132,RemoveMethod,public static Class<?> getValueType(final char ch) {,public static Class<?> getValueType(final char ch) {,1102,
org/apache/commons/cli/PatternOptionBuilder.java,163,RemoveMethod,public static boolean isValueCode(final char ch) {,public static boolean isValueCode(final char ch) {,1103,
org/apache/commons/cli/PatternOptionBuilder.java,163,RemoveMethod,public static boolean isValueCode(final char ch) {,public static boolean isValueCode(final char ch) {,1104,
org/apache/commons/cli/PatternOptionBuilder.java,173,RemoveMethod,public static Options parsePattern(final String pattern) {,public static Options parsePattern(final String pattern) {,1105,
org/apache/commons/cli/PatternOptionBuilder.java,226,RemoveMethod,static <T> T unsupported() {,static <T> T unsupported() {,1106,
org/apache/commons/cli/PatternOptionBuilder.java,190,RemoveNullCheck,.hasArg(type != null),.hasArg(true),1107,
org/apache/commons/cli/PatternOptionBuilder.java,216,RemoveNullCheck,final Option option = Option.builder(String.valueOf(opt)).hasArg(type != null).required(required).type(type).build();,final Option option = Option.builder(String.valueOf(opt)).hasArg(true).required(required).type(type).build();,1108,
org/apache/commons/cli/PosixParser.java,80,ArithmeticOperatorReplacementBinary,if (currentOption.hasArg() && token.length() != i + 1) {,if (currentOption.hasArg() && token.length() != i - 1) {,1109,
org/apache/commons/cli/PosixParser.java,81,ArithmeticOperatorReplacementBinary,tokens.add(token.substring(i + 1));,tokens.add(token.substring(i - 1));,1110,
org/apache/commons/cli/PosixParser.java,148,ArithmeticOperatorReplacementBinary,tokens.add(token.substring(pos + 1));,tokens.add(token.substring(pos - 1));,1111,
org/apache/commons/cli/PosixParser.java,66,ArithmeticOperatorReplacementShortcut,for (int i = 1; i < token.length(); i++) {,for (int i = 1; i < token.length(); i--) {,1112,
org/apache/commons/cli/PosixParser.java,135,ArithmeticOperatorReplacementUnary,"final String opt = pos == -1 ? token : token.substring(0, pos); // --foo","final String opt = pos == +1 ? token : token.substring(0, pos); // --foo",1113,
org/apache/commons/cli/PosixParser.java,147,ArithmeticOperatorReplacementUnary,if (pos != -1) {,if (pos != +1) {,1114,
org/apache/commons/cli/PosixParser.java,69,ConditionalOperatorDeletion,if (!options.hasOption(ch)) {,if ( options.hasOption(ch)) {,1115,
org/apache/commons/cli/PosixParser.java,154,ConditionalOperatorDeletion,} else if (!options.getMatchingOptions(token).isEmpty()) {,} else if ( options.getMatchingOptions(token).isEmpty()) {,1116,
org/apache/commons/cli/PosixParser.java,204,ConditionalOperatorDeletion,if (stopAtNonOption && (currentOption == null || !currentOption.hasArg())) {,if (stopAtNonOption && (currentOption == null || currentOption.hasArg())) {,1117,
org/apache/commons/cli/PosixParser.java,226,ConditionalOperatorDeletion,if (stopAtNonOption && !options.hasOption(token)) {,if (stopAtNonOption && options.hasOption(token)) {,1118,
org/apache/commons/cli/PosixParser.java,80,ConditionalOperatorReplacement,if (currentOption.hasArg() && token.length() != i + 1) {,if (currentOption.hasArg() || token.length() != i + 1) {,1119,
org/apache/commons/cli/PosixParser.java,130,ConditionalOperatorReplacement,"if (""-"".equals(token) || ""--"".equals(token)) {","if (""-"".equals(token) && ""--"".equals(token)) {",1120,
org/apache/commons/cli/PosixParser.java,152,ConditionalOperatorReplacement,if (token.length() == 2 || options.hasOption(token)) {,if (token.length() == 2 && options.hasOption(token)) {,1121,
org/apache/commons/cli/PosixParser.java,204,ConditionalOperatorReplacement,if (stopAtNonOption && (currentOption == null || !currentOption.hasArg())) {,if (stopAtNonOption || (currentOption == null || !currentOption.hasArg())) {,1122,
org/apache/commons/cli/PosixParser.java,204,ConditionalOperatorReplacement,if (stopAtNonOption && (currentOption == null || !currentOption.hasArg())) {,if (stopAtNonOption && (currentOption == null && !currentOption.hasArg())) {,1123,
org/apache/commons/cli/PosixParser.java,226,ConditionalOperatorReplacement,if (stopAtNonOption && !options.hasOption(token)) {,if (stopAtNonOption || !options.hasOption(token)) {,1124,
org/apache/commons/cli/PosixParser.java,34,NullifyObjectInitialization,private final List<String> tokens = new ArrayList<>();,private final List<String> tokens = null;,1125,
org/apache/commons/cli/PosixParser.java,142,NullifyObjectInitialization,"throw new AmbiguousOptionException(opt, matchingOpts);",throw null;,1126,
org/apache/commons/cli/PosixParser.java,157,NullifyObjectInitialization,"throw new AmbiguousOptionException(token, matchingOpts);",throw null;,1127,
org/apache/commons/cli/PosixParser.java,172,NullifyReturnValue,return tokens.toArray(Util.EMPTY_STRING_ARRAY);,return null;,1128,
org/apache/commons/cli/PosixParser.java,66,RelationalOperatorReplacement,for (int i = 1; i < token.length(); i++) {,for (int i = 1; i <= token.length(); i++) {,1129,
org/apache/commons/cli/PosixParser.java,80,RelationalOperatorReplacement,if (currentOption.hasArg() && token.length() != i + 1) {,if (currentOption.hasArg() && token.length() == i + 1) {,1130,
org/apache/commons/cli/PosixParser.java,128,RelationalOperatorReplacement,if (token != null) {,if (token == null) {,1131,
org/apache/commons/cli/PosixParser.java,135,RelationalOperatorReplacement,"final String opt = pos == -1 ? token : token.substring(0, pos); // --foo","final String opt = pos != -1 ? token : token.substring(0, pos); // --foo",1132,
org/apache/commons/cli/PosixParser.java,141,RelationalOperatorReplacement,} else if (matchingOpts.size() > 1) {,} else if (matchingOpts.size() >= 1) {,1133,
org/apache/commons/cli/PosixParser.java,147,RelationalOperatorReplacement,if (pos != -1) {,if (pos == -1) {,1134,
org/apache/commons/cli/PosixParser.java,152,RelationalOperatorReplacement,if (token.length() == 2 || options.hasOption(token)) {,if (token.length() != 2 || options.hasOption(token)) {,1135,
org/apache/commons/cli/PosixParser.java,156,RelationalOperatorReplacement,if (matchingOpts.size() > 1) {,if (matchingOpts.size() >= 1) {,1136,
org/apache/commons/cli/PosixParser.java,204,RelationalOperatorReplacement,if (stopAtNonOption && (currentOption == null || !currentOption.hasArg())) {,if (stopAtNonOption && (currentOption != null || !currentOption.hasArg())) {,1137,
org/apache/commons/cli/PosixParser.java,65,RemoveMethod,"protected void burstToken(final String token, final boolean stopAtNonOption) {","protected void burstToken(final String token, final boolean stopAtNonOption) {",1138,
org/apache/commons/cli/PosixParser.java,119,RemoveMethod,"protected String[] flatten(final Options options, final String[] arguments, final boolean stopAtNonOption) throws ParseException {","protected String[] flatten(final Options options, final String[] arguments, final boolean stopAtNonOption) throws ParseException {",1139,
org/apache/commons/cli/PosixParser.java,180,RemoveMethod,private void gobble(final Iterator<String> iter) {,private void gobble(final Iterator<String> iter) {,1140,
org/apache/commons/cli/PosixParser.java,192,RemoveMethod,private void init() {,private void init() {,1141,
org/apache/commons/cli/PosixParser.java,203,RemoveMethod,"private void processNonOptionToken(final String value, final boolean stopAtNonOption) {","private void processNonOptionToken(final String value, final boolean stopAtNonOption) {",1142,
org/apache/commons/cli/PosixParser.java,225,RemoveMethod,"private void processOptionToken(final String token, final boolean stopAtNonOption) {","private void processOptionToken(final String token, final boolean stopAtNonOption) {",1143,
org/apache/commons/cli/PosixParser.java,128,RemoveNullCheck,if (token != null) {,if (true) {,1144,
org/apache/commons/cli/PosixParser.java,204,RemoveNullCheck,if (stopAtNonOption && (currentOption == null || !currentOption.hasArg())) {,if (stopAtNonOption && (false || !currentOption.hasArg())) {,1145,
org/apache/commons/cli/TypeHandler.java,45,NullifyObjectInitialization,private static final TypeHandler DEFAULT = new TypeHandler();,private static final TypeHandler DEFAULT = null;,1146,
org/apache/commons/cli/TypeHandler.java,81,NullifyObjectInitialization,return putDefaultMap(new HashMap<>());,return putDefaultMap(null);,1147,
org/apache/commons/cli/TypeHandler.java,110,NullifyObjectInitialization,"throw new UnsupportedOperationException(""Not yet implemented"");",throw null;,1148,
org/apache/commons/cli/TypeHandler.java,193,NullifyObjectInitialization,throw new IllegalArgumentException(e);,throw null;,1149,
org/apache/commons/cli/TypeHandler.java,58,NullifyReturnValue,"return createValue(className, Class.class);",return null;,1150,
org/apache/commons/cli/TypeHandler.java,71,NullifyReturnValue,"return createValueUnchecked(string, Date.class);",return null;,1151,
org/apache/commons/cli/TypeHandler.java,81,NullifyReturnValue,return putDefaultMap(new HashMap<>());,return null;,1152,
org/apache/commons/cli/TypeHandler.java,91,NullifyReturnValue,"return createValueUnchecked(string, File.class);",return null;,1153,
org/apache/commons/cli/TypeHandler.java,122,NullifyReturnValue,"return createValue(string, Number.class);",return null;,1154,
org/apache/commons/cli/TypeHandler.java,135,NullifyReturnValue,"return createValue(className, Object.class);",return null;,1155,
org/apache/commons/cli/TypeHandler.java,146,NullifyReturnValue,"return createValue(string, URL.class);",return null;,1156,
org/apache/commons/cli/TypeHandler.java,160,NullifyReturnValue,return getDefault().getConverter(clazz).apply(string);,return null;,1157,
org/apache/commons/cli/TypeHandler.java,177,NullifyReturnValue,"return createValue(string, (Class<?>) obj);",return null;,1158,
org/apache/commons/cli/TypeHandler.java,191,NullifyReturnValue,"return createValue(string, clazz);",return null;,1159,
org/apache/commons/cli/TypeHandler.java,204,NullifyReturnValue,return DEFAULT;,return null;,1160,
org/apache/commons/cli/TypeHandler.java,217,NullifyReturnValue,"return createValue(string, FileInputStream.class);",return null;,1161,
org/apache/commons/cli/TypeHandler.java,238,NullifyReturnValue,return map;,return null;,1162,
org/apache/commons/cli/TypeHandler.java,279,NullifyReturnValue,"return (Converter<T, ?>) converterMap.getOrDefault(clazz, Converter.DEFAULT);",return null;,1163,
org/apache/commons/cli/TypeHandler.java,57,RemoveMethod,public static Class<?> createClass(final String className) throws ParseException {,public static Class<?> createClass(final String className) throws ParseException {,1164,
org/apache/commons/cli/TypeHandler.java,70,RemoveMethod,public static Date createDate(final String string) {,public static Date createDate(final String string) {,1165,
org/apache/commons/cli/TypeHandler.java,80,RemoveMethod,"public static Map<Class<?>, Converter<?, ? extends Throwable>> createDefaultMap() {","public static Map<Class<?>, Converter<?, ? extends Throwable>> createDefaultMap() {",1166,
org/apache/commons/cli/TypeHandler.java,90,RemoveMethod,public static File createFile(final String string) {,public static File createFile(final String string) {,1167,
org/apache/commons/cli/TypeHandler.java,107,RemoveMethod,public static File[] createFiles(final String string) {,public static File[] createFiles(final String string) {,1168,
org/apache/commons/cli/TypeHandler.java,121,RemoveMethod,public static Number createNumber(final String string) throws ParseException {,public static Number createNumber(final String string) throws ParseException {,1169,
org/apache/commons/cli/TypeHandler.java,134,RemoveMethod,public static Object createObject(final String className) throws ParseException {,public static Object createObject(final String className) throws ParseException {,1170,
org/apache/commons/cli/TypeHandler.java,145,RemoveMethod,public static URL createURL(final String string) throws ParseException {,public static URL createURL(final String string) throws ParseException {,1171,
org/apache/commons/cli/TypeHandler.java,158,RemoveMethod,"public static <T> T createValue(final String string, final Class<T> clazz) throws ParseException {","public static <T> T createValue(final String string, final Class<T> clazz) throws ParseException {",1172,
org/apache/commons/cli/TypeHandler.java,176,RemoveMethod,"public static Object createValue(final String string, final Object obj) throws ParseException {","public static Object createValue(final String string, final Object obj) throws ParseException {",1173,
org/apache/commons/cli/TypeHandler.java,189,RemoveMethod,"private static <T> T createValueUnchecked(final String string, final Class<T> clazz) {","private static <T> T createValueUnchecked(final String string, final Class<T> clazz) {",1174,
org/apache/commons/cli/TypeHandler.java,203,RemoveMethod,public static TypeHandler getDefault() {,public static TypeHandler getDefault() {,1175,
org/apache/commons/cli/TypeHandler.java,216,RemoveMethod,public static FileInputStream openFile(final String string) throws ParseException {,public static FileInputStream openFile(final String string) throws ParseException {,1176,
org/apache/commons/cli/TypeHandler.java,220,RemoveMethod,"private static Map<Class<?>, Converter<?, ? extends Throwable>> putDefaultMap(final Map<Class<?>, Converter<?, ? extends Throwable>> map) {","private static Map<Class<?>, Converter<?, ? extends Throwable>> putDefaultMap(final Map<Class<?>, Converter<?, ? extends Throwable>> map) {",1177,
org/apache/commons/cli/TypeHandler.java,278,RemoveMethod,"public <T> Converter<T, ?> getConverter(final Class<T> clazz) {","public <T> Converter<T, ?> getConverter(final Class<T> clazz) {",1178,
org/apache/commons/cli/UnrecognizedOptionException.java,28,ArithmeticOperatorReplacementUnary,private static final long serialVersionUID = -252504690284625623L;,private static final long serialVersionUID = +252504690284625623L;,1179,
org/apache/commons/cli/UnrecognizedOptionException.java,61,NullifyReturnValue,return option;,return null;,1180,
org/apache/commons/cli/UnrecognizedOptionException.java,60,RemoveMethod,public String getOption() {,public String getOption() {,1181,
org/apache/commons/cli/UnrecognizedOptionException.java,60,RemoveMethod,public String getOption() {,public String getOption() {,1182,
org/apache/commons/cli/Util.java,61,ArithmeticOperatorReplacementBinary,"if (length > 1 && str.startsWith(""\"""") && str.endsWith(""\"""") && str.substring(1, length - 1).indexOf('""') == -1) {","if (length > 1 && str.startsWith(""\"""") && str.endsWith(""\"""") && str.substring(1, length + 1).indexOf('""') == -1) {",1183,
org/apache/commons/cli/Util.java,62,ArithmeticOperatorReplacementBinary,"return str.substring(1, length - 1);","return str.substring(1, length + 1);",1184,
org/apache/commons/cli/Util.java,61,ArithmeticOperatorReplacementUnary,"if (length > 1 && str.startsWith(""\"""") && str.endsWith(""\"""") && str.substring(1, length - 1).indexOf('""') == -1) {","if (length > 1 && str.startsWith(""\"""") && str.endsWith(""\"""") && str.substring(1, length - 1).indexOf('""') == +1) {",1185,
org/apache/commons/cli/Util.java,37,ConditionalOperatorReplacement,return array == null || array.length == 0;,return array == null && array.length == 0;,1186,
org/apache/commons/cli/Util.java,47,ConditionalOperatorReplacement,return str == null || str.isEmpty();,return str == null && str.isEmpty();,1187,
org/apache/commons/cli/Util.java,61,ConditionalOperatorReplacement,"if (length > 1 && str.startsWith(""\"""") && str.endsWith(""\"""") && str.substring(1, length - 1).indexOf('""') == -1) {","if (length > 1 || str.startsWith(""\"""") && str.endsWith(""\"""") && str.substring(1, length - 1).indexOf('""') == -1) {",1188,
org/apache/commons/cli/Util.java,61,ConditionalOperatorReplacement,"if (length > 1 && str.startsWith(""\"""") && str.endsWith(""\"""") && str.substring(1, length - 1).indexOf('""') == -1) {","if (length > 1 && str.startsWith(""\"""") || str.endsWith(""\"""") && str.substring(1, length - 1).indexOf('""') == -1) {",1189,
org/apache/commons/cli/Util.java,61,ConditionalOperatorReplacement,"if (length > 1 && str.startsWith(""\"""") && str.endsWith(""\"""") && str.substring(1, length - 1).indexOf('""') == -1) {","if (length > 1 && str.startsWith(""\"""") && str.endsWith(""\"""") || str.substring(1, length - 1).indexOf('""') == -1) {",1190,
org/apache/commons/cli/Util.java,58,NullifyReturnValue,return str;,return null;,1191,
org/apache/commons/cli/Util.java,62,NullifyReturnValue,"return str.substring(1, length - 1);",return null;,1192,
org/apache/commons/cli/Util.java,64,NullifyReturnValue,return str;,return null;,1193,
org/apache/commons/cli/Util.java,75,NullifyReturnValue,return str;,return null;,1194,
org/apache/commons/cli/Util.java,78,NullifyReturnValue,return str.substring(2);,return null;,1195,
org/apache/commons/cli/Util.java,81,NullifyReturnValue,return str.substring(1);,return null;,1196,
org/apache/commons/cli/Util.java,83,NullifyReturnValue,return str;,return null;,1197,
org/apache/commons/cli/Util.java,37,RelationalOperatorReplacement,return array == null || array.length == 0;,return array != null || array.length == 0;,1198,
org/apache/commons/cli/Util.java,37,RelationalOperatorReplacement,return array == null || array.length == 0;,return array == null || array.length != 0;,1199,
org/apache/commons/cli/Util.java,47,RelationalOperatorReplacement,return str == null || str.isEmpty();,return str != null || str.isEmpty();,1200,
org/apache/commons/cli/Util.java,61,RelationalOperatorReplacement,"if (length > 1 && str.startsWith(""\"""") && str.endsWith(""\"""") && str.substring(1, length - 1).indexOf('""') == -1) {","if (length >= 1 && str.startsWith(""\"""") && str.endsWith(""\"""") && str.substring(1, length - 1).indexOf('""') == -1) {",1201,
org/apache/commons/cli/Util.java,61,RelationalOperatorReplacement,"if (length > 1 && str.startsWith(""\"""") && str.endsWith(""\"""") && str.substring(1, length - 1).indexOf('""') == -1) {","if (length > 1 && str.startsWith(""\"""") && str.endsWith(""\"""") && str.substring(1, length - 1).indexOf('""') != -1) {",1202,
org/apache/commons/cli/Util.java,36,RemoveMethod,static boolean isEmpty(final Object[] array) {,static boolean isEmpty(final Object[] array) {,1203,
org/apache/commons/cli/Util.java,36,RemoveMethod,static boolean isEmpty(final Object[] array) {,static boolean isEmpty(final Object[] array) {,1204,
org/apache/commons/cli/Util.java,46,RemoveMethod,static boolean isEmpty(final String str) {,static boolean isEmpty(final String str) {,1205,
org/apache/commons/cli/Util.java,46,RemoveMethod,static boolean isEmpty(final String str) {,static boolean isEmpty(final String str) {,1206,
org/apache/commons/cli/Util.java,56,RemoveMethod,static String stripLeadingAndTrailingQuotes(final String str) {,static String stripLeadingAndTrailingQuotes(final String str) {,1207,
org/apache/commons/cli/Util.java,56,RemoveMethod,static String stripLeadingAndTrailingQuotes(final String str) {,static String stripLeadingAndTrailingQuotes(final String str) {,1208,
org/apache/commons/cli/Util.java,73,RemoveMethod,static String stripLeadingHyphens(final String str) {,static String stripLeadingHyphens(final String str) {,1209,
org/apache/commons/cli/Util.java,73,RemoveMethod,static String stripLeadingHyphens(final String str) {,static String stripLeadingHyphens(final String str) {,1210,
org/apache/commons/cli/Util.java,37,RemoveNullCheck,return array == null || array.length == 0;,return false || array.length == 0;,1211,
org/apache/commons/cli/Util.java,47,RemoveNullCheck,return str == null || str.isEmpty();,return false || str.isEmpty();,1212,
