file,line,operator,before,after,mutant_id,paper_category
org/apache/commons/net/util/TrustManagerUtils.java,52,NullifyInputVariable,"public void checkServerTrusted(final X509Certificate[] certificates, final String authType) throws CertificateException {","public void checkServerTrusted(final X509Certificate[] certificates, final String authType) throws CertificateException { authType = null;",2,reduced_nullify_final_param_non_compilable
org/apache/commons/net/smtp/SMTP.java,338,NullifyInputVariable,public int mail(final String reversePath) throws IOException {,public int mail(final String reversePath) throws IOException { reversePath = null;,22,reduced_nullify_final_param_non_compilable
org/apache/commons/net/examples/mail/IMAPImportMbox.java,189,NullifyInputVariable,"private static boolean startsWith(final String input, final Pattern pat) {","private static boolean startsWith(final String input, final Pattern pat) { input = null;",20,reduced_nullify_final_param_non_compilable
org/apache/commons/net/nntp/SimpleNNTPHeader.java,77,NullifyInputVariable,"public void addHeaderField(final String headerField, final String value) {","public void addHeaderField(final String headerField, final String value) { value = null;",2,reduced_nullify_final_param_non_compilable
org/apache/commons/net/tftp/TFTPPacket.java,83,NullifyInputVariable,public static final TFTPPacket newTFTPPacket(final DatagramPacket datagram) throws TFTPPacketException {,public static final TFTPPacket newTFTPPacket(final DatagramPacket datagram) throws TFTPPacketException { datagram = null;,4,reduced_nullify_final_param_non_compilable
org/apache/commons/net/ftp/FTPListParseEngine.java,270,NullifyInputVariable,"public void readServerList(final InputStream inputStream, final String charsetName) throws IOException {","public void readServerList(final InputStream inputStream, final String charsetName) throws IOException { inputStream = null;",12,reduced_nullify_final_param_non_compilable
org/apache/commons/net/DatagramSocketClient.java,222,NullifyInputVariable,"public void open(final int port, final InetAddress localAddress) throws SocketException {","public void open(final int port, final InetAddress localAddress) throws SocketException { localAddress = null;",7,reduced_nullify_final_param_non_compilable
org/apache/commons/net/ftp/FTPClient.java,2954,NullifyInputVariable,public void setCopyStreamListener(final CopyStreamListener listener) {,public void setCopyStreamListener(final CopyStreamListener listener) { listener = null;,114,reduced_nullify_final_param_non_compilable
org/apache/commons/net/ftp/FTPSClient.java,590,RemoveMethod,public String[] getEnabledProtocols() {,public String[] getEnabledProtocols() {,139,reduced_remove_method_other
org/apache/commons/net/ftp/parser/DefaultFTPFileEntryParserFactory.java,104,NullifyInputVariable,"private FTPFileEntryParser createFileEntryParser(final String key, final FTPClientConfig config) {","private FTPFileEntryParser createFileEntryParser(final String key, final FTPClientConfig config) { key = null;",17,reduced_nullify_final_param_non_compilable
org/apache/commons/net/nntp/NewGroupsOrNewsQuery.java,245,NullifyInputVariable,public void omitNewsgroup(final String newsgroup) {,public void omitNewsgroup(final String newsgroup) { newsgroup = null;,5,reduced_nullify_final_param_non_compilable
org/apache/commons/net/telnet/TelnetClient.java,270,NullifyInputVariable,public void registerNotifHandler(final TelnetNotificationHandler notifhand) {,public void registerNotifHandler(final TelnetNotificationHandler notifhand) { notifhand = null;,10,reduced_nullify_final_param_non_compilable
org/apache/commons/net/tftp/TFTPDataPacket.java,172,NullifyInputVariable,"DatagramPacket newDatagram(final DatagramPacket datagram, final byte[] data) {","DatagramPacket newDatagram(final DatagramPacket datagram, final byte[] data) { datagram = null;",10,reduced_nullify_final_param_non_compilable
org/apache/commons/net/ftp/FTP.java,1240,NullifyInputVariable,"public int sendCommand(final String command, final String args) throws IOException {","public int sendCommand(final String command, final String args) throws IOException { command = null;",30,reduced_nullify_final_param_non_compilable
org/apache/commons/net/ftp/FTPHTTPClient.java,123,NullifyInputVariable,"protected Socket _openDataConnection_(final String command, final String arg) throws IOException {","protected Socket _openDataConnection_(final String command, final String arg) throws IOException { arg = null;",20,reduced_nullify_final_param_non_compilable
org/apache/commons/net/imap/IMAPReply.java,129,NullifyInputVariable,public static int getUntaggedReplyCode(final String line) throws IOException {,public static int getUntaggedReplyCode(final String line) throws IOException { line = null;,4,reduced_nullify_final_param_non_compilable
org/apache/commons/net/util/Base64.java,154,RemoveMethod,public static byte[] encodeBase64(final byte[] source) {,public static byte[] encodeBase64(final byte[] source) {,103,reduced_remove_method_other
org/apache/commons/net/ftp/FTPClientConfig.java,535,NullifyInputVariable,public void setRecentDateFormatStr(final String recentDateFormatStr) {,public void setRecentDateFormatStr(final String recentDateFormatStr) { recentDateFormatStr = null;,5,reduced_nullify_final_param_non_compilable
org/apache/commons/net/ftp/FTPClient.java,3276,NullifyInputVariable,"public boolean storeFile(final String remote, final InputStream local) throws IOException {","public boolean storeFile(final String remote, final InputStream local) throws IOException { local = null;",101,reduced_nullify_final_param_non_compilable
org/apache/commons/net/SocketClient.java,129,NullifyInputVariable,"private void _connect(final InetSocketAddress remoteInetSocketAddress, final InetAddress localAddr, final int localPort) throws IOException {","private void _connect(final InetSocketAddress remoteInetSocketAddress, final InetAddress localAddr, final int localPort) throws IOException { remoteInetSocketAddress = null;",30,reduced_nullify_final_param_non_compilable
org/apache/commons/net/smtp/SMTPClient.java,418,NullifyInputVariable,public boolean setSender(final String address) throws IOException {,public boolean setSender(final String address) throws IOException { address = null;,10,reduced_nullify_final_param_non_compilable
org/apache/commons/net/ftp/parser/MVSFTPEntryParser.java,449,NullifyInputVariable,public List<String> preParse(final List<String> orig) {,public List<String> preParse(final List<String> orig) { orig = null;,13,reduced_nullify_final_param_non_compilable
org/apache/commons/net/ftp/FTPClient.java,2413,NullifyInputVariable,"public boolean login(final String user, final String password, final String account) throws IOException {","public boolean login(final String user, final String password, final String account) throws IOException { account = null;",138,reduced_nullify_final_param_non_compilable
org/apache/commons/net/ftp/parser/MacOsPeterFTPEntryParser.java,103,NullifyInputVariable,public FTPFile parseFTPEntry(final String entry) {,public FTPFile parseFTPEntry(final String entry) { entry = null;,14,reduced_nullify_final_param_non_compilable
org/apache/commons/net/nntp/NNTPClient.java,1439,NullifyInputVariable,public boolean selectPreviousArticle(final ArticleInfo pointer) throws IOException {,public boolean selectPreviousArticle(final ArticleInfo pointer) throws IOException { pointer = null;,42,reduced_nullify_final_param_non_compilable
org/apache/commons/net/smtp/AuthenticatingSMTPClient.java,167,NullifyInputVariable,"throws IOException, NoSuchAlgorithmException, InvalidKeyException, InvalidKeySpecException {","throws IOException, NoSuchAlgorithmException, InvalidKeyException, InvalidKeySpecException { password = null;",11,reduced_nullify_input_other_filter
org/apache/commons/net/examples/ftp/ServerToServerFTP.java,38,NullifyInputVariable,public static void main(final String[] args) {,public static void main(final String[] args) { args = null;,8,reduced_nullify_final_param_non_compilable
org/apache/commons/net/util/KeyManagerUtils.java,122,RemoveMethod,"public String[] getClientAliases(final String keyType, final Principal[] issuers) {","public String[] getClientAliases(final String keyType, final Principal[] issuers) {",46,reduced_remove_method_other
org/apache/commons/net/whois/WhoisClient.java,85,NullifyInputVariable,public String query(final String handle) throws IOException {,public String query(final String handle) throws IOException { handle = null;,1,reduced_nullify_final_param_non_compilable
org/apache/commons/net/ftp/FTPClient.java,985,NullifyInputVariable,"protected OutputStream _storeFileStream(final String command, final String remote) throws IOException {","protected OutputStream _storeFileStream(final String command, final String remote) throws IOException { remote = null;",179,reduced_nullify_final_param_non_compilable
org/apache/commons/net/chargen/CharGenUDPClient.java,79,RemoveMethod,public byte[] receive() throws IOException {,public byte[] receive() throws IOException {,8,reduced_remove_method_other
org/apache/commons/net/ftp/FTP.java,1176,NullifyInputVariable,"public int sendCommand(final FTPCmd command, final String args) throws IOException {","public int sendCommand(final FTPCmd command, final String args) throws IOException { args = null;",33,reduced_nullify_final_param_non_compilable
org/apache/commons/net/examples/nntp/ListNewsgroups.java,33,NullifyInputVariable,public static void main(final String[] args) {,public static void main(final String[] args) { args = null;,1,reduced_nullify_final_param_non_compilable
org/apache/commons/net/ftp/parser/MLSxEntryParser.java,86,NullifyInputVariable,public static FTPFile parseEntry(final String entry) {,public static FTPFile parseEntry(final String entry) { entry = null;,18,reduced_nullify_final_param_non_compilable
org/apache/commons/net/nntp/NNTPClient.java,353,NullifyInputVariable,public Iterable<String> iterateNewsgroupListing(final String wildmat) throws IOException {,public Iterable<String> iterateNewsgroupListing(final String wildmat) throws IOException { wildmat = null;,94,reduced_nullify_final_param_non_compilable
org/apache/commons/net/smtp/AuthenticatingSMTPClient.java,236,NullifyInputVariable,public int ehlo(final String hostname) throws IOException {,public int ehlo(final String hostname) throws IOException { hostname = null;,10,reduced_nullify_final_param_non_compilable
org/apache/commons/net/bsd/RLoginClient.java,87,NullifyInputVariable,"public void rlogin(final String localUserName, final String remoteUserName, final String terminalType, final int terminalSpeed) throws IOException {","public void rlogin(final String localUserName, final String remoteUserName, final String terminalType, final int terminalSpeed) throws IOException { terminalType = null;",2,reduced_nullify_final_param_non_compilable
org/apache/commons/net/ftp/FTPClient.java,3150,NullifyInputVariable,public void setPassiveLocalIPAddress(final String ipAddress) throws UnknownHostException {,public void setPassiveLocalIPAddress(final String ipAddress) throws UnknownHostException { ipAddress = null;,108,reduced_nullify_final_param_non_compilable
org/apache/commons/net/pop3/POP3SClient.java,359,NullifyInputVariable,public void setTrustManager(final TrustManager newTrustManager) {,public void setTrustManager(final TrustManager newTrustManager) { newTrustManager = null;,8,reduced_nullify_final_param_non_compilable
org/apache/commons/net/SocketClient.java,129,NullifyInputVariable,"private void _connect(final InetSocketAddress remoteInetSocketAddress, final InetAddress localAddr, final int localPort) throws IOException {","private void _connect(final InetSocketAddress remoteInetSocketAddress, final InetAddress localAddr, final int localPort) throws IOException { localAddr = null;",29,reduced_nullify_final_param_non_compilable
org/apache/commons/net/examples/nntp/ArticleReader.java,34,NullifyInputVariable,"public static void main(final String[] args) throws SocketException, IOException {","public static void main(final String[] args) throws SocketException, IOException { args = null;",10,reduced_nullify_final_param_non_compilable
org/apache/commons/net/util/Base64.java,180,RemoveMethod,"public static byte[] encodeBase64(final byte[] binaryData, final boolean chunked, final boolean urlSafe) {","public static byte[] encodeBase64(final byte[] binaryData, final boolean chunked, final boolean urlSafe) {",99,reduced_remove_method_other
org/apache/commons/net/nntp/Article.java,205,NullifyInputVariable,public void setFrom(final String string) {,public void setFrom(final String string) { string = null;,43,reduced_nullify_final_param_non_compilable
org/apache/commons/net/smtp/SMTP.java,518,NullifyInputVariable,"private int sendCommand(final String command, final String args, final boolean includeSpace) throws IOException {","private int sendCommand(final String command, final String args, final boolean includeSpace) throws IOException { args = null;",11,reduced_nullify_final_param_non_compilable
org/apache/commons/net/examples/telnet/TelnetClientExample.java,52,NullifyInputVariable,public static void main(final String[] args) throws Exception {,public static void main(final String[] args) throws Exception { args = null;,5,reduced_nullify_final_param_non_compilable
org/apache/commons/net/smtp/SMTPSClient.java,220,RemoveMethod,public String[] getEnabledProtocols() {,public String[] getEnabledProtocols() {,33,reduced_remove_method_other
org/apache/commons/net/nntp/NNTPClient.java,1386,NullifyInputVariable,public boolean selectNextArticle(final ArticleInfo pointer) throws IOException {,public boolean selectNextArticle(final ArticleInfo pointer) throws IOException { pointer = null;,44,reduced_nullify_final_param_non_compilable
org/apache/commons/net/ftp/FTP.java,1209,NullifyInputVariable,"public int sendCommand(final int command, final String args) throws IOException {","public int sendCommand(final int command, final String args) throws IOException { args = null;",32,reduced_nullify_final_param_non_compilable
org/apache/commons/net/bsd/RExecClient.java,184,NullifyInputVariable,"public void rexec(final String user, final String password, final String command, final boolean separateErrorStream) throws IOException {","public void rexec(final String user, final String password, final String command, final boolean separateErrorStream) throws IOException { user = null;",7,reduced_nullify_final_param_non_compilable
org/apache/commons/net/smtp/AuthenticatingSMTPClient.java,282,RemoveMethod,public int[] getEnhancedReplyCode() {,public int[] getEnhancedReplyCode() {,18,reduced_remove_method_other
org/apache/commons/net/util/Charsets.java,47,NullifyInputVariable,"public static Charset toCharset(final String charsetName, final String defaultCharsetName) {","public static Charset toCharset(final String charsetName, final String defaultCharsetName) { charsetName = null;",4,reduced_nullify_final_param_non_compilable
org/apache/commons/net/ftp/FTPClientConfig.java,267,RemoveMethod,private static String[] splitShortMonthString(final String shortmonths) {,private static String[] splitShortMonthString(final String shortmonths) {,51,reduced_remove_method_other
org/apache/commons/net/ftp/FTPSTrustManager.java,44,NullifyInputVariable,"public void checkServerTrusted(final X509Certificate[] certificates, final String authType) throws CertificateException {","public void checkServerTrusted(final X509Certificate[] certificates, final String authType) throws CertificateException { authType = null;",1,reduced_nullify_final_param_non_compilable
org/apache/commons/net/nntp/NNTP.java,611,NullifyInputVariable,"public int sendCommand(final int command, final String args) throws IOException {","public int sendCommand(final int command, final String args) throws IOException { args = null;",13,reduced_nullify_final_param_non_compilable
org/apache/commons/net/ftp/FTPClient.java,3322,NullifyInputVariable,public boolean storeUniqueFile(final InputStream local) throws IOException {,public boolean storeUniqueFile(final InputStream local) throws IOException { local = null;,97,reduced_nullify_final_param_non_compilable
org/apache/commons/net/examples/unix/chargen.java,64,NullifyInputVariable,public static void chargenUDP(final String host) throws IOException {,public static void chargenUDP(final String host) throws IOException { host = null;,4,reduced_nullify_final_param_non_compilable
org/apache/commons/net/ProtocolCommandSupport.java,87,NullifyInputVariable,"public void fireReplyReceived(final int replyCode, final String message) {","public void fireReplyReceived(final int replyCode, final String message) { message = null;",4,reduced_nullify_final_param_non_compilable
org/apache/commons/net/examples/ftp/TFTPExample.java,199,NullifyInputVariable,throws IOException {,throws IOException { hostname = null;,12,reduced_nullify_input_other_filter
org/apache/commons/net/ftp/FTPClient.java,2470,NullifyInputVariable,public Calendar mdtmCalendar(final String pathname) throws IOException {,public Calendar mdtmCalendar(final String pathname) throws IOException { pathname = null;,136,reduced_nullify_final_param_non_compilable
org/apache/commons/net/ftp/parser/DefaultFTPFileEntryParserFactory.java,180,NullifyInputVariable,private FTPFileEntryParser createNTFTPEntryParser(final FTPClientConfig config) {,private FTPFileEntryParser createNTFTPEntryParser(final FTPClientConfig config) { config = null;,15,reduced_nullify_final_param_non_compilable
org/apache/commons/net/ftp/FTPSClient.java,972,NullifyInputVariable,"public int sendCommand(final String command, final String args) throws IOException {","public int sendCommand(final String command, final String args) throws IOException { command = null;",52,reduced_nullify_final_param_non_compilable
org/apache/commons/net/examples/mail/IMAPImportMbox.java,175,NullifyInputVariable,"private static boolean process(final StringBuilder sb, final IMAPClient imap, final String folder, final int msgNum) throws IOException {","private static boolean process(final StringBuilder sb, final IMAPClient imap, final String folder, final int msgNum) throws IOException { imap = null;",22,reduced_nullify_final_param_non_compilable
org/apache/commons/net/ProtocolCommandSupport.java,57,NullifyInputVariable,public void addProtocolCommandListener(final ProtocolCommandListener listener) {,public void addProtocolCommandListener(final ProtocolCommandListener listener) { listener = null;,7,reduced_nullify_final_param_non_compilable
org/apache/commons/net/ftp/FTPClient.java,1748,NullifyInputVariable,public String getSize(final String pathname) throws IOException {,public String getSize(final String pathname) throws IOException { pathname = null;,160,reduced_nullify_final_param_non_compilable
org/apache/commons/net/nntp/Article.java,196,NullifyInputVariable,public void setChild(final Threadable child) {,public void setChild(final Threadable child) { child = null;,45,reduced_nullify_final_param_non_compilable
org/apache/commons/net/ftp/FTPClient.java,2797,NullifyInputVariable,"public boolean retrieveFile(final String remote, final OutputStream local) throws IOException {","public boolean retrieveFile(final String remote, final OutputStream local) throws IOException { remote = null;",121,reduced_nullify_final_param_non_compilable
org/apache/commons/net/ftp/FTPClient.java,2080,NullifyInputVariable,"public FTPListParseEngine initiateListParsing(final String parserKey, final String pathname) throws IOException {","public FTPListParseEngine initiateListParsing(final String parserKey, final String pathname) throws IOException { parserKey = null;",151,reduced_nullify_final_param_non_compilable
org/apache/commons/net/ftp/FTPSClient.java,323,NullifyInputVariable,private boolean checkPROTValue(final String prot) {,private boolean checkPROTValue(final String prot) { prot = null;,63,reduced_nullify_final_param_non_compilable
org/apache/commons/net/ftp/FTPClient.java,2457,NullifyInputVariable,public boolean makeDirectory(final String pathname) throws IOException {,public boolean makeDirectory(final String pathname) throws IOException { pathname = null;,137,reduced_nullify_final_param_non_compilable
org/apache/commons/net/ftp/FTP.java,980,NullifyInputVariable,public int pass(final String password) throws IOException {,public int pass(final String password) throws IOException { password = null;,43,reduced_nullify_final_param_non_compilable
org/apache/commons/net/imap/IMAPClient.java,532,NullifyInputVariable,"public boolean store(final String sequenceSet, final String itemNames, final String itemValues) throws IOException {","public boolean store(final String sequenceSet, final String itemNames, final String itemValues) throws IOException { sequenceSet = null;",26,reduced_nullify_final_param_non_compilable
org/apache/commons/net/SocketClient.java,259,NullifyInputVariable,"public void connect(final InetAddress host, final int port, final InetAddress localAddr, final int localPort) throws SocketException, IOException {","public void connect(final InetAddress host, final int port, final InetAddress localAddr, final int localPort) throws SocketException, IOException { host = null;",23,reduced_nullify_final_param_non_compilable
org/apache/commons/net/tftp/TFTPClient.java,275,NullifyInputVariable,"public void sendFile(final String fileName, final int mode, final InputStream input, final InetAddress host) throws IOException {","public void sendFile(final String fileName, final int mode, final InputStream input, final InetAddress host) throws IOException { input = null;",23,reduced_nullify_final_param_non_compilable
org/apache/commons/net/tftp/TFTPDataPacket.java,119,RemoveMethod,public byte[] getData() {,public byte[] getData() {,24,reduced_remove_method_other
org/apache/commons/net/ftp/FTPClient.java,2901,NullifyInputVariable,public void setControlKeepAliveReplyTimeout(final Duration timeout) {,public void setControlKeepAliveReplyTimeout(final Duration timeout) { timeout = null;,116,reduced_nullify_final_param_non_compilable
org/apache/commons/net/ftp/FTPClient.java,2581,NullifyInputVariable,public FTPFile mlistFile(final String pathname) throws IOException {,public FTPFile mlistFile(final String pathname) throws IOException { pathname = null;,129,reduced_nullify_final_param_non_compilable
org/apache/commons/net/ftp/FTPClient.java,3209,NullifyInputVariable,public void setReportActiveExternalIPAddress(final String ipAddress) throws UnknownHostException {,public void setReportActiveExternalIPAddress(final String ipAddress) throws UnknownHostException { ipAddress = null;,106,reduced_nullify_final_param_non_compilable
org/apache/commons/net/smtp/SMTPClient.java,235,NullifyInputVariable,public boolean login(final String hostname) throws IOException {,public boolean login(final String hostname) throws IOException { hostname = null;,19,reduced_nullify_final_param_non_compilable
org/apache/commons/net/ftp/FTPClient.java,2387,NullifyInputVariable,"public boolean login(final String user, final String password) throws IOException {","public boolean login(final String user, final String password) throws IOException { password = null;",141,reduced_nullify_final_param_non_compilable
org/apache/commons/net/ftp/FTPSClient.java,1010,NullifyInputVariable,public void setEnabledProtocols(final String[] protocolVersions) {,public void setEnabledProtocols(final String[] protocolVersions) { protocolVersions = null;,48,reduced_nullify_final_param_non_compilable
org/apache/commons/net/SocketClient.java,274,NullifyInputVariable,"public void connect(final String hostname) throws SocketException, IOException {","public void connect(final String hostname) throws SocketException, IOException { hostname = null;",21,reduced_nullify_final_param_non_compilable
org/apache/commons/net/ftp/FTP.java,1405,NullifyInputVariable,"private boolean strictCheck(final String line, final String code) {","private boolean strictCheck(final String line, final String code) { code = null;",20,reduced_nullify_final_param_non_compilable
org/apache/commons/net/ntp/TimeStamp.java,274,NullifyInputVariable,public boolean equals(final Object obj) {,public boolean equals(final Object obj) { obj = null;,30,reduced_nullify_final_param_non_compilable
org/apache/commons/net/util/KeyManagerUtils.java,111,NullifyInputVariable,"public String chooseServerAlias(final String keyType, final Principal[] issuers, final Socket socket) {","public String chooseServerAlias(final String keyType, final Principal[] issuers, final Socket socket) { keyType = null;",27,reduced_nullify_final_param_non_compilable
org/apache/commons/net/util/Base64.java,414,RemoveMethod,private static byte[] toIntegerBytes(final BigInteger bigInt) {,private static byte[] toIntegerBytes(final BigInteger bigInt) {,62,reduced_remove_method_other
org/apache/commons/net/smtp/SMTP.java,297,NullifyInputVariable,public int helo(final String hostname) throws IOException {,public int helo(final String hostname) throws IOException { hostname = null;,24,reduced_nullify_final_param_non_compilable
org/apache/commons/net/util/TrustManagerUtils.java,47,NullifyInputVariable,"public void checkClientTrusted(final X509Certificate[] certificates, final String authType) {","public void checkClientTrusted(final X509Certificate[] certificates, final String authType) { certificates = null;",5,reduced_nullify_final_param_non_compilable
org/apache/commons/net/ntp/NtpV3Impl.java,89,NullifyInputVariable,public boolean equals(final Object obj) {,public boolean equals(final Object obj) { obj = null;,55,reduced_nullify_final_param_non_compilable
org/apache/commons/net/examples/ftp/TFTPExample.java,199,NullifyInputVariable,throws IOException {,throws IOException { tftp = null;,9,reduced_nullify_input_other_filter
org/apache/commons/net/ftp/FTPClient.java,3140,NullifyInputVariable,public void setPassiveLocalIPAddress(final InetAddress inetAddress) {,public void setPassiveLocalIPAddress(final InetAddress inetAddress) { inetAddress = null;,109,reduced_nullify_final_param_non_compilable
org/apache/commons/net/ftp/FTP.java,1326,NullifyInputVariable,public int smnt(final String dir) throws IOException {,public int smnt(final String dir) throws IOException { dir = null;,25,reduced_nullify_final_param_non_compilable
org/apache/commons/net/ftp/FTP.java,460,NullifyInputVariable,public int dele(final String pathname) throws IOException {,public int dele(final String pathname) throws IOException { pathname = null;,55,reduced_nullify_final_param_non_compilable
org/apache/commons/net/ftp/FTPClient.java,1300,NullifyInputVariable,"public String[] doCommandAsStrings(final String command, final String params) throws IOException {","public String[] doCommandAsStrings(final String command, final String params) throws IOException { command = null;",169,reduced_nullify_final_param_non_compilable
org/apache/commons/net/examples/mail/Utils.java,42,NullifyInputVariable,"static String getPassword(final String user, String password) throws IOException {","static String getPassword(final String user, String password) throws IOException { user = null;",4,reduced_nullify_final_param_non_compilable
org/apache/commons/net/imap/IMAPClient.java,310,NullifyInputVariable,"public boolean copy(final String sequenceSet, final String mailboxName) throws IOException {","public boolean copy(final String sequenceSet, final String mailboxName) throws IOException { mailboxName = null;",46,reduced_nullify_final_param_non_compilable
org/apache/commons/net/ntp/TimeStamp.java,79,NullifyInputVariable,protected static long decodeNtpHexString(final String hexString) throws NumberFormatException {,protected static long decodeNtpHexString(final String hexString) throws NumberFormatException { hexString = null;,33,reduced_nullify_final_param_non_compilable
org/apache/commons/net/smtp/RelayPath.java,55,NullifyInputVariable,public void addRelay(final String hostname) {,public void addRelay(final String hostname) { hostname = null;,1,reduced_nullify_final_param_non_compilable
org/apache/commons/net/ftp/FTPClient.java,875,NullifyInputVariable,"protected boolean _retrieveFile(final String command, final String remote, final OutputStream local) throws IOException {","protected boolean _retrieveFile(final String command, final String remote, final OutputStream local) throws IOException { remote = null;",187,reduced_nullify_final_param_non_compilable
org/apache/commons/net/imap/IMAP.java,425,NullifyInputVariable,public void setChunkListener(final IMAPChunkListener listener) {,public void setChunkListener(final IMAPChunkListener listener) { listener = null;,15,reduced_nullify_final_param_non_compilable
org/apache/commons/net/ftp/FTPClient.java,1432,NullifyInputVariable,public String[] featureValues(final String feature) throws IOException {,public String[] featureValues(final String feature) throws IOException { feature = null;,165,reduced_nullify_final_param_non_compilable
org/apache/commons/net/nntp/NNTPClient.java,322,NullifyInputVariable,public Iterable<NewsgroupInfo> iterateNewNewsgroups(final NewGroupsOrNewsQuery query) throws IOException {,public Iterable<NewsgroupInfo> iterateNewNewsgroups(final NewGroupsOrNewsQuery query) throws IOException { query = null;,95,reduced_nullify_final_param_non_compilable
org/apache/commons/net/ftp/FTPSSocketFactory.java,97,NullifyInputVariable,"public Socket createSocket(final String address, final int port) throws UnknownHostException, IOException {","public Socket createSocket(final String address, final int port) throws UnknownHostException, IOException { address = null;",4,reduced_nullify_final_param_non_compilable
org/apache/commons/net/nntp/NNTPClient.java,943,NullifyInputVariable,"public Reader retrieveArticleHeader(final int a, final ArticlePointer ap) throws IOException {","public Reader retrieveArticleHeader(final int a, final ArticlePointer ap) throws IOException { ap = null;",70,reduced_nullify_final_param_non_compilable
org/apache/commons/net/util/KeyManagerUtils.java,215,NullifyInputVariable,"throws KeyStoreException, IOException, GeneralSecurityException {","throws KeyStoreException, IOException, GeneralSecurityException { storePath = null;",3,reduced_nullify_input_other_filter
org/apache/commons/net/io/Util.java,222,NullifyInputVariable,final CopyStreamListener listener) throws CopyStreamException {,final CopyStreamListener listener) throws CopyStreamException { dest = null;,14,reduced_nullify_final_param_non_compilable
org/apache/commons/net/util/KeyManagerUtils.java,198,NullifyInputVariable,"final String keyPass) throws IOException, GeneralSecurityException {","final String keyPass) throws IOException, GeneralSecurityException { keyPass = null;",6,reduced_nullify_final_param_non_compilable
org/apache/commons/net/io/Util.java,57,NullifyInputVariable,public static void closeQuietly(final Closeable closeable) {,public static void closeQuietly(final Closeable closeable) { closeable = null;,28,reduced_nullify_final_param_non_compilable
org/apache/commons/net/ftp/parser/FTPTimestampParserImpl.java,152,NullifyInputVariable,public void configure(final FTPClientConfig config) {,public void configure(final FTPClientConfig config) { config = null;,26,reduced_nullify_final_param_non_compilable
org/apache/commons/net/ftp/FTPClient.java,2797,NullifyInputVariable,"public boolean retrieveFile(final String remote, final OutputStream local) throws IOException {","public boolean retrieveFile(final String remote, final OutputStream local) throws IOException { local = null;",120,reduced_nullify_final_param_non_compilable
org/apache/commons/net/finger/FingerClient.java,144,NullifyInputVariable,"public String query(final boolean longOutput, final String user) throws IOException {","public String query(final boolean longOutput, final String user) throws IOException { user = null;",1,reduced_nullify_final_param_non_compilable
org/apache/commons/net/examples/mail/IMAPImportMbox.java,189,NullifyInputVariable,"private static boolean startsWith(final String input, final Pattern pat) {","private static boolean startsWith(final String input, final Pattern pat) { pat = null;",19,reduced_nullify_final_param_non_compilable
org/apache/commons/net/ftp/FTPClient.java,2487,NullifyInputVariable,public FTPFile mdtmFile(final String pathname) throws IOException {,public FTPFile mdtmFile(final String pathname) throws IOException { pathname = null;,135,reduced_nullify_final_param_non_compilable
org/apache/commons/net/tftp/TFTPClient.java,261,NullifyInputVariable,"throws UnknownHostException, IOException {","throws UnknownHostException, IOException { fileName = null;",27,reduced_nullify_input_other_filter
org/apache/commons/net/examples/mail/POP3Mail.java,38,NullifyInputVariable,public static void main(final String[] args) {,public static void main(final String[] args) { args = null;,11,reduced_nullify_final_param_non_compilable
org/apache/commons/net/telnet/TelnetOptionHandler.java,91,RemoveMethod,"public int[] answerSubnegotiation(final int suboptionData[], final int suboptionLength) {","public int[] answerSubnegotiation(final int suboptionData[], final int suboptionLength) {",26,reduced_remove_method_other
org/apache/commons/net/SocketClient.java,786,NullifyInputVariable,public boolean verifyRemote(final Socket socket) {,public boolean verifyRemote(final Socket socket) { socket = null;,9,reduced_nullify_final_param_non_compilable
org/apache/commons/net/telnet/Telnet.java,191,NullifyInputVariable,void _registerSpyStream(final OutputStream spystream) {,void _registerSpyStream(final OutputStream spystream) { spystream = null;,83,reduced_nullify_final_param_non_compilable
org/apache/commons/net/SocketClient.java,720,NullifyInputVariable,public void setServerSocketFactory(final ServerSocketFactory factory) {,public void setServerSocketFactory(final ServerSocketFactory factory) { factory = null;,11,reduced_nullify_final_param_non_compilable
org/apache/commons/net/examples/mail/IMAPImportMbox.java,84,NullifyInputVariable,public static void main(final String[] args) throws IOException {,public static void main(final String[] args) throws IOException { args = null;,24,reduced_nullify_final_param_non_compilable
org/apache/commons/net/smtp/SMTPSClient.java,348,NullifyInputVariable,public void setHostnameVerifier(final HostnameVerifier newHostnameVerifier) {,public void setHostnameVerifier(final HostnameVerifier newHostnameVerifier) { newHostnameVerifier = null;,11,reduced_nullify_final_param_non_compilable
org/apache/commons/net/examples/mail/POP3ExportMbox.java,155,NullifyInputVariable,"private static boolean startsWith(final String input, final Pattern pat) {","private static boolean startsWith(final String input, final Pattern pat) { input = null;",15,reduced_nullify_final_param_non_compilable
org/apache/commons/net/SocketClient.java,170,NullifyInputVariable,public void addProtocolCommandListener(final ProtocolCommandListener listener) {,public void addProtocolCommandListener(final ProtocolCommandListener listener) { listener = null;,28,reduced_nullify_final_param_non_compilable
org/apache/commons/net/tftp/TFTPClient.java,122,NullifyInputVariable,"public int receiveFile(final String fileName, final int mode, OutputStream output, InetAddress host, final int port) throws IOException {","public int receiveFile(final String fileName, final int mode, OutputStream output, InetAddress host, final int port) throws IOException { fileName = null;",33,reduced_nullify_final_param_non_compilable
org/apache/commons/net/ftp/FTPClient.java,2413,NullifyInputVariable,"public boolean login(final String user, final String password, final String account) throws IOException {","public boolean login(final String user, final String password, final String account) throws IOException { user = null;",140,reduced_nullify_final_param_non_compilable
org/apache/commons/net/SocketClient.java,355,NullifyInputVariable,"protected void fireReplyReceived(final int replyCode, final String reply) {","protected void fireReplyReceived(final int replyCode, final String reply) { reply = null;",15,reduced_nullify_final_param_non_compilable
org/apache/commons/net/SocketClient.java,306,NullifyInputVariable,"public void connect(final String hostname, final int port, final InetAddress localAddr, final int localPort) throws SocketException, IOException {","public void connect(final String hostname, final int port, final InetAddress localAddr, final int localPort) throws SocketException, IOException { localAddr = null;",18,reduced_nullify_final_param_non_compilable
org/apache/commons/net/bsd/RCommandClient.java,99,NullifyInputVariable,"public void connect(final InetAddress host, final int port) throws SocketException, IOException {","public void connect(final InetAddress host, final int port) throws SocketException, IOException { host = null;",20,reduced_nullify_final_param_non_compilable
org/apache/commons/net/ntp/NtpV3Impl.java,489,NullifyInputVariable,public void setReceiveTimeStamp(final TimeStamp ts) {,public void setReceiveTimeStamp(final TimeStamp ts) { ts = null;,52,reduced_nullify_final_param_non_compilable
org/apache/commons/net/pop3/ExtendedPOP3Client.java,88,NullifyInputVariable,"throws IOException, NoSuchAlgorithmException, InvalidKeyException, InvalidKeySpecException {","throws IOException, NoSuchAlgorithmException, InvalidKeyException, InvalidKeySpecException { user = null;",6,reduced_nullify_input_other_filter
org/apache/commons/net/DefaultSocketFactory.java,123,NullifyInputVariable,"public Socket createSocket(final InetAddress address, final int port) throws IOException {","public Socket createSocket(final InetAddress address, final int port) throws IOException { address = null;",11,reduced_nullify_final_param_non_compilable
org/apache/commons/net/tftp/TFTPClient.java,414,NullifyInputVariable,"public void sendFile(final String fileName, final int mode, final InputStream input, final String hostname) throws UnknownHostException, IOException {","public void sendFile(final String fileName, final int mode, final InputStream input, final String hostname) throws UnknownHostException, IOException { input = null;",17,reduced_nullify_final_param_non_compilable
org/apache/commons/net/ftp/FTPListParseEngine.java,257,NullifyInputVariable,public void readServerList(final InputStream inputStream) throws IOException {,public void readServerList(final InputStream inputStream) throws IOException { inputStream = null;,13,reduced_nullify_final_param_non_compilable
org/apache/commons/net/ftp/FTPSClient.java,280,NullifyInputVariable,"protected Socket _openDataConnection_(final String command, final String arg) throws IOException {","protected Socket _openDataConnection_(final String command, final String arg) throws IOException { arg = null;",65,reduced_nullify_final_param_non_compilable
org/apache/commons/net/nntp/NNTPClient.java,1154,NullifyInputVariable,"public BufferedReader retrieveHeader(final String header, final long lowArticleNumber, final long highArticleNumber) throws IOException {","public BufferedReader retrieveHeader(final String header, final long lowArticleNumber, final long highArticleNumber) throws IOException { header = null;",59,reduced_nullify_final_param_non_compilable
org/apache/commons/net/discard/DiscardUDPClient.java,66,NullifyInputVariable,"public void send(final byte[] data, final int length, final InetAddress host) throws IOException {","public void send(final byte[] data, final int length, final InetAddress host) throws IOException { host = null;",2,reduced_nullify_final_param_non_compilable
org/apache/commons/net/imap/IMAPClient.java,555,NullifyInputVariable,"public boolean uid(final String command, final String commandArgs) throws IOException {","public boolean uid(final String command, final String commandArgs) throws IOException { command = null;",22,reduced_nullify_final_param_non_compilable
org/apache/commons/net/ftp/FTPClient.java,2846,NullifyInputVariable,public boolean sendSiteCommand(final String arguments) throws IOException {,public boolean sendSiteCommand(final String arguments) throws IOException { arguments = null;,118,reduced_nullify_final_param_non_compilable
org/apache/commons/net/util/Base64.java,114,RemoveMethod,public static byte[] decodeBase64(final byte[] base64) {,public static byte[] decodeBase64(final byte[] base64) {,110,reduced_remove_method_other
org/apache/commons/net/ftp/FTPSSocketFactory.java,114,NullifyInputVariable,public java.net.ServerSocket init(final java.net.ServerSocket socket) throws IOException {,public java.net.ServerSocket init(final java.net.ServerSocket socket) throws IOException { socket = null;,1,reduced_nullify_final_param_non_compilable
org/apache/commons/net/ftp/FTPClient.java,875,NullifyInputVariable,"protected boolean _retrieveFile(final String command, final String remote, final OutputStream local) throws IOException {","protected boolean _retrieveFile(final String command, final String remote, final OutputStream local) throws IOException { local = null;",186,reduced_nullify_final_param_non_compilable
org/apache/commons/net/ftp/FTPSClient.java,577,RemoveMethod,public String[] getEnabledCipherSuites() {,public String[] getEnabledCipherSuites() {,141,reduced_remove_method_other
org/apache/commons/net/imap/AuthenticatingIMAPClient.java,227,NullifyInputVariable,"throws IOException, NoSuchAlgorithmException, InvalidKeyException, InvalidKeySpecException {","throws IOException, NoSuchAlgorithmException, InvalidKeyException, InvalidKeySpecException { user = null;",7,reduced_nullify_input_other_filter
org/apache/commons/net/imap/IMAPClient.java,555,NullifyInputVariable,"public boolean uid(final String command, final String commandArgs) throws IOException {","public boolean uid(final String command, final String commandArgs) throws IOException { commandArgs = null;",21,reduced_nullify_final_param_non_compilable
org/apache/commons/net/nntp/NNTPClient.java,1350,NullifyInputVariable,"public boolean selectNewsgroup(final String newsgroup, final NewsgroupInfo info) throws IOException {","public boolean selectNewsgroup(final String newsgroup, final NewsgroupInfo info) throws IOException { newsgroup = null;",46,reduced_nullify_final_param_non_compilable
org/apache/commons/net/nntp/NNTPClient.java,637,NullifyInputVariable,"private BufferedReader retrieve(final int command, final String articleId, final ArticleInfo pointer) throws IOException {","private BufferedReader retrieve(final int command, final String articleId, final ArticleInfo pointer) throws IOException { articleId = null;",86,reduced_nullify_final_param_non_compilable
org/apache/commons/net/examples/unix/chargen.java,41,NullifyInputVariable,public static void chargenTCP(final String host) throws IOException {,public static void chargenTCP(final String host) throws IOException { host = null;,5,reduced_nullify_final_param_non_compilable
org/apache/commons/net/util/Base64.java,217,RemoveMethod,public static byte[] encodeBase64Chunked(final byte[] binaryData) {,public static byte[] encodeBase64Chunked(final byte[] binaryData) {,95,reduced_remove_method_other
org/apache/commons/net/examples/ftp/TFTPExample.java,158,NullifyInputVariable,final TFTPClient tftp) throws IOException {,final TFTPClient tftp) throws IOException { hostname = null;,16,reduced_nullify_final_param_non_compilable
org/apache/commons/net/nntp/NNTP.java,422,NullifyInputVariable,public int ihave(final String messageId) throws IOException {,public int ihave(final String messageId) throws IOException { messageId = null;,22,reduced_nullify_final_param_non_compilable
org/apache/commons/net/nntp/NNTPClient.java,548,NullifyInputVariable,"private void parseArticlePointer(final String reply, final ArticleInfo pointer) throws MalformedServerReplyException {","private void parseArticlePointer(final String reply, final ArticleInfo pointer) throws MalformedServerReplyException { pointer = null;",88,reduced_nullify_final_param_non_compilable
org/apache/commons/net/nntp/Article.java,102,NullifyInputVariable,"public void addHeaderField(final String name, final String val) {","public void addHeaderField(final String name, final String val) { val = null;",48,reduced_nullify_final_param_non_compilable
org/apache/commons/net/ftp/FTPSSocketFactory.java,103,NullifyInputVariable,"throws UnknownHostException, IOException {","throws UnknownHostException, IOException { address = null;",3,reduced_nullify_input_other_filter
org/apache/commons/net/pop3/POP3Client.java,279,NullifyInputVariable,"public boolean login(final String user, String timestamp, final String secret) throws IOException, NoSuchAlgorithmException {","public boolean login(final String user, String timestamp, final String secret) throws IOException, NoSuchAlgorithmException { secret = null;",10,reduced_nullify_final_param_non_compilable
org/apache/commons/net/examples/unix/echo.java,68,NullifyInputVariable,public static void echoUDP(final String host) throws IOException {,public static void echoUDP(final String host) throws IOException { host = null;,6,reduced_nullify_final_param_non_compilable
org/apache/commons/net/ftp/FTPClient.java,1863,NullifyInputVariable,public boolean hasFeature(final String feature) throws IOException {,public boolean hasFeature(final String feature) throws IOException { feature = null;,157,reduced_nullify_final_param_non_compilable
org/apache/commons/net/nntp/Threader.java,159,NullifyInputVariable,private void gatherSubjects(final NntpThreadContainer root) {,private void gatherSubjects(final NntpThreadContainer root) { root = null;,85,reduced_nullify_final_param_non_compilable
org/apache/commons/net/ftp/FTP.java,818,NullifyInputVariable,"public int mfmt(final String pathname, final String timeval) throws IOException {","public int mfmt(final String pathname, final String timeval) throws IOException { pathname = null;",49,reduced_nullify_final_param_non_compilable
org/apache/commons/net/ftp/FTP.java,832,NullifyInputVariable,public int mkd(final String pathname) throws IOException {,public int mkd(final String pathname) throws IOException { pathname = null;,47,reduced_nullify_final_param_non_compilable
org/apache/commons/net/nntp/NNTPClient.java,854,NullifyInputVariable,"public BufferedReader retrieveArticleBody(final long articleNumber, final ArticleInfo pointer) throws IOException {","public BufferedReader retrieveArticleBody(final long articleNumber, final ArticleInfo pointer) throws IOException { pointer = null;",76,reduced_nullify_final_param_non_compilable
org/apache/commons/net/ftp/parser/VMSFTPEntryParser.java,206,NullifyInputVariable,public String readNextEntry(final BufferedReader reader) throws IOException {,public String readNextEntry(final BufferedReader reader) throws IOException { reader = null;,6,reduced_nullify_final_param_non_compilable
org/apache/commons/net/daytime/DaytimeUDPClient.java,68,NullifyInputVariable,"public String getTime(final InetAddress host, final int port) throws IOException {","public String getTime(final InetAddress host, final int port) throws IOException { host = null;",1,reduced_nullify_final_param_non_compilable
org/apache/commons/net/io/Util.java,249,NullifyInputVariable,"final CopyStreamListener listener, final boolean flush) throws CopyStreamException {","final CopyStreamListener listener, final boolean flush) throws CopyStreamException { listener = null;",10,reduced_nullify_final_param_non_compilable
org/apache/commons/net/ftp/FTP.java,789,NullifyInputVariable,public int list(final String pathname) throws IOException {,public int list(final String pathname) throws IOException { pathname = null;,51,reduced_nullify_final_param_non_compilable
org/apache/commons/net/tftp/TFTPClient.java,242,NullifyInputVariable,"public int receiveFile(final String fileName, final int mode, final OutputStream output, final String hostname) throws UnknownHostException, IOException {","public int receiveFile(final String fileName, final int mode, final OutputStream output, final String hostname) throws UnknownHostException, IOException { output = null;",29,reduced_nullify_final_param_non_compilable
org/apache/commons/net/bsd/RExecClient.java,162,NullifyInputVariable,"public void rexec(final String user, final String password, final String command) throws IOException {","public void rexec(final String user, final String password, final String command) throws IOException { user = null;",10,reduced_nullify_final_param_non_compilable
org/apache/commons/net/DatagramSocketClient.java,234,NullifyInputVariable,public void setCharset(final Charset charset) {,public void setCharset(final Charset charset) { charset = null;,6,reduced_nullify_final_param_non_compilable
org/apache/commons/net/DatagramSocketClient.java,283,NullifyInputVariable,public void setSoTimeout(final Duration timeout) throws SocketException {,public void setSoTimeout(final Duration timeout) throws SocketException { timeout = null;,3,reduced_nullify_final_param_non_compilable
org/apache/commons/net/nntp/NNTPClient.java,128,NullifyInputVariable,static NewsgroupInfo parseNewsgroupListEntry(final String entry) {,static NewsgroupInfo parseNewsgroupListEntry(final String entry) { entry = null;,104,reduced_nullify_final_param_non_compilable
org/apache/commons/net/pop3/POP3Client.java,242,NullifyInputVariable,"public boolean login(final String user, final String password) throws IOException {","public boolean login(final String user, final String password) throws IOException { password = null;",13,reduced_nullify_final_param_non_compilable
org/apache/commons/net/nntp/Article.java,58,NullifyInputVariable,"public static void printThread(final Article article, final int depth, final PrintStream ps) {","public static void printThread(final Article article, final int depth, final PrintStream ps) { article = null;",53,reduced_nullify_final_param_non_compilable
org/apache/commons/net/ftp/FTP.java,1176,NullifyInputVariable,"public int sendCommand(final FTPCmd command, final String args) throws IOException {","public int sendCommand(final FTPCmd command, final String args) throws IOException { command = null;",34,reduced_nullify_final_param_non_compilable
org/apache/commons/net/ftp/FTPClient.java,696,NullifyInputVariable,"protected Socket _openDataConnection_(final String command, final String arg) throws IOException {","protected Socket _openDataConnection_(final String command, final String arg) throws IOException { arg = null;",191,reduced_nullify_final_param_non_compilable
org/apache/commons/net/ftp/parser/ConfigurableFTPFileEntryParserImpl.java,71,NullifyInputVariable,public void configure(final FTPClientConfig config) {,public void configure(final FTPClientConfig config) { config = null;,5,reduced_nullify_final_param_non_compilable
org/apache/commons/net/nntp/Article.java,182,NullifyInputVariable,public void setArticleId(final String string) {,public void setArticleId(final String string) { string = null;,46,reduced_nullify_final_param_non_compilable
org/apache/commons/net/imap/IMAPSClient.java,364,NullifyInputVariable,public void setTrustManager(final TrustManager newTrustManager) {,public void setTrustManager(final TrustManager newTrustManager) { newTrustManager = null;,8,reduced_nullify_final_param_non_compilable
org/apache/commons/net/io/CopyStreamAdapter.java,51,NullifyInputVariable,public void addCopyStreamListener(final CopyStreamListener listener) {,public void addCopyStreamListener(final CopyStreamListener listener) { listener = null;,3,reduced_nullify_final_param_non_compilable
org/apache/commons/net/ntp/NtpV3Impl.java,551,NullifyInputVariable,"private void setTimestamp(final int index, final TimeStamp t) {","private void setTimestamp(final int index, final TimeStamp t) { t = null;",50,reduced_nullify_final_param_non_compilable
org/apache/commons/net/nntp/NNTPClient.java,682,NullifyInputVariable,"public Reader retrieveArticle(final int articleNumber, final ArticlePointer pointer) throws IOException {","public Reader retrieveArticle(final int articleNumber, final ArticlePointer pointer) throws IOException { pointer = null;",84,reduced_nullify_final_param_non_compilable
org/apache/commons/net/ftp/FTPClient.java,945,NullifyInputVariable,"protected boolean _storeFile(final String command, final String remote, final InputStream local) throws IOException {","protected boolean _storeFile(final String command, final String remote, final InputStream local) throws IOException { remote = null;",182,reduced_nullify_final_param_non_compilable
org/apache/commons/net/ftp/FTPClient.java,3177,NullifyInputVariable,public void setPassiveNatWorkaroundStrategy(final HostnameResolver resolver) {,public void setPassiveNatWorkaroundStrategy(final HostnameResolver resolver) { resolver = null;,107,reduced_nullify_final_param_non_compilable
org/apache/commons/net/io/Util.java,109,NullifyInputVariable,"public static long copyReader(final Reader source, final Writer dest, final int bufferSize) throws CopyStreamException {","public static long copyReader(final Reader source, final Writer dest, final int bufferSize) throws CopyStreamException { source = null;",24,reduced_nullify_final_param_non_compilable
org/apache/commons/net/examples/ftp/TFTPExample.java,158,NullifyInputVariable,final TFTPClient tftp) throws IOException {,final TFTPClient tftp) throws IOException { tftp = null;,13,reduced_nullify_final_param_non_compilable
org/apache/commons/net/bsd/RCommandClient.java,281,NullifyInputVariable,"public void rcommand(final String localUser, final String remoteUser, final String command, final boolean separateErrorStream) throws IOException {","public void rcommand(final String localUser, final String remoteUser, final String command, final boolean separateErrorStream) throws IOException { command = null;",5,reduced_nullify_final_param_non_compilable
org/apache/commons/net/ftp/FTPClient.java,3119,NullifyInputVariable,"public boolean setModificationTime(final String pathname, final String timeval) throws IOException {","public boolean setModificationTime(final String pathname, final String timeval) throws IOException { pathname = null;",112,reduced_nullify_final_param_non_compilable
org/apache/commons/net/SocketClient.java,684,NullifyInputVariable,public void setProxy(final Proxy proxy) {,public void setProxy(final Proxy proxy) { proxy = null;,12,reduced_nullify_final_param_non_compilable
org/apache/commons/net/imap/IMAPClient.java,395,NullifyInputVariable,"public boolean login(final String user, final String password) throws IOException {","public boolean login(final String user, final String password) throws IOException { user = null;",38,reduced_nullify_final_param_non_compilable
org/apache/commons/net/ftp/FTPClientConfig.java,267,NullifyInputVariable,private static String[] splitShortMonthString(final String shortmonths) {,private static String[] splitShortMonthString(final String shortmonths) { shortmonths = null;,7,reduced_nullify_final_param_non_compilable
org/apache/commons/net/examples/unix/echo.java,118,NullifyInputVariable,public static void main(final String[] args) {,public static void main(final String[] args) { args = null;,5,reduced_nullify_final_param_non_compilable
org/apache/commons/net/ftp/FTPClient.java,483,NullifyInputVariable,static String parsePathname(final String reply) {,static String parsePathname(final String reply) { reply = null;,197,reduced_nullify_final_param_non_compilable
org/apache/commons/net/smtp/SMTP.java,518,NullifyInputVariable,"private int sendCommand(final String command, final String args, final boolean includeSpace) throws IOException {","private int sendCommand(final String command, final String args, final boolean includeSpace) throws IOException { command = null;",12,reduced_nullify_final_param_non_compilable
org/apache/commons/net/io/Util.java,298,NullifyInputVariable,public static PrintWriter newPrintWriter(final PrintStream printStream) {,public static PrintWriter newPrintWriter(final PrintStream printStream) { printStream = null;,9,reduced_nullify_final_param_non_compilable
org/apache/commons/net/ftp/FTPFile.java,479,NullifyInputVariable,private void writeObject(final java.io.ObjectOutputStream out) {,private void writeObject(final java.io.ObjectOutputStream out) { out = null;,8,reduced_nullify_final_param_non_compilable
org/apache/commons/net/ftp/FTP.java,758,NullifyInputVariable,private boolean lenientCheck(final String line) {,private boolean lenientCheck(final String line) { line = null;,52,reduced_nullify_final_param_non_compilable
org/apache/commons/net/ftp/FTPClient.java,289,NullifyInputVariable,public void bytesTransferred(final CopyStreamEvent event) {,public void bytesTransferred(final CopyStreamEvent event) { event = null;,199,reduced_nullify_final_param_non_compilable
org/apache/commons/net/ftp/FTP.java,699,RemoveMethod,public String[] getReplyStrings() {,public String[] getReplyStrings() {,193,reduced_remove_method_other
org/apache/commons/net/imap/IMAPSClient.java,202,RemoveMethod,public String[] getEnabledCipherSuites() {,public String[] getEnabledCipherSuites() {,34,reduced_remove_method_other
org/apache/commons/net/ftp/FTPClient.java,1300,NullifyInputVariable,"public String[] doCommandAsStrings(final String command, final String params) throws IOException {","public String[] doCommandAsStrings(final String command, final String params) throws IOException { params = null;",168,reduced_nullify_final_param_non_compilable
org/apache/commons/net/ftp/DelegateSocket.java,59,NullifyInputVariable,"public void connect(final SocketAddress endpoint, final int timeout) throws IOException {","public void connect(final SocketAddress endpoint, final int timeout) throws IOException { endpoint = null;",1,reduced_nullify_final_param_non_compilable
org/apache/commons/net/nntp/NNTPClient.java,1025,NullifyInputVariable,"public BufferedReader retrieveArticleHeader(final String articleId, final ArticleInfo pointer) throws IOException {","public BufferedReader retrieveArticleHeader(final String articleId, final ArticleInfo pointer) throws IOException { pointer = null;",66,reduced_nullify_final_param_non_compilable
org/apache/commons/net/SocketClient.java,227,NullifyInputVariable,"public void connect(final InetAddress host) throws SocketException, IOException {","public void connect(final InetAddress host) throws SocketException, IOException { host = null;",25,reduced_nullify_final_param_non_compilable
org/apache/commons/net/ftp/parser/MLSxEntryParser.java,186,NullifyInputVariable,public FTPFile parseFTPEntry(final String entry) {,public FTPFile parseFTPEntry(final String entry) { entry = null;,13,reduced_nullify_final_param_non_compilable
org/apache/commons/net/ftp/FTPClient.java,349,NullifyInputVariable,public String resolve(final String hostname) throws UnknownHostException {,public String resolve(final String hostname) throws UnknownHostException { hostname = null;,198,reduced_nullify_final_param_non_compilable
org/apache/commons/net/pop3/POP3SClient.java,210,RemoveMethod,public String[] getEnabledProtocols() {,public String[] getEnabledProtocols() {,32,reduced_remove_method_other
org/apache/commons/net/discard/DiscardUDPClient.java,79,NullifyInputVariable,"public void send(final byte[] data, final int length, final InetAddress host, final int port) throws IOException {","public void send(final byte[] data, final int length, final InetAddress host, final int port) throws IOException { host = null;",1,reduced_nullify_final_param_non_compilable
org/apache/commons/net/util/SSLContextUtils.java,57,NullifyInputVariable,"public static SSLContext createSSLContext(final String protocol, final KeyManager[] keyManagers, final TrustManager[] trustManagers) throws IOException {","public static SSLContext createSSLContext(final String protocol, final KeyManager[] keyManagers, final TrustManager[] trustManagers) throws IOException { protocol = null;",5,reduced_nullify_final_param_non_compilable
org/apache/commons/net/imap/IMAP.java,381,NullifyInputVariable,"private int sendCommandWithID(final String commandID, final String command, final String args) throws IOException {","private int sendCommandWithID(final String commandID, final String command, final String args) throws IOException { commandID = null;",19,reduced_nullify_final_param_non_compilable
org/apache/commons/net/examples/mail/IMAPExportMbox.java,352,NullifyInputVariable,public void protocolReplyReceived(final ProtocolCommandEvent event) {,public void protocolReplyReceived(final ProtocolCommandEvent event) { event = null;,40,reduced_nullify_final_param_non_compilable
org/apache/commons/net/ftp/FTPClient.java,2080,NullifyInputVariable,"public FTPListParseEngine initiateListParsing(final String parserKey, final String pathname) throws IOException {","public FTPListParseEngine initiateListParsing(final String parserKey, final String pathname) throws IOException { pathname = null;",150,reduced_nullify_final_param_non_compilable
org/apache/commons/net/io/DotTerminatedMessageWriter.java,158,NullifyInputVariable,public void write(final String string) throws IOException {,public void write(final String string) throws IOException { string = null;,3,reduced_nullify_final_param_non_compilable
org/apache/commons/net/bsd/RCommandClient.java,210,NullifyInputVariable,"throws SocketException, IOException, IllegalArgumentException, UnknownHostException {","throws SocketException, IOException, IllegalArgumentException, UnknownHostException { localAddr = null;",11,reduced_nullify_input_other_filter
org/apache/commons/net/nntp/NNTPClient.java,637,NullifyInputVariable,"private BufferedReader retrieve(final int command, final String articleId, final ArticleInfo pointer) throws IOException {","private BufferedReader retrieve(final int command, final String articleId, final ArticleInfo pointer) throws IOException { pointer = null;",85,reduced_nullify_final_param_non_compilable
org/apache/commons/net/imap/IMAP.java,181,NullifyInputVariable,public boolean doCommand(final IMAPCommand command) throws IOException {,public boolean doCommand(final IMAPCommand command) throws IOException { command = null;,29,reduced_nullify_final_param_non_compilable
org/apache/commons/net/ftp/FTPSClient.java,339,NullifyInputVariable,"private void closeSockets(final Socket socket, final Socket sslSocket) throws IOException {","private void closeSockets(final Socket socket, final Socket sslSocket) throws IOException { socket = null;",62,reduced_nullify_final_param_non_compilable
org/apache/commons/net/telnet/WindowSizeOptionHandler.java,79,RemoveMethod,public int[] startSubnegotiationLocal() {,public int[] startSubnegotiationLocal() {,15,reduced_remove_method_other
org/apache/commons/net/ftp/FTPClient.java,2281,NullifyInputVariable,public FTPFile[] listFiles(final String pathname) throws IOException {,public FTPFile[] listFiles(final String pathname) throws IOException { pathname = null;,147,reduced_nullify_final_param_non_compilable
org/apache/commons/net/nntp/NNTPClient.java,1318,NullifyInputVariable,"public boolean selectArticle(final String articleId, final ArticlePointer pointer) throws IOException {","public boolean selectArticle(final String articleId, final ArticlePointer pointer) throws IOException { articleId = null;",49,reduced_nullify_final_param_non_compilable
org/apache/commons/net/examples/nntp/ExtendedNNTPOps.java,53,NullifyInputVariable,"private void demo(final String host, final String user, final String password) {","private void demo(final String host, final String user, final String password) { host = null;",7,reduced_nullify_final_param_non_compilable
org/apache/commons/net/ftp/FTPSClient.java,553,NullifyInputVariable,"private String extractPrefixedData(final String prefix, final String reply) {","private String extractPrefixedData(final String prefix, final String reply) { prefix = null;",57,reduced_nullify_final_param_non_compilable
org/apache/commons/net/ftp/FTP.java,1224,NullifyInputVariable,public int sendCommand(final String command) throws IOException {,public int sendCommand(final String command) throws IOException { command = null;,31,reduced_nullify_final_param_non_compilable
org/apache/commons/net/nntp/NNTPClient.java,625,NullifyInputVariable,"private BufferedReader retrieve(final int command, final long articleNumber, final ArticleInfo pointer) throws IOException {","private BufferedReader retrieve(final int command, final long articleNumber, final ArticleInfo pointer) throws IOException { pointer = null;",87,reduced_nullify_final_param_non_compilable
org/apache/commons/net/ftp/FTPClient.java,1198,NullifyInputVariable,public void configure(final FTPClientConfig config) {,public void configure(final FTPClientConfig config) { config = null;,174,reduced_nullify_final_param_non_compilable
org/apache/commons/net/SocketClient.java,289,NullifyInputVariable,"public void connect(final String hostname, final int port) throws SocketException, IOException {","public void connect(final String hostname, final int port) throws SocketException, IOException { hostname = null;",20,reduced_nullify_final_param_non_compilable
org/apache/commons/net/ftp/FTPClient.java,1143,NullifyInputVariable,public boolean changeWorkingDirectory(final String pathname) throws IOException {,public boolean changeWorkingDirectory(final String pathname) throws IOException { pathname = null;,175,reduced_nullify_final_param_non_compilable
org/apache/commons/net/ntp/TimeInfo.java,108,NullifyInputVariable,public void addComment(final String comment) {,public void addComment(final String comment) { comment = null;,24,reduced_nullify_final_param_non_compilable
org/apache/commons/net/nntp/Threader.java,409,NullifyInputVariable,public Threadable thread(final List<? extends Threadable> messages) {,public Threadable thread(final List<? extends Threadable> messages) { messages = null;,82,reduced_nullify_final_param_non_compilable
org/apache/commons/net/ftp/FTPClient.java,945,NullifyInputVariable,"protected boolean _storeFile(final String command, final String remote, final InputStream local) throws IOException {","protected boolean _storeFile(final String command, final String remote, final InputStream local) throws IOException { local = null;",181,reduced_nullify_final_param_non_compilable
org/apache/commons/net/ftp/parser/UnixFTPEntryParser.java,169,NullifyInputVariable,public FTPFile parseFTPEntry(final String entry) {,public FTPFile parseFTPEntry(final String entry) { entry = null;,13,reduced_nullify_final_param_non_compilable
org/apache/commons/net/tftp/TFTPClient.java,275,NullifyInputVariable,"public void sendFile(final String fileName, final int mode, final InputStream input, final InetAddress host) throws IOException {","public void sendFile(final String fileName, final int mode, final InputStream input, final InetAddress host) throws IOException { fileName = null;",24,reduced_nullify_final_param_non_compilable
org/apache/commons/net/util/KeyManagerUtils.java,198,NullifyInputVariable,"final String keyPass) throws IOException, GeneralSecurityException {","final String keyPass) throws IOException, GeneralSecurityException { keyAlias = null;",7,reduced_nullify_final_param_non_compilable
org/apache/commons/net/ftp/FTPClient.java,916,NullifyInputVariable,"protected InputStream _retrieveFileStream(final String command, final String remote) throws IOException {","protected InputStream _retrieveFileStream(final String command, final String remote) throws IOException { remote = null;",184,reduced_nullify_final_param_non_compilable
org/apache/commons/net/util/TrustManagerUtils.java,52,NullifyInputVariable,"public void checkServerTrusted(final X509Certificate[] certificates, final String authType) throws CertificateException {","public void checkServerTrusted(final X509Certificate[] certificates, final String authType) throws CertificateException { certificates = null;",3,reduced_nullify_final_param_non_compilable
org/apache/commons/net/smtp/SMTPClient.java,348,NullifyInputVariable,"public boolean sendSimpleMessage(final String sender, final String recipient, final String message) throws IOException {","public boolean sendSimpleMessage(final String sender, final String recipient, final String message) throws IOException { recipient = null;",16,reduced_nullify_final_param_non_compilable
org/apache/commons/net/nntp/NNTPClient.java,1100,NullifyInputVariable,private BufferedReader retrieveArticleInfo(final String articleRange) throws IOException {,private BufferedReader retrieveArticleInfo(final String articleRange) throws IOException { articleRange = null;,63,reduced_nullify_final_param_non_compilable
org/apache/commons/net/util/KeyManagerUtils.java,180,NullifyInputVariable,"public static KeyManager createClientKeyManager(final KeyStore ks, final String keyAlias, final String keyPass) throws GeneralSecurityException {","public static KeyManager createClientKeyManager(final KeyStore ks, final String keyAlias, final String keyPass) throws GeneralSecurityException { keyPass = null;",11,reduced_nullify_final_param_non_compilable
org/apache/commons/net/DefaultDatagramSocketFactory.java,67,NullifyInputVariable,"public DatagramSocket createDatagramSocket(final int port, final InetAddress localAddress) throws SocketException {","public DatagramSocket createDatagramSocket(final int port, final InetAddress localAddress) throws SocketException { localAddress = null;",1,reduced_nullify_final_param_non_compilable
org/apache/commons/net/util/SSLContextUtils.java,43,NullifyInputVariable,"public static SSLContext createSSLContext(final String protocol, final KeyManager keyManager, final TrustManager trustManager) throws IOException {","public static SSLContext createSSLContext(final String protocol, final KeyManager keyManager, final TrustManager trustManager) throws IOException { protocol = null;",8,reduced_nullify_final_param_non_compilable
org/apache/commons/net/bsd/RExecClient.java,162,NullifyInputVariable,"public void rexec(final String user, final String password, final String command) throws IOException {","public void rexec(final String user, final String password, final String command) throws IOException { password = null;",9,reduced_nullify_final_param_non_compilable
org/apache/commons/net/imap/AuthenticatingIMAPClient.java,155,NullifyInputVariable,"throws IOException, NoSuchAlgorithmException, InvalidKeyException, InvalidKeySpecException {","throws IOException, NoSuchAlgorithmException, InvalidKeyException, InvalidKeySpecException { method = null;",11,reduced_nullify_input_other_filter
org/apache/commons/net/util/Charsets.java,35,NullifyInputVariable,public static Charset toCharset(final String charsetName) {,public static Charset toCharset(final String charsetName) { charsetName = null;,5,reduced_nullify_final_param_non_compilable
org/apache/commons/net/ftp/FTPClient.java,1883,NullifyInputVariable,"public boolean hasFeature(final String feature, final String value) throws IOException {","public boolean hasFeature(final String feature, final String value) throws IOException { value = null;",155,reduced_nullify_final_param_non_compilable
org/apache/commons/net/smtp/SimpleSMTPHeader.java,103,NullifyInputVariable,"public void addHeaderField(final String headerField, final String value) {","public void addHeaderField(final String headerField, final String value) { value = null;",9,reduced_nullify_final_param_non_compilable
org/apache/commons/net/examples/mail/IMAPImportMbox.java,203,NullifyInputVariable,"private static boolean wanted(final int msgNum, final String line, final BitSet msgNums, final List<String> contains) {","private static boolean wanted(final int msgNum, final String line, final BitSet msgNums, final List<String> contains) { msgNums = null;",17,reduced_nullify_final_param_non_compilable
org/apache/commons/net/ftp/FTPClient.java,2556,NullifyInputVariable,public FTPFile[] mlistDir(final String pathname) throws IOException {,public FTPFile[] mlistDir(final String pathname) throws IOException { pathname = null;,132,reduced_nullify_final_param_non_compilable
org/apache/commons/net/ftp/FTPClient.java,2686,NullifyInputVariable,public boolean remoteStore(final String fileName) throws IOException {,public boolean remoteStore(final String fileName) throws IOException { fileName = null;,126,reduced_nullify_final_param_non_compilable
org/apache/commons/net/imap/IMAPSClient.java,354,NullifyInputVariable,public void setKeyManager(final KeyManager newKeyManager) {,public void setKeyManager(final KeyManager newKeyManager) { newKeyManager = null;,9,reduced_nullify_final_param_non_compilable
org/apache/commons/net/ftp/FTPClient.java,1282,NullifyInputVariable,"public boolean doCommand(final String command, final String params) throws IOException {","public boolean doCommand(final String command, final String params) throws IOException { command = null;",171,reduced_nullify_final_param_non_compilable
org/apache/commons/net/examples/mail/POP3ExportMbox.java,155,NullifyInputVariable,"private static boolean startsWith(final String input, final Pattern pat) {","private static boolean startsWith(final String input, final Pattern pat) { pat = null;",14,reduced_nullify_final_param_non_compilable
org/apache/commons/net/ftp/FTPListParseEngine.java,237,NullifyInputVariable,"private void read(final InputStream inputStream, final String charsetName) throws IOException {","private void read(final InputStream inputStream, final String charsetName) throws IOException { inputStream = null;",15,reduced_nullify_final_param_non_compilable
org/apache/commons/net/smtp/SMTPClient.java,376,NullifyInputVariable,"public boolean sendSimpleMessage(final String sender, final String[] recipients, final String message) throws IOException {","public boolean sendSimpleMessage(final String sender, final String[] recipients, final String message) throws IOException { recipients = null;",13,reduced_nullify_final_param_non_compilable
org/apache/commons/net/SocketClient.java,342,NullifyInputVariable,"protected void fireCommandSent(final String command, final String message) {","protected void fireCommandSent(final String command, final String message) { message = null;",16,reduced_nullify_final_param_non_compilable
org/apache/commons/net/bsd/RCommandClient.java,189,NullifyInputVariable,"public void connect(final String hostname, final int port, final InetAddress localAddr) throws SocketException, IOException {","public void connect(final String hostname, final int port, final InetAddress localAddr) throws SocketException, IOException { localAddr = null;",13,reduced_nullify_final_param_non_compilable
org/apache/commons/net/ftp/parser/VMSVersioningFTPEntryParser.java,91,NullifyInputVariable,public List<String> preParse(final List<String> original) {,public List<String> preParse(final List<String> original) { original = null;,5,reduced_nullify_final_param_non_compilable
org/apache/commons/net/ftp/FTPSClient.java,339,NullifyInputVariable,"private void closeSockets(final Socket socket, final Socket sslSocket) throws IOException {","private void closeSockets(final Socket socket, final Socket sslSocket) throws IOException { sslSocket = null;",61,reduced_nullify_final_param_non_compilable
org/apache/commons/net/nntp/Article.java,102,NullifyInputVariable,"public void addHeaderField(final String name, final String val) {","public void addHeaderField(final String name, final String val) { name = null;",49,reduced_nullify_final_param_non_compilable
org/apache/commons/net/ftp/FTPClient.java,3399,NullifyInputVariable,public boolean structureMount(final String pathname) throws IOException {,public boolean structureMount(final String pathname) throws IOException { pathname = null;,93,reduced_nullify_final_param_non_compilable
org/apache/commons/net/ftp/FTPClient.java,2819,NullifyInputVariable,public InputStream retrieveFileStream(final String remote) throws IOException {,public InputStream retrieveFileStream(final String remote) throws IOException { remote = null;,119,reduced_nullify_final_param_non_compilable
org/apache/commons/net/ntp/TimeStamp.java,345,NullifyInputVariable,private void readObject(final java.io.ObjectInputStream in) {,private void readObject(final java.io.ObjectInputStream in) { in = null;,29,reduced_nullify_final_param_non_compilable
org/apache/commons/net/pop3/POP3SClient.java,339,NullifyInputVariable,public void setHostnameVerifier(final HostnameVerifier newHostnameVerifier) {,public void setHostnameVerifier(final HostnameVerifier newHostnameVerifier) { newHostnameVerifier = null;,10,reduced_nullify_final_param_non_compilable
org/apache/commons/net/tftp/TFTPRequestPacket.java,189,NullifyInputVariable,"final DatagramPacket newDatagram(final DatagramPacket datagram, final byte[] data) {","final DatagramPacket newDatagram(final DatagramPacket datagram, final byte[] data) { datagram = null;",11,reduced_nullify_final_param_non_compilable
org/apache/commons/net/telnet/Telnet.java,599,NullifyInputVariable,public void registerNotifHandler(final TelnetNotificationHandler notifhand) {,public void registerNotifHandler(final TelnetNotificationHandler notifhand) { notifhand = null;,80,reduced_nullify_final_param_non_compilable
org/apache/commons/net/ftp/FTPClient.java,2739,NullifyInputVariable,public boolean removeDirectory(final String pathname) throws IOException {,public boolean removeDirectory(final String pathname) throws IOException { pathname = null;,124,reduced_nullify_final_param_non_compilable
org/apache/commons/net/examples/mail/IMAPImportMbox.java,75,NullifyInputVariable,"private static boolean listContains(final List<String> contains, final String string) {","private static boolean listContains(final List<String> contains, final String string) { string = null;",25,reduced_nullify_final_param_non_compilable
org/apache/commons/net/nntp/NNTPClient.java,865,NullifyInputVariable,public Reader retrieveArticleBody(final String articleId) throws IOException {,public Reader retrieveArticleBody(final String articleId) throws IOException { articleId = null;,75,reduced_nullify_final_param_non_compilable
org/apache/commons/net/nntp/NNTPClient.java,103,NullifyInputVariable,"private static void parseGroupReply(final String reply, final NewsgroupInfo info) throws MalformedServerReplyException {","private static void parseGroupReply(final String reply, final NewsgroupInfo info) throws MalformedServerReplyException { info = null;",105,reduced_nullify_final_param_non_compilable
org/apache/commons/net/telnet/TelnetClient.java,260,NullifyInputVariable,public synchronized void registerInputListener(final TelnetInputListener listener) {,public synchronized void registerInputListener(final TelnetInputListener listener) { listener = null;,11,reduced_nullify_final_param_non_compilable
org/apache/commons/net/SocketClient.java,342,NullifyInputVariable,"protected void fireCommandSent(final String command, final String message) {","protected void fireCommandSent(final String command, final String message) { command = null;",17,reduced_nullify_final_param_non_compilable
org/apache/commons/net/ftp/FTP.java,1258,NullifyInputVariable,public void setControlEncoding(final String encoding) {,public void setControlEncoding(final String encoding) { encoding = null;,28,reduced_nullify_final_param_non_compilable
org/apache/commons/net/examples/util/IOUtil.java,36,NullifyInputVariable,"public static void readWrite(final InputStream remoteInput, final OutputStream remoteOutput, final InputStream localInput, final OutputStream localOutput) {","public static void readWrite(final InputStream remoteInput, final OutputStream remoteOutput, final InputStream localInput, final OutputStream localOutput) { remoteOutput = null;",6,reduced_nullify_final_param_non_compilable
org/apache/commons/net/ftp/FTP.java,898,NullifyInputVariable,public int mlst(final String path) throws IOException {,public int mlst(final String path) throws IOException { path = null;,45,reduced_nullify_final_param_non_compilable
org/apache/commons/net/nntp/Article.java,178,RemoveMethod,public String[] messageThreadReferences() {,public String[] messageThreadReferences() {,74,reduced_remove_method_other
org/apache/commons/net/bsd/RLoginClient.java,67,NullifyInputVariable,"public void rlogin(final String localUserName, final String remoteUserName, final String terminalType) throws IOException {","public void rlogin(final String localUserName, final String remoteUserName, final String terminalType) throws IOException { localUserName = null;",7,reduced_nullify_final_param_non_compilable
org/apache/commons/net/ftp/FTP.java,726,NullifyInputVariable,public int help(final String command) throws IOException {,public int help(final String command) throws IOException { command = null;,53,reduced_nullify_final_param_non_compilable
org/apache/commons/net/examples/mail/SMTPMail.java,44,NullifyInputVariable,public static void main(final String[] args) {,public static void main(final String[] args) { args = null;,6,reduced_nullify_final_param_non_compilable
org/apache/commons/net/examples/mail/IMAPExportMbox.java,235,NullifyInputVariable,"public static void main(final String[] args) throws IOException, URISyntaxException {","public static void main(final String[] args) throws IOException, URISyntaxException { args = null;",39,reduced_nullify_final_param_non_compilable
org/apache/commons/net/ftp/FTPHTTPClient.java,183,NullifyInputVariable,"throws IOException, UnsupportedEncodingException {","throws IOException, UnsupportedEncodingException { host = null;",18,reduced_nullify_input_other_filter
org/apache/commons/net/ftp/FTPClient.java,663,NullifyInputVariable,"protected Socket _openDataConnection_(final FTPCmd command, final String arg) throws IOException {","protected Socket _openDataConnection_(final FTPCmd command, final String arg) throws IOException { arg = null;",194,reduced_nullify_final_param_non_compilable
org/apache/commons/net/util/Base64.java,140,RemoveMethod,"private static byte[] encode(final byte[] binaryData, final int lineLength, final byte[] lineSeparator, final boolean urlSafe) {","private static byte[] encode(final byte[] binaryData, final int lineLength, final byte[] lineSeparator, final boolean urlSafe) {",105,reduced_remove_method_other
org/apache/commons/net/pop3/POP3SClient.java,319,NullifyInputVariable,public void setEnabledProtocols(final String[] protocolVersions) {,public void setEnabledProtocols(final String[] protocolVersions) { protocolVersions = null;,11,reduced_nullify_final_param_non_compilable
org/apache/commons/net/nntp/Article.java,215,NullifyInputVariable,public void setSubject(final String string) {,public void setSubject(final String string) { string = null;,41,reduced_nullify_final_param_non_compilable
org/apache/commons/net/io/Util.java,222,NullifyInputVariable,final CopyStreamListener listener) throws CopyStreamException {,final CopyStreamListener listener) throws CopyStreamException { source = null;,15,reduced_nullify_final_param_non_compilable
org/apache/commons/net/ftp/FTPFile.java,416,NullifyInputVariable,public String toFormattedString(final String timezone) {,public String toFormattedString(final String timezone) { timezone = null;,9,reduced_nullify_final_param_non_compilable
org/apache/commons/net/smtp/SMTP.java,324,NullifyInputVariable,public int help(final String command) throws IOException {,public int help(final String command) throws IOException { command = null;,23,reduced_nullify_final_param_non_compilable
org/apache/commons/net/ftp/FTPClient.java,2754,NullifyInputVariable,"public boolean rename(final String from, final String to) throws IOException {","public boolean rename(final String from, final String to) throws IOException { from = null;",123,reduced_nullify_final_param_non_compilable
org/apache/commons/net/ProtocolCommandSupport.java,68,NullifyInputVariable,"public void fireCommandSent(final String command, final String message) {","public void fireCommandSent(final String command, final String message) { message = null;",5,reduced_nullify_final_param_non_compilable
org/apache/commons/net/smtp/SMTPClient.java,124,NullifyInputVariable,public boolean addRecipient(final RelayPath path) throws IOException {,public boolean addRecipient(final RelayPath path) throws IOException { path = null;,22,reduced_nullify_final_param_non_compilable
org/apache/commons/net/nntp/NNTPClient.java,282,NullifyInputVariable,public Iterable<String> iterateNewNews(final NewGroupsOrNewsQuery query) throws IOException {,public Iterable<String> iterateNewNews(final NewGroupsOrNewsQuery query) throws IOException { query = null;,97,reduced_nullify_final_param_non_compilable
org/apache/commons/net/tftp/TFTPErrorPacket.java,177,NullifyInputVariable,"DatagramPacket newDatagram(final DatagramPacket datagram, final byte[] data) {","DatagramPacket newDatagram(final DatagramPacket datagram, final byte[] data) { datagram = null;",11,reduced_nullify_final_param_non_compilable
org/apache/commons/net/imap/IMAPClient.java,247,NullifyInputVariable,"public boolean append(final String mailboxName, final String flags, final String datetime, final String message) throws IOException {","public boolean append(final String mailboxName, final String flags, final String datetime, final String message) throws IOException { message = null;",48,reduced_nullify_final_param_non_compilable
org/apache/commons/net/io/Util.java,179,NullifyInputVariable,"public static long copyStream(final InputStream source, final OutputStream dest) throws CopyStreamException {","public static long copyStream(final InputStream source, final OutputStream dest) throws CopyStreamException { dest = null;",18,reduced_nullify_final_param_non_compilable
org/apache/commons/net/examples/util/IOUtil.java,36,NullifyInputVariable,"public static void readWrite(final InputStream remoteInput, final OutputStream remoteOutput, final InputStream localInput, final OutputStream localOutput) {","public static void readWrite(final InputStream remoteInput, final OutputStream remoteOutput, final InputStream localInput, final OutputStream localOutput) { localOutput = null;",4,reduced_nullify_final_param_non_compilable
org/apache/commons/net/PrintCommandListener.java,186,NullifyInputVariable,public void protocolReplyReceived(final ProtocolCommandEvent event) {,public void protocolReplyReceived(final ProtocolCommandEvent event) { event = null;,3,reduced_nullify_final_param_non_compilable
org/apache/commons/net/nntp/Article.java,58,NullifyInputVariable,"public static void printThread(final Article article, final int depth, final PrintStream ps) {","public static void printThread(final Article article, final int depth, final PrintStream ps) { ps = null;",52,reduced_nullify_final_param_non_compilable
org/apache/commons/net/nntp/NNTPClient.java,1318,NullifyInputVariable,"public boolean selectArticle(final String articleId, final ArticlePointer pointer) throws IOException {","public boolean selectArticle(final String articleId, final ArticlePointer pointer) throws IOException { pointer = null;",48,reduced_nullify_final_param_non_compilable
org/apache/commons/net/bsd/RExecClient.java,184,NullifyInputVariable,"public void rexec(final String user, final String password, final String command, final boolean separateErrorStream) throws IOException {","public void rexec(final String user, final String password, final String command, final boolean separateErrorStream) throws IOException { command = null;",5,reduced_nullify_final_param_non_compilable
org/apache/commons/net/nntp/NewsgroupInfo.java,132,NullifyInputVariable,void setNewsgroup(final String newsgroup) {,void setNewsgroup(final String newsgroup) { newsgroup = null;,1,reduced_nullify_final_param_non_compilable
org/apache/commons/net/telnet/TerminalTypeOptionHandler.java,78,RemoveMethod,"public int[] answerSubnegotiation(final int suboptionData[], final int suboptionLength) {","public int[] answerSubnegotiation(final int suboptionData[], final int suboptionLength) {",9,reduced_remove_method_other
org/apache/commons/net/ftp/FTPSTrustManager.java,44,NullifyInputVariable,"public void checkServerTrusted(final X509Certificate[] certificates, final String authType) throws CertificateException {","public void checkServerTrusted(final X509Certificate[] certificates, final String authType) throws CertificateException { certificates = null;",2,reduced_nullify_final_param_non_compilable
org/apache/commons/net/bsd/RCommandClient.java,116,NullifyInputVariable,"public void connect(final InetAddress host, final int port, final InetAddress localAddr) throws SocketException, BindException, IOException {","public void connect(final InetAddress host, final int port, final InetAddress localAddr) throws SocketException, BindException, IOException { localAddr = null;",18,reduced_nullify_final_param_non_compilable
org/apache/commons/net/ftp/parser/FTPTimestampParserImpl.java,96,NullifyInputVariable,"private static void setPrecision(final int index, final Calendar working) {","private static void setPrecision(final int index, final Calendar working) { working = null;",27,reduced_nullify_final_param_non_compilable
org/apache/commons/net/ProtocolCommandSupport.java,68,NullifyInputVariable,"public void fireCommandSent(final String command, final String message) {","public void fireCommandSent(final String command, final String message) { command = null;",6,reduced_nullify_final_param_non_compilable
org/apache/commons/net/util/KeyManagerUtils.java,151,NullifyInputVariable,"public static KeyManager createClientKeyManager(final File storePath, final String storePass) throws IOException, GeneralSecurityException {","public static KeyManager createClientKeyManager(final File storePath, final String storePass) throws IOException, GeneralSecurityException { storePass = null;",17,reduced_nullify_final_param_non_compilable
org/apache/commons/net/nntp/NNTP.java,522,NullifyInputVariable,"public int newnews(final String newsgroups, final String date, final String time, final boolean GMT, final String distributions) throws IOException {","public int newnews(final String newsgroups, final String date, final String time, final boolean GMT, final String distributions) throws IOException { time = null;",15,reduced_nullify_final_param_non_compilable
org/apache/commons/net/ftp/FTPClient.java,2651,NullifyInputVariable,public boolean remoteAppend(final String fileName) throws IOException {,public boolean remoteAppend(final String fileName) throws IOException { fileName = null;,128,reduced_nullify_final_param_non_compilable
org/apache/commons/net/io/CopyStreamAdapter.java,63,NullifyInputVariable,public void bytesTransferred(final CopyStreamEvent event) {,public void bytesTransferred(final CopyStreamEvent event) { event = null;,2,reduced_nullify_final_param_non_compilable
org/apache/commons/net/smtp/SMTPClient.java,198,NullifyInputVariable,public String listHelp(final String command) throws IOException {,public String listHelp(final String command) throws IOException { command = null;,20,reduced_nullify_final_param_non_compilable
org/apache/commons/net/ntp/NtpV3Impl.java,509,NullifyInputVariable,public void setReferenceTime(final TimeStamp ts) {,public void setReferenceTime(final TimeStamp ts) { ts = null;,51,reduced_nullify_final_param_non_compilable
org/apache/commons/net/pop3/POP3.java,228,NullifyInputVariable,public void removeProtocolCommandistener(final org.apache.commons.net.ProtocolCommandListener listener) {,public void removeProtocolCommandistener(final org.apache.commons.net.ProtocolCommandListener listener) { listener = null;,9,reduced_nullify_final_param_non_compilable
org/apache/commons/net/imap/IMAPClient.java,368,NullifyInputVariable,"public boolean fetch(final String sequenceSet, final String itemNames) throws IOException {","public boolean fetch(final String sequenceSet, final String itemNames) throws IOException { sequenceSet = null;",42,reduced_nullify_final_param_non_compilable
org/apache/commons/net/smtp/SMTP.java,550,NullifyInputVariable,public int soml(final String reversePath) throws IOException {,public int soml(final String reversePath) throws IOException { reversePath = null;,10,reduced_nullify_final_param_non_compilable
org/apache/commons/net/ftp/FTPSTrustManager.java,40,NullifyInputVariable,"public void checkClientTrusted(final X509Certificate[] certificates, final String authType) {","public void checkClientTrusted(final X509Certificate[] certificates, final String authType) { authType = null;",3,reduced_nullify_final_param_non_compilable
org/apache/commons/net/nntp/NNTPClient.java,894,NullifyInputVariable,"public BufferedReader retrieveArticleBody(final String articleId, final ArticleInfo pointer) throws IOException {","public BufferedReader retrieveArticleBody(final String articleId, final ArticleInfo pointer) throws IOException { articleId = null;",74,reduced_nullify_final_param_non_compilable
org/apache/commons/net/ftp/FTPFile.java,328,NullifyInputVariable,public void setName(final String name) {,public void setName(final String name) { name = null;,13,reduced_nullify_final_param_non_compilable
org/apache/commons/net/nntp/NNTPClient.java,1405,NullifyInputVariable,public boolean selectNextArticle(final ArticlePointer pointer) throws IOException {,public boolean selectNextArticle(final ArticlePointer pointer) throws IOException { pointer = null;,43,reduced_nullify_final_param_non_compilable
org/apache/commons/net/examples/nntp/ExtendedNNTPOps.java,53,NullifyInputVariable,"private void demo(final String host, final String user, final String password) {","private void demo(final String host, final String user, final String password) { password = null;",5,reduced_nullify_final_param_non_compilable
org/apache/commons/net/ftp/parser/OS400FTPEntryParser.java,286,NullifyInputVariable,public FTPFile parseFTPEntry(final String entry) {,public FTPFile parseFTPEntry(final String entry) { entry = null;,16,reduced_nullify_final_param_non_compilable
org/apache/commons/net/telnet/TelnetClient.java,280,NullifyInputVariable,public void registerSpyStream(final OutputStream spystream) {,public void registerSpyStream(final OutputStream spystream) { spystream = null;,9,reduced_nullify_final_param_non_compilable
org/apache/commons/net/nntp/Article.java,210,NullifyInputVariable,public void setNext(final Threadable next) {,public void setNext(final Threadable next) { next = null;,42,reduced_nullify_final_param_non_compilable
org/apache/commons/net/util/KeyManagerUtils.java,111,NullifyInputVariable,"public String chooseServerAlias(final String keyType, final Principal[] issuers, final Socket socket) {","public String chooseServerAlias(final String keyType, final Principal[] issuers, final Socket socket) { issuers = null;",26,reduced_nullify_final_param_non_compilable
org/apache/commons/net/ftp/FTP.java,1297,NullifyInputVariable,public int site(final String parameters) throws IOException {,public int site(final String parameters) throws IOException { parameters = null;,27,reduced_nullify_final_param_non_compilable
org/apache/commons/net/ftp/FTPClient.java,1255,NullifyInputVariable,public boolean deleteFile(final String pathname) throws IOException {,public boolean deleteFile(final String pathname) throws IOException { pathname = null;,172,reduced_nullify_final_param_non_compilable
org/apache/commons/net/pop3/POP3.java,262,NullifyInputVariable,public int sendCommand(final String command) throws IOException {,public int sendCommand(final String command) throws IOException { command = null;,7,reduced_nullify_final_param_non_compilable
org/apache/commons/net/smtp/AuthenticatingSMTPClient.java,167,NullifyInputVariable,"throws IOException, NoSuchAlgorithmException, InvalidKeyException, InvalidKeySpecException {","throws IOException, NoSuchAlgorithmException, InvalidKeyException, InvalidKeySpecException { user = null;",12,reduced_nullify_input_other_filter
org/apache/commons/net/nntp/NNTP.java,343,NullifyInputVariable,public int group(final String newsgroup) throws IOException {,public int group(final String newsgroup) throws IOException { newsgroup = null;,24,reduced_nullify_final_param_non_compilable
org/apache/commons/net/smtp/SMTPClient.java,139,NullifyInputVariable,public boolean addRecipient(final String address) throws IOException {,public boolean addRecipient(final String address) throws IOException { address = null;,21,reduced_nullify_final_param_non_compilable
org/apache/commons/net/tftp/TFTPClient.java,414,NullifyInputVariable,"public void sendFile(final String fileName, final int mode, final InputStream input, final String hostname) throws UnknownHostException, IOException {","public void sendFile(final String fileName, final int mode, final InputStream input, final String hostname) throws UnknownHostException, IOException { fileName = null;",18,reduced_nullify_final_param_non_compilable
org/apache/commons/net/nntp/NNTPClient.java,1458,NullifyInputVariable,public boolean selectPreviousArticle(final ArticlePointer pointer) throws IOException {,public boolean selectPreviousArticle(final ArticlePointer pointer) throws IOException { pointer = null;,41,reduced_nullify_final_param_non_compilable
org/apache/commons/net/DefaultSocketFactory.java,184,NullifyInputVariable,"public Socket createSocket(final String host, final int port, final InetAddress localAddr, final int localPort) throws UnknownHostException, IOException {","public Socket createSocket(final String host, final int port, final InetAddress localAddr, final int localPort) throws UnknownHostException, IOException { host = null;",7,reduced_nullify_final_param_non_compilable
org/apache/commons/net/examples/mail/IMAPExportMbox.java,441,NullifyInputVariable,"private static String matches(final String input, final Pattern pat, final int index) {","private static String matches(final String input, final Pattern pat, final int index) { input = null;",38,reduced_nullify_final_param_non_compilable
org/apache/commons/net/ntp/NtpUtils.java,70,NullifyInputVariable,public static String getRefAddress(final NtpV3Packet packet) {,public static String getRefAddress(final NtpV3Packet packet) { packet = null;,14,reduced_nullify_final_param_non_compilable
org/apache/commons/net/imap/IMAPReply.java,169,NullifyInputVariable,public static boolean isUntagged(final String line) {,public static boolean isUntagged(final String line) { line = null;,2,reduced_nullify_final_param_non_compilable
org/apache/commons/net/util/KeyManagerUtils.java,167,NullifyInputVariable,"throws IOException, GeneralSecurityException {","throws IOException, GeneralSecurityException { keyAlias = null;",14,reduced_nullify_input_other_filter
org/apache/commons/net/examples/unix/rlogin.java,45,NullifyInputVariable,public static void main(final String[] args) {,public static void main(final String[] args) { args = null;,1,reduced_nullify_final_param_non_compilable
org/apache/commons/net/smtp/SMTP.java,431,NullifyInputVariable,public int send(final String reversePath) throws IOException {,public int send(final String reversePath) throws IOException { reversePath = null;,18,reduced_nullify_final_param_non_compilable
org/apache/commons/net/tftp/TFTPPacket.java,190,NullifyInputVariable,public final void setAddress(final InetAddress address) {,public final void setAddress(final InetAddress address) { address = null;,3,reduced_nullify_final_param_non_compilable
org/apache/commons/net/nntp/Article.java,110,NullifyInputVariable,public void addReference(final String msgId) {,public void addReference(final String msgId) { msgId = null;,47,reduced_nullify_final_param_non_compilable
org/apache/commons/net/ftp/FTPSClient.java,787,NullifyInputVariable,"private Socket openDataSecureConnection(final String command, final String arg) throws IOException {","private Socket openDataSecureConnection(final String command, final String arg) throws IOException { command = null;",55,reduced_nullify_final_param_non_compilable
org/apache/commons/net/ntp/NtpV3Impl.java,458,NullifyInputVariable,public void setOriginateTimeStamp(final TimeStamp ts) {,public void setOriginateTimeStamp(final TimeStamp ts) { ts = null;,53,reduced_nullify_final_param_non_compilable
org/apache/commons/net/util/KeyManagerUtils.java,215,NullifyInputVariable,"throws KeyStoreException, IOException, GeneralSecurityException {","throws KeyStoreException, IOException, GeneralSecurityException { storeType = null;",4,reduced_nullify_input_other_filter
org/apache/commons/net/ftp/FTPClient.java,2294,NullifyInputVariable,"public FTPFile[] listFiles(final String pathname, final FTPFileFilter filter) throws IOException {","public FTPFile[] listFiles(final String pathname, final FTPFileFilter filter) throws IOException { pathname = null;",146,reduced_nullify_final_param_non_compilable
org/apache/commons/net/pop3/POP3.java,207,RemoveMethod,public String[] getReplyStrings() {,public String[] getReplyStrings() {,34,reduced_remove_method_other
org/apache/commons/net/tftp/TFTPClient.java,105,NullifyInputVariable,"public int receiveFile(final String fileName, final int mode, final OutputStream output, final InetAddress host) throws IOException {","public int receiveFile(final String fileName, final int mode, final OutputStream output, final InetAddress host) throws IOException { fileName = null;",36,reduced_nullify_final_param_non_compilable
org/apache/commons/net/io/Util.java,249,NullifyInputVariable,"final CopyStreamListener listener, final boolean flush) throws CopyStreamException {","final CopyStreamListener listener, final boolean flush) throws CopyStreamException { dest = null;",11,reduced_nullify_final_param_non_compilable
org/apache/commons/net/imap/IMAP.java,346,NullifyInputVariable,"public int sendCommand(final IMAPCommand command, final String args) throws IOException {","public int sendCommand(final IMAPCommand command, final String args) throws IOException { args = null;",23,reduced_nullify_final_param_non_compilable
org/apache/commons/net/examples/ntp/NTPClient.java,82,NullifyInputVariable,public static void processResponse(final TimeInfo info) {,public static void processResponse(final TimeInfo info) { info = null;,12,reduced_nullify_final_param_non_compilable
org/apache/commons/net/imap/IMAPClient.java,452,NullifyInputVariable,"public boolean rename(final String oldMailboxName, final String newMailboxName) throws IOException {","public boolean rename(final String oldMailboxName, final String newMailboxName) throws IOException { oldMailboxName = null;",34,reduced_nullify_final_param_non_compilable
org/apache/commons/net/tftp/TFTPClient.java,275,NullifyInputVariable,"public void sendFile(final String fileName, final int mode, final InputStream input, final InetAddress host) throws IOException {","public void sendFile(final String fileName, final int mode, final InputStream input, final InetAddress host) throws IOException { host = null;",22,reduced_nullify_final_param_non_compilable
org/apache/commons/net/ftp/FTPClient.java,2508,NullifyInputVariable,public Instant mdtmInstant(final String pathname) throws IOException {,public Instant mdtmInstant(final String pathname) throws IOException { pathname = null;,134,reduced_nullify_final_param_non_compilable
org/apache/commons/net/util/KeyManagerUtils.java,106,NullifyInputVariable,"public String chooseClientAlias(final String[] keyType, final Principal[] issuers, final Socket socket) {","public String chooseClientAlias(final String[] keyType, final Principal[] issuers, final Socket socket) { keyType = null;",30,reduced_nullify_final_param_non_compilable
org/apache/commons/net/util/SSLContextUtils.java,57,NullifyInputVariable,"public static SSLContext createSSLContext(final String protocol, final KeyManager[] keyManagers, final TrustManager[] trustManagers) throws IOException {","public static SSLContext createSSLContext(final String protocol, final KeyManager[] keyManagers, final TrustManager[] trustManagers) throws IOException { keyManagers = null;",4,reduced_nullify_final_param_non_compilable
org/apache/commons/net/imap/IMAP.java,369,NullifyInputVariable,"public int sendCommand(final String command, final String args) throws IOException {","public int sendCommand(final String command, final String args) throws IOException { command = null;",21,reduced_nullify_final_param_non_compilable
org/apache/commons/net/SocketClient.java,619,NullifyInputVariable,public void removeProtocolCommandListener(final ProtocolCommandListener listener) {,public void removeProtocolCommandListener(final ProtocolCommandListener listener) { listener = null;,14,reduced_nullify_final_param_non_compilable
org/apache/commons/net/examples/ftp/TFTPExample.java,49,NullifyInputVariable,"private static boolean close(final TFTPClient tftp, final Closeable output) {","private static boolean close(final TFTPClient tftp, final Closeable output) { tftp = null;",22,reduced_nullify_final_param_non_compilable
org/apache/commons/net/examples/mail/POP3ExportMbox.java,170,NullifyInputVariable,"private static void writeMbox(final POP3Client pop3, final OutputStreamWriter fw, final int i) throws IOException {","private static void writeMbox(final POP3Client pop3, final OutputStreamWriter fw, final int i) throws IOException { pop3 = null;",11,reduced_nullify_final_param_non_compilable
org/apache/commons/net/util/Base64.java,414,NullifyInputVariable,private static byte[] toIntegerBytes(final BigInteger bigInt) {,private static byte[] toIntegerBytes(final BigInteger bigInt) { bigInt = null;,40,reduced_nullify_final_param_non_compilable
org/apache/commons/net/smtp/SimpleSMTPHeader.java,81,NullifyInputVariable,public void addCC(final String address) {,public void addCC(final String address) { address = null;,11,reduced_nullify_final_param_non_compilable
org/apache/commons/net/util/Base64.java,166,RemoveMethod,"public static byte[] encodeBase64(final byte[] binaryData, final boolean chunked) {","public static byte[] encodeBase64(final byte[] binaryData, final boolean chunked) {",101,reduced_remove_method_other
org/apache/commons/net/nntp/NNTPClient.java,735,NullifyInputVariable,public Reader retrieveArticle(final String articleId) throws IOException {,public Reader retrieveArticle(final String articleId) throws IOException { articleId = null;,82,reduced_nullify_final_param_non_compilable
org/apache/commons/net/echo/EchoUDPClient.java,72,NullifyInputVariable,"public void send(final byte[] data, final InetAddress host) throws IOException {","public void send(final byte[] data, final InetAddress host) throws IOException { host = null;",2,reduced_nullify_final_param_non_compilable
org/apache/commons/net/discard/DiscardUDPClient.java,53,NullifyInputVariable,"public void send(final byte[] data, final InetAddress host) throws IOException {","public void send(final byte[] data, final InetAddress host) throws IOException { host = null;",3,reduced_nullify_final_param_non_compilable
org/apache/commons/net/util/KeyManagerUtils.java,133,RemoveMethod,"public String[] getServerAliases(final String keyType, final Principal[] issuers) {","public String[] getServerAliases(final String keyType, final Principal[] issuers) {",43,reduced_remove_method_other
org/apache/commons/net/nntp/NNTP.java,395,NullifyInputVariable,public int head(final String messageId) throws IOException {,public int head(final String messageId) throws IOException { messageId = null;,23,reduced_nullify_final_param_non_compilable
org/apache/commons/net/ftp/FTPSClient.java,314,NullifyInputVariable,protected void _prepareDataSocket_(final Socket socket) throws IOException {,protected void _prepareDataSocket_(final Socket socket) throws IOException { socket = null;,64,reduced_nullify_final_param_non_compilable
org/apache/commons/net/imap/IMAPClient.java,463,NullifyInputVariable,public boolean search(final String criteria) throws IOException {,public boolean search(final String criteria) throws IOException { criteria = null;,32,reduced_nullify_final_param_non_compilable
org/apache/commons/net/examples/mail/IMAPImportMbox.java,55,NullifyInputVariable,private static String getDate(final String msg) {,private static String getDate(final String msg) { msg = null;,27,reduced_nullify_final_param_non_compilable
org/apache/commons/net/ftp/FTPFile.java,301,NullifyInputVariable,public void setGroup(final String group) {,public void setGroup(final String group) { group = null;,15,reduced_nullify_final_param_non_compilable
org/apache/commons/net/imap/IMAP.java,412,NullifyInputVariable,public int sendData(final String command) throws IOException {,public int sendData(final String command) throws IOException { command = null;,16,reduced_nullify_final_param_non_compilable
org/apache/commons/net/smtp/SMTPClient.java,432,NullifyInputVariable,public boolean verify(final String user) throws IOException {,public boolean verify(final String user) throws IOException { user = null;,9,reduced_nullify_final_param_non_compilable
org/apache/commons/net/nntp/NNTPClient.java,1169,NullifyInputVariable,"private BufferedReader retrieveHeader(final String header, final String articleRange) throws IOException {","private BufferedReader retrieveHeader(final String header, final String articleRange) throws IOException { header = null;",58,reduced_nullify_final_param_non_compilable
org/apache/commons/net/chargen/CharGenUDPClient.java,97,NullifyInputVariable,public void send(final InetAddress host) throws IOException {,public void send(final InetAddress host) throws IOException { host = null;,2,reduced_nullify_final_param_non_compilable
org/apache/commons/net/smtp/SMTPClient.java,403,NullifyInputVariable,public boolean setSender(final RelayPath path) throws IOException {,public boolean setSender(final RelayPath path) throws IOException { path = null;,11,reduced_nullify_final_param_non_compilable
org/apache/commons/net/ftp/FTPSClient.java,264,NullifyInputVariable,"protected Socket _openDataConnection_(final int command, final String arg) throws IOException {","protected Socket _openDataConnection_(final int command, final String arg) throws IOException { arg = null;",67,reduced_nullify_final_param_non_compilable
org/apache/commons/net/ftp/FTPClient.java,1203,NullifyInputVariable,void createParser(final String parserKey) throws IOException {,void createParser(final String parserKey) throws IOException { parserKey = null;,173,reduced_nullify_final_param_non_compilable
org/apache/commons/net/bsd/RLoginClient.java,87,NullifyInputVariable,"public void rlogin(final String localUserName, final String remoteUserName, final String terminalType, final int terminalSpeed) throws IOException {","public void rlogin(final String localUserName, final String remoteUserName, final String terminalType, final int terminalSpeed) throws IOException { localUserName = null;",4,reduced_nullify_final_param_non_compilable
org/apache/commons/net/nntp/SimpleNNTPHeader.java,89,NullifyInputVariable,public void addNewsgroup(final String newsgroup) {,public void addNewsgroup(final String newsgroup) { newsgroup = null;,1,reduced_nullify_final_param_non_compilable
org/apache/commons/net/ftp/FTP.java,1312,NullifyInputVariable,public int size(final String parameters) throws IOException {,public int size(final String parameters) throws IOException { parameters = null;,26,reduced_nullify_final_param_non_compilable
org/apache/commons/net/examples/telnet/WeatherTelnet.java,35,NullifyInputVariable,public static void main(final String[] args) {,public static void main(final String[] args) { args = null;,1,reduced_nullify_final_param_non_compilable
org/apache/commons/net/ftp/FTPClient.java,2569,NullifyInputVariable,"public FTPFile[] mlistDir(final String pathname, final FTPFileFilter filter) throws IOException {","public FTPFile[] mlistDir(final String pathname, final FTPFileFilter filter) throws IOException { filter = null;",130,reduced_nullify_final_param_non_compilable
org/apache/commons/net/tftp/TFTPClient.java,432,NullifyInputVariable,"throws UnknownHostException, IOException {","throws UnknownHostException, IOException { hostname = null;",13,reduced_nullify_input_other_filter
org/apache/commons/net/ftp/parser/FTPTimestampParserImpl.java,260,NullifyInputVariable,"public Calendar parseTimestamp(final String timestampStr, final Calendar serverTime) throws ParseException {","public Calendar parseTimestamp(final String timestampStr, final Calendar serverTime) throws ParseException { serverTime = null;",23,reduced_nullify_final_param_non_compilable
org/apache/commons/net/pop3/POP3.java,251,NullifyInputVariable,"public int sendCommand(final int command, final String args) throws IOException {","public int sendCommand(final int command, final String args) throws IOException { args = null;",8,reduced_nullify_final_param_non_compilable
org/apache/commons/net/ftp/FTPClient.java,1653,NullifyInputVariable,public String getModificationTime(final String pathname) throws IOException {,public String getModificationTime(final String pathname) throws IOException { pathname = null;,161,reduced_nullify_final_param_non_compilable
org/apache/commons/net/examples/mail/POP3ExportMbox.java,160,NullifyInputVariable,"private static void writeFile(final POP3Client pop3, final OutputStreamWriter fw, final int i) throws IOException {","private static void writeFile(final POP3Client pop3, final OutputStreamWriter fw, final int i) throws IOException { fw = null;",12,reduced_nullify_final_param_non_compilable
org/apache/commons/net/smtp/AuthenticatingSMTPClient.java,66,NullifyInputVariable,public static final String getAuthName(final AUTH_METHOD method) {,public static final String getAuthName(final AUTH_METHOD method) { method = null;,14,reduced_nullify_final_param_non_compilable
org/apache/commons/net/ftp/FTPSClient.java,928,RemoveMethod,public byte[] parseADATReply(final String reply) {,public byte[] parseADATReply(final String reply) {,106,reduced_remove_method_other
org/apache/commons/net/nntp/NNTPClient.java,894,NullifyInputVariable,"public BufferedReader retrieveArticleBody(final String articleId, final ArticleInfo pointer) throws IOException {","public BufferedReader retrieveArticleBody(final String articleId, final ArticleInfo pointer) throws IOException { pointer = null;",73,reduced_nullify_final_param_non_compilable
org/apache/commons/net/ftp/FTPClient.java,3255,NullifyInputVariable,"private boolean storeFile(final FTPCmd command, final String remote, final InputStream local) throws IOException {","private boolean storeFile(final FTPCmd command, final String remote, final InputStream local) throws IOException { command = null;",105,reduced_nullify_final_param_non_compilable
org/apache/commons/net/util/KeyManagerUtils.java,198,NullifyInputVariable,"final String keyPass) throws IOException, GeneralSecurityException {","final String keyPass) throws IOException, GeneralSecurityException { storeType = null;",10,reduced_nullify_final_param_non_compilable
org/apache/commons/net/smtp/SMTPSClient.java,368,NullifyInputVariable,public void setTrustManager(final TrustManager newTrustManager) {,public void setTrustManager(final TrustManager newTrustManager) { newTrustManager = null;,9,reduced_nullify_final_param_non_compilable
org/apache/commons/net/imap/IMAPReply.java,149,NullifyInputVariable,public static boolean isContinuation(final String line) {,public static boolean isContinuation(final String line) { line = null;,3,reduced_nullify_final_param_non_compilable
org/apache/commons/net/imap/IMAPClient.java,430,NullifyInputVariable,"public boolean lsub(final String refName, final String mailboxName) throws IOException {","public boolean lsub(final String refName, final String mailboxName) throws IOException { mailboxName = null;",35,reduced_nullify_final_param_non_compilable
org/apache/commons/net/io/Util.java,73,NullifyInputVariable,public static void closeQuietly(final Socket socket) {,public static void closeQuietly(final Socket socket) { socket = null;,27,reduced_nullify_final_param_non_compilable
org/apache/commons/net/SocketClient.java,198,NullifyInputVariable,private void closeQuietly(final Closeable close) {,private void closeQuietly(final Closeable close) { close = null;,27,reduced_nullify_final_param_non_compilable
org/apache/commons/net/examples/nntp/ExtendedNNTPOps.java,33,NullifyInputVariable,public static void main(final String[] args) {,public static void main(final String[] args) { args = null;,8,reduced_nullify_final_param_non_compilable
org/apache/commons/net/ftp/FTPClient.java,3280,NullifyInputVariable,"private OutputStream storeFileStream(final FTPCmd command, final String remote) throws IOException {","private OutputStream storeFileStream(final FTPCmd command, final String remote) throws IOException { command = null;",100,reduced_nullify_final_param_non_compilable
org/apache/commons/net/ftp/FTPClient.java,2387,NullifyInputVariable,"public boolean login(final String user, final String password) throws IOException {","public boolean login(final String user, final String password) throws IOException { user = null;",142,reduced_nullify_final_param_non_compilable
org/apache/commons/net/examples/ftp/TFTPExample.java,199,NullifyInputVariable,throws IOException {,throws IOException { localFilename = null;,11,reduced_nullify_input_other_filter
org/apache/commons/net/nntp/NntpThreadContainer.java,36,NullifyInputVariable,boolean findChild(final NntpThreadContainer target) {,boolean findChild(final NntpThreadContainer target) { target = null;,15,reduced_nullify_final_param_non_compilable
org/apache/commons/net/ftp/FTP.java,271,NullifyInputVariable,protected void _connectAction_(final Reader socketIsReader) throws IOException {,protected void _connectAction_(final Reader socketIsReader) throws IOException { socketIsReader = null;,61,reduced_nullify_final_param_non_compilable
org/apache/commons/net/util/KeyManagerUtils.java,180,NullifyInputVariable,"public static KeyManager createClientKeyManager(final KeyStore ks, final String keyAlias, final String keyPass) throws GeneralSecurityException {","public static KeyManager createClientKeyManager(final KeyStore ks, final String keyAlias, final String keyPass) throws GeneralSecurityException { keyAlias = null;",12,reduced_nullify_final_param_non_compilable
org/apache/commons/net/bsd/RCommandClient.java,116,NullifyInputVariable,"public void connect(final InetAddress host, final int port, final InetAddress localAddr) throws SocketException, BindException, IOException {","public void connect(final InetAddress host, final int port, final InetAddress localAddr) throws SocketException, BindException, IOException { host = null;",19,reduced_nullify_final_param_non_compilable
org/apache/commons/net/ftp/FTPClient.java,3403,NullifyInputVariable,private Socket wrapOnDeflate(final Socket plainSocket) {,private Socket wrapOnDeflate(final Socket plainSocket) { plainSocket = null;,92,reduced_nullify_final_param_non_compilable
org/apache/commons/net/bsd/RCommandClient.java,172,NullifyInputVariable,"public void connect(final String hostname, final int port) throws SocketException, IOException, UnknownHostException {","public void connect(final String hostname, final int port) throws SocketException, IOException, UnknownHostException { hostname = null;",15,reduced_nullify_final_param_non_compilable
org/apache/commons/net/ftp/FTPListParseEngine.java,141,NullifyInputVariable,{,{ filter = null;,16,reduced_nullify_input_other_filter
org/apache/commons/net/util/SSLContextUtils.java,57,NullifyInputVariable,"public static SSLContext createSSLContext(final String protocol, final KeyManager[] keyManagers, final TrustManager[] trustManagers) throws IOException {","public static SSLContext createSSLContext(final String protocol, final KeyManager[] keyManagers, final TrustManager[] trustManagers) throws IOException { trustManagers = null;",3,reduced_nullify_final_param_non_compilable
org/apache/commons/net/util/SubnetUtils.java,181,NullifyInputVariable,public boolean isInRange(final String address) {,public boolean isInRange(final String address) { address = null;,27,reduced_nullify_final_param_non_compilable
org/apache/commons/net/ftp/FTPClient.java,1476,NullifyInputVariable,private OutputStream getBufferedOutputStream(final OutputStream outputStream) {,private OutputStream getBufferedOutputStream(final OutputStream outputStream) { outputStream = null;,163,reduced_nullify_final_param_non_compilable
org/apache/commons/net/examples/ntp/SimpleNTPServer.java,37,NullifyInputVariable,public static void main(final String[] args) {,public static void main(final String[] args) { args = null;,7,reduced_nullify_final_param_non_compilable
org/apache/commons/net/io/Util.java,109,NullifyInputVariable,"public static long copyReader(final Reader source, final Writer dest, final int bufferSize) throws CopyStreamException {","public static long copyReader(final Reader source, final Writer dest, final int bufferSize) throws CopyStreamException { dest = null;",23,reduced_nullify_final_param_non_compilable
org/apache/commons/net/examples/unix/echo.java,44,NullifyInputVariable,public static void echoTCP(final String host) throws IOException {,public static void echoTCP(final String host) throws IOException { host = null;,7,reduced_nullify_final_param_non_compilable
org/apache/commons/net/imap/IMAP.java,334,NullifyInputVariable,public int sendCommand(final IMAPCommand command) throws IOException {,public int sendCommand(final IMAPCommand command) throws IOException { command = null;,25,reduced_nullify_final_param_non_compilable
org/apache/commons/net/examples/mail/IMAPMail.java,39,NullifyInputVariable,public static void main(final String[] args) throws IOException {,public static void main(final String[] args) throws IOException { args = null;,1,reduced_nullify_final_param_non_compilable
org/apache/commons/net/nntp/NNTPClient.java,1222,NullifyInputVariable,"public boolean selectArticle(final int a, final ArticlePointer ap) throws IOException {","public boolean selectArticle(final int a, final ArticlePointer ap) throws IOException { ap = null;",54,reduced_nullify_final_param_non_compilable
org/apache/commons/net/ftp/FTPFile.java,387,NullifyInputVariable,public void setUser(final String user) {,public void setUser(final String user) { user = null;,10,reduced_nullify_final_param_non_compilable
org/apache/commons/net/nntp/NNTPClient.java,1129,NullifyInputVariable,"public Reader retrieveHeader(final String header, final int lowArticleNumber, final int highArticleNumber) throws IOException {","public Reader retrieveHeader(final String header, final int lowArticleNumber, final int highArticleNumber) throws IOException { header = null;",61,reduced_nullify_final_param_non_compilable
org/apache/commons/net/io/DotTerminatedMessageWriter.java,171,NullifyInputVariable,"public void write(final String string, final int offset, final int length) throws IOException {","public void write(final String string, final int offset, final int length) throws IOException { string = null;",2,reduced_nullify_final_param_non_compilable
org/apache/commons/net/nntp/NNTPClient.java,1333,NullifyInputVariable,public boolean selectNewsgroup(final String newsgroup) throws IOException {,public boolean selectNewsgroup(final String newsgroup) throws IOException { newsgroup = null;,47,reduced_nullify_final_param_non_compilable
org/apache/commons/net/nntp/NNTP.java,709,NullifyInputVariable,public int stat(final String messageId) throws IOException {,public int stat(final String messageId) throws IOException { messageId = null;,9,reduced_nullify_final_param_non_compilable
org/apache/commons/net/SocketClient.java,629,NullifyInputVariable,public void setCharset(final Charset charset) {,public void setCharset(final Charset charset) { charset = null;,13,reduced_nullify_final_param_non_compilable
org/apache/commons/net/examples/unix/rshell.java,40,NullifyInputVariable,public static void main(final String[] args) {,public static void main(final String[] args) { args = null;,1,reduced_nullify_final_param_non_compilable
org/apache/commons/net/ftp/FTP.java,405,NullifyInputVariable,"private String buildMessage(final String command, final String args) {","private String buildMessage(final String command, final String args) { args = null;",57,reduced_nullify_final_param_non_compilable
org/apache/commons/net/pop3/POP3Client.java,47,NullifyInputVariable,private static POP3MessageInfo parseStatus(final String line) {,private static POP3MessageInfo parseStatus(final String line) { line = null;,16,reduced_nullify_final_param_non_compilable
org/apache/commons/net/imap/IMAP.java,357,NullifyInputVariable,public int sendCommand(final String command) throws IOException {,public int sendCommand(final String command) throws IOException { command = null;,22,reduced_nullify_final_param_non_compilable
org/apache/commons/net/examples/mail/POP3ExportMbox.java,49,NullifyInputVariable,public static void main(final String[] args) {,public static void main(final String[] args) { args = null;,16,reduced_nullify_final_param_non_compilable
org/apache/commons/net/bsd/RCommandClient.java,257,NullifyInputVariable,"public void rcommand(final String localUser, final String remoteUser, final String command) throws IOException {","public void rcommand(final String localUser, final String remoteUser, final String command) throws IOException { command = null;",8,reduced_nullify_final_param_non_compilable
org/apache/commons/net/ftp/FTPSSocketFactory.java,92,NullifyInputVariable,"public Socket createSocket(final InetAddress address, final int port, final InetAddress localAddress, final int localPort) throws IOException {","public Socket createSocket(final InetAddress address, final int port, final InetAddress localAddress, final int localPort) throws IOException { localAddress = null;",5,reduced_nullify_final_param_non_compilable
org/apache/commons/net/ftp/parser/EnterpriseUnixFTPEntryParser.java,80,NullifyInputVariable,public FTPFile parseFTPEntry(final String entry) {,public FTPFile parseFTPEntry(final String entry) { entry = null;,3,reduced_nullify_final_param_non_compilable
org/apache/commons/net/ProtocolCommandSupport.java,122,NullifyInputVariable,private void writeObject(final ObjectOutputStream out) {,private void writeObject(final ObjectOutputStream out) { out = null;,1,reduced_nullify_final_param_non_compilable
org/apache/commons/net/ftp/FTPListParseEngine.java,237,NullifyInputVariable,"private void read(final InputStream inputStream, final String charsetName) throws IOException {","private void read(final InputStream inputStream, final String charsetName) throws IOException { charsetName = null;",14,reduced_nullify_final_param_non_compilable
org/apache/commons/net/ftp/FTPClient.java,3255,NullifyInputVariable,"private boolean storeFile(final FTPCmd command, final String remote, final InputStream local) throws IOException {","private boolean storeFile(final FTPCmd command, final String remote, final InputStream local) throws IOException { local = null;",103,reduced_nullify_final_param_non_compilable
org/apache/commons/net/ftp/FTPClient.java,1414,NullifyInputVariable,public String featureValue(final String feature) throws IOException {,public String featureValue(final String feature) throws IOException { feature = null;,166,reduced_nullify_final_param_non_compilable
org/apache/commons/net/io/Util.java,134,NullifyInputVariable,throws CopyStreamException {,throws CopyStreamException { listener = null;,20,reduced_nullify_input_other_filter
org/apache/commons/net/bsd/RExecClient.java,162,NullifyInputVariable,"public void rexec(final String user, final String password, final String command) throws IOException {","public void rexec(final String user, final String password, final String command) throws IOException { command = null;",8,reduced_nullify_final_param_non_compilable
org/apache/commons/net/bsd/RCommandClient.java,151,NullifyInputVariable,"throws SocketException, IOException, IllegalArgumentException {","throws SocketException, IOException, IllegalArgumentException { localAddr = null;",16,reduced_nullify_input_other_filter
org/apache/commons/net/imap/IMAPClient.java,532,NullifyInputVariable,"public boolean store(final String sequenceSet, final String itemNames, final String itemValues) throws IOException {","public boolean store(final String sequenceSet, final String itemNames, final String itemValues) throws IOException { itemValues = null;",24,reduced_nullify_final_param_non_compilable
org/apache/commons/net/nntp/NNTPClient.java,423,NullifyInputVariable,public String[] listNewNews(final NewGroupsOrNewsQuery query) throws IOException {,public String[] listNewNews(final NewGroupsOrNewsQuery query) throws IOException { query = null;,92,reduced_nullify_final_param_non_compilable
org/apache/commons/net/tftp/TFTPClient.java,432,NullifyInputVariable,"throws UnknownHostException, IOException {","throws UnknownHostException, IOException { fileName = null;",15,reduced_nullify_input_other_filter
org/apache/commons/net/ftp/parser/RegexFTPFileEntryParserImpl.java,143,NullifyInputVariable,public boolean matches(final String s) {,public boolean matches(final String s) { s = null;,6,reduced_nullify_final_param_non_compilable
org/apache/commons/net/PrintCommandListener.java,159,NullifyInputVariable,public void protocolCommandSent(final ProtocolCommandEvent event) {,public void protocolCommandSent(final ProtocolCommandEvent event) { event = null;,4,reduced_nullify_final_param_non_compilable
org/apache/commons/net/ftp/FTP.java,1353,NullifyInputVariable,public int stat(final String pathname) throws IOException {,public int stat(final String pathname) throws IOException { pathname = null;,24,reduced_nullify_final_param_non_compilable
org/apache/commons/net/imap/IMAPClient.java,247,NullifyInputVariable,"public boolean append(final String mailboxName, final String flags, final String datetime, final String message) throws IOException {","public boolean append(final String mailboxName, final String flags, final String datetime, final String message) throws IOException { datetime = null;",49,reduced_nullify_final_param_non_compilable
org/apache/commons/net/ftp/DurationUtils.java,35,NullifyInputVariable,static int toMillisInt(final Duration duration) {,static int toMillisInt(final Duration duration) { duration = null;,8,reduced_nullify_final_param_non_compilable
org/apache/commons/net/nntp/NNTP.java,642,NullifyInputVariable,"public int sendCommand(final String command, final String args) throws IOException {","public int sendCommand(final String command, final String args) throws IOException { args = null;",10,reduced_nullify_final_param_non_compilable
org/apache/commons/net/tftp/TFTPClient.java,105,NullifyInputVariable,"public int receiveFile(final String fileName, final int mode, final OutputStream output, final InetAddress host) throws IOException {","public int receiveFile(final String fileName, final int mode, final OutputStream output, final InetAddress host) throws IOException { host = null;",34,reduced_nullify_final_param_non_compilable
org/apache/commons/net/nntp/NNTPClient.java,302,NullifyInputVariable,public Iterable<String> iterateNewNewsgroupListing(final NewGroupsOrNewsQuery query) throws IOException {,public Iterable<String> iterateNewNewsgroupListing(final NewGroupsOrNewsQuery query) throws IOException { query = null;,96,reduced_nullify_final_param_non_compilable
org/apache/commons/net/imap/IMAPClient.java,247,NullifyInputVariable,"public boolean append(final String mailboxName, final String flags, final String datetime, final String message) throws IOException {","public boolean append(final String mailboxName, final String flags, final String datetime, final String message) throws IOException { flags = null;",50,reduced_nullify_final_param_non_compilable
org/apache/commons/net/nntp/Threader.java,423,NullifyInputVariable,public Threadable thread(final Threadable[] messages) {,public Threadable thread(final Threadable[] messages) { messages = null;,81,reduced_nullify_final_param_non_compilable
org/apache/commons/net/bsd/RCommandClient.java,281,NullifyInputVariable,"public void rcommand(final String localUser, final String remoteUser, final String command, final boolean separateErrorStream) throws IOException {","public void rcommand(final String localUser, final String remoteUser, final String command, final boolean separateErrorStream) throws IOException { remoteUser = null;",6,reduced_nullify_final_param_non_compilable
org/apache/commons/net/ftp/FTP.java,1484,NullifyInputVariable,public int user(final String user) throws IOException {,public int user(final String user) throws IOException { user = null;,19,reduced_nullify_final_param_non_compilable
org/apache/commons/net/util/KeyManagerUtils.java,198,NullifyInputVariable,"final String keyPass) throws IOException, GeneralSecurityException {","final String keyPass) throws IOException, GeneralSecurityException { storePass = null;",8,reduced_nullify_final_param_non_compilable
org/apache/commons/net/ftp/parser/DefaultFTPFileEntryParserFactory.java,60,NullifyInputVariable,public FTPFileEntryParser createFileEntryParser(final FTPClientConfig config) throws ParserInitializationException {,public FTPFileEntryParser createFileEntryParser(final FTPClientConfig config) throws ParserInitializationException { config = null;,19,reduced_nullify_final_param_non_compilable
org/apache/commons/net/ftp/FTP.java,1073,NullifyInputVariable,public int rest(final String marker) throws IOException {,public int rest(final String marker) throws IOException { marker = null;,41,reduced_nullify_final_param_non_compilable
org/apache/commons/net/ftp/FTPClient.java,1984,NullifyInputVariable,"private FTPListParseEngine initiateListParsing(final FTPFileEntryParser parser, final String pathname) throws IOException {","private FTPListParseEngine initiateListParsing(final FTPFileEntryParser parser, final String pathname) throws IOException { pathname = null;",153,reduced_nullify_final_param_non_compilable
org/apache/commons/net/nntp/NNTPClient.java,242,NullifyInputVariable,public Writer forwardArticle(final String articleId) throws IOException {,public Writer forwardArticle(final String articleId) throws IOException { articleId = null;,98,reduced_nullify_final_param_non_compilable
org/apache/commons/net/examples/mail/IMAPExportMbox.java,441,NullifyInputVariable,"private static String matches(final String input, final Pattern pat, final int index) {","private static String matches(final String input, final Pattern pat, final int index) { pat = null;",37,reduced_nullify_final_param_non_compilable
org/apache/commons/net/smtp/SMTPClient.java,348,NullifyInputVariable,"public boolean sendSimpleMessage(final String sender, final String recipient, final String message) throws IOException {","public boolean sendSimpleMessage(final String sender, final String recipient, final String message) throws IOException { message = null;",15,reduced_nullify_final_param_non_compilable
org/apache/commons/net/ftp/FTPClient.java,1469,NullifyInputVariable,private InputStream getBufferedInputStream(final InputStream inputStream) {,private InputStream getBufferedInputStream(final InputStream inputStream) { inputStream = null;,164,reduced_nullify_final_param_non_compilable
org/apache/commons/net/SocketClient.java,306,NullifyInputVariable,"public void connect(final String hostname, final int port, final InetAddress localAddr, final int localPort) throws SocketException, IOException {","public void connect(final String hostname, final int port, final InetAddress localAddr, final int localPort) throws SocketException, IOException { hostname = null;",19,reduced_nullify_final_param_non_compilable
org/apache/commons/net/imap/IMAPClient.java,247,NullifyInputVariable,"public boolean append(final String mailboxName, final String flags, final String datetime, final String message) throws IOException {","public boolean append(final String mailboxName, final String flags, final String datetime, final String message) throws IOException { mailboxName = null;",51,reduced_nullify_final_param_non_compilable
org/apache/commons/net/ftp/FTPHTTPClient.java,123,NullifyInputVariable,"protected Socket _openDataConnection_(final String command, final String arg) throws IOException {","protected Socket _openDataConnection_(final String command, final String arg) throws IOException { command = null;",21,reduced_nullify_final_param_non_compilable
org/apache/commons/net/ntp/TimeStamp.java,162,NullifyInputVariable,public static TimeStamp parseNtpString(final String s) throws NumberFormatException {,public static TimeStamp parseNtpString(final String s) throws NumberFormatException { s = null;,32,reduced_nullify_final_param_non_compilable
org/apache/commons/net/tftp/TFTPClient.java,261,NullifyInputVariable,"throws UnknownHostException, IOException {","throws UnknownHostException, IOException { hostname = null;",25,reduced_nullify_input_other_filter
org/apache/commons/net/examples/ntp/SimpleNTPServer.java,108,NullifyInputVariable,"protected void handlePacket(final DatagramPacket request, final long rcvTime) throws IOException {","protected void handlePacket(final DatagramPacket request, final long rcvTime) throws IOException { request = null;",6,reduced_nullify_final_param_non_compilable
org/apache/commons/net/examples/ftp/TFTPExample.java,199,NullifyInputVariable,throws IOException {,throws IOException { remoteFilename = null;,10,reduced_nullify_input_other_filter
org/apache/commons/net/nntp/NNTPClient.java,74,NullifyInputVariable,static Article parseArticleEntry(final String line) {,static Article parseArticleEntry(final String line) { line = null;,107,reduced_nullify_final_param_non_compilable
org/apache/commons/net/ftp/FTP.java,818,NullifyInputVariable,"public int mfmt(final String pathname, final String timeval) throws IOException {","public int mfmt(final String pathname, final String timeval) throws IOException { timeval = null;",48,reduced_nullify_final_param_non_compilable
org/apache/commons/net/imap/IMAPSClient.java,215,RemoveMethod,public String[] getEnabledProtocols() {,public String[] getEnabledProtocols() {,32,reduced_remove_method_other
org/apache/commons/net/ftp/FTPClient.java,2102,NullifyInputVariable,public FTPListParseEngine initiateMListParsing(final String pathname) throws IOException {,public FTPListParseEngine initiateMListParsing(final String pathname) throws IOException { pathname = null;,149,reduced_nullify_final_param_non_compilable
org/apache/commons/net/nntp/NNTP.java,626,NullifyInputVariable,public int sendCommand(final String command) throws IOException {,public int sendCommand(final String command) throws IOException { command = null;,12,reduced_nullify_final_param_non_compilable
org/apache/commons/net/ftp/FTPSClient.java,1001,NullifyInputVariable,public void setEnabledCipherSuites(final String[] cipherSuites) {,public void setEnabledCipherSuites(final String[] cipherSuites) { cipherSuites = null;,49,reduced_nullify_final_param_non_compilable
org/apache/commons/net/ftp/FTP.java,1369,NullifyInputVariable,public int stor(final String pathname) throws IOException {,public int stor(final String pathname) throws IOException { pathname = null;,23,reduced_nullify_final_param_non_compilable
org/apache/commons/net/nntp/NNTP.java,487,NullifyInputVariable,"public int newgroups(final String date, final String time, final boolean GMT, final String distributions) throws IOException {","public int newgroups(final String date, final String time, final boolean GMT, final String distributions) throws IOException { distributions = null;",18,reduced_nullify_final_param_non_compilable
org/apache/commons/net/util/KeyManagerUtils.java,117,NullifyInputVariable,public X509Certificate[] getCertificateChain(final String alias) {,public X509Certificate[] getCertificateChain(final String alias) { alias = null;,24,reduced_nullify_final_param_non_compilable
org/apache/commons/net/ftp/parser/FTPTimestampParserImpl.java,260,NullifyInputVariable,"public Calendar parseTimestamp(final String timestampStr, final Calendar serverTime) throws ParseException {","public Calendar parseTimestamp(final String timestampStr, final Calendar serverTime) throws ParseException { timestampStr = null;",24,reduced_nullify_final_param_non_compilable
org/apache/commons/net/ftp/FTPSClient.java,1041,NullifyInputVariable,public void setHostnameVerifier(final HostnameVerifier newHostnameVerifier) {,public void setHostnameVerifier(final HostnameVerifier newHostnameVerifier) { newHostnameVerifier = null;,47,reduced_nullify_final_param_non_compilable
org/apache/commons/net/examples/mail/IMAPImportMbox.java,175,NullifyInputVariable,"private static boolean process(final StringBuilder sb, final IMAPClient imap, final String folder, final int msgNum) throws IOException {","private static boolean process(final StringBuilder sb, final IMAPClient imap, final String folder, final int msgNum) throws IOException { folder = null;",21,reduced_nullify_final_param_non_compilable
org/apache/commons/net/ftp/FTPClient.java,2321,NullifyInputVariable,public String listHelp(final String command) throws IOException {,public String listHelp(final String command) throws IOException { command = null;,144,reduced_nullify_final_param_non_compilable
org/apache/commons/net/ftp/parser/MLSxEntryParser.java,144,NullifyInputVariable,"private void doUnixPerms(final FTPFile file, final String valueLowerCase) {","private void doUnixPerms(final FTPFile file, final String valueLowerCase) { valueLowerCase = null;",14,reduced_nullify_final_param_non_compilable
org/apache/commons/net/util/Base64.java,125,RemoveMethod,public static byte[] decodeBase64(final String base64) {,public static byte[] decodeBase64(final String base64) {,108,reduced_remove_method_other
org/apache/commons/net/ftp/FTPClient.java,2754,NullifyInputVariable,"public boolean rename(final String from, final String to) throws IOException {","public boolean rename(final String from, final String to) throws IOException { to = null;",122,reduced_nullify_final_param_non_compilable
org/apache/commons/net/imap/AuthenticatingIMAPClient.java,155,NullifyInputVariable,"throws IOException, NoSuchAlgorithmException, InvalidKeyException, InvalidKeySpecException {","throws IOException, NoSuchAlgorithmException, InvalidKeyException, InvalidKeySpecException { password = null;",9,reduced_nullify_input_other_filter
org/apache/commons/net/ftp/parser/RegexFTPFileEntryParserImpl.java,160,NullifyInputVariable,public boolean setRegex(final String regex) {,public boolean setRegex(final String regex) { regex = null;,5,reduced_nullify_final_param_non_compilable
org/apache/commons/net/examples/nntp/PostMessage.java,43,NullifyInputVariable,public static void main(final String[] args) {,public static void main(final String[] args) { args = null;,10,reduced_nullify_final_param_non_compilable
org/apache/commons/net/nntp/NNTPClient.java,1184,NullifyInputVariable,public boolean selectArticle(final ArticleInfo pointer) throws IOException {,public boolean selectArticle(final ArticleInfo pointer) throws IOException { pointer = null;,56,reduced_nullify_final_param_non_compilable
org/apache/commons/net/nntp/Article.java,201,NullifyInputVariable,public void setDate(final String string) {,public void setDate(final String string) { string = null;,44,reduced_nullify_final_param_non_compilable
org/apache/commons/net/nntp/NNTP.java,468,NullifyInputVariable,public int listActive(final String wildmat) throws IOException {,public int listActive(final String wildmat) throws IOException { wildmat = null;,21,reduced_nullify_final_param_non_compilable
org/apache/commons/net/smtp/SMTPSClient.java,207,RemoveMethod,public String[] getEnabledCipherSuites() {,public String[] getEnabledCipherSuites() {,35,reduced_remove_method_other
org/apache/commons/net/telnet/TelnetClient.java,116,NullifyInputVariable,"public void addOptionHandler(final TelnetOptionHandler opthand) throws InvalidTelnetOptionException, IOException {","public void addOptionHandler(final TelnetOptionHandler opthand) throws InvalidTelnetOptionException, IOException { opthand = null;",12,reduced_nullify_final_param_non_compilable
org/apache/commons/net/smtp/SMTPClient.java,376,NullifyInputVariable,"public boolean sendSimpleMessage(final String sender, final String[] recipients, final String message) throws IOException {","public boolean sendSimpleMessage(final String sender, final String[] recipients, final String message) throws IOException { sender = null;",14,reduced_nullify_final_param_non_compilable
org/apache/commons/net/ntp/TimeStamp.java,404,NullifyInputVariable,private void writeObject(final java.io.ObjectOutputStream out) {,private void writeObject(final java.io.ObjectOutputStream out) { out = null;,28,reduced_nullify_final_param_non_compilable
org/apache/commons/net/tftp/TFTPClient.java,261,NullifyInputVariable,"throws UnknownHostException, IOException {","throws UnknownHostException, IOException { output = null;",26,reduced_nullify_input_other_filter
org/apache/commons/net/bsd/RLoginClient.java,67,NullifyInputVariable,"public void rlogin(final String localUserName, final String remoteUserName, final String terminalType) throws IOException {","public void rlogin(final String localUserName, final String remoteUserName, final String terminalType) throws IOException { terminalType = null;",5,reduced_nullify_final_param_non_compilable
org/apache/commons/net/io/Util.java,179,NullifyInputVariable,"public static long copyStream(final InputStream source, final OutputStream dest) throws CopyStreamException {","public static long copyStream(final InputStream source, final OutputStream dest) throws CopyStreamException { source = null;",19,reduced_nullify_final_param_non_compilable
org/apache/commons/net/ftp/FTPClient.java,2357,RemoveMethod,public String[] listNames(final String pathname) throws IOException {,public String[] listNames(final String pathname) throws IOException {,338,reduced_remove_method_other
org/apache/commons/net/ftp/parser/RegexFTPFileEntryParserImpl.java,87,NullifyInputVariable,"private void compileRegex(final String regex, final int flags) {","private void compileRegex(final String regex, final int flags) { regex = null;",7,reduced_nullify_final_param_non_compilable
org/apache/commons/net/finger/FingerClient.java,103,NullifyInputVariable,"public InputStream getInputStream(final boolean longOutput, final String user, final String encoding) throws IOException {","public InputStream getInputStream(final boolean longOutput, final String user, final String encoding) throws IOException { encoding = null;",2,reduced_nullify_final_param_non_compilable
org/apache/commons/net/ftp/FTPClient.java,3119,NullifyInputVariable,"public boolean setModificationTime(final String pathname, final String timeval) throws IOException {","public boolean setModificationTime(final String pathname, final String timeval) throws IOException { timeval = null;",111,reduced_nullify_final_param_non_compilable
org/apache/commons/net/time/TimeUDPClient.java,64,NullifyInputVariable,public Date getDate(final InetAddress host) throws IOException {,public Date getDate(final InetAddress host) throws IOException { host = null;,15,reduced_nullify_final_param_non_compilable
org/apache/commons/net/smtp/SMTPSClient.java,358,NullifyInputVariable,public void setKeyManager(final KeyManager newKeyManager) {,public void setKeyManager(final KeyManager newKeyManager) { newKeyManager = null;,10,reduced_nullify_final_param_non_compilable
org/apache/commons/net/ftp/FTP.java,1131,NullifyInputVariable,public int rnto(final String pathname) throws IOException {,public int rnto(final String pathname) throws IOException { pathname = null;,37,reduced_nullify_final_param_non_compilable
org/apache/commons/net/pop3/POP3Client.java,242,NullifyInputVariable,"public boolean login(final String user, final String password) throws IOException {","public boolean login(final String user, final String password) throws IOException { user = null;",14,reduced_nullify_final_param_non_compilable
org/apache/commons/net/imap/IMAPReply.java,179,NullifyInputVariable,public static int literalCount(final String line) {,public static int literalCount(final String line) { line = null;,1,reduced_nullify_final_param_non_compilable
org/apache/commons/net/examples/ftp/TFTPExample.java,158,NullifyInputVariable,final TFTPClient tftp) throws IOException {,final TFTPClient tftp) throws IOException { localFilename = null;,15,reduced_nullify_final_param_non_compilable
org/apache/commons/net/pop3/POP3.java,274,NullifyInputVariable,"public int sendCommand(final String command, final String args) throws IOException {","public int sendCommand(final String command, final String args) throws IOException { args = null;",5,reduced_nullify_final_param_non_compilable
org/apache/commons/net/examples/ftp/TFTPExample.java,149,NullifyInputVariable,private static void open(final TFTPClient tftp) throws IOException {,private static void open(final TFTPClient tftp) throws IOException { tftp = null;,17,reduced_nullify_final_param_non_compilable
org/apache/commons/net/util/KeyManagerUtils.java,203,NullifyInputVariable,private static String findAlias(final KeyStore ks) throws KeyStoreException {,private static String findAlias(final KeyStore ks) throws KeyStoreException { ks = null;,5,reduced_nullify_final_param_non_compilable
org/apache/commons/net/nntp/NNTPClient.java,462,NullifyInputVariable,public NewsgroupInfo[] listNewNewsgroups(final NewGroupsOrNewsQuery query) throws IOException {,public NewsgroupInfo[] listNewNewsgroups(final NewGroupsOrNewsQuery query) throws IOException { query = null;,91,reduced_nullify_final_param_non_compilable
org/apache/commons/net/pop3/POP3Client.java,279,NullifyInputVariable,"public boolean login(final String user, String timestamp, final String secret) throws IOException, NoSuchAlgorithmException {","public boolean login(final String user, String timestamp, final String secret) throws IOException, NoSuchAlgorithmException { user = null;",12,reduced_nullify_final_param_non_compilable
org/apache/commons/net/DefaultSocketFactory.java,143,NullifyInputVariable,"public Socket createSocket(final InetAddress address, final int port, final InetAddress localAddr, final int localPort) throws IOException {","public Socket createSocket(final InetAddress address, final int port, final InetAddress localAddr, final int localPort) throws IOException { address = null;",10,reduced_nullify_final_param_non_compilable
org/apache/commons/net/ftp/FTPClient.java,310,RemoveMethod,int[] cleanUp() throws IOException {,int[] cleanUp() throws IOException {,480,reduced_remove_method_other
org/apache/commons/net/util/Base64.java,305,RemoveMethod,public static byte[] encodeInteger(final BigInteger bigInt) {,public static byte[] encodeInteger(final BigInteger bigInt) {,81,reduced_remove_method_other
org/apache/commons/net/io/CopyStreamAdapter.java,91,NullifyInputVariable,public void removeCopyStreamListener(final CopyStreamListener listener) {,public void removeCopyStreamListener(final CopyStreamListener listener) { listener = null;,1,reduced_nullify_final_param_non_compilable
org/apache/commons/net/imap/IMAP.java,346,NullifyInputVariable,"public int sendCommand(final IMAPCommand command, final String args) throws IOException {","public int sendCommand(final IMAPCommand command, final String args) throws IOException { command = null;",24,reduced_nullify_final_param_non_compilable
org/apache/commons/net/ftp/parser/MVSFTPEntryParser.java,407,NullifyInputVariable,private FTPFile parseMemberList(final String entry) {,private FTPFile parseMemberList(final String entry) { entry = null;,14,reduced_nullify_final_param_non_compilable
org/apache/commons/net/examples/nntp/MessageThreading.java,34,NullifyInputVariable,"public static void main(final String[] args) throws SocketException, IOException {","public static void main(final String[] args) throws SocketException, IOException { args = null;",5,reduced_nullify_final_param_non_compilable
org/apache/commons/net/ftp/FTP.java,401,NullifyInputVariable,public int appe(final String pathname) throws IOException {,public int appe(final String pathname) throws IOException { pathname = null;,59,reduced_nullify_final_param_non_compilable
org/apache/commons/net/ftp/FTPSSocketFactory.java,85,NullifyInputVariable,"public Socket createSocket(final InetAddress address, final int port) throws IOException {","public Socket createSocket(final InetAddress address, final int port) throws IOException { address = null;",7,reduced_nullify_final_param_non_compilable
org/apache/commons/net/bsd/RCommandClient.java,151,NullifyInputVariable,"throws SocketException, IOException, IllegalArgumentException {","throws SocketException, IOException, IllegalArgumentException { host = null;",17,reduced_nullify_input_other_filter
org/apache/commons/net/tftp/TFTP.java,258,NullifyInputVariable,"protected void trace(final String direction, final TFTPPacket packet) {","protected void trace(final String direction, final TFTPPacket packet) { direction = null;",3,reduced_nullify_final_param_non_compilable
org/apache/commons/net/ftp/FTPSClient.java,1051,NullifyInputVariable,public void setKeyManager(final KeyManager keyManager) {,public void setKeyManager(final KeyManager keyManager) { keyManager = null;,46,reduced_nullify_final_param_non_compilable
org/apache/commons/net/nntp/Threader.java,139,NullifyInputVariable,"private NntpThreadContainer findRootSet(final HashMap<String, NntpThreadContainer> idTable) {","private NntpThreadContainer findRootSet(final HashMap<String, NntpThreadContainer> idTable) { idTable = null;",86,reduced_nullify_final_param_non_compilable
org/apache/commons/net/tftp/TFTPAckPacket.java,111,NullifyInputVariable,"DatagramPacket newDatagram(final DatagramPacket datagram, final byte[] data) {","DatagramPacket newDatagram(final DatagramPacket datagram, final byte[] data) { datagram = null;",5,reduced_nullify_final_param_non_compilable
org/apache/commons/net/ntp/NtpV3Impl.java,568,NullifyInputVariable,public void setTransmitTime(final TimeStamp ts) {,public void setTransmitTime(final TimeStamp ts) { ts = null;,49,reduced_nullify_final_param_non_compilable
org/apache/commons/net/examples/ntp/NTPClient.java,48,NullifyInputVariable,public static void main(final String[] args) {,public static void main(final String[] args) { args = null;,13,reduced_nullify_final_param_non_compilable
org/apache/commons/net/smtp/SMTP.java,462,NullifyInputVariable,"public int sendCommand(final int command, final String args) throws IOException {","public int sendCommand(final int command, final String args) throws IOException { args = null;",17,reduced_nullify_final_param_non_compilable
org/apache/commons/net/ftp/FTPClientConfig.java,596,NullifyInputVariable,public void setShortMonthNames(final String shortMonthNames) {,public void setShortMonthNames(final String shortMonthNames) { shortMonthNames = null;,2,reduced_nullify_final_param_non_compilable
org/apache/commons/net/io/Util.java,249,NullifyInputVariable,"final CopyStreamListener listener, final boolean flush) throws CopyStreamException {","final CopyStreamListener listener, final boolean flush) throws CopyStreamException { source = null;",12,reduced_nullify_final_param_non_compilable
org/apache/commons/net/ftp/FTPClient.java,2857,NullifyInputVariable,public void setActiveExternalIPAddress(final String ipAddress) throws UnknownHostException {,public void setActiveExternalIPAddress(final String ipAddress) throws UnknownHostException { ipAddress = null;,117,reduced_nullify_final_param_non_compilable
org/apache/commons/net/examples/unix/daytime.java,35,NullifyInputVariable,public static void daytimeTCP(final String host) throws IOException {,public static void daytimeTCP(final String host) throws IOException { host = null;,4,reduced_nullify_final_param_non_compilable
org/apache/commons/net/smtp/SimpleSMTPHeader.java,103,NullifyInputVariable,"public void addHeaderField(final String headerField, final String value) {","public void addHeaderField(final String headerField, final String value) { headerField = null;",10,reduced_nullify_final_param_non_compilable
org/apache/commons/net/util/KeyManagerUtils.java,167,NullifyInputVariable,"throws IOException, GeneralSecurityException {","throws IOException, GeneralSecurityException { storePass = null;",15,reduced_nullify_input_other_filter
org/apache/commons/net/nntp/NNTP.java,726,NullifyInputVariable,"public int xhdr(final String header, final String selectedArticles) throws IOException {","public int xhdr(final String header, final String selectedArticles) throws IOException { header = null;",8,reduced_nullify_final_param_non_compilable
org/apache/commons/net/nntp/NNTP.java,487,NullifyInputVariable,"public int newgroups(final String date, final String time, final boolean GMT, final String distributions) throws IOException {","public int newgroups(final String date, final String time, final boolean GMT, final String distributions) throws IOException { time = null;",19,reduced_nullify_final_param_non_compilable
org/apache/commons/net/util/SubnetUtils.java,238,NullifyInputVariable,private static int matchAddress(final Matcher matcher) {,private static int matchAddress(final Matcher matcher) { matcher = null;,26,reduced_nullify_final_param_non_compilable
org/apache/commons/net/tftp/TFTP.java,243,NullifyInputVariable,public final void send(final TFTPPacket packet) throws IOException {,public final void send(final TFTPPacket packet) throws IOException { packet = null;,4,reduced_nullify_final_param_non_compilable
org/apache/commons/net/smtp/SMTP.java,163,NullifyInputVariable,public int expn(final String name) throws IOException {,public int expn(final String name) throws IOException { name = null;,25,reduced_nullify_final_param_non_compilable
org/apache/commons/net/ntp/TimeInfo.java,222,NullifyInputVariable,public boolean equals(final Object obj) {,public boolean equals(final Object obj) { obj = null;,23,reduced_nullify_final_param_non_compilable
org/apache/commons/net/ftp/FTPHTTPClient.java,183,NullifyInputVariable,"throws IOException, UnsupportedEncodingException {","throws IOException, UnsupportedEncodingException { output = null;",16,reduced_nullify_input_other_filter
org/apache/commons/net/util/SSLSocketUtils.java,36,NullifyInputVariable,public static boolean enableEndpointNameVerification(final SSLSocket socket) {,public static boolean enableEndpointNameVerification(final SSLSocket socket) { socket = null;,2,reduced_nullify_final_param_non_compilable
org/apache/commons/net/examples/unix/rdate.java,36,NullifyInputVariable,public static void main(final String[] args) {,public static void main(final String[] args) { args = null;,4,reduced_nullify_final_param_non_compilable
org/apache/commons/net/imap/IMAPClient.java,475,NullifyInputVariable,"public boolean search(final String charset, final String criteria) throws IOException {","public boolean search(final String charset, final String criteria) throws IOException { criteria = null;",30,reduced_nullify_final_param_non_compilable
org/apache/commons/net/telnet/TelnetOptionHandler.java,236,RemoveMethod,public int[] startSubnegotiationRemote() {,public int[] startSubnegotiationRemote() {,2,reduced_remove_method_other
org/apache/commons/net/bsd/RCommandClient.java,210,NullifyInputVariable,"throws SocketException, IOException, IllegalArgumentException, UnknownHostException {","throws SocketException, IOException, IllegalArgumentException, UnknownHostException { hostname = null;",12,reduced_nullify_input_other_filter
org/apache/commons/net/pop3/ExtendedPOP3Client.java,88,NullifyInputVariable,"throws IOException, NoSuchAlgorithmException, InvalidKeyException, InvalidKeySpecException {","throws IOException, NoSuchAlgorithmException, InvalidKeyException, InvalidKeySpecException { method = null;",7,reduced_nullify_input_other_filter
org/apache/commons/net/imap/IMAP.java,193,NullifyInputVariable,"public boolean doCommand(final IMAPCommand command, final String args) throws IOException {","public boolean doCommand(final IMAPCommand command, final String args) throws IOException { args = null;",27,reduced_nullify_final_param_non_compilable
org/apache/commons/net/examples/unix/chargen.java,103,NullifyInputVariable,public static void main(final String[] args) {,public static void main(final String[] args) { args = null;,3,reduced_nullify_final_param_non_compilable
org/apache/commons/net/ftp/FTP.java,1135,NullifyInputVariable,"private void send(final String message) throws IOException, FTPConnectionClosedException, SocketException {","private void send(final String message) throws IOException, FTPConnectionClosedException, SocketException { message = null;",36,reduced_nullify_final_param_non_compilable
org/apache/commons/net/smtp/SMTP.java,505,NullifyInputVariable,"public int sendCommand(final String command, final String args) throws IOException {","public int sendCommand(final String command, final String args) throws IOException { args = null;",13,reduced_nullify_final_param_non_compilable
org/apache/commons/net/util/KeyManagerUtils.java,151,NullifyInputVariable,"public static KeyManager createClientKeyManager(final File storePath, final String storePass) throws IOException, GeneralSecurityException {","public static KeyManager createClientKeyManager(final File storePath, final String storePass) throws IOException, GeneralSecurityException { storePath = null;",18,reduced_nullify_final_param_non_compilable
org/apache/commons/net/ftp/FTP.java,1009,NullifyInputVariable,"public int port(final InetAddress host, final int port) throws IOException {","public int port(final InetAddress host, final int port) throws IOException { host = null;",42,reduced_nullify_final_param_non_compilable
org/apache/commons/net/ftp/FTPHTTPClient.java,183,NullifyInputVariable,"throws IOException, UnsupportedEncodingException {","throws IOException, UnsupportedEncodingException { input = null;",17,reduced_nullify_input_other_filter
org/apache/commons/net/examples/util/IOUtil.java,36,NullifyInputVariable,"public static void readWrite(final InputStream remoteInput, final OutputStream remoteOutput, final InputStream localInput, final OutputStream localOutput) {","public static void readWrite(final InputStream remoteInput, final OutputStream remoteOutput, final InputStream localInput, final OutputStream localOutput) { remoteInput = null;",7,reduced_nullify_final_param_non_compilable
org/apache/commons/net/imap/AuthenticatingIMAPClient.java,227,NullifyInputVariable,"throws IOException, NoSuchAlgorithmException, InvalidKeyException, InvalidKeySpecException {","throws IOException, NoSuchAlgorithmException, InvalidKeyException, InvalidKeySpecException { method = null;",8,reduced_nullify_input_other_filter
org/apache/commons/net/ftp/FTPClient.java,830,NullifyInputVariable,protected void _parsePassiveModeReply(final String reply) throws MalformedServerReplyException {,protected void _parsePassiveModeReply(final String reply) throws MalformedServerReplyException { reply = null;,189,reduced_nullify_final_param_non_compilable
org/apache/commons/net/imap/IMAPClient.java,532,NullifyInputVariable,"public boolean store(final String sequenceSet, final String itemNames, final String itemValues) throws IOException {","public boolean store(final String sequenceSet, final String itemNames, final String itemValues) throws IOException { itemNames = null;",25,reduced_nullify_final_param_non_compilable
org/apache/commons/net/time/TimeUDPClient.java,100,NullifyInputVariable,"public long getTime(final InetAddress host, final int port) throws IOException {","public long getTime(final InetAddress host, final int port) throws IOException { host = null;",12,reduced_nullify_final_param_non_compilable
org/apache/commons/net/imap/IMAPClient.java,430,NullifyInputVariable,"public boolean lsub(final String refName, final String mailboxName) throws IOException {","public boolean lsub(final String refName, final String mailboxName) throws IOException { refName = null;",36,reduced_nullify_final_param_non_compilable
org/apache/commons/net/ftp/DurationUtils.java,31,NullifyInputVariable,static boolean isPositive(final Duration duration) {,static boolean isPositive(final Duration duration) { duration = null;,9,reduced_nullify_final_param_non_compilable
org/apache/commons/net/nntp/NewGroupsOrNewsQuery.java,176,NullifyInputVariable,public void addNewsgroup(final String newsgroup) {,public void addNewsgroup(final String newsgroup) { newsgroup = null;,6,reduced_nullify_final_param_non_compilable
org/apache/commons/net/examples/Main.java,48,NullifyInputVariable,public static void main(final String[] args) throws Throwable {,public static void main(final String[] args) throws Throwable { args = null;,6,reduced_nullify_final_param_non_compilable
org/apache/commons/net/examples/mail/IMAPImportMbox.java,203,NullifyInputVariable,"private static boolean wanted(final int msgNum, final String line, final BitSet msgNums, final List<String> contains) {","private static boolean wanted(final int msgNum, final String line, final BitSet msgNums, final List<String> contains) { contains = null;",16,reduced_nullify_final_param_non_compilable
org/apache/commons/net/examples/util/IOUtil.java,36,NullifyInputVariable,"public static void readWrite(final InputStream remoteInput, final OutputStream remoteOutput, final InputStream localInput, final OutputStream localOutput) {","public static void readWrite(final InputStream remoteInput, final OutputStream remoteOutput, final InputStream localInput, final OutputStream localOutput) { localInput = null;",5,reduced_nullify_final_param_non_compilable
org/apache/commons/net/util/Base64.java,578,NullifyInputVariable,public byte[] decode(final String source) {,public byte[] decode(final String source) { source = null;,39,reduced_nullify_final_param_non_compilable
org/apache/commons/net/examples/ftp/TFTPExample.java,158,NullifyInputVariable,final TFTPClient tftp) throws IOException {,final TFTPClient tftp) throws IOException { remoteFilename = null;,14,reduced_nullify_final_param_non_compilable
org/apache/commons/net/ftp/FTPSTrustManager.java,40,NullifyInputVariable,"public void checkClientTrusted(final X509Certificate[] certificates, final String authType) {","public void checkClientTrusted(final X509Certificate[] certificates, final String authType) { certificates = null;",4,reduced_nullify_final_param_non_compilable
org/apache/commons/net/ftp/FTP.java,405,NullifyInputVariable,"private String buildMessage(final String command, final String args) {","private String buildMessage(final String command, final String args) { command = null;",58,reduced_nullify_final_param_non_compilable
org/apache/commons/net/ftp/FTPClient.java,2337,RemoveMethod,public String[] listNames() throws IOException {,public String[] listNames() throws IOException {,340,reduced_remove_method_other
org/apache/commons/net/examples/ftp/FTPClientExample.java,95,NullifyInputVariable,public static void main(final String[] args) throws UnknownHostException {,public static void main(final String[] args) throws UnknownHostException { args = null;,31,reduced_nullify_final_param_non_compilable
org/apache/commons/net/imap/IMAPClient.java,204,NullifyInputVariable,public boolean append(final String mailboxName) throws IOException {,public boolean append(final String mailboxName) throws IOException { mailboxName = null;,55,reduced_nullify_final_param_non_compilable
org/apache/commons/net/imap/IMAPClient.java,343,NullifyInputVariable,public boolean examine(final String mailboxName) throws IOException {,public boolean examine(final String mailboxName) throws IOException { mailboxName = null;,43,reduced_nullify_final_param_non_compilable
org/apache/commons/net/bsd/RCommandClient.java,281,NullifyInputVariable,"public void rcommand(final String localUser, final String remoteUser, final String command, final boolean separateErrorStream) throws IOException {","public void rcommand(final String localUser, final String remoteUser, final String command, final boolean separateErrorStream) throws IOException { localUser = null;",7,reduced_nullify_final_param_non_compilable
org/apache/commons/net/nntp/NNTPClient.java,175,NullifyInputVariable,"private void ai2ap(final ArticleInfo ai, final ArticlePointer ap) {","private void ai2ap(final ArticleInfo ai, final ArticlePointer ap) { ap = null;",102,reduced_nullify_final_param_non_compilable
org/apache/commons/net/ftp/FTPClient.java,985,NullifyInputVariable,"protected OutputStream _storeFileStream(final String command, final String remote) throws IOException {","protected OutputStream _storeFileStream(final String command, final String remote) throws IOException { command = null;",180,reduced_nullify_final_param_non_compilable
org/apache/commons/net/ftp/parser/MVSFTPEntryParser.java,364,NullifyInputVariable,private FTPFile parseJeslevel2List(final String entry) {,private FTPFile parseJeslevel2List(final String entry) { entry = null;,16,reduced_nullify_final_param_non_compilable
org/apache/commons/net/imap/IMAP.java,369,NullifyInputVariable,"public int sendCommand(final String command, final String args) throws IOException {","public int sendCommand(final String command, final String args) throws IOException { args = null;",20,reduced_nullify_final_param_non_compilable
org/apache/commons/net/bsd/RCommandClient.java,189,NullifyInputVariable,"public void connect(final String hostname, final int port, final InetAddress localAddr) throws SocketException, IOException {","public void connect(final String hostname, final int port, final InetAddress localAddr) throws SocketException, IOException { hostname = null;",14,reduced_nullify_final_param_non_compilable
org/apache/commons/net/nntp/Article.java,36,NullifyInputVariable,public static void printThread(final Article article) {,public static void printThread(final Article article) { article = null;,55,reduced_nullify_final_param_non_compilable
org/apache/commons/net/ftp/FTPSClient.java,421,NullifyInputVariable,public int execAUTH(final String mechanism) throws IOException {,public int execAUTH(final String mechanism) throws IOException { mechanism = null;,59,reduced_nullify_final_param_non_compilable
org/apache/commons/net/telnet/TelnetOptionHandler.java,222,RemoveMethod,public int[] startSubnegotiationLocal() {,public int[] startSubnegotiationLocal() {,4,reduced_remove_method_other
org/apache/commons/net/util/KeyManagerUtils.java,106,NullifyInputVariable,"public String chooseClientAlias(final String[] keyType, final Principal[] issuers, final Socket socket) {","public String chooseClientAlias(final String[] keyType, final Principal[] issuers, final Socket socket) { issuers = null;",29,reduced_nullify_final_param_non_compilable
org/apache/commons/net/whois/WhoisClient.java,73,NullifyInputVariable,public InputStream getInputStream(final String handle) throws IOException {,public InputStream getInputStream(final String handle) throws IOException { handle = null;,2,reduced_nullify_final_param_non_compilable
org/apache/commons/net/util/KeyManagerUtils.java,133,NullifyInputVariable,"public String[] getServerAliases(final String keyType, final Principal[] issuers) {","public String[] getServerAliases(final String keyType, final Principal[] issuers) { keyType = null;",20,reduced_nullify_final_param_non_compilable
org/apache/commons/net/nntp/NNTPClient.java,996,NullifyInputVariable,public Reader retrieveArticleHeader(final String articleId) throws IOException {,public Reader retrieveArticleHeader(final String articleId) throws IOException { articleId = null;,68,reduced_nullify_final_param_non_compilable
org/apache/commons/net/util/Base64.java,588,RemoveMethod,public byte[] encode(final byte[] source) {,public byte[] encode(final byte[] source) {,56,reduced_remove_method_other
org/apache/commons/net/ftp/FTP.java,801,NullifyInputVariable,public int mdtm(final String file) throws IOException {,public int mdtm(final String file) throws IOException { file = null;,50,reduced_nullify_final_param_non_compilable
org/apache/commons/net/io/Util.java,134,NullifyInputVariable,throws CopyStreamException {,throws CopyStreamException { dest = null;,21,reduced_nullify_input_other_filter
org/apache/commons/net/ntp/NTPUDPClient.java,48,NullifyInputVariable,public TimeInfo getTime(final InetAddress host) throws IOException {,public TimeInfo getTime(final InetAddress host) throws IOException { host = null;,4,reduced_nullify_final_param_non_compilable
org/apache/commons/net/nntp/NNTPClient.java,384,NullifyInputVariable,public Iterable<NewsgroupInfo> iterateNewsgroups(final String wildmat) throws IOException {,public Iterable<NewsgroupInfo> iterateNewsgroups(final String wildmat) throws IOException { wildmat = null;,93,reduced_nullify_final_param_non_compilable
org/apache/commons/net/nntp/NNTP.java,196,NullifyInputVariable,public int authinfoUser(final String user) throws IOException {,public int authinfoUser(final String user) throws IOException { user = null;,26,reduced_nullify_final_param_non_compilable
org/apache/commons/net/nntp/NNTPClient.java,198,NullifyInputVariable,"public boolean authenticate(final String user, final String password) throws IOException {","public boolean authenticate(final String user, final String password) throws IOException { password = null;",99,reduced_nullify_final_param_non_compilable
org/apache/commons/net/nntp/NNTP.java,642,NullifyInputVariable,"public int sendCommand(final String command, final String args) throws IOException {","public int sendCommand(final String command, final String args) throws IOException { command = null;",11,reduced_nullify_final_param_non_compilable
org/apache/commons/net/util/TrustManagerUtils.java,93,NullifyInputVariable,public static X509TrustManager getDefaultTrustManager(final KeyStore keyStore) throws GeneralSecurityException {,public static X509TrustManager getDefaultTrustManager(final KeyStore keyStore) throws GeneralSecurityException { keyStore = null;,1,reduced_nullify_final_param_non_compilable
org/apache/commons/net/examples/unix/daytime.java,55,NullifyInputVariable,public static void main(final String[] args) {,public static void main(final String[] args) { args = null;,2,reduced_nullify_final_param_non_compilable
org/apache/commons/net/examples/unix/rdate.java,69,NullifyInputVariable,public static void timeUDP(final String host) throws IOException {,public static void timeUDP(final String host) throws IOException { host = null;,2,reduced_nullify_final_param_non_compilable
org/apache/commons/net/nntp/NNTPClient.java,182,NullifyInputVariable,"private ArticleInfo ap2ai(@SuppressWarnings(""deprecation"") final ArticlePointer ap) {","private ArticleInfo ap2ai(@SuppressWarnings(""deprecation"") final ArticlePointer ap) { ap = null;",101,reduced_nullify_final_param_non_compilable
org/apache/commons/net/smtp/SMTPClient.java,324,NullifyInputVariable,public boolean sendShortMessageData(final String message) throws IOException {,public boolean sendShortMessageData(final String message) throws IOException { message = null;,18,reduced_nullify_final_param_non_compilable
org/apache/commons/net/ftp/FTPSClient.java,280,NullifyInputVariable,"protected Socket _openDataConnection_(final String command, final String arg) throws IOException {","protected Socket _openDataConnection_(final String command, final String arg) throws IOException { command = null;",66,reduced_nullify_final_param_non_compilable
org/apache/commons/net/nntp/NNTPClient.java,985,NullifyInputVariable,"public BufferedReader retrieveArticleHeader(final long articleNumber, final ArticleInfo pointer) throws IOException {","public BufferedReader retrieveArticleHeader(final long articleNumber, final ArticleInfo pointer) throws IOException { pointer = null;",69,reduced_nullify_final_param_non_compilable
org/apache/commons/net/ftp/FTPHTTPClient.java,166,NullifyInputVariable,"public void connect(final String host, final int port) throws SocketException, IOException {","public void connect(final String host, final int port) throws SocketException, IOException { host = null;",19,reduced_nullify_final_param_non_compilable
org/apache/commons/net/chargen/CharGenUDPClient.java,108,NullifyInputVariable,"public void send(final InetAddress host, final int port) throws IOException {","public void send(final InetAddress host, final int port) throws IOException { host = null;",1,reduced_nullify_final_param_non_compilable
org/apache/commons/net/ftp/FTPClient.java,3131,NullifyInputVariable,public void setParserFactory(final FTPFileEntryParserFactory parserFactory) {,public void setParserFactory(final FTPFileEntryParserFactory parserFactory) { parserFactory = null;,110,reduced_nullify_final_param_non_compilable
org/apache/commons/net/util/Base64.java,195,RemoveMethod,"public static byte[] encodeBase64(final byte[] binaryData, final boolean chunked, final boolean urlSafe, final int maxResultSize) {","public static byte[] encodeBase64(final byte[] binaryData, final boolean chunked, final boolean urlSafe, final int maxResultSize) {",97,reduced_remove_method_other
org/apache/commons/net/smtp/SMTP.java,577,NullifyInputVariable,public int vrfy(final String user) throws IOException {,public int vrfy(final String user) throws IOException { user = null;,9,reduced_nullify_final_param_non_compilable
org/apache/commons/net/util/KeyManagerUtils.java,106,NullifyInputVariable,"public String chooseClientAlias(final String[] keyType, final Principal[] issuers, final Socket socket) {","public String chooseClientAlias(final String[] keyType, final Principal[] issuers, final Socket socket) { socket = null;",28,reduced_nullify_final_param_non_compilable
org/apache/commons/net/ftp/parser/MLSxEntryParser.java,144,NullifyInputVariable,"private void doUnixPerms(final FTPFile file, final String valueLowerCase) {","private void doUnixPerms(final FTPFile file, final String valueLowerCase) { file = null;",15,reduced_nullify_final_param_non_compilable
org/apache/commons/net/DatagramSocketClient.java,244,NullifyInputVariable,public void setDatagramSocketFactory(final DatagramSocketFactory factory) {,public void setDatagramSocketFactory(final DatagramSocketFactory factory) { factory = null;,5,reduced_nullify_final_param_non_compilable
org/apache/commons/net/time/TimeUDPClient.java,76,NullifyInputVariable,"public Date getDate(final InetAddress host, final int port) throws IOException {","public Date getDate(final InetAddress host, final int port) throws IOException { host = null;",14,reduced_nullify_final_param_non_compilable
org/apache/commons/net/imap/IMAPCommand.java,159,NullifyInputVariable,public static final String getCommand(final IMAPCommand command) {,public static final String getCommand(final IMAPCommand command) { command = null;,2,reduced_nullify_final_param_non_compilable
org/apache/commons/net/util/ListenerList.java,66,NullifyInputVariable,public void removeListener(final EventListener listener) {,public void removeListener(final EventListener listener) { listener = null;,2,reduced_nullify_final_param_non_compilable
org/apache/commons/net/ftp/parser/UnixFTPEntryParser.java,280,NullifyInputVariable,public List<String> preParse(final List<String> original) {,public List<String> preParse(final List<String> original) { original = null;,12,reduced_nullify_final_param_non_compilable
org/apache/commons/net/ftp/parser/VMSFTPEntryParser.java,118,NullifyInputVariable,public FTPFile parseFTPEntry(final String entry) {,public FTPFile parseFTPEntry(final String entry) { entry = null;,7,reduced_nullify_final_param_non_compilable
org/apache/commons/net/examples/nntp/ExtendedNNTPOps.java,53,NullifyInputVariable,"private void demo(final String host, final String user, final String password) {","private void demo(final String host, final String user, final String password) { user = null;",6,reduced_nullify_final_param_non_compilable
org/apache/commons/net/nntp/NNTP.java,166,NullifyInputVariable,public int article(final String messageId) throws IOException {,public int article(final String messageId) throws IOException { messageId = null;,28,reduced_nullify_final_param_non_compilable
org/apache/commons/net/DefaultSocketFactory.java,184,NullifyInputVariable,"public Socket createSocket(final String host, final int port, final InetAddress localAddr, final int localPort) throws UnknownHostException, IOException {","public Socket createSocket(final String host, final int port, final InetAddress localAddr, final int localPort) throws UnknownHostException, IOException { localAddr = null;",6,reduced_nullify_final_param_non_compilable
org/apache/commons/net/imap/IMAP.java,314,RemoveMethod,public String[] getReplyStrings() {,public String[] getReplyStrings() {,58,reduced_remove_method_other
org/apache/commons/net/finger/FingerClient.java,89,NullifyInputVariable,"public InputStream getInputStream(final boolean longOutput, final String user) throws IOException {","public InputStream getInputStream(final boolean longOutput, final String user) throws IOException { user = null;",4,reduced_nullify_final_param_non_compilable
org/apache/commons/net/nntp/NNTPClient.java,514,RemoveMethod,public String[] listOverviewFmt() throws IOException {,public String[] listOverviewFmt() throws IOException {,218,reduced_remove_method_other
org/apache/commons/net/ftp/DelegateSocket.java,44,NullifyInputVariable,public void bind(final SocketAddress bindpoint) throws IOException {,public void bind(final SocketAddress bindpoint) throws IOException { bindpoint = null;,3,reduced_nullify_final_param_non_compilable
org/apache/commons/net/ftp/FTPClientConfig.java,254,NullifyInputVariable,public static DateFormatSymbols lookupDateFormatSymbols(final String languageCode) {,public static DateFormatSymbols lookupDateFormatSymbols(final String languageCode) { languageCode = null;,8,reduced_nullify_final_param_non_compilable
org/apache/commons/net/nntp/NNTP.java,522,NullifyInputVariable,"public int newnews(final String newsgroups, final String date, final String time, final boolean GMT, final String distributions) throws IOException {","public int newnews(final String newsgroups, final String date, final String time, final boolean GMT, final String distributions) throws IOException { date = null;",16,reduced_nullify_final_param_non_compilable
org/apache/commons/net/ftp/FTPClient.java,3302,NullifyInputVariable,public OutputStream storeFileStream(final String remote) throws IOException {,public OutputStream storeFileStream(final String remote) throws IOException { remote = null;,98,reduced_nullify_final_param_non_compilable
org/apache/commons/net/ftp/FTPClient.java,1116,NullifyInputVariable,public OutputStream appendFileStream(final String remote) throws IOException {,public OutputStream appendFileStream(final String remote) throws IOException { remote = null;,176,reduced_nullify_final_param_non_compilable
org/apache/commons/net/ftp/FTP.java,446,NullifyInputVariable,public int cwd(final String directory) throws IOException {,public int cwd(final String directory) throws IOException { directory = null;,56,reduced_nullify_final_param_non_compilable
org/apache/commons/net/imap/IMAPReply.java,97,NullifyInputVariable,public static int getReplyCode(final String line) throws IOException {,public static int getReplyCode(final String line) throws IOException { line = null;,7,reduced_nullify_final_param_non_compilable
org/apache/commons/net/io/Util.java,91,NullifyInputVariable,"public static long copyReader(final Reader source, final Writer dest) throws CopyStreamException {","public static long copyReader(final Reader source, final Writer dest) throws CopyStreamException { source = null;",26,reduced_nullify_final_param_non_compilable
org/apache/commons/net/examples/ntp/TimeClient.java,72,NullifyInputVariable,public static void timeUDP(final String host) throws IOException {,public static void timeUDP(final String host) throws IOException { host = null;,2,reduced_nullify_final_param_non_compilable
org/apache/commons/net/smtp/SMTPSClient.java,319,NullifyInputVariable,public void setEnabledCipherSuites(final String[] cipherSuites) {,public void setEnabledCipherSuites(final String[] cipherSuites) { cipherSuites = null;,13,reduced_nullify_final_param_non_compilable
org/apache/commons/net/imap/IMAPClient.java,543,NullifyInputVariable,public boolean subscribe(final String mailboxName) throws IOException {,public boolean subscribe(final String mailboxName) throws IOException { mailboxName = null;,23,reduced_nullify_final_param_non_compilable
org/apache/commons/net/ftp/FTPClient.java,696,NullifyInputVariable,"protected Socket _openDataConnection_(final String command, final String arg) throws IOException {","protected Socket _openDataConnection_(final String command, final String arg) throws IOException { command = null;",192,reduced_nullify_final_param_non_compilable
org/apache/commons/net/ftp/FTP.java,865,NullifyInputVariable,public int mlsd(final String path) throws IOException {,public int mlsd(final String path) throws IOException { path = null;,46,reduced_nullify_final_param_non_compilable
org/apache/commons/net/io/Util.java,197,NullifyInputVariable,"public static long copyStream(final InputStream source, final OutputStream dest, final int bufferSize) throws CopyStreamException {","public static long copyStream(final InputStream source, final OutputStream dest, final int bufferSize) throws CopyStreamException { dest = null;",16,reduced_nullify_final_param_non_compilable
org/apache/commons/net/ftp/FTP.java,1405,NullifyInputVariable,"private boolean strictCheck(final String line, final String code) {","private boolean strictCheck(final String line, final String code) { line = null;",21,reduced_nullify_final_param_non_compilable
org/apache/commons/net/smtp/SMTP.java,474,NullifyInputVariable,"private int sendCommand(final int command, final String args, final boolean includeSpace) throws IOException {","private int sendCommand(final int command, final String args, final boolean includeSpace) throws IOException { args = null;",16,reduced_nullify_final_param_non_compilable
org/apache/commons/net/bsd/RLoginClient.java,67,NullifyInputVariable,"public void rlogin(final String localUserName, final String remoteUserName, final String terminalType) throws IOException {","public void rlogin(final String localUserName, final String remoteUserName, final String terminalType) throws IOException { remoteUserName = null;",6,reduced_nullify_final_param_non_compilable
org/apache/commons/net/ftp/FTPClient.java,1883,NullifyInputVariable,"public boolean hasFeature(final String feature, final String value) throws IOException {","public boolean hasFeature(final String feature, final String value) throws IOException { feature = null;",156,reduced_nullify_final_param_non_compilable
org/apache/commons/net/ftp/parser/FTPTimestampParserImpl.java,217,RemoveMethod,public String[] getShortMonths() {,public String[] getShortMonths() {,47,reduced_remove_method_other
org/apache/commons/net/examples/mail/IMAPImportMbox.java,75,NullifyInputVariable,"private static boolean listContains(final List<String> contains, final String string) {","private static boolean listContains(final List<String> contains, final String string) { contains = null;",26,reduced_nullify_final_param_non_compilable
org/apache/commons/net/imap/IMAPClient.java,332,NullifyInputVariable,public boolean delete(final String mailboxName) throws IOException {,public boolean delete(final String mailboxName) throws IOException { mailboxName = null;,44,reduced_nullify_final_param_non_compilable
org/apache/commons/net/examples/unix/fwhois.java,31,NullifyInputVariable,public static void main(final String[] args) {,public static void main(final String[] args) { args = null;,2,reduced_nullify_final_param_non_compilable
org/apache/commons/net/ftp/FTPClient.java,1782,NullifyInputVariable,public String getStatus(final String pathname) throws IOException {,public String getStatus(final String pathname) throws IOException { pathname = null;,159,reduced_nullify_final_param_non_compilable
org/apache/commons/net/util/KeyManagerUtils.java,122,NullifyInputVariable,"public String[] getClientAliases(final String keyType, final Principal[] issuers) {","public String[] getClientAliases(final String keyType, final Principal[] issuers) { keyType = null;",23,reduced_nullify_final_param_non_compilable
org/apache/commons/net/examples/mail/IMAPExportMbox.java,449,NullifyInputVariable,"private static boolean startsWith(final String input, final Pattern pat) {","private static boolean startsWith(final String input, final Pattern pat) { input = null;",36,reduced_nullify_final_param_non_compilable
org/apache/commons/net/ftp/FTPSClient.java,355,NullifyInputVariable,private SSLSocket createSSLSocket(final Socket socket) throws IOException {,private SSLSocket createSSLSocket(final Socket socket) throws IOException { socket = null;,60,reduced_nullify_final_param_non_compilable
org/apache/commons/net/ftp/FTPClient.java,875,NullifyInputVariable,"protected boolean _retrieveFile(final String command, final String remote, final OutputStream local) throws IOException {","protected boolean _retrieveFile(final String command, final String remote, final OutputStream local) throws IOException { command = null;",188,reduced_nullify_final_param_non_compilable
org/apache/commons/net/nntp/Article.java,151,RemoveMethod,public String[] getReferences() {,public String[] getReferences() {,83,reduced_remove_method_other
org/apache/commons/net/util/SubnetUtils.java,41,NullifyInputVariable,public int asInteger(final String address) {,public int asInteger(final String address) { address = null;,28,reduced_nullify_final_param_non_compilable
org/apache/commons/net/pop3/POP3.java,274,NullifyInputVariable,"public int sendCommand(final String command, final String args) throws IOException {","public int sendCommand(final String command, final String args) throws IOException { command = null;",6,reduced_nullify_final_param_non_compilable
org/apache/commons/net/nntp/NNTP.java,181,NullifyInputVariable,public int authinfoPass(final String password) throws IOException {,public int authinfoPass(final String password) throws IOException { password = null;,27,reduced_nullify_final_param_non_compilable
org/apache/commons/net/util/ListenerList.java,39,NullifyInputVariable,public void addListener(final EventListener listener) {,public void addListener(final EventListener listener) { listener = null;,4,reduced_nullify_final_param_non_compilable
org/apache/commons/net/util/Base64.java,607,RemoveMethod,byte[] getLineSeparator() {,byte[] getLineSeparator() {,50,reduced_remove_method_other
org/apache/commons/net/tftp/TFTPClient.java,414,NullifyInputVariable,"public void sendFile(final String fileName, final int mode, final InputStream input, final String hostname) throws UnknownHostException, IOException {","public void sendFile(final String fileName, final int mode, final InputStream input, final String hostname) throws UnknownHostException, IOException { hostname = null;",16,reduced_nullify_final_param_non_compilable
org/apache/commons/net/examples/ftp/TFTPExample.java,117,NullifyInputVariable,"protected void trace(final String direction, final TFTPPacket packet) {","protected void trace(final String direction, final TFTPPacket packet) { packet = null;",19,reduced_nullify_final_param_non_compilable
org/apache/commons/net/util/SubnetUtils.java,98,RemoveMethod,public String[] getAllAddresses() {,public String[] getAllAddresses() {,84,reduced_remove_method_other
org/apache/commons/net/imap/IMAP.java,434,NullifyInputVariable,protected void setState(final IMAP.IMAPState state) {,protected void setState(final IMAP.IMAPState state) { state = null;,14,reduced_nullify_final_param_non_compilable
org/apache/commons/net/examples/ftp/TFTPExample.java,65,NullifyInputVariable,public static void main(final String[] args) throws IOException {,public static void main(final String[] args) throws IOException { args = null;,18,reduced_nullify_final_param_non_compilable
org/apache/commons/net/ftp/FTP.java,1089,NullifyInputVariable,public int retr(final String pathname) throws IOException {,public int retr(final String pathname) throws IOException { pathname = null;,40,reduced_nullify_final_param_non_compilable
org/apache/commons/net/bsd/RExecClient.java,184,NullifyInputVariable,"public void rexec(final String user, final String password, final String command, final boolean separateErrorStream) throws IOException {","public void rexec(final String user, final String password, final String command, final boolean separateErrorStream) throws IOException { password = null;",6,reduced_nullify_final_param_non_compilable
org/apache/commons/net/ftp/parser/DefaultFTPFileEntryParserFactory.java,104,NullifyInputVariable,"private FTPFileEntryParser createFileEntryParser(final String key, final FTPClientConfig config) {","private FTPFileEntryParser createFileEntryParser(final String key, final FTPClientConfig config) { config = null;",16,reduced_nullify_final_param_non_compilable
org/apache/commons/net/nntp/NNTPClient.java,103,NullifyInputVariable,"private static void parseGroupReply(final String reply, final NewsgroupInfo info) throws MalformedServerReplyException {","private static void parseGroupReply(final String reply, final NewsgroupInfo info) throws MalformedServerReplyException { reply = null;",106,reduced_nullify_final_param_non_compilable
org/apache/commons/net/bsd/RCommandClient.java,257,NullifyInputVariable,"public void rcommand(final String localUser, final String remoteUser, final String command) throws IOException {","public void rcommand(final String localUser, final String remoteUser, final String command) throws IOException { remoteUser = null;",9,reduced_nullify_final_param_non_compilable
org/apache/commons/net/imap/IMAPSClient.java,324,NullifyInputVariable,public void setEnabledProtocols(final String[] protocolVersions) {,public void setEnabledProtocols(final String[] protocolVersions) { protocolVersions = null;,11,reduced_nullify_final_param_non_compilable
org/apache/commons/net/nntp/Threader.java,359,NullifyInputVariable,public Threadable thread(final Iterable<? extends Threadable> messages) {,public Threadable thread(final Iterable<? extends Threadable> messages) { messages = null;,83,reduced_nullify_final_param_non_compilable
org/apache/commons/net/DefaultSocketFactory.java,95,NullifyInputVariable,"public ServerSocket createServerSocket(final int port, final int backlog, final InetAddress bindAddr) throws IOException {","public ServerSocket createServerSocket(final int port, final int backlog, final InetAddress bindAddr) throws IOException { bindAddr = null;",12,reduced_nullify_final_param_non_compilable
org/apache/commons/net/examples/ftp/TFTPExample.java,117,NullifyInputVariable,"protected void trace(final String direction, final TFTPPacket packet) {","protected void trace(final String direction, final TFTPPacket packet) { direction = null;",20,reduced_nullify_final_param_non_compilable
org/apache/commons/net/telnet/Telnet.java,285,NullifyInputVariable,"void addOptionHandler(final TelnetOptionHandler opthand) throws InvalidTelnetOptionException, IOException {","void addOptionHandler(final TelnetOptionHandler opthand) throws InvalidTelnetOptionException, IOException { opthand = null;",81,reduced_nullify_final_param_non_compilable
org/apache/commons/net/ftp/FTPClient.java,2928,NullifyInputVariable,public void setControlKeepAliveTimeout(final Duration controlIdle) {,public void setControlKeepAliveTimeout(final Duration controlIdle) { controlIdle = null;,115,reduced_nullify_final_param_non_compilable
org/apache/commons/net/nntp/NNTP.java,522,NullifyInputVariable,"public int newnews(final String newsgroups, final String date, final String time, final boolean GMT, final String distributions) throws IOException {","public int newnews(final String newsgroups, final String date, final String time, final boolean GMT, final String distributions) throws IOException { newsgroups = null;",17,reduced_nullify_final_param_non_compilable
org/apache/commons/net/ntp/TimeStamp.java,63,NullifyInputVariable,"private static void appendHexString(final StringBuilder buf, final long l) {","private static void appendHexString(final StringBuilder buf, final long l) { buf = null;",34,reduced_nullify_final_param_non_compilable
org/apache/commons/net/examples/ftp/FTPClientExample.java,80,NullifyInputVariable,public void bytesTransferred(final CopyStreamEvent event) {,public void bytesTransferred(final CopyStreamEvent event) { event = null;,32,reduced_nullify_final_param_non_compilable
org/apache/commons/net/util/SubnetUtils.java,197,RemoveMethod,private int[] toArray(final int val) {,private int[] toArray(final int val) {,56,reduced_remove_method_other
org/apache/commons/net/ftp/FTP.java,1400,NullifyInputVariable,public int stou(final String pathname) throws IOException {,public int stou(final String pathname) throws IOException { pathname = null;,22,reduced_nullify_final_param_non_compilable
org/apache/commons/net/imap/IMAPReply.java,102,NullifyInputVariable,"private static int getReplyCode(final String line, final Pattern pattern) throws IOException {","private static int getReplyCode(final String line, final Pattern pattern) throws IOException { pattern = null;",5,reduced_nullify_final_param_non_compilable
org/apache/commons/net/nntp/NNTPClient.java,907,NullifyInputVariable,"public Reader retrieveArticleBody(final String articleId, final ArticlePointer pointer) throws IOException {","public Reader retrieveArticleBody(final String articleId, final ArticlePointer pointer) throws IOException { articleId = null;",72,reduced_nullify_final_param_non_compilable
org/apache/commons/net/nntp/NNTPClient.java,1025,NullifyInputVariable,"public BufferedReader retrieveArticleHeader(final String articleId, final ArticleInfo pointer) throws IOException {","public BufferedReader retrieveArticleHeader(final String articleId, final ArticleInfo pointer) throws IOException { articleId = null;",67,reduced_nullify_final_param_non_compilable
org/apache/commons/net/examples/mail/IMAPUtils.java,41,NullifyInputVariable,"static IMAPClient imapLogin(final URI uri, final int defaultTimeout, final ProtocolCommandListener listener) throws IOException {","static IMAPClient imapLogin(final URI uri, final int defaultTimeout, final ProtocolCommandListener listener) throws IOException { uri = null;",5,reduced_nullify_final_param_non_compilable
org/apache/commons/net/ftp/FTPClient.java,1622,NullifyInputVariable,protected String getListArguments(final String pathname) {,protected String getListArguments(final String pathname) { pathname = null;,162,reduced_nullify_final_param_non_compilable
org/apache/commons/net/ftp/parser/OS2FTPEntryParser.java,85,NullifyInputVariable,public FTPFile parseFTPEntry(final String entry) {,public FTPFile parseFTPEntry(final String entry) { entry = null;,3,reduced_nullify_final_param_non_compilable
org/apache/commons/net/imap/IMAPSClient.java,315,NullifyInputVariable,public void setEnabledCipherSuites(final String[] cipherSuites) {,public void setEnabledCipherSuites(final String[] cipherSuites) { cipherSuites = null;,12,reduced_nullify_final_param_non_compilable
org/apache/commons/net/DatagramSocketClient.java,259,NullifyInputVariable,public void setDefaultTimeout(final Duration timeout) {,public void setDefaultTimeout(final Duration timeout) { timeout = null;,4,reduced_nullify_final_param_non_compilable
org/apache/commons/net/ftp/FTPClient.java,1094,NullifyInputVariable,"public boolean appendFile(final String remote, final InputStream local) throws IOException {","public boolean appendFile(final String remote, final InputStream local) throws IOException { remote = null;",178,reduced_nullify_final_param_non_compilable
org/apache/commons/net/examples/mail/IMAPImportMbox.java,175,NullifyInputVariable,"private static boolean process(final StringBuilder sb, final IMAPClient imap, final String folder, final int msgNum) throws IOException {","private static boolean process(final StringBuilder sb, final IMAPClient imap, final String folder, final int msgNum) throws IOException { sb = null;",23,reduced_nullify_final_param_non_compilable
org/apache/commons/net/util/KeyManagerUtils.java,198,NullifyInputVariable,"final String keyPass) throws IOException, GeneralSecurityException {","final String keyPass) throws IOException, GeneralSecurityException { storePath = null;",9,reduced_nullify_final_param_non_compilable
org/apache/commons/net/ftp/FTPFile.java,369,NullifyInputVariable,public void setTimestamp(final Calendar date) {,public void setTimestamp(final Calendar date) { date = null;,11,reduced_nullify_final_param_non_compilable
org/apache/commons/net/examples/unix/rexec.java,38,NullifyInputVariable,public static void main(final String[] args) {,public static void main(final String[] args) { args = null;,1,reduced_nullify_final_param_non_compilable
org/apache/commons/net/ftp/parser/NTFTPEntryParser.java,94,NullifyInputVariable,public FTPFile parseFTPEntry(final String entry) {,public FTPFile parseFTPEntry(final String entry) { entry = null;,6,reduced_nullify_final_param_non_compilable
org/apache/commons/net/ftp/FTPClient.java,2213,NullifyInputVariable,public FTPFile[] listDirectories(final String parent) throws IOException {,public FTPFile[] listDirectories(final String parent) throws IOException { parent = null;,148,reduced_nullify_final_param_non_compilable
org/apache/commons/net/examples/mail/IMAPImportMbox.java,203,NullifyInputVariable,"private static boolean wanted(final int msgNum, final String line, final BitSet msgNums, final List<String> contains) {","private static boolean wanted(final int msgNum, final String line, final BitSet msgNums, final List<String> contains) { line = null;",18,reduced_nullify_final_param_non_compilable
org/apache/commons/net/ftp/DurationUtils.java,40,NullifyInputVariable,static Duration zeroIfNull(final Duration controlIdle) {,static Duration zeroIfNull(final Duration controlIdle) { controlIdle = null;,7,reduced_nullify_final_param_non_compilable
org/apache/commons/net/tftp/TFTPClient.java,105,NullifyInputVariable,"public int receiveFile(final String fileName, final int mode, final OutputStream output, final InetAddress host) throws IOException {","public int receiveFile(final String fileName, final int mode, final OutputStream output, final InetAddress host) throws IOException { output = null;",35,reduced_nullify_final_param_non_compilable
org/apache/commons/net/pop3/POP3SClient.java,310,NullifyInputVariable,public void setEnabledCipherSuites(final String[] cipherSuites) {,public void setEnabledCipherSuites(final String[] cipherSuites) { cipherSuites = null;,12,reduced_nullify_final_param_non_compilable
org/apache/commons/net/nntp/NNTPClient.java,1255,NullifyInputVariable,"public boolean selectArticle(final long articleNumber, final ArticleInfo pointer) throws IOException {","public boolean selectArticle(final long articleNumber, final ArticleInfo pointer) throws IOException { pointer = null;",53,reduced_nullify_final_param_non_compilable
org/apache/commons/net/ftp/FTPClientConfig.java,563,NullifyInputVariable,public void setServerLanguageCode(final String serverLanguageCode) {,public void setServerLanguageCode(final String serverLanguageCode) { serverLanguageCode = null;,4,reduced_nullify_final_param_non_compilable
org/apache/commons/net/imap/IMAPClient.java,310,NullifyInputVariable,"public boolean copy(final String sequenceSet, final String mailboxName) throws IOException {","public boolean copy(final String sequenceSet, final String mailboxName) throws IOException { sequenceSet = null;",47,reduced_nullify_final_param_non_compilable
org/apache/commons/net/examples/unix/rdate.java,59,NullifyInputVariable,public static void timeTCP(final String host) throws IOException {,public static void timeTCP(final String host) throws IOException { host = null;,3,reduced_nullify_final_param_non_compilable
org/apache/commons/net/nntp/NNTPClient.java,501,NullifyInputVariable,public NewsgroupInfo[] listNewsgroups(final String wildmat) throws IOException {,public NewsgroupInfo[] listNewsgroups(final String wildmat) throws IOException { wildmat = null;,90,reduced_nullify_final_param_non_compilable
org/apache/commons/net/tftp/TFTPClient.java,242,NullifyInputVariable,"public int receiveFile(final String fileName, final int mode, final OutputStream output, final String hostname) throws UnknownHostException, IOException {","public int receiveFile(final String fileName, final int mode, final OutputStream output, final String hostname) throws UnknownHostException, IOException { hostname = null;",28,reduced_nullify_final_param_non_compilable
org/apache/commons/net/smtp/SMTPClient.java,376,NullifyInputVariable,"public boolean sendSimpleMessage(final String sender, final String[] recipients, final String message) throws IOException {","public boolean sendSimpleMessage(final String sender, final String[] recipients, final String message) throws IOException { message = null;",12,reduced_nullify_final_param_non_compilable
org/apache/commons/net/imap/IMAP.java,97,NullifyInputVariable,static String quoteMailboxName(final String input) {,static String quoteMailboxName(final String input) { input = null;,30,reduced_nullify_final_param_non_compilable
org/apache/commons/net/ftp/FTPClient.java,2668,NullifyInputVariable,public boolean remoteRetrieve(final String fileName) throws IOException {,public boolean remoteRetrieve(final String fileName) throws IOException { fileName = null;,127,reduced_nullify_final_param_non_compilable
org/apache/commons/net/ftp/FTPClientConfig.java,229,NullifyInputVariable,public static DateFormatSymbols getDateFormatSymbols(final String shortmonths) {,public static DateFormatSymbols getDateFormatSymbols(final String shortmonths) { shortmonths = null;,9,reduced_nullify_final_param_non_compilable
org/apache/commons/net/ftp/FTPListParseEngine.java,270,NullifyInputVariable,"public void readServerList(final InputStream inputStream, final String charsetName) throws IOException {","public void readServerList(final InputStream inputStream, final String charsetName) throws IOException { charsetName = null;",11,reduced_nullify_final_param_non_compilable
org/apache/commons/net/imap/IMAP.java,193,NullifyInputVariable,"public boolean doCommand(final IMAPCommand command, final String args) throws IOException {","public boolean doCommand(final IMAPCommand command, final String args) throws IOException { command = null;",28,reduced_nullify_final_param_non_compilable
org/apache/commons/net/ftp/parser/OS400FTPEntryParser.java,281,NullifyInputVariable,private boolean isNullOrEmpty(final String string) {,private boolean isNullOrEmpty(final String string) { string = null;,17,reduced_nullify_final_param_non_compilable
org/apache/commons/net/ftp/FTPFile.java,351,NullifyInputVariable,public void setRawListing(final String rawListing) {,public void setRawListing(final String rawListing) { rawListing = null;,12,reduced_nullify_final_param_non_compilable
org/apache/commons/net/smtp/SMTP.java,505,NullifyInputVariable,"public int sendCommand(final String command, final String args) throws IOException {","public int sendCommand(final String command, final String args) throws IOException { command = null;",14,reduced_nullify_final_param_non_compilable
org/apache/commons/net/ftp/FTP.java,1117,NullifyInputVariable,public int rnfr(final String pathname) throws IOException {,public int rnfr(final String pathname) throws IOException { pathname = null;,38,reduced_nullify_final_param_non_compilable
org/apache/commons/net/examples/cidr/SubnetUtilsExample.java,31,NullifyInputVariable,public static void main(final String[] args) {,public static void main(final String[] args) { args = null;,1,reduced_nullify_final_param_non_compilable
org/apache/commons/net/ftp/parser/MVSFTPEntryParser.java,337,NullifyInputVariable,private FTPFile parseJeslevel1List(final String entry) {,private FTPFile parseJeslevel1List(final String entry) { entry = null;,17,reduced_nullify_final_param_non_compilable
org/apache/commons/net/nntp/Threader.java,39,NullifyInputVariable,"private void buildContainer(final Threadable threadable, final HashMap<String, NntpThreadContainer> idTable) {","private void buildContainer(final Threadable threadable, final HashMap<String, NntpThreadContainer> idTable) { threadable = null;",88,reduced_nullify_final_param_non_compilable
org/apache/commons/net/nntp/NNTPClient.java,724,NullifyInputVariable,"public BufferedReader retrieveArticle(final long articleNumber, final ArticleInfo pointer) throws IOException {","public BufferedReader retrieveArticle(final long articleNumber, final ArticleInfo pointer) throws IOException { pointer = null;",83,reduced_nullify_final_param_non_compilable
org/apache/commons/net/util/Charsets.java,47,NullifyInputVariable,"public static Charset toCharset(final String charsetName, final String defaultCharsetName) {","public static Charset toCharset(final String charsetName, final String defaultCharsetName) { defaultCharsetName = null;",3,reduced_nullify_final_param_non_compilable
org/apache/commons/net/smtp/AuthenticatingSMTPClient.java,167,NullifyInputVariable,"throws IOException, NoSuchAlgorithmException, InvalidKeyException, InvalidKeySpecException {","throws IOException, NoSuchAlgorithmException, InvalidKeyException, InvalidKeySpecException { method = null;",13,reduced_nullify_input_other_filter
org/apache/commons/net/ftp/FTPSServerSocketFactory.java,68,NullifyInputVariable,"public ServerSocket createServerSocket(final int port, final int backlog, final InetAddress ifAddress) throws IOException {","public ServerSocket createServerSocket(final int port, final int backlog, final InetAddress ifAddress) throws IOException { ifAddress = null;",2,reduced_nullify_final_param_non_compilable
org/apache/commons/net/util/SubnetUtils.java,260,NullifyInputVariable,private static int toInteger(final String address) {,private static int toInteger(final String address) { address = null;,25,reduced_nullify_final_param_non_compilable
org/apache/commons/net/ftp/FTPSSocketFactory.java,92,NullifyInputVariable,"public Socket createSocket(final InetAddress address, final int port, final InetAddress localAddress, final int localPort) throws IOException {","public Socket createSocket(final InetAddress address, final int port, final InetAddress localAddress, final int localPort) throws IOException { address = null;",6,reduced_nullify_final_param_non_compilable
org/apache/commons/net/nntp/NNTPClient.java,776,NullifyInputVariable,"public Reader retrieveArticle(final String articleId, final ArticlePointer pointer) throws IOException {","public Reader retrieveArticle(final String articleId, final ArticlePointer pointer) throws IOException { articleId = null;",79,reduced_nullify_final_param_non_compilable
org/apache/commons/net/imap/IMAPClient.java,221,NullifyInputVariable,"public boolean append(final String mailboxName, final String flags, final String datetime) throws IOException {","public boolean append(final String mailboxName, final String flags, final String datetime) throws IOException { datetime = null;",52,reduced_nullify_final_param_non_compilable
org/apache/commons/net/util/Base64.java,578,RemoveMethod,public byte[] decode(final String source) {,public byte[] decode(final String source) {,58,reduced_remove_method_other
org/apache/commons/net/ftp/FTPClient.java,2569,NullifyInputVariable,"public FTPFile[] mlistDir(final String pathname, final FTPFileFilter filter) throws IOException {","public FTPFile[] mlistDir(final String pathname, final FTPFileFilter filter) throws IOException { pathname = null;",131,reduced_nullify_final_param_non_compilable
org/apache/commons/net/examples/ftp/TFTPExample.java,49,NullifyInputVariable,"private static boolean close(final TFTPClient tftp, final Closeable output) {","private static boolean close(final TFTPClient tftp, final Closeable output) { output = null;",21,reduced_nullify_final_param_non_compilable
org/apache/commons/net/imap/IMAPClient.java,221,NullifyInputVariable,"public boolean append(final String mailboxName, final String flags, final String datetime) throws IOException {","public boolean append(final String mailboxName, final String flags, final String datetime) throws IOException { flags = null;",53,reduced_nullify_final_param_non_compilable
org/apache/commons/net/ftp/FTPFileEntryParserImpl.java,60,NullifyInputVariable,public String readNextEntry(final BufferedReader reader) throws IOException {,public String readNextEntry(final BufferedReader reader) throws IOException { reader = null;,1,reduced_nullify_final_param_non_compilable
org/apache/commons/net/ftp/FTPClient.java,2968,NullifyInputVariable,public void setDataTimeout(final Duration timeout) {,public void setDataTimeout(final Duration timeout) { timeout = null;,113,reduced_nullify_final_param_non_compilable
org/apache/commons/net/bsd/RLoginClient.java,87,NullifyInputVariable,"public void rlogin(final String localUserName, final String remoteUserName, final String terminalType, final int terminalSpeed) throws IOException {","public void rlogin(final String localUserName, final String remoteUserName, final String terminalType, final int terminalSpeed) throws IOException { remoteUserName = null;",3,reduced_nullify_final_param_non_compilable
org/apache/commons/net/ntp/NTPUDPClient.java,62,NullifyInputVariable,"public TimeInfo getTime(final InetAddress host, final int port) throws IOException {","public TimeInfo getTime(final InetAddress host, final int port) throws IOException { host = null;",3,reduced_nullify_final_param_non_compilable
org/apache/commons/net/nntp/NNTPClient.java,763,NullifyInputVariable,"public BufferedReader retrieveArticle(final String articleId, final ArticleInfo pointer) throws IOException {","public BufferedReader retrieveArticle(final String articleId, final ArticleInfo pointer) throws IOException { articleId = null;",81,reduced_nullify_final_param_non_compilable
org/apache/commons/net/time/TimeUDPClient.java,87,NullifyInputVariable,public long getTime(final InetAddress host) throws IOException {,public long getTime(final InetAddress host) throws IOException { host = null;,13,reduced_nullify_final_param_non_compilable
org/apache/commons/net/ftp/FTPClient.java,680,NullifyInputVariable,"protected Socket _openDataConnection_(final int command, final String arg) throws IOException {","protected Socket _openDataConnection_(final int command, final String arg) throws IOException { arg = null;",193,reduced_nullify_final_param_non_compilable
org/apache/commons/net/nntp/NNTPClient.java,1116,NullifyInputVariable,"public Reader retrieveHeader(final String a, final int b) throws IOException {","public Reader retrieveHeader(final String a, final int b) throws IOException { a = null;",62,reduced_nullify_final_param_non_compilable
org/apache/commons/net/ftp/FTPSSocketFactory.java,74,NullifyInputVariable,"public java.net.ServerSocket createServerSocket(final int port, final int backlog, final InetAddress ifAddress) throws IOException {","public java.net.ServerSocket createServerSocket(final int port, final int backlog, final InetAddress ifAddress) throws IOException { ifAddress = null;",8,reduced_nullify_final_param_non_compilable
org/apache/commons/net/imap/IMAPClient.java,491,NullifyInputVariable,public boolean select(final String mailboxName) throws IOException {,public boolean select(final String mailboxName) throws IOException { mailboxName = null;,29,reduced_nullify_final_param_non_compilable
org/apache/commons/net/ProtocolCommandSupport.java,105,NullifyInputVariable,private void readObject(final ObjectInputStream in) {,private void readObject(final ObjectInputStream in) { in = null;,3,reduced_nullify_final_param_non_compilable
org/apache/commons/net/ftp/FTP.java,953,NullifyInputVariable,public int nlst(final String pathname) throws IOException {,public int nlst(final String pathname) throws IOException { pathname = null;,44,reduced_nullify_final_param_non_compilable
org/apache/commons/net/ftp/parser/MLSxEntryParser.java,97,NullifyInputVariable,public static Calendar parseGMTdateTime(final String timestamp) {,public static Calendar parseGMTdateTime(final String timestamp) { timestamp = null;,17,reduced_nullify_final_param_non_compilable
org/apache/commons/net/ftp/FTPClient.java,663,NullifyInputVariable,"protected Socket _openDataConnection_(final FTPCmd command, final String arg) throws IOException {","protected Socket _openDataConnection_(final FTPCmd command, final String arg) throws IOException { command = null;",195,reduced_nullify_final_param_non_compilable
org/apache/commons/net/nntp/NNTPClient.java,548,NullifyInputVariable,"private void parseArticlePointer(final String reply, final ArticleInfo pointer) throws MalformedServerReplyException {","private void parseArticlePointer(final String reply, final ArticleInfo pointer) throws MalformedServerReplyException { reply = null;",89,reduced_nullify_final_param_non_compilable
org/apache/commons/net/ftp/FTPClient.java,1094,NullifyInputVariable,"public boolean appendFile(final String remote, final InputStream local) throws IOException {","public boolean appendFile(final String remote, final InputStream local) throws IOException { local = null;",177,reduced_nullify_final_param_non_compilable
org/apache/commons/net/ftp/FTPSClient.java,992,NullifyInputVariable,public void setAuthValue(final String auth) {,public void setAuthValue(final String auth) { auth = null;,50,reduced_nullify_final_param_non_compilable
org/apache/commons/net/ftp/FTPClient.java,945,NullifyInputVariable,"protected boolean _storeFile(final String command, final String remote, final InputStream local) throws IOException {","protected boolean _storeFile(final String command, final String remote, final InputStream local) throws IOException { command = null;",183,reduced_nullify_final_param_non_compilable
org/apache/commons/net/imap/IMAPClient.java,221,NullifyInputVariable,"public boolean append(final String mailboxName, final String flags, final String datetime) throws IOException {","public boolean append(final String mailboxName, final String flags, final String datetime) throws IOException { mailboxName = null;",54,reduced_nullify_final_param_non_compilable
org/apache/commons/net/ftp/parser/VMSFTPEntryParser.java,103,NullifyInputVariable,public FTPFile[] parseFileList(final java.io.InputStream listStream) throws IOException {,public FTPFile[] parseFileList(final java.io.InputStream listStream) throws IOException { listStream = null;,8,reduced_nullify_final_param_non_compilable
org/apache/commons/net/imap/IMAPClient.java,503,NullifyInputVariable,"public boolean status(final String mailboxName, final String[] itemNames) throws IOException {","public boolean status(final String mailboxName, final String[] itemNames) throws IOException { mailboxName = null;",28,reduced_nullify_final_param_non_compilable
org/apache/commons/net/nntp/NNTPClient.java,1141,NullifyInputVariable,"public BufferedReader retrieveHeader(final String header, final long articleNumber) throws IOException {","public BufferedReader retrieveHeader(final String header, final long articleNumber) throws IOException { header = null;",60,reduced_nullify_final_param_non_compilable
org/apache/commons/net/ftp/parser/RegexFTPFileEntryParserImpl.java,174,NullifyInputVariable,"public boolean setRegex(final String regex, final int flags) {","public boolean setRegex(final String regex, final int flags) { regex = null;",4,reduced_nullify_final_param_non_compilable
org/apache/commons/net/ftp/parser/MVSFTPEntryParser.java,255,NullifyInputVariable,private FTPFile parseFileList(final String entry) {,private FTPFile parseFileList(final String entry) { entry = null;,19,reduced_nullify_final_param_non_compilable
org/apache/commons/net/ftp/FTP.java,1103,NullifyInputVariable,public int rmd(final String pathname) throws IOException {,public int rmd(final String pathname) throws IOException { pathname = null;,39,reduced_nullify_final_param_non_compilable
org/apache/commons/net/examples/nntp/NNTPUtils.java,40,NullifyInputVariable,"public static List<Article> getArticleInfo(final NNTPClient client, final long lowArticleNumber, final long highArticleNumber) throws IOException {","public static List<Article> getArticleInfo(final NNTPClient client, final long lowArticleNumber, final long highArticleNumber) throws IOException { client = null;",1,reduced_nullify_final_param_non_compilable
org/apache/commons/net/imap/IMAP.java,381,NullifyInputVariable,"private int sendCommandWithID(final String commandID, final String command, final String args) throws IOException {","private int sendCommandWithID(final String commandID, final String command, final String args) throws IOException { args = null;",17,reduced_nullify_final_param_non_compilable
org/apache/commons/net/nntp/NNTPClient.java,907,NullifyInputVariable,"public Reader retrieveArticleBody(final String articleId, final ArticlePointer pointer) throws IOException {","public Reader retrieveArticleBody(final String articleId, final ArticlePointer pointer) throws IOException { pointer = null;",71,reduced_nullify_final_param_non_compilable
org/apache/commons/net/PrintCommandListener.java,143,NullifyInputVariable,private String getPrintableString(final String msg) {,private String getPrintableString(final String msg) { msg = null;,5,reduced_nullify_final_param_non_compilable
org/apache/commons/net/nntp/Threader.java,39,NullifyInputVariable,"private void buildContainer(final Threadable threadable, final HashMap<String, NntpThreadContainer> idTable) {","private void buildContainer(final Threadable threadable, final HashMap<String, NntpThreadContainer> idTable) { idTable = null;",87,reduced_nullify_final_param_non_compilable
org/apache/commons/net/imap/IMAPClient.java,381,NullifyInputVariable,"public boolean list(final String refName, final String mailboxName) throws IOException {","public boolean list(final String refName, final String mailboxName) throws IOException { mailboxName = null;",39,reduced_nullify_final_param_non_compilable
org/apache/commons/net/tftp/TFTPClient.java,242,NullifyInputVariable,"public int receiveFile(final String fileName, final int mode, final OutputStream output, final String hostname) throws UnknownHostException, IOException {","public int receiveFile(final String fileName, final int mode, final OutputStream output, final String hostname) throws UnknownHostException, IOException { fileName = null;",30,reduced_nullify_final_param_non_compilable
org/apache/commons/net/examples/ntp/TimeClient.java,60,NullifyInputVariable,public static void timeTCP(final String host) throws IOException {,public static void timeTCP(final String host) throws IOException { host = null;,3,reduced_nullify_final_param_non_compilable
org/apache/commons/net/util/SSLContextUtils.java,43,NullifyInputVariable,"public static SSLContext createSSLContext(final String protocol, final KeyManager keyManager, final TrustManager trustManager) throws IOException {","public static SSLContext createSSLContext(final String protocol, final KeyManager keyManager, final TrustManager trustManager) throws IOException { keyManager = null;",7,reduced_nullify_final_param_non_compilable
org/apache/commons/net/imap/IMAPReply.java,102,NullifyInputVariable,"private static int getReplyCode(final String line, final Pattern pattern) throws IOException {","private static int getReplyCode(final String line, final Pattern pattern) throws IOException { line = null;",6,reduced_nullify_final_param_non_compilable
org/apache/commons/net/ftp/FTPClient.java,2413,NullifyInputVariable,"public boolean login(final String user, final String password, final String account) throws IOException {","public boolean login(final String user, final String password, final String account) throws IOException { password = null;",139,reduced_nullify_final_param_non_compilable
org/apache/commons/net/examples/mail/POP3ExportMbox.java,170,NullifyInputVariable,"private static void writeMbox(final POP3Client pop3, final OutputStreamWriter fw, final int i) throws IOException {","private static void writeMbox(final POP3Client pop3, final OutputStreamWriter fw, final int i) throws IOException { fw = null;",10,reduced_nullify_final_param_non_compilable
org/apache/commons/net/ftp/FTPClient.java,3255,NullifyInputVariable,"private boolean storeFile(final FTPCmd command, final String remote, final InputStream local) throws IOException {","private boolean storeFile(final FTPCmd command, final String remote, final InputStream local) throws IOException { remote = null;",104,reduced_nullify_final_param_non_compilable
org/apache/commons/net/ftp/FTPClient.java,2523,NullifyInputVariable,private CopyStreamListener mergeListeners(final CopyStreamListener local) {,private CopyStreamListener mergeListeners(final CopyStreamListener local) { local = null;,133,reduced_nullify_final_param_non_compilable
org/apache/commons/net/ntp/TimeStamp.java,260,NullifyInputVariable,public int compareTo(final TimeStamp anotherTimeStamp) {,public int compareTo(final TimeStamp anotherTimeStamp) { anotherTimeStamp = null;,31,reduced_nullify_final_param_non_compilable
org/apache/commons/net/finger/FingerClient.java,103,NullifyInputVariable,"public InputStream getInputStream(final boolean longOutput, final String user, final String encoding) throws IOException {","public InputStream getInputStream(final boolean longOutput, final String user, final String encoding) throws IOException { user = null;",3,reduced_nullify_final_param_non_compilable
org/apache/commons/net/ntp/NtpV3Impl.java,402,NullifyInputVariable,public void setDatagramPacket(final DatagramPacket srcDp) {,public void setDatagramPacket(final DatagramPacket srcDp) { srcDp = null;,54,reduced_nullify_final_param_non_compilable
org/apache/commons/net/nntp/NNTPClient.java,423,RemoveMethod,public String[] listNewNews(final NewGroupsOrNewsQuery query) throws IOException {,public String[] listNewNews(final NewGroupsOrNewsQuery query) throws IOException {,223,reduced_remove_method_other
org/apache/commons/net/nntp/NNTPClient.java,1169,NullifyInputVariable,"private BufferedReader retrieveHeader(final String header, final String articleRange) throws IOException {","private BufferedReader retrieveHeader(final String header, final String articleRange) throws IOException { articleRange = null;",57,reduced_nullify_final_param_non_compilable
org/apache/commons/net/util/TrustManagerUtils.java,47,NullifyInputVariable,"public void checkClientTrusted(final X509Certificate[] certificates, final String authType) {","public void checkClientTrusted(final X509Certificate[] certificates, final String authType) { authType = null;",4,reduced_nullify_final_param_non_compilable
org/apache/commons/net/telnet/Telnet.java,205,NullifyInputVariable,"final boolean _sendAYT(final Duration timeout) throws IOException, IllegalArgumentException, InterruptedException {","final boolean _sendAYT(final Duration timeout) throws IOException, IllegalArgumentException, InterruptedException { timeout = null;",82,reduced_nullify_final_param_non_compilable
org/apache/commons/net/ftp/FTPClient.java,3343,NullifyInputVariable,"public boolean storeUniqueFile(final String remote, final InputStream local) throws IOException {","public boolean storeUniqueFile(final String remote, final InputStream local) throws IOException { remote = null;",96,reduced_nullify_final_param_non_compilable
org/apache/commons/net/pop3/ExtendedPOP3Client.java,88,NullifyInputVariable,"throws IOException, NoSuchAlgorithmException, InvalidKeyException, InvalidKeySpecException {","throws IOException, NoSuchAlgorithmException, InvalidKeyException, InvalidKeySpecException { password = null;",5,reduced_nullify_input_other_filter
org/apache/commons/net/nntp/NewGroupsOrNewsQuery.java,160,NullifyInputVariable,public void addDistribution(final String distribution) {,public void addDistribution(final String distribution) { distribution = null;,7,reduced_nullify_final_param_non_compilable
org/apache/commons/net/ftp/FTPClient.java,1282,NullifyInputVariable,"public boolean doCommand(final String command, final String params) throws IOException {","public boolean doCommand(final String command, final String params) throws IOException { params = null;",170,reduced_nullify_final_param_non_compilable
org/apache/commons/net/ftp/FTPClient.java,3280,NullifyInputVariable,"private OutputStream storeFileStream(final FTPCmd command, final String remote) throws IOException {","private OutputStream storeFileStream(final FTPCmd command, final String remote) throws IOException { remote = null;",99,reduced_nullify_final_param_non_compilable
org/apache/commons/net/examples/ntp/TimeClient.java,37,NullifyInputVariable,public static void main(final String[] args) {,public static void main(final String[] args) { args = null;,4,reduced_nullify_final_param_non_compilable
org/apache/commons/net/ftp/FTPSClient.java,928,NullifyInputVariable,public byte[] parseADATReply(final String reply) {,public byte[] parseADATReply(final String reply) { reply = null;,53,reduced_nullify_final_param_non_compilable
org/apache/commons/net/ftp/parser/FTPTimestampParserImpl.java,348,NullifyInputVariable,"private void setRecentDateFormat(final String format, final DateFormatSymbols dfs) {","private void setRecentDateFormat(final String format, final DateFormatSymbols dfs) { format = null;",20,reduced_nullify_final_param_non_compilable
org/apache/commons/net/ftp/FTPSClient.java,666,RemoveMethod,protected String[] getSuites() {,protected String[] getSuites() {,127,reduced_remove_method_other
org/apache/commons/net/imap/AuthenticatingIMAPClient.java,227,NullifyInputVariable,"throws IOException, NoSuchAlgorithmException, InvalidKeyException, InvalidKeySpecException {","throws IOException, NoSuchAlgorithmException, InvalidKeyException, InvalidKeySpecException { password = null;",6,reduced_nullify_input_other_filter
org/apache/commons/net/ftp/FTP.java,1240,NullifyInputVariable,"public int sendCommand(final String command, final String args) throws IOException {","public int sendCommand(final String command, final String args) throws IOException { args = null;",29,reduced_nullify_final_param_non_compilable
org/apache/commons/net/nntp/Article.java,78,NullifyInputVariable,"public static void printThread(final Article article, final PrintStream ps) {","public static void printThread(final Article article, final PrintStream ps) { article = null;",51,reduced_nullify_final_param_non_compilable
org/apache/commons/net/util/KeyManagerUtils.java,167,NullifyInputVariable,"throws IOException, GeneralSecurityException {","throws IOException, GeneralSecurityException { storePath = null;",16,reduced_nullify_input_other_filter
org/apache/commons/net/smtp/SMTPClient.java,348,NullifyInputVariable,"public boolean sendSimpleMessage(final String sender, final String recipient, final String message) throws IOException {","public boolean sendSimpleMessage(final String sender, final String recipient, final String message) throws IOException { sender = null;",17,reduced_nullify_final_param_non_compilable
org/apache/commons/net/ftp/parser/NetwareFTPEntryParser.java,112,NullifyInputVariable,public FTPFile parseFTPEntry(final String entry) {,public FTPFile parseFTPEntry(final String entry) { entry = null;,1,reduced_nullify_final_param_non_compilable
org/apache/commons/net/examples/unix/daytime.java,45,NullifyInputVariable,public static void daytimeUDP(final String host) throws IOException {,public static void daytimeUDP(final String host) throws IOException { host = null;,3,reduced_nullify_final_param_non_compilable
org/apache/commons/net/examples/mail/IMAPExportMbox.java,449,NullifyInputVariable,"private static boolean startsWith(final String input, final Pattern pat) {","private static boolean startsWith(final String input, final Pattern pat) { pat = null;",35,reduced_nullify_final_param_non_compilable
org/apache/commons/net/io/Util.java,134,NullifyInputVariable,throws CopyStreamException {,throws CopyStreamException { source = null;,22,reduced_nullify_input_other_filter
org/apache/commons/net/nntp/NNTPClient.java,1038,NullifyInputVariable,"public Reader retrieveArticleHeader(final String articleId, final ArticlePointer pointer) throws IOException {","public Reader retrieveArticleHeader(final String articleId, final ArticlePointer pointer) throws IOException { articleId = null;",65,reduced_nullify_final_param_non_compilable
org/apache/commons/net/nntp/NNTP.java,522,NullifyInputVariable,"public int newnews(final String newsgroups, final String date, final String time, final boolean GMT, final String distributions) throws IOException {","public int newnews(final String newsgroups, final String date, final String time, final boolean GMT, final String distributions) throws IOException { distributions = null;",14,reduced_nullify_final_param_non_compilable
org/apache/commons/net/ftp/FTPClient.java,2722,NullifyInputVariable,public boolean remoteStoreUnique(final String fileName) throws IOException {,public boolean remoteStoreUnique(final String fileName) throws IOException { fileName = null;,125,reduced_nullify_final_param_non_compilable
org/apache/commons/net/ftp/FTPSSocketFactory.java,103,NullifyInputVariable,"throws UnknownHostException, IOException {","throws UnknownHostException, IOException { localAddress = null;",2,reduced_nullify_input_other_filter
org/apache/commons/net/imap/AuthenticatingIMAPClient.java,155,NullifyInputVariable,"throws IOException, NoSuchAlgorithmException, InvalidKeyException, InvalidKeySpecException {","throws IOException, NoSuchAlgorithmException, InvalidKeyException, InvalidKeySpecException { user = null;",10,reduced_nullify_input_other_filter
org/apache/commons/net/ftp/FTPClient.java,1300,RemoveMethod,"public String[] doCommandAsStrings(final String command, final String params) throws IOException {","public String[] doCommandAsStrings(final String command, final String params) throws IOException {",434,reduced_remove_method_other
org/apache/commons/net/ftp/parser/MVSFTPEntryParser.java,368,NullifyInputVariable,"private FTPFile parseJeslevelList(final String entry, final int matchNum) {","private FTPFile parseJeslevelList(final String entry, final int matchNum) { entry = null;",15,reduced_nullify_final_param_non_compilable
org/apache/commons/net/nntp/NNTPClient.java,1274,NullifyInputVariable,public boolean selectArticle(final String articleId) throws IOException {,public boolean selectArticle(final String articleId) throws IOException { articleId = null;,52,reduced_nullify_final_param_non_compilable
org/apache/commons/net/nntp/NNTPClient.java,776,NullifyInputVariable,"public Reader retrieveArticle(final String articleId, final ArticlePointer pointer) throws IOException {","public Reader retrieveArticle(final String articleId, final ArticlePointer pointer) throws IOException { pointer = null;",78,reduced_nullify_final_param_non_compilable
org/apache/commons/net/util/KeyManagerUtils.java,215,NullifyInputVariable,"throws KeyStoreException, IOException, GeneralSecurityException {","throws KeyStoreException, IOException, GeneralSecurityException { storePass = null;",2,reduced_nullify_input_other_filter
org/apache/commons/net/ftp/parser/FTPTimestampParserImpl.java,348,NullifyInputVariable,"private void setRecentDateFormat(final String format, final DateFormatSymbols dfs) {","private void setRecentDateFormat(final String format, final DateFormatSymbols dfs) { dfs = null;",19,reduced_nullify_final_param_non_compilable
org/apache/commons/net/bsd/RCommandClient.java,257,NullifyInputVariable,"public void rcommand(final String localUser, final String remoteUser, final String command) throws IOException {","public void rcommand(final String localUser, final String remoteUser, final String command) throws IOException { localUser = null;",10,reduced_nullify_final_param_non_compilable
org/apache/commons/net/ProtocolCommandSupport.java,118,NullifyInputVariable,public void removeProtocolCommandListener(final ProtocolCommandListener listener) {,public void removeProtocolCommandListener(final ProtocolCommandListener listener) { listener = null;,2,reduced_nullify_final_param_non_compilable
org/apache/commons/net/imap/IMAPClient.java,368,NullifyInputVariable,"public boolean fetch(final String sequenceSet, final String itemNames) throws IOException {","public boolean fetch(final String sequenceSet, final String itemNames) throws IOException { itemNames = null;",41,reduced_nullify_final_param_non_compilable
org/apache/commons/net/SocketClient.java,242,NullifyInputVariable,"public void connect(final InetAddress host, final int port) throws SocketException, IOException {","public void connect(final InetAddress host, final int port) throws SocketException, IOException { host = null;",24,reduced_nullify_final_param_non_compilable
org/apache/commons/net/tftp/TFTPClient.java,432,NullifyInputVariable,"throws UnknownHostException, IOException {","throws UnknownHostException, IOException { input = null;",14,reduced_nullify_input_other_filter
org/apache/commons/net/examples/ftp/FTPClientExample.java,482,NullifyInputVariable,private static void showCslStats(final FTPClient ftp) {,private static void showCslStats(final FTPClient ftp) { ftp = null;,30,reduced_nullify_final_param_non_compilable
org/apache/commons/net/nntp/NNTPClient.java,812,NullifyInputVariable,"public Reader retrieveArticleBody(final int a, final ArticlePointer ap) throws IOException {","public Reader retrieveArticleBody(final int a, final ArticlePointer ap) throws IOException { ap = null;",77,reduced_nullify_final_param_non_compilable
org/apache/commons/net/ftp/FTPClient.java,916,NullifyInputVariable,"protected InputStream _retrieveFileStream(final String command, final String remote) throws IOException {","protected InputStream _retrieveFileStream(final String command, final String remote) throws IOException { command = null;",185,reduced_nullify_final_param_non_compilable
org/apache/commons/net/ftp/FTPFile.java,319,NullifyInputVariable,public void setLink(final String link) {,public void setLink(final String link) { link = null;,14,reduced_nullify_final_param_non_compilable
org/apache/commons/net/examples/mail/POP3Mail.java,143,NullifyInputVariable,"public static void printMessageInfo(final BufferedReader reader, final int id) throws IOException {","public static void printMessageInfo(final BufferedReader reader, final int id) throws IOException { reader = null;",10,reduced_nullify_final_param_non_compilable
org/apache/commons/net/nntp/NNTPClient.java,763,NullifyInputVariable,"public BufferedReader retrieveArticle(final String articleId, final ArticleInfo pointer) throws IOException {","public BufferedReader retrieveArticle(final String articleId, final ArticleInfo pointer) throws IOException { pointer = null;",80,reduced_nullify_final_param_non_compilable
org/apache/commons/net/ftp/FTP.java,327,NullifyInputVariable,public int acct(final String account) throws IOException {,public int acct(final String account) throws IOException { account = null;,60,reduced_nullify_final_param_non_compilable
org/apache/commons/net/tftp/TFTPClient.java,291,NullifyInputVariable,"public void sendFile(final String fileName, final int mode, InputStream input, InetAddress host, final int port) throws IOException {","public void sendFile(final String fileName, final int mode, InputStream input, InetAddress host, final int port) throws IOException { fileName = null;",21,reduced_nullify_final_param_non_compilable
org/apache/commons/net/nntp/NNTP.java,745,NullifyInputVariable,public int xover(final String selectedArticles) throws IOException {,public int xover(final String selectedArticles) throws IOException { selectedArticles = null;,6,reduced_nullify_final_param_non_compilable
org/apache/commons/net/nntp/SimpleNNTPHeader.java,77,NullifyInputVariable,"public void addHeaderField(final String headerField, final String value) {","public void addHeaderField(final String headerField, final String value) { headerField = null;",3,reduced_nullify_final_param_non_compilable
org/apache/commons/net/ftp/FTPSClient.java,787,NullifyInputVariable,"private Socket openDataSecureConnection(final String command, final String arg) throws IOException {","private Socket openDataSecureConnection(final String command, final String arg) throws IOException { arg = null;",54,reduced_nullify_final_param_non_compilable
org/apache/commons/net/ftp/parser/DefaultFTPFileEntryParserFactory.java,96,NullifyInputVariable,public FTPFileEntryParser createFileEntryParser(final String key) {,public FTPFileEntryParser createFileEntryParser(final String key) { key = null;,18,reduced_nullify_final_param_non_compilable
org/apache/commons/net/imap/IMAPClient.java,395,NullifyInputVariable,"public boolean login(final String user, final String password) throws IOException {","public boolean login(final String user, final String password) throws IOException { password = null;",37,reduced_nullify_final_param_non_compilable
org/apache/commons/net/ftp/parser/FTPTimestampParserImpl.java,243,NullifyInputVariable,public Calendar parseTimestamp(final String timestampStr) throws ParseException {,public Calendar parseTimestamp(final String timestampStr) throws ParseException { timestampStr = null;,25,reduced_nullify_final_param_non_compilable
org/apache/commons/net/ftp/FTPSClient.java,656,RemoveMethod,protected String[] getProtocols() {,protected String[] getProtocols() {,129,reduced_remove_method_other
org/apache/commons/net/ftp/FTPClient.java,3343,NullifyInputVariable,"public boolean storeUniqueFile(final String remote, final InputStream local) throws IOException {","public boolean storeUniqueFile(final String remote, final InputStream local) throws IOException { local = null;",95,reduced_nullify_final_param_non_compilable
org/apache/commons/net/nntp/NNTPClient.java,1294,NullifyInputVariable,"public boolean selectArticle(final String articleId, final ArticleInfo pointer) throws IOException {","public boolean selectArticle(final String articleId, final ArticleInfo pointer) throws IOException { articleId = null;",51,reduced_nullify_final_param_non_compilable
org/apache/commons/net/tftp/TFTP.java,179,NullifyInputVariable,public final void bufferedSend(final TFTPPacket packet) throws IOException {,public final void bufferedSend(final TFTPPacket packet) throws IOException { packet = null;,5,reduced_nullify_final_param_non_compilable
org/apache/commons/net/ftp/FTPClientConfig.java,579,NullifyInputVariable,public void setServerTimeZoneId(final String serverTimeZoneId) {,public void setServerTimeZoneId(final String serverTimeZoneId) { serverTimeZoneId = null;,3,reduced_nullify_final_param_non_compilable
org/apache/commons/net/DefaultSocketFactory.java,163,NullifyInputVariable,"public Socket createSocket(final String host, final int port) throws UnknownHostException, IOException {","public Socket createSocket(final String host, final int port) throws UnknownHostException, IOException { host = null;",8,reduced_nullify_final_param_non_compilable
org/apache/commons/net/ftp/FTPClientConfig.java,498,NullifyInputVariable,public void setDefaultDateFormatStr(final String defaultDateFormatStr) {,public void setDefaultDateFormatStr(final String defaultDateFormatStr) { defaultDateFormatStr = null;,6,reduced_nullify_final_param_non_compilable
org/apache/commons/net/nntp/NNTP.java,249,NullifyInputVariable,public int body(final String messageId) throws IOException {,public int body(final String messageId) throws IOException { messageId = null;,25,reduced_nullify_final_param_non_compilable
org/apache/commons/net/ftp/FTPSServerSocketFactory.java,83,NullifyInputVariable,public ServerSocket init(final ServerSocket socket) {,public ServerSocket init(final ServerSocket socket) { socket = null;,1,reduced_nullify_final_param_non_compilable
org/apache/commons/net/ftp/parser/MVSFTPEntryParser.java,298,NullifyInputVariable,public FTPFile parseFTPEntry(final String entry) {,public FTPFile parseFTPEntry(final String entry) { entry = null;,18,reduced_nullify_final_param_non_compilable
org/apache/commons/net/io/Util.java,197,NullifyInputVariable,"public static long copyStream(final InputStream source, final OutputStream dest, final int bufferSize) throws CopyStreamException {","public static long copyStream(final InputStream source, final OutputStream dest, final int bufferSize) throws CopyStreamException { source = null;",17,reduced_nullify_final_param_non_compilable
org/apache/commons/net/ftp/FTPSClient.java,972,NullifyInputVariable,"public int sendCommand(final String command, final String args) throws IOException {","public int sendCommand(final String command, final String args) throws IOException { args = null;",51,reduced_nullify_final_param_non_compilable
org/apache/commons/net/util/KeyManagerUtils.java,133,NullifyInputVariable,"public String[] getServerAliases(final String keyType, final Principal[] issuers) {","public String[] getServerAliases(final String keyType, final Principal[] issuers) { issuers = null;",19,reduced_nullify_final_param_non_compilable
org/apache/commons/net/nntp/NNTPClient.java,1350,NullifyInputVariable,"public boolean selectNewsgroup(final String newsgroup, final NewsgroupInfo info) throws IOException {","public boolean selectNewsgroup(final String newsgroup, final NewsgroupInfo info) throws IOException { info = null;",45,reduced_nullify_final_param_non_compilable
org/apache/commons/net/ftp/parser/ConfigurableFTPFileEntryParserImpl.java,104,NullifyInputVariable,public Calendar parseTimestamp(final String timestampStr) throws ParseException {,public Calendar parseTimestamp(final String timestampStr) throws ParseException { timestampStr = null;,4,reduced_nullify_final_param_non_compilable
org/apache/commons/net/ftp/FTPClient.java,1350,NullifyInputVariable,"public boolean enterRemoteActiveMode(final InetAddress host, final int port) throws IOException {","public boolean enterRemoteActiveMode(final InetAddress host, final int port) throws IOException { host = null;",167,reduced_nullify_final_param_non_compilable
org/apache/commons/net/smtp/SMTP.java,390,NullifyInputVariable,public void removeProtocolCommandistener(final org.apache.commons.net.ProtocolCommandListener listener) {,public void removeProtocolCommandistener(final org.apache.commons.net.ProtocolCommandListener listener) { listener = null;,20,reduced_nullify_final_param_non_compilable
org/apache/commons/net/util/ListenerList.java,70,NullifyInputVariable,private void writeObject(final ObjectOutputStream out) {,private void writeObject(final ObjectOutputStream out) { out = null;,1,reduced_nullify_final_param_non_compilable
org/apache/commons/net/ftp/FTPClient.java,1432,RemoveMethod,public String[] featureValues(final String feature) throws IOException {,public String[] featureValues(final String feature) throws IOException {,422,reduced_remove_method_other
org/apache/commons/net/echo/EchoUDPClient.java,85,NullifyInputVariable,"public void send(final byte[] data, final int length, final InetAddress host) throws IOException {","public void send(final byte[] data, final int length, final InetAddress host) throws IOException { host = null;",1,reduced_nullify_final_param_non_compilable
org/apache/commons/net/util/Base64.java,125,NullifyInputVariable,public static byte[] decodeBase64(final String base64) {,public static byte[] decodeBase64(final String base64) { base64 = null;,42,reduced_nullify_final_param_non_compilable
org/apache/commons/net/io/Util.java,91,NullifyInputVariable,"public static long copyReader(final Reader source, final Writer dest) throws CopyStreamException {","public static long copyReader(final Reader source, final Writer dest) throws CopyStreamException { dest = null;",25,reduced_nullify_final_param_non_compilable
org/apache/commons/net/ftp/FTPClient.java,1571,RemoveMethod,public int[] getCslDebug() {,public int[] getCslDebug() {,405,reduced_remove_method_other
org/apache/commons/net/pop3/POP3SClient.java,349,NullifyInputVariable,public void setKeyManager(final KeyManager newKeyManager) {,public void setKeyManager(final KeyManager newKeyManager) { newKeyManager = null;,9,reduced_nullify_final_param_non_compilable
org/apache/commons/net/ftp/parser/FTPTimestampParserImpl.java,367,NullifyInputVariable,private void setServerTimeZone(final String serverTimeZoneId) {,private void setServerTimeZone(final String serverTimeZoneId) { serverTimeZoneId = null;,18,reduced_nullify_final_param_non_compilable
org/apache/commons/net/smtp/SMTP.java,378,NullifyInputVariable,public int rcpt(final String forwardPath) throws IOException {,public int rcpt(final String forwardPath) throws IOException { forwardPath = null;,21,reduced_nullify_final_param_non_compilable
org/apache/commons/net/ftp/FTP.java,1159,NullifyInputVariable,public int sendCommand(final FTPCmd command) throws IOException {,public int sendCommand(final FTPCmd command) throws IOException { command = null;,35,reduced_nullify_final_param_non_compilable
org/apache/commons/net/ftp/FTPFile.java,292,NullifyInputVariable,private void readObject(final java.io.ObjectInputStream in) {,private void readObject(final java.io.ObjectInputStream in) { in = null;,16,reduced_nullify_final_param_non_compilable
org/apache/commons/net/DefaultSocketFactory.java,143,NullifyInputVariable,"public Socket createSocket(final InetAddress address, final int port, final InetAddress localAddr, final int localPort) throws IOException {","public Socket createSocket(final InetAddress address, final int port, final InetAddress localAddr, final int localPort) throws IOException { localAddr = null;",9,reduced_nullify_final_param_non_compilable
org/apache/commons/net/nntp/NNTPClient.java,1038,NullifyInputVariable,"public Reader retrieveArticleHeader(final String articleId, final ArticlePointer pointer) throws IOException {","public Reader retrieveArticleHeader(final String articleId, final ArticlePointer pointer) throws IOException { pointer = null;",64,reduced_nullify_final_param_non_compilable
org/apache/commons/net/SocketClient.java,734,NullifyInputVariable,public void setSocketFactory(final SocketFactory factory) {,public void setSocketFactory(final SocketFactory factory) { factory = null;,10,reduced_nullify_final_param_non_compilable
org/apache/commons/net/ftp/FTPClient.java,1849,NullifyInputVariable,public boolean hasFeature(final FTPCmd feature) throws IOException {,public boolean hasFeature(final FTPCmd feature) throws IOException { feature = null;,158,reduced_nullify_final_param_non_compilable
org/apache/commons/net/ftp/FTPClient.java,1984,NullifyInputVariable,"private FTPListParseEngine initiateListParsing(final FTPFileEntryParser parser, final String pathname) throws IOException {","private FTPListParseEngine initiateListParsing(final FTPFileEntryParser parser, final String pathname) throws IOException { parser = null;",154,reduced_nullify_final_param_non_compilable
org/apache/commons/net/ftp/FTPClient.java,3385,NullifyInputVariable,public OutputStream storeUniqueFileStream(final String remote) throws IOException {,public OutputStream storeUniqueFileStream(final String remote) throws IOException { remote = null;,94,reduced_nullify_final_param_non_compilable
org/apache/commons/net/nntp/Article.java,46,NullifyInputVariable,"public static void printThread(final Article article, final int depth) {","public static void printThread(final Article article, final int depth) { article = null;",54,reduced_nullify_final_param_non_compilable
org/apache/commons/net/ftp/FTPHTTPClient.java,112,NullifyInputVariable,"protected Socket _openDataConnection_(final int command, final String arg) throws IOException {","protected Socket _openDataConnection_(final int command, final String arg) throws IOException { arg = null;",22,reduced_nullify_final_param_non_compilable
org/apache/commons/net/ftp/parser/CompositeFileEntryParser.java,38,NullifyInputVariable,public FTPFile parseFTPEntry(final String listEntry) {,public FTPFile parseFTPEntry(final String listEntry) { listEntry = null;,3,reduced_nullify_final_param_non_compilable
org/apache/commons/net/util/SSLContextUtils.java,43,NullifyInputVariable,"public static SSLContext createSSLContext(final String protocol, final KeyManager keyManager, final TrustManager trustManager) throws IOException {","public static SSLContext createSSLContext(final String protocol, final KeyManager keyManager, final TrustManager trustManager) throws IOException { trustManager = null;",6,reduced_nullify_final_param_non_compilable
org/apache/commons/net/pop3/POP3SClient.java,197,RemoveMethod,public String[] getEnabledCipherSuites() {,public String[] getEnabledCipherSuites() {,34,reduced_remove_method_other
org/apache/commons/net/nntp/NNTP.java,487,NullifyInputVariable,"public int newgroups(final String date, final String time, final boolean GMT, final String distributions) throws IOException {","public int newgroups(final String date, final String time, final boolean GMT, final String distributions) throws IOException { date = null;",20,reduced_nullify_final_param_non_compilable
org/apache/commons/net/daytime/DaytimeUDPClient.java,56,NullifyInputVariable,public String getTime(final InetAddress host) throws IOException {,public String getTime(final InetAddress host) throws IOException { host = null;,2,reduced_nullify_final_param_non_compilable
org/apache/commons/net/smtp/SMTPSClient.java,328,NullifyInputVariable,public void setEnabledProtocols(final String[] protocolVersions) {,public void setEnabledProtocols(final String[] protocolVersions) { protocolVersions = null;,12,reduced_nullify_final_param_non_compilable
org/apache/commons/net/imap/IMAPSClient.java,344,NullifyInputVariable,public void setHostnameVerifier(final HostnameVerifier newHostnameVerifier) {,public void setHostnameVerifier(final HostnameVerifier newHostnameVerifier) { newHostnameVerifier = null;,10,reduced_nullify_final_param_non_compilable
org/apache/commons/net/util/KeyManagerUtils.java,128,NullifyInputVariable,public PrivateKey getPrivateKey(final String alias) {,public PrivateKey getPrivateKey(final String alias) { alias = null;,21,reduced_nullify_final_param_non_compilable
org/apache/commons/net/examples/mail/IMAPExportMbox.java,115,NullifyInputVariable,public boolean chunkReceived(final IMAP imap) {,public boolean chunkReceived(final IMAP imap) { imap = null;,41,reduced_nullify_final_param_non_compilable
org/apache/commons/net/io/Util.java,222,NullifyInputVariable,final CopyStreamListener listener) throws CopyStreamException {,final CopyStreamListener listener) throws CopyStreamException { listener = null;,13,reduced_nullify_final_param_non_compilable
org/apache/commons/net/ftp/DelegateSocket.java,54,NullifyInputVariable,public void connect(final SocketAddress endpoint) throws IOException {,public void connect(final SocketAddress endpoint) throws IOException { endpoint = null;,2,reduced_nullify_final_param_non_compilable
org/apache/commons/net/ftp/FTPClient.java,629,NullifyInputVariable,protected void _connectAction_(final Reader socketIsReader) throws IOException {,protected void _connectAction_(final Reader socketIsReader) throws IOException { socketIsReader = null;,196,reduced_nullify_final_param_non_compilable
org/apache/commons/net/SocketClient.java,208,NullifyInputVariable,private void closeQuietly(final Socket socket) {,private void closeQuietly(final Socket socket) { socket = null;,26,reduced_nullify_final_param_non_compilable
org/apache/commons/net/examples/unix/finger.java,34,NullifyInputVariable,public static void main(final String[] args) {,public static void main(final String[] args) { args = null;,3,reduced_nullify_final_param_non_compilable
org/apache/commons/net/ftp/FTPSClient.java,1070,NullifyInputVariable,public void setTrustManager(final TrustManager trustManager) {,public void setTrustManager(final TrustManager trustManager) { trustManager = null;,45,reduced_nullify_final_param_non_compilable
org/apache/commons/net/imap/IMAP.java,206,NullifyInputVariable,"protected void fireReplyReceived(final int replyCode, final String ignored) {","protected void fireReplyReceived(final int replyCode, final String ignored) { ignored = null;",26,reduced_nullify_final_param_non_compilable
org/apache/commons/net/ftp/parser/MLSxEntryParser.java,131,NullifyInputVariable,public static Instant parseGmtInstant(final String timestamp) {,public static Instant parseGmtInstant(final String timestamp) { timestamp = null;,16,reduced_nullify_final_param_non_compilable
org/apache/commons/net/nntp/NNTPClient.java,175,NullifyInputVariable,"private void ai2ap(final ArticleInfo ai, final ArticlePointer ap) {","private void ai2ap(final ArticleInfo ai, final ArticlePointer ap) { ai = null;",103,reduced_nullify_final_param_non_compilable
org/apache/commons/net/ftp/FTPClient.java,3276,NullifyInputVariable,"public boolean storeFile(final String remote, final InputStream local) throws IOException {","public boolean storeFile(final String remote, final InputStream local) throws IOException { remote = null;",102,reduced_nullify_final_param_non_compilable
org/apache/commons/net/ftp/FTPSClient.java,553,NullifyInputVariable,"private String extractPrefixedData(final String prefix, final String reply) {","private String extractPrefixedData(final String prefix, final String reply) { reply = null;",56,reduced_nullify_final_param_non_compilable
org/apache/commons/net/smtp/AuthenticatingSMTPClient.java,273,NullifyInputVariable,public boolean elogin(final String hostname) throws IOException {,public boolean elogin(final String hostname) throws IOException { hostname = null;,9,reduced_nullify_final_param_non_compilable
org/apache/commons/net/examples/mail/IMAPUtils.java,41,NullifyInputVariable,"static IMAPClient imapLogin(final URI uri, final int defaultTimeout, final ProtocolCommandListener listener) throws IOException {","static IMAPClient imapLogin(final URI uri, final int defaultTimeout, final ProtocolCommandListener listener) throws IOException { listener = null;",4,reduced_nullify_final_param_non_compilable
org/apache/commons/net/ftp/FTPClient.java,2040,NullifyInputVariable,public FTPListParseEngine initiateListParsing(final String pathname) throws IOException {,public FTPListParseEngine initiateListParsing(final String pathname) throws IOException { pathname = null;,152,reduced_nullify_final_param_non_compilable
org/apache/commons/net/nntp/NNTP.java,726,NullifyInputVariable,"public int xhdr(final String header, final String selectedArticles) throws IOException {","public int xhdr(final String header, final String selectedArticles) throws IOException { selectedArticles = null;",7,reduced_nullify_final_param_non_compilable
org/apache/commons/net/util/Base64.java,305,NullifyInputVariable,public static byte[] encodeInteger(final BigInteger bigInt) {,public static byte[] encodeInteger(final BigInteger bigInt) { bigInt = null;,41,reduced_nullify_final_param_non_compilable
org/apache/commons/net/nntp/NNTPClient.java,1294,NullifyInputVariable,"public boolean selectArticle(final String articleId, final ArticleInfo pointer) throws IOException {","public boolean selectArticle(final String articleId, final ArticleInfo pointer) throws IOException { pointer = null;",50,reduced_nullify_final_param_non_compilable
org/apache/commons/net/nntp/NNTPClient.java,1195,NullifyInputVariable,public boolean selectArticle(final ArticlePointer pointer) throws IOException {,public boolean selectArticle(final ArticlePointer pointer) throws IOException { pointer = null;,55,reduced_nullify_final_param_non_compilable
org/apache/commons/net/ftp/parser/FTPTimestampParserImpl.java,52,NullifyInputVariable,private static int getEntry(final SimpleDateFormat dateFormat) {,private static int getEntry(final SimpleDateFormat dateFormat) { dateFormat = null;,28,reduced_nullify_final_param_non_compilable
org/apache/commons/net/util/KeyManagerUtils.java,122,NullifyInputVariable,"public String[] getClientAliases(final String keyType, final Principal[] issuers) {","public String[] getClientAliases(final String keyType, final Principal[] issuers) { issuers = null;",22,reduced_nullify_final_param_non_compilable
org/apache/commons/net/nntp/Threader.java,297,NullifyInputVariable,private void pruneEmptyContainers(final NntpThreadContainer parent) {,private void pruneEmptyContainers(final NntpThreadContainer parent) { parent = null;,84,reduced_nullify_final_param_non_compilable
org/apache/commons/net/util/Base64.java,567,RemoveMethod,public byte[] decode(final byte[] source) {,public byte[] decode(final byte[] source) {,60,reduced_remove_method_other
org/apache/commons/net/nntp/Article.java,78,NullifyInputVariable,"public static void printThread(final Article article, final PrintStream ps) {","public static void printThread(final Article article, final PrintStream ps) { ps = null;",50,reduced_nullify_final_param_non_compilable
org/apache/commons/net/util/KeyManagerUtils.java,111,NullifyInputVariable,"public String chooseServerAlias(final String keyType, final Principal[] issuers, final Socket socket) {","public String chooseServerAlias(final String keyType, final Principal[] issuers, final Socket socket) { socket = null;",25,reduced_nullify_final_param_non_compilable
org/apache/commons/net/ftp/parser/FTPTimestampParserImpl.java,323,NullifyInputVariable,"private void setDefaultDateFormat(final String format, final DateFormatSymbols dfs) {","private void setDefaultDateFormat(final String format, final DateFormatSymbols dfs) { format = null;",22,reduced_nullify_final_param_non_compilable
org/apache/commons/net/imap/IMAPClient.java,321,NullifyInputVariable,public boolean create(final String mailboxName) throws IOException {,public boolean create(final String mailboxName) throws IOException { mailboxName = null;,45,reduced_nullify_final_param_non_compilable
org/apache/commons/net/ftp/parser/DefaultFTPFileEntryParserFactory.java,205,NullifyInputVariable,private FTPFileEntryParser createOS400FTPEntryParser(final FTPClientConfig config) {,private FTPFileEntryParser createOS400FTPEntryParser(final FTPClientConfig config) { config = null;,14,reduced_nullify_final_param_non_compilable
org/apache/commons/net/smtp/SMTP.java,489,NullifyInputVariable,public int sendCommand(final String command) throws IOException {,public int sendCommand(final String command) throws IOException { command = null;,15,reduced_nullify_final_param_non_compilable
org/apache/commons/net/imap/IMAPClient.java,475,NullifyInputVariable,"public boolean search(final String charset, final String criteria) throws IOException {","public boolean search(final String charset, final String criteria) throws IOException { charset = null;",31,reduced_nullify_final_param_non_compilable
org/apache/commons/net/util/Base64.java,221,RemoveMethod,"private static byte[] encodeBase64Chunked(final byte[] binaryData, final int lineLength, final byte[] lineSeparator) {","private static byte[] encodeBase64Chunked(final byte[] binaryData, final int lineLength, final byte[] lineSeparator) {",93,reduced_remove_method_other
org/apache/commons/net/tftp/TFTP.java,258,NullifyInputVariable,"protected void trace(final String direction, final TFTPPacket packet) {","protected void trace(final String direction, final TFTPPacket packet) { packet = null;",2,reduced_nullify_final_param_non_compilable
org/apache/commons/net/telnet/TelnetClient.java,296,NullifyInputVariable,"public boolean sendAYT(final Duration timeout) throws IOException, IllegalArgumentException, InterruptedException {","public boolean sendAYT(final Duration timeout) throws IOException, IllegalArgumentException, InterruptedException { timeout = null;",8,reduced_nullify_final_param_non_compilable
org/apache/commons/net/imap/IMAPClient.java,503,NullifyInputVariable,"public boolean status(final String mailboxName, final String[] itemNames) throws IOException {","public boolean status(final String mailboxName, final String[] itemNames) throws IOException { itemNames = null;",27,reduced_nullify_final_param_non_compilable
org/apache/commons/net/util/Base64.java,281,RemoveMethod,public static byte[] encodeBase64URLSafe(final byte[] binaryData) {,public static byte[] encodeBase64URLSafe(final byte[] binaryData) {,85,reduced_remove_method_other
org/apache/commons/net/ntp/NtpUtils.java,82,NullifyInputVariable,public static String getReferenceClock(final NtpV3Packet message) {,public static String getReferenceClock(final NtpV3Packet message) { message = null;,13,reduced_nullify_final_param_non_compilable
org/apache/commons/net/imap/IMAPClient.java,452,NullifyInputVariable,"public boolean rename(final String oldMailboxName, final String newMailboxName) throws IOException {","public boolean rename(final String oldMailboxName, final String newMailboxName) throws IOException { newMailboxName = null;",33,reduced_nullify_final_param_non_compilable
org/apache/commons/net/ftp/FTPListParseEngine.java,108,NullifyInputVariable,public List<FTPFile> getFileList(final FTPFileFilter filter) {,public List<FTPFile> getFileList(final FTPFileFilter filter) { filter = null;,17,reduced_nullify_final_param_non_compilable
org/apache/commons/net/smtp/SMTP.java,417,NullifyInputVariable,public int saml(final String reversePath) throws IOException {,public int saml(final String reversePath) throws IOException { reversePath = null;,19,reduced_nullify_final_param_non_compilable
org/apache/commons/net/imap/IMAP.java,381,NullifyInputVariable,"private int sendCommandWithID(final String commandID, final String command, final String args) throws IOException {","private int sendCommandWithID(final String commandID, final String command, final String args) throws IOException { command = null;",18,reduced_nullify_final_param_non_compilable
org/apache/commons/net/smtp/SMTP.java,283,RemoveMethod,public String[] getReplyStrings() {,public String[] getReplyStrings() {,79,reduced_remove_method_other
org/apache/commons/net/imap/IMAPClient.java,566,NullifyInputVariable,public boolean unsubscribe(final String mailboxName) throws IOException {,public boolean unsubscribe(final String mailboxName) throws IOException { mailboxName = null;,20,reduced_nullify_final_param_non_compilable
org/apache/commons/net/examples/mail/POP3ExportMbox.java,160,NullifyInputVariable,"private static void writeFile(final POP3Client pop3, final OutputStreamWriter fw, final int i) throws IOException {","private static void writeFile(final POP3Client pop3, final OutputStreamWriter fw, final int i) throws IOException { pop3 = null;",13,reduced_nullify_final_param_non_compilable
org/apache/commons/net/ftp/FTPFileEntryParserImpl.java,46,NullifyInputVariable,public List<String> preParse(final List<String> original) {,public List<String> preParse(final List<String> original) { original = null;,2,reduced_nullify_final_param_non_compilable
org/apache/commons/net/nntp/NNTPClient.java,198,NullifyInputVariable,"public boolean authenticate(final String user, final String password) throws IOException {","public boolean authenticate(final String user, final String password) throws IOException { user = null;",100,reduced_nullify_final_param_non_compilable
org/apache/commons/net/util/ListenerList.java,58,NullifyInputVariable,private void readObject(final ObjectInputStream in) {,private void readObject(final ObjectInputStream in) { in = null;,3,reduced_nullify_final_param_non_compilable
org/apache/commons/net/SocketClient.java,259,NullifyInputVariable,"public void connect(final InetAddress host, final int port, final InetAddress localAddr, final int localPort) throws SocketException, IOException {","public void connect(final InetAddress host, final int port, final InetAddress localAddr, final int localPort) throws SocketException, IOException { localAddr = null;",22,reduced_nullify_final_param_non_compilable
org/apache/commons/net/ftp/FTPClient.java,2294,NullifyInputVariable,"public FTPFile[] listFiles(final String pathname, final FTPFileFilter filter) throws IOException {","public FTPFile[] listFiles(final String pathname, final FTPFileFilter filter) throws IOException { filter = null;",145,reduced_nullify_final_param_non_compilable
org/apache/commons/net/util/KeyManagerUtils.java,180,NullifyInputVariable,"public static KeyManager createClientKeyManager(final KeyStore ks, final String keyAlias, final String keyPass) throws GeneralSecurityException {","public static KeyManager createClientKeyManager(final KeyStore ks, final String keyAlias, final String keyPass) throws GeneralSecurityException { ks = null;",13,reduced_nullify_final_param_non_compilable
org/apache/commons/net/ftp/FTPClient.java,2357,NullifyInputVariable,public String[] listNames(final String pathname) throws IOException {,public String[] listNames(final String pathname) throws IOException { pathname = null;,143,reduced_nullify_final_param_non_compilable
org/apache/commons/net/ftp/parser/FTPTimestampParserImpl.java,323,NullifyInputVariable,"private void setDefaultDateFormat(final String format, final DateFormatSymbols dfs) {","private void setDefaultDateFormat(final String format, final DateFormatSymbols dfs) { dfs = null;",21,reduced_nullify_final_param_non_compilable
org/apache/commons/net/ftp/FTP.java,500,NullifyInputVariable,"public int eprt(final InetAddress host, final int port) throws IOException {","public int eprt(final InetAddress host, final int port) throws IOException { host = null;",54,reduced_nullify_final_param_non_compilable
org/apache/commons/net/imap/IMAPClient.java,381,NullifyInputVariable,"public boolean list(final String refName, final String mailboxName) throws IOException {","public boolean list(final String refName, final String mailboxName) throws IOException { refName = null;",40,reduced_nullify_final_param_non_compilable
