file,line,operator,before,after,mutant_id,paper_category
org/apache/commons/net/DatagramSocketClient.java,283,NullifyInputVariable,public void setSoTimeout(final Duration timeout) throws SocketException {,public void setSoTimeout(final Duration timeout) throws SocketException { timeout = null;,3,
org/apache/commons/net/DatagramSocketClient.java,259,NullifyInputVariable,public void setDefaultTimeout(final Duration timeout) {,public void setDefaultTimeout(final Duration timeout) { timeout = null;,4,
org/apache/commons/net/DatagramSocketClient.java,244,NullifyInputVariable,public void setDatagramSocketFactory(final DatagramSocketFactory factory) {,public void setDatagramSocketFactory(final DatagramSocketFactory factory) { factory = null;,5,
org/apache/commons/net/DatagramSocketClient.java,234,NullifyInputVariable,public void setCharset(final Charset charset) {,public void setCharset(final Charset charset) { charset = null;,6,
org/apache/commons/net/DatagramSocketClient.java,222,NullifyInputVariable,"public void open(final int port, final InetAddress localAddress) throws SocketException {","public void open(final int port, final InetAddress localAddress) throws SocketException { localAddress = null;",7,
org/apache/commons/net/DefaultDatagramSocketFactory.java,67,NullifyInputVariable,"public DatagramSocket createDatagramSocket(final int port, final InetAddress localAddress) throws SocketException {","public DatagramSocket createDatagramSocket(final int port, final InetAddress localAddress) throws SocketException { localAddress = null;",1,
org/apache/commons/net/DefaultSocketFactory.java,143,NullifyInputVariable,"public Socket createSocket(final InetAddress address, final int port, final InetAddress localAddr, final int localPort) throws IOException {","public Socket createSocket(final InetAddress address, final int port, final InetAddress localAddr, final int localPort) throws IOException { address = null;",10,
org/apache/commons/net/DefaultSocketFactory.java,123,NullifyInputVariable,"public Socket createSocket(final InetAddress address, final int port) throws IOException {","public Socket createSocket(final InetAddress address, final int port) throws IOException { address = null;",11,
org/apache/commons/net/DefaultSocketFactory.java,95,NullifyInputVariable,"public ServerSocket createServerSocket(final int port, final int backlog, final InetAddress bindAddr) throws IOException {","public ServerSocket createServerSocket(final int port, final int backlog, final InetAddress bindAddr) throws IOException { bindAddr = null;",12,
org/apache/commons/net/DefaultSocketFactory.java,184,NullifyInputVariable,"public Socket createSocket(final String host, final int port, final InetAddress localAddr, final int localPort) throws UnknownHostException, IOException {","public Socket createSocket(final String host, final int port, final InetAddress localAddr, final int localPort) throws UnknownHostException, IOException { localAddr = null;",6,
org/apache/commons/net/DefaultSocketFactory.java,184,NullifyInputVariable,"public Socket createSocket(final String host, final int port, final InetAddress localAddr, final int localPort) throws UnknownHostException, IOException {","public Socket createSocket(final String host, final int port, final InetAddress localAddr, final int localPort) throws UnknownHostException, IOException { host = null;",7,
org/apache/commons/net/DefaultSocketFactory.java,163,NullifyInputVariable,"public Socket createSocket(final String host, final int port) throws UnknownHostException, IOException {","public Socket createSocket(final String host, final int port) throws UnknownHostException, IOException { host = null;",8,
org/apache/commons/net/DefaultSocketFactory.java,143,NullifyInputVariable,"public Socket createSocket(final InetAddress address, final int port, final InetAddress localAddr, final int localPort) throws IOException {","public Socket createSocket(final InetAddress address, final int port, final InetAddress localAddr, final int localPort) throws IOException { localAddr = null;",9,
org/apache/commons/net/PrintCommandListener.java,148,RelationalOperatorReplacement,if (pos > 0) {,if (pos <= 0) {,11,
org/apache/commons/net/PrintCommandListener.java,186,NullifyInputVariable,public void protocolReplyReceived(final ProtocolCommandEvent event) {,public void protocolReplyReceived(final ProtocolCommandEvent event) { event = null;,3,
org/apache/commons/net/PrintCommandListener.java,159,NullifyInputVariable,public void protocolCommandSent(final ProtocolCommandEvent event) {,public void protocolCommandSent(final ProtocolCommandEvent event) { event = null;,4,
org/apache/commons/net/PrintCommandListener.java,143,NullifyInputVariable,private String getPrintableString(final String msg) {,private String getPrintableString(final String msg) { msg = null;,5,
org/apache/commons/net/ProtocolCommandSupport.java,122,NullifyInputVariable,private void writeObject(final ObjectOutputStream out) {,private void writeObject(final ObjectOutputStream out) { out = null;,1,
org/apache/commons/net/ProtocolCommandSupport.java,118,NullifyInputVariable,public void removeProtocolCommandListener(final ProtocolCommandListener listener) {,public void removeProtocolCommandListener(final ProtocolCommandListener listener) { listener = null;,2,
org/apache/commons/net/ProtocolCommandSupport.java,105,NullifyInputVariable,private void readObject(final ObjectInputStream in) {,private void readObject(final ObjectInputStream in) { in = null;,3,
org/apache/commons/net/ProtocolCommandSupport.java,87,NullifyInputVariable,"public void fireReplyReceived(final int replyCode, final String message) {","public void fireReplyReceived(final int replyCode, final String message) { message = null;",4,
org/apache/commons/net/ProtocolCommandSupport.java,68,NullifyInputVariable,"public void fireCommandSent(final String command, final String message) {","public void fireCommandSent(final String command, final String message) { message = null;",5,
org/apache/commons/net/ProtocolCommandSupport.java,68,NullifyInputVariable,"public void fireCommandSent(final String command, final String message) {","public void fireCommandSent(final String command, final String message) { command = null;",6,
org/apache/commons/net/ProtocolCommandSupport.java,57,NullifyInputVariable,public void addProtocolCommandListener(final ProtocolCommandListener listener) {,public void addProtocolCommandListener(final ProtocolCommandListener listener) { listener = null;,7,
org/apache/commons/net/SocketClient.java,734,NullifyInputVariable,public void setSocketFactory(final SocketFactory factory) {,public void setSocketFactory(final SocketFactory factory) { factory = null;,10,
org/apache/commons/net/SocketClient.java,720,NullifyInputVariable,public void setServerSocketFactory(final ServerSocketFactory factory) {,public void setServerSocketFactory(final ServerSocketFactory factory) { factory = null;,11,
org/apache/commons/net/SocketClient.java,356,RelationalOperatorReplacement,if (getCommandSupport().getListenerCount() > 0) {,if (getCommandSupport().getListenerCount() <= 0) {,117,
org/apache/commons/net/SocketClient.java,343,RelationalOperatorReplacement,if (getCommandSupport().getListenerCount() > 0) {,if (getCommandSupport().getListenerCount() <= 0) {,118,
org/apache/commons/net/SocketClient.java,684,NullifyInputVariable,public void setProxy(final Proxy proxy) {,public void setProxy(final Proxy proxy) { proxy = null;,12,
org/apache/commons/net/SocketClient.java,629,NullifyInputVariable,public void setCharset(final Charset charset) {,public void setCharset(final Charset charset) { charset = null;,13,
org/apache/commons/net/SocketClient.java,619,NullifyInputVariable,public void removeProtocolCommandListener(final ProtocolCommandListener listener) {,public void removeProtocolCommandListener(final ProtocolCommandListener listener) { listener = null;,14,
org/apache/commons/net/SocketClient.java,355,NullifyInputVariable,"protected void fireReplyReceived(final int replyCode, final String reply) {","protected void fireReplyReceived(final int replyCode, final String reply) { reply = null;",15,
org/apache/commons/net/SocketClient.java,342,NullifyInputVariable,"protected void fireCommandSent(final String command, final String message) {","protected void fireCommandSent(final String command, final String message) { message = null;",16,
org/apache/commons/net/SocketClient.java,342,NullifyInputVariable,"protected void fireCommandSent(final String command, final String message) {","protected void fireCommandSent(final String command, final String message) { command = null;",17,
org/apache/commons/net/SocketClient.java,306,NullifyInputVariable,"public void connect(final String hostname, final int port, final InetAddress localAddr, final int localPort) throws SocketException, IOException {","public void connect(final String hostname, final int port, final InetAddress localAddr, final int localPort) throws SocketException, IOException { localAddr = null;",18,
org/apache/commons/net/SocketClient.java,306,NullifyInputVariable,"public void connect(final String hostname, final int port, final InetAddress localAddr, final int localPort) throws SocketException, IOException {","public void connect(final String hostname, final int port, final InetAddress localAddr, final int localPort) throws SocketException, IOException { hostname = null;",19,
org/apache/commons/net/SocketClient.java,289,NullifyInputVariable,"public void connect(final String hostname, final int port) throws SocketException, IOException {","public void connect(final String hostname, final int port) throws SocketException, IOException { hostname = null;",20,
org/apache/commons/net/SocketClient.java,274,NullifyInputVariable,"public void connect(final String hostname) throws SocketException, IOException {","public void connect(final String hostname) throws SocketException, IOException { hostname = null;",21,
org/apache/commons/net/SocketClient.java,259,NullifyInputVariable,"public void connect(final InetAddress host, final int port, final InetAddress localAddr, final int localPort) throws SocketException, IOException {","public void connect(final InetAddress host, final int port, final InetAddress localAddr, final int localPort) throws SocketException, IOException { localAddr = null;",22,
org/apache/commons/net/SocketClient.java,259,NullifyInputVariable,"public void connect(final InetAddress host, final int port, final InetAddress localAddr, final int localPort) throws SocketException, IOException {","public void connect(final InetAddress host, final int port, final InetAddress localAddr, final int localPort) throws SocketException, IOException { host = null;",23,
org/apache/commons/net/SocketClient.java,242,NullifyInputVariable,"public void connect(final InetAddress host, final int port) throws SocketException, IOException {","public void connect(final InetAddress host, final int port) throws SocketException, IOException { host = null;",24,
org/apache/commons/net/SocketClient.java,227,NullifyInputVariable,"public void connect(final InetAddress host) throws SocketException, IOException {","public void connect(final InetAddress host) throws SocketException, IOException { host = null;",25,
org/apache/commons/net/SocketClient.java,208,NullifyInputVariable,private void closeQuietly(final Socket socket) {,private void closeQuietly(final Socket socket) { socket = null;,26,
org/apache/commons/net/SocketClient.java,198,NullifyInputVariable,private void closeQuietly(final Closeable close) {,private void closeQuietly(final Closeable close) { close = null;,27,
org/apache/commons/net/SocketClient.java,170,NullifyInputVariable,public void addProtocolCommandListener(final ProtocolCommandListener listener) {,public void addProtocolCommandListener(final ProtocolCommandListener listener) { listener = null;,28,
org/apache/commons/net/SocketClient.java,129,NullifyInputVariable,"private void _connect(final InetSocketAddress remoteInetSocketAddress, final InetAddress localAddr, final int localPort) throws IOException {","private void _connect(final InetSocketAddress remoteInetSocketAddress, final InetAddress localAddr, final int localPort) throws IOException { localAddr = null;",29,
org/apache/commons/net/SocketClient.java,129,NullifyInputVariable,"private void _connect(final InetSocketAddress remoteInetSocketAddress, final InetAddress localAddr, final int localPort) throws IOException {","private void _connect(final InetSocketAddress remoteInetSocketAddress, final InetAddress localAddr, final int localPort) throws IOException { remoteInetSocketAddress = null;",30,
org/apache/commons/net/SocketClient.java,786,NullifyInputVariable,public boolean verifyRemote(final Socket socket) {,public boolean verifyRemote(final Socket socket) { socket = null;,9,
org/apache/commons/net/bsd/RCommandClient.java,257,NullifyInputVariable,"public void rcommand(final String localUser, final String remoteUser, final String command) throws IOException {","public void rcommand(final String localUser, final String remoteUser, final String command) throws IOException { localUser = null;",10,
org/apache/commons/net/bsd/RCommandClient.java,210,NullifyInputVariable,"throws SocketException, IOException, IllegalArgumentException, UnknownHostException {","throws SocketException, IOException, IllegalArgumentException, UnknownHostException { localAddr = null;",11,
org/apache/commons/net/bsd/RCommandClient.java,210,NullifyInputVariable,"throws SocketException, IOException, IllegalArgumentException, UnknownHostException {","throws SocketException, IOException, IllegalArgumentException, UnknownHostException { hostname = null;",12,
org/apache/commons/net/bsd/RCommandClient.java,189,NullifyInputVariable,"public void connect(final String hostname, final int port, final InetAddress localAddr) throws SocketException, IOException {","public void connect(final String hostname, final int port, final InetAddress localAddr) throws SocketException, IOException { localAddr = null;",13,
org/apache/commons/net/bsd/RCommandClient.java,189,NullifyInputVariable,"public void connect(final String hostname, final int port, final InetAddress localAddr) throws SocketException, IOException {","public void connect(final String hostname, final int port, final InetAddress localAddr) throws SocketException, IOException { hostname = null;",14,
org/apache/commons/net/bsd/RCommandClient.java,172,NullifyInputVariable,"public void connect(final String hostname, final int port) throws SocketException, IOException, UnknownHostException {","public void connect(final String hostname, final int port) throws SocketException, IOException, UnknownHostException { hostname = null;",15,
org/apache/commons/net/bsd/RCommandClient.java,151,NullifyInputVariable,"throws SocketException, IOException, IllegalArgumentException {","throws SocketException, IOException, IllegalArgumentException { localAddr = null;",16,
org/apache/commons/net/bsd/RCommandClient.java,151,NullifyInputVariable,"throws SocketException, IOException, IllegalArgumentException {","throws SocketException, IOException, IllegalArgumentException { host = null;",17,
org/apache/commons/net/bsd/RCommandClient.java,116,NullifyInputVariable,"public void connect(final InetAddress host, final int port, final InetAddress localAddr) throws SocketException, BindException, IOException {","public void connect(final InetAddress host, final int port, final InetAddress localAddr) throws SocketException, BindException, IOException { localAddr = null;",18,
org/apache/commons/net/bsd/RCommandClient.java,116,NullifyInputVariable,"public void connect(final InetAddress host, final int port, final InetAddress localAddr) throws SocketException, BindException, IOException {","public void connect(final InetAddress host, final int port, final InetAddress localAddr) throws SocketException, BindException, IOException { host = null;",19,
org/apache/commons/net/bsd/RCommandClient.java,99,NullifyInputVariable,"public void connect(final InetAddress host, final int port) throws SocketException, IOException {","public void connect(final InetAddress host, final int port) throws SocketException, IOException { host = null;",20,
org/apache/commons/net/bsd/RCommandClient.java,239,RelationalOperatorReplacement,for (int localPort = MAX_CLIENT_PORT; localPort >= MIN_CLIENT_PORT; --localPort) {,for (int localPort = MAX_CLIENT_PORT; localPort < MIN_CLIENT_PORT; --localPort) {,39,
org/apache/commons/net/bsd/RCommandClient.java,211,RelationalOperatorReplacement,if (localPort < MIN_CLIENT_PORT || localPort > MAX_CLIENT_PORT) {,if (localPort < MIN_CLIENT_PORT || localPort <= MAX_CLIENT_PORT) {,40,
org/apache/commons/net/bsd/RCommandClient.java,211,RelationalOperatorReplacement,if (localPort < MIN_CLIENT_PORT || localPort > MAX_CLIENT_PORT) {,if (localPort >= MIN_CLIENT_PORT || localPort > MAX_CLIENT_PORT) {,41,
org/apache/commons/net/bsd/RCommandClient.java,152,RelationalOperatorReplacement,if (localPort < MIN_CLIENT_PORT || localPort > MAX_CLIENT_PORT) {,if (localPort < MIN_CLIENT_PORT || localPort <= MAX_CLIENT_PORT) {,42,
org/apache/commons/net/bsd/RCommandClient.java,152,RelationalOperatorReplacement,if (localPort < MIN_CLIENT_PORT || localPort > MAX_CLIENT_PORT) {,if (localPort >= MIN_CLIENT_PORT || localPort > MAX_CLIENT_PORT) {,43,
org/apache/commons/net/bsd/RCommandClient.java,128,RelationalOperatorReplacement,if (localPort < MIN_CLIENT_PORT) {,if (localPort >= MIN_CLIENT_PORT) {,44,
org/apache/commons/net/bsd/RCommandClient.java,119,RelationalOperatorReplacement,for (localPort = MAX_CLIENT_PORT; localPort >= MIN_CLIENT_PORT; --localPort) {,for (localPort = MAX_CLIENT_PORT; localPort < MIN_CLIENT_PORT; --localPort) {,45,
org/apache/commons/net/bsd/RCommandClient.java,281,NullifyInputVariable,"public void rcommand(final String localUser, final String remoteUser, final String command, final boolean separateErrorStream) throws IOException {","public void rcommand(final String localUser, final String remoteUser, final String command, final boolean separateErrorStream) throws IOException { command = null;",5,
org/apache/commons/net/bsd/RCommandClient.java,281,NullifyInputVariable,"public void rcommand(final String localUser, final String remoteUser, final String command, final boolean separateErrorStream) throws IOException {","public void rcommand(final String localUser, final String remoteUser, final String command, final boolean separateErrorStream) throws IOException { remoteUser = null;",6,
org/apache/commons/net/bsd/RCommandClient.java,281,NullifyInputVariable,"public void rcommand(final String localUser, final String remoteUser, final String command, final boolean separateErrorStream) throws IOException {","public void rcommand(final String localUser, final String remoteUser, final String command, final boolean separateErrorStream) throws IOException { localUser = null;",7,
org/apache/commons/net/bsd/RCommandClient.java,257,NullifyInputVariable,"public void rcommand(final String localUser, final String remoteUser, final String command) throws IOException {","public void rcommand(final String localUser, final String remoteUser, final String command) throws IOException { command = null;",8,
org/apache/commons/net/bsd/RCommandClient.java,257,NullifyInputVariable,"public void rcommand(final String localUser, final String remoteUser, final String command) throws IOException {","public void rcommand(final String localUser, final String remoteUser, final String command) throws IOException { remoteUser = null;",9,
org/apache/commons/net/bsd/RExecClient.java,162,NullifyInputVariable,"public void rexec(final String user, final String password, final String command) throws IOException {","public void rexec(final String user, final String password, final String command) throws IOException { user = null;",10,
org/apache/commons/net/bsd/RExecClient.java,211,RelationalOperatorReplacement,if (ch < 0) {,if (ch >= 0) {,26,
org/apache/commons/net/bsd/RExecClient.java,202,RelationalOperatorReplacement,if (ch > 0) {,if (ch <= 0) {,29,
org/apache/commons/net/bsd/RExecClient.java,184,NullifyInputVariable,"public void rexec(final String user, final String password, final String command, final boolean separateErrorStream) throws IOException {","public void rexec(final String user, final String password, final String command, final boolean separateErrorStream) throws IOException { command = null;",5,
org/apache/commons/net/bsd/RExecClient.java,184,NullifyInputVariable,"public void rexec(final String user, final String password, final String command, final boolean separateErrorStream) throws IOException {","public void rexec(final String user, final String password, final String command, final boolean separateErrorStream) throws IOException { password = null;",6,
org/apache/commons/net/bsd/RExecClient.java,184,NullifyInputVariable,"public void rexec(final String user, final String password, final String command, final boolean separateErrorStream) throws IOException {","public void rexec(final String user, final String password, final String command, final boolean separateErrorStream) throws IOException { user = null;",7,
org/apache/commons/net/bsd/RExecClient.java,162,NullifyInputVariable,"public void rexec(final String user, final String password, final String command) throws IOException {","public void rexec(final String user, final String password, final String command) throws IOException { command = null;",8,
org/apache/commons/net/bsd/RExecClient.java,162,NullifyInputVariable,"public void rexec(final String user, final String password, final String command) throws IOException {","public void rexec(final String user, final String password, final String command) throws IOException { password = null;",9,
org/apache/commons/net/bsd/RLoginClient.java,87,NullifyInputVariable,"public void rlogin(final String localUserName, final String remoteUserName, final String terminalType, final int terminalSpeed) throws IOException {","public void rlogin(final String localUserName, final String remoteUserName, final String terminalType, final int terminalSpeed) throws IOException { terminalType = null;",2,
org/apache/commons/net/bsd/RLoginClient.java,87,NullifyInputVariable,"public void rlogin(final String localUserName, final String remoteUserName, final String terminalType, final int terminalSpeed) throws IOException {","public void rlogin(final String localUserName, final String remoteUserName, final String terminalType, final int terminalSpeed) throws IOException { remoteUserName = null;",3,
org/apache/commons/net/bsd/RLoginClient.java,87,NullifyInputVariable,"public void rlogin(final String localUserName, final String remoteUserName, final String terminalType, final int terminalSpeed) throws IOException {","public void rlogin(final String localUserName, final String remoteUserName, final String terminalType, final int terminalSpeed) throws IOException { localUserName = null;",4,
org/apache/commons/net/bsd/RLoginClient.java,67,NullifyInputVariable,"public void rlogin(final String localUserName, final String remoteUserName, final String terminalType) throws IOException {","public void rlogin(final String localUserName, final String remoteUserName, final String terminalType) throws IOException { terminalType = null;",5,
org/apache/commons/net/bsd/RLoginClient.java,67,NullifyInputVariable,"public void rlogin(final String localUserName, final String remoteUserName, final String terminalType) throws IOException {","public void rlogin(final String localUserName, final String remoteUserName, final String terminalType) throws IOException { remoteUserName = null;",6,
org/apache/commons/net/bsd/RLoginClient.java,67,NullifyInputVariable,"public void rlogin(final String localUserName, final String remoteUserName, final String terminalType) throws IOException {","public void rlogin(final String localUserName, final String remoteUserName, final String terminalType) throws IOException { localUserName = null;",7,
org/apache/commons/net/chargen/CharGenUDPClient.java,108,NullifyInputVariable,"public void send(final InetAddress host, final int port) throws IOException {","public void send(final InetAddress host, final int port) throws IOException { host = null;",1,
org/apache/commons/net/chargen/CharGenUDPClient.java,97,NullifyInputVariable,public void send(final InetAddress host) throws IOException {,public void send(final InetAddress host) throws IOException { host = null;,2,
org/apache/commons/net/daytime/DaytimeTCPClient.java,65,RelationalOperatorReplacement,if (read <= 0) {,if (read > 0) {,6,
org/apache/commons/net/daytime/DaytimeUDPClient.java,68,NullifyInputVariable,"public String getTime(final InetAddress host, final int port) throws IOException {","public String getTime(final InetAddress host, final int port) throws IOException { host = null;",1,
org/apache/commons/net/daytime/DaytimeUDPClient.java,56,NullifyInputVariable,public String getTime(final InetAddress host) throws IOException {,public String getTime(final InetAddress host) throws IOException { host = null;,2,
org/apache/commons/net/discard/DiscardUDPClient.java,79,NullifyInputVariable,"public void send(final byte[] data, final int length, final InetAddress host, final int port) throws IOException {","public void send(final byte[] data, final int length, final InetAddress host, final int port) throws IOException { host = null;",1,
org/apache/commons/net/discard/DiscardUDPClient.java,66,NullifyInputVariable,"public void send(final byte[] data, final int length, final InetAddress host) throws IOException {","public void send(final byte[] data, final int length, final InetAddress host) throws IOException { host = null;",2,
org/apache/commons/net/discard/DiscardUDPClient.java,53,NullifyInputVariable,"public void send(final byte[] data, final InetAddress host) throws IOException {","public void send(final byte[] data, final InetAddress host) throws IOException { host = null;",3,
org/apache/commons/net/echo/EchoUDPClient.java,85,NullifyInputVariable,"public void send(final byte[] data, final int length, final InetAddress host) throws IOException {","public void send(final byte[] data, final int length, final InetAddress host) throws IOException { host = null;",1,
org/apache/commons/net/echo/EchoUDPClient.java,72,NullifyInputVariable,"public void send(final byte[] data, final InetAddress host) throws IOException {","public void send(final byte[] data, final InetAddress host) throws IOException { host = null;",2,
org/apache/commons/net/examples/Main.java,57,RelationalOperatorReplacement,if (Thread.currentThread().getStackTrace().length > 2) { // called by Maven,if (Thread.currentThread().getStackTrace().length <= 2) { // called by Maven,13,
org/apache/commons/net/examples/Main.java,48,NullifyInputVariable,public static void main(final String[] args) throws Throwable {,public static void main(final String[] args) throws Throwable { args = null;,6,
org/apache/commons/net/examples/cidr/SubnetUtilsExample.java,31,NullifyInputVariable,public static void main(final String[] args) {,public static void main(final String[] args) { args = null;,1,
org/apache/commons/net/examples/ftp/FTPClientExample.java,121,RelationalOperatorReplacement,for (base = 0; base < args.length; base++) {,for (base = 0; base >= args.length; base++) {,100,
org/apache/commons/net/examples/ftp/FTPClientExample.java,87,RelationalOperatorReplacement,for (long l = megsTotal; l < megs; l++) {,for (long l = megsTotal; l >= megs; l++) {,101,
org/apache/commons/net/examples/ftp/FTPClientExample.java,482,NullifyInputVariable,private static void showCslStats(final FTPClient ftp) {,private static void showCslStats(final FTPClient ftp) { ftp = null;,30,
org/apache/commons/net/examples/ftp/FTPClientExample.java,95,NullifyInputVariable,public static void main(final String[] args) throws UnknownHostException {,public static void main(final String[] args) throws UnknownHostException { args = null;,31,
org/apache/commons/net/examples/ftp/FTPClientExample.java,80,NullifyInputVariable,public void bytesTransferred(final CopyStreamEvent event) {,public void bytesTransferred(final CopyStreamEvent event) { event = null;,32,
org/apache/commons/net/examples/ftp/FTPClientExample.java,454,RelationalOperatorReplacement,if (keepAliveTimeoutSeconds > 0) {,if (keepAliveTimeoutSeconds <= 0) {,72,
org/apache/commons/net/examples/ftp/FTPClientExample.java,363,RelationalOperatorReplacement,if (keepAliveTimeoutSeconds > 0) {,if (keepAliveTimeoutSeconds <= 0) {,80,
org/apache/commons/net/examples/ftp/FTPClientExample.java,307,RelationalOperatorReplacement,"System.out.println(""Connected to "" + server + "" on "" + (port > 0 ? port : ftp.getDefaultPort()));","System.out.println(""Connected to "" + server + "" on "" + (port <= 0 ? port : ftp.getDefaultPort()));",81,
org/apache/commons/net/examples/ftp/FTPClientExample.java,302,RelationalOperatorReplacement,if (port > 0) {,if (port <= 0) {,82,
org/apache/commons/net/examples/ftp/FTPClientExample.java,274,RelationalOperatorReplacement,if (controlKeepAliveReplyTimeoutMillis >= 0) {,if (controlKeepAliveReplyTimeoutMillis < 0) {,87,
org/apache/commons/net/examples/ftp/FTPClientExample.java,271,RelationalOperatorReplacement,if (keepAliveTimeoutSeconds >= 0) {,if (keepAliveTimeoutSeconds < 0) {,88,
org/apache/commons/net/examples/ftp/FTPClientExample.java,232,RelationalOperatorReplacement,if (args.length - base > 0) {,if (args.length - base <= 0) {,92,
org/apache/commons/net/examples/ftp/FTPClientExample.java,227,RelationalOperatorReplacement,if (args.length - base > 0) {,if (args.length - base <= 0) {,93,
org/apache/commons/net/examples/ftp/FTPClientExample.java,207,RelationalOperatorReplacement,if (args.length > 0) {,if (args.length <= 0) {,96,
org/apache/commons/net/examples/ftp/FTPClientExample.java,205,RelationalOperatorReplacement,"if (remain < minParams) // server, user, pass, remote, local [protocol]","if (remain >= minParams) // server, user, pass, remote, local [protocol]",97,
org/apache/commons/net/examples/ftp/ServerToServerFTP.java,114,RelationalOperatorReplacement,if (port2 > 0) {,if (port2 <= 0) {,13,
org/apache/commons/net/examples/ftp/ServerToServerFTP.java,85,RelationalOperatorReplacement,if (port1 > 0) {,if (port1 <= 0) {,14,
org/apache/commons/net/examples/ftp/ServerToServerFTP.java,53,RelationalOperatorReplacement,if (args.length < 8) {,if (args.length >= 8) {,17,
org/apache/commons/net/examples/ftp/ServerToServerFTP.java,38,NullifyInputVariable,public static void main(final String[] args) {,public static void main(final String[] args) { args = null;,8,
org/apache/commons/net/examples/ftp/TFTPExample.java,199,NullifyInputVariable,throws IOException {,throws IOException { remoteFilename = null;,10,
org/apache/commons/net/examples/ftp/TFTPExample.java,199,NullifyInputVariable,throws IOException {,throws IOException { localFilename = null;,11,
org/apache/commons/net/examples/ftp/TFTPExample.java,199,NullifyInputVariable,throws IOException {,throws IOException { hostname = null;,12,
org/apache/commons/net/examples/ftp/TFTPExample.java,158,NullifyInputVariable,final TFTPClient tftp) throws IOException {,final TFTPClient tftp) throws IOException { tftp = null;,13,
org/apache/commons/net/examples/ftp/TFTPExample.java,158,NullifyInputVariable,final TFTPClient tftp) throws IOException {,final TFTPClient tftp) throws IOException { remoteFilename = null;,14,
org/apache/commons/net/examples/ftp/TFTPExample.java,158,NullifyInputVariable,final TFTPClient tftp) throws IOException {,final TFTPClient tftp) throws IOException { localFilename = null;,15,
org/apache/commons/net/examples/ftp/TFTPExample.java,158,NullifyInputVariable,final TFTPClient tftp) throws IOException {,final TFTPClient tftp) throws IOException { hostname = null;,16,
org/apache/commons/net/examples/ftp/TFTPExample.java,149,NullifyInputVariable,private static void open(final TFTPClient tftp) throws IOException {,private static void open(final TFTPClient tftp) throws IOException { tftp = null;,17,
org/apache/commons/net/examples/ftp/TFTPExample.java,65,NullifyInputVariable,public static void main(final String[] args) throws IOException {,public static void main(final String[] args) throws IOException { args = null;,18,
org/apache/commons/net/examples/ftp/TFTPExample.java,117,NullifyInputVariable,"protected void trace(final String direction, final TFTPPacket packet) {","protected void trace(final String direction, final TFTPPacket packet) { packet = null;",19,
org/apache/commons/net/examples/ftp/TFTPExample.java,117,NullifyInputVariable,"protected void trace(final String direction, final TFTPPacket packet) {","protected void trace(final String direction, final TFTPPacket packet) { direction = null;",20,
org/apache/commons/net/examples/ftp/TFTPExample.java,49,NullifyInputVariable,"private static boolean close(final TFTPClient tftp, final Closeable output) {","private static boolean close(final TFTPClient tftp, final Closeable output) { output = null;",21,
org/apache/commons/net/examples/ftp/TFTPExample.java,49,NullifyInputVariable,"private static boolean close(final TFTPClient tftp, final Closeable output) {","private static boolean close(final TFTPClient tftp, final Closeable output) { tftp = null;",22,
org/apache/commons/net/examples/ftp/TFTPExample.java,77,RelationalOperatorReplacement,for (argc = 0; argc < args.length; argc++) {,for (argc = 0; argc >= args.length; argc++) {,44,
org/apache/commons/net/examples/ftp/TFTPExample.java,199,NullifyInputVariable,throws IOException {,throws IOException { tftp = null;,9,
org/apache/commons/net/examples/mail/IMAPExportMbox.java,267,RelationalOperatorReplacement,if (argCount < 2) {,if (argCount >= 2) {,100,
org/apache/commons/net/examples/mail/IMAPExportMbox.java,245,RelationalOperatorReplacement,for (argIdx = 0; argIdx < args.length; argIdx++) {,for (argIdx = 0; argIdx >= args.length; argIdx++) {,101,
org/apache/commons/net/examples/mail/IMAPExportMbox.java,190,RelationalOperatorReplacement,for (long j = lastSeq + 1; j < msgSeq; j++) {,for (long j = lastSeq + 1; j >= msgSeq; j++) {,103,
org/apache/commons/net/examples/mail/IMAPExportMbox.java,172,RelationalOperatorReplacement,"if (lastLength > 1) { // there's some content, we need to save it","if (lastLength <= 1) { // there's some content, we need to save it",106,
org/apache/commons/net/examples/mail/IMAPExportMbox.java,161,RelationalOperatorReplacement,for (int i = 1; i < replyStrings.length - 1; i++) {,for (int i = 1; i >= replyStrings.length - 1; i++) {,107,
org/apache/commons/net/examples/mail/IMAPExportMbox.java,131,RelationalOperatorReplacement,for (int i = 1; i < replyStrings.length - 1; i++) {,for (int i = 1; i >= replyStrings.length - 1; i++) {,108,
org/apache/commons/net/examples/mail/IMAPExportMbox.java,449,NullifyInputVariable,"private static boolean startsWith(final String input, final Pattern pat) {","private static boolean startsWith(final String input, final Pattern pat) { pat = null;",35,
org/apache/commons/net/examples/mail/IMAPExportMbox.java,449,NullifyInputVariable,"private static boolean startsWith(final String input, final Pattern pat) {","private static boolean startsWith(final String input, final Pattern pat) { input = null;",36,
org/apache/commons/net/examples/mail/IMAPExportMbox.java,441,NullifyInputVariable,"private static String matches(final String input, final Pattern pat, final int index) {","private static String matches(final String input, final Pattern pat, final int index) { pat = null;",37,
org/apache/commons/net/examples/mail/IMAPExportMbox.java,441,NullifyInputVariable,"private static String matches(final String input, final Pattern pat, final int index) {","private static String matches(final String input, final Pattern pat, final int index) { input = null;",38,
org/apache/commons/net/examples/mail/IMAPExportMbox.java,235,NullifyInputVariable,"public static void main(final String[] args) throws IOException, URISyntaxException {","public static void main(final String[] args) throws IOException, URISyntaxException { args = null;",39,
org/apache/commons/net/examples/mail/IMAPExportMbox.java,352,NullifyInputVariable,public void protocolReplyReceived(final ProtocolCommandEvent event) {,public void protocolReplyReceived(final ProtocolCommandEvent event) { event = null;,40,
org/apache/commons/net/examples/mail/IMAPExportMbox.java,115,NullifyInputVariable,public boolean chunkReceived(final IMAP imap) {,public boolean chunkReceived(final IMAP imap) { imap = null;,41,
org/apache/commons/net/examples/mail/IMAPExportMbox.java,386,RelationalOperatorReplacement,if (ok || retryWaitSecs <= 0 || mboxListener == null || !checkSequence) {,if (ok || retryWaitSecs > 0 || mboxListener == null || !checkSequence) {,88,
org/apache/commons/net/examples/mail/IMAPExportMbox.java,344,RelationalOperatorReplacement,if (path == null || path.length() < 1) {,if (path == null || path.length() >= 1) {,92,
org/apache/commons/net/examples/mail/IMAPExportMbox.java,335,RelationalOperatorReplacement,if (Files.exists(mboxPath) && Files.size(mboxPath) > 0) {,if (Files.exists(mboxPath) && Files.size(mboxPath) <= 0) {,94,
org/apache/commons/net/examples/mail/IMAPExportMbox.java,305,RelationalOperatorReplacement,if (i > 4) {,if (i <= 4) {,95,
org/apache/commons/net/examples/mail/IMAPExportMbox.java,304,RelationalOperatorReplacement,for (int i = 4; i <= argCount; i++) {,for (int i = 4; i > argCount; i++) {,96,
org/apache/commons/net/examples/mail/IMAPExportMbox.java,301,RelationalOperatorReplacement,if (argCount > 4) {,if (argCount <= 4) {,97,
org/apache/commons/net/examples/mail/IMAPExportMbox.java,300,RelationalOperatorReplacement,if (argCount > 3) {,if (argCount <= 3) {,98,
org/apache/commons/net/examples/mail/IMAPExportMbox.java,297,RelationalOperatorReplacement,"String sequenceSet = argCount > 2 ? args[argIdx++] : ""1:*"";","String sequenceSet = argCount <= 2 ? args[argIdx++] : ""1:*"";",99,
org/apache/commons/net/examples/mail/IMAPImportMbox.java,203,NullifyInputVariable,"private static boolean wanted(final int msgNum, final String line, final BitSet msgNums, final List<String> contains) {","private static boolean wanted(final int msgNum, final String line, final BitSet msgNums, final List<String> contains) { contains = null;",16,
org/apache/commons/net/examples/mail/IMAPImportMbox.java,203,NullifyInputVariable,"private static boolean wanted(final int msgNum, final String line, final BitSet msgNums, final List<String> contains) {","private static boolean wanted(final int msgNum, final String line, final BitSet msgNums, final List<String> contains) { msgNums = null;",17,
org/apache/commons/net/examples/mail/IMAPImportMbox.java,203,NullifyInputVariable,"private static boolean wanted(final int msgNum, final String line, final BitSet msgNums, final List<String> contains) {","private static boolean wanted(final int msgNum, final String line, final BitSet msgNums, final List<String> contains) { line = null;",18,
org/apache/commons/net/examples/mail/IMAPImportMbox.java,189,NullifyInputVariable,"private static boolean startsWith(final String input, final Pattern pat) {","private static boolean startsWith(final String input, final Pattern pat) { pat = null;",19,
org/apache/commons/net/examples/mail/IMAPImportMbox.java,189,NullifyInputVariable,"private static boolean startsWith(final String input, final Pattern pat) {","private static boolean startsWith(final String input, final Pattern pat) { input = null;",20,
org/apache/commons/net/examples/mail/IMAPImportMbox.java,175,NullifyInputVariable,"private static boolean process(final StringBuilder sb, final IMAPClient imap, final String folder, final int msgNum) throws IOException {","private static boolean process(final StringBuilder sb, final IMAPClient imap, final String folder, final int msgNum) throws IOException { folder = null;",21,
org/apache/commons/net/examples/mail/IMAPImportMbox.java,175,NullifyInputVariable,"private static boolean process(final StringBuilder sb, final IMAPClient imap, final String folder, final int msgNum) throws IOException {","private static boolean process(final StringBuilder sb, final IMAPClient imap, final String folder, final int msgNum) throws IOException { imap = null;",22,
org/apache/commons/net/examples/mail/IMAPImportMbox.java,175,NullifyInputVariable,"private static boolean process(final StringBuilder sb, final IMAPClient imap, final String folder, final int msgNum) throws IOException {","private static boolean process(final StringBuilder sb, final IMAPClient imap, final String folder, final int msgNum) throws IOException { sb = null;",23,
org/apache/commons/net/examples/mail/IMAPImportMbox.java,84,NullifyInputVariable,public static void main(final String[] args) throws IOException {,public static void main(final String[] args) throws IOException { args = null;,24,
org/apache/commons/net/examples/mail/IMAPImportMbox.java,75,NullifyInputVariable,"private static boolean listContains(final List<String> contains, final String string) {","private static boolean listContains(final List<String> contains, final String string) { string = null;",25,
org/apache/commons/net/examples/mail/IMAPImportMbox.java,75,NullifyInputVariable,"private static boolean listContains(final List<String> contains, final String string) {","private static boolean listContains(final List<String> contains, final String string) { contains = null;",26,
org/apache/commons/net/examples/mail/IMAPImportMbox.java,55,NullifyInputVariable,private static String getDate(final String msg) {,private static String getDate(final String msg) { msg = null;,27,
org/apache/commons/net/examples/mail/IMAPImportMbox.java,177,RelationalOperatorReplacement,final boolean haveMessage = length > 2;,final boolean haveMessage = length <= 2;,51,
org/apache/commons/net/examples/mail/IMAPImportMbox.java,117,RelationalOperatorReplacement,for (int j = low; j <= high; j++) {,for (int j = low; j > high; j++) {,53,
org/apache/commons/net/examples/mail/IMAPImportMbox.java,109,RelationalOperatorReplacement,for (int i = 2; i < args.length; i++) {,for (int i = 2; i >= args.length; i++) {,55,
org/apache/commons/net/examples/mail/IMAPImportMbox.java,101,RelationalOperatorReplacement,if (path == null || path.length() < 1) {,if (path == null || path.length() >= 1) {,56,
org/apache/commons/net/examples/mail/IMAPImportMbox.java,85,RelationalOperatorReplacement,if (args.length < 2) {,if (args.length >= 2) {,58,
org/apache/commons/net/examples/mail/IMAPMail.java,39,NullifyInputVariable,public static void main(final String[] args) throws IOException {,public static void main(final String[] args) throws IOException { args = null;,1,
org/apache/commons/net/examples/mail/IMAPUtils.java,41,NullifyInputVariable,"static IMAPClient imapLogin(final URI uri, final int defaultTimeout, final ProtocolCommandListener listener) throws IOException {","static IMAPClient imapLogin(final URI uri, final int defaultTimeout, final ProtocolCommandListener listener) throws IOException { listener = null;",4,
org/apache/commons/net/examples/mail/IMAPUtils.java,41,NullifyInputVariable,"static IMAPClient imapLogin(final URI uri, final int defaultTimeout, final ProtocolCommandListener listener) throws IOException {","static IMAPClient imapLogin(final URI uri, final int defaultTimeout, final ProtocolCommandListener listener) throws IOException { uri = null;",5,
org/apache/commons/net/examples/mail/POP3ExportMbox.java,170,NullifyInputVariable,"private static void writeMbox(final POP3Client pop3, final OutputStreamWriter fw, final int i) throws IOException {","private static void writeMbox(final POP3Client pop3, final OutputStreamWriter fw, final int i) throws IOException { fw = null;",10,
org/apache/commons/net/examples/mail/POP3ExportMbox.java,170,NullifyInputVariable,"private static void writeMbox(final POP3Client pop3, final OutputStreamWriter fw, final int i) throws IOException {","private static void writeMbox(final POP3Client pop3, final OutputStreamWriter fw, final int i) throws IOException { pop3 = null;",11,
org/apache/commons/net/examples/mail/POP3ExportMbox.java,160,NullifyInputVariable,"private static void writeFile(final POP3Client pop3, final OutputStreamWriter fw, final int i) throws IOException {","private static void writeFile(final POP3Client pop3, final OutputStreamWriter fw, final int i) throws IOException { fw = null;",12,
org/apache/commons/net/examples/mail/POP3ExportMbox.java,160,NullifyInputVariable,"private static void writeFile(final POP3Client pop3, final OutputStreamWriter fw, final int i) throws IOException {","private static void writeFile(final POP3Client pop3, final OutputStreamWriter fw, final int i) throws IOException { pop3 = null;",13,
org/apache/commons/net/examples/mail/POP3ExportMbox.java,155,NullifyInputVariable,"private static boolean startsWith(final String input, final Pattern pat) {","private static boolean startsWith(final String input, final Pattern pat) { pat = null;",14,
org/apache/commons/net/examples/mail/POP3ExportMbox.java,155,NullifyInputVariable,"private static boolean startsWith(final String input, final Pattern pat) {","private static boolean startsWith(final String input, final Pattern pat) { input = null;",15,
org/apache/commons/net/examples/mail/POP3ExportMbox.java,49,NullifyInputVariable,public static void main(final String[] args) {,public static void main(final String[] args) { args = null;,16,
org/apache/commons/net/examples/mail/POP3ExportMbox.java,141,RelationalOperatorReplacement,for (int i = 1; i <= count; i++) {,for (int i = 1; i > count; i++) {,43,
org/apache/commons/net/examples/mail/POP3ExportMbox.java,131,RelationalOperatorReplacement,for (int i = 1; i <= count; i++) {,for (int i = 1; i > count; i++) {,44,
org/apache/commons/net/examples/mail/POP3ExportMbox.java,78,RelationalOperatorReplacement,final boolean implicit = argCount > 4 && Boolean.parseBoolean(args[argIdx++]);,final boolean implicit = argCount <= 4 && Boolean.parseBoolean(args[argIdx++]);,49,
org/apache/commons/net/examples/mail/POP3ExportMbox.java,77,RelationalOperatorReplacement,final String proto = argCount > 3 ? args[argIdx++] : null;,final String proto = argCount <= 3 ? args[argIdx++] : null;,50,
org/apache/commons/net/examples/mail/POP3ExportMbox.java,60,RelationalOperatorReplacement,if (argCount < 3) {,if (argCount >= 3) {,51,
org/apache/commons/net/examples/mail/POP3ExportMbox.java,52,RelationalOperatorReplacement,for (argIdx = 0; argIdx < args.length; argIdx++) {,for (argIdx = 0; argIdx >= args.length; argIdx++) {,52,
org/apache/commons/net/examples/mail/POP3Mail.java,143,NullifyInputVariable,"public static void printMessageInfo(final BufferedReader reader, final int id) throws IOException {","public static void printMessageInfo(final BufferedReader reader, final int id) throws IOException { reader = null;",10,
org/apache/commons/net/examples/mail/POP3Mail.java,38,NullifyInputVariable,public static void main(final String[] args) {,public static void main(final String[] args) { args = null;,11,
org/apache/commons/net/examples/mail/POP3Mail.java,57,RelationalOperatorReplacement,final boolean implicit = args.length > 4 && Boolean.parseBoolean(args[4]);,final boolean implicit = args.length <= 4 && Boolean.parseBoolean(args[4]);,24,
org/apache/commons/net/examples/mail/POP3Mail.java,56,RelationalOperatorReplacement,final String proto = args.length > 3 ? args[3] : null;,final String proto = args.length <= 3 ? args[3] : null;,25,
org/apache/commons/net/examples/mail/POP3Mail.java,39,RelationalOperatorReplacement,if (args.length < 3) {,if (args.length >= 3) {,26,
org/apache/commons/net/examples/mail/SMTPMail.java,58,RelationalOperatorReplacement,if (args.length < 1) {,if (args.length >= 1) {,17,
org/apache/commons/net/examples/mail/SMTPMail.java,44,NullifyInputVariable,public static void main(final String[] args) {,public static void main(final String[] args) { args = null;,6,
org/apache/commons/net/examples/mail/Utils.java,42,NullifyInputVariable,"static String getPassword(final String user, String password) throws IOException {","static String getPassword(final String user, String password) throws IOException { user = null;",4,
org/apache/commons/net/examples/nntp/ArticleReader.java,34,NullifyInputVariable,"public static void main(final String[] args) throws SocketException, IOException {","public static void main(final String[] args) throws SocketException, IOException { args = null;",10,
org/apache/commons/net/examples/nntp/ArticleReader.java,44,RelationalOperatorReplacement,final String articleSpec = args.length >= 3 ? args[2] : null;,final String articleSpec = args.length < 3 ? args[2] : null;,22,
org/apache/commons/net/examples/nntp/ExtendedNNTPOps.java,43,RelationalOperatorReplacement,"ops.demo(args[0], argc >= 3 ? args[1] : null, argc >= 3 ? args[2] : null);","ops.demo(args[0], argc >= 3 ? args[1] : null, argc < 3 ? args[2] : null);",17,
org/apache/commons/net/examples/nntp/ExtendedNNTPOps.java,43,RelationalOperatorReplacement,"ops.demo(args[0], argc >= 3 ? args[1] : null, argc >= 3 ? args[2] : null);","ops.demo(args[0], argc < 3 ? args[1] : null, argc >= 3 ? args[2] : null);",18,
org/apache/commons/net/examples/nntp/ExtendedNNTPOps.java,37,RelationalOperatorReplacement,if (argc < 1) {,if (argc >= 1) {,19,
org/apache/commons/net/examples/nntp/ExtendedNNTPOps.java,53,NullifyInputVariable,"private void demo(final String host, final String user, final String password) {","private void demo(final String host, final String user, final String password) { password = null;",5,
org/apache/commons/net/examples/nntp/ExtendedNNTPOps.java,53,NullifyInputVariable,"private void demo(final String host, final String user, final String password) {","private void demo(final String host, final String user, final String password) { user = null;",6,
org/apache/commons/net/examples/nntp/ExtendedNNTPOps.java,53,NullifyInputVariable,"private void demo(final String host, final String user, final String password) {","private void demo(final String host, final String user, final String password) { host = null;",7,
org/apache/commons/net/examples/nntp/ExtendedNNTPOps.java,33,NullifyInputVariable,public static void main(final String[] args) {,public static void main(final String[] args) { args = null;,8,
org/apache/commons/net/examples/nntp/ListNewsgroups.java,33,NullifyInputVariable,public static void main(final String[] args) {,public static void main(final String[] args) { args = null;,1,
org/apache/commons/net/examples/nntp/ListNewsgroups.java,40,RelationalOperatorReplacement,"final String pattern = args.length >= 2 ? args[1] : """";","final String pattern = args.length < 2 ? args[1] : """";",6,
org/apache/commons/net/examples/nntp/ListNewsgroups.java,34,RelationalOperatorReplacement,if (args.length < 1) {,if (args.length >= 1) {,7,
org/apache/commons/net/examples/nntp/MessageThreading.java,34,NullifyInputVariable,"public static void main(final String[] args) throws SocketException, IOException {","public static void main(final String[] args) throws SocketException, IOException { args = null;",5,
org/apache/commons/net/examples/nntp/NNTPUtils.java,40,NullifyInputVariable,"public static List<Article> getArticleInfo(final NNTPClient client, final long lowArticleNumber, final long highArticleNumber) throws IOException {","public static List<Article> getArticleInfo(final NNTPClient client, final long lowArticleNumber, final long highArticleNumber) throws IOException { client = null;",1,
org/apache/commons/net/examples/nntp/PostMessage.java,43,NullifyInputVariable,public static void main(final String[] args) {,public static void main(final String[] args) { args = null;,10,
org/apache/commons/net/examples/nntp/PostMessage.java,56,RelationalOperatorReplacement,if (args.length < 1) {,if (args.length >= 1) {,21,
org/apache/commons/net/examples/ntp/NTPClient.java,82,NullifyInputVariable,public static void processResponse(final TimeInfo info) {,public static void processResponse(final TimeInfo info) { info = null;,12,
org/apache/commons/net/examples/ntp/NTPClient.java,48,NullifyInputVariable,public static void main(final String[] args) {,public static void main(final String[] args) { args = null;,13,
org/apache/commons/net/examples/ntp/NTPClient.java,136,RelationalOperatorReplacement,if (refName != null && refName.length() > 1) {,if (refName != null && refName.length() <= 1) {,20,
org/apache/commons/net/examples/ntp/NTPClient.java,130,RelationalOperatorReplacement,} else if (version >= 3 && (stratum == 0 || stratum == 1)) {,} else if (version < 3 && (stratum == 0 || stratum == 1)) {,24,
org/apache/commons/net/examples/ntp/NTPClient.java,112,RelationalOperatorReplacement,} else if (stratum >= 2) {,} else if (stratum < 2) {,26,
org/apache/commons/net/examples/ntp/NTPClient.java,102,RelationalOperatorReplacement,"System.out.println("" poll: "" + (poll <= 0 ? 1 : (int) Math.pow(2, poll)) + "" seconds"" + "" (2 ** "" + poll + "")"");","System.out.println("" poll: "" + (poll > 0 ? 1 : (int) Math.pow(2, poll)) + "" seconds"" + "" (2 ** "" + poll + "")"");",28,
org/apache/commons/net/examples/ntp/NTPClient.java,86,RelationalOperatorReplacement,if (stratum <= 0) {,if (stratum > 0) {,30,
org/apache/commons/net/examples/ntp/SimpleNTPServer.java,74,RelationalOperatorReplacement,if (port < 0) {,if (port >= 0) {,33,
org/apache/commons/net/examples/ntp/SimpleNTPServer.java,108,NullifyInputVariable,"protected void handlePacket(final DatagramPacket request, final long rcvTime) throws IOException {","protected void handlePacket(final DatagramPacket request, final long rcvTime) throws IOException { request = null;",6,
org/apache/commons/net/examples/ntp/SimpleNTPServer.java,37,NullifyInputVariable,public static void main(final String[] args) {,public static void main(final String[] args) { args = null;,7,
org/apache/commons/net/examples/ntp/TimeClient.java,72,NullifyInputVariable,public static void timeUDP(final String host) throws IOException {,public static void timeUDP(final String host) throws IOException { host = null;,2,
org/apache/commons/net/examples/ntp/TimeClient.java,60,NullifyInputVariable,public static void timeTCP(final String host) throws IOException {,public static void timeTCP(final String host) throws IOException { host = null;,3,
org/apache/commons/net/examples/ntp/TimeClient.java,37,NullifyInputVariable,public static void main(final String[] args) {,public static void main(final String[] args) { args = null;,4,
org/apache/commons/net/examples/telnet/TelnetClientExample.java,255,RelationalOperatorReplacement,} while (readCount >= 0);,} while (readCount < 0);,25,
org/apache/commons/net/examples/telnet/TelnetClientExample.java,252,RelationalOperatorReplacement,if (readCount > 0) {,if (readCount <= 0) {,26,
org/apache/commons/net/examples/telnet/TelnetClientExample.java,193,RelationalOperatorReplacement,} while (readCount > 0 && !end_loop);,} while (readCount <= 0 && !end_loop);,27,
org/apache/commons/net/examples/telnet/TelnetClientExample.java,128,RelationalOperatorReplacement,for (int ii = 0; ii < 25; ii++) {,for (int ii = 0; ii >= 25; ii++) {,29,
org/apache/commons/net/examples/telnet/TelnetClientExample.java,115,RelationalOperatorReplacement,if (readCount > 0) {,if (readCount <= 0) {,30,
org/apache/commons/net/examples/telnet/TelnetClientExample.java,64,RelationalOperatorReplacement,if (args.length > 1) {,if (args.length <= 1) {,31,
org/apache/commons/net/examples/telnet/TelnetClientExample.java,55,RelationalOperatorReplacement,if (args.length < 1) {,if (args.length >= 1) {,32,
org/apache/commons/net/examples/telnet/TelnetClientExample.java,52,NullifyInputVariable,public static void main(final String[] args) throws Exception {,public static void main(final String[] args) throws Exception { args = null;,5,
org/apache/commons/net/examples/telnet/WeatherTelnet.java,35,NullifyInputVariable,public static void main(final String[] args) {,public static void main(final String[] args) { args = null;,1,
org/apache/commons/net/examples/unix/chargen.java,77,RelationalOperatorReplacement,while (packets-- > 0) {,while (packets-- <= 0) {,17,
org/apache/commons/net/examples/unix/chargen.java,54,RelationalOperatorReplacement,while (lines-- > 0) {,while (lines-- <= 0) {,19,
org/apache/commons/net/examples/unix/chargen.java,103,NullifyInputVariable,public static void main(final String[] args) {,public static void main(final String[] args) { args = null;,3,
org/apache/commons/net/examples/unix/chargen.java,64,NullifyInputVariable,public static void chargenUDP(final String host) throws IOException {,public static void chargenUDP(final String host) throws IOException { host = null;,4,
org/apache/commons/net/examples/unix/chargen.java,41,NullifyInputVariable,public static void chargenTCP(final String host) throws IOException {,public static void chargenTCP(final String host) throws IOException { host = null;,5,
org/apache/commons/net/examples/unix/daytime.java,55,NullifyInputVariable,public static void main(final String[] args) {,public static void main(final String[] args) { args = null;,2,
org/apache/commons/net/examples/unix/daytime.java,45,NullifyInputVariable,public static void daytimeUDP(final String host) throws IOException {,public static void daytimeUDP(final String host) throws IOException { host = null;,3,
org/apache/commons/net/examples/unix/daytime.java,35,NullifyInputVariable,public static void daytimeTCP(final String host) throws IOException {,public static void daytimeTCP(final String host) throws IOException { host = null;,4,
org/apache/commons/net/examples/unix/echo.java,110,RelationalOperatorReplacement,} while (count < data.length);,} while (count >= data.length);,24,
org/apache/commons/net/examples/unix/echo.java,118,NullifyInputVariable,public static void main(final String[] args) {,public static void main(final String[] args) { args = null;,5,
org/apache/commons/net/examples/unix/echo.java,68,NullifyInputVariable,public static void echoUDP(final String host) throws IOException {,public static void echoUDP(final String host) throws IOException { host = null;,6,
org/apache/commons/net/examples/unix/echo.java,44,NullifyInputVariable,public static void echoTCP(final String host) throws IOException {,public static void echoTCP(final String host) throws IOException { host = null;,7,
org/apache/commons/net/examples/unix/finger.java,79,RelationalOperatorReplacement,while (arg < args.length) {,while (arg >= args.length) {,11,
org/apache/commons/net/examples/unix/finger.java,56,RelationalOperatorReplacement,if (arg >= args.length) {,if (arg < args.length) {,12,
org/apache/commons/net/examples/unix/finger.java,42,RelationalOperatorReplacement,"while (arg < args.length && args[arg].startsWith(""-"")) {","while (arg >= args.length && args[arg].startsWith(""-"")) {",13,
org/apache/commons/net/examples/unix/finger.java,34,NullifyInputVariable,public static void main(final String[] args) {,public static void main(final String[] args) { args = null;,3,
org/apache/commons/net/examples/unix/fwhois.java,31,NullifyInputVariable,public static void main(final String[] args) {,public static void main(final String[] args) { args = null;,2,
org/apache/commons/net/examples/unix/rdate.java,69,NullifyInputVariable,public static void timeUDP(final String host) throws IOException {,public static void timeUDP(final String host) throws IOException { host = null;,2,
org/apache/commons/net/examples/unix/rdate.java,59,NullifyInputVariable,public static void timeTCP(final String host) throws IOException {,public static void timeTCP(final String host) throws IOException { host = null;,3,
org/apache/commons/net/examples/unix/rdate.java,36,NullifyInputVariable,public static void main(final String[] args) {,public static void main(final String[] args) { args = null;,4,
org/apache/commons/net/examples/unix/rexec.java,38,NullifyInputVariable,public static void main(final String[] args) {,public static void main(final String[] args) { args = null;,1,
org/apache/commons/net/examples/unix/rlogin.java,45,NullifyInputVariable,public static void main(final String[] args) {,public static void main(final String[] args) { args = null;,1,
org/apache/commons/net/examples/unix/rshell.java,40,NullifyInputVariable,public static void main(final String[] args) {,public static void main(final String[] args) { args = null;,1,
org/apache/commons/net/examples/util/IOUtil.java,36,NullifyInputVariable,"public static void readWrite(final InputStream remoteInput, final OutputStream remoteOutput, final InputStream localInput, final OutputStream localOutput) {","public static void readWrite(final InputStream remoteInput, final OutputStream remoteOutput, final InputStream localInput, final OutputStream localOutput) { localOutput = null;",4,
org/apache/commons/net/examples/util/IOUtil.java,36,NullifyInputVariable,"public static void readWrite(final InputStream remoteInput, final OutputStream remoteOutput, final InputStream localInput, final OutputStream localOutput) {","public static void readWrite(final InputStream remoteInput, final OutputStream remoteOutput, final InputStream localInput, final OutputStream localOutput) { localInput = null;",5,
org/apache/commons/net/examples/util/IOUtil.java,36,NullifyInputVariable,"public static void readWrite(final InputStream remoteInput, final OutputStream remoteOutput, final InputStream localInput, final OutputStream localOutput) {","public static void readWrite(final InputStream remoteInput, final OutputStream remoteOutput, final InputStream localInput, final OutputStream localOutput) { remoteOutput = null;",6,
org/apache/commons/net/examples/util/IOUtil.java,36,NullifyInputVariable,"public static void readWrite(final InputStream remoteInput, final OutputStream remoteOutput, final InputStream localInput, final OutputStream localOutput) {","public static void readWrite(final InputStream remoteInput, final OutputStream remoteOutput, final InputStream localInput, final OutputStream localOutput) { remoteInput = null;",7,
org/apache/commons/net/finger/FingerClient.java,144,NullifyInputVariable,"public String query(final boolean longOutput, final String user) throws IOException {","public String query(final boolean longOutput, final String user) throws IOException { user = null;",1,
org/apache/commons/net/finger/FingerClient.java,151,RelationalOperatorReplacement,if (read <= 0) {,if (read > 0) {,18,
org/apache/commons/net/finger/FingerClient.java,103,NullifyInputVariable,"public InputStream getInputStream(final boolean longOutput, final String user, final String encoding) throws IOException {","public InputStream getInputStream(final boolean longOutput, final String user, final String encoding) throws IOException { encoding = null;",2,
org/apache/commons/net/finger/FingerClient.java,103,NullifyInputVariable,"public InputStream getInputStream(final boolean longOutput, final String user, final String encoding) throws IOException {","public InputStream getInputStream(final boolean longOutput, final String user, final String encoding) throws IOException { user = null;",3,
org/apache/commons/net/finger/FingerClient.java,89,NullifyInputVariable,"public InputStream getInputStream(final boolean longOutput, final String user) throws IOException {","public InputStream getInputStream(final boolean longOutput, final String user) throws IOException { user = null;",4,
org/apache/commons/net/ftp/DelegateSocket.java,59,NullifyInputVariable,"public void connect(final SocketAddress endpoint, final int timeout) throws IOException {","public void connect(final SocketAddress endpoint, final int timeout) throws IOException { endpoint = null;",1,
org/apache/commons/net/ftp/DelegateSocket.java,54,NullifyInputVariable,public void connect(final SocketAddress endpoint) throws IOException {,public void connect(final SocketAddress endpoint) throws IOException { endpoint = null;,2,
org/apache/commons/net/ftp/DelegateSocket.java,44,NullifyInputVariable,public void bind(final SocketAddress bindpoint) throws IOException {,public void bind(final SocketAddress bindpoint) throws IOException { bindpoint = null;,3,
org/apache/commons/net/ftp/DurationUtils.java,37,RelationalOperatorReplacement,"return millis > 0 ? (int) Math.min(millis, Integer.MAX_VALUE) : (int) Math.max(millis, Integer.MIN_VALUE);","return millis <= 0 ? (int) Math.min(millis, Integer.MAX_VALUE) : (int) Math.max(millis, Integer.MIN_VALUE);",16,
org/apache/commons/net/ftp/DurationUtils.java,40,NullifyInputVariable,static Duration zeroIfNull(final Duration controlIdle) {,static Duration zeroIfNull(final Duration controlIdle) { controlIdle = null;,7,
org/apache/commons/net/ftp/DurationUtils.java,35,NullifyInputVariable,static int toMillisInt(final Duration duration) {,static int toMillisInt(final Duration duration) { duration = null;,8,
org/apache/commons/net/ftp/DurationUtils.java,31,NullifyInputVariable,static boolean isPositive(final Duration duration) {,static boolean isPositive(final Duration duration) { duration = null;,9,
org/apache/commons/net/ftp/FTP.java,1484,NullifyInputVariable,public int user(final String user) throws IOException {,public int user(final String user) throws IOException { user = null;,19,
org/apache/commons/net/ftp/FTP.java,1405,NullifyInputVariable,"private boolean strictCheck(final String line, final String code) {","private boolean strictCheck(final String line, final String code) { code = null;",20,
org/apache/commons/net/ftp/FTP.java,1405,NullifyInputVariable,"private boolean strictCheck(final String line, final String code) {","private boolean strictCheck(final String line, final String code) { line = null;",21,
org/apache/commons/net/ftp/FTP.java,1400,NullifyInputVariable,public int stou(final String pathname) throws IOException {,public int stou(final String pathname) throws IOException { pathname = null;,22,
org/apache/commons/net/ftp/FTP.java,1369,NullifyInputVariable,public int stor(final String pathname) throws IOException {,public int stor(final String pathname) throws IOException { pathname = null;,23,
org/apache/commons/net/ftp/FTP.java,1353,NullifyInputVariable,public int stat(final String pathname) throws IOException {,public int stat(final String pathname) throws IOException { pathname = null;,24,
org/apache/commons/net/ftp/FTP.java,759,RelationalOperatorReplacement,return !(line.length() > REPLY_CODE_LEN && line.charAt(REPLY_CODE_LEN) != '-' && Character.isDigit(line.charAt(0)));,return !(line.length() <= REPLY_CODE_LEN && line.charAt(REPLY_CODE_LEN) != '-' && Character.isDigit(line.charAt(0)));,247,
org/apache/commons/net/ftp/FTP.java,1326,NullifyInputVariable,public int smnt(final String dir) throws IOException {,public int smnt(final String dir) throws IOException { dir = null;,25,
org/apache/commons/net/ftp/FTP.java,614,RelationalOperatorReplacement,if (length > REPLY_CODE_LEN) {,if (length <= REPLY_CODE_LEN) {,253,
org/apache/commons/net/ftp/FTP.java,599,RelationalOperatorReplacement,if (length < REPLY_CODE_LEN) {,if (length >= REPLY_CODE_LEN) {,254,
org/apache/commons/net/ftp/FTP.java,508,RelationalOperatorReplacement,if (num > 0) {,if (num <= 0) {,256,
org/apache/commons/net/ftp/FTP.java,430,RelationalOperatorReplacement,if (index >= MODES.length()) {,if (index < MODES.length()) {,257,
org/apache/commons/net/ftp/FTP.java,279,RelationalOperatorReplacement,if (connectTimeout > 0) { // NET-385,if (connectTimeout <= 0) { // NET-385,259,
org/apache/commons/net/ftp/FTP.java,1312,NullifyInputVariable,public int size(final String parameters) throws IOException {,public int size(final String parameters) throws IOException { parameters = null;,26,
org/apache/commons/net/ftp/FTP.java,1297,NullifyInputVariable,public int site(final String parameters) throws IOException {,public int site(final String parameters) throws IOException { parameters = null;,27,
org/apache/commons/net/ftp/FTP.java,1258,NullifyInputVariable,public void setControlEncoding(final String encoding) {,public void setControlEncoding(final String encoding) { encoding = null;,28,
org/apache/commons/net/ftp/FTP.java,1240,NullifyInputVariable,"public int sendCommand(final String command, final String args) throws IOException {","public int sendCommand(final String command, final String args) throws IOException { args = null;",29,
org/apache/commons/net/ftp/FTP.java,1240,NullifyInputVariable,"public int sendCommand(final String command, final String args) throws IOException {","public int sendCommand(final String command, final String args) throws IOException { command = null;",30,
org/apache/commons/net/ftp/FTP.java,1224,NullifyInputVariable,public int sendCommand(final String command) throws IOException {,public int sendCommand(final String command) throws IOException { command = null;,31,
org/apache/commons/net/ftp/FTP.java,1209,NullifyInputVariable,"public int sendCommand(final int command, final String args) throws IOException {","public int sendCommand(final int command, final String args) throws IOException { args = null;",32,
org/apache/commons/net/ftp/FTP.java,1176,NullifyInputVariable,"public int sendCommand(final FTPCmd command, final String args) throws IOException {","public int sendCommand(final FTPCmd command, final String args) throws IOException { args = null;",33,
org/apache/commons/net/ftp/FTP.java,1176,NullifyInputVariable,"public int sendCommand(final FTPCmd command, final String args) throws IOException {","public int sendCommand(final FTPCmd command, final String args) throws IOException { command = null;",34,
org/apache/commons/net/ftp/FTP.java,1159,NullifyInputVariable,public int sendCommand(final FTPCmd command) throws IOException {,public int sendCommand(final FTPCmd command) throws IOException { command = null;,35,
org/apache/commons/net/ftp/FTP.java,1135,NullifyInputVariable,"private void send(final String message) throws IOException, FTPConnectionClosedException, SocketException {","private void send(final String message) throws IOException, FTPConnectionClosedException, SocketException { message = null;",36,
org/apache/commons/net/ftp/FTP.java,1131,NullifyInputVariable,public int rnto(final String pathname) throws IOException {,public int rnto(final String pathname) throws IOException { pathname = null;,37,
org/apache/commons/net/ftp/FTP.java,1117,NullifyInputVariable,public int rnfr(final String pathname) throws IOException {,public int rnfr(final String pathname) throws IOException { pathname = null;,38,
org/apache/commons/net/ftp/FTP.java,1103,NullifyInputVariable,public int rmd(final String pathname) throws IOException {,public int rmd(final String pathname) throws IOException { pathname = null;,39,
org/apache/commons/net/ftp/FTP.java,1089,NullifyInputVariable,public int retr(final String pathname) throws IOException {,public int retr(final String pathname) throws IOException { pathname = null;,40,
org/apache/commons/net/ftp/FTP.java,1073,NullifyInputVariable,public int rest(final String marker) throws IOException {,public int rest(final String marker) throws IOException { marker = null;,41,
org/apache/commons/net/ftp/FTP.java,1009,NullifyInputVariable,"public int port(final InetAddress host, final int port) throws IOException {","public int port(final InetAddress host, final int port) throws IOException { host = null;",42,
org/apache/commons/net/ftp/FTP.java,980,NullifyInputVariable,public int pass(final String password) throws IOException {,public int pass(final String password) throws IOException { password = null;,43,
org/apache/commons/net/ftp/FTP.java,953,NullifyInputVariable,public int nlst(final String pathname) throws IOException {,public int nlst(final String pathname) throws IOException { pathname = null;,44,
org/apache/commons/net/ftp/FTP.java,898,NullifyInputVariable,public int mlst(final String path) throws IOException {,public int mlst(final String path) throws IOException { path = null;,45,
org/apache/commons/net/ftp/FTP.java,865,NullifyInputVariable,public int mlsd(final String path) throws IOException {,public int mlsd(final String path) throws IOException { path = null;,46,
org/apache/commons/net/ftp/FTP.java,832,NullifyInputVariable,public int mkd(final String pathname) throws IOException {,public int mkd(final String pathname) throws IOException { pathname = null;,47,
org/apache/commons/net/ftp/FTP.java,818,NullifyInputVariable,"public int mfmt(final String pathname, final String timeval) throws IOException {","public int mfmt(final String pathname, final String timeval) throws IOException { timeval = null;",48,
org/apache/commons/net/ftp/FTP.java,818,NullifyInputVariable,"public int mfmt(final String pathname, final String timeval) throws IOException {","public int mfmt(final String pathname, final String timeval) throws IOException { pathname = null;",49,
org/apache/commons/net/ftp/FTP.java,801,NullifyInputVariable,public int mdtm(final String file) throws IOException {,public int mdtm(final String file) throws IOException { file = null;,50,
org/apache/commons/net/ftp/FTP.java,789,NullifyInputVariable,public int list(final String pathname) throws IOException {,public int list(final String pathname) throws IOException { pathname = null;,51,
org/apache/commons/net/ftp/FTP.java,758,NullifyInputVariable,private boolean lenientCheck(final String line) {,private boolean lenientCheck(final String line) { line = null;,52,
org/apache/commons/net/ftp/FTP.java,726,NullifyInputVariable,public int help(final String command) throws IOException {,public int help(final String command) throws IOException { command = null;,53,
org/apache/commons/net/ftp/FTP.java,500,NullifyInputVariable,"public int eprt(final InetAddress host, final int port) throws IOException {","public int eprt(final InetAddress host, final int port) throws IOException { host = null;",54,
org/apache/commons/net/ftp/FTP.java,460,NullifyInputVariable,public int dele(final String pathname) throws IOException {,public int dele(final String pathname) throws IOException { pathname = null;,55,
org/apache/commons/net/ftp/FTP.java,446,NullifyInputVariable,public int cwd(final String directory) throws IOException {,public int cwd(final String directory) throws IOException { directory = null;,56,
org/apache/commons/net/ftp/FTP.java,405,NullifyInputVariable,"private String buildMessage(final String command, final String args) {","private String buildMessage(final String command, final String args) { args = null;",57,
org/apache/commons/net/ftp/FTP.java,405,NullifyInputVariable,"private String buildMessage(final String command, final String args) {","private String buildMessage(final String command, final String args) { command = null;",58,
org/apache/commons/net/ftp/FTP.java,401,NullifyInputVariable,public int appe(final String pathname) throws IOException {,public int appe(final String pathname) throws IOException { pathname = null;,59,
org/apache/commons/net/ftp/FTP.java,327,NullifyInputVariable,public int acct(final String account) throws IOException {,public int acct(final String account) throws IOException { account = null;,60,
org/apache/commons/net/ftp/FTP.java,271,NullifyInputVariable,protected void _connectAction_(final Reader socketIsReader) throws IOException {,protected void _connectAction_(final Reader socketIsReader) throws IOException { socketIsReader = null;,61,
org/apache/commons/net/ftp/FTPClient.java,3280,NullifyInputVariable,"private OutputStream storeFileStream(final FTPCmd command, final String remote) throws IOException {","private OutputStream storeFileStream(final FTPCmd command, final String remote) throws IOException { command = null;",100,
org/apache/commons/net/ftp/FTPClient.java,3276,NullifyInputVariable,"public boolean storeFile(final String remote, final InputStream local) throws IOException {","public boolean storeFile(final String remote, final InputStream local) throws IOException { local = null;",101,
org/apache/commons/net/ftp/FTPClient.java,3276,NullifyInputVariable,"public boolean storeFile(final String remote, final InputStream local) throws IOException {","public boolean storeFile(final String remote, final InputStream local) throws IOException { remote = null;",102,
org/apache/commons/net/ftp/FTPClient.java,3255,NullifyInputVariable,"private boolean storeFile(final FTPCmd command, final String remote, final InputStream local) throws IOException {","private boolean storeFile(final FTPCmd command, final String remote, final InputStream local) throws IOException { local = null;",103,
org/apache/commons/net/ftp/FTPClient.java,3255,NullifyInputVariable,"private boolean storeFile(final FTPCmd command, final String remote, final InputStream local) throws IOException {","private boolean storeFile(final FTPCmd command, final String remote, final InputStream local) throws IOException { remote = null;",104,
org/apache/commons/net/ftp/FTPClient.java,3255,NullifyInputVariable,"private boolean storeFile(final FTPCmd command, final String remote, final InputStream local) throws IOException {","private boolean storeFile(final FTPCmd command, final String remote, final InputStream local) throws IOException { command = null;",105,
org/apache/commons/net/ftp/FTPClient.java,3209,NullifyInputVariable,public void setReportActiveExternalIPAddress(final String ipAddress) throws UnknownHostException {,public void setReportActiveExternalIPAddress(final String ipAddress) throws UnknownHostException { ipAddress = null;,106,
org/apache/commons/net/ftp/FTPClient.java,3177,NullifyInputVariable,public void setPassiveNatWorkaroundStrategy(final HostnameResolver resolver) {,public void setPassiveNatWorkaroundStrategy(final HostnameResolver resolver) { resolver = null;,107,
org/apache/commons/net/ftp/FTPClient.java,3150,NullifyInputVariable,public void setPassiveLocalIPAddress(final String ipAddress) throws UnknownHostException {,public void setPassiveLocalIPAddress(final String ipAddress) throws UnknownHostException { ipAddress = null;,108,
org/apache/commons/net/ftp/FTPClient.java,3140,NullifyInputVariable,public void setPassiveLocalIPAddress(final InetAddress inetAddress) {,public void setPassiveLocalIPAddress(final InetAddress inetAddress) { inetAddress = null;,109,
org/apache/commons/net/ftp/FTPClient.java,3131,NullifyInputVariable,public void setParserFactory(final FTPFileEntryParserFactory parserFactory) {,public void setParserFactory(final FTPFileEntryParserFactory parserFactory) { parserFactory = null;,110,
org/apache/commons/net/ftp/FTPClient.java,3119,NullifyInputVariable,"public boolean setModificationTime(final String pathname, final String timeval) throws IOException {","public boolean setModificationTime(final String pathname, final String timeval) throws IOException { timeval = null;",111,
org/apache/commons/net/ftp/FTPClient.java,3119,NullifyInputVariable,"public boolean setModificationTime(final String pathname, final String timeval) throws IOException {","public boolean setModificationTime(final String pathname, final String timeval) throws IOException { pathname = null;",112,
org/apache/commons/net/ftp/FTPClient.java,2968,NullifyInputVariable,public void setDataTimeout(final Duration timeout) {,public void setDataTimeout(final Duration timeout) { timeout = null;,113,
org/apache/commons/net/ftp/FTPClient.java,2954,NullifyInputVariable,public void setCopyStreamListener(final CopyStreamListener listener) {,public void setCopyStreamListener(final CopyStreamListener listener) { listener = null;,114,
org/apache/commons/net/ftp/FTPClient.java,2928,NullifyInputVariable,public void setControlKeepAliveTimeout(final Duration controlIdle) {,public void setControlKeepAliveTimeout(final Duration controlIdle) { controlIdle = null;,115,
org/apache/commons/net/ftp/FTPClient.java,2901,NullifyInputVariable,public void setControlKeepAliveReplyTimeout(final Duration timeout) {,public void setControlKeepAliveReplyTimeout(final Duration timeout) { timeout = null;,116,
org/apache/commons/net/ftp/FTPClient.java,2857,NullifyInputVariable,public void setActiveExternalIPAddress(final String ipAddress) throws UnknownHostException {,public void setActiveExternalIPAddress(final String ipAddress) throws UnknownHostException { ipAddress = null;,117,
org/apache/commons/net/ftp/FTPClient.java,2846,NullifyInputVariable,public boolean sendSiteCommand(final String arguments) throws IOException {,public boolean sendSiteCommand(final String arguments) throws IOException { arguments = null;,118,
org/apache/commons/net/ftp/FTPClient.java,2819,NullifyInputVariable,public InputStream retrieveFileStream(final String remote) throws IOException {,public InputStream retrieveFileStream(final String remote) throws IOException { remote = null;,119,
org/apache/commons/net/ftp/FTPClient.java,2797,NullifyInputVariable,"public boolean retrieveFile(final String remote, final OutputStream local) throws IOException {","public boolean retrieveFile(final String remote, final OutputStream local) throws IOException { local = null;",120,
org/apache/commons/net/ftp/FTPClient.java,2797,NullifyInputVariable,"public boolean retrieveFile(final String remote, final OutputStream local) throws IOException {","public boolean retrieveFile(final String remote, final OutputStream local) throws IOException { remote = null;",121,
org/apache/commons/net/ftp/FTPClient.java,2754,NullifyInputVariable,"public boolean rename(final String from, final String to) throws IOException {","public boolean rename(final String from, final String to) throws IOException { to = null;",122,
org/apache/commons/net/ftp/FTPClient.java,2754,NullifyInputVariable,"public boolean rename(final String from, final String to) throws IOException {","public boolean rename(final String from, final String to) throws IOException { from = null;",123,
org/apache/commons/net/ftp/FTPClient.java,2739,NullifyInputVariable,public boolean removeDirectory(final String pathname) throws IOException {,public boolean removeDirectory(final String pathname) throws IOException { pathname = null;,124,
org/apache/commons/net/ftp/FTPClient.java,2722,NullifyInputVariable,public boolean remoteStoreUnique(final String fileName) throws IOException {,public boolean remoteStoreUnique(final String fileName) throws IOException { fileName = null;,125,
org/apache/commons/net/ftp/FTPClient.java,2686,NullifyInputVariable,public boolean remoteStore(final String fileName) throws IOException {,public boolean remoteStore(final String fileName) throws IOException { fileName = null;,126,
org/apache/commons/net/ftp/FTPClient.java,2668,NullifyInputVariable,public boolean remoteRetrieve(final String fileName) throws IOException {,public boolean remoteRetrieve(final String fileName) throws IOException { fileName = null;,127,
org/apache/commons/net/ftp/FTPClient.java,2651,NullifyInputVariable,public boolean remoteAppend(final String fileName) throws IOException {,public boolean remoteAppend(final String fileName) throws IOException { fileName = null;,128,
org/apache/commons/net/ftp/FTPClient.java,2581,NullifyInputVariable,public FTPFile mlistFile(final String pathname) throws IOException {,public FTPFile mlistFile(final String pathname) throws IOException { pathname = null;,129,
org/apache/commons/net/ftp/FTPClient.java,2569,NullifyInputVariable,"public FTPFile[] mlistDir(final String pathname, final FTPFileFilter filter) throws IOException {","public FTPFile[] mlistDir(final String pathname, final FTPFileFilter filter) throws IOException { filter = null;",130,
org/apache/commons/net/ftp/FTPClient.java,2569,NullifyInputVariable,"public FTPFile[] mlistDir(final String pathname, final FTPFileFilter filter) throws IOException {","public FTPFile[] mlistDir(final String pathname, final FTPFileFilter filter) throws IOException { pathname = null;",131,
org/apache/commons/net/ftp/FTPClient.java,2556,NullifyInputVariable,public FTPFile[] mlistDir(final String pathname) throws IOException {,public FTPFile[] mlistDir(final String pathname) throws IOException { pathname = null;,132,
org/apache/commons/net/ftp/FTPClient.java,2523,NullifyInputVariable,private CopyStreamListener mergeListeners(final CopyStreamListener local) {,private CopyStreamListener mergeListeners(final CopyStreamListener local) { local = null;,133,
org/apache/commons/net/ftp/FTPClient.java,2508,NullifyInputVariable,public Instant mdtmInstant(final String pathname) throws IOException {,public Instant mdtmInstant(final String pathname) throws IOException { pathname = null;,134,
org/apache/commons/net/ftp/FTPClient.java,2487,NullifyInputVariable,public FTPFile mdtmFile(final String pathname) throws IOException {,public FTPFile mdtmFile(final String pathname) throws IOException { pathname = null;,135,
org/apache/commons/net/ftp/FTPClient.java,2470,NullifyInputVariable,public Calendar mdtmCalendar(final String pathname) throws IOException {,public Calendar mdtmCalendar(final String pathname) throws IOException { pathname = null;,136,
org/apache/commons/net/ftp/FTPClient.java,2457,NullifyInputVariable,public boolean makeDirectory(final String pathname) throws IOException {,public boolean makeDirectory(final String pathname) throws IOException { pathname = null;,137,
org/apache/commons/net/ftp/FTPClient.java,2413,NullifyInputVariable,"public boolean login(final String user, final String password, final String account) throws IOException {","public boolean login(final String user, final String password, final String account) throws IOException { account = null;",138,
org/apache/commons/net/ftp/FTPClient.java,2413,NullifyInputVariable,"public boolean login(final String user, final String password, final String account) throws IOException {","public boolean login(final String user, final String password, final String account) throws IOException { password = null;",139,
org/apache/commons/net/ftp/FTPClient.java,2413,NullifyInputVariable,"public boolean login(final String user, final String password, final String account) throws IOException {","public boolean login(final String user, final String password, final String account) throws IOException { user = null;",140,
org/apache/commons/net/ftp/FTPClient.java,2387,NullifyInputVariable,"public boolean login(final String user, final String password) throws IOException {","public boolean login(final String user, final String password) throws IOException { password = null;",141,
org/apache/commons/net/ftp/FTPClient.java,2387,NullifyInputVariable,"public boolean login(final String user, final String password) throws IOException {","public boolean login(final String user, final String password) throws IOException { user = null;",142,
org/apache/commons/net/ftp/FTPClient.java,2357,NullifyInputVariable,public String[] listNames(final String pathname) throws IOException {,public String[] listNames(final String pathname) throws IOException { pathname = null;,143,
org/apache/commons/net/ftp/FTPClient.java,2321,NullifyInputVariable,public String listHelp(final String command) throws IOException {,public String listHelp(final String command) throws IOException { command = null;,144,
org/apache/commons/net/ftp/FTPClient.java,2294,NullifyInputVariable,"public FTPFile[] listFiles(final String pathname, final FTPFileFilter filter) throws IOException {","public FTPFile[] listFiles(final String pathname, final FTPFileFilter filter) throws IOException { filter = null;",145,
org/apache/commons/net/ftp/FTPClient.java,2294,NullifyInputVariable,"public FTPFile[] listFiles(final String pathname, final FTPFileFilter filter) throws IOException {","public FTPFile[] listFiles(final String pathname, final FTPFileFilter filter) throws IOException { pathname = null;",146,
org/apache/commons/net/ftp/FTPClient.java,2281,NullifyInputVariable,public FTPFile[] listFiles(final String pathname) throws IOException {,public FTPFile[] listFiles(final String pathname) throws IOException { pathname = null;,147,
org/apache/commons/net/ftp/FTPClient.java,2213,NullifyInputVariable,public FTPFile[] listDirectories(final String parent) throws IOException {,public FTPFile[] listDirectories(final String parent) throws IOException { parent = null;,148,
org/apache/commons/net/ftp/FTPClient.java,2102,NullifyInputVariable,public FTPListParseEngine initiateMListParsing(final String pathname) throws IOException {,public FTPListParseEngine initiateMListParsing(final String pathname) throws IOException { pathname = null;,149,
org/apache/commons/net/ftp/FTPClient.java,2080,NullifyInputVariable,"public FTPListParseEngine initiateListParsing(final String parserKey, final String pathname) throws IOException {","public FTPListParseEngine initiateListParsing(final String parserKey, final String pathname) throws IOException { pathname = null;",150,
org/apache/commons/net/ftp/FTPClient.java,2080,NullifyInputVariable,"public FTPListParseEngine initiateListParsing(final String parserKey, final String pathname) throws IOException {","public FTPListParseEngine initiateListParsing(final String parserKey, final String pathname) throws IOException { parserKey = null;",151,
org/apache/commons/net/ftp/FTPClient.java,2040,NullifyInputVariable,public FTPListParseEngine initiateListParsing(final String pathname) throws IOException {,public FTPListParseEngine initiateListParsing(final String pathname) throws IOException { pathname = null;,152,
org/apache/commons/net/ftp/FTPClient.java,1984,NullifyInputVariable,"private FTPListParseEngine initiateListParsing(final FTPFileEntryParser parser, final String pathname) throws IOException {","private FTPListParseEngine initiateListParsing(final FTPFileEntryParser parser, final String pathname) throws IOException { pathname = null;",153,
org/apache/commons/net/ftp/FTPClient.java,1984,NullifyInputVariable,"private FTPListParseEngine initiateListParsing(final FTPFileEntryParser parser, final String pathname) throws IOException {","private FTPListParseEngine initiateListParsing(final FTPFileEntryParser parser, final String pathname) throws IOException { parser = null;",154,
org/apache/commons/net/ftp/FTPClient.java,1883,NullifyInputVariable,"public boolean hasFeature(final String feature, final String value) throws IOException {","public boolean hasFeature(final String feature, final String value) throws IOException { value = null;",155,
org/apache/commons/net/ftp/FTPClient.java,1883,NullifyInputVariable,"public boolean hasFeature(final String feature, final String value) throws IOException {","public boolean hasFeature(final String feature, final String value) throws IOException { feature = null;",156,
org/apache/commons/net/ftp/FTPClient.java,1863,NullifyInputVariable,public boolean hasFeature(final String feature) throws IOException {,public boolean hasFeature(final String feature) throws IOException { feature = null;,157,
org/apache/commons/net/ftp/FTPClient.java,1849,NullifyInputVariable,public boolean hasFeature(final FTPCmd feature) throws IOException {,public boolean hasFeature(final FTPCmd feature) throws IOException { feature = null;,158,
org/apache/commons/net/ftp/FTPClient.java,1782,NullifyInputVariable,public String getStatus(final String pathname) throws IOException {,public String getStatus(final String pathname) throws IOException { pathname = null;,159,
org/apache/commons/net/ftp/FTPClient.java,1748,NullifyInputVariable,public String getSize(final String pathname) throws IOException {,public String getSize(final String pathname) throws IOException { pathname = null;,160,
org/apache/commons/net/ftp/FTPClient.java,1653,NullifyInputVariable,public String getModificationTime(final String pathname) throws IOException {,public String getModificationTime(final String pathname) throws IOException { pathname = null;,161,
org/apache/commons/net/ftp/FTPClient.java,1622,NullifyInputVariable,protected String getListArguments(final String pathname) {,protected String getListArguments(final String pathname) { pathname = null;,162,
org/apache/commons/net/ftp/FTPClient.java,1476,NullifyInputVariable,private OutputStream getBufferedOutputStream(final OutputStream outputStream) {,private OutputStream getBufferedOutputStream(final OutputStream outputStream) { outputStream = null;,163,
org/apache/commons/net/ftp/FTPClient.java,1469,NullifyInputVariable,private InputStream getBufferedInputStream(final InputStream inputStream) {,private InputStream getBufferedInputStream(final InputStream inputStream) { inputStream = null;,164,
org/apache/commons/net/ftp/FTPClient.java,1432,NullifyInputVariable,public String[] featureValues(final String feature) throws IOException {,public String[] featureValues(final String feature) throws IOException { feature = null;,165,
org/apache/commons/net/ftp/FTPClient.java,1414,NullifyInputVariable,public String featureValue(final String feature) throws IOException {,public String featureValue(final String feature) throws IOException { feature = null;,166,
org/apache/commons/net/ftp/FTPClient.java,1350,NullifyInputVariable,"public boolean enterRemoteActiveMode(final InetAddress host, final int port) throws IOException {","public boolean enterRemoteActiveMode(final InetAddress host, final int port) throws IOException { host = null;",167,
org/apache/commons/net/ftp/FTPClient.java,1300,NullifyInputVariable,"public String[] doCommandAsStrings(final String command, final String params) throws IOException {","public String[] doCommandAsStrings(final String command, final String params) throws IOException { params = null;",168,
org/apache/commons/net/ftp/FTPClient.java,1300,NullifyInputVariable,"public String[] doCommandAsStrings(final String command, final String params) throws IOException {","public String[] doCommandAsStrings(final String command, final String params) throws IOException { command = null;",169,
org/apache/commons/net/ftp/FTPClient.java,1282,NullifyInputVariable,"public boolean doCommand(final String command, final String params) throws IOException {","public boolean doCommand(final String command, final String params) throws IOException { params = null;",170,
org/apache/commons/net/ftp/FTPClient.java,1282,NullifyInputVariable,"public boolean doCommand(final String command, final String params) throws IOException {","public boolean doCommand(final String command, final String params) throws IOException { command = null;",171,
org/apache/commons/net/ftp/FTPClient.java,1255,NullifyInputVariable,public boolean deleteFile(final String pathname) throws IOException {,public boolean deleteFile(final String pathname) throws IOException { pathname = null;,172,
org/apache/commons/net/ftp/FTPClient.java,1203,NullifyInputVariable,void createParser(final String parserKey) throws IOException {,void createParser(final String parserKey) throws IOException { parserKey = null;,173,
org/apache/commons/net/ftp/FTPClient.java,1198,NullifyInputVariable,public void configure(final FTPClientConfig config) {,public void configure(final FTPClientConfig config) { config = null;,174,
org/apache/commons/net/ftp/FTPClient.java,1143,NullifyInputVariable,public boolean changeWorkingDirectory(final String pathname) throws IOException {,public boolean changeWorkingDirectory(final String pathname) throws IOException { pathname = null;,175,
org/apache/commons/net/ftp/FTPClient.java,1116,NullifyInputVariable,public OutputStream appendFileStream(final String remote) throws IOException {,public OutputStream appendFileStream(final String remote) throws IOException { remote = null;,176,
org/apache/commons/net/ftp/FTPClient.java,1094,NullifyInputVariable,"public boolean appendFile(final String remote, final InputStream local) throws IOException {","public boolean appendFile(final String remote, final InputStream local) throws IOException { local = null;",177,
org/apache/commons/net/ftp/FTPClient.java,1094,NullifyInputVariable,"public boolean appendFile(final String remote, final InputStream local) throws IOException {","public boolean appendFile(final String remote, final InputStream local) throws IOException { remote = null;",178,
org/apache/commons/net/ftp/FTPClient.java,985,NullifyInputVariable,"protected OutputStream _storeFileStream(final String command, final String remote) throws IOException {","protected OutputStream _storeFileStream(final String command, final String remote) throws IOException { remote = null;",179,
org/apache/commons/net/ftp/FTPClient.java,985,NullifyInputVariable,"protected OutputStream _storeFileStream(final String command, final String remote) throws IOException {","protected OutputStream _storeFileStream(final String command, final String remote) throws IOException { command = null;",180,
org/apache/commons/net/ftp/FTPClient.java,945,NullifyInputVariable,"protected boolean _storeFile(final String command, final String remote, final InputStream local) throws IOException {","protected boolean _storeFile(final String command, final String remote, final InputStream local) throws IOException { local = null;",181,
org/apache/commons/net/ftp/FTPClient.java,945,NullifyInputVariable,"protected boolean _storeFile(final String command, final String remote, final InputStream local) throws IOException {","protected boolean _storeFile(final String command, final String remote, final InputStream local) throws IOException { remote = null;",182,
org/apache/commons/net/ftp/FTPClient.java,945,NullifyInputVariable,"protected boolean _storeFile(final String command, final String remote, final InputStream local) throws IOException {","protected boolean _storeFile(final String command, final String remote, final InputStream local) throws IOException { command = null;",183,
org/apache/commons/net/ftp/FTPClient.java,916,NullifyInputVariable,"protected InputStream _retrieveFileStream(final String command, final String remote) throws IOException {","protected InputStream _retrieveFileStream(final String command, final String remote) throws IOException { remote = null;",184,
org/apache/commons/net/ftp/FTPClient.java,916,NullifyInputVariable,"protected InputStream _retrieveFileStream(final String command, final String remote) throws IOException {","protected InputStream _retrieveFileStream(final String command, final String remote) throws IOException { command = null;",185,
org/apache/commons/net/ftp/FTPClient.java,875,NullifyInputVariable,"protected boolean _retrieveFile(final String command, final String remote, final OutputStream local) throws IOException {","protected boolean _retrieveFile(final String command, final String remote, final OutputStream local) throws IOException { local = null;",186,
org/apache/commons/net/ftp/FTPClient.java,875,NullifyInputVariable,"protected boolean _retrieveFile(final String command, final String remote, final OutputStream local) throws IOException {","protected boolean _retrieveFile(final String command, final String remote, final OutputStream local) throws IOException { remote = null;",187,
org/apache/commons/net/ftp/FTPClient.java,875,NullifyInputVariable,"protected boolean _retrieveFile(final String command, final String remote, final OutputStream local) throws IOException {","protected boolean _retrieveFile(final String command, final String remote, final OutputStream local) throws IOException { command = null;",188,
org/apache/commons/net/ftp/FTPClient.java,830,NullifyInputVariable,protected void _parsePassiveModeReply(final String reply) throws MalformedServerReplyException {,protected void _parsePassiveModeReply(final String reply) throws MalformedServerReplyException { reply = null;,189,
org/apache/commons/net/ftp/FTPClient.java,696,NullifyInputVariable,"protected Socket _openDataConnection_(final String command, final String arg) throws IOException {","protected Socket _openDataConnection_(final String command, final String arg) throws IOException { arg = null;",191,
org/apache/commons/net/ftp/FTPClient.java,696,NullifyInputVariable,"protected Socket _openDataConnection_(final String command, final String arg) throws IOException {","protected Socket _openDataConnection_(final String command, final String arg) throws IOException { command = null;",192,
org/apache/commons/net/ftp/FTPClient.java,680,NullifyInputVariable,"protected Socket _openDataConnection_(final int command, final String arg) throws IOException {","protected Socket _openDataConnection_(final int command, final String arg) throws IOException { arg = null;",193,
org/apache/commons/net/ftp/FTPClient.java,663,NullifyInputVariable,"protected Socket _openDataConnection_(final FTPCmd command, final String arg) throws IOException {","protected Socket _openDataConnection_(final FTPCmd command, final String arg) throws IOException { arg = null;",194,
org/apache/commons/net/ftp/FTPClient.java,663,NullifyInputVariable,"protected Socket _openDataConnection_(final FTPCmd command, final String arg) throws IOException {","protected Socket _openDataConnection_(final FTPCmd command, final String arg) throws IOException { command = null;",195,
org/apache/commons/net/ftp/FTPClient.java,629,NullifyInputVariable,protected void _connectAction_(final Reader socketIsReader) throws IOException {,protected void _connectAction_(final Reader socketIsReader) throws IOException { socketIsReader = null;,196,
org/apache/commons/net/ftp/FTPClient.java,483,NullifyInputVariable,static String parsePathname(final String reply) {,static String parsePathname(final String reply) { reply = null;,197,
org/apache/commons/net/ftp/FTPClient.java,349,NullifyInputVariable,public String resolve(final String hostname) throws UnknownHostException {,public String resolve(final String hostname) throws UnknownHostException { hostname = null;,198,
org/apache/commons/net/ftp/FTPClient.java,289,NullifyInputVariable,public void bytesTransferred(final CopyStreamEvent event) {,public void bytesTransferred(final CopyStreamEvent event) { event = null;,199,
org/apache/commons/net/ftp/FTPClient.java,3226,RelationalOperatorReplacement,if (offset >= 0) {,if (offset < 0) {,494,
org/apache/commons/net/ftp/FTPClient.java,2593,RelationalOperatorReplacement,if (reply.length() < 3) {,if (reply.length() >= 3) {,506,
org/apache/commons/net/ftp/FTPClient.java,1934,RelationalOperatorReplacement,if (varsep > 0) {,if (varsep <= 0) {,517,
org/apache/commons/net/ftp/FTPClient.java,1477,RelationalOperatorReplacement,if (bufferSize > 0) {,if (bufferSize <= 0) {,527,
org/apache/commons/net/ftp/FTPClient.java,1470,RelationalOperatorReplacement,if (bufferSize > 0) {,if (bufferSize <= 0) {,528,
org/apache/commons/net/ftp/FTPClient.java,1449,RelationalOperatorReplacement,if (activeMinPort > 0 && activeMaxPort >= activeMinPort) {,if (activeMinPort > 0 && activeMaxPort < activeMinPort) {,530,
org/apache/commons/net/ftp/FTPClient.java,1449,RelationalOperatorReplacement,if (activeMinPort > 0 && activeMaxPort >= activeMinPort) {,if (activeMinPort <= 0 && activeMaxPort >= activeMinPort) {,531,
org/apache/commons/net/ftp/FTPClient.java,1216,RelationalOperatorReplacement,if (null != configuration && configuration.getServerSystemKey().length() > 0) {,if (null != configuration && configuration.getServerSystemKey().length() <= 0) {,539,
org/apache/commons/net/ftp/FTPClient.java,786,RelationalOperatorReplacement,if (restartOffset > 0 && !restart(restartOffset)) {,if (restartOffset <= 0 && !restart(restartOffset)) {,559,
org/apache/commons/net/ftp/FTPClient.java,782,RelationalOperatorReplacement,if (soTimeoutMillis >= 0) {,if (soTimeoutMillis < 0) {,560,
org/apache/commons/net/ftp/FTPClient.java,772,RelationalOperatorReplacement,if (sendDataSocketBufferSize > 0) {,if (sendDataSocketBufferSize <= 0) {,562,
org/apache/commons/net/ftp/FTPClient.java,769,RelationalOperatorReplacement,if (receiveDataSocketBufferSize > 0) {,if (receiveDataSocketBufferSize <= 0) {,563,
org/apache/commons/net/ftp/FTPClient.java,742,RelationalOperatorReplacement,if (sendDataSocketBufferSize > 0) {,if (sendDataSocketBufferSize <= 0) {,566,
org/apache/commons/net/ftp/FTPClient.java,739,RelationalOperatorReplacement,if (receiveDataSocketBufferSize > 0) {,if (receiveDataSocketBufferSize <= 0) {,567,
org/apache/commons/net/ftp/FTPClient.java,736,RelationalOperatorReplacement,if (soTimeoutMillis >= 0) {,if (soTimeoutMillis < 0) {,568,
org/apache/commons/net/ftp/FTPClient.java,731,RelationalOperatorReplacement,if (soTimeoutMillis >= 0) {,if (soTimeoutMillis < 0) {,569,
org/apache/commons/net/ftp/FTPClient.java,721,RelationalOperatorReplacement,if (restartOffset > 0 && !restart(restartOffset)) {,if (restartOffset <= 0 && !restart(restartOffset)) {,570,
org/apache/commons/net/ftp/FTPClient.java,489,RelationalOperatorReplacement,for (int i = 1; i < param.length(); i++) {,for (int i = 1; i >= param.length(); i++) {,575,
org/apache/commons/net/ftp/FTPClient.java,313,RelationalOperatorReplacement,while (notAcked > 0) {,while (notAcked <= 0) {,577,
org/apache/commons/net/ftp/FTPClient.java,296,RelationalOperatorReplacement,if (nowMillis - lastIdleTimeMillis > idleMillis) {,if (nowMillis - lastIdleTimeMillis <= idleMillis) {,578,
org/apache/commons/net/ftp/FTPClient.java,3403,NullifyInputVariable,private Socket wrapOnDeflate(final Socket plainSocket) {,private Socket wrapOnDeflate(final Socket plainSocket) { plainSocket = null;,92,
org/apache/commons/net/ftp/FTPClient.java,3399,NullifyInputVariable,public boolean structureMount(final String pathname) throws IOException {,public boolean structureMount(final String pathname) throws IOException { pathname = null;,93,
org/apache/commons/net/ftp/FTPClient.java,3385,NullifyInputVariable,public OutputStream storeUniqueFileStream(final String remote) throws IOException {,public OutputStream storeUniqueFileStream(final String remote) throws IOException { remote = null;,94,
org/apache/commons/net/ftp/FTPClient.java,3343,NullifyInputVariable,"public boolean storeUniqueFile(final String remote, final InputStream local) throws IOException {","public boolean storeUniqueFile(final String remote, final InputStream local) throws IOException { local = null;",95,
org/apache/commons/net/ftp/FTPClient.java,3343,NullifyInputVariable,"public boolean storeUniqueFile(final String remote, final InputStream local) throws IOException {","public boolean storeUniqueFile(final String remote, final InputStream local) throws IOException { remote = null;",96,
org/apache/commons/net/ftp/FTPClient.java,3322,NullifyInputVariable,public boolean storeUniqueFile(final InputStream local) throws IOException {,public boolean storeUniqueFile(final InputStream local) throws IOException { local = null;,97,
org/apache/commons/net/ftp/FTPClient.java,3302,NullifyInputVariable,public OutputStream storeFileStream(final String remote) throws IOException {,public OutputStream storeFileStream(final String remote) throws IOException { remote = null;,98,
org/apache/commons/net/ftp/FTPClient.java,3280,NullifyInputVariable,"private OutputStream storeFileStream(final FTPCmd command, final String remote) throws IOException {","private OutputStream storeFileStream(final FTPCmd command, final String remote) throws IOException { remote = null;",99,
org/apache/commons/net/ftp/FTPClientConfig.java,596,NullifyInputVariable,public void setShortMonthNames(final String shortMonthNames) {,public void setShortMonthNames(final String shortMonthNames) { shortMonthNames = null;,2,
org/apache/commons/net/ftp/FTPClientConfig.java,579,NullifyInputVariable,public void setServerTimeZoneId(final String serverTimeZoneId) {,public void setServerTimeZoneId(final String serverTimeZoneId) { serverTimeZoneId = null;,3,
org/apache/commons/net/ftp/FTPClientConfig.java,563,NullifyInputVariable,public void setServerLanguageCode(final String serverLanguageCode) {,public void setServerLanguageCode(final String serverLanguageCode) { serverLanguageCode = null;,4,
org/apache/commons/net/ftp/FTPClientConfig.java,535,NullifyInputVariable,public void setRecentDateFormatStr(final String recentDateFormatStr) {,public void setRecentDateFormatStr(final String recentDateFormatStr) { recentDateFormatStr = null;,5,
org/apache/commons/net/ftp/FTPClientConfig.java,498,NullifyInputVariable,public void setDefaultDateFormatStr(final String defaultDateFormatStr) {,public void setDefaultDateFormatStr(final String defaultDateFormatStr) { defaultDateFormatStr = null;,6,
org/apache/commons/net/ftp/FTPClientConfig.java,267,NullifyInputVariable,private static String[] splitShortMonthString(final String shortmonths) {,private static String[] splitShortMonthString(final String shortmonths) { shortmonths = null;,7,
org/apache/commons/net/ftp/FTPClientConfig.java,254,NullifyInputVariable,public static DateFormatSymbols lookupDateFormatSymbols(final String languageCode) {,public static DateFormatSymbols lookupDateFormatSymbols(final String languageCode) { languageCode = null;,8,
org/apache/commons/net/ftp/FTPClientConfig.java,229,NullifyInputVariable,public static DateFormatSymbols getDateFormatSymbols(final String shortmonths) {,public static DateFormatSymbols getDateFormatSymbols(final String shortmonths) { shortmonths = null;,9,
org/apache/commons/net/ftp/FTPFile.java,387,NullifyInputVariable,public void setUser(final String user) {,public void setUser(final String user) { user = null;,10,
org/apache/commons/net/ftp/FTPFile.java,369,NullifyInputVariable,public void setTimestamp(final Calendar date) {,public void setTimestamp(final Calendar date) { date = null;,11,
org/apache/commons/net/ftp/FTPFile.java,351,NullifyInputVariable,public void setRawListing(final String rawListing) {,public void setRawListing(final String rawListing) { rawListing = null;,12,
org/apache/commons/net/ftp/FTPFile.java,328,NullifyInputVariable,public void setName(final String name) {,public void setName(final String name) { name = null;,13,
org/apache/commons/net/ftp/FTPFile.java,319,NullifyInputVariable,public void setLink(final String link) {,public void setLink(final String link) { link = null;,14,
org/apache/commons/net/ftp/FTPFile.java,301,NullifyInputVariable,public void setGroup(final String group) {,public void setGroup(final String group) { group = null;,15,
org/apache/commons/net/ftp/FTPFile.java,292,NullifyInputVariable,private void readObject(final java.io.ObjectInputStream in) {,private void readObject(final java.io.ObjectInputStream in) { in = null;,16,
org/apache/commons/net/ftp/FTPFile.java,479,NullifyInputVariable,private void writeObject(final java.io.ObjectOutputStream out) {,private void writeObject(final java.io.ObjectOutputStream out) { out = null;,8,
org/apache/commons/net/ftp/FTPFile.java,416,NullifyInputVariable,public String toFormattedString(final String timezone) {,public String toFormattedString(final String timezone) { timezone = null;,9,
org/apache/commons/net/ftp/FTPFileEntryParserImpl.java,60,NullifyInputVariable,public String readNextEntry(final BufferedReader reader) throws IOException {,public String readNextEntry(final BufferedReader reader) throws IOException { reader = null;,1,
org/apache/commons/net/ftp/FTPFileEntryParserImpl.java,46,NullifyInputVariable,public List<String> preParse(final List<String> original) {,public List<String> preParse(final List<String> original) { original = null;,2,
org/apache/commons/net/ftp/FTPHTTPClient.java,183,NullifyInputVariable,"throws IOException, UnsupportedEncodingException {","throws IOException, UnsupportedEncodingException { output = null;",16,
org/apache/commons/net/ftp/FTPHTTPClient.java,183,NullifyInputVariable,"throws IOException, UnsupportedEncodingException {","throws IOException, UnsupportedEncodingException { input = null;",17,
org/apache/commons/net/ftp/FTPHTTPClient.java,183,NullifyInputVariable,"throws IOException, UnsupportedEncodingException {","throws IOException, UnsupportedEncodingException { host = null;",18,
org/apache/commons/net/ftp/FTPHTTPClient.java,166,NullifyInputVariable,"public void connect(final String host, final int port) throws SocketException, IOException {","public void connect(final String host, final int port) throws SocketException, IOException { host = null;",19,
org/apache/commons/net/ftp/FTPHTTPClient.java,123,NullifyInputVariable,"protected Socket _openDataConnection_(final String command, final String arg) throws IOException {","protected Socket _openDataConnection_(final String command, final String arg) throws IOException { arg = null;",20,
org/apache/commons/net/ftp/FTPHTTPClient.java,123,NullifyInputVariable,"protected Socket _openDataConnection_(final String command, final String arg) throws IOException {","protected Socket _openDataConnection_(final String command, final String arg) throws IOException { command = null;",21,
org/apache/commons/net/ftp/FTPHTTPClient.java,112,NullifyInputVariable,"protected Socket _openDataConnection_(final int command, final String arg) throws IOException {","protected Socket _openDataConnection_(final int command, final String arg) throws IOException { arg = null;",22,
org/apache/commons/net/ftp/FTPHTTPClient.java,215,RelationalOperatorReplacement,"if (!resp.startsWith(""HTTP/"") || resp.length() < 12) {","if (!resp.startsWith(""HTTP/"") || resp.length() >= 12) {",36,
org/apache/commons/net/ftp/FTPHTTPClient.java,152,RelationalOperatorReplacement,if (getRestartOffset() > 0 && !restart(getRestartOffset())) {,if (getRestartOffset() <= 0 && !restart(getRestartOffset())) {,41,
org/apache/commons/net/ftp/FTPListParseEngine.java,270,NullifyInputVariable,"public void readServerList(final InputStream inputStream, final String charsetName) throws IOException {","public void readServerList(final InputStream inputStream, final String charsetName) throws IOException { charsetName = null;",11,
org/apache/commons/net/ftp/FTPListParseEngine.java,270,NullifyInputVariable,"public void readServerList(final InputStream inputStream, final String charsetName) throws IOException {","public void readServerList(final InputStream inputStream, final String charsetName) throws IOException { inputStream = null;",12,
org/apache/commons/net/ftp/FTPListParseEngine.java,257,NullifyInputVariable,public void readServerList(final InputStream inputStream) throws IOException {,public void readServerList(final InputStream inputStream) throws IOException { inputStream = null;,13,
org/apache/commons/net/ftp/FTPListParseEngine.java,237,NullifyInputVariable,"private void read(final InputStream inputStream, final String charsetName) throws IOException {","private void read(final InputStream inputStream, final String charsetName) throws IOException { charsetName = null;",14,
org/apache/commons/net/ftp/FTPListParseEngine.java,237,NullifyInputVariable,"private void read(final InputStream inputStream, final String charsetName) throws IOException {","private void read(final InputStream inputStream, final String charsetName) throws IOException { inputStream = null;",15,
org/apache/commons/net/ftp/FTPListParseEngine.java,141,NullifyInputVariable,{,{ filter = null;,16,
org/apache/commons/net/ftp/FTPListParseEngine.java,108,NullifyInputVariable,public List<FTPFile> getFileList(final FTPFileFilter filter) {,public List<FTPFile> getFileList(final FTPFileFilter filter) { filter = null;,17,
org/apache/commons/net/ftp/FTPListParseEngine.java,197,RelationalOperatorReplacement,while (count > 0 && this.internalIterator.hasPrevious()) {,while (count <= 0 && this.internalIterator.hasPrevious()) {,44,
org/apache/commons/net/ftp/FTPListParseEngine.java,163,RelationalOperatorReplacement,while (count > 0 && this.internalIterator.hasNext()) {,while (count <= 0 && this.internalIterator.hasNext()) {,46,
org/apache/commons/net/ftp/FTPReply.java,302,RelationalOperatorReplacement,return reply >= 600 && reply < 700;,return reply >= 600 && reply >= 700;,19,
org/apache/commons/net/ftp/FTPReply.java,302,RelationalOperatorReplacement,return reply >= 600 && reply < 700;,return reply < 600 && reply < 700;,20,
org/apache/commons/net/ftp/FTPReply.java,289,RelationalOperatorReplacement,return reply >= 100 && reply < 200;,return reply >= 100 && reply >= 200;,21,
org/apache/commons/net/ftp/FTPReply.java,289,RelationalOperatorReplacement,return reply >= 100 && reply < 200;,return reply < 100 && reply < 200;,22,
org/apache/commons/net/ftp/FTPReply.java,277,RelationalOperatorReplacement,return reply >= 300 && reply < 400;,return reply >= 300 && reply >= 400;,23,
org/apache/commons/net/ftp/FTPReply.java,277,RelationalOperatorReplacement,return reply >= 300 && reply < 400;,return reply < 300 && reply < 400;,24,
org/apache/commons/net/ftp/FTPReply.java,265,RelationalOperatorReplacement,return reply >= 200 && reply < 300;,return reply >= 200 && reply >= 300;,25,
org/apache/commons/net/ftp/FTPReply.java,265,RelationalOperatorReplacement,return reply >= 200 && reply < 300;,return reply < 200 && reply < 300;,26,
org/apache/commons/net/ftp/FTPReply.java,254,RelationalOperatorReplacement,return reply >= 400 && reply < 500;,return reply >= 400 && reply >= 500;,27,
org/apache/commons/net/ftp/FTPReply.java,254,RelationalOperatorReplacement,return reply >= 400 && reply < 500;,return reply < 400 && reply < 500;,28,
org/apache/commons/net/ftp/FTPReply.java,243,RelationalOperatorReplacement,return reply >= 500 && reply < 600;,return reply >= 500 && reply >= 600;,29,
org/apache/commons/net/ftp/FTPReply.java,243,RelationalOperatorReplacement,return reply >= 500 && reply < 600;,return reply < 500 && reply < 600;,30,
org/apache/commons/net/ftp/FTPSClient.java,951,RelationalOperatorReplacement,if (replysz < minvalue) {,if (replysz >= minvalue) {,175,
org/apache/commons/net/ftp/FTPSClient.java,897,RelationalOperatorReplacement,if (getRestartOffset() > 0 && !restart(getRestartOffset())) {,if (getRestartOffset() <= 0 && !restart(getRestartOffset())) {,179,
org/apache/commons/net/ftp/FTPSClient.java,887,RelationalOperatorReplacement,if (soTimeoutMillis >= 0) {,if (soTimeoutMillis < 0) {,181,
org/apache/commons/net/ftp/FTPSClient.java,876,RelationalOperatorReplacement,if (getSendDataSocketBufferSize() > 0) {,if (getSendDataSocketBufferSize() <= 0) {,183,
org/apache/commons/net/ftp/FTPSClient.java,873,RelationalOperatorReplacement,if (getReceiveDataSocketBufferSize() > 0) {,if (getReceiveDataSocketBufferSize() <= 0) {,184,
org/apache/commons/net/ftp/FTPSClient.java,840,RelationalOperatorReplacement,if (getSendDataSocketBufferSize() > 0) {,if (getSendDataSocketBufferSize() <= 0) {,188,
org/apache/commons/net/ftp/FTPSClient.java,837,RelationalOperatorReplacement,if (getReceiveDataSocketBufferSize() > 0) {,if (getReceiveDataSocketBufferSize() <= 0) {,189,
org/apache/commons/net/ftp/FTPSClient.java,834,RelationalOperatorReplacement,if (soTimeoutMillis >= 0) {,if (soTimeoutMillis < 0) {,190,
org/apache/commons/net/ftp/FTPSClient.java,828,RelationalOperatorReplacement,if (soTimeoutMillis >= 0) {,if (soTimeoutMillis < 0) {,191,
org/apache/commons/net/ftp/FTPSClient.java,816,RelationalOperatorReplacement,if (getRestartOffset() > 0 && !restart(getRestartOffset())) {,if (getRestartOffset() <= 0 && !restart(getRestartOffset())) {,192,
org/apache/commons/net/ftp/FTPSClient.java,503,RelationalOperatorReplacement,if (pbsz < 0 || 4294967295L < pbsz) { // 32-bit unsigned number,if (pbsz < 0 || 4294967295L >= pbsz) { // 32-bit unsigned number,203,
org/apache/commons/net/ftp/FTPSClient.java,503,RelationalOperatorReplacement,if (pbsz < 0 || 4294967295L < pbsz) { // 32-bit unsigned number,if (pbsz >= 0 || 4294967295L < pbsz) { // 32-bit unsigned number,204,
org/apache/commons/net/ftp/FTPSClient.java,1070,NullifyInputVariable,public void setTrustManager(final TrustManager trustManager) {,public void setTrustManager(final TrustManager trustManager) { trustManager = null;,45,
org/apache/commons/net/ftp/FTPSClient.java,1051,NullifyInputVariable,public void setKeyManager(final KeyManager keyManager) {,public void setKeyManager(final KeyManager keyManager) { keyManager = null;,46,
org/apache/commons/net/ftp/FTPSClient.java,1041,NullifyInputVariable,public void setHostnameVerifier(final HostnameVerifier newHostnameVerifier) {,public void setHostnameVerifier(final HostnameVerifier newHostnameVerifier) { newHostnameVerifier = null;,47,
org/apache/commons/net/ftp/FTPSClient.java,1010,NullifyInputVariable,public void setEnabledProtocols(final String[] protocolVersions) {,public void setEnabledProtocols(final String[] protocolVersions) { protocolVersions = null;,48,
org/apache/commons/net/ftp/FTPSClient.java,1001,NullifyInputVariable,public void setEnabledCipherSuites(final String[] cipherSuites) {,public void setEnabledCipherSuites(final String[] cipherSuites) { cipherSuites = null;,49,
org/apache/commons/net/ftp/FTPSClient.java,992,NullifyInputVariable,public void setAuthValue(final String auth) {,public void setAuthValue(final String auth) { auth = null;,50,
org/apache/commons/net/ftp/FTPSClient.java,972,NullifyInputVariable,"public int sendCommand(final String command, final String args) throws IOException {","public int sendCommand(final String command, final String args) throws IOException { args = null;",51,
org/apache/commons/net/ftp/FTPSClient.java,972,NullifyInputVariable,"public int sendCommand(final String command, final String args) throws IOException {","public int sendCommand(final String command, final String args) throws IOException { command = null;",52,
org/apache/commons/net/ftp/FTPSClient.java,928,NullifyInputVariable,public byte[] parseADATReply(final String reply) {,public byte[] parseADATReply(final String reply) { reply = null;,53,
org/apache/commons/net/ftp/FTPSClient.java,787,NullifyInputVariable,"private Socket openDataSecureConnection(final String command, final String arg) throws IOException {","private Socket openDataSecureConnection(final String command, final String arg) throws IOException { arg = null;",54,
org/apache/commons/net/ftp/FTPSClient.java,787,NullifyInputVariable,"private Socket openDataSecureConnection(final String command, final String arg) throws IOException {","private Socket openDataSecureConnection(final String command, final String arg) throws IOException { command = null;",55,
org/apache/commons/net/ftp/FTPSClient.java,553,NullifyInputVariable,"private String extractPrefixedData(final String prefix, final String reply) {","private String extractPrefixedData(final String prefix, final String reply) { reply = null;",56,
org/apache/commons/net/ftp/FTPSClient.java,553,NullifyInputVariable,"private String extractPrefixedData(final String prefix, final String reply) {","private String extractPrefixedData(final String prefix, final String reply) { prefix = null;",57,
org/apache/commons/net/ftp/FTPSClient.java,421,NullifyInputVariable,public int execAUTH(final String mechanism) throws IOException {,public int execAUTH(final String mechanism) throws IOException { mechanism = null;,59,
org/apache/commons/net/ftp/FTPSClient.java,355,NullifyInputVariable,private SSLSocket createSSLSocket(final Socket socket) throws IOException {,private SSLSocket createSSLSocket(final Socket socket) throws IOException { socket = null;,60,
org/apache/commons/net/ftp/FTPSClient.java,339,NullifyInputVariable,"private void closeSockets(final Socket socket, final Socket sslSocket) throws IOException {","private void closeSockets(final Socket socket, final Socket sslSocket) throws IOException { sslSocket = null;",61,
org/apache/commons/net/ftp/FTPSClient.java,339,NullifyInputVariable,"private void closeSockets(final Socket socket, final Socket sslSocket) throws IOException {","private void closeSockets(final Socket socket, final Socket sslSocket) throws IOException { socket = null;",62,
org/apache/commons/net/ftp/FTPSClient.java,323,NullifyInputVariable,private boolean checkPROTValue(final String prot) {,private boolean checkPROTValue(final String prot) { prot = null;,63,
org/apache/commons/net/ftp/FTPSClient.java,314,NullifyInputVariable,protected void _prepareDataSocket_(final Socket socket) throws IOException {,protected void _prepareDataSocket_(final Socket socket) throws IOException { socket = null;,64,
org/apache/commons/net/ftp/FTPSClient.java,280,NullifyInputVariable,"protected Socket _openDataConnection_(final String command, final String arg) throws IOException {","protected Socket _openDataConnection_(final String command, final String arg) throws IOException { arg = null;",65,
org/apache/commons/net/ftp/FTPSClient.java,280,NullifyInputVariable,"protected Socket _openDataConnection_(final String command, final String arg) throws IOException {","protected Socket _openDataConnection_(final String command, final String arg) throws IOException { command = null;",66,
org/apache/commons/net/ftp/FTPSClient.java,264,NullifyInputVariable,"protected Socket _openDataConnection_(final int command, final String arg) throws IOException {","protected Socket _openDataConnection_(final int command, final String arg) throws IOException { arg = null;",67,
org/apache/commons/net/ftp/FTPSServerSocketFactory.java,83,NullifyInputVariable,public ServerSocket init(final ServerSocket socket) {,public ServerSocket init(final ServerSocket socket) { socket = null;,1,
org/apache/commons/net/ftp/FTPSServerSocketFactory.java,68,NullifyInputVariable,"public ServerSocket createServerSocket(final int port, final int backlog, final InetAddress ifAddress) throws IOException {","public ServerSocket createServerSocket(final int port, final int backlog, final InetAddress ifAddress) throws IOException { ifAddress = null;",2,
org/apache/commons/net/ftp/FTPSSocketFactory.java,114,NullifyInputVariable,public java.net.ServerSocket init(final java.net.ServerSocket socket) throws IOException {,public java.net.ServerSocket init(final java.net.ServerSocket socket) throws IOException { socket = null;,1,
org/apache/commons/net/ftp/FTPSSocketFactory.java,103,NullifyInputVariable,"throws UnknownHostException, IOException {","throws UnknownHostException, IOException { localAddress = null;",2,
org/apache/commons/net/ftp/FTPSSocketFactory.java,103,NullifyInputVariable,"throws UnknownHostException, IOException {","throws UnknownHostException, IOException { address = null;",3,
org/apache/commons/net/ftp/FTPSSocketFactory.java,97,NullifyInputVariable,"public Socket createSocket(final String address, final int port) throws UnknownHostException, IOException {","public Socket createSocket(final String address, final int port) throws UnknownHostException, IOException { address = null;",4,
org/apache/commons/net/ftp/FTPSSocketFactory.java,92,NullifyInputVariable,"public Socket createSocket(final InetAddress address, final int port, final InetAddress localAddress, final int localPort) throws IOException {","public Socket createSocket(final InetAddress address, final int port, final InetAddress localAddress, final int localPort) throws IOException { localAddress = null;",5,
org/apache/commons/net/ftp/FTPSSocketFactory.java,92,NullifyInputVariable,"public Socket createSocket(final InetAddress address, final int port, final InetAddress localAddress, final int localPort) throws IOException {","public Socket createSocket(final InetAddress address, final int port, final InetAddress localAddress, final int localPort) throws IOException { address = null;",6,
org/apache/commons/net/ftp/FTPSSocketFactory.java,85,NullifyInputVariable,"public Socket createSocket(final InetAddress address, final int port) throws IOException {","public Socket createSocket(final InetAddress address, final int port) throws IOException { address = null;",7,
org/apache/commons/net/ftp/FTPSSocketFactory.java,74,NullifyInputVariable,"public java.net.ServerSocket createServerSocket(final int port, final int backlog, final InetAddress ifAddress) throws IOException {","public java.net.ServerSocket createServerSocket(final int port, final int backlog, final InetAddress ifAddress) throws IOException { ifAddress = null;",8,
org/apache/commons/net/ftp/FTPSTrustManager.java,44,NullifyInputVariable,"public void checkServerTrusted(final X509Certificate[] certificates, final String authType) throws CertificateException {","public void checkServerTrusted(final X509Certificate[] certificates, final String authType) throws CertificateException { authType = null;",1,
org/apache/commons/net/ftp/FTPSTrustManager.java,44,NullifyInputVariable,"public void checkServerTrusted(final X509Certificate[] certificates, final String authType) throws CertificateException {","public void checkServerTrusted(final X509Certificate[] certificates, final String authType) throws CertificateException { certificates = null;",2,
org/apache/commons/net/ftp/FTPSTrustManager.java,40,NullifyInputVariable,"public void checkClientTrusted(final X509Certificate[] certificates, final String authType) {","public void checkClientTrusted(final X509Certificate[] certificates, final String authType) { authType = null;",3,
org/apache/commons/net/ftp/FTPSTrustManager.java,40,NullifyInputVariable,"public void checkClientTrusted(final X509Certificate[] certificates, final String authType) {","public void checkClientTrusted(final X509Certificate[] certificates, final String authType) { certificates = null;",4,
org/apache/commons/net/ftp/parser/CompositeFileEntryParser.java,38,NullifyInputVariable,public FTPFile parseFTPEntry(final String listEntry) {,public FTPFile parseFTPEntry(final String listEntry) { listEntry = null;,3,
org/apache/commons/net/ftp/parser/ConfigurableFTPFileEntryParserImpl.java,104,NullifyInputVariable,public Calendar parseTimestamp(final String timestampStr) throws ParseException {,public Calendar parseTimestamp(final String timestampStr) throws ParseException { timestampStr = null;,4,
org/apache/commons/net/ftp/parser/ConfigurableFTPFileEntryParserImpl.java,71,NullifyInputVariable,public void configure(final FTPClientConfig config) {,public void configure(final FTPClientConfig config) { config = null;,5,
org/apache/commons/net/ftp/parser/DefaultFTPFileEntryParserFactory.java,205,NullifyInputVariable,private FTPFileEntryParser createOS400FTPEntryParser(final FTPClientConfig config) {,private FTPFileEntryParser createOS400FTPEntryParser(final FTPClientConfig config) { config = null;,14,
org/apache/commons/net/ftp/parser/DefaultFTPFileEntryParserFactory.java,180,NullifyInputVariable,private FTPFileEntryParser createNTFTPEntryParser(final FTPClientConfig config) {,private FTPFileEntryParser createNTFTPEntryParser(final FTPClientConfig config) { config = null;,15,
org/apache/commons/net/ftp/parser/DefaultFTPFileEntryParserFactory.java,104,NullifyInputVariable,"private FTPFileEntryParser createFileEntryParser(final String key, final FTPClientConfig config) {","private FTPFileEntryParser createFileEntryParser(final String key, final FTPClientConfig config) { config = null;",16,
org/apache/commons/net/ftp/parser/DefaultFTPFileEntryParserFactory.java,104,NullifyInputVariable,"private FTPFileEntryParser createFileEntryParser(final String key, final FTPClientConfig config) {","private FTPFileEntryParser createFileEntryParser(final String key, final FTPClientConfig config) { key = null;",17,
org/apache/commons/net/ftp/parser/DefaultFTPFileEntryParserFactory.java,96,NullifyInputVariable,public FTPFileEntryParser createFileEntryParser(final String key) {,public FTPFileEntryParser createFileEntryParser(final String key) { key = null;,18,
org/apache/commons/net/ftp/parser/DefaultFTPFileEntryParserFactory.java,60,NullifyInputVariable,public FTPFileEntryParser createFileEntryParser(final FTPClientConfig config) throws ParserInitializationException {,public FTPFileEntryParser createFileEntryParser(final FTPClientConfig config) throws ParserInitializationException { config = null;,19,
org/apache/commons/net/ftp/parser/EnterpriseUnixFTPEntryParser.java,80,NullifyInputVariable,public FTPFile parseFTPEntry(final String entry) {,public FTPFile parseFTPEntry(final String entry) { entry = null;,3,
org/apache/commons/net/ftp/parser/EnterpriseUnixFTPEntryParser.java,127,RelationalOperatorReplacement,if (cal.get(Calendar.MONTH) < month) {,if (cal.get(Calendar.MONTH) >= month) {,7,
org/apache/commons/net/ftp/parser/FTPTimestampParserImpl.java,367,NullifyInputVariable,private void setServerTimeZone(final String serverTimeZoneId) {,private void setServerTimeZone(final String serverTimeZoneId) { serverTimeZoneId = null;,18,
org/apache/commons/net/ftp/parser/FTPTimestampParserImpl.java,348,NullifyInputVariable,"private void setRecentDateFormat(final String format, final DateFormatSymbols dfs) {","private void setRecentDateFormat(final String format, final DateFormatSymbols dfs) { dfs = null;",19,
org/apache/commons/net/ftp/parser/FTPTimestampParserImpl.java,348,NullifyInputVariable,"private void setRecentDateFormat(final String format, final DateFormatSymbols dfs) {","private void setRecentDateFormat(final String format, final DateFormatSymbols dfs) { format = null;",20,
org/apache/commons/net/ftp/parser/FTPTimestampParserImpl.java,323,NullifyInputVariable,"private void setDefaultDateFormat(final String format, final DateFormatSymbols dfs) {","private void setDefaultDateFormat(final String format, final DateFormatSymbols dfs) { dfs = null;",21,
org/apache/commons/net/ftp/parser/FTPTimestampParserImpl.java,323,NullifyInputVariable,"private void setDefaultDateFormat(final String format, final DateFormatSymbols dfs) {","private void setDefaultDateFormat(final String format, final DateFormatSymbols dfs) { format = null;",22,
org/apache/commons/net/ftp/parser/FTPTimestampParserImpl.java,260,NullifyInputVariable,"public Calendar parseTimestamp(final String timestampStr, final Calendar serverTime) throws ParseException {","public Calendar parseTimestamp(final String timestampStr, final Calendar serverTime) throws ParseException { serverTime = null;",23,
org/apache/commons/net/ftp/parser/FTPTimestampParserImpl.java,260,NullifyInputVariable,"public Calendar parseTimestamp(final String timestampStr, final Calendar serverTime) throws ParseException {","public Calendar parseTimestamp(final String timestampStr, final Calendar serverTime) throws ParseException { timestampStr = null;",24,
org/apache/commons/net/ftp/parser/FTPTimestampParserImpl.java,243,NullifyInputVariable,public Calendar parseTimestamp(final String timestampStr) throws ParseException {,public Calendar parseTimestamp(final String timestampStr) throws ParseException { timestampStr = null;,25,
org/apache/commons/net/ftp/parser/FTPTimestampParserImpl.java,152,NullifyInputVariable,public void configure(final FTPClientConfig config) {,public void configure(final FTPClientConfig config) { config = null;,26,
org/apache/commons/net/ftp/parser/FTPTimestampParserImpl.java,96,NullifyInputVariable,"private static void setPrecision(final int index, final Calendar working) {","private static void setPrecision(final int index, final Calendar working) { working = null;",27,
org/apache/commons/net/ftp/parser/FTPTimestampParserImpl.java,52,NullifyInputVariable,private static int getEntry(final SimpleDateFormat dateFormat) {,private static int getEntry(final SimpleDateFormat dateFormat) { dateFormat = null;,28,
org/apache/commons/net/ftp/parser/FTPTimestampParserImpl.java,97,RelationalOperatorReplacement,if (index <= 0) { // e.g. MILLISECONDS,if (index > 0) { // e.g. MILLISECONDS,79,
org/apache/commons/net/ftp/parser/FTPTimestampParserImpl.java,84,RelationalOperatorReplacement,for (i = 0; i < CALENDAR_UNITS.length; i++) {,for (i = 0; i >= CALENDAR_UNITS.length; i++) {,81,
org/apache/commons/net/ftp/parser/MLSxEntryParser.java,186,NullifyInputVariable,public FTPFile parseFTPEntry(final String entry) {,public FTPFile parseFTPEntry(final String entry) { entry = null;,13,
org/apache/commons/net/ftp/parser/MLSxEntryParser.java,144,NullifyInputVariable,"private void doUnixPerms(final FTPFile file, final String valueLowerCase) {","private void doUnixPerms(final FTPFile file, final String valueLowerCase) { valueLowerCase = null;",14,
org/apache/commons/net/ftp/parser/MLSxEntryParser.java,144,NullifyInputVariable,"private void doUnixPerms(final FTPFile file, final String valueLowerCase) {","private void doUnixPerms(final FTPFile file, final String valueLowerCase) { file = null;",15,
org/apache/commons/net/ftp/parser/MLSxEntryParser.java,131,NullifyInputVariable,public static Instant parseGmtInstant(final String timestamp) {,public static Instant parseGmtInstant(final String timestamp) { timestamp = null;,16,
org/apache/commons/net/ftp/parser/MLSxEntryParser.java,97,NullifyInputVariable,public static Calendar parseGMTdateTime(final String timestamp) {,public static Calendar parseGMTdateTime(final String timestamp) { timestamp = null;,17,
org/apache/commons/net/ftp/parser/MLSxEntryParser.java,86,NullifyInputVariable,public static FTPFile parseEntry(final String entry) {,public static FTPFile parseEntry(final String entry) { entry = null;,18,
org/apache/commons/net/ftp/parser/MLSxEntryParser.java,249,RelationalOperatorReplacement,if (ch >= 0 && ch <= 7) { // Check it's valid octal,if (ch >= 0 && ch > 7) { // Check it's valid octal,35,
org/apache/commons/net/ftp/parser/MLSxEntryParser.java,249,RelationalOperatorReplacement,if (ch >= 0 && ch <= 7) { // Check it's valid octal,if (ch < 0 && ch <= 7) { // Check it's valid octal,36,
org/apache/commons/net/ftp/parser/MLSxEntryParser.java,247,RelationalOperatorReplacement,for (int i = 0; i < 3; i++) {,for (int i = 0; i >= 3; i++) {,37,
org/apache/commons/net/ftp/parser/MLSxEntryParser.java,188,RelationalOperatorReplacement,if (entry.length() > 1) { // is there a path name?,if (entry.length() <= 1) { // is there a path name?,42,
org/apache/commons/net/ftp/parser/MVSFTPEntryParser.java,449,NullifyInputVariable,public List<String> preParse(final List<String> orig) {,public List<String> preParse(final List<String> orig) { orig = null;,13,
org/apache/commons/net/ftp/parser/MVSFTPEntryParser.java,407,NullifyInputVariable,private FTPFile parseMemberList(final String entry) {,private FTPFile parseMemberList(final String entry) { entry = null;,14,
org/apache/commons/net/ftp/parser/MVSFTPEntryParser.java,368,NullifyInputVariable,"private FTPFile parseJeslevelList(final String entry, final int matchNum) {","private FTPFile parseJeslevelList(final String entry, final int matchNum) { entry = null;",15,
org/apache/commons/net/ftp/parser/MVSFTPEntryParser.java,364,NullifyInputVariable,private FTPFile parseJeslevel2List(final String entry) {,private FTPFile parseJeslevel2List(final String entry) { entry = null;,16,
org/apache/commons/net/ftp/parser/MVSFTPEntryParser.java,337,NullifyInputVariable,private FTPFile parseJeslevel1List(final String entry) {,private FTPFile parseJeslevel1List(final String entry) { entry = null;,17,
org/apache/commons/net/ftp/parser/MVSFTPEntryParser.java,298,NullifyInputVariable,public FTPFile parseFTPEntry(final String entry) {,public FTPFile parseFTPEntry(final String entry) { entry = null;,18,
org/apache/commons/net/ftp/parser/MVSFTPEntryParser.java,255,NullifyInputVariable,private FTPFile parseFileList(final String entry) {,private FTPFile parseFileList(final String entry) { entry = null;,19,
org/apache/commons/net/ftp/parser/MVSFTPEntryParser.java,467,RelationalOperatorReplacement,"} else if (header.startsWith(""JOBNAME"") && header.indexOf(""JOBID"") > 8) { // header contains JOBNAME JOBID OWNER // STATUS CLASS","} else if (header.startsWith(""JOBNAME"") && header.indexOf(""JOBID"") <= 8) { // header contains JOBNAME JOBID OWNER // STATUS CLASS",37,
org/apache/commons/net/ftp/parser/MVSFTPEntryParser.java,464,RelationalOperatorReplacement,"} else if (header.indexOf(""Spool Files"") >= 30) {","} else if (header.indexOf(""Spool Files"") < 30) {",38,
org/apache/commons/net/ftp/parser/MacOsPeterFTPEntryParser.java,103,NullifyInputVariable,public FTPFile parseFTPEntry(final String entry) {,public FTPFile parseFTPEntry(final String entry) { entry = null;,14,
org/apache/commons/net/ftp/parser/MacOsPeterFTPEntryParser.java,153,RelationalOperatorReplacement,"for (int access = 0; access < 3; access++, g += 4) {","for (int access = 0; access >= 3; access++, g += 4) {",24,
org/apache/commons/net/ftp/parser/NTFTPEntryParser.java,94,NullifyInputVariable,public FTPFile parseFTPEntry(final String entry) {,public FTPFile parseFTPEntry(final String entry) { entry = null;,6,
org/apache/commons/net/ftp/parser/NetwareFTPEntryParser.java,112,NullifyInputVariable,public FTPFile parseFTPEntry(final String entry) {,public FTPFile parseFTPEntry(final String entry) { entry = null;,1,
org/apache/commons/net/ftp/parser/OS2FTPEntryParser.java,85,NullifyInputVariable,public FTPFile parseFTPEntry(final String entry) {,public FTPFile parseFTPEntry(final String entry) { entry = null;,3,
org/apache/commons/net/ftp/parser/OS400FTPEntryParser.java,286,NullifyInputVariable,public FTPFile parseFTPEntry(final String entry) {,public FTPFile parseFTPEntry(final String entry) { entry = null;,16,
org/apache/commons/net/ftp/parser/OS400FTPEntryParser.java,281,NullifyInputVariable,private boolean isNullOrEmpty(final String string) {,private boolean isNullOrEmpty(final String string) { string = null;,17,
org/apache/commons/net/ftp/parser/OS400FTPEntryParser.java,369,RelationalOperatorReplacement,if (pos > -1) {,if (pos <= -1) {,25,
org/apache/commons/net/ftp/parser/RegexFTPFileEntryParserImpl.java,116,RelationalOperatorReplacement,for (int i = 1; i <= this.result.groupCount(); i++) {,for (int i = 1; i > this.result.groupCount(); i++) {,26,
org/apache/commons/net/ftp/parser/RegexFTPFileEntryParserImpl.java,174,NullifyInputVariable,"public boolean setRegex(final String regex, final int flags) {","public boolean setRegex(final String regex, final int flags) { regex = null;",4,
org/apache/commons/net/ftp/parser/RegexFTPFileEntryParserImpl.java,160,NullifyInputVariable,public boolean setRegex(final String regex) {,public boolean setRegex(final String regex) { regex = null;,5,
org/apache/commons/net/ftp/parser/RegexFTPFileEntryParserImpl.java,143,NullifyInputVariable,public boolean matches(final String s) {,public boolean matches(final String s) { s = null;,6,
org/apache/commons/net/ftp/parser/RegexFTPFileEntryParserImpl.java,87,NullifyInputVariable,"private void compileRegex(final String regex, final int flags) {","private void compileRegex(final String regex, final int flags) { regex = null;",7,
org/apache/commons/net/ftp/parser/UnixFTPEntryParser.java,280,NullifyInputVariable,public List<String> preParse(final List<String> original) {,public List<String> preParse(final List<String> original) { original = null;,12,
org/apache/commons/net/ftp/parser/UnixFTPEntryParser.java,169,NullifyInputVariable,public FTPFile parseFTPEntry(final String entry) {,public FTPFile parseFTPEntry(final String entry) { entry = null;,13,
org/apache/commons/net/ftp/parser/UnixFTPEntryParser.java,229,RelationalOperatorReplacement,"for (int access = 0; access < 3; access++, g += 4) {","for (int access = 0; access >= 3; access++, g += 4) {",26,
org/apache/commons/net/ftp/parser/VMSFTPEntryParser.java,186,RelationalOperatorReplacement,"f.setPermission(access, FTPFile.EXECUTE_PERMISSION, permission.indexOf('E') >= 0);","f.setPermission(access, FTPFile.EXECUTE_PERMISSION, permission.indexOf('E') < 0);",25,
org/apache/commons/net/ftp/parser/VMSFTPEntryParser.java,185,RelationalOperatorReplacement,"f.setPermission(access, FTPFile.WRITE_PERMISSION, permission.indexOf('W') >= 0);","f.setPermission(access, FTPFile.WRITE_PERMISSION, permission.indexOf('W') < 0);",26,
org/apache/commons/net/ftp/parser/VMSFTPEntryParser.java,184,RelationalOperatorReplacement,"f.setPermission(access, FTPFile.READ_PERMISSION, permission.indexOf('R') >= 0);","f.setPermission(access, FTPFile.READ_PERMISSION, permission.indexOf('R') < 0);",27,
org/apache/commons/net/ftp/parser/VMSFTPEntryParser.java,181,RelationalOperatorReplacement,for (int access = 0; access < 3; access++) {,for (int access = 0; access >= 3; access++) {,28,
org/apache/commons/net/ftp/parser/VMSFTPEntryParser.java,206,NullifyInputVariable,public String readNextEntry(final BufferedReader reader) throws IOException {,public String readNextEntry(final BufferedReader reader) throws IOException { reader = null;,6,
org/apache/commons/net/ftp/parser/VMSFTPEntryParser.java,118,NullifyInputVariable,public FTPFile parseFTPEntry(final String entry) {,public FTPFile parseFTPEntry(final String entry) { entry = null;,7,
org/apache/commons/net/ftp/parser/VMSFTPEntryParser.java,103,NullifyInputVariable,public FTPFile[] parseFileList(final java.io.InputStream listStream) throws IOException {,public FTPFile[] parseFileList(final java.io.InputStream listStream) throws IOException { listStream = null;,8,
org/apache/commons/net/ftp/parser/VMSVersioningFTPEntryParser.java,126,RelationalOperatorReplacement,if (null != existing && nv < existing.intValue()) {,if (null != existing && nv >= existing.intValue()) {,10,
org/apache/commons/net/ftp/parser/VMSVersioningFTPEntryParser.java,104,RelationalOperatorReplacement,if (null != existing && nv.intValue() < existing.intValue()) {,if (null != existing && nv.intValue() >= existing.intValue()) {,12,
org/apache/commons/net/ftp/parser/VMSVersioningFTPEntryParser.java,91,NullifyInputVariable,public List<String> preParse(final List<String> original) {,public List<String> preParse(final List<String> original) { original = null;,5,
org/apache/commons/net/imap/AuthenticatingIMAPClient.java,155,NullifyInputVariable,"throws IOException, NoSuchAlgorithmException, InvalidKeyException, InvalidKeySpecException {","throws IOException, NoSuchAlgorithmException, InvalidKeyException, InvalidKeySpecException { user = null;",10,
org/apache/commons/net/imap/AuthenticatingIMAPClient.java,155,NullifyInputVariable,"throws IOException, NoSuchAlgorithmException, InvalidKeyException, InvalidKeySpecException {","throws IOException, NoSuchAlgorithmException, InvalidKeyException, InvalidKeySpecException { method = null;",11,
org/apache/commons/net/imap/AuthenticatingIMAPClient.java,241,RelationalOperatorReplacement,if ((element & 0x0FF) <= 15) {,if ((element & 0x0FF) > 15) {,24,
org/apache/commons/net/imap/AuthenticatingIMAPClient.java,227,NullifyInputVariable,"throws IOException, NoSuchAlgorithmException, InvalidKeyException, InvalidKeySpecException {","throws IOException, NoSuchAlgorithmException, InvalidKeyException, InvalidKeySpecException { password = null;",6,
org/apache/commons/net/imap/AuthenticatingIMAPClient.java,227,NullifyInputVariable,"throws IOException, NoSuchAlgorithmException, InvalidKeyException, InvalidKeySpecException {","throws IOException, NoSuchAlgorithmException, InvalidKeyException, InvalidKeySpecException { user = null;",7,
org/apache/commons/net/imap/AuthenticatingIMAPClient.java,227,NullifyInputVariable,"throws IOException, NoSuchAlgorithmException, InvalidKeyException, InvalidKeySpecException {","throws IOException, NoSuchAlgorithmException, InvalidKeyException, InvalidKeySpecException { method = null;",8,
org/apache/commons/net/imap/AuthenticatingIMAPClient.java,155,NullifyInputVariable,"throws IOException, NoSuchAlgorithmException, InvalidKeyException, InvalidKeySpecException {","throws IOException, NoSuchAlgorithmException, InvalidKeyException, InvalidKeySpecException { password = null;",9,
org/apache/commons/net/imap/IMAP.java,434,NullifyInputVariable,protected void setState(final IMAP.IMAPState state) {,protected void setState(final IMAP.IMAPState state) { state = null;,14,
org/apache/commons/net/imap/IMAP.java,425,NullifyInputVariable,public void setChunkListener(final IMAPChunkListener listener) {,public void setChunkListener(final IMAPChunkListener listener) { listener = null;,15,
org/apache/commons/net/imap/IMAP.java,412,NullifyInputVariable,public int sendData(final String command) throws IOException {,public int sendData(final String command) throws IOException { command = null;,16,
org/apache/commons/net/imap/IMAP.java,381,NullifyInputVariable,"private int sendCommandWithID(final String commandID, final String command, final String args) throws IOException {","private int sendCommandWithID(final String commandID, final String command, final String args) throws IOException { args = null;",17,
org/apache/commons/net/imap/IMAP.java,381,NullifyInputVariable,"private int sendCommandWithID(final String commandID, final String command, final String args) throws IOException {","private int sendCommandWithID(final String commandID, final String command, final String args) throws IOException { command = null;",18,
org/apache/commons/net/imap/IMAP.java,381,NullifyInputVariable,"private int sendCommandWithID(final String commandID, final String command, final String args) throws IOException {","private int sendCommandWithID(final String commandID, final String command, final String args) throws IOException { commandID = null;",19,
org/apache/commons/net/imap/IMAP.java,369,NullifyInputVariable,"public int sendCommand(final String command, final String args) throws IOException {","public int sendCommand(final String command, final String args) throws IOException { args = null;",20,
org/apache/commons/net/imap/IMAP.java,369,NullifyInputVariable,"public int sendCommand(final String command, final String args) throws IOException {","public int sendCommand(final String command, final String args) throws IOException { command = null;",21,
org/apache/commons/net/imap/IMAP.java,357,NullifyInputVariable,public int sendCommand(final String command) throws IOException {,public int sendCommand(final String command) throws IOException { command = null;,22,
org/apache/commons/net/imap/IMAP.java,346,NullifyInputVariable,"public int sendCommand(final IMAPCommand command, final String args) throws IOException {","public int sendCommand(final IMAPCommand command, final String args) throws IOException { args = null;",23,
org/apache/commons/net/imap/IMAP.java,346,NullifyInputVariable,"public int sendCommand(final IMAPCommand command, final String args) throws IOException {","public int sendCommand(final IMAPCommand command, final String args) throws IOException { command = null;",24,
org/apache/commons/net/imap/IMAP.java,334,NullifyInputVariable,public int sendCommand(final IMAPCommand command) throws IOException {,public int sendCommand(final IMAPCommand command) throws IOException { command = null;,25,
org/apache/commons/net/imap/IMAP.java,206,NullifyInputVariable,"protected void fireReplyReceived(final int replyCode, final String ignored) {","protected void fireReplyReceived(final int replyCode, final String ignored) { ignored = null;",26,
org/apache/commons/net/imap/IMAP.java,193,NullifyInputVariable,"public boolean doCommand(final IMAPCommand command, final String args) throws IOException {","public boolean doCommand(final IMAPCommand command, final String args) throws IOException { args = null;",27,
org/apache/commons/net/imap/IMAP.java,193,NullifyInputVariable,"public boolean doCommand(final IMAPCommand command, final String args) throws IOException {","public boolean doCommand(final IMAPCommand command, final String args) throws IOException { command = null;",28,
org/apache/commons/net/imap/IMAP.java,181,NullifyInputVariable,public boolean doCommand(final IMAPCommand command) throws IOException {,public boolean doCommand(final IMAPCommand command) throws IOException { command = null;,29,
org/apache/commons/net/imap/IMAP.java,97,NullifyInputVariable,static String quoteMailboxName(final String input) {,static String quoteMailboxName(final String input) { input = null;,30,
org/apache/commons/net/imap/IMAP.java,261,RelationalOperatorReplacement,while (literalCount >= 0) {,while (literalCount < 0) {,81,
org/apache/commons/net/imap/IMAP.java,260,RelationalOperatorReplacement,final boolean isMultiLine = literalCount >= 0;,final boolean isMultiLine = literalCount < 0;,82,
org/apache/commons/net/imap/IMAP.java,221,RelationalOperatorReplacement,for (int i = initialID.length - 1; carry && i >= 0; i--) {,for (int i = initialID.length - 1; carry && i < 0; i--) {,85,
org/apache/commons/net/imap/IMAP.java,207,RelationalOperatorReplacement,if (getCommandSupport().getListenerCount() > 0) {,if (getCommandSupport().getListenerCount() <= 0) {,86,
org/apache/commons/net/imap/IMAP.java,153,RelationalOperatorReplacement,if (tmo <= 0) {,if (tmo > 0) {,87,
org/apache/commons/net/imap/IMAP.java,149,RelationalOperatorReplacement,if (tmo <= 0) { // none set currently,if (tmo > 0) { // none set currently,88,
org/apache/commons/net/imap/IMAP.java,105,RelationalOperatorReplacement,"if (input.length() > 1 && input.startsWith(""\"""") && input.endsWith(""\"""")) {","if (input.length() <= 1 && input.startsWith(""\"""") && input.endsWith(""\"""")) {",89,
org/apache/commons/net/imap/IMAPClient.java,513,RelationalOperatorReplacement,if (i > 0) {,if (i <= 0) {,114,
org/apache/commons/net/imap/IMAPClient.java,512,RelationalOperatorReplacement,for (int i = 0; i < itemNames.length; i++) {,for (int i = 0; i >= itemNames.length; i++) {,115,
org/apache/commons/net/imap/IMAPClient.java,504,RelationalOperatorReplacement,if (itemNames == null || itemNames.length < 1) {,if (itemNames == null || itemNames.length >= 1) {,116,
org/apache/commons/net/imap/IMAPClient.java,566,NullifyInputVariable,public boolean unsubscribe(final String mailboxName) throws IOException {,public boolean unsubscribe(final String mailboxName) throws IOException { mailboxName = null;,20,
org/apache/commons/net/imap/IMAPClient.java,555,NullifyInputVariable,"public boolean uid(final String command, final String commandArgs) throws IOException {","public boolean uid(final String command, final String commandArgs) throws IOException { commandArgs = null;",21,
org/apache/commons/net/imap/IMAPClient.java,555,NullifyInputVariable,"public boolean uid(final String command, final String commandArgs) throws IOException {","public boolean uid(final String command, final String commandArgs) throws IOException { command = null;",22,
org/apache/commons/net/imap/IMAPClient.java,543,NullifyInputVariable,public boolean subscribe(final String mailboxName) throws IOException {,public boolean subscribe(final String mailboxName) throws IOException { mailboxName = null;,23,
org/apache/commons/net/imap/IMAPClient.java,532,NullifyInputVariable,"public boolean store(final String sequenceSet, final String itemNames, final String itemValues) throws IOException {","public boolean store(final String sequenceSet, final String itemNames, final String itemValues) throws IOException { itemValues = null;",24,
org/apache/commons/net/imap/IMAPClient.java,532,NullifyInputVariable,"public boolean store(final String sequenceSet, final String itemNames, final String itemValues) throws IOException {","public boolean store(final String sequenceSet, final String itemNames, final String itemValues) throws IOException { itemNames = null;",25,
org/apache/commons/net/imap/IMAPClient.java,532,NullifyInputVariable,"public boolean store(final String sequenceSet, final String itemNames, final String itemValues) throws IOException {","public boolean store(final String sequenceSet, final String itemNames, final String itemValues) throws IOException { sequenceSet = null;",26,
org/apache/commons/net/imap/IMAPClient.java,503,NullifyInputVariable,"public boolean status(final String mailboxName, final String[] itemNames) throws IOException {","public boolean status(final String mailboxName, final String[] itemNames) throws IOException { itemNames = null;",27,
org/apache/commons/net/imap/IMAPClient.java,503,NullifyInputVariable,"public boolean status(final String mailboxName, final String[] itemNames) throws IOException {","public boolean status(final String mailboxName, final String[] itemNames) throws IOException { mailboxName = null;",28,
org/apache/commons/net/imap/IMAPClient.java,491,NullifyInputVariable,public boolean select(final String mailboxName) throws IOException {,public boolean select(final String mailboxName) throws IOException { mailboxName = null;,29,
org/apache/commons/net/imap/IMAPClient.java,475,NullifyInputVariable,"public boolean search(final String charset, final String criteria) throws IOException {","public boolean search(final String charset, final String criteria) throws IOException { criteria = null;",30,
org/apache/commons/net/imap/IMAPClient.java,475,NullifyInputVariable,"public boolean search(final String charset, final String criteria) throws IOException {","public boolean search(final String charset, final String criteria) throws IOException { charset = null;",31,
org/apache/commons/net/imap/IMAPClient.java,463,NullifyInputVariable,public boolean search(final String criteria) throws IOException {,public boolean search(final String criteria) throws IOException { criteria = null;,32,
org/apache/commons/net/imap/IMAPClient.java,452,NullifyInputVariable,"public boolean rename(final String oldMailboxName, final String newMailboxName) throws IOException {","public boolean rename(final String oldMailboxName, final String newMailboxName) throws IOException { newMailboxName = null;",33,
org/apache/commons/net/imap/IMAPClient.java,452,NullifyInputVariable,"public boolean rename(final String oldMailboxName, final String newMailboxName) throws IOException {","public boolean rename(final String oldMailboxName, final String newMailboxName) throws IOException { oldMailboxName = null;",34,
org/apache/commons/net/imap/IMAPClient.java,430,NullifyInputVariable,"public boolean lsub(final String refName, final String mailboxName) throws IOException {","public boolean lsub(final String refName, final String mailboxName) throws IOException { mailboxName = null;",35,
org/apache/commons/net/imap/IMAPClient.java,430,NullifyInputVariable,"public boolean lsub(final String refName, final String mailboxName) throws IOException {","public boolean lsub(final String refName, final String mailboxName) throws IOException { refName = null;",36,
org/apache/commons/net/imap/IMAPClient.java,395,NullifyInputVariable,"public boolean login(final String user, final String password) throws IOException {","public boolean login(final String user, final String password) throws IOException { password = null;",37,
org/apache/commons/net/imap/IMAPClient.java,395,NullifyInputVariable,"public boolean login(final String user, final String password) throws IOException {","public boolean login(final String user, final String password) throws IOException { user = null;",38,
org/apache/commons/net/imap/IMAPClient.java,381,NullifyInputVariable,"public boolean list(final String refName, final String mailboxName) throws IOException {","public boolean list(final String refName, final String mailboxName) throws IOException { mailboxName = null;",39,
org/apache/commons/net/imap/IMAPClient.java,381,NullifyInputVariable,"public boolean list(final String refName, final String mailboxName) throws IOException {","public boolean list(final String refName, final String mailboxName) throws IOException { refName = null;",40,
org/apache/commons/net/imap/IMAPClient.java,368,NullifyInputVariable,"public boolean fetch(final String sequenceSet, final String itemNames) throws IOException {","public boolean fetch(final String sequenceSet, final String itemNames) throws IOException { itemNames = null;",41,
org/apache/commons/net/imap/IMAPClient.java,368,NullifyInputVariable,"public boolean fetch(final String sequenceSet, final String itemNames) throws IOException {","public boolean fetch(final String sequenceSet, final String itemNames) throws IOException { sequenceSet = null;",42,
org/apache/commons/net/imap/IMAPClient.java,343,NullifyInputVariable,public boolean examine(final String mailboxName) throws IOException {,public boolean examine(final String mailboxName) throws IOException { mailboxName = null;,43,
org/apache/commons/net/imap/IMAPClient.java,332,NullifyInputVariable,public boolean delete(final String mailboxName) throws IOException {,public boolean delete(final String mailboxName) throws IOException { mailboxName = null;,44,
org/apache/commons/net/imap/IMAPClient.java,321,NullifyInputVariable,public boolean create(final String mailboxName) throws IOException {,public boolean create(final String mailboxName) throws IOException { mailboxName = null;,45,
org/apache/commons/net/imap/IMAPClient.java,310,NullifyInputVariable,"public boolean copy(final String sequenceSet, final String mailboxName) throws IOException {","public boolean copy(final String sequenceSet, final String mailboxName) throws IOException { mailboxName = null;",46,
org/apache/commons/net/imap/IMAPClient.java,310,NullifyInputVariable,"public boolean copy(final String sequenceSet, final String mailboxName) throws IOException {","public boolean copy(final String sequenceSet, final String mailboxName) throws IOException { sequenceSet = null;",47,
org/apache/commons/net/imap/IMAPClient.java,247,NullifyInputVariable,"public boolean append(final String mailboxName, final String flags, final String datetime, final String message) throws IOException {","public boolean append(final String mailboxName, final String flags, final String datetime, final String message) throws IOException { message = null;",48,
org/apache/commons/net/imap/IMAPClient.java,247,NullifyInputVariable,"public boolean append(final String mailboxName, final String flags, final String datetime, final String message) throws IOException {","public boolean append(final String mailboxName, final String flags, final String datetime, final String message) throws IOException { datetime = null;",49,
org/apache/commons/net/imap/IMAPClient.java,247,NullifyInputVariable,"public boolean append(final String mailboxName, final String flags, final String datetime, final String message) throws IOException {","public boolean append(final String mailboxName, final String flags, final String datetime, final String message) throws IOException { flags = null;",50,
org/apache/commons/net/imap/IMAPClient.java,247,NullifyInputVariable,"public boolean append(final String mailboxName, final String flags, final String datetime, final String message) throws IOException {","public boolean append(final String mailboxName, final String flags, final String datetime, final String message) throws IOException { mailboxName = null;",51,
org/apache/commons/net/imap/IMAPClient.java,221,NullifyInputVariable,"public boolean append(final String mailboxName, final String flags, final String datetime) throws IOException {","public boolean append(final String mailboxName, final String flags, final String datetime) throws IOException { datetime = null;",52,
org/apache/commons/net/imap/IMAPClient.java,221,NullifyInputVariable,"public boolean append(final String mailboxName, final String flags, final String datetime) throws IOException {","public boolean append(final String mailboxName, final String flags, final String datetime) throws IOException { flags = null;",53,
org/apache/commons/net/imap/IMAPClient.java,221,NullifyInputVariable,"public boolean append(final String mailboxName, final String flags, final String datetime) throws IOException {","public boolean append(final String mailboxName, final String flags, final String datetime) throws IOException { mailboxName = null;",54,
org/apache/commons/net/imap/IMAPClient.java,204,NullifyInputVariable,public boolean append(final String mailboxName) throws IOException {,public boolean append(final String mailboxName) throws IOException { mailboxName = null;,55,
org/apache/commons/net/imap/IMAPCommand.java,159,NullifyInputVariable,public static final String getCommand(final IMAPCommand command) {,public static final String getCommand(final IMAPCommand command) { command = null;,2,
org/apache/commons/net/imap/IMAPReply.java,179,NullifyInputVariable,public static int literalCount(final String line) {,public static int literalCount(final String line) { line = null;,1,
org/apache/commons/net/imap/IMAPReply.java,169,NullifyInputVariable,public static boolean isUntagged(final String line) {,public static boolean isUntagged(final String line) { line = null;,2,
org/apache/commons/net/imap/IMAPReply.java,149,NullifyInputVariable,public static boolean isContinuation(final String line) {,public static boolean isContinuation(final String line) { line = null;,3,
org/apache/commons/net/imap/IMAPReply.java,129,NullifyInputVariable,public static int getUntaggedReplyCode(final String line) throws IOException {,public static int getUntaggedReplyCode(final String line) throws IOException { line = null;,4,
org/apache/commons/net/imap/IMAPReply.java,102,NullifyInputVariable,"private static int getReplyCode(final String line, final Pattern pattern) throws IOException {","private static int getReplyCode(final String line, final Pattern pattern) throws IOException { pattern = null;",5,
org/apache/commons/net/imap/IMAPReply.java,102,NullifyInputVariable,"private static int getReplyCode(final String line, final Pattern pattern) throws IOException {","private static int getReplyCode(final String line, final Pattern pattern) throws IOException { line = null;",6,
org/apache/commons/net/imap/IMAPReply.java,97,NullifyInputVariable,public static int getReplyCode(final String line) throws IOException {,public static int getReplyCode(final String line) throws IOException { line = null;,7,
org/apache/commons/net/imap/IMAPSClient.java,344,NullifyInputVariable,public void setHostnameVerifier(final HostnameVerifier newHostnameVerifier) {,public void setHostnameVerifier(final HostnameVerifier newHostnameVerifier) { newHostnameVerifier = null;,10,
org/apache/commons/net/imap/IMAPSClient.java,324,NullifyInputVariable,public void setEnabledProtocols(final String[] protocolVersions) {,public void setEnabledProtocols(final String[] protocolVersions) { protocolVersions = null;,11,
org/apache/commons/net/imap/IMAPSClient.java,315,NullifyInputVariable,public void setEnabledCipherSuites(final String[] cipherSuites) {,public void setEnabledCipherSuites(final String[] cipherSuites) { cipherSuites = null;,12,
org/apache/commons/net/imap/IMAPSClient.java,364,NullifyInputVariable,public void setTrustManager(final TrustManager newTrustManager) {,public void setTrustManager(final TrustManager newTrustManager) { newTrustManager = null;,8,
org/apache/commons/net/imap/IMAPSClient.java,354,NullifyInputVariable,public void setKeyManager(final KeyManager newKeyManager) {,public void setKeyManager(final KeyManager newKeyManager) { newKeyManager = null;,9,
org/apache/commons/net/io/CopyStreamAdapter.java,91,NullifyInputVariable,public void removeCopyStreamListener(final CopyStreamListener listener) {,public void removeCopyStreamListener(final CopyStreamListener listener) { listener = null;,1,
org/apache/commons/net/io/CopyStreamAdapter.java,63,NullifyInputVariable,public void bytesTransferred(final CopyStreamEvent event) {,public void bytesTransferred(final CopyStreamEvent event) { event = null;,2,
org/apache/commons/net/io/CopyStreamAdapter.java,51,NullifyInputVariable,public void addCopyStreamListener(final CopyStreamListener listener) {,public void addCopyStreamListener(final CopyStreamListener listener) { listener = null;,3,
org/apache/commons/net/io/DotTerminatedMessageReader.java,188,RelationalOperatorReplacement,} while (--length > 0 && (ch = read()) != -1);,} while (--length <= 0 && (ch = read()) != -1);,24,
org/apache/commons/net/io/DotTerminatedMessageReader.java,175,RelationalOperatorReplacement,if (length < 1) {,if (length >= 1) {,26,
org/apache/commons/net/io/DotTerminatedMessageWriter.java,110,RelationalOperatorReplacement,while (length-- > 0) {,while (length-- <= 0) {,15,
org/apache/commons/net/io/DotTerminatedMessageWriter.java,171,NullifyInputVariable,"public void write(final String string, final int offset, final int length) throws IOException {","public void write(final String string, final int offset, final int length) throws IOException { string = null;",2,
org/apache/commons/net/io/DotTerminatedMessageWriter.java,158,NullifyInputVariable,public void write(final String string) throws IOException {,public void write(final String string) throws IOException { string = null;,3,
org/apache/commons/net/io/FromNetASCIIInputStream.java,148,RelationalOperatorReplacement,} while (--this.length > 0 && (ch = readInt()) != -1);,} while (--this.length <= 0 && (ch = readInt()) != -1);,31,
org/apache/commons/net/io/FromNetASCIIInputStream.java,136,RelationalOperatorReplacement,if (this.length < 1) {,if (this.length >= 1) {,33,
org/apache/commons/net/io/FromNetASCIIInputStream.java,124,RelationalOperatorReplacement,if (length < 1) {,if (length >= 1) {,34,
org/apache/commons/net/io/FromNetASCIIOutputStream.java,92,RelationalOperatorReplacement,while (length-- > 0) {,while (length-- <= 0) {,8,
org/apache/commons/net/io/ToNetASCIIInputStream.java,152,RelationalOperatorReplacement,} while (--length > 0 && (ch = read()) != NetConstants.EOS);,} while (--length <= 0 && (ch = read()) != NetConstants.EOS);,17,
org/apache/commons/net/io/ToNetASCIIInputStream.java,140,RelationalOperatorReplacement,if (length < 1) {,if (length >= 1) {,19,
org/apache/commons/net/io/ToNetASCIIInputStream.java,135,RelationalOperatorReplacement,if (length > ch) {,if (length <= ch) {,20,
org/apache/commons/net/io/ToNetASCIIInputStream.java,129,RelationalOperatorReplacement,if (length < 1) {,if (length >= 1) {,21,
org/apache/commons/net/io/ToNetASCIIOutputStream.java,64,RelationalOperatorReplacement,while (length-- > 0) {,while (length-- <= 0) {,7,
org/apache/commons/net/io/Util.java,249,NullifyInputVariable,"final CopyStreamListener listener, final boolean flush) throws CopyStreamException {","final CopyStreamListener listener, final boolean flush) throws CopyStreamException { listener = null;",10,
org/apache/commons/net/io/Util.java,249,NullifyInputVariable,"final CopyStreamListener listener, final boolean flush) throws CopyStreamException {","final CopyStreamListener listener, final boolean flush) throws CopyStreamException { dest = null;",11,
org/apache/commons/net/io/Util.java,249,NullifyInputVariable,"final CopyStreamListener listener, final boolean flush) throws CopyStreamException {","final CopyStreamListener listener, final boolean flush) throws CopyStreamException { source = null;",12,
org/apache/commons/net/io/Util.java,222,NullifyInputVariable,final CopyStreamListener listener) throws CopyStreamException {,final CopyStreamListener listener) throws CopyStreamException { listener = null;,13,
org/apache/commons/net/io/Util.java,222,NullifyInputVariable,final CopyStreamListener listener) throws CopyStreamException {,final CopyStreamListener listener) throws CopyStreamException { dest = null;,14,
org/apache/commons/net/io/Util.java,222,NullifyInputVariable,final CopyStreamListener listener) throws CopyStreamException {,final CopyStreamListener listener) throws CopyStreamException { source = null;,15,
org/apache/commons/net/io/Util.java,197,NullifyInputVariable,"public static long copyStream(final InputStream source, final OutputStream dest, final int bufferSize) throws CopyStreamException {","public static long copyStream(final InputStream source, final OutputStream dest, final int bufferSize) throws CopyStreamException { dest = null;",16,
org/apache/commons/net/io/Util.java,197,NullifyInputVariable,"public static long copyStream(final InputStream source, final OutputStream dest, final int bufferSize) throws CopyStreamException {","public static long copyStream(final InputStream source, final OutputStream dest, final int bufferSize) throws CopyStreamException { source = null;",17,
org/apache/commons/net/io/Util.java,179,NullifyInputVariable,"public static long copyStream(final InputStream source, final OutputStream dest) throws CopyStreamException {","public static long copyStream(final InputStream source, final OutputStream dest) throws CopyStreamException { dest = null;",18,
org/apache/commons/net/io/Util.java,179,NullifyInputVariable,"public static long copyStream(final InputStream source, final OutputStream dest) throws CopyStreamException {","public static long copyStream(final InputStream source, final OutputStream dest) throws CopyStreamException { source = null;",19,
org/apache/commons/net/io/Util.java,134,NullifyInputVariable,throws CopyStreamException {,throws CopyStreamException { listener = null;,20,
org/apache/commons/net/io/Util.java,134,NullifyInputVariable,throws CopyStreamException {,throws CopyStreamException { dest = null;,21,
org/apache/commons/net/io/Util.java,134,NullifyInputVariable,throws CopyStreamException {,throws CopyStreamException { source = null;,22,
org/apache/commons/net/io/Util.java,109,NullifyInputVariable,"public static long copyReader(final Reader source, final Writer dest, final int bufferSize) throws CopyStreamException {","public static long copyReader(final Reader source, final Writer dest, final int bufferSize) throws CopyStreamException { dest = null;",23,
org/apache/commons/net/io/Util.java,109,NullifyInputVariable,"public static long copyReader(final Reader source, final Writer dest, final int bufferSize) throws CopyStreamException {","public static long copyReader(final Reader source, final Writer dest, final int bufferSize) throws CopyStreamException { source = null;",24,
org/apache/commons/net/io/Util.java,91,NullifyInputVariable,"public static long copyReader(final Reader source, final Writer dest) throws CopyStreamException {","public static long copyReader(final Reader source, final Writer dest) throws CopyStreamException { dest = null;",25,
org/apache/commons/net/io/Util.java,91,NullifyInputVariable,"public static long copyReader(final Reader source, final Writer dest) throws CopyStreamException {","public static long copyReader(final Reader source, final Writer dest) throws CopyStreamException { source = null;",26,
org/apache/commons/net/io/Util.java,73,NullifyInputVariable,public static void closeQuietly(final Socket socket) {,public static void closeQuietly(final Socket socket) { socket = null;,27,
org/apache/commons/net/io/Util.java,57,NullifyInputVariable,public static void closeQuietly(final Closeable closeable) {,public static void closeQuietly(final Closeable closeable) { closeable = null;,28,
org/apache/commons/net/io/Util.java,261,RelationalOperatorReplacement,if (singleByte < 0) {,if (singleByte >= 0) {,54,
org/apache/commons/net/io/Util.java,252,RelationalOperatorReplacement,final byte[] buffer = new byte[bufferSize > 0 ? bufferSize : DEFAULT_COPY_BUFFER_SIZE];,final byte[] buffer = new byte[bufferSize <= 0 ? bufferSize : DEFAULT_COPY_BUFFER_SIZE];,57,
org/apache/commons/net/io/Util.java,145,RelationalOperatorReplacement,if (singleChar < 0) {,if (singleChar >= 0) {,60,
org/apache/commons/net/io/Util.java,137,RelationalOperatorReplacement,final char[] buffer = new char[bufferSize > 0 ? bufferSize : DEFAULT_COPY_BUFFER_SIZE];,final char[] buffer = new char[bufferSize <= 0 ? bufferSize : DEFAULT_COPY_BUFFER_SIZE];,63,
org/apache/commons/net/io/Util.java,298,NullifyInputVariable,public static PrintWriter newPrintWriter(final PrintStream printStream) {,public static PrintWriter newPrintWriter(final PrintStream printStream) { printStream = null;,9,
org/apache/commons/net/nntp/Article.java,275,RelationalOperatorReplacement,while (end > start && subject.charAt(end - 1) < ' ') {,while (end > start && subject.charAt(end - 1) >= ' ') {,109,
org/apache/commons/net/nntp/Article.java,275,RelationalOperatorReplacement,while (end > start && subject.charAt(end - 1) < ' ') {,while (end <= start && subject.charAt(end - 1) < ' ') {,110,
org/apache/commons/net/nntp/Article.java,262,RelationalOperatorReplacement,if (i < len - 1 && (subject.charAt(i) == ']' || subject.charAt(i) == ')') && subject.charAt(i + 1) == ':') {,if (i >= len - 1 && (subject.charAt(i) == ']' || subject.charAt(i) == ')') && subject.charAt(i + 1) == ':') {,114,
org/apache/commons/net/nntp/Article.java,258,RelationalOperatorReplacement,while (i < len && subject.charAt(i) >= '0' && subject.charAt(i) <= '9') {,while (i < len && subject.charAt(i) >= '0' && subject.charAt(i) > '9') {,115,
org/apache/commons/net/nntp/Article.java,258,RelationalOperatorReplacement,while (i < len && subject.charAt(i) >= '0' && subject.charAt(i) <= '9') {,while (i < len && subject.charAt(i) < '0' && subject.charAt(i) <= '9') {,116,
org/apache/commons/net/nntp/Article.java,258,RelationalOperatorReplacement,while (i < len && subject.charAt(i) >= '0' && subject.charAt(i) <= '9') {,while (i >= len && subject.charAt(i) >= '0' && subject.charAt(i) <= '9') {,117,
org/apache/commons/net/nntp/Article.java,254,RelationalOperatorReplacement,} else if (start < len - 2 && (subject.charAt(start + 2) == '[' || subject.charAt(start + 2) == '(')) {,} else if (start >= len - 2 && (subject.charAt(start + 2) == '[' || subject.charAt(start + 2) == '(')) {,120,
org/apache/commons/net/nntp/Article.java,248,RelationalOperatorReplacement,if (start < len - 2 && (subject.charAt(start) == 'r' || subject.charAt(start) == 'R'),if (start >= len - 2 && (subject.charAt(start) == 'r' || subject.charAt(start) == 'R'),126,
org/apache/commons/net/nntp/Article.java,244,RelationalOperatorReplacement,while (start < len && subject.charAt(start) == ' ') {,while (start >= len && subject.charAt(start) == ' ') {,128,
org/apache/commons/net/nntp/Article.java,59,RelationalOperatorReplacement,for (int i = 0; i < depth; ++i) {,for (int i = 0; i >= depth; ++i) {,136,
org/apache/commons/net/nntp/Article.java,215,NullifyInputVariable,public void setSubject(final String string) {,public void setSubject(final String string) { string = null;,41,
org/apache/commons/net/nntp/Article.java,210,NullifyInputVariable,public void setNext(final Threadable next) {,public void setNext(final Threadable next) { next = null;,42,
org/apache/commons/net/nntp/Article.java,205,NullifyInputVariable,public void setFrom(final String string) {,public void setFrom(final String string) { string = null;,43,
org/apache/commons/net/nntp/Article.java,201,NullifyInputVariable,public void setDate(final String string) {,public void setDate(final String string) { string = null;,44,
org/apache/commons/net/nntp/Article.java,196,NullifyInputVariable,public void setChild(final Threadable child) {,public void setChild(final Threadable child) { child = null;,45,
org/apache/commons/net/nntp/Article.java,182,NullifyInputVariable,public void setArticleId(final String string) {,public void setArticleId(final String string) { string = null;,46,
org/apache/commons/net/nntp/Article.java,110,NullifyInputVariable,public void addReference(final String msgId) {,public void addReference(final String msgId) { msgId = null;,47,
org/apache/commons/net/nntp/Article.java,102,NullifyInputVariable,"public void addHeaderField(final String name, final String val) {","public void addHeaderField(final String name, final String val) { val = null;",48,
org/apache/commons/net/nntp/Article.java,102,NullifyInputVariable,"public void addHeaderField(final String name, final String val) {","public void addHeaderField(final String name, final String val) { name = null;",49,
org/apache/commons/net/nntp/Article.java,78,NullifyInputVariable,"public static void printThread(final Article article, final PrintStream ps) {","public static void printThread(final Article article, final PrintStream ps) { ps = null;",50,
org/apache/commons/net/nntp/Article.java,78,NullifyInputVariable,"public static void printThread(final Article article, final PrintStream ps) {","public static void printThread(final Article article, final PrintStream ps) { article = null;",51,
org/apache/commons/net/nntp/Article.java,58,NullifyInputVariable,"public static void printThread(final Article article, final int depth, final PrintStream ps) {","public static void printThread(final Article article, final int depth, final PrintStream ps) { ps = null;",52,
org/apache/commons/net/nntp/Article.java,58,NullifyInputVariable,"public static void printThread(final Article article, final int depth, final PrintStream ps) {","public static void printThread(final Article article, final int depth, final PrintStream ps) { article = null;",53,
org/apache/commons/net/nntp/Article.java,46,NullifyInputVariable,"public static void printThread(final Article article, final int depth) {","public static void printThread(final Article article, final int depth) { article = null;",54,
org/apache/commons/net/nntp/Article.java,36,NullifyInputVariable,public static void printThread(final Article article) {,public static void printThread(final Article article) { article = null;,55,
org/apache/commons/net/nntp/NNTP.java,642,NullifyInputVariable,"public int sendCommand(final String command, final String args) throws IOException {","public int sendCommand(final String command, final String args) throws IOException { args = null;",10,
org/apache/commons/net/nntp/NNTP.java,642,NullifyInputVariable,"public int sendCommand(final String command, final String args) throws IOException {","public int sendCommand(final String command, final String args) throws IOException { command = null;",11,
org/apache/commons/net/nntp/NNTP.java,626,NullifyInputVariable,public int sendCommand(final String command) throws IOException {,public int sendCommand(final String command) throws IOException { command = null;,12,
org/apache/commons/net/nntp/NNTP.java,296,RelationalOperatorReplacement,if (replyString.length() < 3) {,if (replyString.length() >= 3) {,128,
org/apache/commons/net/nntp/NNTP.java,611,NullifyInputVariable,"public int sendCommand(final int command, final String args) throws IOException {","public int sendCommand(final int command, final String args) throws IOException { args = null;",13,
org/apache/commons/net/nntp/NNTP.java,522,NullifyInputVariable,"public int newnews(final String newsgroups, final String date, final String time, final boolean GMT, final String distributions) throws IOException {","public int newnews(final String newsgroups, final String date, final String time, final boolean GMT, final String distributions) throws IOException { distributions = null;",14,
org/apache/commons/net/nntp/NNTP.java,522,NullifyInputVariable,"public int newnews(final String newsgroups, final String date, final String time, final boolean GMT, final String distributions) throws IOException {","public int newnews(final String newsgroups, final String date, final String time, final boolean GMT, final String distributions) throws IOException { time = null;",15,
org/apache/commons/net/nntp/NNTP.java,522,NullifyInputVariable,"public int newnews(final String newsgroups, final String date, final String time, final boolean GMT, final String distributions) throws IOException {","public int newnews(final String newsgroups, final String date, final String time, final boolean GMT, final String distributions) throws IOException { date = null;",16,
org/apache/commons/net/nntp/NNTP.java,522,NullifyInputVariable,"public int newnews(final String newsgroups, final String date, final String time, final boolean GMT, final String distributions) throws IOException {","public int newnews(final String newsgroups, final String date, final String time, final boolean GMT, final String distributions) throws IOException { newsgroups = null;",17,
org/apache/commons/net/nntp/NNTP.java,487,NullifyInputVariable,"public int newgroups(final String date, final String time, final boolean GMT, final String distributions) throws IOException {","public int newgroups(final String date, final String time, final boolean GMT, final String distributions) throws IOException { distributions = null;",18,
org/apache/commons/net/nntp/NNTP.java,487,NullifyInputVariable,"public int newgroups(final String date, final String time, final boolean GMT, final String distributions) throws IOException {","public int newgroups(final String date, final String time, final boolean GMT, final String distributions) throws IOException { time = null;",19,
org/apache/commons/net/nntp/NNTP.java,487,NullifyInputVariable,"public int newgroups(final String date, final String time, final boolean GMT, final String distributions) throws IOException {","public int newgroups(final String date, final String time, final boolean GMT, final String distributions) throws IOException { date = null;",20,
org/apache/commons/net/nntp/NNTP.java,468,NullifyInputVariable,public int listActive(final String wildmat) throws IOException {,public int listActive(final String wildmat) throws IOException { wildmat = null;,21,
org/apache/commons/net/nntp/NNTP.java,422,NullifyInputVariable,public int ihave(final String messageId) throws IOException {,public int ihave(final String messageId) throws IOException { messageId = null;,22,
org/apache/commons/net/nntp/NNTP.java,395,NullifyInputVariable,public int head(final String messageId) throws IOException {,public int head(final String messageId) throws IOException { messageId = null;,23,
org/apache/commons/net/nntp/NNTP.java,343,NullifyInputVariable,public int group(final String newsgroup) throws IOException {,public int group(final String newsgroup) throws IOException { newsgroup = null;,24,
org/apache/commons/net/nntp/NNTP.java,249,NullifyInputVariable,public int body(final String messageId) throws IOException {,public int body(final String messageId) throws IOException { messageId = null;,25,
org/apache/commons/net/nntp/NNTP.java,196,NullifyInputVariable,public int authinfoUser(final String user) throws IOException {,public int authinfoUser(final String user) throws IOException { user = null;,26,
org/apache/commons/net/nntp/NNTP.java,181,NullifyInputVariable,public int authinfoPass(final String password) throws IOException {,public int authinfoPass(final String password) throws IOException { password = null;,27,
org/apache/commons/net/nntp/NNTP.java,166,NullifyInputVariable,public int article(final String messageId) throws IOException {,public int article(final String messageId) throws IOException { messageId = null;,28,
org/apache/commons/net/nntp/NNTP.java,745,NullifyInputVariable,public int xover(final String selectedArticles) throws IOException {,public int xover(final String selectedArticles) throws IOException { selectedArticles = null;,6,
org/apache/commons/net/nntp/NNTP.java,726,NullifyInputVariable,"public int xhdr(final String header, final String selectedArticles) throws IOException {","public int xhdr(final String header, final String selectedArticles) throws IOException { selectedArticles = null;",7,
org/apache/commons/net/nntp/NNTP.java,726,NullifyInputVariable,"public int xhdr(final String header, final String selectedArticles) throws IOException {","public int xhdr(final String header, final String selectedArticles) throws IOException { header = null;",8,
org/apache/commons/net/nntp/NNTP.java,709,NullifyInputVariable,public int stat(final String messageId) throws IOException {,public int stat(final String messageId) throws IOException { messageId = null;,9,
org/apache/commons/net/nntp/NNTPClient.java,198,NullifyInputVariable,"public boolean authenticate(final String user, final String password) throws IOException {","public boolean authenticate(final String user, final String password) throws IOException { user = null;",100,
org/apache/commons/net/nntp/NNTPClient.java,182,NullifyInputVariable,"private ArticleInfo ap2ai(@SuppressWarnings(""deprecation"") final ArticlePointer ap) {","private ArticleInfo ap2ai(@SuppressWarnings(""deprecation"") final ArticlePointer ap) { ap = null;",101,
org/apache/commons/net/nntp/NNTPClient.java,175,NullifyInputVariable,"private void ai2ap(final ArticleInfo ai, final ArticlePointer ap) {","private void ai2ap(final ArticleInfo ai, final ArticlePointer ap) { ap = null;",102,
org/apache/commons/net/nntp/NNTPClient.java,175,NullifyInputVariable,"private void ai2ap(final ArticleInfo ai, final ArticlePointer ap) {","private void ai2ap(final ArticleInfo ai, final ArticlePointer ap) { ai = null;",103,
org/apache/commons/net/nntp/NNTPClient.java,128,NullifyInputVariable,static NewsgroupInfo parseNewsgroupListEntry(final String entry) {,static NewsgroupInfo parseNewsgroupListEntry(final String entry) { entry = null;,104,
org/apache/commons/net/nntp/NNTPClient.java,103,NullifyInputVariable,"private static void parseGroupReply(final String reply, final NewsgroupInfo info) throws MalformedServerReplyException {","private static void parseGroupReply(final String reply, final NewsgroupInfo info) throws MalformedServerReplyException { info = null;",105,
org/apache/commons/net/nntp/NNTPClient.java,103,NullifyInputVariable,"private static void parseGroupReply(final String reply, final NewsgroupInfo info) throws MalformedServerReplyException {","private static void parseGroupReply(final String reply, final NewsgroupInfo info) throws MalformedServerReplyException { reply = null;",106,
org/apache/commons/net/nntp/NNTPClient.java,74,NullifyInputVariable,static Article parseArticleEntry(final String line) {,static Article parseArticleEntry(final String line) { line = null;,107,
org/apache/commons/net/nntp/NNTPClient.java,615,RelationalOperatorReplacement,if ((size = list.size()) < 1) {,if ((size = list.size()) >= 1) {,269,
org/apache/commons/net/nntp/NNTPClient.java,550,RelationalOperatorReplacement,"if (tokens.length >= 3) { // OK, we can parset the line","if (tokens.length < 3) { // OK, we can parset the line",272,
org/apache/commons/net/nntp/NNTPClient.java,438,RelationalOperatorReplacement,if (size < 1) {,if (size >= 1) {,274,
org/apache/commons/net/nntp/NNTPClient.java,130,RelationalOperatorReplacement,if (tokens.length < 4) {,if (tokens.length >= 4) {,283,
org/apache/commons/net/nntp/NNTPClient.java,105,RelationalOperatorReplacement,if (tokens.length >= 5) {,if (tokens.length < 5) {,284,
org/apache/commons/net/nntp/NNTPClient.java,82,RelationalOperatorReplacement,if (parts.length > 6) {,if (parts.length <= 6) {,285,
org/apache/commons/net/nntp/NNTPClient.java,1458,NullifyInputVariable,public boolean selectPreviousArticle(final ArticlePointer pointer) throws IOException {,public boolean selectPreviousArticle(final ArticlePointer pointer) throws IOException { pointer = null;,41,
org/apache/commons/net/nntp/NNTPClient.java,1439,NullifyInputVariable,public boolean selectPreviousArticle(final ArticleInfo pointer) throws IOException {,public boolean selectPreviousArticle(final ArticleInfo pointer) throws IOException { pointer = null;,42,
org/apache/commons/net/nntp/NNTPClient.java,1405,NullifyInputVariable,public boolean selectNextArticle(final ArticlePointer pointer) throws IOException {,public boolean selectNextArticle(final ArticlePointer pointer) throws IOException { pointer = null;,43,
org/apache/commons/net/nntp/NNTPClient.java,1386,NullifyInputVariable,public boolean selectNextArticle(final ArticleInfo pointer) throws IOException {,public boolean selectNextArticle(final ArticleInfo pointer) throws IOException { pointer = null;,44,
org/apache/commons/net/nntp/NNTPClient.java,1350,NullifyInputVariable,"public boolean selectNewsgroup(final String newsgroup, final NewsgroupInfo info) throws IOException {","public boolean selectNewsgroup(final String newsgroup, final NewsgroupInfo info) throws IOException { info = null;",45,
org/apache/commons/net/nntp/NNTPClient.java,1350,NullifyInputVariable,"public boolean selectNewsgroup(final String newsgroup, final NewsgroupInfo info) throws IOException {","public boolean selectNewsgroup(final String newsgroup, final NewsgroupInfo info) throws IOException { newsgroup = null;",46,
org/apache/commons/net/nntp/NNTPClient.java,1333,NullifyInputVariable,public boolean selectNewsgroup(final String newsgroup) throws IOException {,public boolean selectNewsgroup(final String newsgroup) throws IOException { newsgroup = null;,47,
org/apache/commons/net/nntp/NNTPClient.java,1318,NullifyInputVariable,"public boolean selectArticle(final String articleId, final ArticlePointer pointer) throws IOException {","public boolean selectArticle(final String articleId, final ArticlePointer pointer) throws IOException { pointer = null;",48,
org/apache/commons/net/nntp/NNTPClient.java,1318,NullifyInputVariable,"public boolean selectArticle(final String articleId, final ArticlePointer pointer) throws IOException {","public boolean selectArticle(final String articleId, final ArticlePointer pointer) throws IOException { articleId = null;",49,
org/apache/commons/net/nntp/NNTPClient.java,1294,NullifyInputVariable,"public boolean selectArticle(final String articleId, final ArticleInfo pointer) throws IOException {","public boolean selectArticle(final String articleId, final ArticleInfo pointer) throws IOException { pointer = null;",50,
org/apache/commons/net/nntp/NNTPClient.java,1294,NullifyInputVariable,"public boolean selectArticle(final String articleId, final ArticleInfo pointer) throws IOException {","public boolean selectArticle(final String articleId, final ArticleInfo pointer) throws IOException { articleId = null;",51,
org/apache/commons/net/nntp/NNTPClient.java,1274,NullifyInputVariable,public boolean selectArticle(final String articleId) throws IOException {,public boolean selectArticle(final String articleId) throws IOException { articleId = null;,52,
org/apache/commons/net/nntp/NNTPClient.java,1255,NullifyInputVariable,"public boolean selectArticle(final long articleNumber, final ArticleInfo pointer) throws IOException {","public boolean selectArticle(final long articleNumber, final ArticleInfo pointer) throws IOException { pointer = null;",53,
org/apache/commons/net/nntp/NNTPClient.java,1222,NullifyInputVariable,"public boolean selectArticle(final int a, final ArticlePointer ap) throws IOException {","public boolean selectArticle(final int a, final ArticlePointer ap) throws IOException { ap = null;",54,
org/apache/commons/net/nntp/NNTPClient.java,1195,NullifyInputVariable,public boolean selectArticle(final ArticlePointer pointer) throws IOException {,public boolean selectArticle(final ArticlePointer pointer) throws IOException { pointer = null;,55,
org/apache/commons/net/nntp/NNTPClient.java,1184,NullifyInputVariable,public boolean selectArticle(final ArticleInfo pointer) throws IOException {,public boolean selectArticle(final ArticleInfo pointer) throws IOException { pointer = null;,56,
org/apache/commons/net/nntp/NNTPClient.java,1169,NullifyInputVariable,"private BufferedReader retrieveHeader(final String header, final String articleRange) throws IOException {","private BufferedReader retrieveHeader(final String header, final String articleRange) throws IOException { articleRange = null;",57,
org/apache/commons/net/nntp/NNTPClient.java,1169,NullifyInputVariable,"private BufferedReader retrieveHeader(final String header, final String articleRange) throws IOException {","private BufferedReader retrieveHeader(final String header, final String articleRange) throws IOException { header = null;",58,
org/apache/commons/net/nntp/NNTPClient.java,1154,NullifyInputVariable,"public BufferedReader retrieveHeader(final String header, final long lowArticleNumber, final long highArticleNumber) throws IOException {","public BufferedReader retrieveHeader(final String header, final long lowArticleNumber, final long highArticleNumber) throws IOException { header = null;",59,
org/apache/commons/net/nntp/NNTPClient.java,1141,NullifyInputVariable,"public BufferedReader retrieveHeader(final String header, final long articleNumber) throws IOException {","public BufferedReader retrieveHeader(final String header, final long articleNumber) throws IOException { header = null;",60,
org/apache/commons/net/nntp/NNTPClient.java,1129,NullifyInputVariable,"public Reader retrieveHeader(final String header, final int lowArticleNumber, final int highArticleNumber) throws IOException {","public Reader retrieveHeader(final String header, final int lowArticleNumber, final int highArticleNumber) throws IOException { header = null;",61,
org/apache/commons/net/nntp/NNTPClient.java,1116,NullifyInputVariable,"public Reader retrieveHeader(final String a, final int b) throws IOException {","public Reader retrieveHeader(final String a, final int b) throws IOException { a = null;",62,
org/apache/commons/net/nntp/NNTPClient.java,1100,NullifyInputVariable,private BufferedReader retrieveArticleInfo(final String articleRange) throws IOException {,private BufferedReader retrieveArticleInfo(final String articleRange) throws IOException { articleRange = null;,63,
org/apache/commons/net/nntp/NNTPClient.java,1038,NullifyInputVariable,"public Reader retrieveArticleHeader(final String articleId, final ArticlePointer pointer) throws IOException {","public Reader retrieveArticleHeader(final String articleId, final ArticlePointer pointer) throws IOException { pointer = null;",64,
org/apache/commons/net/nntp/NNTPClient.java,1038,NullifyInputVariable,"public Reader retrieveArticleHeader(final String articleId, final ArticlePointer pointer) throws IOException {","public Reader retrieveArticleHeader(final String articleId, final ArticlePointer pointer) throws IOException { articleId = null;",65,
org/apache/commons/net/nntp/NNTPClient.java,1025,NullifyInputVariable,"public BufferedReader retrieveArticleHeader(final String articleId, final ArticleInfo pointer) throws IOException {","public BufferedReader retrieveArticleHeader(final String articleId, final ArticleInfo pointer) throws IOException { pointer = null;",66,
org/apache/commons/net/nntp/NNTPClient.java,1025,NullifyInputVariable,"public BufferedReader retrieveArticleHeader(final String articleId, final ArticleInfo pointer) throws IOException {","public BufferedReader retrieveArticleHeader(final String articleId, final ArticleInfo pointer) throws IOException { articleId = null;",67,
org/apache/commons/net/nntp/NNTPClient.java,996,NullifyInputVariable,public Reader retrieveArticleHeader(final String articleId) throws IOException {,public Reader retrieveArticleHeader(final String articleId) throws IOException { articleId = null;,68,
org/apache/commons/net/nntp/NNTPClient.java,985,NullifyInputVariable,"public BufferedReader retrieveArticleHeader(final long articleNumber, final ArticleInfo pointer) throws IOException {","public BufferedReader retrieveArticleHeader(final long articleNumber, final ArticleInfo pointer) throws IOException { pointer = null;",69,
org/apache/commons/net/nntp/NNTPClient.java,943,NullifyInputVariable,"public Reader retrieveArticleHeader(final int a, final ArticlePointer ap) throws IOException {","public Reader retrieveArticleHeader(final int a, final ArticlePointer ap) throws IOException { ap = null;",70,
org/apache/commons/net/nntp/NNTPClient.java,907,NullifyInputVariable,"public Reader retrieveArticleBody(final String articleId, final ArticlePointer pointer) throws IOException {","public Reader retrieveArticleBody(final String articleId, final ArticlePointer pointer) throws IOException { pointer = null;",71,
org/apache/commons/net/nntp/NNTPClient.java,907,NullifyInputVariable,"public Reader retrieveArticleBody(final String articleId, final ArticlePointer pointer) throws IOException {","public Reader retrieveArticleBody(final String articleId, final ArticlePointer pointer) throws IOException { articleId = null;",72,
org/apache/commons/net/nntp/NNTPClient.java,894,NullifyInputVariable,"public BufferedReader retrieveArticleBody(final String articleId, final ArticleInfo pointer) throws IOException {","public BufferedReader retrieveArticleBody(final String articleId, final ArticleInfo pointer) throws IOException { pointer = null;",73,
org/apache/commons/net/nntp/NNTPClient.java,894,NullifyInputVariable,"public BufferedReader retrieveArticleBody(final String articleId, final ArticleInfo pointer) throws IOException {","public BufferedReader retrieveArticleBody(final String articleId, final ArticleInfo pointer) throws IOException { articleId = null;",74,
org/apache/commons/net/nntp/NNTPClient.java,865,NullifyInputVariable,public Reader retrieveArticleBody(final String articleId) throws IOException {,public Reader retrieveArticleBody(final String articleId) throws IOException { articleId = null;,75,
org/apache/commons/net/nntp/NNTPClient.java,854,NullifyInputVariable,"public BufferedReader retrieveArticleBody(final long articleNumber, final ArticleInfo pointer) throws IOException {","public BufferedReader retrieveArticleBody(final long articleNumber, final ArticleInfo pointer) throws IOException { pointer = null;",76,
org/apache/commons/net/nntp/NNTPClient.java,812,NullifyInputVariable,"public Reader retrieveArticleBody(final int a, final ArticlePointer ap) throws IOException {","public Reader retrieveArticleBody(final int a, final ArticlePointer ap) throws IOException { ap = null;",77,
org/apache/commons/net/nntp/NNTPClient.java,776,NullifyInputVariable,"public Reader retrieveArticle(final String articleId, final ArticlePointer pointer) throws IOException {","public Reader retrieveArticle(final String articleId, final ArticlePointer pointer) throws IOException { pointer = null;",78,
org/apache/commons/net/nntp/NNTPClient.java,776,NullifyInputVariable,"public Reader retrieveArticle(final String articleId, final ArticlePointer pointer) throws IOException {","public Reader retrieveArticle(final String articleId, final ArticlePointer pointer) throws IOException { articleId = null;",79,
org/apache/commons/net/nntp/NNTPClient.java,763,NullifyInputVariable,"public BufferedReader retrieveArticle(final String articleId, final ArticleInfo pointer) throws IOException {","public BufferedReader retrieveArticle(final String articleId, final ArticleInfo pointer) throws IOException { pointer = null;",80,
org/apache/commons/net/nntp/NNTPClient.java,763,NullifyInputVariable,"public BufferedReader retrieveArticle(final String articleId, final ArticleInfo pointer) throws IOException {","public BufferedReader retrieveArticle(final String articleId, final ArticleInfo pointer) throws IOException { articleId = null;",81,
org/apache/commons/net/nntp/NNTPClient.java,735,NullifyInputVariable,public Reader retrieveArticle(final String articleId) throws IOException {,public Reader retrieveArticle(final String articleId) throws IOException { articleId = null;,82,
org/apache/commons/net/nntp/NNTPClient.java,724,NullifyInputVariable,"public BufferedReader retrieveArticle(final long articleNumber, final ArticleInfo pointer) throws IOException {","public BufferedReader retrieveArticle(final long articleNumber, final ArticleInfo pointer) throws IOException { pointer = null;",83,
org/apache/commons/net/nntp/NNTPClient.java,682,NullifyInputVariable,"public Reader retrieveArticle(final int articleNumber, final ArticlePointer pointer) throws IOException {","public Reader retrieveArticle(final int articleNumber, final ArticlePointer pointer) throws IOException { pointer = null;",84,
org/apache/commons/net/nntp/NNTPClient.java,637,NullifyInputVariable,"private BufferedReader retrieve(final int command, final String articleId, final ArticleInfo pointer) throws IOException {","private BufferedReader retrieve(final int command, final String articleId, final ArticleInfo pointer) throws IOException { pointer = null;",85,
org/apache/commons/net/nntp/NNTPClient.java,637,NullifyInputVariable,"private BufferedReader retrieve(final int command, final String articleId, final ArticleInfo pointer) throws IOException {","private BufferedReader retrieve(final int command, final String articleId, final ArticleInfo pointer) throws IOException { articleId = null;",86,
org/apache/commons/net/nntp/NNTPClient.java,625,NullifyInputVariable,"private BufferedReader retrieve(final int command, final long articleNumber, final ArticleInfo pointer) throws IOException {","private BufferedReader retrieve(final int command, final long articleNumber, final ArticleInfo pointer) throws IOException { pointer = null;",87,
org/apache/commons/net/nntp/NNTPClient.java,548,NullifyInputVariable,"private void parseArticlePointer(final String reply, final ArticleInfo pointer) throws MalformedServerReplyException {","private void parseArticlePointer(final String reply, final ArticleInfo pointer) throws MalformedServerReplyException { pointer = null;",88,
org/apache/commons/net/nntp/NNTPClient.java,548,NullifyInputVariable,"private void parseArticlePointer(final String reply, final ArticleInfo pointer) throws MalformedServerReplyException {","private void parseArticlePointer(final String reply, final ArticleInfo pointer) throws MalformedServerReplyException { reply = null;",89,
org/apache/commons/net/nntp/NNTPClient.java,501,NullifyInputVariable,public NewsgroupInfo[] listNewsgroups(final String wildmat) throws IOException {,public NewsgroupInfo[] listNewsgroups(final String wildmat) throws IOException { wildmat = null;,90,
org/apache/commons/net/nntp/NNTPClient.java,462,NullifyInputVariable,public NewsgroupInfo[] listNewNewsgroups(final NewGroupsOrNewsQuery query) throws IOException {,public NewsgroupInfo[] listNewNewsgroups(final NewGroupsOrNewsQuery query) throws IOException { query = null;,91,
org/apache/commons/net/nntp/NNTPClient.java,423,NullifyInputVariable,public String[] listNewNews(final NewGroupsOrNewsQuery query) throws IOException {,public String[] listNewNews(final NewGroupsOrNewsQuery query) throws IOException { query = null;,92,
org/apache/commons/net/nntp/NNTPClient.java,384,NullifyInputVariable,public Iterable<NewsgroupInfo> iterateNewsgroups(final String wildmat) throws IOException {,public Iterable<NewsgroupInfo> iterateNewsgroups(final String wildmat) throws IOException { wildmat = null;,93,
org/apache/commons/net/nntp/NNTPClient.java,353,NullifyInputVariable,public Iterable<String> iterateNewsgroupListing(final String wildmat) throws IOException {,public Iterable<String> iterateNewsgroupListing(final String wildmat) throws IOException { wildmat = null;,94,
org/apache/commons/net/nntp/NNTPClient.java,322,NullifyInputVariable,public Iterable<NewsgroupInfo> iterateNewNewsgroups(final NewGroupsOrNewsQuery query) throws IOException {,public Iterable<NewsgroupInfo> iterateNewNewsgroups(final NewGroupsOrNewsQuery query) throws IOException { query = null;,95,
org/apache/commons/net/nntp/NNTPClient.java,302,NullifyInputVariable,public Iterable<String> iterateNewNewsgroupListing(final NewGroupsOrNewsQuery query) throws IOException {,public Iterable<String> iterateNewNewsgroupListing(final NewGroupsOrNewsQuery query) throws IOException { query = null;,96,
org/apache/commons/net/nntp/NNTPClient.java,282,NullifyInputVariable,public Iterable<String> iterateNewNews(final NewGroupsOrNewsQuery query) throws IOException {,public Iterable<String> iterateNewNews(final NewGroupsOrNewsQuery query) throws IOException { query = null;,97,
org/apache/commons/net/nntp/NNTPClient.java,242,NullifyInputVariable,public Writer forwardArticle(final String articleId) throws IOException {,public Writer forwardArticle(final String articleId) throws IOException { articleId = null;,98,
org/apache/commons/net/nntp/NNTPClient.java,198,NullifyInputVariable,"public boolean authenticate(final String user, final String password) throws IOException {","public boolean authenticate(final String user, final String password) throws IOException { password = null;",99,
org/apache/commons/net/nntp/NNTPReply.java,198,RelationalOperatorReplacement,return reply >= 300 && reply < 400;,return reply >= 300 && reply >= 400;,16,
org/apache/commons/net/nntp/NNTPReply.java,198,RelationalOperatorReplacement,return reply >= 300 && reply < 400;,return reply < 300 && reply < 400;,17,
org/apache/commons/net/nntp/NNTPReply.java,186,RelationalOperatorReplacement,return reply >= 200 && reply < 300;,return reply >= 200 && reply >= 300;,18,
org/apache/commons/net/nntp/NNTPReply.java,186,RelationalOperatorReplacement,return reply >= 200 && reply < 300;,return reply < 200 && reply < 300;,19,
org/apache/commons/net/nntp/NNTPReply.java,175,RelationalOperatorReplacement,return reply >= 400 && reply < 500;,return reply >= 400 && reply >= 500;,20,
org/apache/commons/net/nntp/NNTPReply.java,175,RelationalOperatorReplacement,return reply >= 400 && reply < 500;,return reply < 400 && reply < 500;,21,
org/apache/commons/net/nntp/NNTPReply.java,163,RelationalOperatorReplacement,return reply >= 500 && reply < 600;,return reply >= 500 && reply >= 600;,22,
org/apache/commons/net/nntp/NNTPReply.java,163,RelationalOperatorReplacement,return reply >= 500 && reply < 600;,return reply < 500 && reply < 600;,23,
org/apache/commons/net/nntp/NNTPReply.java,152,RelationalOperatorReplacement,return reply >= 100 && reply < 200;,return reply >= 100 && reply >= 200;,24,
org/apache/commons/net/nntp/NNTPReply.java,152,RelationalOperatorReplacement,return reply >= 100 && reply < 200;,return reply < 100 && reply < 200;,25,
org/apache/commons/net/nntp/NewGroupsOrNewsQuery.java,70,RelationalOperatorReplacement,if (num >= 2) {,if (num < 2) {,36,
org/apache/commons/net/nntp/NewGroupsOrNewsQuery.java,245,NullifyInputVariable,public void omitNewsgroup(final String newsgroup) {,public void omitNewsgroup(final String newsgroup) { newsgroup = null;,5,
org/apache/commons/net/nntp/NewGroupsOrNewsQuery.java,176,NullifyInputVariable,public void addNewsgroup(final String newsgroup) {,public void addNewsgroup(final String newsgroup) { newsgroup = null;,6,
org/apache/commons/net/nntp/NewGroupsOrNewsQuery.java,160,NullifyInputVariable,public void addDistribution(final String distribution) {,public void addDistribution(final String distribution) { distribution = null;,7,
org/apache/commons/net/nntp/NewsgroupInfo.java,132,NullifyInputVariable,void setNewsgroup(final String newsgroup) {,void setNewsgroup(final String newsgroup) { newsgroup = null;,1,
org/apache/commons/net/nntp/NntpThreadContainer.java,36,NullifyInputVariable,boolean findChild(final NntpThreadContainer target) {,boolean findChild(final NntpThreadContainer target) { target = null;,15,
org/apache/commons/net/nntp/SimpleNNTPHeader.java,89,NullifyInputVariable,public void addNewsgroup(final String newsgroup) {,public void addNewsgroup(final String newsgroup) { newsgroup = null;,1,
org/apache/commons/net/nntp/SimpleNNTPHeader.java,140,RelationalOperatorReplacement,if (headerFields.length() > 0) {,if (headerFields.length() <= 0) {,18,
org/apache/commons/net/nntp/SimpleNNTPHeader.java,90,RelationalOperatorReplacement,if (newsgroupCount++ > 0) {,if (newsgroupCount++ <= 0) {,19,
org/apache/commons/net/nntp/SimpleNNTPHeader.java,77,NullifyInputVariable,"public void addHeaderField(final String headerField, final String value) {","public void addHeaderField(final String headerField, final String value) { value = null;",2,
org/apache/commons/net/nntp/SimpleNNTPHeader.java,77,NullifyInputVariable,"public void addHeaderField(final String headerField, final String value) {","public void addHeaderField(final String headerField, final String value) { headerField = null;",3,
org/apache/commons/net/nntp/Threader.java,423,NullifyInputVariable,public Threadable thread(final Threadable[] messages) {,public Threadable thread(final Threadable[] messages) { messages = null;,81,
org/apache/commons/net/nntp/Threader.java,409,NullifyInputVariable,public Threadable thread(final List<? extends Threadable> messages) {,public Threadable thread(final List<? extends Threadable> messages) { messages = null;,82,
org/apache/commons/net/nntp/Threader.java,359,NullifyInputVariable,public Threadable thread(final Iterable<? extends Threadable> messages) {,public Threadable thread(final Iterable<? extends Threadable> messages) { messages = null;,83,
org/apache/commons/net/nntp/Threader.java,297,NullifyInputVariable,private void pruneEmptyContainers(final NntpThreadContainer parent) {,private void pruneEmptyContainers(final NntpThreadContainer parent) { parent = null;,84,
org/apache/commons/net/nntp/Threader.java,159,NullifyInputVariable,private void gatherSubjects(final NntpThreadContainer root) {,private void gatherSubjects(final NntpThreadContainer root) { root = null;,85,
org/apache/commons/net/nntp/Threader.java,139,NullifyInputVariable,"private NntpThreadContainer findRootSet(final HashMap<String, NntpThreadContainer> idTable) {","private NntpThreadContainer findRootSet(final HashMap<String, NntpThreadContainer> idTable) { idTable = null;",86,
org/apache/commons/net/nntp/Threader.java,39,NullifyInputVariable,"private void buildContainer(final Threadable threadable, final HashMap<String, NntpThreadContainer> idTable) {","private void buildContainer(final Threadable threadable, final HashMap<String, NntpThreadContainer> idTable) { idTable = null;",87,
org/apache/commons/net/nntp/Threader.java,39,NullifyInputVariable,"private void buildContainer(final Threadable threadable, final HashMap<String, NntpThreadContainer> idTable) {","private void buildContainer(final Threadable threadable, final HashMap<String, NntpThreadContainer> idTable) { threadable = null;",88,
org/apache/commons/net/ntp/NTPUDPClient.java,62,NullifyInputVariable,"public TimeInfo getTime(final InetAddress host, final int port) throws IOException {","public TimeInfo getTime(final InetAddress host, final int port) throws IOException { host = null;",3,
org/apache/commons/net/ntp/NTPUDPClient.java,48,NullifyInputVariable,public TimeInfo getTime(final InetAddress host) throws IOException {,public TimeInfo getTime(final InetAddress host) throws IOException { host = null;,4,
org/apache/commons/net/ntp/NtpUtils.java,82,NullifyInputVariable,public static String getReferenceClock(final NtpV3Packet message) {,public static String getReferenceClock(final NtpV3Packet message) { message = null;,13,
org/apache/commons/net/ntp/NtpUtils.java,70,NullifyInputVariable,public static String getRefAddress(final NtpV3Packet packet) {,public static String getRefAddress(final NtpV3Packet packet) { packet = null;,14,
org/apache/commons/net/ntp/NtpUtils.java,92,RelationalOperatorReplacement,for (int shiftBits = 24; shiftBits >= 0; shiftBits -= 8) {,for (int shiftBits = 24; shiftBits < 0; shiftBits -= 8) {,30,
org/apache/commons/net/ntp/NtpV3Impl.java,555,RelationalOperatorReplacement,for (int i = 7; i >= 0; i--) {,for (int i = 7; i < 0; i--) {,164,
org/apache/commons/net/ntp/NtpV3Impl.java,426,RelationalOperatorReplacement,for (int i = 3; i >= 0; i--) {,for (int i = 3; i < 0; i--) {,166,
org/apache/commons/net/ntp/NtpV3Impl.java,415,RelationalOperatorReplacement,dp.setPort(port > 0 ? port : NTP_PORT);,dp.setPort(port <= 0 ? port : NTP_PORT);,167,
org/apache/commons/net/ntp/NtpV3Impl.java,408,RelationalOperatorReplacement,if (len > buf.length) {,if (len <= buf.length) {,168,
org/apache/commons/net/ntp/NtpV3Impl.java,403,RelationalOperatorReplacement,if (srcDp == null || srcDp.getLength() < buf.length) {,if (srcDp == null || srcDp.getLength() >= buf.length) {,169,
org/apache/commons/net/ntp/NtpV3Impl.java,385,RelationalOperatorReplacement,for (int i = 0; i <= 3; i++) {,for (int i = 0; i > 3; i++) {,172,
org/apache/commons/net/ntp/NtpV3Impl.java,236,RelationalOperatorReplacement,if (stratum >= 2) {,if (stratum < 2) {,173,
org/apache/commons/net/ntp/NtpV3Impl.java,568,NullifyInputVariable,public void setTransmitTime(final TimeStamp ts) {,public void setTransmitTime(final TimeStamp ts) { ts = null;,49,
org/apache/commons/net/ntp/NtpV3Impl.java,551,NullifyInputVariable,"private void setTimestamp(final int index, final TimeStamp t) {","private void setTimestamp(final int index, final TimeStamp t) { t = null;",50,
org/apache/commons/net/ntp/NtpV3Impl.java,509,NullifyInputVariable,public void setReferenceTime(final TimeStamp ts) {,public void setReferenceTime(final TimeStamp ts) { ts = null;,51,
org/apache/commons/net/ntp/NtpV3Impl.java,489,NullifyInputVariable,public void setReceiveTimeStamp(final TimeStamp ts) {,public void setReceiveTimeStamp(final TimeStamp ts) { ts = null;,52,
org/apache/commons/net/ntp/NtpV3Impl.java,458,NullifyInputVariable,public void setOriginateTimeStamp(final TimeStamp ts) {,public void setOriginateTimeStamp(final TimeStamp ts) { ts = null;,53,
org/apache/commons/net/ntp/NtpV3Impl.java,402,NullifyInputVariable,public void setDatagramPacket(final DatagramPacket srcDp) {,public void setDatagramPacket(final DatagramPacket srcDp) { srcDp = null;,54,
org/apache/commons/net/ntp/NtpV3Impl.java,89,NullifyInputVariable,public boolean equals(final Object obj) {,public boolean equals(final Object obj) { obj = null;,55,
org/apache/commons/net/ntp/TimeInfo.java,222,NullifyInputVariable,public boolean equals(final Object obj) {,public boolean equals(final Object obj) { obj = null;,23,
org/apache/commons/net/ntp/TimeInfo.java,108,NullifyInputVariable,public void addComment(final String comment) {,public void addComment(final String comment) { comment = null;,24,
org/apache/commons/net/ntp/TimeInfo.java,205,RelationalOperatorReplacement,if (origTimeMillis > returnTimeMillis) {,if (origTimeMillis <= returnTimeMillis) {,46,
org/apache/commons/net/ntp/TimeInfo.java,190,RelationalOperatorReplacement,if (deltaMillis <= delayValueMillis) {,if (deltaMillis > delayValueMillis) {,49,
org/apache/commons/net/ntp/TimeInfo.java,182,RelationalOperatorReplacement,if (xmitTimeMillis < rcvTimeMillis) {,if (xmitTimeMillis >= rcvTimeMillis) {,50,
org/apache/commons/net/ntp/TimeInfo.java,161,RelationalOperatorReplacement,if (origTimeMillis > returnTimeMillis) {,if (origTimeMillis <= returnTimeMillis) {,53,
org/apache/commons/net/ntp/TimeStamp.java,65,RelationalOperatorReplacement,for (int i = s.length(); i < 8; i++) {,for (int i = s.length(); i >= 8; i++) {,100,
org/apache/commons/net/ntp/TimeStamp.java,404,NullifyInputVariable,private void writeObject(final java.io.ObjectOutputStream out) {,private void writeObject(final java.io.ObjectOutputStream out) { out = null;,28,
org/apache/commons/net/ntp/TimeStamp.java,345,NullifyInputVariable,private void readObject(final java.io.ObjectInputStream in) {,private void readObject(final java.io.ObjectInputStream in) { in = null;,29,
org/apache/commons/net/ntp/TimeStamp.java,274,NullifyInputVariable,public boolean equals(final Object obj) {,public boolean equals(final Object obj) { obj = null;,30,
org/apache/commons/net/ntp/TimeStamp.java,260,NullifyInputVariable,public int compareTo(final TimeStamp anotherTimeStamp) {,public int compareTo(final TimeStamp anotherTimeStamp) { anotherTimeStamp = null;,31,
org/apache/commons/net/ntp/TimeStamp.java,162,NullifyInputVariable,public static TimeStamp parseNtpString(final String s) throws NumberFormatException {,public static TimeStamp parseNtpString(final String s) throws NumberFormatException { s = null;,32,
org/apache/commons/net/ntp/TimeStamp.java,79,NullifyInputVariable,protected static long decodeNtpHexString(final String hexString) throws NumberFormatException {,protected static long decodeNtpHexString(final String hexString) throws NumberFormatException { hexString = null;,33,
org/apache/commons/net/ntp/TimeStamp.java,63,NullifyInputVariable,"private static void appendHexString(final StringBuilder buf, final long l) {","private static void appendHexString(final StringBuilder buf, final long l) { buf = null;",34,
org/apache/commons/net/ntp/TimeStamp.java,173,RelationalOperatorReplacement,final boolean useBase1 = millis < msb0baseTime; // time < Feb-2036,final boolean useBase1 = millis >= msb0baseTime; // time < Feb-2036,96,
org/apache/commons/net/pop3/ExtendedPOP3Client.java,129,RelationalOperatorReplacement,if ((element & 0x0FF) <= 15) {,if ((element & 0x0FF) > 15) {,19,
org/apache/commons/net/pop3/ExtendedPOP3Client.java,88,NullifyInputVariable,"throws IOException, NoSuchAlgorithmException, InvalidKeyException, InvalidKeySpecException {","throws IOException, NoSuchAlgorithmException, InvalidKeyException, InvalidKeySpecException { password = null;",5,
org/apache/commons/net/pop3/ExtendedPOP3Client.java,88,NullifyInputVariable,"throws IOException, NoSuchAlgorithmException, InvalidKeyException, InvalidKeySpecException {","throws IOException, NoSuchAlgorithmException, InvalidKeyException, InvalidKeySpecException { user = null;",6,
org/apache/commons/net/pop3/ExtendedPOP3Client.java,88,NullifyInputVariable,"throws IOException, NoSuchAlgorithmException, InvalidKeyException, InvalidKeySpecException {","throws IOException, NoSuchAlgorithmException, InvalidKeyException, InvalidKeySpecException { method = null;",7,
org/apache/commons/net/pop3/POP3.java,274,NullifyInputVariable,"public int sendCommand(final String command, final String args) throws IOException {","public int sendCommand(final String command, final String args) throws IOException { args = null;",5,
org/apache/commons/net/pop3/POP3.java,274,NullifyInputVariable,"public int sendCommand(final String command, final String args) throws IOException {","public int sendCommand(final String command, final String args) throws IOException { command = null;",6,
org/apache/commons/net/pop3/POP3.java,262,NullifyInputVariable,public int sendCommand(final String command) throws IOException {,public int sendCommand(final String command) throws IOException { command = null;,7,
org/apache/commons/net/pop3/POP3.java,251,NullifyInputVariable,"public int sendCommand(final int command, final String args) throws IOException {","public int sendCommand(final int command, final String args) throws IOException { args = null;",8,
org/apache/commons/net/pop3/POP3.java,228,NullifyInputVariable,public void removeProtocolCommandistener(final org.apache.commons.net.ProtocolCommandListener listener) {,public void removeProtocolCommandistener(final org.apache.commons.net.ProtocolCommandListener listener) { listener = null;,9,
org/apache/commons/net/pop3/POP3Client.java,279,NullifyInputVariable,"public boolean login(final String user, String timestamp, final String secret) throws IOException, NoSuchAlgorithmException {","public boolean login(final String user, String timestamp, final String secret) throws IOException, NoSuchAlgorithmException { secret = null;",10,
org/apache/commons/net/pop3/POP3Client.java,279,NullifyInputVariable,"public boolean login(final String user, String timestamp, final String secret) throws IOException, NoSuchAlgorithmException {","public boolean login(final String user, String timestamp, final String secret) throws IOException, NoSuchAlgorithmException { user = null;",12,
org/apache/commons/net/pop3/POP3Client.java,242,NullifyInputVariable,"public boolean login(final String user, final String password) throws IOException {","public boolean login(final String user, final String password) throws IOException { password = null;",13,
org/apache/commons/net/pop3/POP3Client.java,242,NullifyInputVariable,"public boolean login(final String user, final String password) throws IOException {","public boolean login(final String user, final String password) throws IOException { user = null;",14,
org/apache/commons/net/pop3/POP3Client.java,47,NullifyInputVariable,private static POP3MessageInfo parseStatus(final String line) {,private static POP3MessageInfo parseStatus(final String line) { line = null;,16,
org/apache/commons/net/pop3/POP3Client.java,404,RelationalOperatorReplacement,if (numLines < 0 || getState() != TRANSACTION_STATE) {,if (numLines >= 0 || getState() != TRANSACTION_STATE) {,54,
org/apache/commons/net/pop3/POP3Client.java,297,RelationalOperatorReplacement,if (digit <= 15) { // Add leading zero if necessary (NET-351),if (digit > 15) { // Add leading zero if necessary (NET-351),64,
org/apache/commons/net/pop3/POP3Client.java,295,RelationalOperatorReplacement,for (i = 0; i < digest.length; i++) {,for (i = 0; i >= digest.length; i++) {,65,
org/apache/commons/net/pop3/POP3SClient.java,339,NullifyInputVariable,public void setHostnameVerifier(final HostnameVerifier newHostnameVerifier) {,public void setHostnameVerifier(final HostnameVerifier newHostnameVerifier) { newHostnameVerifier = null;,10,
org/apache/commons/net/pop3/POP3SClient.java,319,NullifyInputVariable,public void setEnabledProtocols(final String[] protocolVersions) {,public void setEnabledProtocols(final String[] protocolVersions) { protocolVersions = null;,11,
org/apache/commons/net/pop3/POP3SClient.java,310,NullifyInputVariable,public void setEnabledCipherSuites(final String[] cipherSuites) {,public void setEnabledCipherSuites(final String[] cipherSuites) { cipherSuites = null;,12,
org/apache/commons/net/pop3/POP3SClient.java,359,NullifyInputVariable,public void setTrustManager(final TrustManager newTrustManager) {,public void setTrustManager(final TrustManager newTrustManager) { newTrustManager = null;,8,
org/apache/commons/net/pop3/POP3SClient.java,349,NullifyInputVariable,public void setKeyManager(final KeyManager newKeyManager) {,public void setKeyManager(final KeyManager newKeyManager) { newKeyManager = null;,9,
org/apache/commons/net/smtp/AuthenticatingSMTPClient.java,236,NullifyInputVariable,public int ehlo(final String hostname) throws IOException {,public int ehlo(final String hostname) throws IOException { hostname = null;,10,
org/apache/commons/net/smtp/AuthenticatingSMTPClient.java,167,NullifyInputVariable,"throws IOException, NoSuchAlgorithmException, InvalidKeyException, InvalidKeySpecException {","throws IOException, NoSuchAlgorithmException, InvalidKeyException, InvalidKeySpecException { password = null;",11,
org/apache/commons/net/smtp/AuthenticatingSMTPClient.java,167,NullifyInputVariable,"throws IOException, NoSuchAlgorithmException, InvalidKeyException, InvalidKeySpecException {","throws IOException, NoSuchAlgorithmException, InvalidKeyException, InvalidKeySpecException { user = null;",12,
org/apache/commons/net/smtp/AuthenticatingSMTPClient.java,167,NullifyInputVariable,"throws IOException, NoSuchAlgorithmException, InvalidKeyException, InvalidKeySpecException {","throws IOException, NoSuchAlgorithmException, InvalidKeyException, InvalidKeySpecException { method = null;",13,
org/apache/commons/net/smtp/AuthenticatingSMTPClient.java,66,NullifyInputVariable,public static final String getAuthName(final AUTH_METHOD method) {,public static final String getAuthName(final AUTH_METHOD method) { method = null;,14,
org/apache/commons/net/smtp/AuthenticatingSMTPClient.java,218,RelationalOperatorReplacement,if ((element & 0x0FF) <= 15) {,if ((element & 0x0FF) > 15) {,34,
org/apache/commons/net/smtp/AuthenticatingSMTPClient.java,273,NullifyInputVariable,public boolean elogin(final String hostname) throws IOException {,public boolean elogin(final String hostname) throws IOException { hostname = null;,9,
org/apache/commons/net/smtp/RelayPath.java,55,NullifyInputVariable,public void addRelay(final String hostname) {,public void addRelay(final String hostname) { hostname = null;,1,
org/apache/commons/net/smtp/SMTP.java,550,NullifyInputVariable,public int soml(final String reversePath) throws IOException {,public int soml(final String reversePath) throws IOException { reversePath = null;,10,
org/apache/commons/net/smtp/SMTP.java,201,RelationalOperatorReplacement,if (length < 3) {,if (length >= 3) {,100,
org/apache/commons/net/smtp/SMTP.java,518,NullifyInputVariable,"private int sendCommand(final String command, final String args, final boolean includeSpace) throws IOException {","private int sendCommand(final String command, final String args, final boolean includeSpace) throws IOException { args = null;",11,
org/apache/commons/net/smtp/SMTP.java,518,NullifyInputVariable,"private int sendCommand(final String command, final String args, final boolean includeSpace) throws IOException {","private int sendCommand(final String command, final String args, final boolean includeSpace) throws IOException { command = null;",12,
org/apache/commons/net/smtp/SMTP.java,505,NullifyInputVariable,"public int sendCommand(final String command, final String args) throws IOException {","public int sendCommand(final String command, final String args) throws IOException { args = null;",13,
org/apache/commons/net/smtp/SMTP.java,505,NullifyInputVariable,"public int sendCommand(final String command, final String args) throws IOException {","public int sendCommand(final String command, final String args) throws IOException { command = null;",14,
org/apache/commons/net/smtp/SMTP.java,489,NullifyInputVariable,public int sendCommand(final String command) throws IOException {,public int sendCommand(final String command) throws IOException { command = null;,15,
org/apache/commons/net/smtp/SMTP.java,474,NullifyInputVariable,"private int sendCommand(final int command, final String args, final boolean includeSpace) throws IOException {","private int sendCommand(final int command, final String args, final boolean includeSpace) throws IOException { args = null;",16,
org/apache/commons/net/smtp/SMTP.java,462,NullifyInputVariable,"public int sendCommand(final int command, final String args) throws IOException {","public int sendCommand(final int command, final String args) throws IOException { args = null;",17,
org/apache/commons/net/smtp/SMTP.java,431,NullifyInputVariable,public int send(final String reversePath) throws IOException {,public int send(final String reversePath) throws IOException { reversePath = null;,18,
org/apache/commons/net/smtp/SMTP.java,417,NullifyInputVariable,public int saml(final String reversePath) throws IOException {,public int saml(final String reversePath) throws IOException { reversePath = null;,19,
org/apache/commons/net/smtp/SMTP.java,390,NullifyInputVariable,public void removeProtocolCommandistener(final org.apache.commons.net.ProtocolCommandListener listener) {,public void removeProtocolCommandistener(final org.apache.commons.net.ProtocolCommandListener listener) { listener = null;,20,
org/apache/commons/net/smtp/SMTP.java,378,NullifyInputVariable,public int rcpt(final String forwardPath) throws IOException {,public int rcpt(final String forwardPath) throws IOException { forwardPath = null;,21,
org/apache/commons/net/smtp/SMTP.java,338,NullifyInputVariable,public int mail(final String reversePath) throws IOException {,public int mail(final String reversePath) throws IOException { reversePath = null;,22,
org/apache/commons/net/smtp/SMTP.java,324,NullifyInputVariable,public int help(final String command) throws IOException {,public int help(final String command) throws IOException { command = null;,23,
org/apache/commons/net/smtp/SMTP.java,297,NullifyInputVariable,public int helo(final String hostname) throws IOException {,public int helo(final String hostname) throws IOException { hostname = null;,24,
org/apache/commons/net/smtp/SMTP.java,163,NullifyInputVariable,public int expn(final String name) throws IOException {,public int expn(final String name) throws IOException { name = null;,25,
org/apache/commons/net/smtp/SMTP.java,577,NullifyInputVariable,public int vrfy(final String user) throws IOException {,public int vrfy(final String user) throws IOException { user = null;,9,
org/apache/commons/net/smtp/SMTP.java,228,RelationalOperatorReplacement,} while (!(line.length() >= 4 && line.charAt(3) != '-' && Character.isDigit(line.charAt(0))));,} while (!(line.length() < 4 && line.charAt(3) != '-' && Character.isDigit(line.charAt(0))));,96,
org/apache/commons/net/smtp/SMTP.java,215,RelationalOperatorReplacement,if (length > 3 && line.charAt(3) == '-') {,if (length <= 3 && line.charAt(3) == '-') {,99,
org/apache/commons/net/smtp/SMTPClient.java,418,NullifyInputVariable,public boolean setSender(final String address) throws IOException {,public boolean setSender(final String address) throws IOException { address = null;,10,
org/apache/commons/net/smtp/SMTPClient.java,403,NullifyInputVariable,public boolean setSender(final RelayPath path) throws IOException {,public boolean setSender(final RelayPath path) throws IOException { path = null;,11,
org/apache/commons/net/smtp/SMTPClient.java,376,NullifyInputVariable,"public boolean sendSimpleMessage(final String sender, final String[] recipients, final String message) throws IOException {","public boolean sendSimpleMessage(final String sender, final String[] recipients, final String message) throws IOException { message = null;",12,
org/apache/commons/net/smtp/SMTPClient.java,376,NullifyInputVariable,"public boolean sendSimpleMessage(final String sender, final String[] recipients, final String message) throws IOException {","public boolean sendSimpleMessage(final String sender, final String[] recipients, final String message) throws IOException { recipients = null;",13,
org/apache/commons/net/smtp/SMTPClient.java,376,NullifyInputVariable,"public boolean sendSimpleMessage(final String sender, final String[] recipients, final String message) throws IOException {","public boolean sendSimpleMessage(final String sender, final String[] recipients, final String message) throws IOException { sender = null;",14,
org/apache/commons/net/smtp/SMTPClient.java,348,NullifyInputVariable,"public boolean sendSimpleMessage(final String sender, final String recipient, final String message) throws IOException {","public boolean sendSimpleMessage(final String sender, final String recipient, final String message) throws IOException { message = null;",15,
org/apache/commons/net/smtp/SMTPClient.java,348,NullifyInputVariable,"public boolean sendSimpleMessage(final String sender, final String recipient, final String message) throws IOException {","public boolean sendSimpleMessage(final String sender, final String recipient, final String message) throws IOException { recipient = null;",16,
org/apache/commons/net/smtp/SMTPClient.java,348,NullifyInputVariable,"public boolean sendSimpleMessage(final String sender, final String recipient, final String message) throws IOException {","public boolean sendSimpleMessage(final String sender, final String recipient, final String message) throws IOException { sender = null;",17,
org/apache/commons/net/smtp/SMTPClient.java,324,NullifyInputVariable,public boolean sendShortMessageData(final String message) throws IOException {,public boolean sendShortMessageData(final String message) throws IOException { message = null;,18,
org/apache/commons/net/smtp/SMTPClient.java,235,NullifyInputVariable,public boolean login(final String hostname) throws IOException {,public boolean login(final String hostname) throws IOException { hostname = null;,19,
org/apache/commons/net/smtp/SMTPClient.java,198,NullifyInputVariable,public String listHelp(final String command) throws IOException {,public String listHelp(final String command) throws IOException { command = null;,20,
org/apache/commons/net/smtp/SMTPClient.java,139,NullifyInputVariable,public boolean addRecipient(final String address) throws IOException {,public boolean addRecipient(final String address) throws IOException { address = null;,21,
org/apache/commons/net/smtp/SMTPClient.java,124,NullifyInputVariable,public boolean addRecipient(final RelayPath path) throws IOException {,public boolean addRecipient(final RelayPath path) throws IOException { path = null;,22,
org/apache/commons/net/smtp/SMTPClient.java,432,NullifyInputVariable,public boolean verify(final String user) throws IOException {,public boolean verify(final String user) throws IOException { user = null;,9,
org/apache/commons/net/smtp/SMTPReply.java,148,RelationalOperatorReplacement,return reply >= 100 && reply < 200;,return reply >= 100 && reply >= 200;,16,
org/apache/commons/net/smtp/SMTPReply.java,148,RelationalOperatorReplacement,return reply >= 100 && reply < 200;,return reply < 100 && reply < 200;,17,
org/apache/commons/net/smtp/SMTPReply.java,133,RelationalOperatorReplacement,return reply >= 300 && reply < 400;,return reply >= 300 && reply >= 400;,18,
org/apache/commons/net/smtp/SMTPReply.java,133,RelationalOperatorReplacement,return reply >= 300 && reply < 400;,return reply < 300 && reply < 400;,19,
org/apache/commons/net/smtp/SMTPReply.java,121,RelationalOperatorReplacement,return reply >= 200 && reply < 300;,return reply >= 200 && reply >= 300;,20,
org/apache/commons/net/smtp/SMTPReply.java,121,RelationalOperatorReplacement,return reply >= 200 && reply < 300;,return reply < 200 && reply < 300;,21,
org/apache/commons/net/smtp/SMTPReply.java,110,RelationalOperatorReplacement,return reply >= 400 && reply < 500;,return reply >= 400 && reply >= 500;,22,
org/apache/commons/net/smtp/SMTPReply.java,110,RelationalOperatorReplacement,return reply >= 400 && reply < 500;,return reply < 400 && reply < 500;,23,
org/apache/commons/net/smtp/SMTPReply.java,99,RelationalOperatorReplacement,return reply >= 500 && reply < 600;,return reply >= 500 && reply >= 600;,24,
org/apache/commons/net/smtp/SMTPReply.java,99,RelationalOperatorReplacement,return reply >= 500 && reply < 600;,return reply < 500 && reply < 600;,25,
org/apache/commons/net/smtp/SMTPSClient.java,358,NullifyInputVariable,public void setKeyManager(final KeyManager newKeyManager) {,public void setKeyManager(final KeyManager newKeyManager) { newKeyManager = null;,10,
org/apache/commons/net/smtp/SMTPSClient.java,348,NullifyInputVariable,public void setHostnameVerifier(final HostnameVerifier newHostnameVerifier) {,public void setHostnameVerifier(final HostnameVerifier newHostnameVerifier) { newHostnameVerifier = null;,11,
org/apache/commons/net/smtp/SMTPSClient.java,328,NullifyInputVariable,public void setEnabledProtocols(final String[] protocolVersions) {,public void setEnabledProtocols(final String[] protocolVersions) { protocolVersions = null;,12,
org/apache/commons/net/smtp/SMTPSClient.java,319,NullifyInputVariable,public void setEnabledCipherSuites(final String[] cipherSuites) {,public void setEnabledCipherSuites(final String[] cipherSuites) { cipherSuites = null;,13,
org/apache/commons/net/smtp/SMTPSClient.java,368,NullifyInputVariable,public void setTrustManager(final TrustManager newTrustManager) {,public void setTrustManager(final TrustManager newTrustManager) { newTrustManager = null;,9,
org/apache/commons/net/smtp/SimpleSMTPHeader.java,103,NullifyInputVariable,"public void addHeaderField(final String headerField, final String value) {","public void addHeaderField(final String headerField, final String value) { headerField = null;",10,
org/apache/commons/net/smtp/SimpleSMTPHeader.java,81,NullifyInputVariable,public void addCC(final String address) {,public void addCC(final String address) { address = null;,11,
org/apache/commons/net/smtp/SimpleSMTPHeader.java,129,RelationalOperatorReplacement,if (headerFields.length() > 0) {,if (headerFields.length() <= 0) {,25,
org/apache/commons/net/smtp/SimpleSMTPHeader.java,103,NullifyInputVariable,"public void addHeaderField(final String headerField, final String value) {","public void addHeaderField(final String headerField, final String value) { value = null;",9,
org/apache/commons/net/telnet/Telnet.java,568,RelationalOperatorReplacement,if (doResponse[option] > 0 && stateIsDont(option)) {,if (doResponse[option] <= 0 && stateIsDont(option)) {,186,
org/apache/commons/net/telnet/Telnet.java,566,RelationalOperatorReplacement,if (doResponse[option] > 0) {,if (doResponse[option] <= 0) {,187,
org/apache/commons/net/telnet/Telnet.java,525,RelationalOperatorReplacement,if (doResponse[option] > 0 && stateIsDo(option)) {,if (doResponse[option] <= 0 && stateIsDo(option)) {,190,
org/apache/commons/net/telnet/Telnet.java,523,RelationalOperatorReplacement,if (doResponse[option] > 0) {,if (doResponse[option] <= 0) {,191,
org/apache/commons/net/telnet/Telnet.java,488,RelationalOperatorReplacement,for (int ii = 0; ii < suboptionLength; ii++) {,for (int ii = 0; ii >= suboptionLength; ii++) {,196,
org/apache/commons/net/telnet/Telnet.java,486,RelationalOperatorReplacement,} else if (suboptionLength > 1) {,} else if (suboptionLength <= 1) {,197,
org/apache/commons/net/telnet/Telnet.java,482,RelationalOperatorReplacement,if (suboptionLength > 0) {,if (suboptionLength <= 0) {,199,
org/apache/commons/net/telnet/Telnet.java,442,RelationalOperatorReplacement,if (willResponse[option] > 0 && stateIsWont(option)) {,if (willResponse[option] <= 0 && stateIsWont(option)) {,201,
org/apache/commons/net/telnet/Telnet.java,440,RelationalOperatorReplacement,if (willResponse[option] > 0) {,if (willResponse[option] <= 0) {,202,
org/apache/commons/net/telnet/Telnet.java,389,RelationalOperatorReplacement,if (willResponse[option] > 0 && stateIsWill(option)) {,if (willResponse[option] <= 0 && stateIsWill(option)) {,205,
org/apache/commons/net/telnet/Telnet.java,387,RelationalOperatorReplacement,if (willResponse[option] > 0) {,if (willResponse[option] <= 0) {,206,
org/apache/commons/net/telnet/Telnet.java,171,RelationalOperatorReplacement,for (int ii = 0; ii < TelnetOption.MAX_OPTION_VALUE + 1; ii++) {,for (int ii = 0; ii >= TelnetOption.MAX_OPTION_VALUE + 1; ii++) {,218,
org/apache/commons/net/telnet/Telnet.java,155,RelationalOperatorReplacement,for (int ii = 0; ii < TelnetOption.MAX_OPTION_VALUE + 1; ii++) {,for (int ii = 0; ii >= TelnetOption.MAX_OPTION_VALUE + 1; ii++) {,220,
org/apache/commons/net/telnet/Telnet.java,599,NullifyInputVariable,public void registerNotifHandler(final TelnetNotificationHandler notifhand) {,public void registerNotifHandler(final TelnetNotificationHandler notifhand) { notifhand = null;,80,
org/apache/commons/net/telnet/Telnet.java,285,NullifyInputVariable,"void addOptionHandler(final TelnetOptionHandler opthand) throws InvalidTelnetOptionException, IOException {","void addOptionHandler(final TelnetOptionHandler opthand) throws InvalidTelnetOptionException, IOException { opthand = null;",81,
org/apache/commons/net/telnet/Telnet.java,205,NullifyInputVariable,"final boolean _sendAYT(final Duration timeout) throws IOException, IllegalArgumentException, InterruptedException {","final boolean _sendAYT(final Duration timeout) throws IOException, IllegalArgumentException, InterruptedException { timeout = null;",82,
org/apache/commons/net/telnet/Telnet.java,191,NullifyInputVariable,void _registerSpyStream(final OutputStream spystream) {,void _registerSpyStream(final OutputStream spystream) { spystream = null;,83,
org/apache/commons/net/telnet/TelnetClient.java,270,NullifyInputVariable,public void registerNotifHandler(final TelnetNotificationHandler notifhand) {,public void registerNotifHandler(final TelnetNotificationHandler notifhand) { notifhand = null;,10,
org/apache/commons/net/telnet/TelnetClient.java,260,NullifyInputVariable,public synchronized void registerInputListener(final TelnetInputListener listener) {,public synchronized void registerInputListener(final TelnetInputListener listener) { listener = null;,11,
org/apache/commons/net/telnet/TelnetClient.java,116,NullifyInputVariable,"public void addOptionHandler(final TelnetOptionHandler opthand) throws InvalidTelnetOptionException, IOException {","public void addOptionHandler(final TelnetOptionHandler opthand) throws InvalidTelnetOptionException, IOException { opthand = null;",12,
org/apache/commons/net/telnet/TelnetClient.java,350,RelationalOperatorReplacement,if (message.length < 1) {,if (message.length >= 1) {,46,
org/apache/commons/net/telnet/TelnetClient.java,296,NullifyInputVariable,"public boolean sendAYT(final Duration timeout) throws IOException, IllegalArgumentException, InterruptedException {","public boolean sendAYT(final Duration timeout) throws IOException, IllegalArgumentException, InterruptedException { timeout = null;",8,
org/apache/commons/net/telnet/TelnetClient.java,280,NullifyInputVariable,public void registerSpyStream(final OutputStream spystream) {,public void registerSpyStream(final OutputStream spystream) { spystream = null;,9,
org/apache/commons/net/telnet/TelnetCommand.java,118,RelationalOperatorReplacement,return code <= FIRST_COMMAND && code >= LAST_COMMAND;,return code <= FIRST_COMMAND && code < LAST_COMMAND;,7,
org/apache/commons/net/telnet/TelnetCommand.java,118,RelationalOperatorReplacement,return code <= FIRST_COMMAND && code >= LAST_COMMAND;,return code > FIRST_COMMAND && code >= LAST_COMMAND;,8,
org/apache/commons/net/telnet/TelnetInputStream.java,560,RelationalOperatorReplacement,if (priority > Thread.MAX_PRIORITY) {,if (priority <= Thread.MAX_PRIORITY) {,49,
org/apache/commons/net/telnet/TelnetInputStream.java,491,RelationalOperatorReplacement,if ((ch = read(true)) < 0) {,if ((ch = read(true)) >= 0) {,51,
org/apache/commons/net/telnet/TelnetInputStream.java,478,RelationalOperatorReplacement,} while (--length > 0 && (ch = read()) != EOF);,} while (--length <= 0 && (ch = read()) != EOF);,53,
org/apache/commons/net/telnet/TelnetInputStream.java,465,RelationalOperatorReplacement,if (length > bytesAvailable) {,if (length <= bytesAvailable) {,55,
org/apache/commons/net/telnet/TelnetInputStream.java,459,RelationalOperatorReplacement,if (length < 1) {,if (length >= 1) {,56,
org/apache/commons/net/telnet/TelnetInputStream.java,414,RelationalOperatorReplacement,if (suboptionCount < suboption.length) {,if (suboptionCount >= suboption.length) {,57,
org/apache/commons/net/telnet/TelnetInputStream.java,397,RelationalOperatorReplacement,if (suboptionCount < suboption.length) {,if (suboptionCount >= suboption.length) {,58,
org/apache/commons/net/telnet/TelnetInputStream.java,281,RelationalOperatorReplacement,if ((ch = super.read()) < 0) {,if ((ch = super.read()) >= 0) {,62,
org/apache/commons/net/telnet/TelnetInputStream.java,243,RelationalOperatorReplacement,if (++queueHead >= queue.length) {,if (++queueHead < queue.length) {,65,
org/apache/commons/net/telnet/TelnetInputStream.java,233,RelationalOperatorReplacement,while (super.available() > 0 && bytesAvailable < queue.length - 1);,while (super.available() > 0 && bytesAvailable >= queue.length - 1);,66,
org/apache/commons/net/telnet/TelnetInputStream.java,233,RelationalOperatorReplacement,while (super.available() > 0 && bytesAvailable < queue.length - 1);,while (super.available() <= 0 && bytesAvailable < queue.length - 1);,67,
org/apache/commons/net/telnet/TelnetInputStream.java,199,RelationalOperatorReplacement,if ((ch = read(mayBlock)) < 0) { // must be EOF,if ((ch = read(mayBlock)) >= 0) { // must be EOF,70,
org/apache/commons/net/telnet/TelnetInputStream.java,153,RelationalOperatorReplacement,if (++queueTail >= queue.length) {,if (++queueTail < queue.length) {,73,
org/apache/commons/net/telnet/TelnetInputStream.java,129,RelationalOperatorReplacement,while (bytesAvailable >= queue.length - 1) {,while (bytesAvailable < queue.length - 1) {,74,
org/apache/commons/net/telnet/TelnetOption.java,284,RelationalOperatorReplacement,return code <= LAST_OPTION;,return code > LAST_OPTION;,5,
org/apache/commons/net/telnet/TelnetOutputStream.java,77,RelationalOperatorReplacement,while (length-- > 0) {,while (length-- <= 0) {,13,
org/apache/commons/net/telnet/TerminalTypeOptionHandler.java,86,RelationalOperatorReplacement,for (int ii = 0; ii < termType.length(); ii++) {,for (int ii = 0; ii >= termType.length(); ii++) {,11,
org/apache/commons/net/telnet/TerminalTypeOptionHandler.java,79,RelationalOperatorReplacement,if (suboptionData != null && suboptionLength > 1 && termType != null) {,if (suboptionData != null && suboptionLength <= 1 && termType != null) {,15,
org/apache/commons/net/telnet/WindowSizeOptionHandler.java,118,RelationalOperatorReplacement,"nIndex = 1, nShift = 24; nIndex < nResponseSize; nIndex++, nShift -= 8) {","nIndex = 1, nShift = 24; nIndex >= nResponseSize; nIndex++, nShift -= 8) {",20,
org/apache/commons/net/tftp/TFTP.java,258,NullifyInputVariable,"protected void trace(final String direction, final TFTPPacket packet) {","protected void trace(final String direction, final TFTPPacket packet) { packet = null;",2,
org/apache/commons/net/tftp/TFTP.java,258,NullifyInputVariable,"protected void trace(final String direction, final TFTPPacket packet) {","protected void trace(final String direction, final TFTPPacket packet) { direction = null;",3,
org/apache/commons/net/tftp/TFTP.java,243,NullifyInputVariable,public final void send(final TFTPPacket packet) throws IOException {,public final void send(final TFTPPacket packet) throws IOException { packet = null;,4,
org/apache/commons/net/tftp/TFTP.java,179,NullifyInputVariable,public final void bufferedSend(final TFTPPacket packet) throws IOException {,public final void bufferedSend(final TFTPPacket packet) throws IOException { packet = null;,5,
org/apache/commons/net/tftp/TFTPAckPacket.java,111,NullifyInputVariable,"DatagramPacket newDatagram(final DatagramPacket datagram, final byte[] data) {","DatagramPacket newDatagram(final DatagramPacket datagram, final byte[] data) { datagram = null;",5,
org/apache/commons/net/tftp/TFTPClient.java,432,NullifyInputVariable,"throws UnknownHostException, IOException {","throws UnknownHostException, IOException { hostname = null;",13,
org/apache/commons/net/tftp/TFTPClient.java,432,NullifyInputVariable,"throws UnknownHostException, IOException {","throws UnknownHostException, IOException { input = null;",14,
org/apache/commons/net/tftp/TFTPClient.java,432,NullifyInputVariable,"throws UnknownHostException, IOException {","throws UnknownHostException, IOException { fileName = null;",15,
org/apache/commons/net/tftp/TFTPClient.java,414,NullifyInputVariable,"public void sendFile(final String fileName, final int mode, final InputStream input, final String hostname) throws UnknownHostException, IOException {","public void sendFile(final String fileName, final int mode, final InputStream input, final String hostname) throws UnknownHostException, IOException { hostname = null;",16,
org/apache/commons/net/tftp/TFTPClient.java,414,NullifyInputVariable,"public void sendFile(final String fileName, final int mode, final InputStream input, final String hostname) throws UnknownHostException, IOException {","public void sendFile(final String fileName, final int mode, final InputStream input, final String hostname) throws UnknownHostException, IOException { input = null;",17,
org/apache/commons/net/tftp/TFTPClient.java,414,NullifyInputVariable,"public void sendFile(final String fileName, final int mode, final InputStream input, final String hostname) throws UnknownHostException, IOException {","public void sendFile(final String fileName, final int mode, final InputStream input, final String hostname) throws UnknownHostException, IOException { fileName = null;",18,
org/apache/commons/net/tftp/TFTPClient.java,291,NullifyInputVariable,"public void sendFile(final String fileName, final int mode, InputStream input, InetAddress host, final int port) throws IOException {","public void sendFile(final String fileName, final int mode, InputStream input, InetAddress host, final int port) throws IOException { fileName = null;",21,
org/apache/commons/net/tftp/TFTPClient.java,275,NullifyInputVariable,"public void sendFile(final String fileName, final int mode, final InputStream input, final InetAddress host) throws IOException {","public void sendFile(final String fileName, final int mode, final InputStream input, final InetAddress host) throws IOException { host = null;",22,
org/apache/commons/net/tftp/TFTPClient.java,275,NullifyInputVariable,"public void sendFile(final String fileName, final int mode, final InputStream input, final InetAddress host) throws IOException {","public void sendFile(final String fileName, final int mode, final InputStream input, final InetAddress host) throws IOException { input = null;",23,
org/apache/commons/net/tftp/TFTPClient.java,275,NullifyInputVariable,"public void sendFile(final String fileName, final int mode, final InputStream input, final InetAddress host) throws IOException {","public void sendFile(final String fileName, final int mode, final InputStream input, final InetAddress host) throws IOException { fileName = null;",24,
org/apache/commons/net/tftp/TFTPClient.java,261,NullifyInputVariable,"throws UnknownHostException, IOException {","throws UnknownHostException, IOException { hostname = null;",25,
org/apache/commons/net/tftp/TFTPClient.java,261,NullifyInputVariable,"throws UnknownHostException, IOException {","throws UnknownHostException, IOException { output = null;",26,
org/apache/commons/net/tftp/TFTPClient.java,261,NullifyInputVariable,"throws UnknownHostException, IOException {","throws UnknownHostException, IOException { fileName = null;",27,
org/apache/commons/net/tftp/TFTPClient.java,242,NullifyInputVariable,"public int receiveFile(final String fileName, final int mode, final OutputStream output, final String hostname) throws UnknownHostException, IOException {","public int receiveFile(final String fileName, final int mode, final OutputStream output, final String hostname) throws UnknownHostException, IOException { hostname = null;",28,
org/apache/commons/net/tftp/TFTPClient.java,242,NullifyInputVariable,"public int receiveFile(final String fileName, final int mode, final OutputStream output, final String hostname) throws UnknownHostException, IOException {","public int receiveFile(final String fileName, final int mode, final OutputStream output, final String hostname) throws UnknownHostException, IOException { output = null;",29,
org/apache/commons/net/tftp/TFTPClient.java,242,NullifyInputVariable,"public int receiveFile(final String fileName, final int mode, final OutputStream output, final String hostname) throws UnknownHostException, IOException {","public int receiveFile(final String fileName, final int mode, final OutputStream output, final String hostname) throws UnknownHostException, IOException { fileName = null;",30,
org/apache/commons/net/tftp/TFTPClient.java,122,NullifyInputVariable,"public int receiveFile(final String fileName, final int mode, OutputStream output, InetAddress host, final int port) throws IOException {","public int receiveFile(final String fileName, final int mode, OutputStream output, InetAddress host, final int port) throws IOException { fileName = null;",33,
org/apache/commons/net/tftp/TFTPClient.java,105,NullifyInputVariable,"public int receiveFile(final String fileName, final int mode, final OutputStream output, final InetAddress host) throws IOException {","public int receiveFile(final String fileName, final int mode, final OutputStream output, final InetAddress host) throws IOException { host = null;",34,
org/apache/commons/net/tftp/TFTPClient.java,105,NullifyInputVariable,"public int receiveFile(final String fileName, final int mode, final OutputStream output, final InetAddress host) throws IOException {","public int receiveFile(final String fileName, final int mode, final OutputStream output, final InetAddress host) throws IOException { output = null;",35,
org/apache/commons/net/tftp/TFTPClient.java,105,NullifyInputVariable,"public int receiveFile(final String fileName, final int mode, final OutputStream output, final InetAddress host) throws IOException {","public int receiveFile(final String fileName, final int mode, final OutputStream output, final InetAddress host) throws IOException { fileName = null;",36,
org/apache/commons/net/tftp/TFTPClient.java,390,RelationalOperatorReplacement,if (totalThisPacket < TFTPPacket.SEGMENT_SIZE) {,if (totalThisPacket >= TFTPPacket.SEGMENT_SIZE) {,81,
org/apache/commons/net/tftp/TFTPClient.java,385,RelationalOperatorReplacement,"while (dataLength > 0 && (bytesRead = input.read(sendBuffer, offset, dataLength)) > 0) {","while (dataLength > 0 && (bytesRead = input.read(sendBuffer, offset, dataLength)) <= 0) {",82,
org/apache/commons/net/tftp/TFTPClient.java,385,RelationalOperatorReplacement,"while (dataLength > 0 && (bytesRead = input.read(sendBuffer, offset, dataLength)) > 0) {","while (dataLength <= 0 && (bytesRead = input.read(sendBuffer, offset, dataLength)) > 0) {",83,
org/apache/commons/net/tftp/TFTPClient.java,368,RelationalOperatorReplacement,if (++timeouts >= maxTimeouts) {,if (++timeouts < maxTimeouts) {,84,
org/apache/commons/net/tftp/TFTPClient.java,351,RelationalOperatorReplacement,if (block > 65535) {,if (block <= 65535) {,85,
org/apache/commons/net/tftp/TFTPClient.java,211,RelationalOperatorReplacement,if (++timeouts >= maxTimeouts) {,if (++timeouts < maxTimeouts) {,91,
org/apache/commons/net/tftp/TFTPClient.java,190,RelationalOperatorReplacement,if (block > 65535) {,if (block <= 65535) {,94,
org/apache/commons/net/tftp/TFTPDataPacket.java,172,NullifyInputVariable,"DatagramPacket newDatagram(final DatagramPacket datagram, final byte[] data) {","DatagramPacket newDatagram(final DatagramPacket datagram, final byte[] data) { datagram = null;",10,
org/apache/commons/net/tftp/TFTPDataPacket.java,76,RelationalOperatorReplacement,if (this.length > MAX_DATA_LENGTH) {,if (this.length <= MAX_DATA_LENGTH) {,35,
org/apache/commons/net/tftp/TFTPErrorPacket.java,177,NullifyInputVariable,"DatagramPacket newDatagram(final DatagramPacket datagram, final byte[] data) {","DatagramPacket newDatagram(final DatagramPacket datagram, final byte[] data) { datagram = null;",11,
org/apache/commons/net/tftp/TFTPErrorPacket.java,100,RelationalOperatorReplacement,while (index < length && data[index] != 0) {,while (index >= length && data[index] != 0) {,33,
org/apache/commons/net/tftp/TFTPErrorPacket.java,93,RelationalOperatorReplacement,if (length < 5) {,if (length >= 5) {,34,
org/apache/commons/net/tftp/TFTPPacket.java,87,RelationalOperatorReplacement,if (datagram.getLength() < MIN_PACKET_SIZE) {,if (datagram.getLength() >= MIN_PACKET_SIZE) {,22,
org/apache/commons/net/tftp/TFTPPacket.java,190,NullifyInputVariable,public final void setAddress(final InetAddress address) {,public final void setAddress(final InetAddress address) { address = null;,3,
org/apache/commons/net/tftp/TFTPPacket.java,83,NullifyInputVariable,public static final TFTPPacket newTFTPPacket(final DatagramPacket datagram) throws TFTPPacketException {,public static final TFTPPacket newTFTPPacket(final DatagramPacket datagram) throws TFTPPacketException { datagram = null;,4,
org/apache/commons/net/tftp/TFTPRequestPacket.java,189,NullifyInputVariable,"final DatagramPacket newDatagram(final DatagramPacket datagram, final byte[] data) {","final DatagramPacket newDatagram(final DatagramPacket datagram, final byte[] data) { datagram = null;",11,
org/apache/commons/net/tftp/TFTPRequestPacket.java,128,RelationalOperatorReplacement,if (index >= length) {,if (index < length) {,27,
org/apache/commons/net/tftp/TFTPRequestPacket.java,119,RelationalOperatorReplacement,for (index = 0; index < length; index++) {,for (index = 0; index >= length; index++) {,28,
org/apache/commons/net/tftp/TFTPRequestPacket.java,110,RelationalOperatorReplacement,while (index < length && data[index] != 0) {,while (index >= length && data[index] != 0) {,30,
org/apache/commons/net/tftp/TFTPRequestPacket.java,104,RelationalOperatorReplacement,if (index >= length) {,if (index < length) {,31,
org/apache/commons/net/tftp/TFTPRequestPacket.java,97,RelationalOperatorReplacement,while (index < length && data[index] != 0) {,while (index >= length && data[index] != 0) {,33,
org/apache/commons/net/time/TimeUDPClient.java,100,NullifyInputVariable,"public long getTime(final InetAddress host, final int port) throws IOException {","public long getTime(final InetAddress host, final int port) throws IOException { host = null;",12,
org/apache/commons/net/time/TimeUDPClient.java,87,NullifyInputVariable,public long getTime(final InetAddress host) throws IOException {,public long getTime(final InetAddress host) throws IOException { host = null;,13,
org/apache/commons/net/time/TimeUDPClient.java,76,NullifyInputVariable,"public Date getDate(final InetAddress host, final int port) throws IOException {","public Date getDate(final InetAddress host, final int port) throws IOException { host = null;",14,
org/apache/commons/net/time/TimeUDPClient.java,64,NullifyInputVariable,public Date getDate(final InetAddress host) throws IOException {,public Date getDate(final InetAddress host) throws IOException { host = null;,15,
org/apache/commons/net/util/Base64.java,551,RelationalOperatorReplacement,this.lineLength = lineLength > 0 ? lineLength / 4 * 4 : 0;,this.lineLength = lineLength <= 0 ? lineLength / 4 * 4 : 0;,172,
org/apache/commons/net/util/Base64.java,379,RelationalOperatorReplacement,return octet == PAD || octet >= 0 && octet < DECODE_TABLE.length && DECODE_TABLE[octet] != -1;,return octet == PAD || octet >= 0 && octet >= DECODE_TABLE.length && DECODE_TABLE[octet] != -1;,180,
org/apache/commons/net/util/Base64.java,379,RelationalOperatorReplacement,return octet == PAD || octet >= 0 && octet < DECODE_TABLE.length && DECODE_TABLE[octet] != -1;,return octet == PAD || octet < 0 && octet < DECODE_TABLE.length && DECODE_TABLE[octet] != -1;,181,
org/apache/commons/net/util/Base64.java,330,RelationalOperatorReplacement,if (lineSize > 0) {,if (lineSize <= 0) {,184,
org/apache/commons/net/util/Base64.java,200,RelationalOperatorReplacement,if (len > maxResultSize) {,if (len <= maxResultSize) {,186,
org/apache/commons/net/util/Base64.java,144,RelationalOperatorReplacement,"return lineLength > 0 ? encodeBase64Chunked(binaryData, lineLength, lineSeparator)","return lineLength <= 0 ? encodeBase64Chunked(binaryData, lineLength, lineSeparator)",187,
org/apache/commons/net/util/Base64.java,578,NullifyInputVariable,public byte[] decode(final String source) {,public byte[] decode(final String source) { source = null;,39,
org/apache/commons/net/util/Base64.java,414,NullifyInputVariable,private static byte[] toIntegerBytes(final BigInteger bigInt) {,private static byte[] toIntegerBytes(final BigInteger bigInt) { bigInt = null;,40,
org/apache/commons/net/util/Base64.java,305,NullifyInputVariable,public static byte[] encodeInteger(final BigInteger bigInt) {,public static byte[] encodeInteger(final BigInteger bigInt) { bigInt = null;,41,
org/apache/commons/net/util/Base64.java,125,NullifyInputVariable,public static byte[] decodeBase64(final String base64) {,public static byte[] decodeBase64(final String base64) { base64 = null;,42,
org/apache/commons/net/util/Charsets.java,47,NullifyInputVariable,"public static Charset toCharset(final String charsetName, final String defaultCharsetName) {","public static Charset toCharset(final String charsetName, final String defaultCharsetName) { defaultCharsetName = null;",3,
org/apache/commons/net/util/Charsets.java,47,NullifyInputVariable,"public static Charset toCharset(final String charsetName, final String defaultCharsetName) {","public static Charset toCharset(final String charsetName, final String defaultCharsetName) { charsetName = null;",4,
org/apache/commons/net/util/Charsets.java,35,NullifyInputVariable,public static Charset toCharset(final String charsetName) {,public static Charset toCharset(final String charsetName) { charsetName = null;,5,
org/apache/commons/net/util/KeyManagerUtils.java,198,NullifyInputVariable,"final String keyPass) throws IOException, GeneralSecurityException {","final String keyPass) throws IOException, GeneralSecurityException { storeType = null;",10,
org/apache/commons/net/util/KeyManagerUtils.java,180,NullifyInputVariable,"public static KeyManager createClientKeyManager(final KeyStore ks, final String keyAlias, final String keyPass) throws GeneralSecurityException {","public static KeyManager createClientKeyManager(final KeyStore ks, final String keyAlias, final String keyPass) throws GeneralSecurityException { keyPass = null;",11,
org/apache/commons/net/util/KeyManagerUtils.java,180,NullifyInputVariable,"public static KeyManager createClientKeyManager(final KeyStore ks, final String keyAlias, final String keyPass) throws GeneralSecurityException {","public static KeyManager createClientKeyManager(final KeyStore ks, final String keyAlias, final String keyPass) throws GeneralSecurityException { keyAlias = null;",12,
org/apache/commons/net/util/KeyManagerUtils.java,180,NullifyInputVariable,"public static KeyManager createClientKeyManager(final KeyStore ks, final String keyAlias, final String keyPass) throws GeneralSecurityException {","public static KeyManager createClientKeyManager(final KeyStore ks, final String keyAlias, final String keyPass) throws GeneralSecurityException { ks = null;",13,
org/apache/commons/net/util/KeyManagerUtils.java,167,NullifyInputVariable,"throws IOException, GeneralSecurityException {","throws IOException, GeneralSecurityException { keyAlias = null;",14,
org/apache/commons/net/util/KeyManagerUtils.java,167,NullifyInputVariable,"throws IOException, GeneralSecurityException {","throws IOException, GeneralSecurityException { storePass = null;",15,
org/apache/commons/net/util/KeyManagerUtils.java,167,NullifyInputVariable,"throws IOException, GeneralSecurityException {","throws IOException, GeneralSecurityException { storePath = null;",16,
org/apache/commons/net/util/KeyManagerUtils.java,151,NullifyInputVariable,"public static KeyManager createClientKeyManager(final File storePath, final String storePass) throws IOException, GeneralSecurityException {","public static KeyManager createClientKeyManager(final File storePath, final String storePass) throws IOException, GeneralSecurityException { storePass = null;",17,
org/apache/commons/net/util/KeyManagerUtils.java,151,NullifyInputVariable,"public static KeyManager createClientKeyManager(final File storePath, final String storePass) throws IOException, GeneralSecurityException {","public static KeyManager createClientKeyManager(final File storePath, final String storePass) throws IOException, GeneralSecurityException { storePath = null;",18,
org/apache/commons/net/util/KeyManagerUtils.java,133,NullifyInputVariable,"public String[] getServerAliases(final String keyType, final Principal[] issuers) {","public String[] getServerAliases(final String keyType, final Principal[] issuers) { issuers = null;",19,
org/apache/commons/net/util/KeyManagerUtils.java,215,NullifyInputVariable,"throws KeyStoreException, IOException, GeneralSecurityException {","throws KeyStoreException, IOException, GeneralSecurityException { storePass = null;",2,
org/apache/commons/net/util/KeyManagerUtils.java,133,NullifyInputVariable,"public String[] getServerAliases(final String keyType, final Principal[] issuers) {","public String[] getServerAliases(final String keyType, final Principal[] issuers) { keyType = null;",20,
org/apache/commons/net/util/KeyManagerUtils.java,128,NullifyInputVariable,public PrivateKey getPrivateKey(final String alias) {,public PrivateKey getPrivateKey(final String alias) { alias = null;,21,
org/apache/commons/net/util/KeyManagerUtils.java,122,NullifyInputVariable,"public String[] getClientAliases(final String keyType, final Principal[] issuers) {","public String[] getClientAliases(final String keyType, final Principal[] issuers) { issuers = null;",22,
org/apache/commons/net/util/KeyManagerUtils.java,122,NullifyInputVariable,"public String[] getClientAliases(final String keyType, final Principal[] issuers) {","public String[] getClientAliases(final String keyType, final Principal[] issuers) { keyType = null;",23,
org/apache/commons/net/util/KeyManagerUtils.java,117,NullifyInputVariable,public X509Certificate[] getCertificateChain(final String alias) {,public X509Certificate[] getCertificateChain(final String alias) { alias = null;,24,
org/apache/commons/net/util/KeyManagerUtils.java,111,NullifyInputVariable,"public String chooseServerAlias(final String keyType, final Principal[] issuers, final Socket socket) {","public String chooseServerAlias(final String keyType, final Principal[] issuers, final Socket socket) { socket = null;",25,
org/apache/commons/net/util/KeyManagerUtils.java,111,NullifyInputVariable,"public String chooseServerAlias(final String keyType, final Principal[] issuers, final Socket socket) {","public String chooseServerAlias(final String keyType, final Principal[] issuers, final Socket socket) { issuers = null;",26,
org/apache/commons/net/util/KeyManagerUtils.java,111,NullifyInputVariable,"public String chooseServerAlias(final String keyType, final Principal[] issuers, final Socket socket) {","public String chooseServerAlias(final String keyType, final Principal[] issuers, final Socket socket) { keyType = null;",27,
org/apache/commons/net/util/KeyManagerUtils.java,106,NullifyInputVariable,"public String chooseClientAlias(final String[] keyType, final Principal[] issuers, final Socket socket) {","public String chooseClientAlias(final String[] keyType, final Principal[] issuers, final Socket socket) { socket = null;",28,
org/apache/commons/net/util/KeyManagerUtils.java,106,NullifyInputVariable,"public String chooseClientAlias(final String[] keyType, final Principal[] issuers, final Socket socket) {","public String chooseClientAlias(final String[] keyType, final Principal[] issuers, final Socket socket) { issuers = null;",29,
org/apache/commons/net/util/KeyManagerUtils.java,215,NullifyInputVariable,"throws KeyStoreException, IOException, GeneralSecurityException {","throws KeyStoreException, IOException, GeneralSecurityException { storePath = null;",3,
org/apache/commons/net/util/KeyManagerUtils.java,106,NullifyInputVariable,"public String chooseClientAlias(final String[] keyType, final Principal[] issuers, final Socket socket) {","public String chooseClientAlias(final String[] keyType, final Principal[] issuers, final Socket socket) { keyType = null;",30,
org/apache/commons/net/util/KeyManagerUtils.java,215,NullifyInputVariable,"throws KeyStoreException, IOException, GeneralSecurityException {","throws KeyStoreException, IOException, GeneralSecurityException { storeType = null;",4,
org/apache/commons/net/util/KeyManagerUtils.java,203,NullifyInputVariable,private static String findAlias(final KeyStore ks) throws KeyStoreException {,private static String findAlias(final KeyStore ks) throws KeyStoreException { ks = null;,5,
org/apache/commons/net/util/KeyManagerUtils.java,198,NullifyInputVariable,"final String keyPass) throws IOException, GeneralSecurityException {","final String keyPass) throws IOException, GeneralSecurityException { keyPass = null;",6,
org/apache/commons/net/util/KeyManagerUtils.java,198,NullifyInputVariable,"final String keyPass) throws IOException, GeneralSecurityException {","final String keyPass) throws IOException, GeneralSecurityException { keyAlias = null;",7,
org/apache/commons/net/util/KeyManagerUtils.java,198,NullifyInputVariable,"final String keyPass) throws IOException, GeneralSecurityException {","final String keyPass) throws IOException, GeneralSecurityException { storePass = null;",8,
org/apache/commons/net/util/KeyManagerUtils.java,198,NullifyInputVariable,"final String keyPass) throws IOException, GeneralSecurityException {","final String keyPass) throws IOException, GeneralSecurityException { storePath = null;",9,
org/apache/commons/net/util/ListenerList.java,70,NullifyInputVariable,private void writeObject(final ObjectOutputStream out) {,private void writeObject(final ObjectOutputStream out) { out = null;,1,
org/apache/commons/net/util/ListenerList.java,66,NullifyInputVariable,public void removeListener(final EventListener listener) {,public void removeListener(final EventListener listener) { listener = null;,2,
org/apache/commons/net/util/ListenerList.java,58,NullifyInputVariable,private void readObject(final ObjectInputStream in) {,private void readObject(final ObjectInputStream in) { in = null;,3,
org/apache/commons/net/util/ListenerList.java,39,NullifyInputVariable,public void addListener(final EventListener listener) {,public void addListener(final EventListener listener) { listener = null;,4,
org/apache/commons/net/util/SSLContextUtils.java,57,NullifyInputVariable,"public static SSLContext createSSLContext(final String protocol, final KeyManager[] keyManagers, final TrustManager[] trustManagers) throws IOException {","public static SSLContext createSSLContext(final String protocol, final KeyManager[] keyManagers, final TrustManager[] trustManagers) throws IOException { trustManagers = null;",3,
org/apache/commons/net/util/SSLContextUtils.java,57,NullifyInputVariable,"public static SSLContext createSSLContext(final String protocol, final KeyManager[] keyManagers, final TrustManager[] trustManagers) throws IOException {","public static SSLContext createSSLContext(final String protocol, final KeyManager[] keyManagers, final TrustManager[] trustManagers) throws IOException { keyManagers = null;",4,
org/apache/commons/net/util/SSLContextUtils.java,57,NullifyInputVariable,"public static SSLContext createSSLContext(final String protocol, final KeyManager[] keyManagers, final TrustManager[] trustManagers) throws IOException {","public static SSLContext createSSLContext(final String protocol, final KeyManager[] keyManagers, final TrustManager[] trustManagers) throws IOException { protocol = null;",5,
org/apache/commons/net/util/SSLContextUtils.java,43,NullifyInputVariable,"public static SSLContext createSSLContext(final String protocol, final KeyManager keyManager, final TrustManager trustManager) throws IOException {","public static SSLContext createSSLContext(final String protocol, final KeyManager keyManager, final TrustManager trustManager) throws IOException { trustManager = null;",6,
org/apache/commons/net/util/SSLContextUtils.java,43,NullifyInputVariable,"public static SSLContext createSSLContext(final String protocol, final KeyManager keyManager, final TrustManager trustManager) throws IOException {","public static SSLContext createSSLContext(final String protocol, final KeyManager keyManager, final TrustManager trustManager) throws IOException { keyManager = null;",7,
org/apache/commons/net/util/SSLContextUtils.java,43,NullifyInputVariable,"public static SSLContext createSSLContext(final String protocol, final KeyManager keyManager, final TrustManager trustManager) throws IOException {","public static SSLContext createSSLContext(final String protocol, final KeyManager keyManager, final TrustManager trustManager) throws IOException { protocol = null;",8,
org/apache/commons/net/util/SSLSocketUtils.java,36,NullifyInputVariable,public static boolean enableEndpointNameVerification(final SSLSocket socket) {,public static boolean enableEndpointNameVerification(final SSLSocket socket) { socket = null;,2,
org/apache/commons/net/util/SubnetUtils.java,251,RelationalOperatorReplacement,"if (value >= begin && value <= end) { // (begin,end]","if (value >= begin && value > end) { // (begin,end]",117,
org/apache/commons/net/util/SubnetUtils.java,251,RelationalOperatorReplacement,"if (value >= begin && value <= end) { // (begin,end]","if (value < begin && value <= end) { // (begin,end]",118,
org/apache/commons/net/util/SubnetUtils.java,240,RelationalOperatorReplacement,for (int i = 1; i <= 4; ++i) {,for (int i = 1; i > 4; ++i) {,119,
org/apache/commons/net/util/SubnetUtils.java,199,RelationalOperatorReplacement,for (int j = 3; j >= 0; --j) {,for (int j = 3; j < 0; --j) {,120,
org/apache/commons/net/util/SubnetUtils.java,186,RelationalOperatorReplacement,return isInclusiveHostCount() ? network : broadcastLong() - networkLong() > 1 ? network + 1 : 0;,return isInclusiveHostCount() ? network : broadcastLong() - networkLong() <= 1 ? network + 1 : 0;,121,
org/apache/commons/net/util/SubnetUtils.java,171,RelationalOperatorReplacement,return addLong >= lowLong && addLong <= highLong;,return addLong >= lowLong && addLong > highLong;,122,
org/apache/commons/net/util/SubnetUtils.java,171,RelationalOperatorReplacement,return addLong >= lowLong && addLong <= highLong;,return addLong < lowLong && addLong <= highLong;,123,
org/apache/commons/net/util/SubnetUtils.java,153,RelationalOperatorReplacement,return isInclusiveHostCount() ? broadcast : broadcastLong() - networkLong() > 1 ? broadcast - 1 : 0;,return isInclusiveHostCount() ? broadcast : broadcastLong() - networkLong() <= 1 ? broadcast - 1 : 0;,125,
org/apache/commons/net/util/SubnetUtils.java,104,RelationalOperatorReplacement,"for (int add = low(), j = 0; add <= high(); ++add, ++j) {","for (int add = low(), j = 0; add > high(); ++add, ++j) {",126,
org/apache/commons/net/util/SubnetUtils.java,95,RelationalOperatorReplacement,return count < 0 ? 0 : count;,return count >= 0 ? 0 : count;,128,
org/apache/commons/net/util/SubnetUtils.java,78,RelationalOperatorReplacement,if (countLong > Integer.MAX_VALUE) {,if (countLong <= Integer.MAX_VALUE) {,129,
org/apache/commons/net/util/SubnetUtils.java,260,NullifyInputVariable,private static int toInteger(final String address) {,private static int toInteger(final String address) { address = null;,25,
org/apache/commons/net/util/SubnetUtils.java,238,NullifyInputVariable,private static int matchAddress(final Matcher matcher) {,private static int matchAddress(final Matcher matcher) { matcher = null;,26,
org/apache/commons/net/util/SubnetUtils.java,181,NullifyInputVariable,public boolean isInRange(final String address) {,public boolean isInRange(final String address) { address = null;,27,
org/apache/commons/net/util/SubnetUtils.java,41,NullifyInputVariable,public int asInteger(final String address) {,public int asInteger(final String address) { address = null;,28,
org/apache/commons/net/util/TrustManagerUtils.java,93,NullifyInputVariable,public static X509TrustManager getDefaultTrustManager(final KeyStore keyStore) throws GeneralSecurityException {,public static X509TrustManager getDefaultTrustManager(final KeyStore keyStore) throws GeneralSecurityException { keyStore = null;,1,
org/apache/commons/net/util/TrustManagerUtils.java,52,NullifyInputVariable,"public void checkServerTrusted(final X509Certificate[] certificates, final String authType) throws CertificateException {","public void checkServerTrusted(final X509Certificate[] certificates, final String authType) throws CertificateException { authType = null;",2,
org/apache/commons/net/util/TrustManagerUtils.java,52,NullifyInputVariable,"public void checkServerTrusted(final X509Certificate[] certificates, final String authType) throws CertificateException {","public void checkServerTrusted(final X509Certificate[] certificates, final String authType) throws CertificateException { certificates = null;",3,
org/apache/commons/net/util/TrustManagerUtils.java,47,NullifyInputVariable,"public void checkClientTrusted(final X509Certificate[] certificates, final String authType) {","public void checkClientTrusted(final X509Certificate[] certificates, final String authType) { authType = null;",4,
org/apache/commons/net/util/TrustManagerUtils.java,47,NullifyInputVariable,"public void checkClientTrusted(final X509Certificate[] certificates, final String authType) {","public void checkClientTrusted(final X509Certificate[] certificates, final String authType) { certificates = null;",5,
org/apache/commons/net/whois/WhoisClient.java,85,NullifyInputVariable,public String query(final String handle) throws IOException {,public String query(final String handle) throws IOException { handle = null;,1,
org/apache/commons/net/whois/WhoisClient.java,73,NullifyInputVariable,public InputStream getInputStream(final String handle) throws IOException {,public InputStream getInputStream(final String handle) throws IOException { handle = null;,2,
